Frequency (Hz),Period (Day),Amplitude,Phase (radians)
0.0,,22.083337887067394,0.0
9.486945962355798e-08,122.0,2.6225489017262547,1.534833761753996
1.8973891924711596e-07,61.0,0.9104562992893206,1.858411014156973
2.8460837887067395e-07,40.666666666666664,0.15084935135315794,2.72458621829417
3.794778384942319e-07,30.5,0.9703876916385017,1.2188046713689007
4.743472981177899e-07,24.4,0.7677078392578336,2.1418199167357668
5.692167577413479e-07,20.333333333333332,0.4162887181215017,2.297424304773365
6.640862173649058e-07,17.42857142857143,0.34010803123162986,2.1452665610109305
7.589556769884638e-07,15.25,0.8354455803894756,2.0190855594144135
8.538251366120219e-07,13.555555555555555,0.7932595338433067,1.64313575980618
9.486945962355798e-07,12.2,0.39978293836793344,0.8726642417621138
1.0435640558591377e-06,11.090909090909092,0.2213875276499571,-0.15957198806358497
1.1384335154826958e-06,10.166666666666666,0.2786200578018396,1.3182058993561174
1.2333029751062537e-06,9.384615384615385,0.5033306096592558,2.248770500859134
1.3281724347298116e-06,8.714285714285715,0.09851858181427266,0.9960766313830475
1.4230418943533698e-06,8.133333333333333,0.1582069689299166,1.9786873139188184
1.5179113539769277e-06,7.625,0.4752047630273113,2.3484981249310257
1.6127808136004856e-06,7.176470588235295,0.5658136562103547,1.232620556293447
1.7076502732240437e-06,6.777777777777778,0.1386276225373603,2.038265023952408
1.8025197328476016e-06,6.421052631578948,0.14613007290543018,-0.12035943266944459
1.8973891924711595e-06,6.1,0.4202819902489186,1.0182678459113315
1.9922586520947177e-06,5.809523809523809,0.1361728493062592,0.7610576538691376
2.0871281117182754e-06,5.545454545454546,0.37905730176797175,2.282246711076461
2.1819975713418335e-06,5.304347826086957,0.218159208971372,0.730322656907865
2.2768670309653916e-06,5.083333333333333,0.13307873155496555,1.9328752245386658
2.3717364905889493e-06,4.880000000000001,0.20678460047323785,0.8128393265300023
2.4666059502125074e-06,4.6923076923076925,0.21854710898684301,1.9371818222595871
2.5614754098360656e-06,4.518518518518518,0.22677861062278967,1.0770048050906953
2.6563448694596233e-06,4.357142857142858,0.10393390423002394,1.6902466049303975
2.7512143290831814e-06,4.206896551724138,0.08275830186128573,1.6994347833807493
2.8460837887067395e-06,4.066666666666666,0.06305433497906798,1.579753866443241
2.9409532483302972e-06,3.935483870967742,0.21444699273375958,2.7230526730762046
3.0358227079538554e-06,3.8125,0.03939635149610217,2.218089561148698
3.1306921675774135e-06,3.6969696969696972,0.2445019606632669,0.8305111126203168
3.225561627200971e-06,3.5882352941176476,0.17744800466980817,3.065711427341052
3.3204310868245293e-06,3.485714285714286,0.09622906692062942,0.4973728679182979
3.4153005464480874e-06,3.388888888888889,0.19425409722698064,1.349985399791052
3.510170006071645e-06,3.2972972972972974,0.16034208946332362,0.9176511803953734
3.6050394656952033e-06,3.210526315789474,0.1183080619445667,1.0939088109323232
3.6999089253187614e-06,3.128205128205128,0.2220338020585118,1.1437126237629383
3.794778384942319e-06,3.05,0.15267748011340504,-1.2893337697343024
3.889647844565877e-06,2.9756097560975614,0.04026412733635126,2.0318097824202175
3.984517304189435e-06,2.9047619047619047,0.15929545441086154,1.5705798282623626
4.079386763812993e-06,2.8372093023255816,0.13619901678266783,0.3705135952177296
4.174256223436551e-06,2.772727272727273,0.17601383808667892,2.0557877048179227
4.269125683060109e-06,2.7111111111111112,0.0788224554393129,1.3787124632778962
4.363995142683667e-06,2.6521739130434785,0.043746065247340954,-2.7852251905691126
4.458864602307225e-06,2.5957446808510642,0.14055947993132165,1.1061830934983972
4.553734061930783e-06,2.5416666666666665,0.22375214532545457,1.4929738744001995
4.648603521554341e-06,2.489795918367347,0.11286482431639636,1.038702254872201
4.743472981177899e-06,2.4400000000000004,0.03891116191657497,-2.708289419552727
4.838342440801457e-06,2.392156862745098,0.10370293177484673,2.4441586085275895
4.933211900425015e-06,2.3461538461538463,0.09020262556760242,-1.7791955375931792
5.028081360048573e-06,2.3018867924528306,0.0707209184891295,0.8257613565618295
5.122950819672131e-06,2.259259259259259,0.13058147620779706,0.23031161958805627
5.217820279295689e-06,2.2181818181818183,0.15248952933297077,2.076106874773253
5.3126897389192465e-06,2.178571428571429,0.16526614883194576,1.0782253768550714
5.407559198542805e-06,2.1403508771929824,0.06237642159630957,-3.0598618625576397
5.502428658166363e-06,2.103448275862069,0.025182471711978318,2.672424810930197
5.5972981177899205e-06,2.067796610169492,0.08432197669686242,2.3601947982329095
5.692167577413479e-06,2.033333333333333,0.07110587817268352,1.0811864932973865
5.787037037037037e-06,2.0,0.122069900064766,1.0249240396840495
5.8819064966605945e-06,1.967741935483871,0.010185372446401946,2.3838461290453075
5.976775956284153e-06,1.9365079365079365,0.09318124018252842,2.1511062981218796
6.071645415907711e-06,1.90625,0.12878133791426935,1.3455108975248353
6.166514875531268e-06,1.8769230769230771,0.06483705415627303,0.41474944768388206
6.261384335154827e-06,1.8484848484848486,0.11123784764897708,-0.33898595370046947
6.356253794778385e-06,1.8208955223880599,0.10529246469483944,1.1597970733607434
6.451123254401942e-06,1.7941176470588238,0.16088114048145916,1.8653998271928593
6.545992714025501e-06,1.7681159420289856,0.1088973541684867,0.6961603999967378
6.640862173649059e-06,1.742857142857143,0.040558020161591116,2.3675616853631927
6.735731633272616e-06,1.7183098591549295,0.12808164073468054,-0.7962513994031344
6.830601092896175e-06,1.6944444444444444,0.1479709092516922,1.9464493391158495
6.9254705525197326e-06,1.6712328767123288,0.09713777845050206,1.0378988875475397
7.02034001214329e-06,1.6486486486486487,0.12692925665471746,-0.49749075644389795
7.115209471766849e-06,1.6266666666666667,0.049768896465714765,-1.520312917852981
7.2100789313904065e-06,1.605263157894737,0.03232906874166061,2.11708975393904
7.304948391013964e-06,1.5844155844155847,0.10506444383677539,1.7547025973707904
7.399817850637523e-06,1.564102564102564,0.06476546450502073,0.9292933602141331
7.4946873102610805e-06,1.5443037974683544,0.00792918866426146,1.3945369123047093
7.589556769884638e-06,1.525,0.08757830560689484,-0.8315132793213099
7.684426229508197e-06,1.5061728395061729,0.06252383982316109,-2.9214720563144465
7.779295689131754e-06,1.4878048780487807,0.10921493271838298,2.617876057710561
7.874165148755312e-06,1.4698795180722892,0.02140434643232056,-0.6254770564562907
7.96903460837887e-06,1.4523809523809523,0.1282622655297278,1.055793697138412
8.063904068002428e-06,1.435294117647059,0.06694097403549062,0.5442966883905528
8.158773527625986e-06,1.4186046511627908,0.08167195737363002,-0.09434206587331029
8.253642987249545e-06,1.4022988505747127,0.004847962476900007,0.2779716905243955
8.348512446873101e-06,1.3863636363636365,0.13617336333075816,-2.440595351784188
8.44338190649666e-06,1.3707865168539326,0.11020322194714363,2.3325795348969645
8.538251366120219e-06,1.3555555555555556,0.0817774374736666,2.7058955433310286
8.633120825743775e-06,1.3406593406593408,0.08197257748731153,-1.7551908561523648
8.727990285367334e-06,1.3260869565217392,0.14354487855084208,1.5951008861709077
8.822859744990893e-06,1.3118279569892473,0.034427405403669536,-0.9999099067297569
8.91772920461445e-06,1.2978723404255321,0.044703572094027276,1.8927864476754295
9.012598664238008e-06,1.2842105263157895,0.08439273176109446,2.00000322013249
9.107468123861566e-06,1.2708333333333333,0.03778007991056743,0.40666664596906493
9.202337583485123e-06,1.2577319587628868,0.13908933980909427,1.7681987088667122
9.297207043108682e-06,1.2448979591836735,0.025831990685384408,-0.6921246895571618
9.39207650273224e-06,1.2323232323232325,0.11767711814413247,2.180217005523428
9.486945962355797e-06,1.2200000000000002,0.03699724558756545,-0.06527657943763526
9.581815421979356e-06,1.2079207920792079,0.10582828988432957,1.0452696653938458
9.676684881602914e-06,1.196078431372549,0.07301408436092069,1.022608264386891
9.771554341226471e-06,1.1844660194174759,0.06943470542899323,-3.080819022236201
9.86642380085003e-06,1.1730769230769231,0.07902632665726031,1.005542830440369
9.961293260473588e-06,1.161904761904762,0.09350828189878535,0.9336877329484824
1.0056162720097145e-05,1.1509433962264153,0.038000717939611545,1.4131328294650742
1.0151032179720704e-05,1.1401869158878506,0.0885613210457105,1.9655964851113676
1.0245901639344262e-05,1.1296296296296295,0.03266967644068297,2.861996496726165
1.0340771098967819e-05,1.1192660550458717,0.02907855951755545,-0.19634575882436778
1.0435640558591378e-05,1.1090909090909091,0.09956069798946214,1.0182454660621534
1.0530510018214936e-05,1.099099099099099,0.07876229919144041,2.4808057186869896
1.0625379477838493e-05,1.0892857142857144,0.07094496313221786,1.2936356283602872
1.0720248937462052e-05,1.0796460176991152,0.1402427374176611,-0.8082647930797918
1.081511839708561e-05,1.0701754385964912,0.01727761916149705,1.7958419534599133
1.0909987856709167e-05,1.0608695652173914,0.03815176317043492,2.38327025332862
1.1004857316332726e-05,1.0517241379310345,0.023888697122516157,-1.0696427769270527
1.1099726775956284e-05,1.0427350427350426,0.06686918170933634,-1.3238986527149346
1.1194596235579841e-05,1.033898305084746,0.12851176240953807,2.393131755923801
1.12894656952034e-05,1.0252100840336136,0.0838978145910594,-3.086204222843623
1.1384335154826958e-05,1.0166666666666666,0.09548331317127873,2.4746577609257576
1.1479204614450515e-05,1.0082644628099173,0.06866087014466392,-2.9872004954808435
1.1574074074074073e-05,1.0,1.4603769902556913,2.3756678342079125
1.1668943533697632e-05,0.991869918699187,0.1276907512071585,0.7955329710310723
1.1763812993321189e-05,0.9838709677419355,0.1327447141731699,1.8200901709398654
1.1858682452944747e-05,0.9760000000000001,0.09473436072549901,0.8799560513546811
1.1953551912568306e-05,0.9682539682539683,0.12594300575619025,2.1558212662503102
1.2048421372191863e-05,0.9606299212598426,0.09150003226659588,-0.5272475791939731
1.2143290831815421e-05,0.953125,0.05791350468776206,-0.9322636172225215
1.223816029143898e-05,0.9457364341085271,0.03933744227959309,1.227929774983655
1.2333029751062537e-05,0.9384615384615386,0.0914198804198247,0.2923598237175907
1.2427899210686095e-05,0.9312977099236642,0.11169295886225863,-1.122037258591419
1.2522768670309654e-05,0.9242424242424243,0.03174723151598785,-2.7312938039957877
1.261763812993321e-05,0.9172932330827069,0.07457234757951092,1.7867618404296868
1.271250758955677e-05,0.9104477611940299,0.0826970659343075,2.8047203214648206
1.2807377049180328e-05,0.9037037037037037,0.042070470753407425,-0.2013058012535776
1.2902246508803885e-05,0.8970588235294119,0.09306164928072651,1.6290163440242753
1.2997115968427443e-05,0.8905109489051096,0.02292896127621503,2.0151757802608863
1.3091985428051002e-05,0.8840579710144928,0.02211649398358977,0.05233130412771436
1.3186854887674559e-05,0.8776978417266188,0.06318913031251407,-1.7032583328245599
1.3281724347298117e-05,0.8714285714285716,0.046082359055923235,2.1923753475838916
1.3376593806921676e-05,0.8652482269503545,0.12927211280302903,1.3965868942156725
1.3471463266545233e-05,0.8591549295774648,0.046183187109849234,-2.972573638518541
1.3566332726168791e-05,0.8531468531468531,0.02011954812147626,-1.284941652566374
1.366120218579235e-05,0.8472222222222222,0.08671632478060852,-0.529531159650596
1.3756071645415907e-05,0.8413793103448277,0.05491655847492947,1.8174332882892552
1.3850941105039465e-05,0.8356164383561644,0.022411067283075545,0.7158000443345428
1.3945810564663024e-05,0.8299319727891156,0.1107879942565909,2.6616949405184154
1.404068002428658e-05,0.8243243243243243,0.03299717180261585,0.9529320110796343
1.4135549483910139e-05,0.8187919463087248,0.02957388750255275,1.4847672313479643
1.4230418943533698e-05,0.8133333333333334,0.04992709930562755,0.9861767150706329
1.4325288403157254e-05,0.8079470198675497,0.016587566086470953,2.087174262789313
1.4420157862780813e-05,0.8026315789473685,0.03489544679625311,-3.0875904586817486
1.4515027322404372e-05,0.7973856209150327,0.06494167098112699,0.4824383716012247
1.4609896782027928e-05,0.7922077922077924,0.07856255123748031,1.6713273265630995
1.4704766241651487e-05,0.7870967741935485,0.07142397504730019,1.994835930596163
1.4799635701275046e-05,0.782051282051282,0.09202556117712665,0.4673040572541255
1.4894505160898602e-05,0.7770700636942676,0.008121785537896121,-1.5365757537250762
1.4989374620522161e-05,0.7721518987341772,0.019033130438762657,2.3370136320898878
1.508424408014572e-05,0.7672955974842767,0.01921155186180827,-1.3717342864137108
1.5179113539769276e-05,0.7625,0.04762507594385374,3.13258890652895
1.5273982999392833e-05,0.7577639751552796,0.04506016054642224,2.2797801597784653
1.5368852459016393e-05,0.7530864197530864,0.10603462887024426,1.2863932161520257
1.546372191863995e-05,0.7484662576687118,0.03862719035123153,0.8673910340005397
1.5558591378263507e-05,0.7439024390243903,0.02407316305980266,1.3546794203676271
1.5653460837887067e-05,0.7393939393939394,0.01740508036822203,-0.6588714551854675
1.5748330297510624e-05,0.7349397590361446,0.02616661218741095,0.5532840427072208
1.584319975713418e-05,0.7305389221556887,0.017285796259163683,-2.8243872632359763
1.593806921675774e-05,0.7261904761904762,0.07664268289375287,1.0769089659770428
1.6032938676381298e-05,0.7218934911242605,0.01529974066008387,0.9415087665576546
1.6127808136004855e-05,0.7176470588235295,0.04938065820518125,-1.2119762423965514
1.6222677595628415e-05,0.7134502923976608,0.041409103138763476,-2.4726783206901324
1.6317547055251972e-05,0.7093023255813954,0.035349052295853806,0.8192763052026434
1.641241651487553e-05,0.7052023121387284,0.07148740386166967,0.2614316106699816
1.650728597449909e-05,0.7011494252873564,0.066765601386413,1.0965221317864382
1.6602155434122646e-05,0.6971428571428572,0.05236653002523148,-2.754282480934221
1.6697024893746203e-05,0.6931818181818182,0.0630941707466534,2.7368689995653455
1.6791894353369763e-05,0.6892655367231638,0.024562158434749216,0.1136939312587381
1.688676381299332e-05,0.6853932584269663,0.03483062517195975,0.8558541630890808
1.6981633272616877e-05,0.6815642458100559,0.030398923896889165,-0.4768601374144813
1.7076502732240437e-05,0.6777777777777778,0.04267034510554761,-2.485312122476089
1.7171372191863994e-05,0.6740331491712708,0.021871173715478514,0.5672217613403976
1.726624165148755e-05,0.6703296703296704,0.03665206851113437,2.312015646705462
1.736111111111111e-05,0.6666666666666666,0.02043096420104192,-2.2196783440672174
1.7455980570734668e-05,0.6630434782608696,0.07244885747145892,1.9694460227899733
1.7550850030358225e-05,0.6594594594594596,0.032208636199719136,0.42569855355210745
1.7645719489981785e-05,0.6559139784946236,0.014058536425039715,-2.944865407303209
1.7740588949605342e-05,0.6524064171122995,0.03451542500804883,1.2111021407750566
1.78354584092289e-05,0.6489361702127661,0.06528873651533115,2.299796040551356
1.793032786885246e-05,0.6455026455026455,0.0024161877107235366,2.430000962914081
1.8025197328476016e-05,0.6421052631578947,0.030008835963465746,-0.3794552905707414
1.8120066788099573e-05,0.6387434554973823,0.004946585841391514,1.7252275696366828
1.8214936247723133e-05,0.6354166666666666,0.03850057998838752,-3.115353167710346
1.830980570734669e-05,0.6321243523316062,0.03938824708604177,1.7394731602864808
1.8404675166970247e-05,0.6288659793814434,0.015471955776187566,0.5199464597169605
1.8499544626593807e-05,0.6256410256410256,0.03527842507946895,-1.581972988849617
1.8594414086217364e-05,0.6224489795918368,0.035015914109928645,2.3791556861611385
1.868928354584092e-05,0.6192893401015229,0.062426576294627556,1.5061156384173577
1.878415300546448e-05,0.6161616161616162,0.035434888122074286,0.7051509727887578
1.8879022465088038e-05,0.6130653266331658,0.022252038688551502,-2.692045171273192
1.8973891924711595e-05,0.6100000000000001,0.06019615372281586,2.360515786256988
1.9068761384335155e-05,0.6069651741293532,0.04579063997827166,1.0230574839262687
1.916363084395871e-05,0.6039603960396039,0.041545424334784926,1.6800259024523745
1.925850030358227e-05,0.6009852216748769,0.010836019361684967,1.0018694689524907
1.935336976320583e-05,0.5980392156862745,0.03403500943633233,0.08994994086675172
1.9448239222829386e-05,0.5951219512195123,0.03311457644613442,2.1343588618732805
1.9543108682452942e-05,0.5922330097087379,0.01854151867112754,1.8909309089702542
1.9637978142076503e-05,0.5893719806763286,0.016653301250808234,1.002488129709896
1.973284760170006e-05,0.5865384615384616,0.03453279811661651,2.5622546032045945
1.9827717061323616e-05,0.583732057416268,0.015767289620952987,0.047808853440725656
1.9922586520947177e-05,0.580952380952381,0.03240657629913798,1.4921806979026024
2.0017455980570734e-05,0.5781990521327014,0.04145750949323241,-0.08474902311731924
2.011232544019429e-05,0.5754716981132076,0.05285249449192481,0.7714180356347327
2.020719489981785e-05,0.5727699530516431,0.04187578857799491,1.3324262264785007
2.0302064359441407e-05,0.5700934579439253,0.024022903939351966,-2.1674818153853312
2.0396933819064964e-05,0.5674418604651164,0.02094852101663298,3.0659363509903264
2.0491803278688525e-05,0.5648148148148148,0.009031247407410696,1.9553917265205476
2.058667273831208e-05,0.5622119815668203,0.005762281399506414,1.4397539058067461
2.0681542197935638e-05,0.5596330275229359,0.014737893106974565,2.4439215970126478
2.07764116575592e-05,0.5570776255707762,0.03173919517084943,-0.6434305758194513
2.0871281117182755e-05,0.5545454545454546,0.01679664283842273,1.1745765131283905
2.0966150576806312e-05,0.5520361990950227,0.026302891201211216,0.5042026589034
2.1061020036429872e-05,0.5495495495495495,0.03504334023503674,1.4753472414213893
2.115588949605343e-05,0.547085201793722,0.025739472515584914,2.4132311986598483
2.1250758955676986e-05,0.5446428571428572,0.02250199940907682,-2.2302062878801685
2.1345628415300546e-05,0.5422222222222223,0.025522205697687157,0.8629890422503087
2.1440497874924103e-05,0.5398230088495576,0.003930072969832084,0.27613464842793184
2.153536733454766e-05,0.5374449339207049,0.0224160256402133,-3.0835932349056914
2.163023679417122e-05,0.5350877192982456,0.00818375438110826,2.8996879397792314
2.1725106253794777e-05,0.5327510917030568,0.020862295721907037,0.2134282519651937
2.1819975713418334e-05,0.5304347826086957,0.02968133013253942,0.8699278535627858
2.1914845173041894e-05,0.5281385281385281,0.02206420798330497,1.7340270000949878
2.200971463266545e-05,0.5258620689655172,0.01787415964893512,0.31738825035726076
2.2104584092289008e-05,0.5236051502145923,0.013275032501063815,0.033521631549516664
2.2199453551912568e-05,0.5213675213675213,0.01990828057599481,-1.4328702200635124
2.2294323011536125e-05,0.5191489361702127,0.026308128194765797,2.718509677137979
2.2389192471159682e-05,0.516949152542373,0.03579459965259849,2.359793685849617
2.2484061930783242e-05,0.5147679324894515,0.03048552535159809,1.6308475495676054
2.25789313904068e-05,0.5126050420168068,0.020026810516818344,1.3457455567714416
2.2673800850030356e-05,0.5104602510460252,0.01854749518714898,0.6971297468682738
2.2768670309653916e-05,0.5083333333333333,0.036834096673067564,0.6505746127696334
2.2863539769277473e-05,0.5062240663900416,0.02749144662477014,0.28419265049010933
2.295840922890103e-05,0.5041322314049587,0.031690082613111965,0.18672176625547304
2.305327868852459e-05,0.5020576131687243,0.02762651959602571,1.0728374595375734
2.3148148148148147e-05,0.5,0.29771986946305223,-0.41121434999279227
2.3243017607771704e-05,0.4979591836734694,0.033227867382985735,-1.1675581299012836
2.3337887067395264e-05,0.4959349593495935,0.01778927480290583,-1.5343297397392057
2.343275652701882e-05,0.49392712550607293,0.03244657786933647,-3.1242097030478115
2.3527625986642378e-05,0.49193548387096775,0.01149185113154628,-1.6505633344942878
2.3622495446265938e-05,0.4899598393574297,0.0214998161890126,-2.8452459552518747
2.3717364905889495e-05,0.48800000000000004,0.034229927900121596,1.5925851029738058
2.3812234365513052e-05,0.48605577689243035,0.012512188685282,1.8476698690027025
2.3907103825136612e-05,0.48412698412698413,0.04221218511454938,-2.893818064457694
2.400197328476017e-05,0.48221343873517786,0.02377071354535569,2.4316479567292273
2.4096842744383726e-05,0.4803149606299213,0.015457389415326086,1.7304363780824934
2.4191712204007286e-05,0.47843137254901963,0.024503039583950694,1.6419055669775062
2.4286581663630843e-05,0.4765625,0.01671790175225935,1.2581775105133988
2.43814511232544e-05,0.47470817120622577,0.021405053536670108,1.8742375966723372
2.447632058287796e-05,0.4728682170542636,0.02188010139381594,-2.1045386714950816
2.4571190042501517e-05,0.47104247104247104,0.009152238508835448,3.0121350705882346
2.4666059502125074e-05,0.4692307692307693,0.024925920926701314,1.9784823560743574
2.4760928961748634e-05,0.4674329501915709,0.03512913071458709,1.6089740589267079
2.485579842137219e-05,0.4656488549618321,0.02097190664091282,2.825244432702605
2.4950667880995748e-05,0.4638783269961978,0.025143088346756007,-1.1217255850031773
2.5045537340619308e-05,0.46212121212121215,0.001109931384199775,2.554621837696747
2.5140406800242865e-05,0.4603773584905661,0.02677524292505537,1.362446018381967
2.523527625986642e-05,0.45864661654135347,0.022906437059554485,2.354823777144901
2.5330145719489982e-05,0.4569288389513108,0.020980031903061788,0.593638391491494
2.542501517911354e-05,0.45522388059701496,0.01482849181991777,-2.176926071674891
2.5519884638737095e-05,0.45353159851301117,0.0212249071359697,-0.07509523480438886
2.5614754098360656e-05,0.45185185185185184,0.010570343140950145,-0.5559999309830856
2.5709623557984213e-05,0.4501845018450184,0.024590159532447427,1.6227818096453563
2.580449301760777e-05,0.44852941176470595,0.018260311797670892,2.8293476261174355
2.589936247723133e-05,0.4468864468864469,0.015162532928905455,2.650027640654461
2.5994231936854887e-05,0.4452554744525548,0.01720824007043459,1.1570333973724782
2.6089101396478443e-05,0.4436363636363637,0.00833582113613869,2.862211964299187
2.6183970856102004e-05,0.4420289855072464,0.011052596070861,-1.1117626521238182
2.627884031572556e-05,0.4404332129963899,0.012698041176378669,2.1133983255029944
2.6373709775349117e-05,0.4388489208633094,0.012728067746987171,2.8760074381108645
2.6468579234972678e-05,0.43727598566308246,0.019910849200618898,1.0118887921139663
2.6563448694596234e-05,0.4357142857142858,0.0034148261153441337,-0.3767840002199998
2.665831815421979e-05,0.43416370106761565,0.029127936228279236,1.9305786628695196
2.675318761384335e-05,0.43262411347517726,0.018239364309138133,0.7177719371586984
2.684805707346691e-05,0.43109540636042404,0.011172045812141405,0.05514313738969758
2.6942926533090465e-05,0.4295774647887324,0.012121907286461769,2.592211193296433
2.7037795992714025e-05,0.42807017543859655,0.01709056054118355,2.596248848239933
2.7132665452337582e-05,0.42657342657342656,0.01515408631984405,-3.0105226603021076
2.722753491196114e-05,0.42508710801393734,0.01641532615111577,1.3189822904302884
2.73224043715847e-05,0.4236111111111111,0.006102542172725808,-2.845656717310561
2.7417273831208256e-05,0.4221453287197232,0.008849993548914081,0.6733035700169655
2.7512143290831813e-05,0.42068965517241386,0.01437463039706342,-1.5824002394951018
2.7607012750455373e-05,0.41924398625429554,0.014570787361859964,1.7980580243168847
2.770188221007893e-05,0.4178082191780822,0.016980256791302075,1.656251367360752
2.7796751669702487e-05,0.416382252559727,0.01812856686833256,1.6384895676207627
2.7891621129326047e-05,0.4149659863945578,0.004358683667755635,2.660696533619398
2.7986490588949604e-05,0.41355932203389834,0.03810016527579206,2.6838056600016524
2.808136004857316e-05,0.41216216216216217,0.017771927593053814,-2.8435620567331723
2.817622950819672e-05,0.41077441077441074,0.020866460525403186,1.1622870511787489
2.8271098967820278e-05,0.4093959731543624,0.0049023778874826215,0.49165126653395214
2.8365968427443835e-05,0.40802675585284287,0.024170466901529693,2.3208470538812933
2.8460837887067395e-05,0.4066666666666667,0.003265140844387866,-3.0431545679930654
2.8555707346690952e-05,0.40531561461794025,0.02538997423226717,1.9446579279172571
2.865057680631451e-05,0.40397350993377484,0.019824442721542112,0.35317694450258336
2.874544626593807e-05,0.4026402640264027,0.00947590843217943,2.0926972251387252
2.8840315725561626e-05,0.40131578947368424,0.01080402728275081,-0.23729500579577323
2.8935185185185183e-05,0.4,0.027154869733707565,1.1005456707357042
2.9030054644808743e-05,0.39869281045751637,0.026813065299472104,-0.7980265749024752
2.91249241044323e-05,0.3973941368078176,0.02100363931799511,2.207481221151065
2.9219793564055857e-05,0.3961038961038962,0.01695828068544205,1.193991703378425
2.9314663023679417e-05,0.39482200647249194,0.032300762690474334,1.967011695496145
2.9409532483302974e-05,0.39354838709677425,0.02382104155130894,-0.3319414860808315
2.950440194292653e-05,0.39228295819935693,0.011314615140470278,1.145530945589175
2.959927140255009e-05,0.391025641025641,0.011295194116380644,1.6776595328121244
2.9694140862173648e-05,0.389776357827476,0.025092595358199583,1.6299153583300448
2.9789010321797205e-05,0.3885350318471338,0.028870260635768242,0.20381009496586522
2.9883879781420765e-05,0.3873015873015873,0.019220406637820854,1.963442909393043
2.9978749241044322e-05,0.3860759493670886,0.008789410496195338,1.6171763322138284
3.007361870066788e-05,0.38485804416403785,0.015496455652525038,2.2806758928888766
3.016848816029144e-05,0.38364779874213834,0.00837526937709062,-0.14028567297447556
3.0263357619914996e-05,0.3824451410658308,0.003819802388411991,-2.6957400487826884
3.0358227079538553e-05,0.38125,0.00435920419810691,1.7309203922093592
3.0453096539162113e-05,0.3800623052959502,0.014355327989018438,1.6448320446341849
3.0547965998785666e-05,0.3788819875776398,0.0205542323254247,-0.04905346063559458
3.064283545840923e-05,0.37770897832817335,0.024814353872289974,2.5691209826196233
3.073770491803279e-05,0.3765432098765432,0.00601384720625739,-1.2233916506913982
3.0832574377656344e-05,0.37538461538461537,0.01282138584134703,1.9314252397803893
3.09274438372799e-05,0.3742331288343559,0.012655096787866369,0.9605530584180282
3.102231329690346e-05,0.3730886850152905,0.010150825072813629,-0.6863284439632088
3.1117182756527014e-05,0.3719512195121952,0.002642013964374423,-2.8278849162000776
3.121205221615058e-05,0.3708206686930091,0.024382495656795917,2.449114429516816
3.1306921675774135e-05,0.3696969696969697,0.016061881376131102,0.5698166375745608
3.140179113539769e-05,0.36858006042296076,0.014255004968228022,1.8885577012577777
3.149666059502125e-05,0.3674698795180723,0.02397100051410866,0.8520677510392127
3.1591530054644805e-05,0.3663663663663664,0.02515361507352796,2.030236305473287
3.168639951426836e-05,0.36526946107784436,0.00351603559953239,-2.6016245046982167
3.1781268973891926e-05,0.3641791044776119,0.014749171422576306,1.6096939778599795
3.187613843351548e-05,0.3630952380952381,0.020180262861010052,-0.3810876796946392
3.197100789313904e-05,0.3620178041543027,0.004856133633084557,0.7306886770749487
3.2065877352762596e-05,0.36094674556213024,0.019793885971277285,1.4072065722032898
3.216074681238615e-05,0.3598820058997051,0.019660049143202296,2.067981936709709
3.225561627200971e-05,0.35882352941176476,0.017883134055723872,0.9721980329783276
3.2350485731633274e-05,0.35777126099706746,0.010059570585083251,-0.29146339445800473
3.244535519125683e-05,0.3567251461988304,0.01994296111629946,1.8251765151925845
3.254022465088039e-05,0.3556851311953353,0.010307536006200924,3.006865551996796
3.2635094110503944e-05,0.3546511627906977,0.011172257123679995,2.8317761201007423
3.27299635701275e-05,0.35362318840579715,0.002628694313391957,-2.636781078137882
3.282483302975106e-05,0.3526011560693642,0.017029354407699555,1.2871034600627786
3.291970248937462e-05,0.3515850144092219,0.02100077144810956,2.4050368317864645
3.301457194899818e-05,0.3505747126436782,0.017293485442427207,2.2160618802108902
3.3109441408621735e-05,0.34957020057306587,0.007004956338888547,3.082213931659418
3.320431086824529e-05,0.3485714285714286,0.016302341377847935,2.247393067099865
3.329918032786885e-05,0.3475783475783476,0.006609941999450561,2.301823652520122
3.3394049787492406e-05,0.3465909090909091,0.01627273029930336,0.951475765163464
3.348891924711597e-05,0.34560906515580736,0.01375790113733353,2.3898443021763227
3.3583788706739526e-05,0.3446327683615819,0.0010418227872920154,-1.119676894278925
3.367865816636308e-05,0.3436619718309859,0.005548188860819053,0.40000767283620675
3.377352762598664e-05,0.34269662921348315,0.011524596186412049,1.9373103354352479
3.38683970856102e-05,0.3417366946778712,0.020883535291620618,1.9403590114618119
3.3963266545233754e-05,0.34078212290502796,0.01264198264719308,1.8442230700114075
3.405813600485732e-05,0.33983286908078,0.01597280527835838,-0.44055660125410195
3.4153005464480874e-05,0.3388888888888889,0.009905173575893118,0.8781069284079629
3.424787492410443e-05,0.3379501385041552,0.012035103874200257,1.1018655174965857
3.434274438372799e-05,0.3370165745856354,0.007324628799312553,1.4175189783032947
3.4437613843351545e-05,0.33608815426997246,0.012253374940890955,1.2841747420733638
3.45324833029751e-05,0.3351648351648352,0.011933419802394112,-2.7853529556387993
3.4627352762598665e-05,0.3342465753424657,0.006121859828497576,-2.0238271259415836
3.472222222222222e-05,0.3333333333333333,0.05589237689458455,-0.9078368999971561
3.481709168184578e-05,0.33242506811989103,0.014397723076127583,2.3005349365884364
3.4911961141469336e-05,0.3315217391304348,0.01702999710380962,2.608470379827238
3.500683060109289e-05,0.33062330623306235,0.011621145694692917,1.1435261236610104
3.510170006071645e-05,0.3297297297297298,0.01866925311992677,0.9602444252528789
3.519656952034001e-05,0.3288409703504043,0.01610835472837502,1.662301379812273
3.529143897996357e-05,0.3279569892473118,0.014984989064134703,1.807866625202873
3.538630843958713e-05,0.32707774798927614,0.012253494378865264,1.8646489916628919
3.5481177899210684e-05,0.32620320855614976,0.011638882287115765,2.1074139883031746
3.557604735883424e-05,0.32533333333333336,0.0260245487181537,1.572676235583893
3.56709168184578e-05,0.32446808510638303,0.016664654673405953,1.455120161854729
3.576578627808136e-05,0.3236074270557029,0.006779772764008118,2.715489720455898
3.586065573770492e-05,0.32275132275132273,0.012461340053866527,0.8309888924117446
3.5955525197328475e-05,0.3218997361477573,0.011037197273472524,-0.12146948355598942
3.605039465695203e-05,0.32105263157894737,0.025209144431328104,0.39446537299614837
3.614526411657559e-05,0.32020997375328086,0.01834593339631938,1.3761177816157146
3.6240133576199145e-05,0.31937172774869116,0.010116208962745952,1.656290562316829
3.633500303582271e-05,0.3185378590078329,0.009804616745682643,2.2416311424869466
3.6429872495446266e-05,0.3177083333333333,0.022759121746830747,1.2057845078794263
3.652474195506982e-05,0.3168831168831169,0.01676437592641539,1.7910481872498467
3.661961141469338e-05,0.3160621761658031,0.01931564808425579,1.5591147588742116
3.6714480874316936e-05,0.31524547803617575,0.013117627490771163,0.20262207796640255
3.680935033394049e-05,0.3144329896907217,0.01224619977051481,2.4710795907404557
3.690421979356406e-05,0.31362467866323906,0.017419287633216922,0.3890793853216014
3.6999089253187614e-05,0.3128205128205128,0.011233735995598716,1.478783094246559
3.709395871281117e-05,0.31202046035805625,0.021190637305404138,0.7881418734829054
3.718882817243473e-05,0.3112244897959184,0.02179950328752389,2.70950505436577
3.7283697632058284e-05,0.31043256997455476,0.007766751919545746,2.1190301850202795
3.737856709168184e-05,0.30964467005076146,0.0074815658290001835,2.0628753312140753
3.7473436551305405e-05,0.3088607594936709,0.023776340842617445,1.0403314528623868
3.756830601092896e-05,0.3080808080808081,0.010719154025996406,0.9982760531968339
3.766317547055252e-05,0.30730478589420657,0.006119867673501994,1.7813060482941507
3.7758044930176075e-05,0.3065326633165829,0.005492219300805437,2.9885005290420033
3.785291438979963e-05,0.30576441102756896,0.010447297943821652,0.5972154362114699
3.794778384942319e-05,0.30500000000000005,0.0032680149489244617,1.0019216937188065
3.804265330904675e-05,0.30423940149625933,0.02349564035560527,2.441868452986405
3.813752276867031e-05,0.3034825870646766,0.017961579906386534,1.7185269150860352
3.8232392228293866e-05,0.3027295285359802,0.010173617487209399,1.9778243052702962
3.832726168791742e-05,0.30198019801980197,0.015935161095619023,1.4241769369304613
3.842213114754098e-05,0.3012345679012346,0.013688873759815754,1.7688184477367461
3.851700060716454e-05,0.30049261083743845,0.01598524443677509,-0.009726223242851429
3.86118700667881e-05,0.29975429975429974,0.006641921730131697,0.5009029960570197
3.870673952641166e-05,0.29901960784313725,0.005217355747939244,-0.426256340784275
3.8801608986035214e-05,0.2982885085574572,0.01362054136532341,-0.7777818587811379
3.889647844565877e-05,0.29756097560975614,0.014982038367354492,1.8298145997399862
3.899134790528233e-05,0.29683698296836986,0.016732094906563046,1.877289026594489
3.9086217364905885e-05,0.29611650485436897,0.010398630960844523,2.4120985594452495
3.918108682452945e-05,0.29539951573849876,0.018120038311502225,0.8324186278023985
3.9275956284153005e-05,0.2946859903381643,0.018500450532024964,1.473474855143702
3.937082574377656e-05,0.29397590361445786,0.019060342632234942,1.0965745488086114
3.946569520340012e-05,0.2932692307692308,0.005515823475753113,0.15060364089978137
3.9560564663023676e-05,0.29256594724220625,0.005735978275855909,0.5137758553384613
3.965543412264723e-05,0.291866028708134,0.0038333013485892897,1.0288061711737868
3.9750303582270796e-05,0.2911694510739857,0.007613902928733485,1.162687514346438
3.984517304189435e-05,0.2904761904761905,0.0067797334111702945,0.8326755537145899
3.994004250151791e-05,0.28978622327790976,0.017272752930459802,1.654687536445902
4.003491196114147e-05,0.2890995260663507,0.009099374612655978,2.297901850165591
4.0129781420765024e-05,0.28841607565011823,0.01645217760016992,1.7527185728842256
4.022465088038858e-05,0.2877358490566038,0.015237999937940143,1.4114599004425292
4.0319520340012144e-05,0.28705882352941176,0.00681076559459059,1.6759172178824828
4.04143897996357e-05,0.28638497652582157,0.0019002100732009406,0.41208613624636226
4.050925925925926e-05,0.2857142857142857,0.018614541798516137,2.6522345912794383
4.0604128718882815e-05,0.28504672897196265,0.01004187595966879,2.3414632261176043
4.069899817850637e-05,0.2843822843822844,0.00910288786877266,1.3023487293055926
4.079386763812993e-05,0.2837209302325582,0.011891900850450842,1.3475712183860544
4.088873709775349e-05,0.28306264501160094,0.009597847914224992,2.642487017121923
4.098360655737705e-05,0.2824074074074074,0.013294853510222367,1.18470687009134
4.1078476017000606e-05,0.2817551963048499,0.009925295861428355,-0.5945509044516396
4.117334547662416e-05,0.28110599078341014,0.012669019618137963,1.1222853277104246
4.126821493624772e-05,0.28045977011494255,0.006867042682596384,3.099995255101126
4.1363084395871277e-05,0.27981651376146793,0.00915318985987355,2.0779642509187526
4.145795385549484e-05,0.2791762013729977,0.0028897038820894024,0.47173841988140697
4.15528233151184e-05,0.2785388127853881,0.012350396412476039,1.366997134841128
4.1647692774741954e-05,0.27790432801822323,0.003101725230392688,-0.4468012022130231
4.174256223436551e-05,0.2772727272727273,0.012071438473151213,1.6661532756181185
4.183743169398907e-05,0.2766439909297052,0.014926990954007848,0.6757351980891382
4.1932301153612624e-05,0.27601809954751133,0.0062919639234389705,0.5951554181819445
4.202717061323619e-05,0.27539503386004516,0.015353458351737558,0.9287373403613116
4.2122040072859745e-05,0.27477477477477474,0.007092358011616525,1.516025951797021
4.22169095324833e-05,0.27415730337078653,0.013747350902215011,1.982962516401053
4.231177899210686e-05,0.273542600896861,0.005517865612816973,3.05146374051018
4.2406648451730416e-05,0.27293064876957496,0.011316733142156608,-2.803120275645761
4.250151791135397e-05,0.2723214285714286,0.008834447409741106,1.5047434691039243
4.2596387370977536e-05,0.2717149220489978,0.020508679855465714,1.6246551675681753
4.269125683060109e-05,0.27111111111111114,0.01827908874627839,1.6601104157728261
4.278612629022465e-05,0.270509977827051,0.006804120644003807,-0.757678573691565
4.2880995749848207e-05,0.2699115044247788,0.010049943990706307,0.5268450577721521
4.2975865209471763e-05,0.2693156732891832,0.004703429042966932,2.992584649651298
4.307073466909532e-05,0.26872246696035246,0.004595104255708415,1.892444297976852
4.3165604128718884e-05,0.2681318681318681,0.002606986425733797,1.1705681075540713
4.326047358834244e-05,0.2675438596491228,0.012208187675170304,2.0964377042138187
4.3355343047966e-05,0.26695842450765866,0.002427481233866568,2.7720711618682907
4.3450212507589554e-05,0.2663755458515284,0.019955703887512475,1.9901827536644878
4.354508196721311e-05,0.2657952069716776,0.013403724777340456,2.3344667954281
4.363995142683667e-05,0.26521739130434785,0.010265490937770518,1.419689529622264
4.373482088646023e-05,0.2646420824295011,0.004396787361351353,-0.6811807529249773
4.382969034608379e-05,0.26406926406926406,0.006988650427278476,0.8140836484133511
4.3924559805707346e-05,0.2634989200863931,0.005949430271115125,1.8100330254565333
4.40194292653309e-05,0.2629310344827586,0.016357240147435972,2.744344208297826
4.411429872495446e-05,0.2623655913978495,0.015126624392687412,1.6825857518874292
4.4209168184578016e-05,0.26180257510729615,0.0121154566892681,0.6955129986961563
4.430403764420158e-05,0.26124197002141325,0.009187606997473776,0.3328260281002704
4.4398907103825137e-05,0.26068376068376065,0.015531138877912172,2.0081944546021875
4.4493776563448693e-05,0.2601279317697228,0.008916600700341025,1.533018064847936
4.458864602307225e-05,0.25957446808510637,0.0046491465015865785,2.0596777366185344
4.468351548269581e-05,0.2590233545647559,0.019615240474225075,0.7428448145746329
4.4778384942319364e-05,0.2584745762711865,0.0057990387372412544,2.466139585315885
4.487325440194293e-05,0.25792811839323465,0.013707689139461752,1.821542649418713
4.4968123861566484e-05,0.25738396624472576,0.014247080207975707,2.3268247151361408
4.506299332119004e-05,0.2568421052631579,0.008233320451238486,0.8215430724493555
4.51578627808136e-05,0.2563025210084034,0.006608467637491986,-1.604774148103539
4.5252732240437155e-05,0.2557651991614256,0.007111474069696087,1.0235737015166002
4.534760170006071e-05,0.2552301255230126,0.010915688958645574,1.3842766108551783
4.5442471159684276e-05,0.25469728601252606,0.012064698980693827,0.6552233044417954
4.553734061930783e-05,0.25416666666666665,0.0036772756078217008,1.0477039772632937
4.563221007893139e-05,0.25363825363825365,0.011964267958934096,3.0088637843121835
4.5727079538554946e-05,0.2531120331950208,0.007839225794510222,2.52233334263963
4.58219489981785e-05,0.25258799171842655,0.0105770678030183,1.8110481864746792
4.591681845780206e-05,0.25206611570247933,0.012784764803448876,2.912314294981897
4.6011687917425623e-05,0.2515463917525773,0.008172358619790666,1.0091040742474209
4.610655737704918e-05,0.25102880658436216,0.0132050639755071,1.7728427553770911
4.620142683667274e-05,0.25051334702258726,0.010957840111415403,2.1231388324848934
4.6296296296296294e-05,0.25,0.040959585082511595,2.685140125006572
4.639116575591985e-05,0.24948875255623723,0.014902725916755089,1.3437758153125192
4.648603521554341e-05,0.2489795918367347,0.0004997996847550321,-2.9616345794269052
4.658090467516697e-05,0.24847250509164967,0.014832798795851346,0.5619940240981657
4.667577413479053e-05,0.24796747967479674,0.0014603241393154125,2.7327916319885466
4.6770643594414085e-05,0.24746450304259637,0.012214019102964246,0.913549174412524
4.686551305403764e-05,0.24696356275303646,0.014685245393920956,1.4679415376174394
4.69603825136612e-05,0.24646464646464647,0.0051939148472631485,0.3697955014388461
4.7055251973284756e-05,0.24596774193548387,0.011186036885465673,0.6226828542089136
4.715012143290832e-05,0.24547283702213277,0.00273168129341967,2.0047949262334472
4.7244990892531876e-05,0.24497991967871485,0.010507977771996411,2.246695586531592
4.733986035215543e-05,0.24448897795591182,0.0017334687374329243,-1.4963263578273347
4.743472981177899e-05,0.24400000000000002,0.010824718333285428,2.9914440987422446
4.752959927140255e-05,0.24351297405189623,0.008675883798122752,2.194079005101303
4.7624468731026104e-05,0.24302788844621517,0.007748294753382463,2.085462173534031
4.771933819064967e-05,0.24254473161033796,0.008777426978830449,0.3283055152786418
4.7814207650273224e-05,0.24206349206349206,0.005392590177454062,-0.7049969894378553
4.790907710989678e-05,0.2415841584158416,0.010822929266861663,0.7925271932874628
4.800394656952034e-05,0.24110671936758893,0.004375850983197098,0.763294203772203
4.8098816029143895e-05,0.24063116370808682,0.01458165078613122,0.9384243592798746
4.819368548876745e-05,0.24015748031496065,0.0060359050370422055,1.4898740453693355
4.8288554948391015e-05,0.23968565815324164,0.008611808272499187,2.6948306495775327
4.838342440801457e-05,0.23921568627450981,0.0022652252818685078,0.09658701139673542
4.847829386763813e-05,0.23874755381604695,0.007524633314888681,0.8384130624972134
4.8573163327261686e-05,0.23828125,0.01443618517974991,2.038520474224573
4.866803278688524e-05,0.23781676413255362,0.0008496131401334598,-2.5160566988051847
4.87629022465088e-05,0.23735408560311289,0.008699715126661504,0.3636426616061897
4.8857771706132356e-05,0.23689320388349516,0.009971100340628166,-0.6455033979589204
4.895264116575592e-05,0.2364341085271318,0.014505861470192082,1.020834326168097
4.904751062537948e-05,0.23597678916827855,0.004615052814603861,0.8692020900098422
4.9142380085003034e-05,0.23552123552123552,0.0033369720582704376,2.524973596410951
4.923724954462659e-05,0.23506743737957614,0.009945422956558474,0.945030525335659
4.933211900425015e-05,0.23461538461538464,0.008832268668950899,2.263110406462248
4.9426988463873704e-05,0.2341650671785029,0.006967913692597589,2.07531783291405
4.952185792349727e-05,0.23371647509578544,0.009966281875351401,2.8178447421340604
4.9616727383120825e-05,0.2332695984703633,0.005252526341752181,-1.8666125254458628
4.971159684274438e-05,0.23282442748091606,0.0008401158031601378,-0.48195798064298895
4.980646630236794e-05,0.23238095238095238,0.009377213839408389,0.34776401893950204
4.9901335761991495e-05,0.2319391634980989,0.00979806966261483,-1.9727005777793276
4.999620522161505e-05,0.23149905123339662,0.013360528465784905,1.450569537203537
5.0091074681238616e-05,0.23106060606060608,0.00860411383916091,2.3459165407114297
5.018594414086217e-05,0.23062381852551986,0.009190389023911758,1.7099350081106894
5.028081360048573e-05,0.23018867924528305,0.0057722386973874254,1.2480110538606588
5.0375683060109286e-05,0.22975517890772126,0.012831448384271676,1.3323085016993184
5.047055251973284e-05,0.22932330827067673,0.0018759345363778324,1.5218822296165957
5.05654219793564e-05,0.22889305816135086,0.003051982847147672,0.0912207747292794
5.0660291438979964e-05,0.2284644194756554,0.009895613870389503,1.7834698551558117
5.075516089860352e-05,0.2280373831775701,0.0090081416757664,1.6853266596054566
5.085003035822708e-05,0.22761194029850748,0.000949187042332792,-2.561232576599844
5.0944899817850634e-05,0.2271880819366853,0.0036719653250402223,2.340800897351828
5.103976927747419e-05,0.22676579925650558,0.006455421622836743,2.610252865094918
5.113463873709775e-05,0.22634508348794063,0.009587666606308519,1.3150737436258821
5.122950819672131e-05,0.22592592592592592,0.011189785910061666,0.9405308088544363
5.132437765634487e-05,0.2255083179297597,0.0121220204703392,1.870690677736816
5.1419247115968425e-05,0.2250922509225092,0.0024663468761070314,1.4972527772534614
5.151411657559198e-05,0.22467771639042358,0.006928883745811471,-2.6282040969184464
5.160898603521554e-05,0.22426470588235298,0.006381798546062014,0.2675595562416134
5.1703855494839096e-05,0.22385321100917432,0.008168063318313086,1.249677265955353
5.179872495446266e-05,0.22344322344322345,0.006343280354746285,2.6046561482771464
5.1893594414086216e-05,0.2230347349177331,0.0037763135322169622,1.688876306998627
5.198846387370977e-05,0.2226277372262774,0.010886327903698251,1.4278041837374622
5.208333333333333e-05,0.2222222222222222,0.011707474940856262,0.8087683547950831
5.217820279295689e-05,0.22181818181818186,0.0044612222450190735,-0.6085580993401355
5.2273072252580444e-05,0.22141560798548096,0.006982245724887105,-3.044774895418307
5.236794171220401e-05,0.2210144927536232,0.0037885629869719582,-1.4742705583475078
5.2462811171827564e-05,0.22061482820976494,0.0031560751446898286,0.5155671053623271
5.255768063145112e-05,0.22021660649819494,0.004790137953279549,2.0441499759271307
5.265255009107468e-05,0.21981981981981982,0.011643792058031259,1.9626026949803619
5.2747419550698235e-05,0.2194244604316547,0.008353526144278162,1.7086720992615225
5.284228901032179e-05,0.2190305206463196,0.0065464633216060645,1.1888965334042274
5.2937158469945355e-05,0.21863799283154123,0.0105090541546078,1.4801983924661257
5.303202792956891e-05,0.2182468694096601,0.004135711613706412,1.0999148920379047
5.312689738919247e-05,0.2178571428571429,0.004481692205770835,2.1857821694848414
5.3221766848816026e-05,0.21746880570409985,0.009208413279036279,1.663003393968608
5.331663630843958e-05,0.21708185053380782,0.006780544170184922,0.34492492247425627
5.341150576806314e-05,0.21669626998223804,0.010107109385111732,2.0617387480366443
5.35063752276867e-05,0.21631205673758863,0.00707644207210771,1.753004717912529
5.360124468731026e-05,0.215929203539823,0.004968226640456051,2.142643063702515
5.369611414693382e-05,0.21554770318021202,0.00898616946315846,1.6313941410387685
5.3790983606557374e-05,0.21516754850088185,0.0028895559820685764,-0.19812918816899583
5.388585306618093e-05,0.2147887323943662,0.011418948483043631,0.9323461643694857
5.398072252580449e-05,0.21441124780316348,0.008694614648965268,1.435642365658635
5.407559198542805e-05,0.21403508771929827,0.008727464118212208,2.5367120619093697
5.417046144505161e-05,0.21366024518388793,0.0018709515037614568,0.849212879442726
5.4265330904675165e-05,0.21328671328671328,0.008322859404588472,-1.7262914700362333
5.436020036429872e-05,0.2129144851657941,0.0051207251789472325,1.5747732534152796
5.445506982392228e-05,0.21254355400696867,0.0024856789092080355,2.911395193061272
5.4549939283545835e-05,0.2121739130434783,0.006729172958628049,0.9319319981737468
5.46448087431694e-05,0.21180555555555555,0.009820304227154141,0.44189751345503403
5.4739678202792956e-05,0.21143847487001735,0.0033604389626347157,0.7508542439952389
5.483454766241651e-05,0.2110726643598616,0.00919050103649818,0.25941821963397066
5.492941712204007e-05,0.21070811744386875,0.011181016282226676,1.6887694345603075
5.5024286581663626e-05,0.21034482758620693,0.010886633933910657,0.4213792043371182
5.511915604128718e-05,0.20998278829604133,0.0058193349744318605,-0.8884704950812191
5.521402550091075e-05,0.20962199312714777,0.002197579516385851,1.8200944565490118
5.5308894960534304e-05,0.20926243567753003,0.0042599983746014446,2.2002057566309543
5.540376442015786e-05,0.2089041095890411,0.009327365849057113,0.824997487540211
5.549863387978142e-05,0.20854700854700856,0.010162075987514415,1.8123469448090002
5.5593503339404974e-05,0.2081911262798635,0.004402252500019216,0.46659200597604406
5.568837279902853e-05,0.20783645655877345,0.002349461147842302,-1.2873337007752748
5.5783242258652095e-05,0.2074829931972789,0.0062108561274339434,1.5296127057055684
5.587811171827565e-05,0.2071307300509338,0.009194845668794452,1.9675533305960355
5.597298117789921e-05,0.20677966101694917,0.006558171791214957,0.8409536007922933
5.6067850637522765e-05,0.20642978003384096,0.0023983506531620796,-2.060648743263163
5.616272009714632e-05,0.20608108108108109,0.005415700342467946,0.5457807335301957
5.625758955676988e-05,0.20573355817875214,0.009330059704866875,2.203727889705157
5.635245901639344e-05,0.20538720538720537,0.0091581527361392,2.7518726004141074
5.6447328476017e-05,0.20504201680672268,0.005263070305728894,0.29500586484844626
5.6542197935640556e-05,0.2046979865771812,0.0028059417317103106,-2.9429817464661827
5.663706739526411e-05,0.20435510887772196,0.0013852688619717867,0.8701156997084063
5.673193685488767e-05,0.20401337792642144,0.004774960096246145,0.9050004992519747
5.682680631451123e-05,0.20367278797996666,0.005433234722214745,2.344012281825027
5.692167577413479e-05,0.20333333333333334,0.004029706711626775,1.2062471275116968
5.701654523375835e-05,0.20299500831946754,0.005459638745956265,0.8810143990063624
5.7111414693381904e-05,0.20265780730897012,0.011322384278366043,0.5629260032117123
5.720628415300546e-05,0.2023217247097844,0.008137863007950072,0.8807806252181897
5.730115361262902e-05,0.20198675496688742,0.013696547384349157,0.49501597159635796
5.7396023072252575e-05,0.20165289256198352,0.0012381100224850533,2.424810313929984
5.749089253187614e-05,0.20132013201320134,0.013337092630933233,1.6623224797838299
5.7585761991499695e-05,0.20098846787479407,0.004052848745336436,0.34632726064372515
5.768063145112325e-05,0.20065789473684212,0.002905776232676152,1.2035999656303833
5.777550091074681e-05,0.20032840722495895,0.008990731685662641,1.1338756077518772
5.7870370370370366e-05,0.2,0.020657636501987313,2.0271342609593352
5.796523982999392e-05,0.19967266775777417,0.004619438417186561,-0.6070938509030804
5.8060109289617486e-05,0.19934640522875818,0.007704234306380976,1.543836005142085
5.815497874924104e-05,0.19902120717781402,0.009253228803362344,1.5722193013795633
5.82498482088646e-05,0.1986970684039088,0.011701781590035308,2.6320529558647174
5.834471766848816e-05,0.19837398373983742,0.003845934550825176,-0.8562406454867036
5.8439587128111714e-05,0.1980519480519481,0.012371384651652727,2.2153179767203133
5.853445658773527e-05,0.19773095623987033,0.010767998523858388,1.53494025495999
5.8629326047358834e-05,0.19741100323624597,0.0053361675245747475,2.5260226822543292
5.872419550698239e-05,0.19709208400646203,0.0035562455580982993,0.5248542824598701
5.881906496660595e-05,0.19677419354838713,0.0005328223214710283,-1.8456455679922212
5.8913934426229505e-05,0.19645732689210949,0.008004968815559359,1.2765577135889663
5.900880388585306e-05,0.19614147909967847,0.00570539160513975,0.843472708088777
5.910367334547662e-05,0.19582664526484753,0.009254126960206242,0.5950950999009361
5.919854280510018e-05,0.1955128205128205,0.003969391438896195,-2.96305797161528
5.929341226472374e-05,0.19519999999999998,0.004082739059180885,-3.0203350741912987
5.9388281724347296e-05,0.194888178913738,0.006870009085718917,0.8792247246626067
5.948315118397085e-05,0.19457735247208932,0.00907755461730261,1.9648868522699805
5.957802064359441e-05,0.1942675159235669,0.0005658443232417781,-1.3811517372648077
5.9672890103217966e-05,0.19395866454689986,0.0013334318390950007,-2.519638505596181
5.976775956284153e-05,0.19365079365079366,0.001785406693329844,1.3200830144715336
5.986262902246509e-05,0.19334389857369258,0.0029750462783064047,2.4915622228628345
5.9957498482088644e-05,0.1930379746835443,0.0066157279967713235,1.0976057693931671
6.00523679417122e-05,0.19273301737756712,0.008447114608668005,2.0881873793955568
6.014723740133576e-05,0.19242902208201892,0.005564826998446384,0.6762969690479057
6.0242106860959314e-05,0.19212598425196853,0.0021114457099280243,-0.111209546236733
6.033697632058288e-05,0.19182389937106917,0.011879365091613947,1.5859410600420176
6.0431845780206435e-05,0.19152276295133439,0.01042332894943136,1.6067390772758263
6.052671523982999e-05,0.1912225705329154,0.010558278967417095,1.8920376589911163
6.062158469945355e-05,0.19092331768388104,0.009056901305218579,0.8117357214144808
6.0716454159077105e-05,0.190625,0.011918476908255395,1.0323122758564192
6.081132361870066e-05,0.1903276131045242,0.001961208559183258,-0.2551000723186136
6.0906193078324226e-05,0.1900311526479751,0.006789913675227941,2.5167108883824585
6.100106253794778e-05,0.18973561430793157,0.005859902689729473,1.1202471637157014
6.109593199757133e-05,0.1894409937888199,0.002681357971529316,0.9841915488860027
6.11908014571949e-05,0.18914728682170542,0.006085164321555964,0.6324950506405546
6.128567091681846e-05,0.18885448916408668,0.0064672759085596665,1.178446063495186
6.138054037644201e-05,0.1885625965996909,0.010805264903723497,1.7288200272321605
6.147540983606557e-05,0.1882716049382716,0.009918883331404638,1.7964691684763157
6.157027929568912e-05,0.18798151001540836,0.00796933604525182,1.360871378411002
6.166514875531269e-05,0.18769230769230769,0.004819613898665318,1.107743232231239
6.176001821493625e-05,0.18740399385560677,0.0034813072553509733,1.1541245454306812
6.18548876745598e-05,0.18711656441717794,0.0042807825512646384,-0.11583222711276626
6.194975713418336e-05,0.18683001531393567,0.0017078992853135834,1.0336731584941474
6.204462659380691e-05,0.18654434250764526,0.003190313692748507,1.1170284342075998
6.213949605343048e-05,0.18625954198473282,0.015672912713882256,1.6585354472054692
6.223436551305403e-05,0.1859756097560976,0.005555258727926794,0.30115903140208505
6.232923497267759e-05,0.18569254185692544,0.005429886898571418,1.5228854525201763
6.242410443230116e-05,0.18541033434650456,0.003456804664808793,-0.5851629306974526
6.25189738919247e-05,0.1851289833080425,0.005582743172924316,1.4647808636888338
6.261384335154827e-05,0.18484848484848485,0.008206088468186325,0.5243462525560497
6.270871281117182e-05,0.18456883509833588,0.005101449612570271,1.3079969767313975
6.280358227079538e-05,0.18429003021148038,0.005479195084108685,1.7395160767737012
6.289845173041895e-05,0.18401206636500753,0.004997954101425394,1.1790767758363305
6.29933211900425e-05,0.18373493975903615,0.008529035398492387,1.1949730739426208
6.308819064966606e-05,0.18345864661654135,0.011883873864175908,1.2582108134575094
6.318306010928961e-05,0.1831831831831832,0.011169306721714924,1.7317461620933454
6.327792956891317e-05,0.18290854572713644,0.0037083376876881893,2.739271076510578
6.337279902853672e-05,0.18263473053892218,0.0031401342913949934,0.7988019315064797
6.346766848816029e-05,0.18236173393124067,0.007065215089004829,2.0181387216358404
6.356253794778385e-05,0.18208955223880596,0.00567050688734415,2.6555822138261482
6.36574074074074e-05,0.18181818181818182,0.008468676997636237,2.0440614231667293
6.375227686703097e-05,0.18154761904761904,0.006367184336712288,1.8454958990168553
6.384714632665452e-05,0.18127786032689452,0.006769950681557473,1.583422907088242
6.394201578627808e-05,0.18100890207715134,0.0072077083634364365,0.9857240353944527
6.403688524590164e-05,0.18074074074074073,0.007613544615634568,2.0877374103184194
6.413175470552519e-05,0.18047337278106512,0.0014003208741045206,2.548621647827818
6.422662416514876e-05,0.18020679468242243,0.0054593566436746035,0.7178136415453737
6.43214936247723e-05,0.17994100294985255,0.007183544099229276,0.9606052731290451
6.441636308439587e-05,0.1796759941089838,0.0044216961302366645,-0.7814117526572932
6.451123254401942e-05,0.17941176470588238,0.0037470635113779536,2.1314929214393055
6.460610200364298e-05,0.17914831130690162,0.006342234590707365,1.9385049156427028
6.470097146326655e-05,0.17888563049853373,0.010855959254085617,1.4797042034266097
6.47958409228901e-05,0.17862371888726208,0.001494286458094189,-0.9053778263567177
6.489071038251366e-05,0.1783625730994152,0.004679962283414828,1.878304477723414
6.498557984213721e-05,0.1781021897810219,0.005618729772221443,1.8038518265596868
6.508044930176077e-05,0.17784256559766765,0.0060385749425970695,1.6687227774797355
6.517531876138434e-05,0.17758369723435224,0.0036833869796631174,0.7215122686272993
6.527018822100789e-05,0.17732558139534885,0.0035061555455161157,-1.6615140145641565
6.536505768063145e-05,0.17706821480406384,0.008726050541381529,1.9261626710748792
6.5459927140255e-05,0.17681159420289858,0.009966842602853191,2.49483339235554
6.555479659987857e-05,0.17655571635311143,0.0036289988731478032,0.7730288339213214
6.564966605950212e-05,0.1763005780346821,0.003962691090958668,0.38633239586799584
6.574453551912568e-05,0.17604617604617606,0.004623363406703863,1.3700570204678415
6.583940497874924e-05,0.17579250720461095,0.012055937014665051,1.1472747145325306
6.59342744383728e-05,0.17553956834532378,0.006431597793013476,1.3920420518899883
6.602914389799636e-05,0.1752873563218391,0.0020505997865538183,1.3358492685218752
6.612401335761991e-05,0.17503586800573892,0.0035757538390533226,1.440677376081863
6.621888281724347e-05,0.17478510028653294,0.0018436261162465553,0.5392631551955394
6.631375227686703e-05,0.17453505007153075,0.005772850569480878,1.0964235130951474
6.640862173649058e-05,0.1742857142857143,0.006876812171153101,2.7006249559837774
6.650349119611415e-05,0.17403708987161198,0.0023381660057221316,-0.35481309086307394
6.65983606557377e-05,0.1737891737891738,0.002661359894381829,0.09385288793416162
6.669323011536126e-05,0.17354196301564723,0.009411602370496744,1.6346688594019034
6.678809957498481e-05,0.17329545454545456,0.008172676098520206,1.4795049568672756
6.688296903460838e-05,0.17304964539007092,0.004217850865304646,0.9489055928794495
6.697783849423194e-05,0.17280453257790368,0.005064298611666723,1.633075701467008
6.707270795385549e-05,0.17256011315417258,0.0018380971302003508,1.926986311163431
6.716757741347905e-05,0.17231638418079095,0.0072533259218155646,1.9769397116403105
6.72624468731026e-05,0.17207334273624825,0.008981401982590157,2.0242760837840588
6.735731633272617e-05,0.17183098591549295,0.008155093634121629,1.434549155797522
6.745218579234973e-05,0.17158931082981715,0.001606804196110596,1.4617057731392051
6.754705525197328e-05,0.17134831460674158,0.0025246377638804777,1.0018300414234214
6.764192471159684e-05,0.17110799438990182,0.0065788843620271506,-0.08093719097312274
6.77367941712204e-05,0.1708683473389356,0.006692939990094866,1.9834531291278892
6.783166363084396e-05,0.1706293706293706,0.003796816497162361,2.065030091399832
6.792653309046751e-05,0.17039106145251398,0.005416376860981899,1.9323258176363305
6.802140255009107e-05,0.1701534170153417,0.005100185661639423,1.0532173408703909
6.811627200971463e-05,0.16991643454039,0.008695654589870774,1.189132417801301
6.821114146933818e-05,0.16968011126564675,0.009063791786431944,1.6220933137235742
6.830601092896175e-05,0.16944444444444445,0.0051896138606926275,2.05818630496361
6.84008803885853e-05,0.16920943134535368,0.0028880486996564476,2.88912487769669
6.849574984820886e-05,0.1689750692520776,0.0031861197767857,-0.11050025473252083
6.859061930783243e-05,0.16874135546334718,0.0018640765699417339,-2.738190261993503
6.868548876745598e-05,0.1685082872928177,0.004474184827004412,1.8202897934380655
6.878035822707954e-05,0.1682758620689655,0.0041628344016764645,2.434396976485593
6.887522768670309e-05,0.16804407713498623,0.004523482373201623,-3.035580331205489
6.897009714632665e-05,0.16781292984869328,0.006644131566639628,1.8382928148918896
6.90649666059502e-05,0.1675824175824176,0.005989805819814055,0.7022073635574557
6.915983606557377e-05,0.1673525377229081,0.013373053966958122,1.0924938133496733
6.925470552519733e-05,0.16712328767123286,0.007136579848768692,2.106232382172748
6.934957498482088e-05,0.16689466484268126,0.0038254633213019185,2.435461625463394
6.944444444444444e-05,0.16666666666666666,0.00619798842008164,0.6231752345648081
6.9539313904068e-05,0.16643929058663032,0.002435903088021095,2.0377476607668106
6.963418336369156e-05,0.16621253405994552,0.005909524497945454,2.270679704404155
6.972905282331512e-05,0.1659863945578231,0.00312266527034699,-1.1614351712523805
6.982392228293867e-05,0.1657608695652174,0.006036718472608822,1.3347411481980664
6.991879174256224e-05,0.1655359565807327,0.0026320393584648946,-0.41169932411848714
7.001366120218579e-05,0.16531165311653118,0.006354927255026607,1.8098662510918768
7.010853066180935e-05,0.16508795669824086,0.005947247447000444,0.2703365585499362
7.02034001214329e-05,0.1648648648648649,0.0022724508766284422,-2.4947252637591575
7.029826958105646e-05,0.16464237516869096,0.0013910342920639672,-3.025124074799434
7.039313904068003e-05,0.16442048517520216,0.004487068860529416,1.042933298208765
7.048800850030358e-05,0.1641991924629879,0.004187949819154289,1.5119003431791274
7.058287795992714e-05,0.1639784946236559,0.0035037741654666776,1.696806431645041
7.067774741955069e-05,0.163758389261745,0.004849422060465794,1.9544358888148141
7.077261687917425e-05,0.16353887399463807,0.00385904442985862,1.9648099602270048
7.086748633879782e-05,0.16331994645247658,0.00581691137860411,1.2155633422604666
7.096235579842137e-05,0.16310160427807488,0.00235889821300165,2.0141172433807317
7.105722525804493e-05,0.16288384512683576,0.0028596250930703507,0.14173181894814446
7.115209471766848e-05,0.16266666666666668,0.004461213707588588,1.6886545996867586
7.124696417729204e-05,0.16245006657789612,0.007024873150652386,1.9077315026171826
7.13418336369156e-05,0.16223404255319152,0.005552816318322623,0.6789410975303788
7.143670309653916e-05,0.16201859229747675,0.012062523888388904,1.5029300333873303
7.153157255616272e-05,0.16180371352785144,0.007492535164589754,1.7825397396225884
7.162644201578627e-05,0.16158940397350996,0.0077043228560670805,1.6773086961953139
7.172131147540984e-05,0.16137566137566137,0.005337597501453507,0.9023144752218036
7.181618093503339e-05,0.1611624834874505,0.00917696927994749,1.0267386204424567
7.191105039465695e-05,0.16094986807387865,0.0007805516437444806,-3.1246290344705243
7.200591985428051e-05,0.16073781291172595,0.002509372807694084,-2.4130841080912466
7.210078931390406e-05,0.16052631578947368,0.0061174704420936055,-2.494394351097081
7.219565877352763e-05,0.16031537450722733,0.002011813469899537,-0.559934963697589
7.229052823315118e-05,0.16010498687664043,0.0018299310045523836,2.5067997056590445
7.238539769277474e-05,0.1598951507208388,0.007652788892986777,1.5456250913229312
7.248026715239829e-05,0.15968586387434558,0.0022361689640601166,2.5462002147087004
7.257513661202185e-05,0.15947712418300655,0.007378744292127503,0.6123329765314917
7.267000607164542e-05,0.15926892950391644,0.003005441239573965,0.8098590192331492
7.276487553126897e-05,0.1590612777053455,0.008468664664626856,1.5151936570009918
7.285974499089253e-05,0.15885416666666666,0.0042148926492359216,2.767816435843086
7.295461445051608e-05,0.1586475942782835,0.004013159039772335,2.362869635835616
7.304948391013965e-05,0.15844155844155844,0.0038650873240870113,0.7090676720158899
7.31443533697632e-05,0.15823605706874191,0.004438521974684753,1.7119897678943508
7.323922282938676e-05,0.15803108808290156,0.005242344816631413,0.09280153473256379
7.333409228901032e-05,0.15782664941785252,0.0029515077018359447,0.6437436099483088
7.342896174863387e-05,0.15762273901808788,0.004679593191077271,2.964128639939521
7.352383120825744e-05,0.1574193548387097,0.01083955264138193,1.0268143092488504
7.361870066788099e-05,0.15721649484536085,0.006277049506570745,0.9817535095670178
7.371357012750455e-05,0.15701415701415702,0.00781263475963087,2.8925388315602882
7.380843958712811e-05,0.15681233933161953,0.009235775046622173,2.1140738351284174
7.390330904675166e-05,0.1566110397946085,0.00712384126871376,2.1833393832492867
7.399817850637523e-05,0.1564102564102564,0.009564438357252007,1.5563194231126118
7.409304796599878e-05,0.1562099871959027,0.0072351977841273365,3.121929492126319
7.418791742562234e-05,0.15601023017902813,0.004922578604150673,0.4575312347332157
7.428278688524589e-05,0.15581098339719032,0.005161711809675868,-2.2526992563478854
7.437765634486946e-05,0.1556122448979592,0.0044019648517991655,2.518126616983016
7.447252580449302e-05,0.1554140127388535,0.0012128616316034113,-1.0773354652201386
7.456739526411657e-05,0.15521628498727738,0.007136716598150384,1.745380240270545
7.466226472374013e-05,0.15501905972045743,0.005702687503707178,3.0559937142246225
7.475713418336368e-05,0.15482233502538073,0.0013161478927391323,2.1205889829335303
7.485200364298725e-05,0.15462610899873258,0.0014923956195740827,1.891038212691974
7.494687310261081e-05,0.15443037974683546,0.00443907142737314,1.7000143555595806
7.504174256223436e-05,0.15423514538558789,0.0035914996932730585,1.5839162133909772
7.513661202185792e-05,0.15404040404040406,0.008963290565258908,0.3635900744800896
7.523148148148147e-05,0.15384615384615385,0.006444410799033737,0.42144278194655016
7.532635094110504e-05,0.15365239294710328,0.007690199806029051,1.1607411457155405
7.542122040072859e-05,0.15345911949685537,0.006905515327097984,-0.2427727793705039
7.551608986035215e-05,0.15326633165829145,0.0030578549325944605,-1.0569310044835463
7.561095931997571e-05,0.15307402760351319,0.006306419770439366,1.6913308933667375
7.570582877959926e-05,0.15288220551378448,0.007543580030387671,1.2197310222766973
7.580069823922283e-05,0.15269086357947434,0.00412012069630423,2.3870018325589704
7.589556769884638e-05,0.15250000000000002,0.0032903478982704262,1.71399371857402
7.599043715846994e-05,0.1523096129837703,0.012066425882398552,1.84328039756479
7.60853066180935e-05,0.15211970074812967,0.0022784531692453367,1.747433043415718
7.618017607771706e-05,0.15193026151930264,0.0055792794690931145,2.5711350390142673
7.627504553734062e-05,0.1517412935323383,0.0010533140522631184,1.3140859200302482
7.636991499696417e-05,0.15155279503105593,0.0042031394396376135,2.1566492761435585
7.646478445658773e-05,0.1513647642679901,0.010084138910636347,1.7615860073422478
7.655965391621128e-05,0.15117719950433708,0.003752395794553246,1.1567310958460997
7.665452337583485e-05,0.15099009900990099,0.005323110364634193,1.250216478882628
7.674939283545841e-05,0.1508034610630408,0.002487535341165409,1.5081292779686817
7.684426229508196e-05,0.1506172839506173,0.007678845706477386,1.4284961164492442
7.693913175470552e-05,0.15043156596794083,0.004726943795855574,2.8120707495012636
7.703400121432907e-05,0.15024630541871922,0.006881796954204892,-0.3041100813906014
7.712887067395264e-05,0.15006150061500617,0.005910733813836917,0.525028672490956
7.72237401335762e-05,0.14987714987714987,0.006285468229610014,1.823211952823062
7.731860959319975e-05,0.14969325153374233,0.0007581587268671721,1.0482338677175698
7.741347905282332e-05,0.14950980392156862,0.0038214104989720025,2.2883650570837295
7.750834851244687e-05,0.14932680538555693,0.004830508729577338,1.805736351472549
7.760321797207043e-05,0.1491442542787286,0.007951138006201204,1.4186802911058247
7.769808743169398e-05,0.148962148962149,0.007682805989809945,0.9061779945334895
7.779295689131754e-05,0.14878048780487807,0.005743943338756188,1.9663462948516894
7.78878263509411e-05,0.14859926918392205,0.0021640125685321076,2.41906143891805
7.798269581056466e-05,0.14841849148418493,0.0023656670395910168,-1.790072893284202
7.807756527018822e-05,0.14823815309842042,0.0051253920504630126,1.282032176697781
7.817243472981177e-05,0.14805825242718448,0.005124190493788752,1.5671793281983133
7.826730418943533e-05,0.1478787878787879,0.01061448515483648,1.6304276125077466
7.83621736490589e-05,0.14769975786924938,0.006074647341056584,2.0300162435225886
7.845704310868245e-05,0.1475211608222491,0.004338442977915232,1.827589500682107
7.855191256830601e-05,0.14734299516908214,0.006731890852128769,1.3016168213950479
7.864678202792956e-05,0.1471652593486128,0.005095200479569855,1.5277670297572277
7.874165148755312e-05,0.14698795180722893,0.00236155873103967,1.663271298123781
7.883652094717667e-05,0.14681107099879664,0.0034585198459187844,0.8163366410075195
7.893139040680024e-05,0.1466346153846154,0.004090061463652414,-1.312863283105212
7.90262598664238e-05,0.14645858343337334,0.008319304625489861,1.5570549033665961
7.912112932604735e-05,0.14628297362110312,0.004712748574359439,0.42923407294018123
7.921599878567092e-05,0.14610778443113773,0.008340739826342095,2.082663507123496
7.931086824529447e-05,0.145933014354067,0.006113708692659662,1.3713435542705978
7.940573770491803e-05,0.14575866188769415,0.0037148993990196505,1.5450382075500773
7.950060716454159e-05,0.14558472553699284,0.005848582617863687,0.4993396492502399
7.959547662416514e-05,0.1454112038140644,0.007039391447694094,1.4578126364017108
7.96903460837887e-05,0.14523809523809525,0.006087417859363436,0.8028484525900733
7.978521554341226e-05,0.14506539833531512,0.004316403011453486,-1.7044281422850498
7.988008500303582e-05,0.14489311163895488,0.0018925523014521244,3.0169240877495387
7.997495446265937e-05,0.14472123368920523,0.005961843841560159,0.6560006190047383
8.006982392228293e-05,0.14454976303317535,0.006309687740157513,2.148571249966494
8.01646933819065e-05,0.14437869822485208,0.003328729976492547,1.3432050673040685
8.025956284153005e-05,0.14420803782505912,0.005824620250666746,1.2242878849493837
8.035443230115361e-05,0.14403778040141677,0.006476717641595027,0.10009443628161008
8.044930176077716e-05,0.1438679245283019,0.010823839695994108,1.5908314732695596
8.054417122040073e-05,0.14369846878680803,0.0011664341881416525,1.10912595140732
8.063904068002429e-05,0.14352941176470588,0.010583654825820818,2.2897281999276493
8.073391013964784e-05,0.14336075205640425,0.0016657883033231772,2.271748805105137
8.08287795992714e-05,0.14319248826291078,0.0017607950713508398,1.096233725270738
8.092364905889495e-05,0.1430246189917937,0.008282443550666957,0.6858719029287708
8.101851851851852e-05,0.14285714285714285,0.0073737300773850665,0.5404124467667272
8.111338797814207e-05,0.14269005847953217,0.006964748235843783,1.2018058350683392
8.120825743776563e-05,0.14252336448598132,0.0037606116063624347,0.055421108905296314
8.13031268973892e-05,0.1423570595099183,0.007036516165806035,0.8410017959022409
8.139799635701274e-05,0.1421911421911422,0.0004033766299049427,1.3014072708969564
8.149286581663631e-05,0.1420256111757858,0.005374108186586768,1.7129648483062143
8.158773527625986e-05,0.1418604651162791,0.0037003256530599013,2.9661126978583328
8.168260473588342e-05,0.14169570267131243,0.007364282480036709,2.103262300587327
8.177747419550698e-05,0.14153132250580047,0.008115344577454673,0.47002087084221195
8.187234365513053e-05,0.1413673232908459,0.00915518673908767,1.7930860210070376
8.19672131147541e-05,0.1412037037037037,0.007736236797427574,2.023533484137863
8.206208257437765e-05,0.14104046242774568,0.002897899187641015,2.439095632748895
8.215695203400121e-05,0.14087759815242495,0.006531119891903844,1.6182895766644978
8.225182149362476e-05,0.14071510957324107,0.005484036565711251,0.7752365183702539
8.234669095324833e-05,0.14055299539170507,0.004317523484704662,0.5749098332841782
8.244156041287189e-05,0.14039125431530494,0.0017623829517977618,2.2336578145966843
8.253642987249544e-05,0.14022988505747128,0.00445025644757698,1.997604256256173
8.2631299332119e-05,0.14006888633754305,0.00557486064647338,2.524671098820897
8.272616879174255e-05,0.13990825688073397,0.0026770706161460874,1.8127676240128603
8.282103825136612e-05,0.13974799541809851,0.005453915071676064,-0.17828113410633065
8.291590771098968e-05,0.13958810068649885,0.002316635183803393,0.6504088305150671
8.301077717061323e-05,0.13942857142857143,0.0024570526643208747,-2.5845068289826547
8.31056466302368e-05,0.13926940639269406,0.003619046084158314,-2.756755171050031
8.320051608986034e-05,0.13911060433295325,0.006889596050633995,0.43362285169168835
8.329538554948391e-05,0.13895216400911162,0.003860959712225992,2.071540180442506
8.339025500910746e-05,0.13879408418657566,0.002725378803893422,1.1755077404447725
8.348512446873102e-05,0.13863636363636364,0.005393429630928947,2.0961663566319837
8.357999392835459e-05,0.13847900113507378,0.008172597242536482,1.1280451985111288
8.367486338797814e-05,0.1383219954648526,0.003091766141525532,0.7107333233601429
8.37697328476017e-05,0.13816534541336353,0.005094327958816073,1.5811505392146927
8.386460230722525e-05,0.13800904977375567,0.0034059213726565164,1.6430265115841929
8.395947176684881e-05,0.13785310734463277,0.0035019247207562746,-1.4057008629182433
8.405434122647238e-05,0.13769751693002258,0.004019356860176424,1.1396075613384615
8.414921068609593e-05,0.13754227733934613,0.0016114001573012979,1.8713609534396425
8.424408014571949e-05,0.13738738738738737,0.004679977996245702,1.5439128625193803
8.433894960534304e-05,0.13723284589426324,0.005022324001122906,1.8817973239310637
8.44338190649666e-05,0.13707865168539327,0.0034454359961000776,1.2207813676972283
8.452868852459015e-05,0.13692480359147027,0.009502323941515912,1.0193971087494027
8.462355798421372e-05,0.1367713004484305,0.002168258083451098,2.618153734181081
8.471842744383728e-05,0.1366181410974244,0.00635890937625131,1.3335093260875777
8.481329690346083e-05,0.13646532438478748,0.0027178201092040452,1.212781439480914
8.49081663630844e-05,0.13631284916201117,0.0030648663507092284,1.4231212918108989
8.500303582270794e-05,0.1361607142857143,0.0010697404144203206,1.6674538821633358
8.509790528233151e-05,0.13600891861761427,0.006340325332704102,1.5222928802509461
8.519277474195507e-05,0.1358574610244989,0.004665235238154526,3.0866265377199933
8.528764420157862e-05,0.135706340378198,0.007944031720793665,0.9601583496505111
8.538251366120219e-05,0.13555555555555557,0.00842656166444944,0.8567736648431492
8.547738312082574e-05,0.13540510543840178,0.007382422321803018,1.1162696176968119
8.55722525804493e-05,0.1352549889135255,0.0014250140682151534,2.8934871315224435
8.566712204007285e-05,0.13510520487264674,0.008516449817597228,1.4793529002227574
8.576199149969641e-05,0.1349557522123894,0.0026545200795911536,2.2444926382369257
8.585686095931998e-05,0.13480662983425415,0.008965063577140286,1.7688934790958264
8.595173041894353e-05,0.1346578366445916,0.003801149335943828,0.4818917644869431
8.604659987856709e-05,0.1345093715545755,0.010249752539938359,1.8551239839863238
8.614146933819064e-05,0.13436123348017623,0.0020256382833475795,2.472858246492718
8.62363387978142e-05,0.1342134213421342,0.0033638429948887,-2.1847148934944043
8.633120825743777e-05,0.13406593406593406,0.004359171345747233,1.1546391357651016
8.642607771706132e-05,0.13391877058177828,0.005247275567659875,1.6406915672083784
8.652094717668488e-05,0.1337719298245614,0.004966068649390941,1.542248128783603
8.661581663630843e-05,0.13362541073384449,0.00420511036699682,1.980858826905746
8.6710686095932e-05,0.13347921225382933,0.0007184851186204755,-2.4280927096984635
8.680555555555555e-05,0.13333333333333336,0.0012394234912287093,1.63662386325614
8.690042501517911e-05,0.1331877729257642,0.0011485736137304384,1.4693353197990922
8.699529447480267e-05,0.13304252998909485,0.010370458854936733,1.6934369416050343
8.709016393442622e-05,0.1328976034858388,0.006886933288479531,1.5800591195380227
8.718503339404979e-05,0.13275299238302501,0.0019207783754958574,2.358261411803042
8.727990285367334e-05,0.13260869565217392,0.00040039173538443563,-0.2976258425961122
8.73747723132969e-05,0.13246471226927253,0.00735030479573367,1.3097421198218424
8.746964177292046e-05,0.13232104121475055,0.003125862461643343,0.07202870499586016
8.756451123254401e-05,0.13217768147345613,0.0020805952105538016,-0.08226994278205274
8.765938069216758e-05,0.13203463203463203,0.005045620415047619,1.8312729010184094
8.775425015179113e-05,0.1318918918918919,0.0009106687984929253,-2.0896376559710665
8.784911961141469e-05,0.13174946004319654,0.0023522255264225157,1.4597238439461262
8.794398907103824e-05,0.13160733549083065,0.007218829282997724,0.31014118822761555
8.80388585306618e-05,0.1314655172413793,0.0033445541991011817,0.273753085012704
8.813372799028537e-05,0.13132400430570504,0.002390201074346919,2.962996015717007
8.822859744990892e-05,0.13118279569892474,0.005560039009448731,1.422605682677309
8.832346690953248e-05,0.1310418904403867,0.0068309273910848,2.154873553976233
8.841833636915603e-05,0.13090128755364808,0.00296854393353577,2.8068594845839216
8.85132058287796e-05,0.1307609860664523,0.001623034603511189,1.4623809595322874
8.860807528840316e-05,0.13062098501070663,0.005112264512603009,2.014645511415243
8.870294474802671e-05,0.1304812834224599,0.004214384079328607,2.3805310985274426
8.879781420765027e-05,0.13034188034188032,0.003977145995368909,0.2576251806735601
8.889268366727382e-05,0.13020277481323375,0.002714580701097795,0.6580842120112306
8.898755312689739e-05,0.1300639658848614,0.003032398297258639,0.9071861218138478
8.908242258652094e-05,0.1299254526091587,0.0036432490918050283,1.8547988228324332
8.91772920461445e-05,0.12978723404255318,0.005798438476951336,1.574267249176587
8.927216150576806e-05,0.12964930924548354,0.003669059048694268,2.0978107757281674
8.936703096539161e-05,0.12951167728237795,0.0043580692953354315,-0.5768134444937261
8.946190042501518e-05,0.12937433722163308,0.004164516144558872,0.7636155393078573
8.955676988463873e-05,0.12923728813559324,0.006300316898504954,1.4589738044435627
8.965163934426229e-05,0.1291005291005291,0.0049655778755938055,0.3513881474223194
8.974650880388586e-05,0.12896405919661733,0.003045444316258276,1.6234486282233813
8.98413782635094e-05,0.12882787750791974,0.00300043745371486,-2.8804261106906566
8.993624772313297e-05,0.12869198312236288,0.0015213831077450467,-1.6388276956326102
9.003111718275652e-05,0.1285563751317176,0.003612278918581974,2.3237067517604735
9.012598664238008e-05,0.12842105263157896,0.004185723869285631,1.9951528203542974
9.022085610200363e-05,0.12828601472134596,0.005443967186393754,2.714858009538974
9.03157255616272e-05,0.1281512605042017,0.0023582408732423744,1.0387324845248624
9.041059502125076e-05,0.12801678908709338,0.0029799233889847253,1.7511626550507893
9.050546448087431e-05,0.1278825995807128,0.008085659976067075,1.3993878883430744
9.060033394049787e-05,0.12774869109947645,0.0023880512788820364,-2.0000023599204075
9.069520340012142e-05,0.1276150627615063,0.0050064491809403994,1.8650909618416975
9.079007285974499e-05,0.12748171368861025,0.0025156162295422876,-1.1135221869087875
9.088494231936855e-05,0.12734864300626303,0.0008578347878349257,-0.01333643185992542
9.09798117789921e-05,0.12721584984358708,0.00327809468391059,1.6419412894576098
9.107468123861566e-05,0.12708333333333333,0.007363763143106784,1.4532560271598594
9.116955069823921e-05,0.12695109261186266,0.00045987346205287385,2.7439859873646943
9.126442015786278e-05,0.12681912681912683,0.0021831648359346197,1.088986161543294
9.135928961748633e-05,0.12668743509865005,0.006776455024169951,1.1541487809750908
9.145415907710989e-05,0.1265560165975104,0.008526194586538517,1.5952828059271
9.154902853673346e-05,0.12642487046632123,0.0026755310952939287,2.1028871939009863
9.1643897996357e-05,0.12629399585921328,0.004423219804326083,1.2474577646831406
9.173876745598057e-05,0.12616339193381593,0.00032209172666713466,-2.4546954854899234
9.183363691560412e-05,0.12603305785123967,0.003839186527612008,1.9962944206279756
9.192850637522768e-05,0.1259029927760578,0.008543834798164887,2.3166553581035
9.202337583485125e-05,0.12577319587628866,0.002564368283660589,-1.7627934874127256
9.21182452944748e-05,0.12564366632337795,0.003231279463953172,1.4914828515859992
9.221311475409836e-05,0.12551440329218108,0.002001173860081911,0.7299587716849737
9.230798421372191e-05,0.12538540596094552,0.004128116828529871,1.4171748066340841
9.240285367334547e-05,0.12525667351129363,0.00185518242250223,0.9609513657744686
9.249772313296902e-05,0.12512820512820513,0.003527308524042738,2.5108039913566227
9.259259259259259e-05,0.125,0.004950958509596916,-2.436318229207012
9.268746205221615e-05,0.12487205731832139,0.004156747933349745,2.6570828742680423
9.27823315118397e-05,0.12474437627811862,0.005521144938668374,2.3101454603422162
9.287720097146327e-05,0.12461695607763022,0.006947967049168683,1.8281929144811484
9.297207043108682e-05,0.12448979591836735,0.005808619612465972,2.5126525133873603
9.306693989071038e-05,0.12436289500509685,0.00410285928321012,1.4970242412936912
9.316180935033394e-05,0.12423625254582484,0.004378546538151338,1.2013569062898939
9.325667880995749e-05,0.12410986775178028,0.005616882493604311,-0.10359649578502629
9.335154826958106e-05,0.12398373983739837,0.0041491866090011065,2.419572235718838
9.34464177292046e-05,0.12385786802030459,0.003074510403810946,-0.1456940401842147
9.354128718882817e-05,0.12373225152129819,0.004296812869230402,0.2434875023264105
9.363615664845172e-05,0.12360688956433638,0.005354622606214292,0.03805423802950263
9.373102610807528e-05,0.12348178137651823,0.0005089658962615166,1.2045973354812582
9.382589556769885e-05,0.12335692618806876,0.005953594220664517,1.841337833100251
9.39207650273224e-05,0.12323232323232323,0.0009194753091075231,2.309861944524641
9.401563448694596e-05,0.1231079717457114,0.005877837410936901,1.697133945999986
9.411050394656951e-05,0.12298387096774194,0.004539938606831236,0.2400670484605853
9.420537340619307e-05,0.1228600201409869,0.007363193767211875,1.1554110100628017
9.430024286581664e-05,0.12273641851106638,0.006621692940306432,1.8622846823013026
9.439511232544019e-05,0.12261306532663317,0.006120987216810927,2.1350466034271043
9.448998178506375e-05,0.12248995983935743,0.002489270812059535,1.4285834408069595
9.45848512446873e-05,0.12236710130391175,0.006325120070358188,1.3256879366843461
9.467972070431087e-05,0.12224448897795591,0.007647085905547091,1.1917028231907596
9.477459016393442e-05,0.12212212212212213,0.006827242250259603,2.1126640946447366
9.486945962355798e-05,0.12200000000000001,0.0037073017960422027,1.4559266777991586
9.496432908318154e-05,0.12187812187812189,0.0009865858988309993,-2.413227661136547
9.50591985428051e-05,0.12175648702594812,0.001785578971913183,0.486128073458404
9.515406800242866e-05,0.12163509471585245,0.003612314225883227,3.078975573394163
9.524893746205221e-05,0.12151394422310759,0.004240056853393765,1.6125251324419172
9.534380692167577e-05,0.12139303482587065,0.0008954821430698873,0.6425943886176709
9.543867638129933e-05,0.12127236580516898,0.004533576280790865,1.199352066648776
9.553354584092288e-05,0.12115193644488581,0.009938361665905253,1.1128240258422994
9.562841530054645e-05,0.12103174603174603,0.003334766862555754,1.4077540860827458
9.572328476017e-05,0.12091179385530229,0.005055565684085642,1.5932465095227482
9.581815421979356e-05,0.1207920792079208,0.0054527953751015,2.22538734505703
9.591302367941711e-05,0.12067260138476757,0.004954046461406622,0.7755323798155059
9.600789313904068e-05,0.12055335968379446,0.004454223889929048,1.8866438481499554
9.610276259866424e-05,0.12043435340572557,0.00280219045071044,3.127091896055794
9.619763205828779e-05,0.12031558185404341,0.0029504878306613764,1.2111431458246877
9.629250151791135e-05,0.12019704433497537,0.007326059060014424,2.7216058149118156
9.63873709775349e-05,0.12007874015748032,0.0033266873061784143,1.4207599971045604
9.648224043715847e-05,0.11996066863323501,0.002573590770666727,3.1050778752734787
9.657710989678203e-05,0.11984282907662082,0.003973474592761332,1.1217542416868427
9.667197935640558e-05,0.1197252208047105,0.004145186375452263,2.2606583501826556
9.676684881602914e-05,0.11960784313725491,0.007619914270156495,0.5573839466540012
9.68617182756527e-05,0.11949069539666994,0.0002325404742666857,-3.0044988687218335
9.695658773527626e-05,0.11937377690802348,0.003607214680748897,2.431823305719887
9.705145719489981e-05,0.1192570869990225,0.0021849149727390213,-0.9439830749679489
9.714632665452337e-05,0.119140625,0.006355323170596525,1.466533051075474
9.724119611414693e-05,0.11902439024390245,0.004909333266488844,1.392904694599689
9.733606557377048e-05,0.11890838206627681,0.003996926907928403,0.7819306911116475
9.743093503339405e-05,0.11879259980525803,0.0016244477862349409,-0.750206668274524
9.75258044930176e-05,0.11867704280155644,0.006655132359748781,1.8724335944861132
9.762067395264116e-05,0.11856171039844508,0.0054221178889139335,-1.0463345004418865
9.771554341226471e-05,0.11844660194174758,0.0019348734284552731,0.5120912889806594
9.781041287188828e-05,0.11833171677982543,0.006626652130598012,1.3377742215748056
9.790528233151184e-05,0.1182170542635659,0.0008334748848263941,1.6537792313250845
9.800015179113539e-05,0.1181026137463698,0.002269871794064162,1.5273689130816654
9.809502125075895e-05,0.11798839458413928,0.0021575522784445357,2.514866315797155
9.81898907103825e-05,0.11787439613526572,0.0037808567835007577,2.1369828486856455
9.828476017000607e-05,0.11776061776061776,0.004204660538213866,0.8244975826898344
9.837962962962963e-05,0.11764705882352941,0.006949987101087089,1.179490351684416
9.847449908925318e-05,0.11753371868978807,0.006129801329694362,0.8572384977880897
9.856936854887674e-05,0.11742059672762271,0.002866882074459751,1.4067795056733008
9.86642380085003e-05,0.11730769230769232,0.0019615085784638977,1.427850164248728
9.875910746812386e-05,0.11719500480307397,0.005099225469614378,1.5694645543835204
9.885397692774741e-05,0.11708253358925146,0.004210042006306655,1.93838996444328
9.894884638737097e-05,0.11697027804410355,0.0036493290112559543,-2.5169471457734747
9.904371584699454e-05,0.11685823754789272,0.002904055390535599,1.4710044671702442
9.913858530661809e-05,0.1167464114832536,0.002582038463058756,2.814256681178077
9.923345476624165e-05,0.11663479923518165,0.005012431470987809,0.5346058498200499
9.93283242258652e-05,0.11652340019102198,0.003370403507219858,1.4283389199563272
9.942319368548876e-05,0.11641221374045803,0.005860740117451535,1.8779470874634188
9.951806314511233e-05,0.11630123927550048,0.0057421419288859535,-3.053881382583293
9.961293260473588e-05,0.11619047619047619,0.004561933829693488,1.2536161989582943
9.970780206435944e-05,0.11607992388201713,0.0028045576468544078,1.4425901653585642
9.980267152398299e-05,0.11596958174904945,0.0027186023156331915,0.8180120055012344
9.989754098360655e-05,0.11585944919278253,0.0019413807954600103,-0.14812237308360743
9.99924104432301e-05,0.11574952561669831,0.004702825773101812,0.15391819858573594
0.00010008727990285367,0.1156398104265403,0.0024492820491617503,2.8943397189475366
0.00010018214936247723,0.11553030303030304,0.0029804205728183237,0.7139291865387485
0.00010027701882210078,0.11542100283822139,0.0034133322788245687,-0.05626359117335604
0.00010037188828172434,0.11531190926275993,0.005146297241408258,1.7723494852555184
0.0001004667577413479,0.11520302171860247,0.004405837410184453,1.9179561694587999
0.00010056162720097146,0.11509433962264153,0.004472878490569954,0.7535930836291246
0.00010065649666059502,0.11498586239396795,0.005502283733597969,1.2760299888457054
0.00010075136612021857,0.11487758945386063,0.0004964793299116156,1.9543000666815635
0.00010084623557984214,0.1147695202257761,0.0015553157208428392,1.765182790827227
0.00010094110503946569,0.11466165413533837,0.0034427615473934426,1.8588640875952374
0.00010103597449908925,0.11455399061032866,0.006882255356529944,2.673466831965357
0.0001011308439587128,0.11444652908067543,0.00216321603645647,2.1223922144770273
0.00010122571341833636,0.11433926897844424,0.003701171589334459,2.9246599638235833
0.00010132058287795993,0.1142322097378277,0.0015321848260572701,-2.8684907211311677
0.00010141545233758348,0.11412535079513565,0.003968086485389688,0.8202931862003005
0.00010151032179720704,0.11401869158878505,0.007535430887606711,1.08475808397329
0.00010160519125683059,0.1139122315592904,0.005403862468025176,1.0739229266664716
0.00010170006071645415,0.11380597014925374,0.0030979565962997928,1.5129605807458073
0.00010179493017607772,0.11369990680335508,0.0018604077135405256,1.1274055498466398
0.00010188979963570127,0.11359404096834265,0.005851807508112304,0.7423661183200535
0.00010198466909532483,0.11348837209302326,0.0028312845341976816,1.6255033941573833
0.00010207953855494838,0.11338289962825279,0.00602162581797466,1.8540925402612116
0.00010217440801457195,0.11327762302692665,0.0022981622597508934,1.523878816120616
0.0001022692774741955,0.11317254174397032,0.001826089918314585,-2.4632090067725123
0.00010236414693381906,0.11306765523632994,0.0052205805584431535,2.10889327288809
0.00010245901639344262,0.11296296296296296,0.0032612150231064335,2.095161788688829
0.00010255388585306617,0.11285846438482887,0.0044189176440273936,1.1071678662583067
0.00010264875531268974,0.11275415896487985,0.0015630885289057042,-1.0062635789772552
0.00010274362477231329,0.11265004616805172,0.003149112590321051,1.1433146530587703
0.00010283849423193685,0.1125461254612546,0.0035836706886446324,1.5775993076180086
0.00010293336369156041,0.11244239631336406,0.0009733417729846986,2.438946466601537
0.00010302823315118396,0.11233885819521179,0.0014020677114575347,1.683810225924789
0.00010312310261080753,0.11223551057957681,0.00454048709090778,1.260991835500869
0.00010321797207043108,0.11213235294117649,0.0035368619010986433,2.892131024984958
0.00010331284153005464,0.11202938475665748,0.0023914022683803678,0.2506997251118859
0.00010340771098967819,0.11192660550458716,0.005739782514397771,1.239952543274618
0.00010350258044930176,0.11182401466544455,0.005507975366938007,0.2176350553008514
0.00010359744990892532,0.11172161172161173,0.006091214359237413,1.8848930508449184
0.00010369231936854887,0.11161939615736506,0.0019588671540538786,1.8161040395971582
0.00010378718882817243,0.11151736745886655,0.005852358625171776,2.7087697229720695
0.00010388205828779598,0.11141552511415527,0.0018641167019420404,-0.19929061599224188
0.00010397692774741955,0.1113138686131387,0.003351292458898496,1.9660434967173412
0.00010407179720704311,0.11121239744758432,0.002013103779991248,0.974261772857373
0.00010416666666666666,0.1111111111111111,0.0071519454759545464,1.823767654290792
0.00010426153612629022,0.11101000909918109,0.004744944692013609,0.7719041683442408
0.00010435640558591377,0.11090909090909093,0.0068163625851335626,0.6626357700667534
0.00010445127504553734,0.11080835603996367,0.005771002636069286,0.5122922968205289
0.00010454614450516089,0.11070780399274048,0.004802139076713658,0.9286634382886223
0.00010464101396478445,0.11060743427017226,0.001773425351819279,0.15908279507872888
0.00010473588342440801,0.1105072463768116,0.0035401470456462524,0.6767609010903883
0.00010483075288403156,0.11040723981900455,0.00723460491207329,2.0198061040121824
0.00010492562234365513,0.11030741410488247,0.0011773417168822922,1.1961583998758187
0.00010502049180327868,0.11020776874435412,0.004624703425361563,0.7771307082920939
0.00010511536126290224,0.11010830324909747,0.0012971141540676762,1.539193838973411
0.0001052102307225258,0.11000901713255185,0.005454630366939124,2.244646923044255
0.00010530510018214936,0.10990990990990991,0.005277317079996546,2.2014576821907013
0.00010539996964177292,0.10981098109810981,0.003363345974556581,1.8335381585313257
0.00010549483910139647,0.10971223021582735,0.003100109010906059,2.330010326823387
0.00010558970856102003,0.10961365678346811,0.002733329355391384,0.9294006054815019
0.00010568457802064358,0.1095152603231598,0.003660617022933993,1.9291643877092157
0.00010577944748026715,0.1094170403587444,0.00233419404981008,-2.5215370604991016
0.00010587431693989071,0.10931899641577061,0.0025766004741771143,-1.506795745715602
0.00010596918639951426,0.10922112802148612,0.0017838675470796246,1.1094882336627352
0.00010606405585913782,0.10912343470483005,0.0019818501649165794,0.6706475364931813
0.00010615892531876137,0.10902591599642539,0.002660686682781798,2.3618802903837834
0.00010625379477838494,0.10892857142857144,0.003547967418028422,-1.5936152210160022
0.0001063486642380085,0.10883140053523639,0.006547478915479545,0.528802526734343
0.00010644353369763205,0.10873440285204992,0.0011631236984283363,1.2933921076231112
0.00010653840315725562,0.10863757791629564,0.0037790960018642674,1.4859875644194163
0.00010663327261687917,0.10854092526690391,0.004149562283376102,1.701856221635744
0.00010672814207650273,0.10844444444444445,0.007846495269354471,1.0319308211994294
0.00010682301153612628,0.10834813499111902,0.003307513797162338,-2.75128308116471
0.00010691788099574984,0.10825199645075423,0.003142269482445982,-1.2557277038887302
0.0001070127504553734,0.10815602836879432,0.003833167247465962,0.6943881913697343
0.00010710761991499696,0.10806023029229407,0.003996515438593919,3.0950533013988015
0.00010720248937462052,0.1079646017699115,0.00433241233010301,2.3179028707176577
0.00010729735883424407,0.107869142351901,0.0005232700438404776,-0.4255008903481413
0.00010739222829386763,0.10777385159010601,0.00659140768952987,0.4383701277439499
0.0001074870977534912,0.10767872903795234,0.0031534962069030884,2.7702142782926145
0.00010758196721311475,0.10758377425044093,0.0040588924635693155,1.255633747664969
0.00010767683667273831,0.10748898678414098,0.0029238383971732446,1.2785041241344748
0.00010777170613236186,0.1073943661971831,0.0025942216272959967,0.8448600828512027
0.00010786657559198542,0.10729991204925242,0.004276344023023618,-0.3848050380743012
0.00010796144505160897,0.10720562390158174,0.0032614711537075525,2.1197200112181926
0.00010805631451123254,0.10711150131694469,0.005757307912681148,0.7675598757285461
0.0001081511839708561,0.10701754385964914,0.003862402946036687,2.643085082588389
0.00010824605343047965,0.10692375109553023,0.0051780759235250115,0.37130793780279553
0.00010834092289010322,0.10683012259194397,0.005836009511233248,2.8481217464999853
0.00010843579234972677,0.10673665791776028,0.005474898161755639,1.4577435286045972
0.00010853066180935033,0.10664335664335664,0.004558236236883269,0.8198448603042979
0.00010862553126897389,0.10655021834061135,0.004706327007647697,1.5156647908272054
0.00010872040072859744,0.10645724258289704,0.0017235032414098682,-0.5086228964298348
0.000108815270188221,0.10636442894507411,0.0025447531332612153,1.0774052510588292
0.00010891013964784456,0.10627177700348434,0.0030844752621081713,1.315884301833412
0.00010900500910746812,0.10617928633594431,0.00779360017623059,1.7360665261042867
0.00010909987856709167,0.10608695652173915,0.0023327333413129515,-0.9688485741127922
0.00010919474802671523,0.105994787141616,0.008280953665801036,1.4829453656602338
0.0001092896174863388,0.10590277777777778,0.0025495057226498498,1.7181060245640305
0.00010938448694596235,0.10581092801387686,0.001912368547407434,1.5731926335224524
0.00010947935640558591,0.10571923743500868,0.004175732276895544,1.9575266726505673
0.00010957422586520946,0.10562770562770564,0.001424171795996444,0.8614626076506001
0.00010966909532483303,0.1055363321799308,0.002815434291476879,1.221388804757648
0.00010976396478445659,0.10544511668107175,0.0018660435732834385,0.9572083331883172
0.00010985883424408014,0.10535405872193437,0.0015659265193377918,1.9513040579386924
0.0001099537037037037,0.10526315789473685,0.002766830110537031,-2.412010712796848
0.00011004857316332725,0.10517241379310346,0.00199426237526575,-3.0708207166854784
0.00011014344262295082,0.10508182601205858,0.005491252214177441,1.527856231542681
0.00011023831208257437,0.10499139414802067,0.004913220318881066,0.8380481111172536
0.00011033318154219793,0.10490111779879623,0.0034005991426694663,2.0856760155933967
0.0001104280510018215,0.10481099656357389,0.0015171797259580552,1.2173606866123432
0.00011052292046144504,0.10472103004291847,0.0028993002110626926,1.471611207160374
0.00011061778992106861,0.10463121783876501,0.0011607780267468989,0.4778266458956731
0.00011071265938069216,0.10454155955441304,0.004072145059491678,0.7043742221530438
0.00011080752884031572,0.10445205479452055,0.004220927559915596,1.649033978375154
0.00011090239829993928,0.10436270316509837,0.0016087756046579175,1.2478119756689743
0.00011099726775956283,0.10427350427350428,0.0010672646136713475,-0.9153554447216257
0.0001110921372191864,0.10418445772843724,0.003313532038485963,0.17161341899655227
0.00011118700667880995,0.10409556313993175,0.0025384808269934443,2.6368120127107675
0.00011128187613843351,0.1040068201193521,0.003808508529180924,1.143988051166686
0.00011137674559805706,0.10391822827938672,0.0066077098815212326,1.9445201954348026
0.00011147161505768063,0.10382978723404256,0.004075861287762387,1.2813283499867283
0.00011156648451730419,0.10374149659863945,0.003223275973774603,2.4207701425593036
0.00011166135397692774,0.1036533559898046,0.005081263172831189,1.268623967736057
0.0001117562234365513,0.1035653650254669,0.001052441958579937,1.1427049575366595
0.00011185109289617485,0.10347752332485159,0.0056058084375623755,1.6534703154381534
0.00011194596235579842,0.10338983050847458,0.0021676317007798445,-1.7198358840710062
0.00011204083181542198,0.10330228619813717,0.0036071804692088053,1.0852490277066802
0.00011213570127504553,0.10321489001692048,0.0024626556315109588,1.678159852194531
0.0001122305707346691,0.10312764158918006,0.002635637338806278,2.3498402417003157
0.00011232544019429264,0.10304054054054054,0.0023051300458492483,2.1448666191248096
0.00011242030965391621,0.1029535864978903,0.005124268628862816,1.1891426841540567
0.00011251517911353976,0.10286677908937607,0.00031639307641987747,0.49386665047890427
0.00011261004857316332,0.10278011794439763,0.004101173078860507,0.570280532322348
0.00011270491803278689,0.10269360269360268,0.003653106225542643,0.4187619706300226
0.00011279978749241044,0.10260723296888143,0.005982656950001484,1.1654644060384074
0.000112894656952034,0.10252100840336134,0.004631111658232385,1.0930572492267507
0.00011298952641165755,0.10243492863140219,0.0035285566998689024,1.8315292125690217
0.00011308439587128111,0.1023489932885906,0.002645599997209433,-2.1354978127004256
0.00011317926533090468,0.10226320201173511,0.0034808656215858545,2.066249101565174
0.00011327413479052823,0.10217755443886098,0.004324989825037631,1.5062935722257038
0.00011336900425015179,0.10209205020920502,0.003210233003162371,1.6142236817576252
0.00011346387370977534,0.10200668896321072,0.0015165451377838891,1.4454769791441462
0.0001135587431693989,0.10192147034252297,0.0014236705579902267,0.4229348078159105
0.00011365361262902245,0.10183639398998333,0.0009001750613312276,-0.6465200635579416
0.00011374848208864602,0.1017514595496247,0.0021614350872639757,2.448096443231581
0.00011384335154826958,0.10166666666666667,0.0057790472636977735,1.498025835735845
0.00011393822100789313,0.10158201498751042,0.003820337754853269,1.1926889792191182
0.0001140330904675167,0.10149750415973377,0.0040585114621786884,1.5092366398911172
0.00011412795992714024,0.10141313383208647,0.0022769742835130496,1.420449722901947
0.00011422282938676381,0.10132890365448506,0.002979011540732235,1.5976292571765596
0.00011431769884638737,0.10124481327800831,0.0031344790912469314,1.594857092598273
0.00011441256830601092,0.1011608623548922,0.004303963195084767,2.4122218098278982
0.00011450743776563449,0.10107705053852525,0.004612549735108539,1.7153349086785281
0.00011460230722525804,0.10099337748344371,0.0047770754351209675,2.2050050415499194
0.0001146971766848816,0.10090984284532672,0.0010502955135754915,-0.2761093792152688
0.00011479204614450515,0.10082644628099176,0.0029626631921882366,-0.3336672860592652
0.00011488691560412871,0.10074318744838975,0.003949012622723181,1.2460643793533495
0.00011498178506375228,0.10066006600660067,0.0018006280964428683,1.135657286137119
0.00011507665452337583,0.10057708161582854,0.00387344244077058,2.1485494336896176
0.00011517152398299939,0.10049423393739704,0.0033280072649240003,0.7460579499962311
0.00011526639344262294,0.10041152263374487,0.0027746804625551464,1.1834781599186108
0.0001153612629022465,0.10032894736842106,0.0036613269604235466,0.7330029838363341
0.00011545613236187007,0.10024650780608052,0.003941016968640332,2.2725591000964873
0.00011555100182149362,0.10016420361247948,0.0029979550082239372,0.4396089199774716
0.00011564587128111718,0.10008203445447086,0.004897263533053598,1.0749785367048725
0.00011574074074074073,0.1,0.003472688378565305,1.256371775038945
0.0001158356102003643,0.09991809991809991,0.002938096880910632,1.2633796336824408
0.00011593047965998785,0.09983633387888709,0.0013001887701923178,2.248400535507599
0.00011602534911961141,0.09975470155355683,0.0022384549032237314,2.142602914690001
0.00011612021857923497,0.09967320261437909,0.0010094672897586752,-2.8218251264601233
0.00011621508803885852,0.09959183673469389,0.0018196511675788697,1.6053791177217456
0.00011630995749848209,0.09951060358890701,0.005029664039940882,1.8841222002509888
0.00011640482695810564,0.09942950285248575,0.0035962954031901998,2.1629729182485606
0.0001164996964177292,0.0993485342019544,0.004012335840025979,1.6574802857919047
0.00011659456587735276,0.09926769731489016,0.0023068137503606243,1.8345181989898105
0.00011668943533697631,0.09918699186991871,0.0020629308632564556,2.132553735944717
0.00011678430479659988,0.09910641754671,0.001198477139555106,0.8547960524747578
0.00011687917425622343,0.09902597402597405,0.0017181579652749254,1.1800318404676307
0.00011697404371584699,0.0989456609894566,0.0015601838845601893,0.8971070769157676
0.00011706891317547054,0.09886547811993517,0.0021532545129868646,-0.23250226445382158
0.0001171637826350941,0.09878542510121459,0.0020985148912919653,1.3098687541475376
0.00011725865209471767,0.09870550161812298,0.0005070035383899547,1.4088796755183037
0.00011735352155434122,0.09862570735650769,0.005977180719759026,0.9423818206125597
0.00011744839101396478,0.09854604200323101,0.0047789633613159665,2.0642365269372362
0.00011754326047358833,0.09846650524616626,0.005073087623015588,1.5718952247872164
0.0001176381299332119,0.09838709677419356,0.0028369073761097983,1.5493543744106812
0.00011773299939283546,0.09830781627719581,0.004670065945029364,0.6525976048123135
0.00011782786885245901,0.09822866344605474,0.004181362271906207,0.466381778155948
0.00011792273831208257,0.09814963797264681,0.003669264475653465,2.8644339538489003
0.00011801760777170612,0.09807073954983923,0.0009212281504224338,0.11037632326253945
0.00011811247723132969,0.09799196787148595,0.0039364643671882405,2.190315323666688
0.00011820734669095324,0.09791332263242376,0.003113664518977525,1.325190699259103
0.0001183022161505768,0.09783480352846834,0.0021033726309574795,2.3109698022454186
0.00011839708561020036,0.09775641025641026,0.005953436215395872,0.8384095070185659
0.00011849195506982391,0.0976781425140112,0.0068275718086970106,2.025592274616423
0.00011858682452944748,0.09759999999999999,0.002839491425176878,1.927420829586334
0.00011868169398907103,0.09752198241406876,0.006001476395711129,1.034666070550832
0.00011877656344869459,0.097444089456869,0.001808187026479108,0.20474814187731122
0.00011887143290831816,0.09736632083000799,0.00205815861858746,1.7557710124139665
0.0001189663023679417,0.09728867623604466,0.00329026478758252,2.0248764512940713
0.00011906117182756527,0.09721115537848606,0.002128651356069113,0.7131879917125237
0.00011915604128718882,0.09713375796178345,0.003755548888038783,2.722091494525536
0.00011925091074681238,0.09705648369132858,0.0013593557030339653,1.4420077035020744
0.00011934578020643593,0.09697933227344993,0.004921039251063997,1.8045763666634915
0.0001194406496660595,0.09690230341540905,0.003982219578068025,1.8144605661653677
0.00011953551912568306,0.09682539682539683,0.0011076643691150664,-0.4762650983914372
0.00011963038858530661,0.09674861221252974,0.0014471255939810317,0.37613525434772677
0.00011972525804493017,0.09667194928684629,0.004244814083600488,0.9229554967888285
0.00011982012750455372,0.09659540775930325,0.0029631779511025765,1.9673368298852294
0.00011991499696417729,0.09651898734177215,0.003966864969736555,0.7990607424320273
0.00012000986642380085,0.09644268774703557,0.0038417037767123053,1.281061192043019
0.0001201047358834244,0.09636650868878356,0.0039905360000878215,2.405292108394449
0.00012019960534304796,0.0962904498816101,0.005362215742873195,1.8463337034797733
0.00012029447480267151,0.09621451104100946,0.002593798695789724,2.5187301342934116
0.00012038934426229508,0.09613869188337273,0.0028349384151025152,1.3370039752961262
0.00012048421372191863,0.09606299212598426,0.0024210566704453806,0.7249578393153031
0.00012057908318154219,0.0959874114870181,0.0024734533390602265,2.2680185893235567
0.00012067395264116576,0.09591194968553458,0.00449267176922759,0.7846915077483864
0.0001207688221007893,0.09583660644147685,0.0022631082200282216,2.2744874283215006
0.00012086369156041287,0.09576138147566719,0.003411451838061892,0.9629744362510102
0.00012095856102003642,0.09568627450980392,0.004619620238947098,2.1285016576120275
0.00012105343047965998,0.0956112852664577,0.003121998476968108,1.6605809409674928
0.00012114829993928355,0.09553641346906812,0.003512137031974365,2.2293260185699477
0.0001212431693989071,0.09546165884194052,0.0022904064442438813,0.9470071279662529
0.00012133803885853066,0.09538702111024237,0.0042287457881831185,1.8972318761548275
0.00012143290831815421,0.0953125,0.0017801353067987895,1.5717277842615751
0.00012152777777777777,0.09523809523809525,0.0032052873882824785,1.1963266124875425
0.00012162264723740132,0.0951638065522621,0.006094259450659923,0.9319563906688022
0.00012171751669702489,0.0950896336710834,0.0015002269456406345,1.7744905327278753
0.00012181238615664845,0.09501557632398755,0.0031871720666562507,1.5903767911975624
0.000121907255616272,0.09494163424124515,0.002415509955269058,-0.297640976045028
0.00012200212507589557,0.09486780715396578,0.0034408522762671054,1.2483794543497266
0.00012209699453551913,0.0947940947940948,0.0035286831270973803,1.2903940137984011
0.00012219186399514267,0.09472049689440995,0.0023126682327075615,1.8464375248892972
0.00012228673345476623,0.09464701318851824,0.005134799797253505,1.9477202869827501
0.0001223816029143898,0.09457364341085271,0.0038051093363574164,1.6396390838166983
0.00012247647237401336,0.09450038729666925,0.0027806516830112585,1.532288331116717
0.00012257134183363692,0.09442724458204334,0.003333436469039216,1.248721354259709
0.00012266621129326046,0.09435421500386698,0.004730263056981654,2.0725354216539245
0.00012276108075288402,0.09428129829984545,0.0025131360259676733,0.9685532771156415
0.00012285595021250758,0.09420849420849421,0.0016935678602446407,2.649642801047774
0.00012295081967213115,0.0941358024691358,0.002069302709786392,-0.10037127459221094
0.0001230456891317547,0.09406322282189668,0.0036566581475219423,0.6176349664714211
0.00012314055859137825,0.09399075500770418,0.003157855568250171,1.1636129499194958
0.0001232354280510018,0.0939183987682833,0.0031470342779248987,2.8866614835846396
0.00012333029751062537,0.09384615384615384,0.004952503622597012,1.9908475318706547
0.00012342516697024894,0.09377401998462721,0.0013396062159876426,-1.9703448109168973
0.0001235200364298725,0.09370199692780339,0.004667526538081214,2.1694139188044503
0.00012361490588949604,0.09363008442056793,0.0018848934347891835,3.121359756160179
0.0001237097753491196,0.09355828220858897,0.0048244759770469286,0.5913760107480379
0.00012380464480874317,0.09348659003831418,0.003972295618345427,0.7667999565678902
0.00012389951426836673,0.09341500765696784,0.0019112388111571206,0.8924887732247192
0.00012399438372799027,0.09334353481254784,0.0007117002356145137,0.43445899778648
0.00012408925318761383,0.09327217125382263,0.001900185110369203,1.839805769758961
0.0001241841226472374,0.0932009167303285,0.0018766400064680257,2.8176030323222028
0.00012427899210686096,0.09312977099236641,0.0021878642819316216,1.7741959199114556
0.00012437386156648452,0.09305873379099923,0.00201712575982181,-2.851877641463744
0.00012446873102610806,0.0929878048780488,0.003284849789813395,0.7707225441546445
0.00012456360048573162,0.09291698400609293,0.00279247047052217,0.9720329151320414
0.00012465846994535518,0.09284627092846272,0.003987011461438286,1.511409477954211
0.00012475333940497875,0.09277566539923955,0.0009705058163394561,0.07223936914294043
0.0001248482088646023,0.09270516717325228,0.0008569267858419524,0.3392437596846841
0.00012494307832422585,0.09263477600607442,0.0039003662478686346,0.714230198497961
0.0001250379477838494,0.09256449165402125,0.0010469504136343846,1.7154116998060824
0.00012513281724347298,0.09249431387414708,0.0030622126003194117,1.710342524736341
0.00012522768670309654,0.09242424242424242,0.0029667669459699994,2.6018767678565387
0.0001253225561627201,0.09235427706283118,0.0034048496536719613,1.448392884929257
0.00012541742562234364,0.09228441754916794,0.0010029259217063833,0.08649448168061553
0.0001255122950819672,0.09221466364323508,0.004463796945943622,2.295439752195678
0.00012560716454159077,0.09214501510574019,0.0010937379326157377,1.5599397047226313
0.00012570203400121433,0.09207547169811321,0.0019381449007733473,2.2625371875709503
0.0001257969034608379,0.09200603318250376,0.0016912278123428844,1.485501921929126
0.00012589177292046143,0.09193669932177846,0.0016158312685958232,2.3994287197595536
0.000125986642380085,0.09186746987951808,0.0018605640545086303,1.0221550142091989
0.00012608151183970856,0.09179834462001506,0.0032129535687704033,0.7346578696884539
0.00012617638129933212,0.09172932330827067,0.0028002149651678763,0.09550395752687818
0.00012627125075895566,0.0916604057099925,0.0050729664406060195,2.136621278488863
0.00012636612021857922,0.0915915915915916,0.0028520795873854736,1.775439012573149
0.00012646098967820278,0.09152288072018006,0.0020974977588137,1.8433360995889994
0.00012655585913782635,0.09145427286356822,0.002683149903718614,1.5625987141303221
0.0001266507285974499,0.09138576779026217,0.0005884604051642141,-2.0586705017990528
0.00012674559805707345,0.09131736526946109,0.0023883181137658105,0.6802570550881698
0.000126840467516697,0.09124906507105461,0.0018811081387864266,1.586027193997518
0.00012693533697632058,0.09118086696562033,0.0022443147792306933,1.9010510902884
0.00012703020643594414,0.09111277072442121,0.0023129917342965076,1.0712457561412259
0.0001271250758955677,0.09104477611940298,0.002689319913707238,1.5313064419300717
0.00012721994535519124,0.09097688292319166,0.0034853768571153306,1.8142002336480216
0.0001273148148148148,0.09090909090909091,0.004914553937123751,1.8144381763903357
0.00012740968427443837,0.09084139985107968,0.0006294732531014143,1.3759893472536422
0.00012750455373406193,0.09077380952380952,0.003333561917200227,1.1028415739020605
0.0001275994231936855,0.09070631970260223,0.0008335860182791999,-0.9483980750868968
0.00012769429265330903,0.09063893016344726,0.0036640881161017725,1.7446294050655196
0.0001277891621129326,0.09057164068299926,0.003770751341247626,1.2349455089763985
0.00012788403157255616,0.09050445103857567,0.002255619761828845,1.3750057265944777
0.00012797890103217972,0.0904373610081542,0.002113668782409618,2.2598776099428894
0.00012807377049180329,0.09037037037037036,0.0011686061576214018,1.105010886251259
0.00012816863995142682,0.09030347890451518,0.003082546007507972,0.7290495571486603
0.00012826350941105039,0.09023668639053256,0.0021819237460477736,1.190894221752725
0.00012835837887067395,0.09016999260901701,0.001199559877856661,2.4550530540612785
0.0001284532483302975,0.09010339734121121,0.0015710880541856432,1.5878508521492527
0.00012854811778992105,0.0900369003690037,0.0033211014498204447,0.7875819310595378
0.0001286429872495446,0.08997050147492627,0.0031841553160998712,1.3771977740744565
0.00012873785670916818,0.0899042004421518,0.0033859104842303,1.2339317446029434
0.00012883272616879174,0.0898379970544919,0.003006136773065719,1.6850246963845414
0.0001289275956284153,0.0897718910963944,0.0040431007239731444,1.7742763260858012
0.00012902246508803884,0.08970588235294119,0.0016392712512842621,0.9873599440636943
0.0001291173345476624,0.08963997060984571,0.0010463740017420428,1.1672843261469998
0.00012921220400728597,0.08957415565345081,0.0017925933026058398,1.057809709445618
0.00012930707346690953,0.08950843727072634,0.0024781969038990184,2.882690484795071
0.0001294019429265331,0.08944281524926687,0.0023196710626510516,2.7641674981746998
0.00012949681238615663,0.08937728937728939,0.002276355254353697,1.3328977076358743
0.0001295916818457802,0.08931185944363104,0.0042725666235251475,1.279658915230685
0.00012968655130540376,0.0892465252377469,0.0028398186336357585,1.4730294532601305
0.00012978142076502732,0.0891812865497076,0.004128394075454495,1.00368648231798
0.00012987629022465089,0.08911614317019723,0.0025274865534928278,1.7333042108734191
0.00012997115968427442,0.08905109489051095,0.0006299932506596675,2.5045331523388863
0.00013006602914389799,0.08898614150255289,0.00014485537038861902,1.2212928481438512
0.00013016089860352155,0.08892128279883382,0.0019962811923970643,0.835942743159648
0.0001302557680631451,0.08885651857246905,0.0009821877636631469,2.2998170288705775
0.00013035063752276868,0.08879184861717612,0.003408524066465431,1.9638607766666356
0.0001304455069823922,0.08872727272727274,0.0036936323268584137,0.9689361487673305
0.00013054037644201578,0.08866279069767442,0.0020560968390443534,1.3034881214911225
0.00013063524590163934,0.08859840232389252,0.0038202082292129653,1.5938142806627333
0.0001307301153612629,0.08853410740203192,0.003915245785966396,0.9973591730181189
0.00013082498482088644,0.08846990572878899,0.0026922707120485474,0.19546132219139126
0.00013091985428051,0.08840579710144929,0.002865903143707154,0.5199347143668201
0.00013101472374013357,0.08834178131788559,0.0015449685272985612,-0.15392330968640064
0.00013110959319975713,0.08827785817655572,0.003774308748461146,1.7300644953387259
0.0001312044626593807,0.08821402747650037,0.002138304443442564,2.8826287208504238
0.00013129933211900423,0.08815028901734105,0.0018665602810425013,2.473947863021592
0.0001313942015786278,0.08808664259927798,0.0002562214805306472,-0.6122669953415542
0.00013148907103825136,0.08802308802308803,0.001605791295540897,1.9140744523903606
0.00013158394049787492,0.08795962509012256,0.0016766713558678363,1.9513382603034406
0.0001316788099574985,0.08789625360230548,0.0036406212063437573,0.5142544503314399
0.00013177367941712202,0.08783297336213104,0.001766758972512379,0.8831535235981047
0.0001318685488767456,0.08776978417266189,0.0023852335625705275,0.3835763334547747
0.00013196341833636915,0.08770668583752696,0.0025996208327768856,1.9402362120968903
0.00013205828779599271,0.08764367816091954,0.0025476036053056227,1.3336220698232497
0.00013215315725561628,0.08758076094759512,0.0021350861466786298,2.0304666478027595
0.00013224802671523981,0.08751793400286946,0.0011776083153522887,-3.1298926209644153
0.00013234289617486338,0.0874551971326165,0.0020389582672570464,1.7852615731035744
0.00013243776563448694,0.08739255014326647,0.0018975733901590212,0.9207814694840019
0.0001325326350941105,0.08732999284180386,0.001011540393236484,-0.762372941687733
0.00013262750455373407,0.08726752503576538,0.0014213371224124213,0.40935341649178575
0.0001327223740133576,0.08720514653323803,0.002401277791354046,0.1507921494477386
0.00013281724347298117,0.08714285714285715,0.0032528486238672357,1.6587560012913956
0.00013291211293260473,0.08708065667380444,0.0030281627989990506,2.1103565112181224
0.0001330069823922283,0.08701854493580599,0.002239395241146457,1.4692783267048948
0.00013310185185185183,0.08695652173913045,0.0014046965131222086,2.7287765216517306
0.0001331967213114754,0.0868945868945869,0.0005464168973420274,2.204798967379309
0.00013329159077109896,0.08683274021352314,0.0020020150712245915,1.0795539279840285
0.00013338646023072252,0.08677098150782361,0.0031056110693979426,1.3719454097347197
0.0001334813296903461,0.0867093105899076,0.0019752557345848235,2.6275066180405773
0.00013357619914996962,0.08664772727272728,0.0007929874540215811,-0.38749982031778335
0.0001336710686095932,0.0865862313697658,0.0004554652347897576,-1.1065341959975425
0.00013376593806921675,0.08652482269503546,0.0025734806887106015,1.9558284873331786
0.00013386080752884031,0.08646350106307583,0.002347479951946909,0.6862405644606872
0.00013395567698846388,0.08640226628895184,0.0008905488089284258,0.9093018528515869
0.00013405054644808741,0.08634111818825195,0.0018204952305077805,1.6547113226202486
0.00013414541590771098,0.08628005657708629,0.0011361323293741519,0.6652039557353685
0.00013424028536733454,0.0862190812720848,0.0014117720878298195,0.24436690798748376
0.0001343351548269581,0.08615819209039548,0.0008351486978847384,0.8168571892881005
0.00013443002428658167,0.08609738884968243,0.0021378925883804817,1.4825294608056903
0.0001345248937462052,0.08603667136812412,0.0012350904549535305,2.1014557490468966
0.00013461976320582877,0.08597603946441157,0.002646266332213295,2.1395349413892952
0.00013471463266545233,0.08591549295774648,0.002098293429141627,1.464598127027297
0.0001348095021250759,0.08585503166783956,0.0020385457726585354,1.5137233957778833
0.00013490437158469946,0.08579465541490858,0.0031593124837424455,1.0036237527466065
0.000134999241044323,0.08573436401967675,0.004432436540460102,0.6693518733234122
0.00013509411050394656,0.08567415730337079,0.003394347946649704,0.8315445257441411
0.00013518897996357012,0.0856140350877193,0.0022919424677846417,1.1809411158738015
0.0001352838494231937,0.08555399719495091,0.0020854762587461037,2.4310387460740404
0.00013537871888281722,0.08549404344779259,0.0034497137743363534,-2.9087683697050712
0.0001354735883424408,0.0854341736694678,0.004396036740166416,1.660055959739316
0.00013556845780206435,0.08537438768369489,0.002249678873492079,1.1089394052207553
0.00013566332726168792,0.0853146853146853,0.002884722310222542,1.7515576334528915
0.00013575819672131148,0.08525506638714186,0.001535062836829608,1.6019835068638792
0.00013585306618093502,0.08519553072625699,0.0028590522983319975,1.2070571240217094
0.00013594793564055858,0.08513607815771111,0.00190006854851706,0.9247060337374027
0.00013604280510018214,0.08507670850767085,0.0036008606096714236,2.229154640074817
0.0001361376745598057,0.08501742160278745,0.0013262409759020298,2.0026958870268547
0.00013623254401942927,0.084958217270195,0.0028922307405677213,2.317295043374226
0.0001363274134790528,0.08489909533750871,0.002398695020284031,1.0000439455303083
0.00013642228293867637,0.08484005563282337,0.004511869628104824,2.0857015412101862
0.00013651715239829993,0.08478109798471162,0.006166285812974777,1.2407948540001268
0.0001366120218579235,0.08472222222222223,0.0031479047690245437,1.936876095119375
0.00013670689131754706,0.08466342817487855,0.002644443426206438,0.9718125186825631
0.0001368017607771706,0.08460471567267684,0.002522001144454632,0.5292722125606811
0.00013689663023679416,0.08454608454608455,0.0034266691381347417,0.858677028379699
0.00013699149969641772,0.0844875346260388,0.003342148929348547,2.21794858459007
0.0001370863691560413,0.08442906574394463,0.0010463782381133742,0.07516608726815785
0.00013718123861566485,0.08437067773167359,0.001018040936369983,-0.31699582115517344
0.0001372761080752884,0.08431237042156187,0.004405166457703346,0.9464048489243633
0.00013737097753491195,0.08425414364640885,0.002616664250204864,1.1886941021851747
0.00013746584699453552,0.0841959972394755,0.002983283756757502,1.519419660589219
0.00013756071645415908,0.08413793103448275,0.0020798025053198775,0.9925891930992389
0.00013765558591378262,0.08407994486560993,0.00297837245234407,2.717449633085216
0.00013775045537340618,0.08402203856749312,0.002040752298563289,1.377597625100177
0.00013784532483302974,0.08396421197522368,0.0011834060652782343,1.3568877331380111
0.0001379401942926533,0.08390646492434664,0.0011495189938263586,1.370467502388802
0.00013803506375227687,0.0838487972508591,0.0031694836579211024,2.1372762661464644
0.0001381299332119004,0.0837912087912088,0.001950713448653292,0.5479025068625515
0.00013822480267152397,0.08373369938229239,0.0020828924767799318,1.0240418803687452
0.00013831967213114753,0.08367626886145405,0.0029948366876458164,1.3170589418363212
0.0001384145415907711,0.08361891706648389,0.0017713499788453416,1.601789185461396
0.00013850941105039466,0.08356164383561643,0.0035450493514768144,1.2720446545877415
0.0001386042805100182,0.0835044490075291,0.0023229218223843827,0.010729284255697503
0.00013869914996964176,0.08344733242134063,0.001782375621662294,1.8111318281685405
0.00013879401942926533,0.08339029391660971,0.0010459918524460502,1.365689722997565
0.0001388888888888889,0.08333333333333333,0.0022696169861472558,2.0322516857562394
0.00013898375834851245,0.08327645051194539,0.0028071824575575935,1.4356225030094625
0.000139078627808136,0.08321964529331516,0.0022478331949304983,1.7354804623391056
0.00013917349726775955,0.08316291751874574,0.004256912058177333,0.9115249133458038
0.00013926836672738312,0.08310626702997276,0.0008285254633830643,0.3939065333965028
0.00013936323618700668,0.08304969366916269,0.002101010964838364,1.5959069710438352
0.00013945810564663024,0.08299319727891155,0.0010350440682175986,0.9835471011274075
0.00013955297510625378,0.08293677770224338,0.002165208911433479,1.05257291416261
0.00013964784456587734,0.0828804347826087,0.0030885266270837524,0.9591185755609849
0.0001397427140255009,0.08282416836388323,0.002300621879932971,2.4169233044671232
0.00013983758348512447,0.08276797829036635,0.0026869083997174037,1.4333987855292405
0.000139932452944748,0.08271186440677968,0.0026400155876496923,1.423738816749578
0.00014002732240437157,0.08265582655826559,0.0018546986368940472,1.3611902521610209
0.00014012219186399513,0.08259986459038592,0.003929309305858373,2.240229281774102
0.0001402170613236187,0.08254397834912043,0.0022276770483852983,1.0334384154591039
0.00014031193078324226,0.08248816768086545,0.0009354711618359084,1.6300135011662966
0.0001404068002428658,0.08243243243243245,0.00157181221363703,0.9928055089966584
0.00014050166970248936,0.0823767724510466,0.00215053639945191,-0.02696632303911188
0.00014059653916211293,0.08232118758434548,0.004093267242729315,1.2502835263651888
0.0001406914086217365,0.08226567768037761,0.003750547556654154,1.2075032421561605
0.00014078627808136005,0.08221024258760108,0.002560060021080419,2.4646176809442553
0.0001408811475409836,0.08215488215488216,0.002209232017592781,0.4312939849517614
0.00014097601700060715,0.08209959623149395,0.0030601668891885292,0.7821948757762173
0.00014107088646023072,0.082044384667115,0.0019668944357929177,0.8137381996799776
0.00014116575591985428,0.08198924731182795,0.0016731323809770747,2.354447737024273
0.00014126062537947784,0.0819341840161182,0.0023153531041243875,-1.029638477276418
0.00014135549483910138,0.0818791946308725,0.0024026314125623308,2.9354282707141794
0.00014145036429872494,0.08182427900737761,0.0020259952047972677,0.932921924471673
0.0001415452337583485,0.08176943699731903,0.002768281108494641,2.2754432210331634
0.00014164010321797207,0.08171466845277964,0.0027079079203641307,1.6917630636078016
0.00014173497267759564,0.08165997322623829,0.002574843379701728,2.5439251539672254
0.00014182984213721917,0.08160535117056857,0.0023921374060804222,1.081698789312458
0.00014192471159684274,0.08155080213903744,0.0013588231441711885,0.9195311250840276
0.0001420195810564663,0.08149632598530394,0.0022996740592030386,1.548698031998419
0.00014211445051608986,0.08144192256341788,0.001319720412194681,2.0311208256237197
0.0001422093199757134,0.08138759172781855,0.0019070456360933596,1.081247009254116
0.00014230418943533696,0.08133333333333334,0.0007803335630335511,-2.909442587538139
0.00014239905889496053,0.08127914723517655,0.005532198526966071,2.0413534652390433
0.0001424939283545841,0.08122503328894806,0.0030079462539640022,2.0075576070927936
0.00014258879781420765,0.08117099135063206,0.0017815205149742227,1.1337291815876749
0.0001426836672738312,0.08111702127659576,0.002232724603911079,0.4962255679660305
0.00014277853673345475,0.08106312292358805,0.003041876828271033,0.20684330355365732
0.00014287340619307832,0.08100929614873838,0.0017434530470840045,0.6102686285286099
0.00014296827565270188,0.0809555408095554,0.0018163941856703199,1.5112062566145925
0.00014306314511232544,0.08090185676392572,0.0017897574462984167,1.449364164060389
0.00014315801457194898,0.08084824387011266,0.002273366737218623,2.1524755926428356
0.00014325288403157254,0.08079470198675498,0.002826086301457987,1.6967800744293604
0.0001433477534911961,0.08074123097286566,0.0017374312371164025,1.461587217784446
0.00014344262295081967,0.08068783068783068,0.003067892159686042,1.3267308738022174
0.00014353749241044324,0.0806345009914078,0.0034037526881677445,1.1186703779615192
0.00014363236187006677,0.08058124174372525,0.0030215383039531706,1.2284931813636868
0.00014372723132969034,0.08052805280528054,0.0020380246538991733,1.605412810096078
0.0001438221007893139,0.08047493403693932,0.0029637767078340162,1.3264969688766548
0.00014391697024893746,0.08042188529993408,0.0025986089523878974,0.8768381279518741
0.00014401183970856103,0.08036890645586298,0.001909181684607316,2.04265652225094
0.00014410670916818456,0.08031599736668861,0.003922614678872519,1.4212528586109656
0.00014420157862780813,0.08026315789473684,0.0038326545340003613,1.3021903280118543
0.0001442964480874317,0.08021038790269559,0.003244839633539999,1.9657724659268114
0.00014439131754705525,0.08015768725361366,0.0009776131391373833,1.1711161321736412
0.0001444861870066788,0.08010505581089955,0.0020970895909056884,1.1359410683271818
0.00014458105646630235,0.08005249343832022,0.003205059335349574,1.5673394662773164
0.00014467592592592592,0.08,0.00338774549785697,1.8194872882633024
0.00014477079538554948,0.0799475753604194,0.001683199390514634,1.4449141026919525
0.00014486566484517305,0.07989521938441388,0.0020911978437280084,2.254708729857109
0.00014496053430479658,0.07984293193717279,0.0009942923965310926,1.9825801574803281
0.00014505540376442015,0.07979071288423807,0.0036397444059501375,0.9085737220700713
0.0001451502732240437,0.07973856209150328,0.0031544094485984157,1.1294274264847666
0.00014524514268366727,0.07968647942521229,0.004108817538525062,1.3138360801461466
0.00014534001214329084,0.07963446475195822,0.0023508857099361928,1.0971314575913451
0.00014543488160291437,0.07958251793868233,0.0019567720087479315,1.7292483739508653
0.00014552975106253794,0.07953063885267275,0.003720931740327438,1.735092492863987
0.0001456246205221615,0.07947882736156352,0.0022025933989464944,1.9050303674160154
0.00014571948998178506,0.07942708333333333,0.0014832687528813203,1.2453793094467698
0.00014581435944140863,0.07937540663630449,0.0018253765793790672,1.9989345707700277
0.00014590922890103216,0.07932379713914176,0.0031258488105282206,0.8877618318718253
0.00014600409836065573,0.0792722547108512,0.0024468364859173562,1.1269283629928948
0.0001460989678202793,0.07922077922077922,0.0030756614213262802,0.5389222552342542
0.00014619383727990285,0.0791693705386113,0.0023182086595636563,1.7273576238960693
0.0001462887067395264,0.07911802853437096,0.002346579015712999,1.7063341150698457
0.00014638357619914995,0.07906675307841868,0.0035855177183537076,1.4228974282499238
0.00014647844565877352,0.07901554404145078,0.0029348707884790173,1.908627745978503
0.00014657331511839708,0.07896440129449839,0.0035815478857704123,1.9513265787952514
0.00014666818457802065,0.07891332470892626,0.00090863013896852,2.4349780033070423
0.00014676305403764418,0.07886231415643181,0.0037622024122223956,1.1360547326606014
0.00014685792349726775,0.07881136950904394,0.0028526803560157124,0.7512200268609298
0.0001469527929568913,0.07876049063912202,0.003511432220556793,0.8456405592206349
0.00014704766241651487,0.07870967741935485,0.0016213390913590263,0.36808255321160216
0.00014714253187613844,0.07865892972275951,0.0005507609608078778,2.0746745305336844
0.00014723740133576197,0.07860824742268042,0.0018747997924832927,1.3112865019581645
0.00014733227079538554,0.07855763039278817,0.001696456663878055,0.45981001796120374
0.0001474271402550091,0.07850707850707851,0.001602587580219635,2.3171122415111283
0.00014752200971463266,0.07845659163987138,0.0029327911379028425,1.6587793226102467
0.00014761687917425623,0.07840616966580977,0.002381351253015073,1.0513832623990313
0.00014771174863387976,0.0783558124598587,0.0033099635738119554,1.4573238951299738
0.00014780661809350333,0.07830551989730425,0.003166017161138829,1.596499280058312
0.0001479014875531269,0.0782552918537524,0.0015826571773316959,1.765816683366392
0.00014799635701275046,0.0782051282051282,0.00158694385823005,0.27548670558877664
0.00014809122647237402,0.07815502882767457,0.0012004276567697764,1.4425628086420028
0.00014818609593199756,0.07810499359795135,0.0007186514223976567,0.17224107927954713
0.00014828096539162112,0.0780550223928343,0.0016763928286312878,1.319252411237943
0.00014837583485124468,0.07800511508951406,0.003339996693885638,1.9934171867639225
0.00014847070431086825,0.07795527156549521,0.0035400090891763666,2.014955800154715
0.00014856557377049178,0.07790549169859516,0.0022254824496340123,1.2119227175223886
0.00014866044323011535,0.07785577536694321,0.0025998096994963894,1.3641257505686242
0.0001487553126897389,0.0778061224489796,0.002354021217905572,1.2177920638933553
0.00014885018214936247,0.07775653282345443,0.0009224320299965925,2.5545040573191846
0.00014894505160898604,0.07770700636942675,0.0012022177981920823,1.8245915139319773
0.00014903992106860957,0.07765754296626354,0.0010977305843043461,0.8485632377959147
0.00014913479052823314,0.07760814249363869,0.0010206281638884785,1.199685910316212
0.0001492296599878567,0.0775588048315321,0.002158745898500333,0.6386345661543736
0.00014932452944748026,0.07750952986022872,0.002192542683606384,1.5258553322018997
0.00014941939890710383,0.07746031746031747,0.0029472569392739014,1.716094395550184
0.00014951426836672736,0.07741116751269037,0.0018683030173565823,1.2119624041386172
0.00014960913782635093,0.07736207989854155,0.0023027047827004136,0.7073619450789934
0.0001497040072859745,0.07731305449936629,0.002551990419772632,1.338543268728312
0.00014979887674559806,0.07726409119696011,0.002454134538723807,1.9165526507243125
0.00014989374620522162,0.07721518987341773,0.0016841308207838927,1.3394061279751253
0.00014998861566484516,0.0771663504111322,0.0009533151940315313,0.6757231088514967
0.00015008348512446872,0.07711757269279394,0.0009689350894787921,2.1846479128402163
0.00015017835458409228,0.07706885660138978,0.0037972566228037983,1.3649133081206843
0.00015027322404371585,0.07702020202020203,0.0014103892533162655,0.74583244069542
0.0001503680935033394,0.07697160883280757,0.0028446089809927065,1.4513141063520452
0.00015046296296296295,0.07692307692307693,0.0010991573988201183,3.0843345183572533
0.0001505578324225865,0.07687460617517329,0.001200992491046828,2.1820983648891867
0.00015065270188221007,0.07682619647355164,0.0013733958690297177,1.5246580595000476
0.00015074757134183364,0.07677784770295784,0.0018986090617985078,1.0912098350124968
0.00015084244080145717,0.07672955974842768,0.0019135610601275052,1.7996678576434855
0.00015093731026108074,0.07668133249528598,0.0019373858390269356,1.5293873952393604
0.0001510321797207043,0.07663316582914573,0.0024449780985918417,0.942661285861374
0.00015112704918032787,0.07658505963590709,0.0036328350500993696,1.5151074995647473
0.00015122191863995143,0.07653701380175659,0.0013896120804098428,1.5473764821190068
0.00015131678809957497,0.07648902821316615,0.0019155498590457888,1.7304210898349093
0.00015141165755919853,0.07644110275689224,0.0014441433645090665,1.8598508191617902
0.0001515065270188221,0.07639323731997495,0.00214860841019269,2.8407506660700346
0.00015160139647844566,0.07634543178973717,0.003470351619961411,0.8869326842301225
0.00015169626593806922,0.07629768605378362,0.0022300884659984775,0.704504139894949
0.00015179113539769276,0.07625000000000001,0.002191468339884116,1.1925472246546962
0.00015188600485731632,0.07620237351655215,0.0026632782943078878,1.7842387995849394
0.00015198087431693988,0.07615480649188515,0.002051295723740893,1.4649912328054207
0.00015207574377656345,0.0761072988147224,0.002442491647107546,1.8498613104158106
0.000152170613236187,0.07605985037406483,0.0024659386552610438,1.487926961986405
0.00015226548269581055,0.07601246105919003,0.002443226462583603,2.5657599287470454
0.0001523603521554341,0.07596513075965132,0.003159907316204341,1.2441706109527804
0.00015245522161505767,0.07591785936527692,0.0009067297728502285,1.3477039062985472
0.00015255009107468124,0.07587064676616916,0.002903229020299513,2.127157254744467
0.0001526449605343048,0.07582349285270354,0.0012732048125852094,1.8142381934199743
0.00015273982999392834,0.07577639751552796,0.0025300067090318666,1.529260116301739
0.0001528346994535519,0.07572936064556177,0.0023024571600156864,0.5144972985067245
0.00015292956891317547,0.07568238213399504,0.002984114873394921,1.2834387645360252
0.00015302443837279903,0.07563546187228766,0.0031536008670781405,1.2631412511297837
0.00015311930783242257,0.07558859975216854,0.0005274957529429464,1.5066419334338657
0.00015321417729204613,0.07554179566563468,0.0018105355945000365,0.9361436796755782
0.0001533090467516697,0.07549504950495049,0.0021063542188697504,0.7038890425715443
0.00015340391621129326,0.07544836116264689,0.003832001576482854,1.7870375587321503
0.00015349878567091682,0.0754017305315204,0.0018207685825542207,1.6772117296463274
0.00015359365513054036,0.0753551575046325,0.003067643587120682,1.8547680120191665
0.00015368852459016392,0.07530864197530865,0.002021461870775934,1.6675625256934654
0.00015378339404978748,0.07526218383713756,0.0029522608810031554,1.318937965475812
0.00015387826350941105,0.07521578298397041,0.0022343323045434624,1.1234948210457831
0.0001539731329690346,0.0751694393099199,0.0020938110434882205,0.5089777785305482
0.00015406800242865815,0.07512315270935961,0.0027169335393038875,0.3446290118226946
0.0001541628718882817,0.07507692307692308,0.0034058369268947417,1.8164747928541207
0.00015425774134790528,0.07503075030750309,0.0020452146364757983,2.6381119770810693
0.00015435261080752884,0.07498463429625077,0.003952331834390338,1.534249647770519
0.0001544474802671524,0.07493857493857493,0.0015328402438763535,2.799454470037036
0.00015454234972677594,0.07489257213014121,0.0033634889188311795,2.080766881237983
0.0001546372191863995,0.07484662576687116,0.0013599499147178087,0.9700048357570359
0.00015473208864602307,0.07480073574494175,0.002427476180467263,0.6306861676833831
0.00015482695810564663,0.07475490196078431,0.0033882512678154904,1.0661734131971667
0.0001549218275652702,0.0747091243110839,0.002832791979146291,1.808608966733565
0.00015501669702489373,0.07466340269277846,0.0019146383204729767,1.030750615467237
0.0001551115664845173,0.07461773700305811,0.0017102024675125485,2.6643625011462917
0.00015520643594414086,0.0745721271393643,0.0011803145685124125,1.0211742267463275
0.00015530130540376442,0.07452657299938913,0.0013653040201902498,1.489825220835018
0.00015539617486338796,0.0744810744810745,0.0008157399609533753,1.868031787750766
0.00015549104432301152,0.07443563148261136,0.001385493051013989,2.8762689221549187
0.00015558591378263508,0.07439024390243903,0.0017882970302301546,1.7264223062677864
0.00015568078324225865,0.07434491163924437,0.0010393563200989339,1.0161484966426861
0.0001557756527018822,0.07429963459196103,0.001151828788801003,0.9904408759927723
0.00015587052216150575,0.07425441265976873,0.0036920719027978134,1.053303860372147
0.0001559653916211293,0.07420924574209246,0.0011208301695403214,1.6039850836821108
0.00015606026108075288,0.07416413373860183,0.0021869287090172675,1.571987619057906
0.00015615513054037644,0.07411907654921021,0.0019865104662178204,-0.1428333957908594
0.00015625,0.07407407407407407,0.0013215868948767365,0.9910359630831603
0.00015634486945962354,0.07402912621359224,0.0019680093973774284,1.5029887294749693
0.0001564397389192471,0.07398423286840511,0.0012093646852092703,2.417128724693265
0.00015653460837887067,0.07393939393939394,0.002011540766088207,1.0859060435787788
0.00015662947783849423,0.0738946093276802,0.0020027418159200582,2.2212425120391774
0.0001567243472981178,0.07384987893462469,0.0012142026990655413,1.7170913561468042
0.00015681921675774133,0.073805202661827,0.0017940985513720776,2.566442178224815
0.0001569140862173649,0.07376058041112454,0.0016684165747122425,0.7891796997542189
0.00015700895567698846,0.07371601208459215,0.0022405943761463483,1.8725708004140325
0.00015710382513661202,0.07367149758454107,0.0020158047537945163,0.4127217288439042
0.00015719869459623559,0.0736270368135184,0.002195059372776751,1.9339784741138542
0.00015729356405585912,0.0735826296743064,0.00222961249782291,0.9932503718332096
0.00015738843351548269,0.07353827606992165,0.0013867632700222657,1.2584058838046397
0.00015748330297510625,0.07349397590361446,0.002567647849198408,1.9897397401907844
0.0001575781724347298,0.07344972907886815,0.001037011387266827,2.9653025306140113
0.00015767304189435335,0.07340553549939832,0.002392360438959074,2.3240750697499246
0.0001577679113539769,0.07336139506915214,0.0009428682695209346,0.9100167393101546
0.00015786278081360048,0.0733173076923077,0.001928237049093952,0.580266465814297
0.00015795765027322404,0.07327327327327328,0.001631074381077426,1.9395430637883397
0.0001580525197328476,0.07322929171668667,0.0016257607312818005,0.4951151172137396
0.00015814738919247114,0.07318536292741452,0.00271841074320543,1.178084295992876
0.0001582422586520947,0.07314148681055156,0.0032568630750394183,1.2729038829287243
0.00015833712811171827,0.07309766327142002,0.0010618145859177394,2.158434894768559
0.00015843199757134183,0.07305389221556886,0.0008690859823001475,2.6870408875653835
0.0001585268670309654,0.07301017354877318,0.0021941286398089828,1.42858393961467
0.00015862173649058893,0.0729665071770335,0.002973047454910563,2.1888892947923377
0.0001587166059502125,0.07292289300657502,0.002282941095557344,1.0712852347466522
0.00015881147540983606,0.07287933094384708,0.0016259511766080353,2.0510061199152716
0.00015890634486945962,0.07283582089552239,0.001844972413715966,1.6041144091953257
0.00015900121432908319,0.07279236276849642,0.0028413639270224497,1.1090774320030352
0.00015909608378870672,0.07274895646988672,0.0015326229713906138,-0.14440415489109826
0.00015919095324833029,0.0727056019070322,0.0016212643326924887,1.8667916565590268
0.00015928582270795385,0.07266229898749256,0.001912240312631862,-3.0714730272507524
0.0001593806921675774,0.07261904761904762,0.002037378837455105,0.053401485007388644
0.00015947556162720098,0.0725758477096966,0.0022710177841837207,1.814707307599577
0.0001595704310868245,0.07253269916765756,0.0012598665587904207,1.2136600028502469
0.00015966530054644808,0.07248960190136662,0.0018369750113456343,2.278586868548229
0.00015976017000607164,0.07244655581947744,0.0028516059208071503,1.2793781924621106
0.0001598550394656952,0.07240356083086054,0.0031508377351735484,2.115093407988613
0.00015994990892531874,0.07236061684460261,0.002605650652933287,0.6151527760357153
0.0001600447783849423,0.07231772377000593,0.0022687142153567153,0.4617744347199853
0.00016013964784456587,0.07227488151658767,0.0013739072477021612,1.4919545938003267
0.00016023451730418943,0.07223208999407935,0.0002338854870998387,2.2720173155891
0.000160329386763813,0.07218934911242604,0.001529204138556556,2.548338464478823
0.00016042425622343653,0.07214665878178593,0.0017101537112293134,-0.013156574306729753
0.0001605191256830601,0.07210401891252956,0.0026074133674995714,1.446207105192474
0.00016061399514268366,0.07206142941523923,0.0018043025761980546,1.3228958983759926
0.00016070886460230722,0.07201889020070838,0.0032689590545745668,1.1014265858823047
0.0001608037340619308,0.071976401179941,0.0022366810356536323,1.2333766210339072
0.00016089860352155432,0.07193396226415096,0.0020146150079365668,1.3063245085239241
0.0001609934729811779,0.07189157336476136,0.0023817343113957923,1.2900879752727776
0.00016108834244080145,0.07184923439340402,0.0020746821953298816,1.761981239172035
0.00016118321190042501,0.07180694526191878,0.0017838725391559123,1.680014974619647
0.00016127808136004858,0.07176470588235294,0.0008498945843531575,1.8361700526877591
0.00016137295081967211,0.07172251616696063,0.0017947350336959941,2.1434353241931494
0.00016146782027929568,0.07168037602820213,0.00105145696973791,2.6111049157850155
0.00016156268973891924,0.0716382853787434,0.001912517566319046,1.4966941199101296
0.0001616575591985428,0.07159624413145539,0.0030754022766903053,1.6080074963291828
0.00016175242865816637,0.07155425219941348,0.0020295076993440916,1.7982799508233231
0.0001618472981177899,0.07151230949589685,0.0023971962880209195,1.6337293597835782
0.00016194216757741347,0.07147041593438781,0.0014101355698277437,1.1885542913402805
0.00016203703703703703,0.07142857142857142,0.0011978315708888207,1.0719522447869712
0.0001621319064966606,0.07138677589233469,0.0011858815197910632,0.3819959701943966
0.00016222677595628413,0.07134502923976609,0.002469210126262146,0.8808662626364052
0.0001623216454159077,0.07130333138515488,0.0019481244240228323,2.2316904241267985
0.00016241651487553126,0.07126168224299066,0.0019632745818936254,0.7352929156401724
0.00016251138433515482,0.07122008172796264,0.0015582945408634502,1.157670117444104
0.0001626062537947784,0.07117852975495916,0.001978448716064589,0.8219517549876297
0.00016270112325440192,0.07113702623906706,0.0016799808389611575,2.193135176978938
0.0001627959927140255,0.0710955710955711,0.001985035770018635,1.2910259215555608
0.00016289086217364905,0.07105416423995341,0.0010348708208450204,0.93874327094649
0.00016298573163327261,0.0710128055878929,0.003489841239250578,1.035660583305238
0.00016308060109289618,0.07097149505526469,0.002962565790974782,1.2730487047655379
0.00016317547055251971,0.07093023255813954,0.0018002086608801594,2.4499656882680294
0.00016327034001214328,0.07088901801278327,0.0007369087500736853,2.0950245183330174
0.00016336520947176684,0.07084785133565621,0.002188996856761878,2.2948912686587506
0.0001634600789313904,0.07080673244341265,0.00124920691949253,1.5555259517894675
0.00016355494839101397,0.07076566125290024,0.0013347429970344189,1.5392028758571719
0.0001636498178506375,0.07072463768115943,0.0016528398190268946,1.3807231403070916
0.00016374468731026107,0.07068366164542295,0.000816229125805091,1.4442630542355632
0.00016383955676988463,0.07064273306311523,0.0011687926222092363,0.9248288175842377
0.0001639344262295082,0.07060185185185185,4.0552663448821963e-05,-0.8160798316203167
0.00016402929568913176,0.07056101792943897,0.002293293760382569,1.8151867493258482
0.0001641241651487553,0.07052023121387284,0.0029950802990771725,1.3273021237158504
0.00016421903460837886,0.07047949162333911,0.002487874784347833,1.2104877188432257
0.00016431390406800242,0.07043879907621248,0.002022579909726339,1.4230379282140466
0.000164408773527626,0.07039815349105596,0.0012453562243733597,1.5791478385090116
0.00016450364298724952,0.07035755478662054,0.0006944021520916415,1.4097218841791526
0.0001645985124468731,0.07031700288184438,0.0015985616792505608,2.028974771991427
0.00016469338190649665,0.07027649769585254,0.003888756536822224,1.605314199283487
0.00016478825136612022,0.07023603914795624,0.00126176349828076,1.865934620784846
0.00016488312082574378,0.07019562715765247,0.0011464572081297077,0.5909737555185569
0.00016497799028536732,0.07015526164462335,0.0009335314238416525,-0.029357299982498055
0.00016507285974499088,0.07011494252873564,0.0024710749994244392,0.7874304693345645
0.00016516772920461444,0.07007466973004021,0.0022271791169497894,0.6665072665415246
0.000165262598664238,0.07003444316877153,0.0026490107702823555,1.398273242154405
0.00016535746812386157,0.0699942627653471,0.0008909574934487663,0.4252285131802853
0.0001654523375834851,0.06995412844036698,0.001960268268056543,1.7737572068870702
0.00016554720704310867,0.06991404011461319,0.002101943207057057,1.8906296288284163
0.00016564207650273223,0.06987399770904926,0.0016144201355800772,1.5566283017164402
0.0001657369459623558,0.06983400114481969,0.00137831438934258,0.9338047442332027
0.00016583181542197936,0.06979405034324943,0.003659123392564642,1.4637750116992339
0.0001659266848816029,0.06975414522584335,0.0003951866740044212,2.5658584243859037
0.00016602155434122646,0.06971428571428571,0.0022363397838574533,1.363747922963688
0.00016611642380085002,0.06967447173043975,0.0007177667364536519,0.5735553296903465
0.0001662112932604736,0.06963470319634703,0.0021204011957688344,2.0134559696496233
0.00016630616272009715,0.06959498003422704,0.001008569796252781,1.0330630253583875
0.0001664010321797207,0.06955530216647662,0.001215692522003917,3.0255820801709468
0.00016649590163934425,0.06951566951566952,0.0012363317810515496,0.9233212286774781
0.00016659077109896782,0.06947608200455581,0.002404161996855119,1.8947449744160763
0.00016668564055859138,0.06943653955606147,0.002748202553930579,0.8974866520431257
0.00016678051001821492,0.06939704209328783,0.0030438659527735946,1.3456602107739775
0.00016687537947783848,0.06935758953951109,0.0019981195754815665,1.3545544083379795
0.00016697024893746204,0.06931818181818182,0.0008577451666786539,1.7441436354153754
0.0001670651183970856,0.06927881885292447,0.0019363244812570467,0.7036983735148977
0.00016715998785670917,0.06923950056753689,0.0024376438149556912,1.2656702171162113
0.0001672548573163327,0.0692002268859898,0.0013889390001955546,1.399727163318287
0.00016734972677595627,0.0691609977324263,0.0020127263167689256,1.3486309255811886
0.00016744459623557983,0.06912181303116148,0.0016250290098337187,1.9584085232112138
0.0001675394656952034,0.06908267270668177,0.0016699821055827595,0.5089683960230558
0.00016763433515482696,0.0690435766836446,0.0002771213921217365,1.5412355553191917
0.0001677292046144505,0.06900452488687783,0.0028677553753901045,1.7377090894577285
0.00016782407407407406,0.06896551724137932,0.003567517194715209,1.6781113208076937
0.00016791894353369763,0.06892655367231638,0.0020540796548826575,1.576090772902227
0.0001680138129933212,0.06888763410502541,0.0019891717467785926,1.2305628056872568
0.00016810868245294475,0.06884875846501129,0.0015171453606269783,1.2221236517226353
0.0001682035519125683,0.06880992667794698,0.002172575086633458,1.2670155822266826
0.00016829842137219185,0.06877113866967306,0.0012803406186740795,2.0844331511460776
0.00016839329083181542,0.06873239436619719,0.0018121004281312113,1.4649376943446906
0.00016848816029143898,0.06869369369369369,0.0015567652336893804,1.5824987084725386
0.00016858302975106254,0.0686550365785031,0.0008635226138142683,-1.5922952777817472
0.00016867789921068608,0.06861642294713162,0.0034435959111068885,1.2673119062175506
0.00016877276867030964,0.06857785272625071,0.0008671017818239177,-2.6067786679920544
0.0001688676381299332,0.06853932584269663,0.0013555124660590387,1.2559842257860896
0.00016896250758955677,0.06850084222346996,0.0016966592599261916,1.1664962261364251
0.0001690573770491803,0.06846240179573514,0.0029634384020343547,1.225081696126138
0.00016915224650880387,0.06842400448681997,0.000661288448676909,1.449124625751534
0.00016924711596842743,0.06838565022421525,0.0016695465134208005,0.6348532642214123
0.000169341985428051,0.06834733893557422,0.0003928966284087003,1.0820746494897688
0.00016943685488767456,0.0683090705487122,0.0030570006106472748,2.293139679137143
0.0001695317243472981,0.06827084499160606,0.0025657452797542097,0.5987217842096765
0.00016962659380692166,0.06823266219239374,0.0023795350248813746,2.0801534831235737
0.00016972146326654523,0.06819452207937396,0.001804942237155887,0.36533501266835827
0.0001698163327261688,0.06815642458100558,0.0016569892614175141,1.9088320198164948
0.00016991120218579235,0.06811836962590731,0.003518774943494382,0.967147296729342
0.0001700060716454159,0.06808035714285715,0.0018687644236449704,1.080816700620478
0.00017010094110503945,0.06804238706079196,0.0014618780203807225,1.2440193982996501
0.00017019581056466302,0.06800445930880714,0.0010756975840189636,1.0184884417030198
0.00017029068002428658,0.06796657381615599,0.0024754517262058707,1.9525727778182251
0.00017038554948391014,0.06792873051224944,0.002683690055856231,0.39192833669137045
0.00017048041894353368,0.06789092932665554,0.0026328494213296865,1.362522959472545
0.00017057528840315724,0.067853170189099,0.0018192582123901229,2.1780270321355855
0.0001706701578627808,0.0678154530294608,0.002996279320959111,1.991385563217401
0.00017076502732240437,0.06777777777777778,0.0018540997682124278,0.808357062109213
0.0001708598967820279,0.0677401443642421,0.00372057806602276,1.3179527176535129
0.00017095476624165147,0.06770255271920089,0.0033010835974256725,1.8052169500532378
0.00017104963570127504,0.06766500277315586,0.001430031516332051,-0.2375311908535106
0.0001711445051608986,0.06762749445676275,0.000988541739420632,1.7281121906846282
0.00017123937462052216,0.06759002770083103,0.0010661312161711774,1.408079992257046
0.0001713342440801457,0.06755260243632337,0.0021045891782832706,1.3958436121731057
0.00017142911353976926,0.06751521859435529,0.0024014350371080947,0.36628206105063954
0.00017152398299939283,0.0674778761061947,0.003870737641677865,1.4307999181929465
0.0001716188524590164,0.06744057490326147,0.0019878202616084115,1.828440284743261
0.00017171372191863995,0.06740331491712707,0.0020860527007414186,1.163380370739192
0.0001718085913782635,0.06736609607951409,0.0019153376121511159,1.295519950729002
0.00017190346083788705,0.0673289183222958,0.00347221623119458,1.4034442514374
0.00017199833029751062,0.06729178157749587,0.003144476027857867,1.6589890336054942
0.00017209319975713418,0.06725468577728776,0.00135534294866809,1.8467711259701154
0.00017218806921675774,0.06721763085399449,0.0017453872527745688,1.1049437817213907
0.00017228293867638128,0.06718061674008811,0.0018708795930675942,1.8985496329247724
0.00017237780813600484,0.06714364336818933,0.0013477518850519275,1.722721960771378
0.0001724726775956284,0.0671067106710671,0.0015727231372025913,2.3557077580029286
0.00017256754705525197,0.06706981858163827,0.0016573203911648979,2.387333269366391
0.00017266241651487554,0.06703296703296703,0.0020021362248643006,1.4494270389868316
0.00017275728597449907,0.06699615595826469,0.0016878358665375587,0.6777056564840322
0.00017285215543412264,0.06695938529088914,0.0020753344242373955,1.3677870730189827
0.0001729470248937462,0.06692265496434449,0.0012796747823171088,2.898190819590884
0.00017304189435336976,0.0668859649122807,0.001878053731406088,0.8887604987291162
0.0001731367638129933,0.06684931506849316,0.002424362133697299,1.1776623094072158
0.00017323163327261686,0.06681270536692224,0.001425130738077123,0.6685674343405832
0.00017332650273224043,0.06677613574165299,0.0022233326779454695,0.5264982228579117
0.000173421372191864,0.06673960612691467,0.002060989976273714,0.2990744159092855
0.00017351624165148755,0.06670311645708037,0.0017072592958813583,0.6663489721736715
0.0001736111111111111,0.06666666666666668,0.0007660422326208142,3.0135881251239987
0.00017370598057073465,0.06663025669033316,0.001876839542867857,1.237267857465121
0.00017380085003035822,0.0665938864628821,0.001456129772639692,1.7845785339970277
0.00017389571948998178,0.06655755591925805,0.0026160122847635405,1.1821055187034248
0.00017399058894960535,0.06652126499454743,0.0025364626819124308,2.2889489816304542
0.00017408545840922888,0.06648501362397821,0.0017984771564281722,1.5537817595086725
0.00017418032786885245,0.0664488017429194,0.0008654045876955862,2.4946614792501762
0.000174275197328476,0.0664126292868808,0.0027062396433226374,0.6644612996195214
0.00017437006678809957,0.06637649619151251,0.0007453514386532251,0.5885782230902068
0.00017446493624772314,0.06634040239260468,0.0023346441527334516,1.0858711095342641
0.00017455980570734667,0.06630434782608696,0.002484729852520204,1.9395856140294239
0.00017465467516697024,0.06626833242802825,0.000997941410967233,1.0181829972750818
0.0001747495446265938,0.06623235613463627,0.001939580528535118,1.458596335326654
0.00017484441408621736,0.06619641888225719,0.002219516677632038,1.559164813323707
0.00017493928354584093,0.06616052060737528,0.0011907564085157918,1.5011839496733506
0.00017503415300546446,0.06612466124661248,0.0014674511231466622,1.1509187782472456
0.00017512902246508803,0.06608884073672806,0.0028600839200600857,1.3289380081057725
0.0001752238919247116,0.0660530590146183,0.0012160854276418514,0.8960400120820088
0.00017531876138433515,0.06601731601731602,0.0015738020019820116,1.8156328047039951
0.0001754136308439587,0.06598161168199028,0.0013554670410573923,2.250669813522598
0.00017550850030358225,0.06594594594594595,0.0028417044888063604,1.596603519122195
0.00017560336976320582,0.06591031874662345,0.0016354851877841397,1.43517179533351
0.00017569823922282938,0.06587473002159827,0.0008246170949769144,2.367199183958575
0.00017579310868245295,0.06583917970858068,0.001447640423532273,1.4946930756206618
0.00017588797814207648,0.06580366774541532,0.001715247511802987,0.49050574811337266
0.00017598284760170005,0.06576819407008087,0.0018262586489884507,1.2881075430425055
0.0001760777170613236,0.06573275862068965,0.0013328527328515082,1.4250663992153356
0.00017617258652094717,0.06569736133548734,0.001089000385035585,0.6337091559030686
0.00017626745598057074,0.06566200215285252,0.0010529290341573343,-0.02528763585218253
0.00017636232544019427,0.0656266810112964,0.0016289390658520315,0.8823723534966234
0.00017645719489981784,0.06559139784946237,0.002579322770290067,1.6136718415566833
0.0001765520643594414,0.06555615260612574,0.0024800066726509487,1.9346990687732786
0.00017664693381906496,0.06552094522019335,0.0018403458611153081,1.6487766590474295
0.00017674180327868853,0.06548577563070317,0.002499182043680036,2.3800352515743275
0.00017683667273831206,0.06545064377682404,0.0013370273726865923,1.7116316952228392
0.00017693154219793563,0.06541554959785523,0.0018919075973589442,1.5021941703387445
0.0001770264116575592,0.06538049303322616,0.0022205593991593293,1.4645109058331636
0.00017712128111718276,0.06534547402249598,0.0007829724511256995,0.8258669922096461
0.00017721615057680632,0.06531049250535331,0.00166034477682281,0.7782897029780832
0.00017731102003642986,0.06527554842161584,0.0011700246574942305,1.9162478181869127
0.00017740588949605342,0.06524064171122995,0.00084550757557663,1.9027994205388024
0.00017750075895567698,0.06520577231427045,0.0025956507434636814,0.9991580461407032
0.00017759562841530055,0.06517094017094016,0.0018313477744581945,1.0474994906518833
0.00017769049787492408,0.06513614522156969,0.002306628619279757,1.7675733568503118
0.00017778536733454765,0.06510138740661688,0.0025173954959113454,0.8146542428845042
0.0001778802367941712,0.06506666666666668,0.0024802011346182345,1.1838824926272422
0.00017797510625379477,0.0650319829424307,0.0017862740707905746,1.1189635430066764
0.00017806997571341834,0.06499733617474694,0.0014576639025411361,1.3803879287302308
0.00017816484517304187,0.06496272630457935,0.0010394735059079331,1.0408772133140134
0.00017825971463266544,0.06492815327301757,0.0031094159612207357,2.03738679237143
0.000178354584092289,0.06489361702127659,0.0008847933098225133,2.2123057595134195
0.00017844945355191256,0.06485911749069644,0.0012872288927554896,1.3415848658609013
0.00017854432301153613,0.06482465462274177,0.0019733865536227233,0.707911101401807
0.00017863919247115966,0.0647902283590016,0.0022389697951442533,1.7820290752029344
0.00017873406193078323,0.06475583864118897,0.0014183804137469507,1.3916487287476202
0.0001788289313904068,0.06472148541114059,0.0031378746471910734,1.7177530332165039
0.00017892380085003036,0.06468716861081654,0.0012466273281576067,1.84320913730715
0.00017901867030965392,0.06465288818229994,0.0007623988528446353,1.5147181523382534
0.00017911353976927746,0.06461864406779662,0.001722946445936567,1.3947996176384503
0.00017920840922890102,0.06458443620963474,0.0014250727325695667,1.3535304415552543
0.00017930327868852458,0.06455026455026455,0.0014389429718270274,0.4999536995489503
0.00017939814814814815,0.06451612903225806,0.0007745215048197132,0.2917596775892641
0.0001794930176077717,0.06448202959830866,0.001557557182073927,0.8773015260204782
0.00017958788706739525,0.06444796619123086,0.0015004506759038131,1.8695890064201404
0.0001796827565270188,0.06441393875395987,0.0020020698676051366,1.6991065737731266
0.00017977762598664237,0.06437994722955145,0.0016261737816404697,1.4240913106552184
0.00017987249544626594,0.06434599156118144,0.0020334870776094294,1.4434399971970902
0.00017996736490588947,0.06431207169214549,0.0005174206500957674,0.6344549556491385
0.00018006223436551304,0.0642781875658588,0.0020616145134135246,1.1897235922692875
0.0001801571038251366,0.06424433912585571,0.0037321809038348697,1.1917380580598458
0.00018025197328476017,0.06421052631578948,0.0008007107650136504,2.3985875623128945
0.00018034684274438373,0.06417674907943188,0.002623563297169559,1.2944563999829255
0.00018044171220400727,0.06414300736067298,0.0016376274204957318,0.9150030002862207
0.00018053658166363083,0.06410930110352077,0.0008794195653198995,1.204298164779746
0.0001806314511232544,0.06407563025210085,0.00044301110328516643,1.1516684066637612
0.00018072632058287796,0.06404199475065617,0.002766801273799579,1.287687950223248
0.00018082119004250152,0.06400839454354669,0.0018055265014448457,1.893406366943181
0.00018091605950212506,0.0639748295752491,0.00225014744519214,1.4526321491635492
0.00018101092896174862,0.0639412997903564,0.0020754298587843437,0.38078620338018515
0.00018110579842137218,0.06390780513357779,0.0015828784111845643,1.9405841987808705
0.00018120066788099575,0.06387434554973823,0.001304124114760991,1.0760703054432
0.0001812955373406193,0.06384092098377812,0.0023582000692464375,1.739083006620029
0.00018139040680024285,0.06380753138075315,0.0013211299542086573,1.3511820905071303
0.0001814852762598664,0.06377417668583378,0.002424598771933047,2.347739316950527
0.00018158014571948997,0.06374085684430512,0.0014946361527833608,1.242081408519781
0.00018167501517911354,0.06370757180156658,0.0023918352386922436,1.7598207403169817
0.0001817698846387371,0.06367432150313151,0.0011601919729592124,1.8047695181385888
0.00018186475409836064,0.06364110589462703,0.0015542574362396317,0.7694724295459826
0.0001819596235579842,0.06360792492179354,0.00145042106013892,2.158829891930344
0.00018205449301760777,0.06357477853048463,0.0008494403757769261,1.5221214144174975
0.00018214936247723133,0.06354166666666666,0.001320280655010729,1.3381059371877002
0.00018224423193685487,0.06350858927641853,0.0011585671824028733,-0.3694701557250887
0.00018233910139647843,0.06347554630593133,0.0011306020675164617,1.0388284160317391
0.000182433970856102,0.06344253770150807,0.002059826408522605,1.3374614247288008
0.00018252884031572556,0.06340956340956341,0.0010675759511077222,1.5024021583202314
0.00018262370977534912,0.06337662337662338,0.002405557991985268,1.8478899136335873
0.00018271857923497266,0.06334371754932502,0.002025135843775455,1.22013094007217
0.00018281344869459622,0.0633108458744162,0.0024034869119640614,1.5048113335958964
0.00018290831815421978,0.0632780082987552,0.0012049723181414404,1.3561689243656811
0.00018300318761384335,0.06324520476931053,0.0012035289415199466,2.394070146535845
0.0001830980570734669,0.06321243523316061,0.0007413554601919728,0.22815678024136465
0.00018319292653309045,0.06317969963749354,0.0006589952114059264,0.861580632832668
0.000183287795992714,0.06314699792960664,0.0015396043421659418,1.3779064497167164
0.00018338266545233758,0.06311433005690636,0.001265265029249253,2.237148043460385
0.00018347753491196114,0.06308169596690796,0.0007727860148269754,2.1990494667307217
0.0001835724043715847,0.06304909560723515,0.0008180041296989507,0.3645179282585378
0.00018366727383120824,0.06301652892561983,0.002194200360457828,0.8773715036117667
0.0001837621432908318,0.06298399586990192,0.0007136660699208541,1.7652929476900572
0.00018385701275045537,0.0629514963880289,0.002020647278054991,1.505673047443043
0.00018395188221007893,0.0629190304280557,0.000845443473168364,1.9976747306029912
0.0001840467516697025,0.06288659793814433,0.0020553528535541175,1.3997379663179423
0.00018414162112932603,0.06285419886656363,0.002491211469141837,0.8341915972500322
0.0001842364905889496,0.06282183316168898,0.0021441071327463865,0.9056353471182346
0.00018433136004857316,0.06278950077200206,0.0023921011543485146,1.0923600144988783
0.00018442622950819672,0.06275720164609054,0.0017182581661486388,1.9212552619867977
0.00018452109896782026,0.06272493573264783,0.002678137957542413,0.8619181505264347
0.00018461596842744382,0.06269270298047276,0.0011912187733417613,1.1052171287182408
0.00018471083788706738,0.06266050333846944,0.0011276479069817112,1.378327895037624
0.00018480570734669095,0.06262833675564682,0.0018041423968604014,2.1620176417709547
0.0001849005768063145,0.06259620318111853,0.0006780559576470276,2.22096400704968
0.00018499544626593805,0.06256410256410257,0.0015246384161272148,2.111147621496096
0.0001850903157255616,0.06253203485392107,0.0019351362169138804,1.9292326255584678
0.00018518518518518518,0.0625,0.0031234109780767967,1.7181800549316786
0.00018528005464480874,0.06246799795186892,0.00179496404560759,1.8341059087433438
0.0001853749241044323,0.062436028659160696,0.0018012281366512207,1.2901676670068867
0.00018546979356405584,0.06240409207161126,0.0011443665015822395,1.3029946856422494
0.0001855646630236794,0.06237218813905931,0.001839770243357274,1.2238908373885775
0.00018565953248330297,0.06234031681144609,0.001341541679119123,1.391595551830431
0.00018575440194292653,0.06230847803881511,0.0027614150865299504,1.4546639067112157
0.0001858492714025501,0.06227667177131189,0.0016095111696993157,2.5714200236716858
0.00018594414086217363,0.06224489795918368,0.0013554379456205458,1.734069729122398
0.0001860390103217972,0.062213156552779196,0.0021799702716275614,1.4544170649581796
0.00018613387978142076,0.06218144750254843,0.0011528108429018776,1.153866067963995
0.00018622874924104432,0.06214977075904228,0.0016281454107394061,1.6368183763543742
0.00018632361870066789,0.06211812627291242,0.00013755979927415542,2.3509113835887896
0.00018641848816029142,0.06208651399491095,0.0008593915766991156,0.6465311796539261
0.00018651335761991499,0.06205493387589014,0.0016624499572336813,1.2819416168520537
0.00018660822707953855,0.062023385866802234,0.0020825317409691414,1.4749279494969738
0.0001867030965391621,0.061991869918699184,0.0004170035282958565,0.9991110162361426
0.00018679796599878565,0.06196038598273236,0.0013439095943947655,1.4765852872309697
0.0001868928354584092,0.061928934010152294,0.0021329629735145545,1.3245162832877369
0.00018698770491803278,0.06189751395230847,0.0026556875733153434,1.314855045725055
0.00018708257437765634,0.06186612576064909,0.0010684622795383081,1.769160365977917
0.0001871774438372799,0.061834769386720737,0.0026315775811308678,1.502382872233849
0.00018727231329690344,0.06180344478216819,0.0003519297166552161,0.5772895099845337
0.000187367182756527,0.06177215189873419,0.001433656269862037,1.5172362024753845
0.00018746205221615057,0.061740890688259116,0.0016428224381496634,1.2508549753510207
0.00018755692167577413,0.06170966110268083,0.001983973412492562,2.0391352667500255
0.0001876517911353977,0.06167846309403438,0.0012942690027987632,1.7460494978111478
0.00018774666059502123,0.06164729661445175,0.0016157101734002232,1.7915090522518613
0.0001878415300546448,0.06161616161616162,0.0024372940848756356,1.4209481845221263
0.00018793639951426836,0.06158505805148915,0.0023713641492779333,1.6997133804604374
0.00018803126897389192,0.0615539858728557,0.001391230663550302,1.4722555490726554
0.00018812613843351549,0.06152294503277862,0.001961866135206388,0.8598642546579754
0.00018822100789313902,0.06149193548387097,0.0006862539242619176,1.233596337921038
0.00018831587735276259,0.06146095717884131,0.0015585527425107737,0.9849113907610123
0.00018841074681238615,0.06143001007049345,0.0027234108669310225,1.1116981172160745
0.0001885056162720097,0.06139909411172622,0.0014374124613335672,1.719199571113949
0.00018860048573163328,0.06136820925553319,0.0007933289714522612,1.475906704678854
0.0001886953551912568,0.06133735545500252,0.0013260342675971049,1.606612426171696
0.00018879022465088038,0.061306532663316586,0.0015799002960461047,1.162491312205361
0.00018888509411050394,0.06127574083375188,0.0017569437204506288,1.1385198458517056
0.0001889799635701275,0.06124497991967871,0.0019904540833570045,0.9789334181633511
0.00018907483302975104,0.06121424987456097,0.0016257861214400075,1.85185948137941
0.0001891697024893746,0.061183550651955874,0.0011646425887800395,1.8504062551460994
0.00018926457194899817,0.061152882205513785,0.001724927252950789,1.3969525837370085
0.00018935944140862173,0.061122244488977955,0.0019646594775537102,1.7314350619613021
0.0001894543108682453,0.06109163745618428,0.0012099910909525364,2.2048881373120652
0.00018954918032786883,0.061061061061061066,0.0008586322736479016,1.2327597856600627
0.0001896440497874924,0.06103051525762882,0.002016848073047064,1.6709686799663463
0.00018973891924711596,0.061000000000000006,0.001962668269387292,1.0709088712774184
0.00018983378870673952,0.06096951524237881,0.0021231659255736422,0.661032543699461
0.0001899286581663631,0.06093906093906094,0.001536998051818096,1.3856023655789382
0.00019002352762598662,0.060908637044433354,0.0022261025743319216,1.4510828757014549
0.0001901183970856102,0.06087824351297406,0.0010646043962691122,1.7067693604707437
0.00019021326654523375,0.06084788029925187,0.0021107478185269993,1.208892981725083
0.00019030813600485731,0.06081754735792622,0.002082004797157951,1.09073632509532
0.00019040300546448088,0.060787244643746886,0.0006417548922845585,0.8132456568950803
0.00019049787492410441,0.06075697211155379,0.002068887839421067,1.3769682801844212
0.00019059274438372798,0.06072672971627676,0.0017766837138930454,1.5821977910166467
0.00019068761384335154,0.06069651741293532,0.0005915085855544777,1.4871399639496803
0.0001907824833029751,0.060666335156638496,0.0003234313461008399,-3.0074661890343877
0.00019087735276259867,0.06063618290258449,0.001786577996761764,1.4023858231991304
0.0001909722222222222,0.060606060606060615,0.001771506619372772,1.4223047173832486
0.00019106709168184577,0.060575968222442905,0.0021280789311863037,1.4712536894626536
0.00019116196114146933,0.060545905707196035,0.0012802589730152674,1.6885902146758769
0.0001912568306010929,0.060515873015873016,0.0009956342616169657,1.4187878279325148
0.00019135170006071643,0.060485870104115026,0.0009418586895229678,1.5221704251081372
0.00019144656952034,0.060455896927651145,0.001241823691036155,1.1430655030428423
0.00019154143897996356,0.060425953442298175,0.002614495906976665,1.5551858165919357
0.00019163630843958712,0.0603960396039604,0.0017880139279118248,1.5971262510217112
0.0001917311778992107,0.060366155368629396,0.0006308758025654929,2.901487827742746
0.00019182604735883422,0.060336300692383785,0.0017774189819547111,1.0312192811135248
0.0001919209168184578,0.06030647553138903,0.00046852680778530363,2.3904011727578904
0.00019201578627808135,0.06027667984189723,0.0016317745455460184,1.6161550199095804
0.00019211065573770491,0.06024691358024691,0.0003305319502250135,1.0520441213654939
0.00019220552519732848,0.060217176702862786,0.0019486160659394323,1.55867245161794
0.00019230039465695201,0.06018746916625555,0.000927095982991324,0.6906502932815499
0.00019239526411657558,0.060157790927021705,0.001287684262165893,0.43092340045266264
0.00019249013357619914,0.06012814194184327,0.0011140888331413771,0.5254066957413054
0.0001925850030358227,0.060098522167487685,0.002151473661506864,1.8462894889831607
0.00019267987249544627,0.06006893156080748,0.0007547032011649705,1.374456812202137
0.0001927747419550698,0.06003937007874016,0.0017780911305446208,1.4260662617475595
0.00019286961141469337,0.06000983767830793,0.0013890325361932995,1.3626576669581847
0.00019296448087431693,0.059980334316617506,0.0014960512402625613,1.3014226399246298
0.0001930593503339405,0.05995085995085995,0.0008229835269376168,1.077889926264357
0.00019315421979356406,0.05992141453831041,0.001821332889432736,1.61272946155737
0.0001932490892531876,0.05989199803632794,0.0010072371168389222,0.259069694208128
0.00019334395871281116,0.05986261040235525,0.0013636550760206278,1.2499951424363778
0.00019343882817243472,0.059833251593918585,0.0011246412357262757,1.7027582703510225
0.0001935336976320583,0.059803921568627454,0.0010751681454184464,1.4056128824733152
0.00019362856709168182,0.05977462028417443,0.0016856019230903397,1.467011485353915
0.0001937234365513054,0.05974534769833497,0.001314435046740192,1.1739398667861123
0.00019381830601092895,0.05971610376896721,0.0025953332681419366,1.3650399161721565
0.00019391317547055252,0.05968688845401174,0.0013468648160944242,1.454635268174364
0.00019400804493017608,0.05965770171149144,0.0010136740686181457,1.4309901224522705
0.00019410291438979962,0.05962854349951125,0.0016381890551296708,1.1478368505764844
0.00019419778384942318,0.05959941377625794,0.0008481499592387736,0.5909235051961679
0.00019429265330904674,0.0595703125,0.0012110299732951133,1.8588429365685455
0.0001943875227686703,0.05954123962908736,0.001490344449353428,1.295947329686678
0.00019448239222829387,0.059512195121951224,0.0013897332195511281,1.6704103835039528
0.0001945772616879174,0.059483178937103864,0.0017874104809386445,0.7232217147321587
0.00019467213114754097,0.059454191033138405,0.002281627045905978,1.676875645594494
0.00019476700060716453,0.05942523136872869,0.0022206152932611124,1.5799728429837976
0.0001948618700667881,0.05939629990262901,0.0017229096320118145,1.2137599973996238
0.00019495673952641166,0.05936739659367397,0.0023136416896870145,0.976523646127885
0.0001950516089860352,0.05933852140077822,0.0014841772244282038,1.4994383622354475
0.00019514647844565876,0.05930967428293633,0.0016167785794100132,1.949489591654825
0.00019524134790528232,0.05928085519922254,0.0012516760852273468,1.6778400897103505
0.0001953362173649059,0.05925206410879067,0.0016978396472217988,1.5281943186559082
0.00019543108682452942,0.05922330097087379,0.001625245525880737,1.009401455161055
0.000195525956284153,0.05919456574478409,0.0014111176838198143,0.9139666389186659
0.00019562082574377655,0.059165858389912715,0.0007908089409060328,1.5025939451009989
0.00019571569520340012,0.059137178865729514,0.0016572954355107935,1.6455861881045521
0.00019581056466302368,0.05910852713178295,0.0009265828492831424,2.106334581951528
0.00019590543412264722,0.059079903147699765,0.0005247374110922677,2.2114471048078714
0.00019600030358227078,0.0590513068731849,0.0017618421371186804,0.6279652117715728
0.00019609517304189434,0.0590227382680213,0.0010705468460280164,2.0782445570582135
0.0001961900425015179,0.05899419729206964,0.0019164878379441324,1.7462100681863366
0.00019628491196114147,0.05896568390526825,0.0010229869011783817,1.5510451557563132
0.000196379781420765,0.05893719806763286,0.0018395197067699843,1.3931438760176158
0.00019647465088038857,0.0589087397392564,0.001272490586690446,0.7510468694024561
0.00019656952034001213,0.05888030888030888,0.0019558090695965496,1.0725462915396098
0.0001966643897996357,0.05885190545103714,0.0008894004210091414,0.9403744451408911
0.00019675925925925926,0.058823529411764705,0.0016296886146641343,0.711403548201788
0.0001968541287188828,0.058795180722891575,0.0014715048124307444,0.6001395925216951
0.00019694899817850636,0.058766859344894035,0.001632951090245409,1.3273284903999043
0.00019704386763812993,0.058738565238324505,0.0016947165377669314,1.510156943539567
0.0001971387370977535,0.05871029836381136,0.0013217817274071152,2.522253030892559
0.00019723360655737705,0.05868205868205868,0.0017302747814072234,1.3548986867602324
0.0001973284760170006,0.05865384615384616,0.0001376400872951941,1.9105397493492793
0.00019742334547662415,0.05862566074002883,0.002065901356002941,0.8596441194775809
0.00019751821493624772,0.05859750240153699,0.0010281080686504649,1.1032334281285479
0.00019761308439587128,0.058569371099375905,0.0013667021801986915,1.3218035269354387
0.00019770795385549482,0.05854126679462573,0.0011728919499067393,1.9284793026782872
0.00019780282331511838,0.058513189448441257,0.0014839864639523185,0.8651857093901406
0.00019789769277474194,0.058485139022051776,0.0018659053701833917,1.5734188814336383
0.0001979925622343655,0.058457115476760906,0.0025799910619836107,1.438599270420337
0.00019808743169398907,0.05842911877394636,0.0013441692947871447,0.8711172357457405
0.0001981823011536126,0.05840114887505984,0.0007530143900699139,1.2425440613356462
0.00019827717061323617,0.0583732057416268,0.0016281513786870427,0.8815554791004023
0.00019837204007285973,0.05834528933524629,0.001272575305722047,1.4053999970803175
0.0001984669095324833,0.058317399617590825,0.0009384222107710914,1.2161616923014025
0.00019856177899210686,0.05828953655040611,0.0009830292322809558,2.1493287873756364
0.0001986566484517304,0.05826170009551099,0.0016960194863472938,0.9920297593380825
0.00019875151791135396,0.05823389021479714,0.0005518074970377026,1.4109136783951022
0.00019884638737097753,0.058206106870229014,0.002486669510458987,1.3372264282934596
0.0001989412568306011,0.058178350023843584,0.0015158500079681598,1.160472393726792
0.00019903612629022465,0.05815061963775024,0.0014983704524941892,1.425834950820563
0.0001991309957498482,0.05812291567413055,0.0010683610091726135,1.3876236449098924
0.00019922586520947175,0.058095238095238096,0.0008855302736245769,1.0946333030261106
0.00019932073466909532,0.058067586863398385,0.0012074786128507579,1.5507350957669426
0.00019941560412871888,0.058039961941008564,0.0011009714152099958,1.7960158676071971
0.00019951047358834244,0.05801236329053733,0.0002552825044669601,1.8857791945861981
0.00019960534304796598,0.057984790874524725,0.0010606082394470763,1.401038465000151
0.00019970021250758954,0.05795724465558195,0.0011027706920512816,1.2135282434417063
0.0001997950819672131,0.057929724596391265,0.002182673627327177,1.4356921033832748
0.00019988995142683667,0.05790223065970575,0.0016397626526828378,1.5568955731731071
0.0001999848208864602,0.057874762808349155,0.001091794642904454,1.7076145597821564
0.00020007969034608377,0.05784732100521575,0.0011532208526200194,0.7475179474834738
0.00020017455980570734,0.05781990521327015,0.0006811772704837225,1.1692349481612805
0.0002002694292653309,0.05779251539554713,0.001153828153528816,1.5529907356386399
0.00020036429872495446,0.05776515151515152,0.0014472043625004764,1.6722670777436237
0.000200459168184578,0.05773781353525793,0.0017389288291536306,1.3732592031320183
0.00020055403764420156,0.057710501419110695,0.0009678687969690608,1.6575364900381568
0.00020064890710382513,0.05768321513002364,0.0015657083227643299,0.9091880691996302
0.0002007437765634487,0.057655954631379965,0.0023322411361520255,0.9713471817003673
0.00020083864602307225,0.05762871988663202,0.0017368063787029247,1.7941951985893803
0.0002009335154826958,0.057601510859301236,0.0007358204491975679,1.1910211106332365
0.00020102838494231935,0.05757432751297782,0.0014507941054467365,1.3865444717965438
0.00020112325440194292,0.05754716981132076,0.001111074927084463,1.1806628393958474
0.00020121812386156648,0.057520037718057526,0.001336677906773887,1.2434385105772578
0.00020131299332119004,0.057492931196983975,0.0004885788645449085,2.039349399706191
0.00020140786278081358,0.05746585021196421,0.0013466649596640737,1.6523030602152078
0.00020150273224043714,0.057438794726930316,0.0016748013822980503,1.3781671825614474
0.0002015976017000607,0.05741176470588236,0.0015459960423894108,1.8613657298958206
0.00020169247115968427,0.05738476011288805,0.0014935461811118713,1.4457975279613506
0.00020178734061930784,0.05735778091208274,0.0005056573893330454,2.649753514886777
0.00020188221007893137,0.057330827067669184,0.0013418896206215212,1.4519648511283003
0.00020197707953855494,0.05730389854391734,0.0014875861068231323,1.6953585529583903
0.0002020719489981785,0.05727699530516433,0.0008807778901039009,0.974567960060285
0.00020216681845780206,0.05725011731581417,0.0009281074150733366,1.5244403387033947
0.0002022616879174256,0.057223264540337715,0.002178620304081274,1.29936968590319
0.00020235655737704916,0.057196436943272394,0.0022235825571050504,0.963444696977577
0.00020245142683667273,0.05716963448922212,0.0009171724864376993,0.9330140111048479
0.0002025462962962963,0.05714285714285714,0.0016303266967792683,0.8904434381587655
0.00020264116575591985,0.05711610486891385,0.001770365081471271,0.6896384357223239
0.0002027360352155434,0.05708937763219467,0.001301509573296393,1.4148246922936807
0.00020283090467516695,0.057062675397567826,0.0011919641058143091,1.4569570043261193
0.00020292577413479052,0.05703599812996728,0.0016001773041517825,1.4381173893594137
0.00020302064359441408,0.05700934579439253,0.0016330576210435762,1.459078108937824
0.00020311551305403765,0.05698271835590846,0.0018899229747842273,1.817765223419304
0.00020321038251366118,0.0569561157796452,0.0008491137827052917,1.6112876420869486
0.00020330525197328475,0.056929538030797956,0.0019238371313108269,1.3547714783461822
0.0002034001214329083,0.05690298507462687,0.0015133036737236959,1.7233605818244586
0.00020349499089253187,0.05687645687645688,0.0023469191407052333,1.5783673922506143
0.00020358986035215544,0.05684995340167754,0.001575283998983686,1.0250013761942927
0.00020368472981177897,0.0568234746157429,0.002003103727870817,1.8941561578735175
0.00020377959927140254,0.056797020484171325,0.000505837430696476,1.3669304446739543
0.0002038744687310261,0.05677059097254537,0.0011457802403948836,1.9027234709436145
0.00020396933819064966,0.05674418604651163,0.0009752792261750185,2.102512223649095
0.00020406420765027323,0.056717805671780565,0.0018174034725941418,1.9772224404182739
0.00020415907710989676,0.056691449814126396,0.00117700656969766,1.0080220962153348
0.00020425394656952033,0.0566651184393869,0.0009077974211876233,0.48058820441662264
0.0002043488160291439,0.056638811513463325,0.001761592084172473,1.7403467584522267
0.00020444368548876745,0.05661252900232018,0.0015525822328529041,1.1990291100659027
0.000204538554948391,0.05658627087198516,0.001817095985858287,1.0217916755125283
0.00020463342440801455,0.05656003708854892,0.0012094455268409424,1.4616793387975655
0.00020472829386763812,0.05653382761816497,0.0014812534682396763,1.1448468933882514
0.00020482316332726168,0.05650764242704956,0.0014472087965875895,1.6439444640240752
0.00020491803278688525,0.05648148148148148,0.0016293421109436304,1.7123254204618676
0.00020501290224650878,0.05645534474780195,0.0006931748027155255,1.3148706366043525
0.00020510777170613235,0.056429232192414434,0.001497502931539326,1.2232515922919713
0.0002052026411657559,0.056403143781784564,0.0014344657874897715,0.8405967800224631
0.00020529751062537947,0.056377079482439925,0.00159802790072234,1.5380001133053784
0.00020539238008500304,0.05635103926096997,0.0007946659839526999,1.3658254410463389
0.00020548724954462657,0.05632502308402586,0.0016046796560258338,1.5120651452479696
0.00020558211900425014,0.05629903091832027,0.0018755712939663085,1.2811271453197826
0.0002056769884638737,0.0562730627306273,0.00227208128298045,1.6611422769476865
0.00020577185792349726,0.05624711848778239,0.001963573649941622,1.5127897872877905
0.00020586672738312083,0.05622119815668203,0.0017336257394660428,1.4502594783682743
0.00020596159684274436,0.056195301704283745,0.0009785843921240015,0.7654708569161764
0.00020605646630236793,0.056169429097605895,0.0012853136152340162,1.072918421453255
0.0002061513357619915,0.05614358030372757,0.0008186181116357723,1.5128744356690575
0.00020624620522161506,0.05611775528978841,0.0008658786572219597,1.6221927953505522
0.00020634107468123862,0.0560919540229885,0.0002956051360116689,1.095929539638139
0.00020643594414086216,0.056066176470588244,0.0014036906349571192,1.0260388707703236
0.00020653081360048572,0.056040422599908137,0.0009833041967094167,1.6776828599032745
0.00020662568306010928,0.05601469237832874,0.0011855493283932372,1.4389996795038704
0.00020672055251973285,0.0559889857732905,0.001702021605103618,1.2016512986544121
0.00020681542197935638,0.05596330275229358,0.0014760222389324051,1.4729659773021706
0.00020691029143897995,0.055937643282897756,0.001099278776701874,1.1874384714789872
0.0002070051608986035,0.05591200733272227,0.0013150493147567781,1.518674053826209
0.00020710003035822707,0.05588639486944572,0.0012053863137114688,1.567479602774146
0.00020719489981785064,0.055860805860805864,0.0013094771939340252,1.42357464085019
0.00020728976927747417,0.05583524027459955,0.0012214285553701157,1.3688953584156123
0.00020738463873709774,0.05580969807868253,0.0012978406902000549,1.1929302202572973
0.0002074795081967213,0.055784179240969366,0.0017241841885914692,1.4837550033761773
0.00020757437765634486,0.055758683729433274,0.0018789716555788235,1.5044836571742048
0.00020766924711596843,0.05573321151210599,0.00164368218857694,0.9842552606058077
0.00020776411657559196,0.055707762557077635,0.001010091696398545,1.5701486339198603
0.00020785898603521553,0.055682336832496584,0.0018314044589442698,1.2419332057983257
0.0002079538554948391,0.05565693430656935,0.0010434506676204635,1.2449971948101317
0.00020804872495446266,0.05563155494756042,0.002020222464009671,1.3204229697561087
0.00020814359441408622,0.05560619872379216,0.0012690274718940872,1.7364851562498793
0.00020823846387370976,0.05558086560364465,0.0014601605630839166,1.4767975410498377
0.00020833333333333332,0.05555555555555555,0.001399131092413143,0.987767256285826
0.00020842820279295688,0.05553026854802003,0.0014527866407597788,1.6153650794248882
0.00020852307225258045,0.05550500454959054,0.0010846164772890144,1.7663850408237243
0.000208617941712204,0.05547976352887676,0.0007766480402232333,0.33397630768124525
0.00020871281117182755,0.055454545454545465,0.00134735220647414,1.0130059309012331
0.0002088076806314511,0.055429350295320305,0.0010033436361542394,1.5893016461155858
0.00020890255009107467,0.055404178019981834,0.0017910449450397787,1.665965030465511
0.00020899741955069824,0.05537902859736723,0.001433666014400246,1.6315527658660332
0.00020909228901032177,0.05535390199637024,0.0012095991304759903,1.4886203208501596
0.00020918715846994534,0.05532879818594105,0.0017721329785743956,1.4982225405388463
0.0002092820279295689,0.05530371713508613,0.0017429549291506925,1.1919404477328703
0.00020937689738919247,0.05527865881286815,0.001632028922409611,1.5757987209106405
0.00020947176684881603,0.0552536231884058,0.0012064166951826364,1.6020810537335521
0.00020956663630843957,0.0552286102308737,0.0007138377640368858,1.4528280423013886
0.00020966150576806313,0.055203619909502274,0.0008881000871003707,1.000059138846381
0.0002097563752276867,0.05517865219357757,0.0012315140118696719,1.1758117230276406
0.00020985124468731026,0.055153707052441235,0.0011561254232593128,1.5591168480640178
0.00020994611414693382,0.055128784455490284,0.0013236845398274112,1.5284681442614942
0.00021004098360655736,0.05510388437217706,0.0010505499877564014,1.6587789252453409
0.00021013585306618092,0.05507900677200903,0.0018527340750251922,1.0122782642436992
0.00021023072252580448,0.055054151624548735,0.0014490718973849696,1.2971705680462768
0.00021032559198542805,0.05502931889941363,0.0014774287389937874,1.3775147738582496
0.0002104204614450516,0.05500450856627592,0.0008421647260819666,1.2506009417377344
0.00021051533090467515,0.05497972059486256,0.0009112672175549039,1.828572743346507
0.0002106102003642987,0.054954954954954956,0.0010270116910089454,1.6870772006575043
0.00021070506982392227,0.054930211616389016,0.0014732576328713928,1.4334824961974555
0.00021079993928354584,0.05490549054905491,0.0011469550697134178,1.418916421973536
0.0002108948087431694,0.054880791722896984,0.0013423279258910244,1.1922448257068663
0.00021098967820279294,0.054856115107913675,0.000833665826248184,1.297941323703521
0.0002110845476624165,0.054831460674157305,0.0007061415859385484,1.4680780109689815
0.00021117941712204007,0.05480682839173406,0.0016311329383265607,1.2284147841953759
0.00021127428658166363,0.05478221823080378,0.0017428919365474658,1.2603254636996626
0.00021136915604128717,0.0547576301615799,0.0014874998259471052,1.8123400551372744
0.00021146402550091073,0.054733064154329304,0.001154815042008433,1.157948790236083
0.0002115588949605343,0.0547085201793722,0.0015649947975059613,1.2946588623005422
0.00021165376442015786,0.05468399820708202,0.0013048112028148987,1.3480160131426495
0.00021174863387978142,0.05465949820788531,0.0014409827848062336,1.3532438876343786
0.00021184350333940496,0.05463502015226154,0.0010308463544836705,1.285342653989093
0.00021193837279902852,0.05461056401074306,0.0007468719889937989,0.6813088167304743
0.00021203324225865208,0.05458612975391499,0.0012011956599372994,1.3110399979413339
0.00021212811171827565,0.05456171735241502,0.0015258619472756235,1.1505680278735142
0.0002122229811778992,0.05453732677693339,0.0014033169067694715,1.2058725288307681
0.00021231785063752275,0.054512957998212694,0.0012860866494192233,2.0053674348817503
0.0002124127200971463,0.05448861098704779,0.0008910071421709636,1.705995565764578
0.00021250758955676988,0.05446428571428572,0.001957143110140287,1.4105273908382205
0.00021260245901639344,0.054439982150825524,0.0014222476988928817,1.2037118166561722
0.000212697328476017,0.054415700267618196,0.0010573040393611467,1.435472795251806
0.00021279219793564054,0.05439144003566652,0.001114857022121082,1.49232228991074
0.0002128870673952641,0.05436720142602496,0.0012090456669471613,1.4947453481753314
0.00021298193685488767,0.05434298440979956,0.0017137209727956203,1.3377403267932226
0.00021307680631451123,0.05431878895814782,0.000631083828532491,1.220945581074787
0.0002131716757741348,0.05429461504227859,0.0010818998931728138,1.5683764953466737
0.00021326654523375833,0.054270462633451956,0.001334629075715259,1.5254711788261897
0.0002133614146933819,0.0542463317029791,0.0019109301270656808,1.2356970941810808
0.00021345628415300546,0.05422222222222223,0.001141616458526865,1.056594203539913
0.00021355115361262902,0.0541981341625944,0.0013361703711541981,1.104712876654841
0.00021364602307225256,0.05417406749555951,0.0015418693622132507,1.4569653402362377
0.00021374089253187612,0.054150022192632055,0.0010585142562706308,1.6998207256237385
0.00021383576199149968,0.054125998225377114,0.0011270787881093895,1.0601754541445392
0.00021393063145112325,0.054101995565410205,0.0009982985356380527,1.3933352997693242
0.0002140255009107468,0.05407801418439716,0.0010596977340439299,1.5217715206809517
0.00021412037037037035,0.054054054054054064,0.000988016805037121,1.729952440810725
0.0002142152398299939,0.054030115146147036,0.0014314750864455686,1.6989912877628017
0.00021431010928961748,0.05400619743249226,0.0010657210157735777,1.6353178686712686
0.00021440497874924104,0.05398230088495575,0.0014075400269219357,1.2467687676472448
0.0002144998482088646,0.053958425475453334,0.001485506603629051,1.5855895753173737
0.00021459471766848814,0.0539345711759505,0.0006473616372721765,1.5924372652215413
0.0002146895871281117,0.05391073795846222,0.0006863937917549942,0.8922910845648963
0.00021478445658773527,0.053886925795053005,0.0009576643944339831,1.0876261494204675
0.00021487932604735883,0.05386313465783665,0.0011921995357169666,1.2455974474255722
0.0002149741955069824,0.05383936451897617,0.0011271574670354285,1.4540652660797908
0.00021506906496660593,0.05381561535068373,0.00117140718573589,1.296501568880491
0.0002151639344262295,0.05379188712522046,0.0013860059752691357,0.9305384709062177
0.00021525880388585306,0.053768179814896434,0.001104017687593009,1.330018024507198
0.00021535367334547662,0.05374449339207049,0.0017546881233318657,1.2486571010230236
0.00021544854280510019,0.05372082782915015,0.00112804765111269,1.3606606069195126
0.00021554341226472372,0.05369718309859155,0.0015105381615513737,1.081166273590857
0.00021563828172434729,0.05367355917289925,0.00028316018515102447,1.727826792741483
0.00021573315118397085,0.05364995602462621,0.0013420275675391142,1.2917039482070432
0.0002158280206435944,0.053626373626373625,0.0014444235766761788,1.3402722812197405
0.00021592289010321795,0.05360281195079087,0.0016459198223496908,1.1742751722288225
0.0002160177595628415,0.05357927097057533,0.0013202809233381707,1.2919770224420728
0.00021611262902246508,0.053555750658472345,0.0012356551654505278,1.2388418551180478
0.00021620749848208864,0.053532250987275126,0.0009444415682248689,1.2355111869529745
0.0002163023679417122,0.05350877192982457,0.0008014902051090529,1.596492714330705
0.00021639723740133574,0.053485313459009205,0.0007132569894667723,1.5553734599175282
0.0002164921068609593,0.05346187554776512,0.0011039184384575922,1.191546453545287
0.00021658697632058287,0.05343845816907578,0.0013274075377106558,1.085156119560892
0.00021668184578020643,0.05341506129597198,0.00139355090031371,1.3019421693794015
0.00021677671523983,0.05339168490153173,0.001161087927287055,1.1936916588555713
0.00021687158469945353,0.05336832895888014,0.0013123453722395822,1.7223015906840826
0.0002169664541590771,0.053344993441189335,0.0016067430837806507,1.289524486492885
0.00021706132361870066,0.05332167832167832,0.0009018819825776174,0.8042113163301986
0.00021715619307832422,0.05329838357361293,0.0011588082882042154,0.9409919852285554
0.00021725106253794779,0.05327510917030567,0.0008115863593721971,1.6821637837282115
0.00021734593199757132,0.05325185508511567,0.0007411362687076807,1.4055897940012694
0.00021744080145719489,0.05322862129144852,0.0006331965283008474,1.3829549026814605
0.00021753567091681845,0.053205407762756216,0.0015689572605341257,1.2789168657136722
0.000217630540376442,0.05318221447253706,0.001332406907331862,1.1265275066088623
0.00021772540983606558,0.05315904139433551,0.0010267463418233535,1.6894317798938825
0.0002178202792956891,0.05313588850174217,0.0011245228637035867,1.1684729111734635
0.00021791514875531268,0.053112755768393555,0.0014117890302824433,1.4980358497800927
0.00021801001821493624,0.053089643167972156,0.0014015044340596654,1.3526981170072627
0.0002181048876745598,0.05306655067420618,0.001586796114178317,1.4314961947521292
0.00021819975713418334,0.053043478260869574,0.0015682471705274073,1.3770977543326324
0.0002182946265938069,0.05302042590178184,0.0009467558074782253,1.6510144654724834
0.00021838949605343047,0.052997393570808,0.0011860265547820746,1.098170535133082
0.00021848436551305403,0.052974381241858444,0.0015864084689321612,1.5677283074478525
0.0002185792349726776,0.05295138888888889,0.0016090193857434619,1.564576182426956
0.00021867410443230113,0.05292841648590022,0.0012908067142424985,0.9305695122624777
0.0002187689738919247,0.05290546400693843,0.0012591422134685722,1.1510476235359384
0.00021886384335154826,0.052882531426094496,0.0009909846965335833,1.188126171287473
0.00021895871281117182,0.05285961871750434,0.001555617614958982,1.3903474133847025
0.0002190535822707954,0.05283672585534864,0.0014206786167752206,1.2212368732236982
0.00021914845173041892,0.05281385281385282,0.0013320099903321619,1.605461356714103
0.0002192433211900425,0.05279099956728689,0.0007600080698145803,1.3229518060695715
0.00021933819064966605,0.0527681660899654,0.0009611018806822225,1.952006341113923
0.00021943306010928961,0.0527453523562473,0.0017358992166890865,1.2756665078922158
0.00021952792956891318,0.05272255834053587,0.0013158109879721133,1.9547000411988724
0.00021962279902853671,0.05269978401727862,0.0008698454669083617,1.365708614407898
0.00021971766848816028,0.05267702936096719,0.0009783886840433358,1.3538094832466803
0.00021981253794778384,0.05265429434613725,0.0017207035569874293,1.220402811405559
0.0002199074074074074,0.052631578947368425,0.0006368838738201357,2.593400746138755
0.00022000227686703094,0.052608883139284184,0.0009849266955936308,1.1004007914385754
0.0002200971463266545,0.05258620689655173,0.0013162991194073737,1.3184152384257135
0.00022019201578627807,0.05256355019388195,0.0014418279600667263,1.196693166659835
0.00022028688524590163,0.05254091300602929,0.0005999740174916227,1.484276880991511
0.0002203817547055252,0.05251829530779165,0.0014508141086387672,1.4232430447331224
0.00022047662416514873,0.052495697074010333,0.001350617567514853,0.7244512207664491
0.0002205714936247723,0.052473118279569894,0.0011386160951905578,1.0588839258933027
0.00022066636308439586,0.05245055889939811,0.0012851759272212774,0.8462611750037234
0.00022076123254401942,0.05242801890846584,0.0012423390702478417,1.180731179898751
0.000220856102003643,0.05240549828178694,0.0012519801685347352,1.2955866232201267
0.00022095097146326652,0.05238299699441821,0.0012589324505030777,1.5714312012389051
0.0002210458409228901,0.052360515021459234,0.0012665321223073339,1.2107724867239882
0.00022114071038251365,0.05233805233805234,0.0014263614030498258,1.3402186530569207
0.00022123557984213721,0.05231560891938251,0.0015362361158563704,1.4877847699693898
0.00022133044930176078,0.052293184740677234,0.001431075742840496,1.141595227323766
0.00022142531876138431,0.05227077977720652,0.0013626728776009837,1.7793601663364809
0.00022152018822100788,0.05224839400428266,0.0010504922040544282,1.714005730533718
0.00022161505768063144,0.052226027397260275,0.0013483457437439134,1.144641481644092
0.000221709927140255,0.05220367993153616,0.0016121502210112082,1.4236911554627798
0.00022180479659987857,0.05218135158254918,0.0012139647294303342,1.1336177561101584
0.0002218996660595021,0.05215904232578025,0.0009642063985587397,1.611973036579012
0.00022199453551912567,0.05213675213675214,0.0010974958648495843,1.3575170904716098
0.00022208940497874923,0.05211448099102948,0.001624672277733056,1.3523145235843788
0.0002221842744383728,0.05209222886421862,0.001379043875415674,1.1922951828507173
0.00022227914389799633,0.05206999573196757,0.0008750928482963134,1.5400379613248019
0.0002223740133576199,0.052047781569965874,0.0011364988850071788,1.0081337357429643
0.00022246888281724346,0.05202558635394457,0.0012633162204669234,1.4886129775934471
0.00022256375227686702,0.05200341005967605,0.0013409729615790707,1.392741846347732
0.0002226586217364906,0.05198125266297401,0.0017698898720576398,1.24977509834682
0.00022275349119611412,0.05195911413969336,0.0013618568297308925,0.9024459455220771
0.0002228483606557377,0.0519369944657301,0.0007909270424327756,1.4553682366304126
0.00022294323011536125,0.05191489361702128,0.0014357687759905596,0.9878286133154935
0.00022303809957498482,0.051892811569544874,0.0013404796562311307,1.262055950386003
0.00022313296903460838,0.05187074829931972,0.0013290748792066823,0.9537982147716267
0.00022322783849423192,0.05184870378240545,0.0011716070001815538,1.16208053506607
0.00022332270795385548,0.0518266779949023,0.001431519223943427,1.4721948121863913
0.00022341757741347904,0.05180467091295118,0.0011545181359199038,1.3692570489875744
0.0002235124468731026,0.05178268251273345,0.001954218270611534,1.4140781811235763
0.00022360731633272617,0.05176071277047094,0.0013755283459709992,1.3189753110230904
0.0002237021857923497,0.051738761662425796,0.0012367996655383903,1.7182944135035327
0.00022379705525197327,0.051716829164900384,0.0009620826996612189,1.2851210312369945
0.00022389192471159683,0.05169491525423729,0.0010213176649192244,0.968907999609695
0.0002239867941712204,0.05167301990681914,0.0015062873338885063,1.261252145728252
0.00022408166363084396,0.05165114309906858,0.0009365820998964567,1.3913922154683827
0.0002241765330904675,0.05162928480744816,0.0012128035190487414,1.482872272562996
0.00022427140255009106,0.05160744500846024,0.0010543161522482446,1.4310556984629614
0.00022436627200971462,0.051585623678646934,0.0009628923003792961,1.6440157575884395
0.0002244611414693382,0.05156382079459003,0.0013669223087784178,1.1061044321809048
0.00022455601092896172,0.05154203633291086,0.0009267506733973725,1.393260916076609
0.0002246508803885853,0.05152027027027027,0.001248801568682164,1.489089729628398
0.00022474574984820885,0.05149852258336851,0.0012451479627036287,1.2831918476799824
0.00022484061930783242,0.05147679324894515,0.0008729994765186751,1.2995042615759524
0.00022493548876745598,0.05145508224377899,0.0011224271656602185,1.2332199757367985
0.00022503035822707952,0.051433389544688034,0.0009848652696726296,1.4231547259402755
0.00022512522768670308,0.05141171512852929,0.0008646585354216342,1.633274983269564
0.00022522009714632664,0.05139005897219882,0.0012022921128435316,1.4768090227283568
0.0002253149666059502,0.051368421052631584,0.0013653815535665632,1.257870858227365
0.00022540983606557377,0.05134680134680134,0.001635227760046298,1.3614434443096104
0.0002255047055251973,0.051325199831720666,0.0015066985105299212,1.6162789808023976
0.00022559957498482087,0.05130361648444071,0.0015873873457767228,1.2501206710720039
0.00022569444444444443,0.05128205128205129,0.001098291279582894,0.9495692247351495
0.000225789313904068,0.05126050420168067,0.0008700609964465357,1.255028690481932
0.00022588418336369156,0.05123897522049559,0.0012351107728074931,1.3847751416749785
0.0002259790528233151,0.051217464315701094,0.0012766211434757202,1.589513321656839
0.00022607392228293866,0.051195971464540496,0.0010330833204726944,1.2228209914513812
0.00022616879174256223,0.0511744966442953,0.001380221480957762,1.1308863109957727
0.0002262636612021858,0.05115303983228512,0.0016160491234716522,1.5673277739569165
0.00022635853066180935,0.051131601005867555,0.0012818701713500978,1.3629227360758402
0.0002264534001214329,0.05111018014243821,0.0008454140705547009,1.5740849602848388
0.00022654826958105645,0.05108877721943049,0.0010359727259487055,1.020883703306797
0.00022664313904068002,0.05106739221431562,0.0009596748274792599,1.2202905168658862
0.00022673800850030358,0.05104602510460251,0.0012686832995587858,1.5891306894372832
0.00022683287795992712,0.05102467586783773,0.0012876300376955464,1.4674855055835123
0.00022692774741955068,0.05100334448160536,0.0014449179533478028,1.398035954734642
0.00022702261687917424,0.05098203092352696,0.000957789698007477,1.4092539587781192
0.0002271174863387978,0.050960735171261484,0.0009404823732252197,1.4708819072729837
0.00022721235579842137,0.050939457202505214,0.0014129524601374994,1.2567019979650815
0.0002273072252580449,0.050918196994991664,0.0013089620069056847,1.3688473175165639
0.00022740209471766847,0.050896954526491456,0.0008237728984428158,1.148704012996392
0.00022749696417729203,0.05087572977481235,0.001140645655915867,1.2840997492446309
0.0002275918336369156,0.05085452271779908,0.0009704092174892039,1.4181811988081423
0.00022768670309653916,0.050833333333333335,0.001132272124643452,1.6209759358744769
0.0002277815725561627,0.05081216159933361,0.0007738872027408576,1.2433253537881699
0.00022787644201578626,0.05079100749375521,0.0018271672133248508,1.4721156240217297
0.00022797131147540983,0.05076987099459009,0.001326965576020415,1.0387916353110622
0.0002280661809350334,0.050748752079866885,0.0014181709592591683,1.3435131199223258
0.00022816105039465695,0.05072765072765073,0.0016349255237338369,1.4105986425175838
0.0002282559198542805,0.050706566916043236,0.0013093940860356842,1.707705641871322
0.00022835078931390405,0.05068550062318238,0.0011186104987266736,1.502008721619403
0.00022844565877352762,0.05066445182724253,0.0010922347606899998,1.597269454315161
0.00022854052823315118,0.05064342050643421,0.0010646881883956186,1.1088157132322067
0.00022863539769277474,0.05062240663900416,0.0013052475411056946,1.4556153350298886
0.00022873026715239828,0.05060141020323518,0.0012402616062017018,1.2525873275540693
0.00022882513661202184,0.0505804311774461,0.00090469433603472,0.9659347221484629
0.0002289200060716454,0.05055946953999172,0.0017014946105238012,1.1555465889957224
0.00022901487553126897,0.05053852526926263,0.0013239433917905967,1.0790407903590342
0.0002291097449908925,0.050517598343685306,0.0014083993511602544,1.3878291711128992
0.00022920461445051607,0.050496688741721855,0.0008511622956084876,1.701692527615065
0.00022929948391013964,0.05047579644187009,0.0011645842346507344,1.1585910763945877
0.0002293943533697632,0.05045492142266336,0.001382292009256468,1.286788920788234
0.00022948922282938676,0.05043406366267053,0.001254932255704508,1.6371684497757355
0.0002295840922890103,0.05041322314049588,0.001113183473257062,1.340916696575705
0.00022967896174863386,0.050392399834779014,0.0009550166083891438,0.9355984141316908
0.00022977383120825743,0.05037159372419488,0.00126110764706095,1.2486970458240416
0.000229868700667881,0.05035080478745357,0.0011016781929314616,1.044908973612863
0.00022996357012750455,0.050330033003300335,0.0015356419099376763,1.2578503032132178
0.0002300584395871281,0.05030927835051546,0.0013177215417027768,1.086178368923215
0.00023015330904675165,0.05028854080791427,0.0010898348979374458,1.5016269309276702
0.00023024817850637522,0.05026782035434693,0.0010841981829307825,1.5564897707710086
0.00023034304796599878,0.05024711696869852,0.001366864729255331,1.7012997849085203
0.00023043791742562234,0.050226430629888845,0.001451592902048487,1.357075803828806
0.00023053278688524588,0.05020576131687243,0.0010517931825782638,1.6071848638670392
0.00023062765634486944,0.05018510900863843,0.0012724855441300943,1.3993364275881484
0.000230722525804493,0.05016447368421053,0.0011782670857499518,1.0260553297021828
0.00023081739526411657,0.05014385532264694,0.0013058087042008973,1.2079186401232023
0.00023091226472374014,0.05012325390304026,0.000768266834004315,1.2516379513147973
0.00023100713418336367,0.05010266940451746,0.0010197069151624992,1.0516162576373824
0.00023110200364298724,0.05008210180623974,0.0013309199704709855,1.3989955895122193
0.0002311968731026108,0.050061551087402546,0.0011734443085107433,0.9033829832094032
0.00023129174256223436,0.05004101722723543,0.0013538745726736873,1.3700375704244792
0.0002313866120218579,0.05002050020500205,0.0007926034058241522,1.1851006860397562
0.00023148148148148146,0.05,0.0015543517404614932,2.547312224112063
0.00023157635094110503,0.04997951659156084,0.0009973398292790927,1.5781807510721717
0.0002316712204007286,0.049959049959049956,0.0008505716855694449,1.472069128730095
0.00023176608986035215,0.04993860008186656,0.0011002497128474143,1.194293304904315
0.0002318609593199757,0.049918166939443544,0.0013178409217808051,1.7359925507445368
0.00023195582877959925,0.04989775051124745,0.0009456186160332782,1.4477434693347548
0.00023205069823922282,0.04987735077677841,0.0011922939962245552,1.5603040020270467
0.00023214556769884638,0.049856967715570084,0.001349014646115383,1.6998102205683834
0.00023224043715846995,0.049836601307189546,0.0012302606718011574,1.3076750297480217
0.00023233530661809348,0.04981625153123725,0.0011442482007853663,1.029380076243169
0.00023243017607771705,0.049795918367346946,0.000950085028185599,1.2611522356822313
0.0002325250455373406,0.049775601795185635,0.001120830565954561,1.2273852357337032
0.00023261991499696417,0.049755301794453505,0.0015965066738112689,1.3758158746148768
0.00023271478445658774,0.04973501834488382,0.001147896219648978,1.162323416203491
0.00023280965391621127,0.049714751426242876,0.0010046944742574497,1.7234710780051978
0.00023290452337583484,0.049694501018329944,0.0008474783352382432,1.4908945309170178
0.0002329993928354584,0.0496742671009772,0.0012132209710887115,1.4930945931849304
0.00023309426229508196,0.04965404965404965,0.0010185006630064142,0.7976017876554024
0.00023318913175470553,0.04963384865744508,0.0011795625421492225,1.4202293406654647
0.00023328400121432906,0.04961366409109395,0.0010091284730251444,1.3387989880138833
0.00023337887067395263,0.049593495934959354,0.0008441191094286112,1.6258811989290478
0.0002334737401335762,0.049573344169036984,0.0012740158175654542,1.1083250929718822
0.00023356860959319975,0.049553208773355,0.0011147921137840003,1.051593842087053
0.0002336634790528233,0.04953308972797402,0.0007930063765942261,1.402592143354014
0.00023375834851244685,0.04951298701298702,0.0012138068039966004,1.807574257429841
0.00023385321797207042,0.049492900608519276,0.0011174836539958942,1.3870405361225866
0.00023394808743169398,0.0494728304947283,0.0011694403353272815,1.2142715140590286
0.00023404295689131755,0.049452776651803816,0.00143187311984036,1.2772324303477836
0.00023413782635094108,0.04943273905996758,0.0009736882968042569,1.295111171510832
0.00023423269581056465,0.04941271769947348,0.001011632794927723,1.6737923678232214
0.0002343275652701882,0.049392712550607294,0.0007399629841849894,1.7120600959698271
0.00023442243472981177,0.049372723593686774,0.0012939322559411988,1.4118867475357362
0.00023451730418943534,0.04935275080906149,0.0009691404868677437,1.5531683694835074
0.00023461217364905887,0.049332794177112824,0.0012369848344921863,1.3255163650191633
0.00023470704310868244,0.049312853678253846,0.001176549913447998,1.3987202065070292
0.000234801912568306,0.04929292929292929,0.001299006205442263,1.4756331507327038
0.00023489678202792956,0.049273021001615507,0.001197163811918577,1.1083419736751063
0.00023499165148755313,0.04925312878482035,0.0014870186682312768,1.2493659260026693
0.00023508652094717666,0.04923325262308313,0.0007072467386818737,1.3985583624082327
0.00023518139040680023,0.049213392496974595,0.0006299217370341761,1.378344806243161
0.0002352762598664238,0.04919354838709678,0.0010196083026645676,1.3276706471202735
0.00023537112932604736,0.04917372027408303,0.001464033781888246,1.5976523519957695
0.00023546599878567092,0.04915390813859791,0.0012965154916708451,1.4973615940834957
0.00023556086824529446,0.0491341119613371,0.0009093244550098512,1.5351456532731402
0.00023565573770491802,0.04911433172302737,0.0010848834714071562,1.339660079989172
0.00023575060716454158,0.04909456740442656,0.000984404581894968,1.036037295475898
0.00023584547662416515,0.049074818986323404,0.0012119901898104421,1.2127203230533112
0.00023594034608378868,0.0490550864495376,0.0010947492390044546,1.0031392160113828
0.00023603521554341225,0.04903536977491962,0.0009333235247062628,1.3766539877128356
0.0002361300850030358,0.04901566894335075,0.0013641197188846237,1.2866127612666882
0.00023622495446265937,0.048995983935742976,0.000927622047933676,1.2511633059471001
0.00023631982392228294,0.048976314733038935,0.001263186764513704,1.2959836710149535
0.00023641469338190647,0.04895666131621188,0.001058526644083305,1.4787182350253645
0.00023650956284153004,0.048937023666265546,0.0012981030368558108,1.513701914725935
0.0002366044323011536,0.04891740176423417,0.0009599737137689708,1.1733762719851224
0.00023669930176077716,0.04889779559118237,0.0014935668945021045,1.1925117672285295
0.00023679417122040073,0.04887820512820513,0.0009393735381790862,1.174528043297351
0.00023688904068002426,0.048858630356427714,0.0011751113299263661,1.5660425972401542
0.00023698391013964783,0.0488390712570056,0.0009521923017113619,1.2630970908997794
0.0002370787795992714,0.048819527811124454,0.0010384199467706732,1.276553358315002
0.00023717364905889496,0.048799999999999996,0.0010833087823084,1.5322399145659904
0.00023726851851851852,0.04878048780487805,0.001124553401874506,1.7857769788436775
0.00023736338797814206,0.04876099120703438,0.001267558416291751,1.307460849249335
0.00023745825743776562,0.048741510187774666,0.0010833761803176192,1.363537437591724
0.00023755312689738918,0.0487220447284345,0.0008605764890299805,1.2486838893662868
0.00023764799635701275,0.04870259481037924,0.0008191994254336625,1.4377569207315495
0.0002377428658166363,0.04868316041500399,0.001096051630267855,1.5055356985889514
0.00023783773527625985,0.04866374152373355,0.0007938117262718021,1.3700950607553943
0.0002379326047358834,0.04864433811802233,0.001151354143923142,1.2401225504138789
0.00023802747419550697,0.04862495017935432,0.0010979457671416294,1.2681411726033232
0.00023812234365513054,0.04860557768924303,0.0011846725142699186,1.3025943186484954
0.00023821721311475407,0.04858622062923138,0.0012099989610153373,1.2329195927193415
0.00023831208257437764,0.04856687898089172,0.001259108637490188,1.2320608288919446
0.0002384069520340012,0.048547552725825706,0.0008595657469439471,1.045560026386032
0.00023850182149362477,0.04852824184566429,0.0007783383632874745,1.2605991040776954
0.00023859669095324833,0.0485089463220676,0.0009836412851405981,0.9946515955769333
0.00023869156041287187,0.048489666136724965,0.00108709857834231,1.5343981458146814
0.00023878642987249543,0.04847040127135479,0.0008544590293454709,1.490527404042121
0.000238881299332119,0.048451151707704525,0.000883209894569531,1.4433999403905973
0.00023897616879174256,0.04843191742755062,0.001551809629520292,1.193105441900257
0.00023907103825136612,0.048412698412698414,0.0013280228227918016,1.2539902791005157
0.00023916590771098966,0.04839349464498216,0.0011935701442096116,1.2232882934032852
0.00023926077717061322,0.04837430610626487,0.0013490703147665442,1.037228884582263
0.00023935564663023678,0.048355132778438364,0.0009105345613582551,1.4097140932583934
0.00023945051608986035,0.048335974643423145,0.0008657249112330919,1.2564649979932334
0.0002395453855494839,0.04831683168316832,0.0010197207762480589,1.439474391793575
0.00023964025500910745,0.04829770387965163,0.0007999318358606124,1.4133392488813405
0.000239735124468731,0.048278591214879304,0.0009567828286429989,1.8213865173665191
0.00023982999392835457,0.048259493670886076,0.0011892772658364068,1.3170498180357213
0.00023992486338797814,0.048240411229735075,0.0011407392428880276,1.1598224356255198
0.0002400197328476017,0.048221343873517786,0.0012363827461763092,1.463230282534714
0.00024011460230722524,0.04820229158435402,0.0011039434228930375,1.3710741242320377
0.0002402094717668488,0.04818325434439178,0.0010521080579756997,1.2076687468266363
0.00024030434122647237,0.048164232135807346,0.0008244457650122174,0.9658397377984044
0.00024039921068609593,0.04814522494080505,0.0010927265207196389,1.4128047590063602
0.00024049408014571947,0.04812623274161737,0.0010915637373258495,1.43009237506015
0.00024058894960534303,0.04810725552050473,0.0011146774348868348,1.7798115023425907
0.0002406838190649666,0.048088293259755624,0.0009855333452792724,0.9565752954699653
0.00024077868852459016,0.04806934594168637,0.000975666028561853,1.3094884929454815
0.00024087355798421372,0.048050413548641195,0.0011728683382079591,1.0145525540410392
0.00024096842744383726,0.04803149606299213,0.0010755012826498167,1.5517852652573716
0.00024106329690346082,0.048012593467138924,0.0012346351954264632,1.1022741378754843
0.00024115816636308438,0.04799370574350905,0.0007879424553206443,1.3159937062729776
0.00024125303582270795,0.047974832874557616,0.0008656885231586543,1.4272825825121545
0.0002413479052823315,0.04795597484276729,0.0007957066431802024,1.0938910618544078
0.00024144277474195505,0.04793713163064833,0.0010677375861325538,1.4709649643955007
0.0002415376442015786,0.04791830322073842,0.0010094470502402825,1.3584596711558492
0.00024163251366120218,0.047899489595602675,0.0008364485384049267,1.2289733442510336
0.00024172738312082574,0.047880690737833596,0.0011603467020725828,0.88418685759052
0.0002418222525804493,0.047861906630051,0.0012963280219960886,1.1609687193168134
0.00024191712204007284,0.04784313725490196,0.0010515162284483182,1.1575937252617072
0.0002420119914996964,0.04782438259506076,0.001174008881401506,1.4643948731162484
0.00024210686095931997,0.04780564263322885,0.0008746322641655622,1.2846447580835216
0.00024220173041894353,0.047786917352134736,0.0006688937149905723,1.3183605901805158
0.0002422965998785671,0.04776820673453406,0.0010144858709959493,1.4602070578214306
0.00024239146933819063,0.047749510763209393,0.0009894954532003995,1.4115074076660619
0.0002424863387978142,0.04773082942097026,0.0009219996747053962,1.4042134012153358
0.00024258120825743776,0.04771216269065311,0.0008909371939956922,1.3614449734249747
0.00024267607771706132,0.04769351055512119,0.0009492832797241932,1.0957755061470966
0.00024277094717668486,0.04767487299726456,0.0010162576724982108,1.234027014667057
0.00024286581663630842,0.04765625,0.0010779370929384004,1.625531481223855
0.00024296068609593198,0.04763764154627099,0.0010075709600656714,1.533103764847166
0.00024305555555555555,0.04761904761904762,0.0022462292038940295,1.0543733301539737
0.0002431504250151791,0.047600468201326566,0.0013351946839678217,1.3840960119441255
0.00024324529447480265,0.04758190327613105,0.0013098867260180787,1.519855058045232
0.0002433401639344262,0.047563352826510724,0.0009863979057389697,1.2718594179499247
0.00024343503339404978,0.0475448168355417,0.0010702132946625907,1.328268748427822
0.00024352990285367334,0.04752629528632645,0.0010136360604866299,1.2351449812466846
0.0002436247723132969,0.047507788161993775,0.0010785674249596412,1.229490175431898
0.00024371964177292044,0.047489295445698715,0.0013897677365298665,1.1470665438945495
0.000243814511232544,0.04747081712062257,0.0009768131542121012,1.4054809506409056
0.00024390938069216757,0.047452353169972775,0.0008482983008134075,1.4893029148655197
0.00024400425015179113,0.04743390357698289,0.0010063600434134321,1.4082723017293872
0.0002440991196114147,0.04741546832491256,0.0011819256787503534,1.2592694320569333
0.00024419398907103826,0.0473970473970474,0.0012264031753949094,1.3375467445812117
0.0002442888585306618,0.047378640776699024,0.0010349665602714091,1.514842007701411
0.00024438372799028533,0.047360248447204975,0.0009819452914185186,1.1501941606504849
0.0002444785974499089,0.0473418703919286,0.0011138901643758406,1.4101046257266028
0.00024457346690953246,0.04732350659425912,0.0009774815760778763,1.5290467198437887
0.000244668336369156,0.047305157037611484,0.001198025323419508,1.4435836084392473
0.0002447632058287796,0.047286821705426356,0.0009611722026509637,1.5257609557060152
0.00024485807528840315,0.047268500581170096,0.0009774150222808062,1.620498094683542
0.0002449529447480267,0.047250193648334625,0.0009207950192728804,1.239999505598216
0.0002450478142076503,0.047231900890437474,0.0012171610355109295,1.3810675186805421
0.00024514268366727384,0.04721362229102167,0.0011455951073805596,1.5015022788867365
0.0002452375531268974,0.04719535783365571,0.0011824747690828182,1.4953950401924134
0.0002453324225865209,0.04717710750193349,0.0008561433274618743,1.4266189633025657
0.0002454272920461445,0.0471588712794743,0.0012612994449640645,1.2116619143750367
0.00024552216150576804,0.04714064914992273,0.0009689300517472946,1.1516842751012404
0.0002456170309653916,0.04712244109694863,0.0009005019178705186,1.5028413290307259
0.00024571190042501517,0.047104247104247106,0.0008701462233376239,1.2644799858395823
0.00024580676988463873,0.047086067155538404,0.0011396798576588975,1.2804293768210917
0.0002459016393442623,0.0470679012345679,0.0013706415823082044,1.1164602431626647
0.00024599650880388586,0.047049749325106055,0.0009474190487396512,1.3383190292839957
0.0002460913782635094,0.04703161141094834,0.0012180349269515214,1.381354338522808
0.00024618624772313293,0.04701348747591523,0.0008251097061721304,1.5511731816495242
0.0002462811171827565,0.04699537750385209,0.0009484375546966368,1.0525420642536345
0.00024637598664238006,0.04697728147862919,0.0009685561440935941,1.40201654476448
0.0002464708561020036,0.04695919938414165,0.0010800421519764505,1.1303822966775794
0.0002465657255616272,0.04694113120430935,0.000963640285143715,1.6460110552029104
0.00024666059502125075,0.04692307692307692,0.0011986315772779309,1.3750387502635113
0.0002467554644808743,0.04690503652441369,0.001293080345217405,1.2417553603429474
0.0002468503339404979,0.04688700999231361,0.0010281232982995716,1.2264965844854157
0.00024694520340012144,0.04686899731079523,0.0009898619788979667,1.4024522882612462
0.000247040072859745,0.04685099846390169,0.0012707361337628866,1.3203125830366191
0.0002471349423193685,0.04683301343570058,0.001008998507056188,1.6486388594879708
0.0002472298117789921,0.046815042210283965,0.00124301717692796,1.0900771013353499
0.00024732468123861564,0.04679708477176832,0.0009609451884582134,1.3429066685345201
0.0002474195506982392,0.046779141104294486,0.0011105345662004913,1.3500688730663943
0.00024751442015786277,0.0467612111920276,0.0012013880275596061,1.3823264960214838
0.00024760928961748633,0.04674329501915709,0.001199292688394165,1.2392187247780606
0.0002477041590771099,0.04672539256989659,0.0010002396686595492,1.4833963171222366
0.00024779902853673346,0.04670750382848392,0.0010451214059241517,1.330971906642147
0.000247893897996357,0.046689628779181015,0.0009056950547704744,1.4375099182950033
0.00024798876745598053,0.04667176740627392,0.0011806672549596667,0.9831351312904455
0.0002480836369156041,0.04665391969407266,0.0008134992609165635,1.3469174898708052
0.00024817850637522766,0.046636085626911315,0.0010129435178030366,1.3473190268028696
0.0002482733758348512,0.046618265189147884,0.0010263136772342648,1.2666604069737104
0.0002483682452944748,0.04660045836516425,0.0013353067146681182,1.1040788380229574
0.00024846311475409835,0.046582665139366174,0.0007601935570812209,1.531053706074222
0.0002485579842137219,0.046564885496183206,0.0009524460067205204,1.2366060680020414
0.0002486528536733455,0.04654711942006867,0.000932741153007465,1.5024696298890712
0.00024874772313296904,0.046529366895499615,0.0014596440196503323,1.1738151352828379
0.0002488425925925926,0.046511627906976744,0.0008646951885878332,1.1326139534418473
0.0002489374620522161,0.0464939024390244,0.0012115389465700462,1.226878674861536
0.0002490323315118397,0.046476190476190476,0.001049495887317197,1.3821807387448222
0.00024912720097146324,0.04645849200304646,0.0011077380229393369,1.1088285576162975
0.0002492220704310868,0.04644080700418729,0.0008503459828996803,1.46251318675999
0.00024931693989071037,0.04642313546423136,0.0011654016281124491,1.3746801798678365
0.00024941180935033393,0.04640547736782046,0.0009372934520130837,1.547772521541594
0.0002495066788099575,0.046387832699619776,0.0011330245463147147,1.2821821747864817
0.00024960154826958106,0.04637020144431775,0.0009208587948671222,1.2048809836890129
0.0002496964177292046,0.04635258358662614,0.0012314676420111706,1.519498107622638
0.0002497912871888282,0.04633497911127991,0.0010129649174386508,1.7594207652261313
0.0002498861566484517,0.04631738800303721,0.0011274293022444013,1.3724365456036265
0.00024998102610807526,0.04629981024667933,0.0009259466474812611,1.3458718415741349
0.0002500758955676988,0.046282245827010626,0.0009435534483554664,1.3510964702701347
0.0002501707650273224,0.04626469472885855,0.0009757060624366576,1.3618493307638164
0.00025026563448694595,0.04624715693707354,0.0013220708372177735,1.342700222354508
0.0002503605039465695,0.04622963243652899,0.0010839596713796847,1.2563794466580547
0.0002504553734061931,0.04621212121212121,0.0011599868733142373,1.3970512747121815
0.00025055024286581664,0.046194623248769405,0.0009615262819722634,1.2732560392184467
0.0002506451123254402,0.04617713853141559,0.0011805595136585702,1.4858284099352075
0.0002507399817850637,0.046159667045024604,0.0010481174401849303,1.4931247428789138
0.0002508348512446873,0.04614220877458397,0.0010738023203458239,1.4420183090137841
0.00025092972070431084,0.046124763705103974,0.0011519112098665272,1.2157542811757365
0.0002510245901639344,0.04610733182161754,0.0010315470867621925,1.1699668221228563
0.00025111945962355797,0.04608991310918021,0.0008305415437977171,1.452986123712486
0.00025121432908318153,0.046072507552870096,0.0011561972689266876,1.3019912461208454
0.0002513091985428051,0.046055115137787844,0.000969934977101674,1.1954464636568067
0.00025140406800242866,0.046037735849056606,0.0011049245973614858,1.4534001138601458
0.0002514989374620522,0.04602036967182195,0.0010144021059891835,1.3920087938319565
0.0002515938069216758,0.04600301659125188,0.0012398760184995398,1.2918411926102207
0.0002516886763812993,0.04598567659253676,0.0011086069300272167,1.4117512573138296
0.00025178354584092286,0.04596834966088923,0.000971769068786982,1.2455321575321754
0.0002518784153005464,0.04595103578154426,0.0010605204355473396,1.4618856266042166
0.00025197328476017,0.04593373493975904,0.0010837585797627632,1.499872162537492
0.00025206815421979355,0.04591644712081295,0.0008793879429561699,1.3286939986895185
0.0002521630236794171,0.04589917231000753,0.001196169320801021,1.2564451719242673
0.0002522578931390407,0.04588191049266642,0.001181405077123178,1.1472893536479476
0.00025235276259866424,0.04586466165413534,0.0012490597170671238,1.4052921970860943
0.0002524476320582878,0.045847425779782035,0.001036428769448498,1.1536650129452704
0.0002525425015179113,0.04583020285499625,0.0009629504372241705,1.4822513552740808
0.0002526373709775349,0.04581299286518964,0.0008773085464646931,1.2546223814385098
0.00025273224043715844,0.0457957957957958,0.0011181585220044023,1.3316404509038624
0.000252827109896782,0.04577861163227018,0.0013540468140574723,1.2593671365823704
0.00025292197935640557,0.04576144036009003,0.0010633554600467472,1.5075398225632026
0.00025301684881602913,0.04574428196475441,0.0007910733607955644,1.32069805753054
0.0002531117182756527,0.04572713643178411,0.0008956917456351053,1.4168702187840079
0.00025320658773527626,0.04571000374672162,0.001111481009489578,1.404919858845936
0.0002533014571948998,0.045692883895131084,0.0012953807812886436,1.4193513334761807
0.0002533963266545234,0.04567577686259828,0.0009287403966416522,1.382594501214682
0.0002534911961141469,0.045658682634730545,0.0009752478889578006,1.2621377241090395
0.00025358606557377046,0.04564160119715676,0.0008906809687276877,1.3350593671968412
0.000253680935033394,0.045624532535527305,0.0009844288464189229,1.3410374797593927
0.0002537758044930176,0.045607476635514024,0.000981469220327605,1.4862571138568765
0.00025387067395264115,0.045590433482810166,0.001238108337803422,1.62526928761707
0.0002539655434122647,0.045573403063130374,0.001007107689989664,1.356318805614666
0.0002540604128718883,0.04555638536221061,0.0008138803935432932,1.3259321387124186
0.00025415528233151184,0.04553938036580814,0.0011715620248404003,1.4784273742382168
0.0002542501517911354,0.04552238805970149,0.0012096463108981546,1.332331144311886
0.00025434502125075897,0.04550540842969041,0.0011343193468876503,1.5690628645343345
0.0002544398907103825,0.04548844146159583,0.0012565386805488375,1.3239992354402002
0.00025453476017000604,0.045471487141259787,0.001365414768268732,1.249594984469066
0.0002546296296296296,0.045454545454545456,0.003113062047330052,0.5392923367142763
0.00025472449908925317,0.04543761638733706,0.0009105483397991268,1.2003507067029273
0.00025481936854887673,0.04542069992553984,0.001092135032923472,1.1004637612575023
0.0002549142380085003,0.04540379605508001,0.0010704601619849355,1.1218487025046273
0.00025500910746812386,0.04538690476190476,0.0009651357945437288,1.0640590584569254
0.0002551039769277474,0.04537002603198215,0.0010150799317561465,1.2215376025928142
0.000255198846387371,0.04535315985130112,0.0009499807389278166,1.2866953128955367
0.0002552937158469945,0.04533630620587143,0.000862233692104309,1.3325116168549642
0.00025538858530661806,0.04531946508172363,0.0009209184214254762,1.5201007547870975
0.0002554834547662416,0.04530263646490903,0.0010208945504461369,1.5102143919136637
0.0002555783242258652,0.04528582034149963,0.0012466956293843124,1.323440477983844
0.00025567319368548875,0.04526901669758813,0.0010990532254505241,1.2335767207787536
0.0002557680631451123,0.045252225519287835,0.0010669936047507452,1.2043482461996562
0.0002558629326047359,0.04523544679273267,0.0009368853812944094,1.3441172392214682
0.00025595780206435944,0.0452186805040771,0.0009437090615460012,1.1682415183056345
0.000256052671523983,0.045201926639496105,0.00107624646389271,1.1880424399300396
0.00025614754098360657,0.04518518518518518,0.0010744825832464256,1.373433081689927
0.0002562424104432301,0.04516845612736024,0.0011022189293889006,1.4741379432007262
0.00025633727990285364,0.04515173945225759,0.0010857287182407616,1.3024659099416878
0.0002564321493624772,0.04513503514613393,0.0009711909200339187,1.1994830195458894
0.00025652701882210077,0.04511834319526628,0.0012068443597475517,1.409063636041921
0.00025662188828172433,0.04510166358595195,0.0009732274834800028,1.446371178295207
0.0002567167577413479,0.045084996304508504,0.0008550048876995585,1.288089026855441
0.00025681162720097146,0.045068341337273735,0.0010206038892577487,1.1689978995340358
0.000256906496660595,0.04505169867060561,0.0009829738207810651,1.281916298958707
0.0002570013661202186,0.04503506829088224,0.0012288930725344285,1.1917173204525304
0.0002570962355798421,0.04501845018450185,0.0010199434004910864,1.3895212016384884
0.00025719110503946566,0.04500184433788271,0.001049309048255398,1.3246896354937416
0.0002572859744990892,0.04498525073746314,0.001024946597332677,1.343802420764131
0.0002573808439587128,0.044968669369701446,0.0010729214082627527,1.4414376153352306
0.00025747571341833635,0.0449521002210759,0.0011987886368690925,1.4002042683493627
0.0002575705828779599,0.044935543278084716,0.0008339404318656697,1.2392405133476778
0.0002576654523375835,0.04491899852724595,0.0008981882924651857,1.0512551347637489
0.00025776032179720704,0.04490246595509753,0.0011362566994522615,1.1069654669069218
0.0002578551912568306,0.0448859455481972,0.000884847871163869,1.2947748687356466
0.00025795006071645417,0.04486943729312247,0.0010818195290222372,1.2413722336667448
0.0002580449301760777,0.044852941176470595,0.0009687380200912292,1.4886571420588484
0.00025813979963570124,0.044836457184858514,0.0009986467077318182,1.2647790843956042
0.0002582346690953248,0.04481998530492286,0.0009695369386818571,1.3533813716973428
0.00025832953855494837,0.04480352552331987,0.0009167845387101228,1.4220667378783993
0.00025842440801457194,0.044787077826725405,0.0010709941658684358,1.145931903928159
0.0002585192774741955,0.04477064220183486,0.0010270448611774314,1.2925333763965932
0.00025861414693381906,0.04475421863536317,0.0008386534398235507,1.3396566044203686
0.0002587090163934426,0.044737807114044736,0.0008731917464099956,1.1646121792854234
0.0002588038858530662,0.04472140762463343,0.0008535682319558019,1.5799380990744067
0.00025889875531268975,0.04470502015390252,0.0011182521390888692,1.4221644670628177
0.00025899362477231326,0.044688644688644696,0.0009650014025655429,1.1723618096178403
0.0002590884942319368,0.04467228121567192,0.000749186078807046,1.2709088547162755
0.0002591833636915604,0.04465592972181552,0.0009428971567918944,1.4490343695063486
0.00025927823315118395,0.04463959019392609,0.0012425735816107134,1.3304491971445072
0.0002593731026108075,0.04462326261887345,0.0010330442455083813,1.2572772127124328
0.0002594679720704311,0.04460694698354662,0.0008719358838161085,1.3441661304864259
0.00025956284153005464,0.0445906432748538,0.001074097991366835,1.4946018679041866
0.0002596577109896782,0.04457435147972232,0.0010348139895632615,1.3283948427634935
0.00025975258044930177,0.04455807158509861,0.0011291628018320183,1.2058568545012966
0.0002598474499089253,0.044541803577948166,0.001050280211689741,1.3332500096121351
0.00025994231936854884,0.04452554744525548,0.0008395893937205245,1.5478595656697658
0.0002600371888281724,0.04450930317402408,0.0009120836413620445,1.252592129802317
0.00026013205828779597,0.044493070751276446,0.001066449110732263,1.3750229702607335
0.00026022692774741954,0.044476850164053956,0.0010087691145181904,1.1900921018338895
0.0002603217972070431,0.04446064139941691,0.0007607019670434515,1.4642758674257972
0.00026041666666666666,0.044444444444444446,0.0011238307269655077,1.3715986629242878
0.0002605115361262902,0.04442825928623453,0.0009338661840529614,1.4255741850366006
0.0002606064055859138,0.04441208591190389,0.0010100109530454754,1.2392502109044294
0.00026070127504553735,0.04439592430858806,0.0011627865584111288,1.4482895808080918
0.00026079614450516086,0.044379774463441254,0.0011161622870762074,1.220452008357074
0.0002608910139647844,0.04436363636363637,0.0009459523475031104,1.2112560586840906
0.000260985883424408,0.04434750999636496,0.00105001735203549,1.2233305340138576
0.00026108075288403155,0.04433139534883721,0.0009572459069728957,1.5600699768181014
0.0002611756223436551,0.04431529240828188,0.001139030076777953,1.4961573457751196
0.0002612704918032787,0.04429920116194626,0.0008177941857933961,1.1495918044738977
0.00026136536126290225,0.04428312159709619,0.0010232998162266619,1.0528443623971608
0.0002614602307225258,0.04426705370101596,0.0009530741084427949,1.2166069524992489
0.00026155510018214937,0.04425099746100834,0.001142519772432996,1.4329155214657958
0.0002616499696417729,0.044234952864394494,0.0012221860742554988,1.272087697198777
0.00026174483910139645,0.04421891989851396,0.0009945590897360904,1.2837527365736656
0.00026183970856102,0.044202898550724644,0.0008133790400809975,1.1356651163801912
0.00026193457802064357,0.044186888808402755,0.0010596625866524524,1.3729369037383692
0.00026202944748026714,0.044170890658942794,0.00099751205740633,1.2409256418058257
0.0002621243169398907,0.044154904089757516,0.001080557366300586,1.2744263277039904
0.00026221918639951426,0.04413892908827786,0.0009534020059210268,1.2979737308599175
0.00026231405585913783,0.044122965641952984,0.0009515860656057868,1.2189230370372606
0.0002624089253187614,0.044107013738250184,0.0007077267113185022,1.1564025633294577
0.00026250379477838495,0.04409107336465486,0.0009213428190539162,1.417225980194062
0.00026259866423800846,0.044075144508670526,0.0010373918053519756,1.4699799173628751
0.00026269353369763203,0.044059227157818716,0.0011004609843313971,1.3099477864174458
0.0002627884031572556,0.04404332129963899,0.0009872426750213218,1.3599605526168592
0.00026288327261687915,0.04402742692168893,0.0010577515743171164,1.317417010625143
0.0002629781420765027,0.044011544011544015,0.0009490970986234334,1.034793999637305
0.0002630730115361263,0.0439956725567977,0.0008346757033246131,1.4208408999767106
0.00026316788099574985,0.04397981254506128,0.0007954207536061288,1.3370007497204428
0.0002632627504553734,0.04396396396396396,0.0009659917408536682,1.1307102084962473
0.000263357619914997,0.04394812680115274,0.0010290338425120382,1.4205111206552217
0.00026345248937462054,0.0439323010442924,0.0009856416565242336,1.3344489403981006
0.00026354735883424405,0.04391648668106552,0.0009139300630273161,1.220080274851561
0.0002636422282938676,0.04390068369917237,0.0009448934877376064,1.3064225806132754
0.0002637370977534912,0.043884892086330944,0.0009504105896675429,1.2523867971427536
0.00026383196721311474,0.04386911183027688,0.0009092064910920771,1.6109516076941497
0.0002639268366727383,0.04385334291876348,0.000987749484865175,1.2614925466934004
0.00026402170613236186,0.04383758533956163,0.0008804481964245686,1.3526828766394892
0.00026411657559198543,0.04382183908045977,0.0011646433619415537,1.149201884720692
0.000264211445051609,0.04380610412926392,0.0010751111726114229,1.3118638987080984
0.00026430631451123256,0.04379038047379756,0.0010460868276835212,1.4268311927357316
0.00026440118397085606,0.04377466810190169,0.0007032973690845043,1.2147998239250597
0.00026449605343047963,0.04375896700143473,0.0009293436643057068,1.3802443178381127
0.0002645909228901032,0.04374327716027251,0.0011674896789141762,1.3389179036157017
0.00026468579234972676,0.04372759856630825,0.0010253175530633924,1.260635532804965
0.0002647806618093503,0.04371193120745253,0.0009687131652869059,1.3426977293714062
0.0002648755312689739,0.043696275071633234,0.0007946848794363059,1.3208040748135412
0.00026497040072859745,0.04368063014679556,0.0010460933623492842,1.222375049196352
0.000265065270188221,0.04366499642090193,0.0009627008500166537,1.4943003375674604
0.0002651601396478446,0.04364937388193202,0.0008475207085631418,1.3502424985321697
0.00026525500910746814,0.04363376251788269,0.0010355371890440773,1.3766668515464604
0.00026534987856709165,0.043618162316767975,0.0012357972223000764,1.2343792302583663
0.0002654447480267152,0.04360257326661902,0.0009862574426431423,1.1258323684748244
0.0002655396174863388,0.043586995355484104,0.0009328465597236127,1.2849550171468453
0.00026563448694596234,0.04357142857142857,0.0011033856928635267,1.2509042551897913
0.0002657293564055859,0.04355587290253481,0.0011202021642552173,1.179660495507399
0.00026582422586520946,0.04354032833690222,0.0008156659471260807,1.484367982566837
0.00026591909532483303,0.04352479486264716,0.0008792155990899783,1.1819597655080176
0.0002660139647844566,0.043509272467902996,0.0007671040849221274,1.3905797492031986
0.00026610883424408016,0.04349376114081996,0.0008779224908085614,1.1222187674606847
0.00026620370370370367,0.04347826086956522,0.002040071432691955,-2.936018507582023
0.00026629857316332723,0.04346277164232277,0.0010238535509812516,1.4195344148596412
0.0002663934426229508,0.04344729344729345,0.0009009396894584195,1.4466495143228528
0.00026648831208257436,0.043431826272694915,0.0010189041093758213,1.4526061116578568
0.0002665831815421979,0.04341637010676157,0.0008634892103094071,1.4825315356758921
0.0002666780510018215,0.04340092493774458,0.0010993614323872548,1.2892818246794582
0.00026677292046144505,0.04338549075391181,0.001030087536942831,1.291024167086227
0.0002668677899210686,0.04337006754354781,0.0009510048749465731,1.354100606818949
0.0002669626593806922,0.0433546552949538,0.0009713975198383457,1.3142007907057234
0.00026705752884031574,0.0433392539964476,0.0011604126708994699,1.1832962547695558
0.00026715239829993925,0.04332386363636364,0.0008917799228844282,1.2778653568054477
0.0002672472677595628,0.043308484203052895,0.0009259493557465422,1.4062699874954285
0.0002673421372191864,0.0432931156848829,0.0008808572010961739,1.220001611492036
0.00026743700667880994,0.043277758070237676,0.001003197232830168,1.2704860792136965
0.0002675318761384335,0.04326241134751773,0.000980651031803206,1.3518639955438327
0.00026762674559805707,0.04324707550514002,0.0008831067076967849,1.3548871991519869
0.00026772161505768063,0.04323175053153792,0.0009444761792246197,1.3003214121482094
0.0002678164845173042,0.04321643641516117,0.0008969023047923202,1.2199504260959426
0.00026791135397692776,0.04320113314447592,0.0009103497686759069,1.240990785698832
0.00026800622343655127,0.043185840707964614,0.0009921196205664785,1.3974034983603212
0.00026810109289617483,0.043170559094125975,0.0009104002253541303,1.2568468647470818
0.0002681959623557984,0.043155288291475066,0.0008818344931592584,1.2291170822316118
0.00026829083181542196,0.043140028288543145,0.0009917306410476673,1.264801219296742
0.0002683857012750455,0.0431247790738777,0.0008725170853249351,1.3879981858868833
0.0002684805707346691,0.0431095406360424,0.0010030153162373166,1.287257453574832
0.00026857544019429265,0.0430943129636171,0.000831819229835121,1.3324444761346577
0.0002686703096539162,0.04307909604519774,0.0009669849463732773,1.2653486100272866
0.0002687651791135398,0.043063889869396396,0.0008982050039533803,1.340112981266558
0.00026886004857316334,0.043048694424841216,0.0009369073012409293,1.315511100382714
0.00026895491803278685,0.04303350970017637,0.0010139080404778394,1.294204721745037
0.0002690497874924104,0.04301833568406206,0.0008364214162045536,1.2962246901228778
0.000269144656952034,0.04300317236517448,0.0010604714762426537,1.3269442878311657
0.00026923952641165754,0.042988019732205784,0.0009475399345464104,1.377412106582274
0.0002693343958712811,0.04297287777386404,0.0009062004845729048,1.3774878280609446
0.00026942926533090467,0.04295774647887324,0.0010552651339030177,1.397959881872881
0.00026952413479052823,0.04294262583597325,0.0009757278121219078,1.3035726944286474
0.0002696190042501518,0.04292751583391978,0.0009930139622669975,1.2351713132978726
0.00026971387370977536,0.042912416461484346,0.0009505334237838174,1.2522375222975366
0.0002698087431693989,0.04289732770745429,0.000888441625302966,1.239463937632465
0.00026990361262902243,0.0428822495606327,0.0009842458643064488,1.294650306534711
0.000269998482088646,0.04286718200983838,0.0009284429299335241,1.3822691884618377
0.00027009335154826956,0.04285212504390587,0.0009763622767730525,1.357976567624279
0.0002701882210078931,0.042837078651685394,0.0010205201555556925,1.2633897629576094
0.0002702830904675167,0.04282204282204283,0.000966010143067738,1.3056704521290934
0.00027037795992714025,0.04280701754385965,0.0009303466081599158,1.2724070462967414
0.0002704728293867638,0.04279200280603297,0.0008958531878755692,1.3165270569631158
0.0002705676988463874,0.042776998597475455,0.0009497536788427778,1.3171492925769532
0.00027066256830601094,0.04276200490711532,0.0009985983609229925,1.3057646978595385
0.00027075743776563445,0.04274702172389629,0.0010127767954394209,1.2354813334295265
0.000270852307225258,0.04273204903677759,0.000919683534037598,1.26923578376266
0.0002709471766848816,0.0427170868347339,0.0008833237772004642,1.3339142144895486
0.00027104204614450514,0.04270213510675534,0.0010215559367182977,1.2569960561109543
0.0002711369156041287,0.042687193841847444,0.0009463533824270448,1.3226963140189403
0.00027123178506375227,0.042672263029031134,0.0009333581721028186,1.2541688395104333
0.00027132665452337583,0.04265734265734265,0.0008765600051525615,1.3248043411314976
0.0002714215239829994,0.04264243271583362,0.0009135119706000402,1.276334408553893
0.00027151639344262296,0.04262753319357093,0.0009846836429133396,1.2501438276899348
0.0002716112629022465,0.04261264407963674,0.0009499591678350031,1.2751112434778042
0.00027170613236187003,0.042597765363128495,0.0009044397481189853,1.2812483250766673
0.0002718010018214936,0.04258289703315882,0.0009219790581159438,1.3295550683861723
0.00027189587128111716,0.042568039078855556,0.0009525237444954408,1.3055423442602674
0.0002719907407407407,0.0425531914893617,0.0009156960080150312,1.2704220288454224
0.0002720856102003643,0.042538354253835425,0.0009354055728609933,1.2880014221893428
0.00027218047965998785,0.04252352736144998,0.0009351232577267166,1.3259881079653029
0.0002722753491196114,0.04250871080139373,0.0009528272419906726,1.3120374793401544
0.000272370218579235,0.04249390456287008,0.0009555418483355306,1.3273207259778759
0.00027246508803885854,0.0424791086350975,0.0009044145855174994,1.270098541841813
0.00027255995749848205,0.04246432300730944,0.000903639814861764,1.3247402162712048
0.0002726548269581056,0.042449547668754355,0.0009474350944191984,1.2549038416882468
0.0002727496964177292,0.042434782608695654,0.0009354456284949655,1.2833682589513713
0.00027284456587735274,0.04242002781641169,0.000976723590862815,1.307997568934928
0.0002729394353369763,0.042405283281195694,0.0009342411329986912,1.3259272658452093
0.00027303430479659987,0.04239054899235581,0.00095615294154728,1.3129266101528574
0.00027312917425622343,0.042375824939215004,0.0009226822244982853,1.2836550873253363
0.000273224043715847,0.04236111111111111,0.0008916478114292198,1.29671170148121
0.00027331891317547056,0.04234640749739674,0.0009202119580331149,1.2808274431036477
0.0002734137826350941,0.04233171408743928,0.0009491180157131555,1.3071680150889133
0.00027350865209471763,0.042317030870620886,0.0009287148684396043,1.293581507071689
0.0002736035215543412,0.04230235783633842,0.0009071504524755973,1.3166877535407198
0.00027369839101396476,0.04228769497400347,0.0009389518790970575,1.272647463233969
0.0002737932604735883,0.04227304227304227,0.0009118228374549999,1.2946270016422021
0.0002738881299332119,0.042258399722895745,0.0009359959567876112,1.3004558766487375
0.00027398299939283545,0.0422437673130194,0.0009695290864662855,1.2940335848583024
0.000274077868852459,0.04222914503288335,0.0009100235163346642,1.2801915963654196
0.0002741727383120826,0.04221453287197231,0.0009247628164216483,1.2899942284795516
0.00027426760777170614,0.04219993081978554,0.0009232168757852476,1.2824855321079878
0.0002743624772313297,0.042185338865836794,0.0009144012461958837,1.2934994767248778
0.0002744573466909532,0.04217075699965434,0.0009359949721798224,1.2868682482789175
0.0002745522161505768,0.04215618521078093,0.000937173646284405,1.3217683183090156
0.00027464708561020034,0.04214162348877375,0.000917586382486303,1.27628858324453
0.0002747419550698239,0.04212707182320442,0.0009286986553907555,1.3014976278378048
0.00027483682452944747,0.04211253020365896,0.0009258431242391255,1.3177656868111731
0.00027493169398907103,0.04209799861973775,0.0009289720158166399,1.2964595602391793
0.0002750265634486946,0.04208347706105554,0.0009284267235796866,1.298016143918932
0.00027512143290831816,0.042068965517241375,0.0009238350123960045,1.2964824236531562
0.0002752163023679417,0.04205446397793864,0.0009138377309295519,1.2865026920610585
0.00027531117182756523,0.04203997243280497,0.0009171078733802232,1.3019146379087962
0.0002754060412871888,0.042025490871512236,0.0009245858831494914,1.289143204390309
0.00027550091074681236,0.04201101928374656,0.0009219714408566078,1.2982651194541255
0.0002755957802064359,0.04199655765920827,0.0009210601200028077,1.2866717026277517
0.0002756906496660595,0.04198210598761184,0.0009166227497284197,1.3104306275144937
0.00027578551912568305,0.041967664258685936,0.0009238525719173745,1.2945922079094498
0.0002758803885853066,0.04195323246217332,0.0009147108691605996,1.2871145174111949
0.0002759752580449302,0.04193881058783087,0.000925966167911034,1.2900484374203536
0.00027607012750455374,0.04192439862542955,0.0009205061345448471,1.298040641226849
0.0002761649969641773,0.04190999656475437,0.0009170791523343732,1.2862221095307453
0.0002762598664238008,0.0418956043956044,0.0009163124202495673,1.3077814344420502
0.0002763547358834244,0.04188122210779266,0.0009230939715578137,1.297870438823449
0.00027644960534304794,0.041866849691146193,0.0009249308475364847,1.2949189857135832
0.0002765444748026715,0.04185248713550601,0.0009138858778676302,1.3001142635396388
0.00027663934426229507,0.04183813443072702,0.000920650447344291,1.295962646513851
0.00027673421372191863,0.04182379156667809,0.0009258998251219041,1.2955663297986886
0.0002768290831815422,0.041809458533241944,0.0009185707750839999,1.2925944382054075
0.00027692395264116576,0.041795135320315174,0.0009146385624839287,1.2922473512112147
0.0002770188221007893,0.041780821917808214,0.0009160285146362385,1.2969917604773067
0.00027711369156041283,0.04176651831564533,0.0009157844397299857,1.2972769960265729
0.0002772085610200364,0.04175222450376455,0.0009198222603441321,1.2972040610140265
0.00027730343047965996,0.04173794047211769,0.0009148225492837526,1.2945132995687183
0.0002773982999392835,0.041723666210670314,0.0009125536756163286,1.298173842437178
0.0002774931693989071,0.04170940170940171,0.0009143125500102871,1.2964082697171475
0.00027758803885853065,0.041695146958304855,0.0009201250056895084,1.2979970170967066
0.0002776829083181542,0.041680901947386405,0.0009138740579153944,1.2959578189237146
0.0002777777777777778,0.041666666666666664,0.0009126331092793988,1.3169103077553526
0.00027787264723740134,0.04165244110617958,0.0009155201171159119,1.2953009837605807
0.0002779675166970249,0.041638225255972695,0.0009164455147324488,1.2968990035806272
0.0002780623861566484,0.041624019106107135,0.0009152842003875864,1.2935899763304102
0.000278157255616272,0.04160982264665758,0.0009120051628061221,1.296719453888368
0.00027825212507589554,0.04159563586771224,0.000914496087999398,1.2957740124203696
0.0002783469945355191,0.04158145875937287,0.00090793754083886,1.2933804938576683
0.00027844186399514267,0.04156729131175469,0.0009139455482628133,1.2911110446927938
0.00027853673345476623,0.04155313351498638,0.0009146386702217549,1.2939241525649772
0.0002786316029143898,0.04153898535921008,0.0009122738473960576,1.2912634029352368
0.00027872647237401336,0.041524846834581346,0.0009096354217407064,1.2907327626365426
0.0002788213418336369,0.04151071793126914,0.0009051241728287844,1.291131962050009
0.0002789162112932605,0.041496598639455776,0.000910185666391472,1.295894717091864
0.000279011080752884,0.04148248894933696,0.0009135779155271739,1.299679480819478
0.00027910595021250756,0.04146838885112169,0.0009103655704788719,1.2934943555647826
0.0002792008196721311,0.04145429833503229,0.0009099210116858156,1.2949782786409252
0.0002792956891317547,0.04144021739130435,0.0009130968565295554,1.3005088528545248
0.00027939055859137825,0.04142614601018676,0.000918682147728731,1.2877922803826318
0.0002794854280510018,0.041412084181941616,0.0009050326047629234,1.2950997487273173
0.0002795802975106254,0.04139803189684425,0.0009028578209905814,1.2892053800504149
0.00027967516697024894,0.041383989145183174,0.0009173191824854298,1.2848762095667687
0.0002797700364298725,0.04136995591726009,0.0009029660349314892,1.2881143402182744
0.000279864905889496,0.04135593220338984,0.0009125898879704499,1.3044371434927358
0.0002799597753491196,0.04134191799390038,0.0009080110925097408,1.282395631728699
0.00028005464480874314,0.041327913279132794,0.0009065662344460893,1.2934649486220742
0.0002801495142683667,0.04131391804944125,0.0009100508584507647,1.2837726426197313
0.00028024438372799027,0.04129993229519296,0.0009076307509102043,1.2983059140759805
0.00028033925318761383,0.04128595600676819,0.0009151565166939895,1.2855630191831204
0.0002804341226472374,0.041271989174560215,0.0009063765151741244,1.2960287787152422
0.00028052899210686096,0.04125803178897531,0.0009026776009427956,1.289483502753134
0.0002806238615664845,0.041244083840432724,0.0009003437850287341,1.2923954815359169
0.0002807187310261081,0.04123014531936465,0.0008998766866623652,1.3091551448496819
0.0002808136004857316,0.041216216216216225,0.0008986206938767325,1.2953359799773423
0.00028090846994535516,0.04120229652144546,0.0009169228911572419,1.2727363212305802
0.0002810033394049787,0.0411883862255233,0.0008910924167614957,1.3107953927441214
0.0002810982088646023,0.041174485318933515,0.0008973794920444722,1.2760217615197198
0.00028119307832422585,0.04116059379217274,0.0009167685051420599,1.2882486949894851
0.0002812879477838494,0.04114671163575043,0.0009117923877662849,1.279575395521052
0.000281382817243473,0.041132838840188805,0.0009060009057959333,1.2816599236842854
0.00028147768670309654,0.04111897539602292,0.0009219070425522587,1.2813034188468155
0.0002815725561627201,0.04110512129380054,0.0008663122582718561,1.2735666862485076
0.0002816674256223436,0.04109127652408219,0.0008917937712318434,1.2901743472270129
0.0002817622950819672,0.04107744107744108,0.0009163825476427968,1.2930145730952725
0.00028185716454159074,0.041063614944463145,0.0009036125511171613,1.2638678473953227
0.0002819520340012143,0.04104979811574697,0.0009147578620354495,1.3121926116715716
0.00028204690346083787,0.041035990581903804,0.0008982871809701928,1.2878360534944566
0.00028214177292046143,0.0410221923335575,0.0008820225884013318,1.2977616923694368
0.000282236642380085,0.041008403361344536,0.0009172664653593071,1.2771688729767225
0.00028233151183970856,0.04099462365591398,0.000937750969935975,1.2994050171444662
0.0002824263812993321,0.040980853207927444,0.0009079725772509097,1.2757272118220937
0.0002825212507589557,0.0409670920080591,0.000874027277076355,1.2952121347960757
0.0002826161202185792,0.04095334004699564,0.0008949068610956925,1.3159901737591484
0.00028271098967820276,0.04093959731543625,0.0008541481911354742,1.2812747147997596
0.0002828058591378263,0.04092586380409259,0.000893827252050448,1.273504557732643
0.0002829007285974499,0.040912139503688806,0.0008980493585510993,1.2422863902031214
0.00028299559805707345,0.04089842440496145,0.0009166382198542008,1.3198056500759505
0.000283090467516697,0.04088471849865952,0.0009323863712123138,1.2672577500271074
0.0002831853369763206,0.040871021775544386,0.000873269665526501,1.307794789100724
0.00028328020643594414,0.04085733422638982,0.0008801019443402295,1.2951574662660974
0.0002833750758955677,0.04084365584198192,0.0008918024785399324,1.313126467687422
0.00028346994535519127,0.040829986613119144,0.0008971805050634237,1.2761371359452556
0.0002835648148148148,0.04081632653061225,0.0009222338270552657,1.2692707993509242
0.00028365968427443834,0.04080267558528428,0.0008746023236026614,1.2869992997214257
0.0002837545537340619,0.04078903376797058,0.0009000525648225834,1.3194852760230413
0.00028384942319368547,0.04077540106951872,0.000926477276484103,1.2819661024776214
0.00028394429265330903,0.040761777480788505,0.0008881723923011798,1.2586601344789878
0.0002840391621129326,0.04074816299265197,0.0008668498381590142,1.2247933465295187
0.00028413403157255616,0.04073455759599332,0.0009167136616460698,1.2703868268445333
0.0002842289010321797,0.04072096128170894,0.0009394575748891022,1.3267779670513022
0.0002843237704918033,0.04070737404070737,0.000910710862211418,1.246466887393028
0.0002844186399514268,0.040693795863909275,0.0008795496106619957,1.3039437516260777
0.00028451350941105036,0.040680226742247416,0.000834230233015745,1.2199113101751877
0.0002846083788706739,0.04066666666666667,0.000937063288747019,1.3309998862143833
0.0002847032483302975,0.04065311562812396,0.0009190922467681362,1.2657142266080532
0.00028479811778992105,0.04063957361758828,0.0008498543264683045,1.1995776021315732
0.0002848929872495446,0.040626040626040624,0.0008404392787279656,1.2746342063601168
0.0002849878567091682,0.04061251664447403,0.000881708929560869,1.2994042375415753
0.00028508272616879174,0.04059900166389351,0.0009263647167365571,1.308583634976961
0.0002851775956284153,0.04058549567531603,0.0009024792581644015,1.2590436462323527
0.00028527246508803887,0.04057199866977053,0.0008717519940502945,1.2828941223362405
0.0002853673345476624,0.04055851063829788,0.0008302734388707788,1.2244821770999534
0.00028546220400728594,0.04054503157195082,0.000847903065804973,1.3298474628076602
0.0002855570734669095,0.04053156146179403,0.0008867034919806324,1.3620961950407864
0.00028565194292653307,0.04051810029890402,0.0008502156941012261,1.2657421439476035
0.00028574681238615663,0.04050464807436919,0.0009484907010413645,1.248918484946785
0.0002858416818457802,0.04049120477928975,0.0008966840618146807,1.2361775445262366
0.00028593655130540376,0.0404777704047777,0.0008715381694887309,1.2079146472828155
0.0002860314207650273,0.04046434494195688,0.000862996689408634,1.2782356020471122
0.0002861262902246509,0.04045092838196286,0.0007767541384651449,1.3654476869083083
0.0002862211596842744,0.040437520715943,0.0009124089270655167,1.360637410638821
0.00028631602914389796,0.04042412193505633,0.0008711349086082961,1.3544853670385608
0.0002864108986035215,0.04041073203047367,0.0007820881288242269,1.2742186576604018
0.0002865057680631451,0.04039735099337749,0.0009758371078207242,1.3088542077414564
0.00028660063752276865,0.04038397881496193,0.0008305914706193102,1.2568438535476334
0.0002866955069823922,0.04037061548643283,0.0008883813866197464,1.3007480024241254
0.0002867903764420158,0.040357260999007605,0.0009180666619122168,1.3267660239289596
0.00028688524590163934,0.04034391534391534,0.0008761391707663175,1.2408751345861988
0.0002869801153612629,0.04033057851239669,0.0009785346577253287,1.334590498974475
0.00028707498482088647,0.0403172504957039,0.000840086407829999,1.253080043632157
0.00028716985428051,0.040303931285100764,0.0009347310347605737,1.3726079289243949
0.00028726472374013354,0.04029062087186262,0.0008555244909002996,1.2331442955762781
0.0002873595931997571,0.04027731924727634,0.0009545042306836112,1.2415703084380403
0.00028745446265938067,0.04026402640264027,0.0009225970248101736,1.2487250424218004
0.00028754933211900424,0.040250742329264275,0.0008295119759604603,1.3662507179418781
0.0002876442015786278,0.04023746701846966,0.0009324957039478165,1.2427189422571336
0.00028773907103825136,0.040224200461589185,0.0009477954582816935,1.2306521095480358
0.0002878339404978749,0.04021094264996704,0.0008859544827050487,1.2781074313556853
0.0002879288099574985,0.04019769357495881,0.0009332765250584626,1.3439091315268825
0.00028802367941712205,0.04018445322793149,0.0008462646941483301,1.3242563702202177
0.00028811854887674556,0.04017122160026342,0.0008455679208163637,1.2350325769457124
0.0002882134183363691,0.040157998683344305,0.0009606880320183133,1.237395347538563
0.0002883082877959927,0.04014478446857519,0.0008935321255316991,1.3804387970260783
0.00028840315725561625,0.04013157894736842,0.0009376697287587146,1.2694346423261402
0.0002884980267152398,0.04011838211114765,0.0007639034958241185,1.0668564264487697
0.0002885928961748634,0.040105193951347796,0.000859775140202125,1.284003843915748
0.00028868776563448694,0.04009201445941505,0.0008677905178514317,1.322076622011285
0.0002887826350941105,0.04007884362680683,0.0008203620797138175,1.2448112984585926
0.00028887750455373407,0.040065681444991785,0.0007644648087824452,1.212622700779125
0.0002889723740133576,0.040052527905449775,0.0009407769020070155,1.4412977791209074
0.00028906724347298114,0.040039382999671816,0.0008064578479554292,1.4208543686641406
0.0002891621129326047,0.04002624671916011,0.0009072075382090191,1.409162451935332
0.00028925698239222827,0.04001311905542801,0.0007994868274748266,1.3722577596857903
0.00028935185185185184,0.04,0.0027827695637978466,2.0433841658049268
0.0002894467213114754,0.03998688954441167,0.0010023835307978503,1.181579284007453
0.00028954159077109896,0.0399737876802097,0.001023157534881415,1.3779858711113981
0.0002896364602307225,0.03996069439895185,0.0009721139439031048,1.2085356490977535
0.0002897313296903461,0.03994760969220694,0.0009851256673349563,1.443354802093761
0.00028982619914996965,0.03993453355155483,0.000801867147770707,1.1002611158371656
0.00028992106860959316,0.039921465968586395,0.0007750200051573485,1.1761779875138112
0.0002900159380692167,0.0399084069349035,0.0009017551620234327,1.2723410639406505
0.0002901108075288403,0.039895356442119036,0.0009152274212325452,1.1253531566703479
0.00029020567698846385,0.03988231448185682,0.000689322786844171,1.087187586641174
0.0002903005464480874,0.03986928104575164,0.0007999230999781377,1.3307148307505428
0.000290395415907711,0.0398562561254492,0.0009597490021430049,1.335313496364954
0.00029049028536733455,0.03984323971260614,0.0008550434508877046,1.4544508656807507
0.0002905851548269581,0.039830231798889976,0.0008284169944317269,1.1749084363368396
0.00029068002428658167,0.03981723237597911,0.0010018983768715984,1.3228706756819222
0.0002907748937462052,0.03980424143556281,0.0008617834954443437,1.3129581944369513
0.00029086976320582875,0.039791258969341166,0.0008377962139000686,1.2240307412270266
0.0002909646326654523,0.039778284969025114,0.0006956635772584128,1.2561369351839726
0.00029105950212507587,0.039765319426336376,0.0008875996771535023,1.3505250132658437
0.00029115437158469944,0.039752362333007496,0.0010962301095995613,1.2853874683600093
0.000291249241044323,0.03973941368078176,0.0007864741265613574,1.3894873962412395
0.00029134411050394656,0.039726473461413225,0.0007812411542448376,1.2541773197757042
0.00029143897996357013,0.039713541666666664,0.0007800745286380707,1.0406548907204218
0.0002915338494231937,0.039700618288317606,0.000927098682228781,1.3336972605530537
0.00029162871888281725,0.039687703318152245,0.0008620019180547721,1.2288419036246847
0.00029172358834244076,0.039674796747967485,0.000916007676005053,1.5388431082691856
0.00029181845780206433,0.03966189856957088,0.0008931486249583435,1.2377286303685604
0.0002919133272616879,0.039649008774780635,0.0008843246142069631,1.2846632488655483
0.00029200819672131145,0.0396361273554256,0.0009320138345664517,1.2208205672658707
0.000292103066180935,0.03962325430334524,0.0008471517211107335,1.3023700339898847
0.0002921979356405586,0.03961038961038961,0.0008014205866956992,1.3778494070785783
0.00029229280510018215,0.039597533268419347,0.0009233619635724968,1.1378085005774012
0.0002923876745598057,0.03958468526930565,0.0009993604537313243,1.3320921949336355
0.0002924825440194293,0.03957184560493026,0.0009674924848241641,1.38828552151299
0.0002925774134790528,0.03955901426718548,0.0009817719132330248,1.0863930955990788
0.00029267228293867635,0.03954619124797407,0.0007958770405679075,1.259953841217711
0.0002927671523982999,0.03953337653920934,0.0008459856183827871,1.323029092384398
0.0002928620218579235,0.039520570132815035,0.0007693052975883486,1.2419372533774422
0.00029295689131754704,0.03950777202072539,0.000796601432142414,1.4254464226243984
0.0002930517607771706,0.03949498219488508,0.0008867577864590951,1.3835901896393228
0.00029314663023679416,0.039482200647249194,0.0010992083698269108,1.2572372847603974
0.00029324149969641773,0.03946942736978324,0.0009085155402784118,1.2148285849828215
0.0002933363691560413,0.03945666235446313,0.0008836216119065889,1.2763913130569948
0.00029343123861566486,0.03944390559327513,0.0007928554449155758,1.2089109372182654
0.00029352610807528836,0.03943115707821591,0.00086525900831862,1.2114575220166124
0.00029362097753491193,0.03941841680129241,0.0007829334848166914,1.32242414442461
0.0002937158469945355,0.03940568475452197,0.0010299431135402865,1.2074843563438724
0.00029381071645415906,0.03939296092993219,0.0008532902072917889,1.2445820714025386
0.0002939055859137826,0.03938024531956101,0.0006889221443997807,1.1507964275316285
0.0002940004553734062,0.0393675379154566,0.0007123966801895081,1.3768656089574014
0.00029409532483302975,0.039354838709677424,0.0009027009311259917,1.2073077300178816
0.0002941901942926533,0.039342147694292166,0.0009262393085013805,1.0526416664460243
0.0002942850637522769,0.039329464861379754,0.001020797173895995,1.2033761572019526
0.00029437993321190044,0.03931679020302932,0.0007229071853843434,1.4596999147234633
0.00029447480267152395,0.03930412371134021,0.0008707539058983974,1.497640213926451
0.0002945696721311475,0.0392914653784219,0.0008336263314080479,1.184025804053381
0.0002946645415907711,0.03927881519639408,0.000906526408037555,1.2051143936600006
0.00029475941105039464,0.03926617315738655,0.0007828985626381843,1.1377942003863402
0.0002948542805100182,0.039253539253539256,0.0006970797769883458,1.3983103838501556
0.00029494914996964176,0.03924091347700225,0.0008557831961942577,1.2062019653968385
0.00029504401942926533,0.03922829581993569,0.0008779898830834986,1.3774506778078273
0.0002951388888888889,0.0392156862745098,0.0007379149236554371,1.3051597522267706
0.00029523375834851246,0.03920308483290488,0.0010118856962878884,1.40803054834456
0.00029532862780813597,0.03919049148731128,0.0008713461343070108,1.1624388225589948
0.00029542349726775953,0.03917790622992935,0.0007826324999407928,1.3171985212744552
0.0002955183667273831,0.0391653290529695,0.0009195202425223412,1.2440200962294399
0.00029561323618700666,0.039152759948652124,0.0009612214637987735,1.4636955187434466
0.0002957081056466302,0.03914019890920757,0.0008062020327754761,1.282242321216408
0.0002958029751062538,0.0391276459268762,0.000781193009310315,1.124007069927657
0.00029589784456587735,0.0391151009939083,0.0008134985394835021,1.2762095657314092
0.0002959927140255009,0.0391025641025641,0.0007753240715936473,1.4453900488024771
0.0002960875834851245,0.039090035245113744,0.0009307280120423515,1.3233089573827945
0.00029618245294474804,0.039077514413837285,0.0008300220429927615,1.2111342057674748
0.00029627732240437155,0.03906500160102466,0.00065456195536879,1.2186353524866014
0.0002963721918639951,0.039052496798975676,0.0008669233544584096,1.394936256468374
0.0002964670613236187,0.039040000000000005,0.0010339097977488075,1.2996453633762313
0.00029656193078324224,0.03902751119641715,0.0009078491774977836,1.168391186918942
0.0002966568002428658,0.03901503038055645,0.0007360711857351096,1.3617409611399018
0.00029675166970248937,0.03900255754475703,0.0009482711666490005,1.4853297090314108
0.00029684653916211293,0.03899009268136785,0.0009699140185475392,1.202434222778867
0.0002969414086217365,0.038977635782747606,0.0009589087076657428,1.322433702184072
0.00029703627808136006,0.03896518684126477,0.0008268597018914654,1.2454856134476728
0.00029713114754098357,0.03895274584929758,0.0008485389863306371,1.0990248280194639
0.00029722601700060713,0.03894031279923396,0.0008916146949562949,1.3712631455925344
0.0002973208864602307,0.03892788768347161,0.0008589527220933705,1.3115784554645629
0.00029741575591985426,0.03891547049441786,0.000855975721189408,1.2289594811418103
0.0002975106253794778,0.0389030612244898,0.0008517037639636312,1.4299557217729313
0.0002976054948391014,0.038890659866114126,0.0008010564174047006,1.1786237481551811
0.00029770036429872495,0.038878266411727216,0.0009295304917848326,1.2864372532989428
0.0002977952337583485,0.03886588085377509,0.0008309108256271575,1.0382258121661887
0.0002978901032179721,0.038853503184713374,0.000993848469008139,1.1247175516531123
0.00029798497267759564,0.03884113339700732,0.0009788203588668842,1.255055498651491
0.00029807984213721915,0.03882877148313177,0.0006850985192636583,1.3196767232467597
0.0002981747115968427,0.03881641743557112,0.0007715250488296757,1.3796229244887133
0.0002982695810564663,0.038804071246819345,0.0008195477436147983,1.2922626241511777
0.00029836445051608984,0.03879173290937997,0.000809476538954976,1.2660684611615984
0.0002984593199757134,0.03877940241576605,0.0008189757234516883,1.336988190109973
0.00029855418943533697,0.03876707975850016,0.000729062714483195,1.0619042725033612
0.00029864905889496053,0.03875476493011436,0.0008607596791943863,1.2422457935877758
0.0002987439283545841,0.0387424579231502,0.000869746859684992,1.1426302618996274
0.00029883879781420766,0.03873015873015873,0.0009533869917312585,1.2796047646490414
0.0002989336672738312,0.03871786734370041,0.0008452512983446597,1.384075305156306
0.00029902853673345473,0.03870558375634518,0.0006749603458926849,1.3343279142463467
0.0002991234061930783,0.03869330796067238,0.0008946871318383703,1.1937993103538893
0.00029921827565270186,0.038681039949270773,0.0007852346176168577,1.2344838052565412
0.0002993131451123254,0.03866877971473851,0.0007559479717549759,1.413581665488025
0.000299408014571949,0.038656527249683145,0.000776238311863929,1.3076701229297485
0.00029950288403157255,0.03864428254672157,0.0008265729669400469,1.1321188581418347
0.0002995977534911961,0.038632045598480054,0.0009191020014123248,1.1727931876845148
0.0002996926229508197,0.038619816397594174,0.0008813901778979747,1.3057676493063133
0.00029978749241044324,0.038607594936708865,0.0008268559633088224,1.153524234685352
0.00029988236187006675,0.03859538120847833,0.0007908461215480303,1.169889439539494
0.0002999772313296903,0.0385831752055661,0.0006717737231999616,1.2106509631074198
0.0003000721007893139,0.03857097692064496,0.0008135504996640592,1.4428226346455688
0.00030016697024893744,0.03855878634639697,0.0008881489301699134,1.4490751261502803
0.000300261839708561,0.038546603475513426,0.0009379722930073901,1.31018138888634
0.00030035670916818457,0.03853442830069489,0.0008781773220792935,1.25773124062704
0.00030045157862780813,0.03852226081465109,0.0008530739111290392,1.1903037646896397
0.0003005464480874317,0.038510101010101015,0.0009467635875385612,1.1115504614894645
0.00030064131754705526,0.0384979488797728,0.0008602853962987029,1.09013127549873
0.0003007361870066788,0.038485804416403785,0.0008617308689936016,1.062890023094309
0.00030083105646630233,0.038473667612740466,0.0009314497702848569,1.215087603738935
0.0003009259259259259,0.038461538461538464,0.0017975756872811728,-0.06709827685370416
0.00030102079538554946,0.03844941695556256,0.0006215965111934791,1.0385125979992669
0.000301115664845173,0.038437303087586645,0.0006661150407166515,1.1943224254019122
0.0003012105343047966,0.0384251968503937,0.0007421184188012815,1.5065608884979684
0.00030130540376442015,0.03841309823677582,0.0006979900798640649,1.2248835276610814
0.0003014002732240437,0.03840100723953415,0.0006999842808714838,1.409675378990146
0.0003014951426836673,0.03838892385147892,0.0009692031299824191,1.3117396172840272
0.00030159001214329084,0.03837684806542938,0.0008335699714672402,1.2926204004992263
0.00030168488160291435,0.03836477987421384,0.0006852946110167246,1.5974549827314464
0.0003017797510625379,0.038352719270669605,0.0008369753054162882,1.4131209620638647
0.0003018746205221615,0.03834066624764299,0.0008475024835252438,1.2956115497528946
0.00030196948998178504,0.03832862079798932,0.000910648589028644,1.3029327397203954
0.0003020643594414086,0.038316582914572864,0.0008658130337357884,1.2289104499898695
0.00030215922890103217,0.038304552590266876,0.0008819843630679281,1.3325643892669385
0.00030225409836065573,0.038292529817953544,0.0006222815614031558,1.3224747791450118
0.0003023489678202793,0.038280514590524006,0.0007476778797950623,1.3313694944851984
0.00030244383727990286,0.038268506900878296,0.0009021572067251095,1.3581573925347215
0.0003025387067395264,0.038256506741925364,0.0009847907042386235,1.3066250070630385
0.00030263357619914993,0.038244514106583076,0.0007856113388778934,1.433837286676829
0.0003027284456587735,0.038232528987778125,0.0006298957616529044,1.0762692712919089
0.00030282331511839706,0.03822055137844612,0.00075671905980738,1.2521988481876836
0.0003029181845780206,0.03820858127153148,0.0009409576758792763,1.2510210843538345
0.0003030130540376442,0.038196618659987476,0.0008486879666420382,1.4031117998935092
0.00030310792349726775,0.038184663536776214,0.0008667095356554556,1.130851138584086
0.0003032027929568913,0.038172715894868585,0.0006554589913080521,1.3166736033018305
0.0003032976624165149,0.038160775727244294,0.0007857969217877611,1.0595211868195489
0.00030339253187613844,0.03814884302689181,0.0007271567627072877,1.1450201921267504
0.000303487401335762,0.038136917786808375,0.0009219474049325747,1.2945787150910761
0.0003035822707953855,0.038125000000000006,0.0007707306815116537,1.4200597945239168
0.0003036771402550091,0.03811308965948142,0.0007797905310606858,1.3946861764872502
0.00030377200971463264,0.038101186758276076,0.0008750019733808924,1.2207503016671382
0.0003038668791742562,0.038089291289416176,0.0007582675103433753,1.3305783686557977
0.00030396174863387977,0.038077403245942575,0.0006900670075963918,1.169034234523169
0.00030405661809350333,0.03806552262090484,0.0008161698055381851,1.3167106653165512
0.0003041514875531269,0.0380536494073612,0.0007542865219473574,1.3750244168472807
0.00030424635701275046,0.038041783598378544,0.00088625442111772,1.1879928551036076
0.000304341226472374,0.038029925187032416,0.0007406041932459611,1.2050520934845041
0.00030443609593199753,0.038018074166406984,0.0009426242472014876,1.3765812398843909
0.0003045309653916211,0.038006230529595016,0.0008616999496367158,1.1455740249018762
0.00030462583485124466,0.03799439426969792,0.0007701854492689265,1.1262118061645192
0.0003047207043108682,0.03798256537982566,0.0007763877701289553,1.3635174122479776
0.0003048155737704918,0.037970743853096796,0.0007957203930932147,1.4063979647232554
0.00030491044323011535,0.03795892968263846,0.0007046291501156287,1.411062713138125
0.0003050053126897389,0.037947122861586316,0.0008700893655906134,1.2420576961385685
0.0003051001821493625,0.03793532338308458,0.0007201505628449439,1.3065718500104728
0.00030519505160898604,0.03792353124028598,0.0008043932315868758,1.1908608580809619
0.0003052899210686096,0.03791174642635177,0.0006233621130495071,1.2092628679938964
0.0003053847905282331,0.037899968934451696,0.0008443724639037305,1.3027737986262187
0.0003054796599878567,0.03788819875776398,0.0008713682943658118,1.2963064424695967
0.00030557452944748024,0.03787643588947532,0.0008859239932072296,1.3033881609709435
0.0003056693989071038,0.03786468032278088,0.0007472638527509109,1.286099204413917
0.00030576426836672737,0.037852932050884275,0.0008668041689252597,1.6122925907860057
0.00030585913782635093,0.03784119106699752,0.0006698465791985873,1.4444498298827486
0.0003059540072859745,0.03782945736434108,0.0009134372262100597,1.2113831005143982
0.00030604887674559806,0.03781773093614383,0.0007615103768405085,1.198980359790027
0.0003061437462052216,0.037806011775643016,0.0008683838762526897,1.444916721050934
0.00030623861566484513,0.03779429987608427,0.0007235404867681488,1.2859971421889973
0.0003063334851244687,0.03778259523072159,0.000924842201320936,1.382886442672039
0.00030642835458409226,0.03777089783281734,0.000843864332758005,1.0723813692138142
0.0003065232240437158,0.03775920767564222,0.000793949281764739,1.3134536231112632
0.0003066180935033394,0.037747524752475246,0.0007354847750055208,1.1194751977967745
0.00030671296296296295,0.03773584905660377,0.0009720697186676746,1.1868973663645752
0.0003068078324225865,0.037724180581323444,0.0006341161094614835,0.9228385858599572
0.0003069027018822101,0.03771251931993818,0.000862486160779477,1.4050209399148963
0.00030699757134183364,0.0377008652657602,0.0008876130544881634,1.2163634123877045
0.0003070924408014572,0.037689218412109975,0.000983387007959017,1.4131538496932563
0.0003071873102610807,0.03767757875231625,0.0007347523755285375,0.9439244931697445
0.0003072821797207043,0.037665946279715964,0.0008321479188352089,1.2148113523901567
0.00030737704918032784,0.037654320987654324,0.0008286621865986483,1.28452447595226
0.0003074719186399514,0.037642702869484734,0.00095414036837601,1.313332875595116
0.00030756678809957497,0.03763109191856878,0.000876031369943767,0.9593436274019319
0.00030766165755919853,0.03761948812827629,0.0008841138686247575,1.3579546449517303
0.0003077565270188221,0.03760789149198521,0.0008041806854112931,1.2591953554616488
0.00030785139647844566,0.037596302003081665,0.0008253699180000503,1.394154176021089
0.0003079462659380692,0.03758471965495995,0.0007428965404084312,1.1360784590154844
0.0003080411353976928,0.037573144441022485,0.0007022860695250058,1.2813866365855862
0.0003081360048573163,0.037561576354679806,0.0007674463972197626,1.2647455123589875
0.00030823087431693986,0.03755001538935057,0.0008592612841910567,1.2856916473011033
0.0003083257437765634,0.03753846153846154,0.0007898343484168215,0.9835333259725627
0.000308420613236187,0.03752691479544756,0.0008348223794194321,1.5236282173989746
0.00030851548269581055,0.03751537515375154,0.0006729260810279317,1.1956921454930043
0.0003086103521554341,0.037503842606824475,0.0008336202542549704,1.3196425037452457
0.0003087052216150577,0.037492317148125384,0.0008476602886396592,1.1879469644759182
0.00030880009107468124,0.03748079877112135,0.0006843611747455282,1.0995914197528163
0.0003088949605343048,0.03746928746928747,0.0007048878449679041,1.2721641380259745
0.0003089898299939283,0.03745778323610685,0.0008657966478865288,1.5035280710691565
0.0003090846994535519,0.037446286065070604,0.000847142609732412,1.1012310782853
0.00030917956891317544,0.037434795949677815,0.0008428826083535984,1.3300665983735682
0.000309274438372799,0.03742331288343558,0.0009468171593466415,1.114637950520109
0.00030936930783242257,0.037411836859858945,0.0009424323990171681,1.4223867810790927
0.00030946417729204613,0.03740036787247088,0.000694359712117254,1.27200350501154
0.0003095590467516697,0.03738890591480233,0.000871272526863511,1.2836840799078368
0.00030965391621129326,0.037377450980392156,0.0007125934416835876,0.9364658367524339
0.0003097487856709168,0.03736600306278714,0.0007583996581799467,1.192914988788749
0.0003098436551305404,0.03735456215554195,0.0009249011560453602,1.2539750331229138
0.0003099385245901639,0.037343128252219165,0.0008890982374083958,1.390213887628284
0.00031003339404978746,0.03733170134638923,0.0009016601061871687,1.1614869610805878
0.000310128263509411,0.03732028143163047,0.0007193832531307161,1.0802786041784989
0.0003102231329690346,0.037308868501529056,0.0009178070224067482,1.3443406287337312
0.00031031800242865815,0.037297462549679,0.0007148958225285083,1.3993055054543249
0.0003104128718882817,0.03728606356968215,0.0007330205004742466,1.4017314591699799
0.0003105077413479053,0.03727467155514818,0.0006971431488021569,1.2677787487240424
0.00031060261080752884,0.03726328649969456,0.000904949299580168,1.2283893121171416
0.0003106974802671524,0.037251908396946566,0.0008511350952164441,1.4859837630336072
0.0003107923497267759,0.03724053724053725,0.0008487087739366361,1.4184739897869794
0.0003108872191863995,0.03722917302410742,0.0006994173329522245,1.3419299643393017
0.00031098208864602304,0.03721781574130568,0.000839255557319923,1.4190333957805858
0.0003110769581056466,0.037206465385788354,0.0007538101570291879,1.3180809255983865
0.00031117182756527017,0.03719512195121952,0.0008900872133548715,1.1484671770545964
0.00031126669702489373,0.03718378543127095,0.0008042925730916192,1.4041389942876121
0.0003113615664845173,0.03717245581962218,0.0006995472909027938,1.2267867935142418
0.00031145643594414086,0.0371611331099604,0.0007452843105279833,1.1641477473223332
0.0003115513054037644,0.03714981729598051,0.0008216079372755123,1.328779782448835
0.000311646174863388,0.03713850837138508,0.0009183599255728906,1.3865234477057984
0.0003117410443230115,0.037127206329884366,0.0008412625473414565,1.3232530795102544
0.00031183591378263506,0.03711591116519623,0.0006906591274053803,0.9569036601382507
0.0003119307832422586,0.03710462287104623,0.0008148932022018418,1.1720347133456837
0.0003120256527018822,0.03709334144116753,0.0008539697860873978,1.1992533421379301
0.00031212052216150575,0.03708206686930091,0.0007987133228483646,1.248541687584873
0.0003122153916211293,0.037070799149194776,0.0008584117644005575,1.2309280627249006
0.0003123102610807529,0.037059538274605106,0.0006386782533106251,1.421515723145033
0.00031240513054037644,0.03704828423929547,0.0006274715131100933,1.257248803137379
0.0003125,0.037037037037037035,0.0005963987879394124,0.11402853913830026
0.00031259486945962357,0.0370257966616085,0.0008112639745997285,1.4130736476719838
0.0003126897389192471,0.03701456310679612,0.0007847994663256751,1.4973533855686096
0.00031278460837887064,0.0370033363663937,0.0008443579700536831,1.2004433958112015
0.0003128794778384942,0.036992116434202554,0.0009162490856427483,1.138741275149727
0.00031297434729811777,0.03698090330403153,0.0008917571202147207,1.3055371109955092
0.00031306921675774133,0.03696969696969697,0.0008740706130858385,1.3321626992958395
0.0003131640862173649,0.03695849742502272,0.0008299862275579551,1.3315689163082656
0.00031325895567698846,0.0369473046638401,0.0008134416630048403,1.3569275316999978
0.000313353825136612,0.03693611867998789,0.0010295839803795537,1.31335203612609
0.0003134486945962356,0.036924939467312345,0.0009180415459330189,1.2578327308909474
0.0003135435640558591,0.03691376701966718,0.000718531077001357,1.3570151605083327
0.00031363843351548266,0.0369026013309135,0.0008475034901143582,1.1344956345796393
0.0003137333029751062,0.03689144239491987,0.0007240369965816475,1.0274504514895992
0.0003138281724347298,0.03688029020556227,0.0009339679702914792,0.9408772925476997
0.00031392304189435335,0.036869144756724086,0.0009460941876504608,1.241955591370214
0.0003140179113539769,0.036858006042296075,0.0008278367173372904,1.2812096150171914
0.0003141127808136005,0.03684687405617638,0.0007841379625693961,1.3679343810033389
0.00031420765027322404,0.036835748792270535,0.0009997151770248928,1.1896877303948057
0.0003143025197328476,0.036824630244491396,0.0009022782818794912,1.342896578332633
0.00031439738919247117,0.0368135184067592,0.0009586508548762513,1.2905968551263634
0.0003144922586520947,0.036802413273001516,0.0007860564876503563,1.0154983507754298
0.00031458712811171824,0.0367913148371532,0.0007837100360915612,1.429145123440299
0.0003146819975713418,0.03678022309315647,0.0008543196970336569,0.9990017762425633
0.00031477686703096537,0.036769138034960826,0.0008505488122841548,1.2524386649584334
0.00031487173649058893,0.03675805965652305,0.0009554827826757998,1.0586263547710362
0.0003149666059502125,0.03674698795180723,0.0008087432505357111,1.613322307609161
0.00031506147540983606,0.036735922914784704,0.0007712584260250272,1.3292886468419827
0.0003151563448694596,0.03672486453943408,0.0007656433276441344,1.317995146460128
0.0003152512143290832,0.0367138128197412,0.0010182050001975435,1.1317350784298958
0.0003153460837887067,0.03670276774969916,0.0008347728191320599,1.1660893058108235
0.00031544095324833026,0.036691729323308275,0.0007670346574627738,1.2758246280085708
0.0003155358227079538,0.03668069753457607,0.0006827937678635165,1.3463739191038628
0.0003156306921675774,0.03666967237751729,0.0008031794968391495,1.1058449037452387
0.00031572556162720095,0.03665865384615385,0.0007303639017559447,1.2146093417344332
0.0003158204310868245,0.03664764193451487,0.0008962563573430551,1.5738536069429112
0.0003159153005464481,0.03663663663663664,0.0009437017089428891,1.3356516981488071
0.00031601017000607164,0.036625637946562595,0.0008156222852855953,1.3378594850995924
0.0003161050394656952,0.036614645858343335,0.0009179506355622236,1.2466097780033696
0.00031619990892531877,0.0366036603660366,0.0008785018516064579,1.3248012432105267
0.0003162947783849423,0.03659268146370726,0.0007745622804248587,0.9176447211730034
0.00031638964784456584,0.03658170914542729,0.0007562467277868754,1.1327208091746492
0.0003164845173041894,0.03657074340527578,0.0006778659692831265,1.1041260140352922
0.00031657938676381297,0.03655978423733893,0.0005946635743680134,0.9300765312026943
0.00031667425622343654,0.03654883163571001,0.0008857492805766335,1.3451670224135428
0.0003167691256830601,0.03653788559448937,0.0009037671431399123,1.3760616919297108
0.00031686399514268366,0.03652694610778443,0.0007733995633208745,1.4057194895565974
0.0003169588646023072,0.03651601316970967,0.0009285136128326821,1.078120918618277
0.0003170537340619308,0.03650508677438659,0.0009666440768968666,1.2653708717450096
0.0003171486035215543,0.03649416691594377,0.0009747840748440293,1.1496648740878421
0.00031724347298117786,0.03648325358851675,0.0007258860922995454,1.1147663766362605
0.0003173383424408014,0.03647234678624813,0.000744800919052545,1.133686434032264
0.000317433211900425,0.03646144650328751,0.0007363327886686733,1.1985778918671643
0.00031752808136004855,0.036450552733791455,0.0007896364773748177,1.196314268139174
0.0003176229508196721,0.03643966547192354,0.0007744018259177816,1.1618499879023212
0.0003177178202792957,0.03642878471185428,0.0009413157547380911,1.3074812903934376
0.00031781268973891924,0.036417910447761194,0.0007675981124693604,1.3765402243419387
0.0003179075591985428,0.03640704267382871,0.0009289986386994233,1.3379105438190626
0.00031800242865816637,0.03639618138424821,0.0009193440086628173,1.2469801690412792
0.0003180972981177899,0.03638532657321802,0.0007854529263956583,1.270685705060591
0.00031819216757741344,0.03637447823494336,0.0006915881171009897,1.1771374503066578
0.000318287037037037,0.03636363636363637,0.0008035614731976334,1.6027640241504963
0.00031838190649666057,0.0363528009535161,0.0007732878948142393,1.3998257571911603
0.00031847677595628414,0.03634197199880846,0.000820104580970623,1.2195183591895995
0.0003185716454159077,0.03633114949374628,0.0008730797700650945,1.2249469358902412
0.00031866651487553126,0.03632033343256922,0.0007260996848044293,1.4360354595723244
0.0003187613843351548,0.03630952380952381,0.0008951752441641902,1.179955744923106
0.0003188562537947784,0.03629872061886343,0.0006302171363926352,0.971446411167885
0.00031895112325440195,0.0362879238548483,0.0008882070485710738,1.1714709100396925
0.00031904599271402546,0.03627713351174547,0.0006547033761770279,1.3955539863954767
0.000319140862173649,0.03626634958382878,0.0007917555335521602,1.357536097219393
0.0003192357316332726,0.036255572065378903,0.0007001829823963447,1.168488250962394
0.00031933060109289615,0.03624480095068331,0.0008878586665673061,1.2270038435792563
0.0003194254705525197,0.03623403623403623,0.000650537912418661,1.1359656565846445
0.0003195203400121433,0.03622327790973872,0.0008637433261017969,1.3058727059877437
0.00031961520947176685,0.03621252597209854,0.0008821652420090845,1.0404701054363459
0.0003197100789313904,0.03620178041543027,0.0007476055007151099,1.1143600551612516
0.00031980494839101397,0.03619104123405517,0.0009138259460666556,1.102859636947753
0.0003198998178506375,0.036180308422301306,0.0007828500384187345,1.2495207133757176
0.00031999468731026105,0.036169581974503415,0.0008689756211356733,1.3876078835934802
0.0003200895567698846,0.03615886188500297,0.0006574277160619639,1.3629065968639764
0.00032018442622950817,0.03614814814814815,0.000577442851764296,1.5176493780381957
0.00032027929568913174,0.03613744075829384,0.0008196845600946262,1.256564484281104
0.0003203741651487553,0.0361267397098016,0.0010209712936767713,1.3213018784883568
0.00032046903460837886,0.03611604499703967,0.0009840157688370235,1.3265704054892347
0.00032056390406800243,0.03610535661438295,0.0006104286756131566,1.0353484069833594
0.000320658773527626,0.03609467455621302,0.000796872047501519,1.0534249609908721
0.00032075364298724955,0.036083998816918074,0.0006568205237261899,1.3437953675729117
0.00032084851244687306,0.036073329390892965,0.0007288175208597497,1.2839516881234907
0.00032094338190649663,0.03606266627253917,0.0007044226093401147,1.2053553800892742
0.0003210382513661202,0.03605200945626478,0.0008339522784376992,1.4003257356127787
0.00032113312082574375,0.03604135893648449,0.0006602572415064159,1.2790285047840333
0.0003212279902853673,0.036030714707619614,0.0009688303831812115,1.4521747760133763
0.0003213228597449909,0.03602007676409802,0.0008282650017303742,1.4730016269519146
0.00032141772920461445,0.03600944510035419,0.0008552989565082339,1.2389342500953402
0.000321512598664238,0.035998819710829154,0.000625411923887628,1.102256772651739
0.0003216074681238616,0.0359882005899705,0.0007717644487437768,1.1431424828961736
0.0003217023375834851,0.035977587732232384,0.0007587822185115185,1.2778995406002291
0.00032179720704310865,0.03596698113207548,0.0007639062207146791,1.630929316222606
0.0003218920765027322,0.03595638078396699,0.0009268826765669336,1.3215386558918605
0.0003219869459623558,0.03594578668238068,0.0008523133428473476,1.06165047779016
0.00032208181542197934,0.035935198821796764,0.0007679862582879208,1.0144882494074534
0.0003221766848816029,0.03592461719670201,0.0009080105925504999,1.4273365115656704
0.00032227155434122646,0.03591404180158964,0.0008277216206699026,1.2605941978235815
0.00032236642380085003,0.03590347263095939,0.000724092899050694,1.2990424095014543
0.0003224612932604736,0.03589290967931744,0.0009968820532634014,1.0049314898016817
0.00032255616272009716,0.03588235294117647,0.0007031457589735821,1.355459211580849
0.00032265103217972066,0.03587180241105557,0.0009034630006644706,1.3528584156570802
0.00032274590163934423,0.03586125808348031,0.000839842629813755,1.5022415942067369
0.0003228407710989678,0.03585071995298267,0.0007988510924725541,1.114904971096183
0.00032293564055859136,0.03584018801410106,0.0005229041870073162,1.1691150357768367
0.0003230305100182149,0.035829662261380325,0.0007880012689220975,1.1637875253746188
0.0003231253794778385,0.0358191426893717,0.0008631417046147832,1.2310559892308754
0.00032322024893746205,0.035808629292632815,0.0008471476310103623,1.0319034417152104
0.0003233151183970856,0.035798122065727696,0.0007198606301485805,1.1950901029665593
0.0003234099878567092,0.03578762100322675,0.0006566750589955733,1.5854471543154531
0.00032350485731633274,0.03577712609970674,0.0007147898307712824,1.4159089544796066
0.00032359972677595625,0.03576663734975081,0.000843935600643122,1.3248929401373537
0.0003236945962355798,0.035756154747948424,0.0006901341727541781,1.5950838301029324
0.0003237894656952034,0.035745678288895404,0.0008072626735110941,1.1468818566852994
0.00032388433515482694,0.035735207967193906,0.0008912284563188486,1.3510427067650908
0.0003239792046144505,0.03572474377745242,0.0008174467290708591,1.4018394118405195
0.00032407407407407406,0.03571428571428571,0.0011674079307944013,2.0029830257940713
0.00032416894353369763,0.0357038337723149,0.000951815751332619,1.2354459074943447
0.0003242638129933212,0.035693387946167346,0.0006442449773220853,1.2233959447191005
0.00032435868245294476,0.03568294823047675,0.000897737236270934,0.9714290959658579
0.00032445355191256827,0.03567251461988304,0.0006501247373254073,1.2490339689484953
0.00032454842137219183,0.03566208710903245,0.0008903967352409955,1.1007708581993585
0.0003246432908318154,0.03565166569257744,0.0009554975571823079,1.2604375784365913
0.00032473816029143896,0.03564125036517675,0.0007162892787223768,1.0899219051090012
0.0003248330297510625,0.03563084112149533,0.0008341992261859727,1.0244276696026975
0.0003249278992106861,0.035620437956204384,0.000685075903580465,1.2625568530059719
0.00032502276867030965,0.03561004086398132,0.0007893789516497957,1.4348979706972727
0.0003251176381299332,0.03559964983950978,0.0006002647061558184,1.1897634120830205
0.0003252125075895568,0.03558926487747958,0.0006593224250410448,1.572596202951471
0.00032530737704918034,0.03557888597258676,0.0007772828123349204,1.4061300452616434
0.00032540224650880385,0.03556851311953353,0.0007700468111577845,1.365766006185958
0.0003254971159684274,0.035558146313028276,0.0007537261786650163,0.9986429378034443
0.000325591985428051,0.03554778554778555,0.000597156210384634,1.0419857222415694
0.00032568685488767454,0.035537430818526075,0.0008531130590325018,1.0625889144828393
0.0003257817243472981,0.035527082119976704,0.0007163633800984306,1.1379319807501926
0.00032587659380692167,0.03551673944687045,0.0009492637388704451,1.075027381772003
0.00032597146326654523,0.03550640279394645,0.0007702908801288938,1.2340072354939051
0.0003260663327261688,0.03549607215594996,0.0007018726671707801,1.4809981156065781
0.00032616120218579236,0.035485747527632346,0.0006546177736333083,1.1382590398487542
0.00032625607164541587,0.0354754289037511,0.000784267489517668,1.1003197092670998
0.00032635094110503943,0.03546511627906977,0.0008984659767077549,1.4472712786638533
0.000326445810564663,0.03545480964835804,0.0006206728213711048,1.2284026479217907
0.00032654068002428656,0.035444509006391636,0.0007574224835763908,0.9972878473709043
0.0003266355494839101,0.03543421434795237,0.0005869063124279871,0.8339640532245441
0.0003267304189435337,0.03542392566782811,0.0009522860980326959,1.1098086428733358
0.00032682528840315725,0.03541364296081277,0.000731947552339311,1.1437394888312304
0.0003269201578627808,0.035403366221706326,0.0006632922949481126,1.303126653242961
0.0003270150273224044,0.035393095445314764,0.0008487924365745353,1.1148918331210864
0.00032710989678202794,0.03538283062645012,0.0007716431185677223,1.4164625942696025
0.00032720476624165145,0.035372571759930416,0.00075578232166678,1.3582883569306823
0.000327299635701275,0.035362318840579714,0.0006883112526649179,1.5459428811994957
0.0003273945051608986,0.03535207186322806,0.0005034698466766433,1.205845736187419
0.00032748937462052214,0.03534183082271147,0.0006249755030015148,1.182134976106786
0.0003275842440801457,0.035331595713872,0.0007773625471097768,0.9689838944688056
0.00032767911353976927,0.03532136653155762,0.0004027646511326253,1.2801069984773472
0.00032777398299939283,0.03531114327062229,0.0009382318775928301,1.2462722091626313
0.0003278688524590164,0.03530092592592592,0.0007521342593567052,1.4377031964238582
0.00032796372191863996,0.035290714492334396,0.0008330460225141643,1.3066649650583866
0.0003280585913782635,0.03528050896471949,0.0007644408332861928,1.1990309183164154
0.00032815346083788703,0.03527030933795895,0.0009239497208491169,1.1997335805332103
0.0003282483302975106,0.03526011560693642,0.0006781745915938496,1.2213912850508781
0.00032834319975713416,0.03524992776654146,0.0006549291558973221,1.0928222533730374
0.0003284380692167577,0.035239745811669554,0.0008413781220618362,1.3414962574315858
0.0003285329386763813,0.03522956973722206,0.0008368605592810285,1.2981131849746235
0.00032862780813600485,0.03521939953810624,0.0006080145592452476,1.2302367119354172
0.0003287226775956284,0.03520923520923521,0.0006715687667301108,1.311737427049281
0.000328817547055252,0.03519907674552798,0.0006813438174302249,1.4313591749596972
0.00032891241651487554,0.035188924141909425,0.0008541464589562377,1.200865157666086
0.00032900728597449905,0.03517877739331027,0.0008797714534909269,1.084152175449123
0.0003291021554341226,0.035168636494667053,0.0008886430718555239,1.3855879396106254
0.0003291970248937462,0.03515850144092219,0.0006907284468879943,1.219711488551727
0.00032929189435336974,0.03514837222702392,0.0005253705529381525,1.439935246487959
0.0003293867638129933,0.03513824884792627,0.0007225449210689598,1.010473970519691
0.00032948163327261687,0.03512813129858912,0.0008219894883306061,1.1780022242232862
0.00032957650273224043,0.03511801957397812,0.0006835079669077522,1.422073700050883
0.000329671372191864,0.035107913669064746,0.0007060985334897219,1.2508156949200526
0.00032976624165148756,0.035097813578826235,0.0008948061397179519,1.23828448333421
0.0003298611111111111,0.03508771929824561,0.0008863348611501886,1.0383137095362707
0.00032995598057073463,0.035077630822311676,0.0005875692604583793,1.0206082760236945
0.0003300508500303582,0.03506754814601898,0.0005694425065068023,1.477591507848454
0.00033014571948998176,0.03505747126436782,0.0005289437158586407,1.1334297442345913
0.0003302405889496053,0.03504740017236427,0.0006757781339529643,1.1097168918521456
0.0003303354584092289,0.03503733486502011,0.0007144655866621304,1.326704534732838
0.00033043032786885245,0.03502727533735286,0.0008751146586883211,1.4029645509748698
0.000330525197328476,0.03501722158438576,0.0008166924036966506,1.3021802091747252
0.0003306200667880996,0.03500717360114777,0.0007823145761604916,1.1674425230580547
0.00033071493624772314,0.03499713138267355,0.0008805074299201566,1.2598377590059737
0.00033080980570734665,0.034987094924003447,0.0007208434499090008,1.1650284033921827
0.0003309046751669702,0.03497706422018349,0.0006908237996970926,1.3365086615152604
0.0003309995446265938,0.03496703926626541,0.0008422703427762456,1.2923931472275378
0.00033109441408621734,0.034957020057306595,0.0007335332747114265,0.9961118239723971
0.0003311892835458409,0.0349470065883701,0.00083504148974035,1.4194224206598078
0.00033128415300546447,0.03493699885452463,0.0007918938248592592,1.3021749523354431
0.00033137902246508803,0.03492699685084454,0.0007024832740833613,1.3247600817678176
0.0003314738919247116,0.034917000572409845,0.0008415317494548811,1.2818409167851534
0.00033156876138433516,0.03490701001430615,0.0006172182818709223,1.0699841604623455
0.0003316636308439587,0.03489702517162471,0.0009011132055695501,1.0765787283001675
0.00033175850030358223,0.0348870460394624,0.0008446126574592064,1.2290072722880168
0.0003318533697632058,0.034877072612921674,0.0007232404013606959,1.5112850541398597
0.00033194823922282936,0.0348671048871106,0.0006628513460206374,1.1631519456722124
0.0003320431086824529,0.03485714285714286,0.0003817999174189028,1.1240321554641026
0.0003321379781420765,0.03484718651813768,0.0007480271284529014,1.2460110446352204
0.00033223284760170005,0.034837235865219876,0.000610021197203241,1.3064978048104405
0.0003323277170613236,0.034827290893519845,0.0007776378218499855,1.1123919469542707
0.0003324225865209472,0.034817351598173514,0.0008140746212741047,0.9365481047437457
0.00033251745598057074,0.034807417974322394,0.0006857593660889595,1.1236351324190355
0.0003326123254401943,0.03479749001711352,0.0007687061614706455,0.9072175075292106
0.0003327071948998178,0.03478756772169946,0.0009075579663659561,1.3197946587459337
0.0003328020643594414,0.03477765108323831,0.0008343810334585484,0.9049473477297162
0.00033289693381906494,0.03476774009689371,0.0005268057432638388,0.9421811074601699
0.0003329918032786885,0.03475783475783476,0.0006575681553526397,1.2321917370882345
0.00033308667273831207,0.03474793506123612,0.000684967893514438,1.3278914865615268
0.00033318154219793563,0.034738041002277904,0.0008471154766456082,1.0456392077939645
0.0003332764116575592,0.03472815257614575,0.0008648419047832852,1.356214107709381
0.00033337128111718276,0.03471826977803073,0.0006959906741272031,1.0581193878233939
0.0003334661505768063,0.03470839260312945,0.0005449455771031741,1.1337089906546625
0.00033356102003642983,0.034698521046643914,0.0007722117577189645,1.248269892532239
0.0003336558894960534,0.034688655103781635,0.000827072594044264,1.3964495383784765
0.00033375075895567696,0.03467879476975554,0.0007723663960268961,1.0791768779247572
0.0003338456284153005,0.03466894003978403,0.0005392180283629814,1.2251923261896986
0.0003339404978749241,0.03465909090909091,0.0007205668060443637,1.0319492094808835
0.00033403536733454765,0.03464924737290543,0.0007964823814398118,1.4637098449573482
0.0003341302367941712,0.034639409426462237,0.0006822470334783419,1.5844231023015696
0.0003342251062537948,0.03462957706500142,0.0006936809175248897,1.0044259312908654
0.00033431997571341834,0.034619750283768444,0.000567478202289927,1.3108005820837272
0.0003344148451730419,0.03460992907801418,0.0006373797803353012,1.1750246208800856
0.0003345097146326654,0.0346001134429949,0.0007293876980816139,1.1159284357494774
0.000334604584092289,0.03459030337397222,0.00069123449546753,1.3885193975482386
0.00033469945355191254,0.03458049886621315,0.000716472733895443,1.1775245098902998
0.0003347943230115361,0.03457069991499008,0.0007471394142223064,1.1042014164301808
0.00033488919247115967,0.03456090651558074,0.0008736715055899942,0.9318211498184978
0.00033498406193078323,0.034551118663268196,0.0008232608643093208,1.071493224385231
0.0003350789313904068,0.03454133635334088,0.0009288749207395852,0.8642800899423105
0.00033517380085003036,0.03453155958109256,0.0006097518635860157,1.243049463856898
0.0003352686703096539,0.0345217883418223,0.0009792653316891575,1.337842486268331
0.00033536353976927743,0.03451202263083451,0.0006736682622648386,1.045780492791437
0.000335458409228901,0.034502262443438916,0.0006822239232954255,1.1766098132923113
0.00033555327868852456,0.034492507774950526,0.0008665977618434378,1.137908535613728
0.0003356481481481481,0.03448275862068966,0.0011325222271550256,1.5624964558251642
0.0003357430176077717,0.03447301497598192,0.0005684767732338318,0.940161321822716
0.00033583788706739525,0.03446327683615819,0.0008217773241520433,1.2556713867342573
0.0003359327565270188,0.03445354419655464,0.0008659374146083535,1.2766130519436207
0.0003360276259866424,0.034443817052512704,0.000759823965089519,1.6640694610176119
0.00033612249544626594,0.034434095399379056,0.0005397954942339503,1.0058862443746759
0.0003362173649058895,0.034424379232505645,0.0008800092261525397,1.5409417104089047
0.000336312234365513,0.03441466854724965,0.0009167408708468894,1.273413823281227
0.0003364071038251366,0.03440496333897349,0.0006606637734673116,1.4188529937320982
0.00033650197328476014,0.03439526360304483,0.0006711967179831011,1.073096535119883
0.0003365968427443837,0.03438556933483653,0.0005757405836164073,1.1865925319699744
0.00033669171220400727,0.034375880529726684,0.0008370199628405501,1.1766712302511833
0.00033678658166363083,0.03436619718309859,0.0007541739882057716,1.0786748309935947
0.0003368814511232544,0.034356519290340753,0.0008306577282811069,0.9594708635723774
0.00033697632058287796,0.03434684684684684,0.0005450167626896218,1.405074557192325
0.0003370711900425015,0.034337179848015764,0.0005469572370231259,1.4014293989212077
0.0003371660595021251,0.03432751828925155,0.0007960472808167178,1.0716880270911524
0.0003372609289617486,0.034317862165963435,0.0008292825995601337,1.4029971917311537
0.00033735579842137216,0.03430821147356581,0.0005777771576489515,1.1704683371526656
0.0003374506678809957,0.03429856620747822,0.0005567342921997302,1.2333438374316041
0.0003375455373406193,0.034288926363125354,0.0006482375693463087,1.1804838953092052
0.00033764040680024285,0.03427929193593706,0.0006227305433507677,1.3148154319448884
0.0003377352762598664,0.034269662921348316,0.0007926011766684628,1.1312489512719897
0.00033783014571949,0.034260039314799214,0.0007997212126369236,1.433200349537184
0.00033792501517911354,0.03425042111173498,0.0007357236421286207,1.0442378316778702
0.0003380198846387371,0.034240808307605945,0.0005980608447346078,1.0735053737973503
0.0003381147540983606,0.03423120089786757,0.0009569256748459631,1.3035256665436992
0.0003382096235579842,0.03422159887798037,0.0009131752778550269,1.299201683621229
0.00033830449301760774,0.034212002243409985,0.0008873383522978441,1.402574358888003
0.0003383993624772313,0.03420241098962714,0.0008547067767500252,1.0240240683081887
0.00033849423193685487,0.034192825112107625,0.0009653377919721525,1.0757125213196603
0.00033858910139647843,0.034183244606332305,0.0005873750714887763,1.0723707503535385
0.000338683970856102,0.03417366946778711,0.0006897406264440467,1.5011153869552056
0.00033877884031572556,0.03416409969196303,0.000770834506685488,1.133210086178261
0.0003388737097753491,0.0341545352743561,0.0006639217936100825,1.1418421889742696
0.0003389685792349727,0.034144976210467394,0.0007549054646734867,1.0181305433859653
0.0003390634486945962,0.03413542249580303,0.0007896685792419384,1.1403312258278782
0.00033915831815421976,0.03412587412587413,0.0009154185878655201,1.3483978634986706
0.0003392531876138433,0.03411633109619687,0.0008848159318719549,1.364280900404606
0.0003393480570734669,0.034106793402292425,0.0008494468995275676,1.202579264103391
0.00033944292653309045,0.03409726103968698,0.0007397310962624392,1.1429636579625513
0.000339537795992714,0.034087734003911706,0.0006911595793206079,1.162834788353861
0.0003396326654523376,0.03407821229050279,0.0006211959211064091,0.9585702387210847
0.00033972753491196114,0.034068695895001395,0.0006378838431379614,1.164182496386526
0.0003398224043715847,0.034059184812953655,0.0006792178268833336,1.1499900210839196
0.0003399172738312082,0.0340496790399107,0.0010948099623944968,1.3555898349584952
0.0003400121432908318,0.034040178571428575,0.0007005575296264646,0.941070424449245
0.00034010701275045534,0.03403068340306834,0.0007572357475185316,1.2355257174004974
0.0003402018822100789,0.03402119353039598,0.0005546609738845336,0.9737320433586666
0.00034029675166970247,0.034011708948982436,0.0007705058225437884,1.2277867197083516
0.00034039162112932603,0.03400222965440357,0.000797470211539859,0.9280653225101585
0.0003404864905889496,0.03399275564224018,0.0007482553381599078,1.1938400837584724
0.00034058136004857316,0.033983286908077996,0.0007491661721212827,1.295200901671239
0.0003406762295081967,0.033973823447507656,0.000753903603607445,1.1529089679633628
0.0003407710989678203,0.03396436525612472,0.0008652544370457599,1.1437895004596859
0.0003408659684274438,0.03395491232952964,0.000993090884923814,1.1659559110848023
0.00034096083788706736,0.03394546466332777,0.0009376026349972237,1.3435275543329708
0.0003410557073466909,0.03393602225312935,0.0006063630370385532,1.3890896306984017
0.0003411505768063145,0.0339265850945495,0.0006736020390318445,1.0959822244038753
0.00034124544626593805,0.03391715318320823,0.0007722329551936197,1.3958025588942793
0.0003413403157255616,0.0339077265147304,0.0006421242307466947,1.4985648168830812
0.0003414351851851852,0.03389830508474576,0.0008102214083098115,1.4345498487774213
0.00034153005464480874,0.03388888888888889,0.0007748352554405593,1.3279008397021304
0.0003416249241044323,0.033879477922799224,0.0008049957523718998,1.2664886924220347
0.0003417197935640558,0.03387007218212105,0.0008222563781160682,1.0863903524792717
0.0003418146630236794,0.03386067166250347,0.000783312118197037,1.4259218218700351
0.00034190953248330294,0.033851276359600446,0.0005837498397910861,1.264187349698809
0.0003420044019429265,0.03384188626907074,0.0007407323532625118,1.035640370198869
0.00034209927140255007,0.03383250138657793,0.0008185399904096944,1.0809788666936182
0.00034219414086217363,0.03382312170779041,0.0005155985690415828,0.8907610498484249
0.0003422890103217972,0.033813747228381374,0.0006596993960428958,1.3318365650504485
0.00034238387978142076,0.03380437794402882,0.0007593527369497434,1.355286992967919
0.0003424787492410443,0.033795013850415515,0.0009586369411382808,1.2509765143440998
0.0003425736187006679,0.03378565494322902,0.0005453035001174249,1.084351681985408
0.0003426684881602914,0.033776301218161685,0.0007136914725346042,1.3088312970633789
0.00034276335761991496,0.0337669526709106,0.0007504807203764244,1.3134954285278828
0.0003428582270795385,0.033757609297177645,0.0007786736091698542,1.281148308150778
0.0003429530965391621,0.03374827109266943,0.0006852863291536579,1.0672706286912832
0.00034304796599878565,0.03373893805309735,0.0004345875134756231,1.1240171554942093
0.0003431428354584092,0.0337296101741775,0.0008450623737989838,1.40789890178541
0.0003432377049180328,0.033720287451630734,0.000774608730985868,1.6333448599166178
0.00034333257437765634,0.03371096988118265,0.0006825779974319642,1.0770814626529508
0.0003434274438372799,0.03370165745856354,0.0006696791855696441,0.9905449708262861
0.00034352231329690347,0.033692350179508425,0.0007330476793112121,1.1952823461662345
0.000343617182756527,0.033683048039757045,0.0010157212738089315,1.115910716353581
0.00034371205221615054,0.03367375103505383,0.000800200242611182,1.2072991230810166
0.0003438069216757741,0.0336644591611479,0.0006384280733383234,1.1759027467239833
0.00034390179113539767,0.03365517241379311,0.0006919920270434495,1.205799128758924
0.00034399666059502123,0.03364589078874793,0.0006085906271894619,1.1053239754005106
0.0003440915300546448,0.03363661428177557,0.0007791838451741507,1.1150131395027623
0.00034418639951426836,0.03362734288864388,0.0006491308887492572,1.576569101856915
0.0003442812689738919,0.03361807660512538,0.0005521484624224209,1.0087707615918906
0.0003443761384335155,0.03360881542699724,0.0006028597102756204,1.0151491920845308
0.000344471007893139,0.033599559350041316,0.0009025995308070278,1.3115666114715943
0.00034456587735276256,0.03359030837004406,0.0008722375012922405,1.2494674509140236
0.0003446607468123861,0.03358106248279659,0.0007041129999820391,1.0888816357343325
0.0003447556162720097,0.033571821684094665,0.0007361126379526946,1.2623940469281851
0.00034485048573163325,0.033562585969738656,0.0006135053279766518,1.2350806842242814
0.0003449453551912568,0.03355335533553355,0.0007953586535966723,1.4102438456415194
0.0003450402246508804,0.033544129777288975,0.000846344507204088,1.4499376249434126
0.00034513509411050394,0.033534909290819134,0.0008650177023250339,1.2245720457873255
0.0003452299635701275,0.03352569387194284,0.0006231284237734763,1.185024542529459
0.00034532483302975107,0.033516483516483515,0.0006531377359297074,1.1342885888916894
0.0003454197024893746,0.03350727822026916,0.0006599097128646273,0.7722947537272381
0.00034551457194899814,0.033498077979132346,0.0007745969914466366,1.3884628403196824
0.0003456094414086217,0.03348888278891024,0.0006674068396042507,1.3231945992776204
0.00034570431086824527,0.03347969264544457,0.0007347653006244384,1.3483978505734682
0.00034579918032786884,0.03347050754458162,0.0007536814637016822,1.1177093044682136
0.0003458940497874924,0.033461327482172246,0.0008969031502804514,1.139398984928062
0.00034598891924711596,0.03345215245407184,0.0008962436139017149,1.305866489654509
0.0003460837887067395,0.03344298245614035,0.0007165476221005681,1.367980553249879
0.0003461786581663631,0.03343381748424226,0.0005498162214597288,1.3686026570974632
0.0003462735276259866,0.03342465753424658,0.0005902960449163765,0.9439251592720938
0.00034636839708561016,0.033415502602026845,0.0005013524815327096,1.2826746360236079
0.0003464632665452337,0.03340635268346112,0.000708784022982702,1.2922668928269168
0.0003465581360048573,0.03339720777443198,0.0006318091641761899,1.4148794159986697
0.00034665300546448085,0.033388067870826495,0.0005081995737276872,1.483602937323887
0.0003467478749241044,0.03337893296853625,0.0007920480924137136,1.3564459460513774
0.000346842744383728,0.03336980306345733,0.0007699827163459683,0.9964210047611212
0.00034693761384335154,0.03336067815149029,0.0010861376884559442,1.0733516084800168
0.0003470324833029751,0.03335155822854018,0.0007748545313468994,1.4371387253795789
0.00034712735276259867,0.033342443290516534,0.0006277622059092584,1.3967344491540272
0.0003472222222222222,0.03333333333333334,0.0007691463188995362,0.9667094846972676
0.00034731709168184574,0.03332422835290905,0.0006257039171866672,1.275728319896568
0.0003474119611414693,0.03331512834516658,0.0007037151930989598,1.463900929199642
0.00034750683060109287,0.03330603330603331,0.0004552037770892645,0.97626485499615
0.00034760170006071644,0.03329694323144105,0.0007964728911899034,1.1867735670844328
0.00034769656952034,0.033287858117326055,0.0005488017256154656,0.9534143021210829
0.00034779143897996356,0.033278777959629025,0.0007853204558367953,1.3334230395691926
0.0003478863084395871,0.03326970275429506,0.0007190090261762867,0.866323060498948
0.0003479811778992107,0.033260632497273714,0.0004703767790248613,1.2782466015082656
0.00034807604735883425,0.033251567184518944,0.0005262660838362386,1.2663607688816982
0.00034817091681845776,0.033242506811989106,0.0007178837262924667,1.1080916577325004
0.0003482657862780813,0.03323345137564696,0.0007168772761132343,1.2214626802242654
0.0003483606557377049,0.0332244008714597,0.0006777072861031701,1.2408608786405517
0.00034845552519732845,0.03321535529539886,0.0007139837693389218,1.3405625597570605
0.000348550394656952,0.0332063146434404,0.000669452563112964,1.3133694243075824
0.0003486452641165756,0.033197278911564626,0.0007882796800748614,1.151864838024422
0.00034874013357619915,0.033188248095756254,0.0006133495771121139,1.275554816020238
0.0003488350030358227,0.03317922219200435,0.0006000060950972107,0.9907150028739383
0.00034892987249544627,0.03317020119630234,0.0007180419301949545,1.2604825362244738
0.0003490247419550698,0.033161185104648,0.0007931282805074981,1.3855523538913093
0.00034911961141469335,0.03315217391304348,0.0007465532488772895,0.993791405212292
0.0003492144808743169,0.03314316761749525,0.001049959252880627,1.2768003712408722
0.00034930935033394047,0.033134166214014125,0.0008397244007926798,1.3552400738522206
0.00034940421979356404,0.03312516969861526,0.0008509894529789894,1.3142720505659358
0.0003494990892531876,0.03311617806731813,0.0007631253802415863,1.049516231172759
0.00034959395871281116,0.03310719131614654,0.0009230941929199098,1.058677051430539
0.00034968882817243473,0.033098209441128595,0.000532700425200754,1.2095492290651002
0.0003497836976320583,0.03308923243829672,0.00044382413666837334,1.2762208429959645
0.00034987856709168185,0.03308026030368764,0.00035162341544124897,1.597869996805149
0.00034997343655130536,0.03307129303334237,0.0005227798619845541,0.9868939888364469
0.00035006830601092893,0.03306233062330624,0.0005753291535537212,1.2879716253829812
0.0003501631754705525,0.03305337306962883,0.0008618992537304526,1.2641049298329434
0.00035025804493017605,0.03304442036836403,0.000575930153401818,1.3167598458749126
0.0003503529143897996,0.03303547251557,0.0008166240060226092,0.9156895094504794
0.0003504477838494232,0.03302652950730915,0.0006529932317152136,1.0686022142615346
0.00035054265330904675,0.03301759133964817,0.0008974893848722336,1.2593593769604896
0.0003506375227686703,0.03300865800865801,0.0005872354683993095,1.4868493361249178
0.0003507323922282939,0.03299972951041385,0.0006320126390786674,1.4075451466399826
0.0003508272616879174,0.03299080584099514,0.0006853681432583588,1.0275272653371461
0.00035092213114754095,0.032981886996485535,0.000705712003673197,1.2761360064939762
0.0003510170006071645,0.032972972972972976,0.0006608327070093972,0.8221531934197355
0.0003511118700667881,0.03296406376654958,0.0006486478700797276,1.021800665407587
0.00035120673952641164,0.032955159373311727,0.0005399405361255818,1.541221284193158
0.0003513016089860352,0.03294625978935998,0.0010112841428911573,1.0408081134004785
0.00035139647844565876,0.032937365010799136,0.0008013224763249633,1.0554256558861717
0.00035149134790528233,0.03292847503373819,0.0006139590045994434,1.7591185908109854
0.0003515862173649059,0.03291958985429034,0.0008608539815090324,1.5269778340814848
0.00035168108682452946,0.03291070946857297,0.000772472260754462,1.496428784210554
0.00035177595628415296,0.03290183387270766,0.0009605251260632949,1.2834450001593085
0.00035187082574377653,0.03289296306282017,0.0005342196930463731,1.7802291415608833
0.0003519656952034001,0.03288409703504044,0.0007163778780996516,0.9335457463364215
0.00035206056466302366,0.03287523578550256,0.000323381187018527,1.403580245392548
0.0003521554341226472,0.03286637931034483,0.0006212874749460118,1.4703993737736714
0.0003522503035822708,0.032857527605709674,0.0004890042371308285,1.0644404887550225
0.00035234517304189435,0.03284868066774367,0.0008302369620844714,1.3437951179827412
0.0003524400425015179,0.03283983849259758,0.0005344912762778497,1.6562693248202713
0.0003525349119611415,0.03283100107642626,0.0005747680306405086,1.2478619363632566
0.00035262978142076504,0.03282216841538875,0.0005786724602742367,1.2220469482312273
0.00035272465088038855,0.0328133405056482,0.0007138606540231328,1.2651987128112816
0.0003528195203400121,0.03280451734337188,0.0006844540499680922,1.239227556114946
0.0003529143897996357,0.032795698924731186,0.0008539315879507526,0.7594490505029369
0.00035300925925925924,0.03278688524590164,0.0007621949705351078,0.8609078486488618
0.0003531041287188828,0.03277807630306287,0.0008818215546655245,1.1207804525342058
0.00035319899817850636,0.032769272092398605,0.0006414130316499891,0.6192403224822778
0.00035329386763812993,0.03276047261009667,0.00043906812365099795,0.8852545497343851
0.0003533887370977535,0.032751677852349,0.0007997498155987543,1.3073064854996572
0.00035348360655737706,0.03274288781535158,0.000878845518540302,1.1259382451337006
0.00035357847601700057,0.032734102495304535,0.0006269764224750442,1.4309466941324098
0.00035367334547662413,0.03272532188841202,0.0006628028243542117,1.2515140308475188
0.0003537682149362477,0.03271654599088228,0.001042334658847489,1.458026323251257
0.00035386308439587126,0.032707774798927614,0.0006243666244229371,1.2213905242511631
0.0003539579538554948,0.03269900830876441,0.000651959907098451,1.5691427202619768
0.0003540528233151184,0.03269024651661308,0.000566469476917153,1.156033856826849
0.00035414769277474195,0.0326814894186981,0.000662487335880596,1.3847883067484976
0.0003542425622343655,0.03267273701124799,0.0009713133845857493,1.3939392852745958
0.0003543374316939891,0.03266398929049531,0.0007061647725478739,1.1246692447241573
0.00035443230115361264,0.032655246252676656,0.0007706764719703922,1.1461098538689385
0.00035452717061323615,0.03264650789403265,0.0006377265167878752,1.1863296704300046
0.0003546220400728597,0.03263777421080792,0.0008838884020561597,1.2159493779629147
0.0003547169095324833,0.03262904519925114,0.0005758324030728753,1.563550043538617
0.00035481177899210684,0.032620320855614976,0.0006207537809262792,0.5786669838947587
0.0003549066484517304,0.03261160117615611,0.0007621508129026569,0.8937067242148949
0.00035500151791135397,0.032602886157135226,0.0007914165740416422,1.3595219066899573
0.00035509638737097753,0.03259417579481699,0.0005533397850474732,1.1353365810608231
0.0003551912568306011,0.03258547008547008,0.0006341046523271539,1.403240964465495
0.00035528612629022466,0.03257676902536716,0.0007247052401203785,1.3141472689058222
0.00035538099574984817,0.03256807261078484,0.0009041635290148972,1.2278488625124415
0.00035547586520947173,0.03255938083800374,0.0008766839425072904,1.0086465097613946
0.0003555707346690953,0.03255069370330844,0.0007423656010765214,1.3858300836015052
0.00035566560412871886,0.03254201120298746,0.000569749245388652,1.315904998061144
0.0003557604735883424,0.03253333333333334,0.0004071923369527012,1.103005873591289
0.000355855343047966,0.0325246600906425,0.0007741340315261772,1.1627840191160552
0.00035595021250758955,0.03251599147121535,0.0007530637304717529,1.2410791551057947
0.0003560450819672131,0.03250732747135625,0.0010203731562126487,1.3376280291805227
0.0003561399514268367,0.03249866808737347,0.0007597987119642142,1.4184792389998506
0.00035623482088646024,0.03249001331557923,0.0007128103516051423,1.3103836918985672
0.00035632969034608375,0.03248136315228967,0.0008538605195830235,1.1636711773302506
0.0003564245598057073,0.03247271759382486,0.0007618669357234767,1.2406743784340195
0.0003565194292653309,0.032464076636508785,0.0006214060987709257,1.2191440834220333
0.00035661429872495444,0.03245544027666933,0.0006671625949894493,1.0402525873167183
0.000356709168184578,0.032446808510638296,0.0003644582671307503,0.8206909396004577
0.00035680403764420157,0.0324381813347514,0.0009234166777355514,1.2901693589696195
0.00035689890710382513,0.03242955874534822,0.0006964956905071599,0.8871375932980577
0.0003569937765634487,0.032420940738772254,0.0008499519748310565,1.5232504762186219
0.00035708864602307226,0.032412327311370885,0.0008197568772927822,1.1913404804231105
0.0003571835154826958,0.03240371845949535,0.0006974420301961574,1.2266235631287967
0.00035727838494231933,0.0323951141795008,0.0007583421861506902,0.8793171684771738
0.0003573732544019429,0.03238651446774622,0.000858162900964819,1.2247882038981843
0.00035746812386156646,0.032377919320594487,0.0008070752572588534,0.9635363058441896
0.00035756299332119,0.03236932873441231,0.00029815848846791735,0.9881237956010321
0.0003576578627808136,0.032360742705570295,0.0005008965416980571,1.3340137836658998
0.00035775273224043715,0.03235216123044286,0.0007871155343471877,0.9195988418962898
0.0003578476017000607,0.03234358430540827,0.0007618580233469365,1.4838561925533393
0.0003579424711596843,0.032335011926848664,0.0006804897329243156,1.172850725656931
0.00035803734061930784,0.03232644409114997,0.0008088312046560948,1.1408785542255466
0.00035813221007893135,0.03231788079470199,0.0007208677460258323,0.6909385684618375
0.0003582270795385549,0.03230932203389831,0.001040180182677105,1.326996086486773
0.0003583219489981785,0.032300767805136354,0.000558863382908099,1.1131975269782821
0.00035841681845780204,0.03229221810481737,0.0009156203269111618,1.6917641206130536
0.0003585116879174256,0.03228367292934639,0.000559454977935941,1.2596086665384287
0.00035860655737704917,0.032275132275132276,0.0006084907507555838,1.1178236324826185
0.00035870142683667273,0.03226659613858768,0.000897609551555007,0.8870379665126576
0.0003587962962962963,0.03225806451612903,0.0008408734233321946,0.8495613177182437
0.00035889116575591986,0.03224953740417658,0.0008675764775781975,1.1270013889696726
0.0003589860352155434,0.03224101479915433,0.0006192475175779169,0.8263584634077534
0.00035908090467516693,0.0322324966974901,0.0008550139423179236,0.9742482423220823
0.0003591757741347905,0.03222398309561543,0.0005299523899351831,1.1337032414794184
0.00035927064359441406,0.03221547398996567,0.0007629507971206445,1.3073640944147558
0.0003593655130540376,0.032206969376979935,0.0005170783868418809,1.5262491263290416
0.0003594603825136612,0.03219846925310109,0.0008119307637853201,1.5218838114581714
0.00035955525197328475,0.03218997361477573,0.0008700746151998973,0.7884352495421191
0.0003596501214329083,0.03218148245845423,0.0009525028816290727,1.4118542802564413
0.0003597449908925319,0.03217299578059072,0.0008447218335585056,1.4709224531452094
0.00035983986035215544,0.03216451357764302,0.000567912950967111,1.3865091244146284
0.00035993472981177895,0.032156035846072746,0.0008320219626917,1.2964637402441512
0.0003600295992714025,0.0321475625823452,0.0007727023376608027,0.9683361204076731
0.0003601244687310261,0.0321390937829294,0.0007062113597420043,0.9287275392386186
0.00036021933819064964,0.032130629444298134,0.000556782829731749,1.2870709500987736
0.0003603142076502732,0.032122169562927856,0.0007010098009843743,1.3590549625835897
0.00036040907710989677,0.03211371413529877,0.0006493009901683875,1.5972224635135477
0.00036050394656952033,0.03210526315789474,0.0006276654743524896,1.2760045188052151
0.0003605988160291439,0.032096816627203366,0.0006171760791888486,0.6392330289364078
0.00036069368548876746,0.03208837453971594,0.0006040969960162396,1.0098166657007024
0.000360788554948391,0.032079936891927424,0.0004002372161552681,1.3260802278855806
0.00036088342440801453,0.03207150368033649,0.0003929993535605418,1.5066033896342772
0.0003609782938676381,0.03206307490144547,0.0008160852767579377,0.7899193994982743
0.00036107316332726166,0.032054650551760384,0.0006562519988632423,1.3779328555440942
0.0003611680327868852,0.03204623062779091,0.0006528798373068339,1.1228521536573632
0.0003612629022465088,0.032037815126050424,0.0007316422813120027,1.4555957976771883
0.00036135777170613235,0.032029404043055924,0.0009483018154361429,1.0903777789158913
0.0003614526411657559,0.032020997375328084,0.0006459399373042844,1.009381557075764
0.0003615475106253795,0.03201259511939124,0.0007596223245715712,1.2594420781450746
0.00036164238008500304,0.032004197271773345,0.0006606633568375867,1.2436434904224212
0.0003617372495446266,0.031995803829006034,0.00034768221656971614,0.8585690976282264
0.0003618321190042501,0.03198741478762455,0.0007153116330761383,1.1015047849660726
0.0003619269884638737,0.03197903014416776,0.0005630051451430527,1.2179884471115892
0.00036202185792349724,0.0319706498951782,0.0007502015871091662,1.232389051140877
0.0003621167273831208,0.03196227403720199,0.0007398208511982562,1.3747895408677675
0.00036221159684274437,0.03195390256678889,0.0006858233414084204,1.1231794723775717
0.00036230646630236793,0.031945535480492275,0.0010219427108358293,1.0188011536173116
0.0003624013357619915,0.03193717277486911,0.0005233939667186453,1.3627146671365997
0.00036249620522161506,0.03192881444647998,0.0008527884893209426,1.1711686739696066
0.0003625910746812386,0.03192046049188906,0.0006430915808736954,1.1256517669478485
0.00036268594414086213,0.03191211090766414,0.0006649426155544616,1.1841018361305036
0.0003627808136004857,0.031903765690376576,0.0005495934687835083,1.1760240330542395
0.00036287568306010926,0.03189542483660131,0.0008426485493513682,1.2580863067137282
0.0003629705525197328,0.03188708834291689,0.00048459867059163527,1.6749495207512204
0.0003630654219793564,0.031878756205905405,0.000923581784858111,1.0054628938410546
0.00036316029143897995,0.03187042842215256,0.0009563913114917271,0.9404361255326348
0.0003632551608986035,0.03186210498824758,0.0009027682306907921,1.0677623415536042
0.0003633500303582271,0.03185378590078329,0.0004892240573194091,1.2938562993119813
0.00036344489981785064,0.031845471156356046,0.0009716855101363492,1.2517241977763083
0.0003635397692774742,0.03183716075156576,0.0005825394148955293,1.341876986253043
0.0003636346387370977,0.03182885468301592,0.0009616074446573848,1.4061350697720556
0.0003637295081967213,0.031820552947313514,0.0006619901002050758,0.9029678548647287
0.00036382437765634484,0.031812255541069104,0.0010246984955795265,1.4720540568179248
0.0003639192471159684,0.03180396246089677,0.000542866172657767,1.3297101040261834
0.00036401411657559197,0.03179567370341412,0.0002989008286394297,1.2869093093199173
0.00036410898603521553,0.03178738926524231,0.0007338779925531753,1.1066544993504919
0.0003642038554948391,0.03177910914300599,0.0007806729165681514,1.286718127624993
0.00036429872495446266,0.03177083333333333,0.0007697857173917877,1.242974524494913
0.0003643935944140862,0.03176256183285603,0.0006893643260190514,1.3623473353046354
0.00036448846387370973,0.031754294638209266,0.0004493764446627211,1.1842253370486397
0.0003645833333333333,0.03174603174603175,0.0005474088943449019,1.1769896053027868
0.00036467820279295686,0.031737773152965665,0.0005507803611546667,1.1415328380153493
0.0003647730722525804,0.0317295188556567,0.0010577838354788411,1.3869919469142256
0.000364867941712204,0.031721268850754034,0.0008770547690743003,1.2807757914973115
0.00036496281117182755,0.03171302313491032,0.0005456103365146916,1.306366864384325
0.0003650576806314511,0.03170478170478171,0.0004873593048302714,1.081313039460914
0.0003651525500910747,0.0316965445570278,0.0009209105320113651,1.1675738196052667
0.00036524741955069824,0.03168831168831169,0.0005871197155381338,0.8170073636785391
0.0003653422890103218,0.031680083095299925,0.0005346869486350694,0.8880064847404844
0.0003654371584699453,0.03167185877466251,0.0007497544013104814,1.3556099883761688
0.0003655320279295689,0.031663638723072936,0.00042597742622620864,1.131705316741342
0.00036562689738919244,0.0316554229372081,0.0006193339390260818,1.1720750360996948
0.000365721766848816,0.031647211413748384,0.0008230601985225145,0.6886406779804414
0.00036581663630843957,0.0316390041493776,0.0006159541722903675,0.8707436016133147
0.00036591150576806313,0.031630801140782996,0.0004825540453894413,1.417397193217482
0.0003660063752276867,0.031622602384655266,0.0008178488995763234,1.1974504261588996
0.00036610124468731026,0.031614407877688516,0.00079969360619236,1.5500050777026
0.0003661961141469338,0.03160621761658031,0.0005107890271161612,1.4834890939822358
0.00036629098360655733,0.0315980315980316,0.0005672207994754329,1.1642118514287951
0.0003663858530661809,0.03158984981874677,0.0007271521888648092,1.4121041954641596
0.00036648072252580446,0.031581672275433605,0.0006132241778201204,1.5081448508040858
0.000366575591985428,0.03157349896480332,0.0006543275647683136,0.810506328577526
0.0003666704614450516,0.031565329883570505,0.0006195171141298154,0.9624993951042777
0.00036676533090467515,0.03155716502845318,0.0006594002737725027,1.0266267716759447
0.0003668602003642987,0.031549004396172746,0.0006715735599562248,1.309584532628611
0.0003669550698239223,0.03154084798345398,0.0008182850854480412,1.2759047276053495
0.00036704993928354584,0.03153269578702507,0.0006476230620142635,1.3791537061564922
0.0003671448087431694,0.031524547803617575,0.000490424188419047,0.5616233029392937
0.0003672396782027929,0.03151640402996642,0.0007185611014796488,0.9586235051344817
0.0003673345476624165,0.031508264462809916,0.000852870155828898,1.2251424193596052
0.00036742941712204004,0.03150012909888975,0.0007175327193590581,0.7850139792437012
0.0003675242865816636,0.03149199793495096,0.0006603685207394387,1.2390393311809194
0.00036761915604128717,0.03148387096774194,0.00040499691194151533,1.4957005279152322
0.00036771402550091073,0.03147574819401445,0.00038669200992411655,1.0397369772694307
0.0003678088949605343,0.0314676296105236,0.0006064049382835052,1.4539938638994974
0.00036790376442015786,0.03145951521402785,0.0006825066601354391,1.3808723891663708
0.0003679986338797814,0.03145140500128899,0.0005975712649451464,1.7085962553658307
0.000368093503339405,0.031443298969072164,0.0006214657452034557,1.0644988452018769
0.0003681883727990285,0.031435197114145844,0.0006383253764557199,1.2610232755905344
0.00036828324225865206,0.03142709943328181,0.0009795975734018193,1.2106827540889076
0.0003683781117182756,0.031419005923255215,0.0003233203193164386,1.1528882173851258
0.0003684729811778992,0.03141091658084449,0.0007419063409587514,1.3746322100308463
0.00036856785063752275,0.031402831402831406,0.0003856284541645804,0.814812945873597
0.0003686627200971463,0.03139475038600103,0.0004891352985658313,1.0059009794200195
0.0003687575895567699,0.03138667352714175,0.0006600815021979042,1.2473596949342771
0.00036885245901639344,0.03137860082304527,0.0009239013699633023,1.2234577079219842
0.000368947328476017,0.031370532270506554,0.00047676660569805583,1.1669018306837258
0.0003690421979356405,0.03136246786632391,0.0006134298432405911,1.0798551244686787
0.0003691370673952641,0.0313544076072989,0.0009040814729556565,1.0876753707392062
0.00036923193685488764,0.03134635149023638,0.0009908475697321202,1.3212623472040976
0.0003693268063145112,0.031338299511944515,0.0005882827903218925,1.3346712265857723
0.00036942167577413477,0.03133025166923472,0.000749999614596816,1.1313918698304084
0.00036951654523375833,0.0313222079589217,0.00045855222652855685,1.141294061136877
0.0003696114146933819,0.03131416837782341,0.0006687055906367009,1.37650057844409
0.00036970628415300546,0.0313061329227611,0.0008646918048755625,1.7211027691939866
0.000369801153612629,0.03129810159055926,0.00030634748261240756,1.0032132522236177
0.0003698960230722526,0.03129007437804565,0.0006721731901919221,1.1921213568038185
0.0003699908925318761,0.03128205128205128,0.0005892741003489676,1.0092789135022895
0.00037008576199149966,0.03127403229941041,0.0007330974572815551,1.1802837268887454
0.0003701806314511232,0.031266017426960536,0.0005734597249758655,1.0747680026044257
0.0003702755009107468,0.03125800666154241,0.0005712936061708426,1.5019652438570381
0.00037037037037037035,0.03125,0.00023417911287172666,1.7834205892969615
0.0003704652398299939,0.03124199743918054,0.0005742644439169501,1.5947262661301072
0.0003705601092896175,0.03123399897593446,0.0007002358662037266,1.5957780654479699
0.00037065497874924104,0.031226004607115432,0.0008718506185403192,1.4119910616818208
0.0003707498482088646,0.031218014329580348,0.000672422727391349,1.6820999390551794
0.0003708447176684881,0.031210028140189312,0.0007248450643523953,1.2159284070035823
0.0003709395871281117,0.03120204603580563,0.0007447300597363906,1.107941339175314
0.00037103445658773524,0.03119406801329584,0.00066409852640583,0.5533606660431069
0.0003711293260473588,0.031186094069529654,0.0006103798018458632,1.5494349075136915
0.00037122419550698237,0.03117812420138002,0.0005422723161251962,0.7464606668726355
0.00037131906496660593,0.031170158405723045,0.0006716439881620813,0.7638593896063786
0.0003714139344262295,0.03116219667943806,0.0006859377934534114,0.6136344013536386
0.00037150880388585306,0.031154239019407556,0.0004967216354669373,1.0944251047152216
0.0003716036733454766,0.031146285422517236,0.0008103066938426799,1.3965654209492666
0.0003716985428051002,0.031138335885655944,0.0004943742510444259,1.2109258498088598
0.0003717934122647237,0.03113039040571575,0.0008221390344229408,1.3291953603669266
0.00037188828172434726,0.03112244897959184,0.0006782447795940388,0.7398090510273388
0.0003719831511839708,0.03111451160418261,0.0009424931356576475,1.089049372431347
0.0003720780206435944,0.031106578276389598,0.0008390393769033237,1.4242729040712618
0.00037217289010321795,0.031098648993117515,0.0007746665933962561,1.5469034289492354
0.0003722677595628415,0.031090723751274214,0.0006226651133700113,1.1625758260649326
0.0003723626290224651,0.0310828025477707,0.0008809894918341601,1.1655887207605256
0.00037245749848208864,0.03107488537952114,0.0009762541963416112,1.1057088406309328
0.0003725523679417122,0.03106697224344283,0.0008134917309649305,1.5557897635188533
0.00037264723740133577,0.03105906313645621,0.0007123719213859745,1.1827170018226318
0.0003727421068609593,0.03105115805548486,0.00040682858887274915,1.174098412636276
0.00037283697632058284,0.031043256997455474,0.0005510118323085238,0.9695777656585262
0.0003729318457802064,0.031035359959297893,0.0004401291243263899,1.656402646194866
0.00037302671523982997,0.03102746693794507,0.000730411801326231,1.255359702997969
0.00037312158469945353,0.03101957793033308,0.0005197721933534604,1.0495818665419443
0.0003732164541590771,0.031011692933401117,0.0007726323698896808,1.0939653792953654
0.00037331132361870066,0.031003811944091488,0.0011270505804266836,1.047226239069114
0.0003734061930783242,0.030995934959349592,0.0006819590199258159,1.1570786476266715
0.0003735010625379478,0.030988061976123953,0.0007844331657340389,1.2691851524456041
0.0003735959319975713,0.03098019299136618,0.0007224473290644643,1.5710655315707194
0.00037369080145719486,0.030972328002030976,0.0007775634375153306,0.9210056875860095
0.0003737856709168184,0.030964467005076147,0.000719018601579741,1.3735915884908934
0.000373880540376442,0.030956609997462574,0.0004264986057244383,1.53554509028619
0.00037397540983606555,0.030948756976154235,0.0006534003279146519,1.0924624935974048
0.0003740702792956891,0.030940907938118184,0.0006939867906495314,1.902480325331019
0.0003741651487553127,0.030933062880324547,0.0006889752297411755,1.1772154504807615
0.00037426001821493624,0.030925221799746515,0.0004315957324184812,1.4954018744909316
0.0003743548876745598,0.030917384693360368,0.0007230307412216015,1.0792133693660937
0.00037444975713418337,0.030909551558145426,0.0006390434468452484,1.4994885567814586
0.0003745446265938069,0.030901722391084095,0.0009325117941848835,0.7529772837165837
0.00037463949605343044,0.030893897189161815,0.00045838344764458197,1.108537473243107
0.000374734365513054,0.030886075949367094,0.00058981508905649,1.5126304024812083
0.00037482923497267757,0.030878258668691472,0.0004021418649217157,0.7848477422842817
0.00037492410443230114,0.030870445344129558,0.0008930809080958807,1.2330934360291719
0.0003750189738919247,0.03086263597267898,0.0007968771130826969,1.187824138253459
0.00037511384335154826,0.030854830551340414,0.0007231247024066307,0.9388719636968672
0.0003752087128111718,0.03084702907711757,0.000419460935694508,0.8550426185341795
0.0003753035822707954,0.03083923154701719,0.0008630297532867837,1.455818796690889
0.0003753984517304189,0.03083143795804903,0.000377734034271613,0.1380386012958918
0.00037549332119004246,0.030823648307225875,0.0005508666314500307,0.939398638820878
0.000375588190649666,0.03081586259156353,0.000910260033693062,1.1786209085436383
0.0003756830601092896,0.03080808080808081,0.000508665633144487,1.1402705684272574
0.00037577792956891315,0.030800302953799548,0.0005993127694274162,1.1713949831374544
0.0003758727990285367,0.030792529025744576,0.0005095735762200009,1.3856158762702084
0.0003759676684881603,0.030784759020943728,0.0006385166848190744,1.439371536551247
0.00037606253794778384,0.03077699293642785,0.000738484716070372,0.9447136316254557
0.0003761574074074074,0.03076923076923077,0.0009502719999933699,1.0929510950535386
0.00037625227686703097,0.03076147251638931,0.0008720757258064647,0.9321136513773367
0.0003763471463266545,0.03075371817494329,0.0006633484471962418,1.155606908074156
0.00037644201578627804,0.030745967741935484,0.0005851355691578841,1.1519559156376062
0.0003765368852459016,0.030738221214411693,0.0008052742088666682,1.2619468292335538
0.00037663175470552517,0.030730478589420657,0.0006955339045100716,1.3869612917197716
0.00037672662416514874,0.030722739864014102,0.00026517146636629923,1.6523548802821078
0.0003768214936247723,0.030715005035246726,0.0006566756344338641,1.1830736977630028
0.00037691636308439586,0.03070727410017619,0.000477645010898246,1.4995477023986818
0.0003770112325440194,0.03069954705586311,0.0007604034233386432,0.8006382206811106
0.000377106102003643,0.030691823899371067,0.0006804992036638421,1.1673871352948018
0.00037720097146326655,0.030684104627766596,0.0008166616011958763,1.4182310382747403
0.00037729584092289006,0.030676389238119186,0.00045446015888654,2.043729819831607
0.0003773907103825136,0.03066867772750126,0.0007770115660503951,1.1251014496220009
0.0003774855798421372,0.03066097009298819,0.000645782284944417,1.1692328484654142
0.00037758044930176075,0.030653266331658293,0.0006334928876999624,0.9863537267868898
0.0003776753187613843,0.030645566440592818,0.0004966215331720321,0.8203808281265524
0.0003777701882210079,0.03063787041687594,0.0006834725251568272,0.6526039299348757
0.00037786505768063145,0.030630178257594776,0.00044730060798942023,1.4819639070832529
0.000377959927140255,0.030622489959839357,0.0006440808281578382,0.9413721150834017
0.00037805479659987857,0.030614805520702636,0.0005733730870775059,0.66578993214167
0.0003781496660595021,0.030607124937280485,0.0007751316373323585,1.3523337937955047
0.00037824453551912565,0.030599448206671685,0.000720076065518597,1.3863555215187149
0.0003783394049787492,0.030591775325977937,0.0007616740170266619,0.9078888667843436
0.00037843427443837277,0.030584106292303837,0.000849529578167661,1.1338839692429545
0.00037852914389799634,0.030576441102756893,0.00046903370262818355,1.1431300245616982
0.0003786240133576199,0.030568779754447505,0.0005326674146878123,1.206604102422463
0.00037871888281724346,0.030561122244488977,0.0006660498222555803,1.3293070913572589
0.00037881375227686703,0.030553468569997497,0.0006906514733295231,1.901535466640549
0.0003789086217364906,0.03054581872809214,0.0005436961060634542,1.32808540003333
0.00037900349119611415,0.030538172715894867,0.00046809460161861415,1.6824321133702866
0.00037909836065573766,0.030530530530530533,0.0003807675122778913,1.3026340295838459
0.00037919323011536123,0.03052289216912685,0.0007200113009726238,0.947695598675607
0.0003792880995749848,0.03051525762881441,0.0009977914842145303,1.0392695141458237
0.00037938296903460835,0.030507626906726683,0.0008401476689049533,1.0373555502735958
0.0003794778384942319,0.030500000000000003,0.0006757290172094893,1.196914676998405
0.0003795727079538555,0.03049237690577356,0.0005880946338243776,1.0691976927011548
0.00037966757741347905,0.030484757621189407,0.0008581408641393824,0.8693087705716549
0.0003797624468731026,0.030477142143392456,0.0006377974196099433,1.2242482420874425
0.0003798573163327262,0.03046953046953047,0.0008375648128298908,1.4290479510578311
0.0003799521857923497,0.030461922596754062,0.0006006152911894389,1.1963106028822958
0.00038004705525197325,0.030454318522216677,0.0003281424522588174,1.2686021756269439
0.0003801419247115968,0.030446718243074624,0.0007368891357349673,1.5323209950928915
0.0003802367941712204,0.03043912175648703,0.0006202044202175612,1.3976629644992962
0.00038033166363084394,0.030431529059615863,0.0007660208231836765,1.0480135236082213
0.0003804265330904675,0.030423940149625937,0.00038388970464370406,0.8347567367198788
0.00038052140255009106,0.030416355023684866,0.0006742928671407682,1.0605178468592187
0.00038061627200971463,0.03040877367896311,0.0006968548849333941,1.2439112012409501
0.0003807111414693382,0.030401196112633942,0.0004684722208821228,1.2398826800786746
0.00038080601092896176,0.030393622321873443,0.0005327430688244172,1.1656037270551025
0.00038090088038858526,0.030386052303860527,0.0007785494961178238,1.1245396039034834
0.00038099574984820883,0.030378486055776897,0.0004750170278054146,1.6589400033191655
0.0003810906193078324,0.03037092357480707,0.0005628354287870774,0.8321960703733196
0.00038118548876745596,0.03036336485813838,0.0008743733365929213,1.1221807165770794
0.0003812803582270795,0.03035580990296094,0.0007580970891080559,0.6037793052829352
0.0003813752276867031,0.03034825870646766,0.00084172945611326,1.4447289982025153
0.00038147009714632665,0.03034071126585427,0.0005622880432844526,1.242953410762081
0.0003815649666059502,0.030333167578319248,0.0006315139443050699,1.8654862727527945
0.0003816598360655738,0.03032562764106388,0.0004843681960516718,0.7963744324646195
0.00038175470552519734,0.030318091451292245,0.0006339056625743783,1.3628972868040936
0.00038184957498482085,0.030310559006211185,0.000583852641643394,1.027110865963925
0.0003819444444444444,0.030303030303030307,0.0009396740654783905,1.4547742261235548
0.000382039313904068,0.030295505338962008,0.0007786368884467921,0.8922160283763977
0.00038213418336369154,0.030287984111221453,0.0009265102504815752,0.7909085081421137
0.0003822290528233151,0.030280466617026557,0.0008325160558142112,0.7419945567820714
0.00038232392228293866,0.030272952853598017,0.0008052154568475023,0.9593584372532503
0.00038241879174256223,0.030265442818159263,0.0005130504042897472,0.8560713992889671
0.0003825136612021858,0.030257936507936508,0.0006896584132353443,0.8750612152660392
0.00038260853066180936,0.03025043392015869,0.0009084305458934834,1.557225447079113
0.00038270340012143287,0.030242935052057513,0.0005299550496969751,1.0755093842762131
0.00038279826958105643,0.030235439900867415,0.0007807128045364245,0.8910773621204947
0.00038289313904068,0.030227948463825573,0.0005241723072413236,1.1381631880439749
0.00038298800850030356,0.03022046073817191,0.0007368305113073697,1.6124477858396815
0.0003830828779599271,0.030212976721149087,0.0007389228771738029,1.5894868733036855
0.0003831777474195507,0.030205496410002475,0.0006594668957832492,1.3194431875514028
0.00038327261687917425,0.0301980198019802,0.0005779386168734811,1.473857015572693
0.0003833674863387978,0.030190546894333085,0.0006456457320494404,1.0002757190363674
0.0003834623557984214,0.030183077684314698,0.0006696786414731061,1.3731272912669477
0.00038355722525804494,0.030175612169181302,0.00027941280378285645,1.4113040885376
0.00038365209471766845,0.030168150346191892,0.00027173430841633347,0.6900617078098664
0.000383746964177292,0.03016069221260816,0.0005650196109229464,1.0542094251296497
0.0003838418336369156,0.030153237765694514,0.0005773960410199013,0.9418300864780786
0.00038393670309653914,0.030145787002718066,0.0005427379623027191,1.44617242715369
0.0003840315725561627,0.030138339920948616,0.00020018667631918974,0.5115498372386935
0.00038412644201578627,0.03013089651765868,0.0009035098229214768,0.7217666692145669
0.00038422131147540983,0.030123456790123456,0.0005163936061347393,1.1056009240411386
0.0003843161809350334,0.030116020735620835,0.0007197697937584779,1.2222443045162332
0.00038441105039465696,0.030108588351431393,0.000728125795056306,1.302552187364395
0.00038450591985428047,0.030101159634838396,0.001052046616874255,0.9959432482175045
0.00038460078931390403,0.030093734583127776,0.00030581814951589594,1.7376818042682016
0.0003846956587735276,0.030086313193588166,0.00028432287314521406,0.43974178883884485
0.00038479052823315116,0.030078895463510853,0.0007170523187204558,0.8878340699748217
0.0003848853976927747,0.030071481390189798,0.0004281600284140803,1.8310630659766505
0.0003849802671523983,0.030064070970921637,0.0006545018670492208,1.588078007900542
0.00038507513661202185,0.030056664203005668,0.00042403069467017554,0.9758455610606341
0.0003851700060716454,0.030049261083743842,0.0008936591797218699,0.6555966712675256
0.000385264875531269,0.03004186161044078,0.0004819229319457943,1.6299392504944918
0.00038535974499089254,0.03003446578040374,0.0007554008705231309,1.1016876708256957
0.00038545461445051605,0.030027073590942654,0.0006538525651539528,1.1034825677610995
0.0003855494839101396,0.03001968503937008,0.0006334965341584813,0.961013349997412
0.0003856443533697632,0.03001230012300123,0.0005501285740946001,0.4087838930756817
0.00038573922282938674,0.030004918839153964,0.0006139049047429291,1.4339938497052027
0.0003858340922890103,0.02999754118514876,0.0008747714783764601,0.8632284254775798
0.00038592896174863387,0.029990167158308753,0.0005403145791169401,1.676903804306089
0.00038602383120825743,0.029982796755959697,0.0007847609086875056,0.6734795213218224
0.000386118700667881,0.029975429975429974,0.0005886407850239002,1.9901160081491123
0.00038621357012750456,0.0299680668140506,0.000852063273602342,1.2263947694424835
0.0003863084395871281,0.029960707269155205,0.0007833772888559262,0.9040881113416636
0.00038640330904675163,0.029953351338080043,0.0007932863940158273,1.2374996561551899
0.0003864981785063752,0.02994599901816397,0.00043766993000031825,0.7395050461177959
0.00038659304796599876,0.029938650306748468,0.0006319353073989976,1.0360968105121184
0.0003866879174256223,0.029931305201177625,0.0006767471182161434,1.1308882905343673
0.0003867827868852459,0.02992396369879814,0.00100767037859505,1.420272406244136
0.00038687765634486945,0.029916625796959292,0.00035645100114462496,0.5604665312780244
0.000386972525804493,0.029909291493012993,0.0010917661744330755,1.2762606382727966
0.0003870673952641166,0.029901960784313727,0.0006149689386685061,1.244312960547613
0.00038716226472374014,0.029894633668218575,0.0005672086814709662,1.170976891360349
0.00038725713418336365,0.029887310142087214,0.0007048562151309406,1.4374958070385615
0.0003873520036429872,0.029879990203281904,0.0005355963236635561,0.9931801302051725
0.0003874468731026108,0.029872673849167485,0.0006540688871493841,1.0909589893485925
0.00038754174256223434,0.029865361077111383,0.0005803928621288332,1.0139133505500177
0.0003876366120218579,0.029858051884483604,0.0005134961195263442,1.2338484280569717
0.00038773148148148147,0.029850746268656716,0.00022098466381516573,1.4740274068736499
0.00038782635094110503,0.02984344422700587,0.0003602663323869723,1.455519591122123
0.0003879212204007286,0.02983614575690878,0.0008576885726280048,1.2647281915541688
0.00038801608986035216,0.02982885085574572,0.0008188047572905651,0.903204449040189
0.0003881109593199757,0.029821559520899536,0.0006217851494594053,1.4335454719295262
0.00038820582877959923,0.029814271749755625,0.0005477230082069181,1.0683173778109167
0.0003883006982392228,0.029806987539701933,0.0006562896182935751,1.1740392287477526
0.00038839556769884636,0.02979970688812897,0.0004969152686563334,0.953280174367666
0.0003884904371584699,0.02979242979242979,0.0007364547552329186,0.8471513452315441
0.0003885853066180935,0.02978515625,0.0007456323326039698,1.2825781638318234
0.00038868017607771705,0.029777886258237733,0.0005523034819048196,1.0839438463600757
0.0003887750455373406,0.02977061981454368,0.00037681732478646323,0.8574272216533724
0.0003888699149969642,0.02976335691632105,0.0006120600164922893,0.670779195342076
0.00038896478445658774,0.029756097560975612,0.0004821055613504801,1.5368204338280493
0.00038905965391621125,0.029748841745915633,0.0007413851777406858,1.0532697736512528
0.0003891545233758348,0.029741589468551932,0.0009008354782037358,1.5214525473811573
0.0003892493928354584,0.029734340726297832,0.0007480725020613655,1.1272246440017275
0.00038934426229508194,0.029727095516569203,0.0005489284906338487,1.5408649657992364
0.0003894391317547055,0.02971985383678441,0.0008483206316835661,1.1185074020067753
0.00038953400121432907,0.029712615684364344,0.0005085407251806108,1.0438014273657559
0.00038962887067395263,0.02970538105673241,0.0008628277125312667,1.331684724606096
0.0003897237401335762,0.029698149951314506,0.00025110377799589836,0.7965498052065161
0.00038981860959319976,0.029690922365539062,0.0007256313496733176,1.0362340783806534
0.0003899134790528233,0.029683698296836983,0.0005984001541022145,1.2326003851934606
0.00039000834851244683,0.029676477742641694,0.0005315254104583629,1.4703798756006352
0.0003901032179720704,0.02966926070038911,0.0005375296723140602,1.372227666466817
0.00039019808743169396,0.02966204716751763,0.0008592478503441478,1.0774421918823227
0.0003902929568913175,0.029654837141468163,0.0004277210788741778,1.023126337470614
0.0003903878263509411,0.029647630619684087,0.0007383885379233973,0.7835143127749206
0.00039048269581056465,0.02964042759961127,0.0006768355661367506,0.7271975526946352
0.0003905775652701882,0.029633228078698084,0.0009389563126867091,1.0718664262573347
0.0003906724347298118,0.029626032054395336,0.000811371168105227,1.0380507134085684
0.00039076730418943534,0.02961883952415635,0.0006755513241780749,1.3378674377469628
0.00039086217364905885,0.029611650485436895,0.000174712335947693,1.2136671820536045
0.0003909570431086824,0.02960446493569522,0.0006365941921509228,1.4469436718591222
0.000391051912568306,0.029597282872392047,0.0007706412384262632,1.224639716919496
0.00039114678202792954,0.029590104292990544,0.000662261690299447,1.2522158988706575
0.0003912416514875531,0.029582929194956357,0.0005363593484003747,1.116264499688088
0.00039133652094717667,0.029575757575757578,0.000512262424408303,0.8946295648190163
0.00039143139040680023,0.029568589432864757,0.0004021115366463669,0.8563815542840546
0.0003915262598664238,0.02956142476375091,0.00048286697284450605,1.418140830641621
0.00039162112932604736,0.029554263565891473,0.0008928340448170408,1.2537213600288089
0.0003917159987856709,0.02954710583676435,0.0007440900166085802,1.0702999310685513
0.00039181086824529443,0.029539951573849883,0.0007478186522183754,1.2188293473450333
0.000391905737704918,0.02953280077463084,0.0006100568770609213,1.128177860474395
0.00039200060716454156,0.02952565343659245,0.0006526447413985802,1.2161868861551097
0.0003920954766241651,0.02951850955722236,0.0006733019692279833,1.2296293364800202
0.0003921903460837887,0.02951136913401065,0.0006391261338749998,1.6549325806376292
0.00039228521554341225,0.02950423216444982,0.0007739656675044495,1.3357922750995426
0.0003923800850030358,0.02949709864603482,0.0007218212901813138,1.5979175226664617
0.0003924749544626594,0.02948996857626299,0.00042819391582848266,0.8299951447649656
0.00039256982392228294,0.029482841952634124,0.0004991156032017496,0.5045009098966181
0.0003926646933819065,0.029475718772650396,0.0007512464623099676,1.0966326591080193
0.00039275956284153,0.02946859903381643,0.0005633628108521209,1.0466823939803829
0.0003928544323011536,0.02946148273363922,0.0006569991293735516,1.5017978890660362
0.00039294930176077714,0.0294543698696282,0.0006910807225716165,0.8780499083975293
0.0003930441712204007,0.029447260439295197,0.0006466181051331306,1.0637529810217121
0.00039313904068002427,0.02944015444015444,0.0007222255714499866,0.8690931678553123
0.00039323391013964783,0.02943305186972256,0.0006357633708582792,1.568241338343437
0.0003933287795992714,0.02942595272551857,0.0006342191107952896,0.7775225949823698
0.00039342364905889496,0.029418857005063904,0.0008412258987305737,1.0191598238708628
0.0003935185185185185,0.029411764705882353,0.0007104653703979293,1.1002690646515074
0.00039361338797814203,0.029404675825500125,0.0006708696931097263,1.0928496471070777
0.0003937082574377656,0.029397590361445788,0.0004620455203064749,1.2534353097707251
0.00039380312689738916,0.029390508311250306,0.0005395551130573978,1.3763694984282882
0.0003938979963570127,0.029383429672447017,0.00033535027324199977,1.2353964258279932
0.0003939928658166363,0.029376354442571636,0.0005485838585245207,1.1740583062314593
0.00039408773527625985,0.029369282619162253,0.0008004303807231207,1.445113373912645
0.0003941826047358834,0.029362214199759328,0.0006345860663463316,1.506095726978456
0.000394277474195507,0.02935514918190568,0.0007393208358400529,1.3018883842143678
0.00039437234365513054,0.0293480875631465,0.000568966861569086,1.2907909546224474
0.0003944672131147541,0.02934102934102934,0.000527372519994295,1.34480889269226
0.0003945620825743776,0.029333974513104114,0.0005110988533460496,0.9921460226490925
0.0003946569520340012,0.02932692307692308,0.0005628259467151042,1.0612841108197282
0.00039475182149362474,0.029319875030040857,0.0005402831158618117,0.9906097907907945
0.0003948466909532483,0.029312830370014416,0.0004763366458735111,0.6273370698468447
0.00039494156041287187,0.029305789094403074,0.0005887416848768602,1.0955125895750557
0.00039503642987249543,0.029298751200768493,0.0004386975215709014,1.0697143863309075
0.000395131299332119,0.029291716686674667,0.00094279377487869,0.9349690639581446
0.00039522616879174256,0.029284685549687953,0.0007473089353134874,1.5357429976978887
0.0003953210382513661,0.029277657787377013,0.0008492136885917784,1.2845098145856984
0.00039541590771098963,0.029270633397312864,0.0006427808660127393,1.2052641459314464
0.0003955107771706132,0.029263612377068843,0.0008043583878678264,0.7889647850359486
0.00039560564663023676,0.029256594724220628,0.0007424622496189967,0.7189255830834292
0.0003957005160898603,0.0292495804363462,0.0004713022655066722,1.8165479983029063
0.0003957953855494839,0.029242569511025888,0.00045142538912115265,0.8864306408983309
0.00039589025500910745,0.02923556194584232,0.0006504847828585576,1.5438606435602078
0.000395985124468731,0.029228557738380453,0.0006872193109754822,1.1275062485259026
0.0003960799939283546,0.029221556886227545,0.0004954033316845351,1.3982451834471452
0.00039617486338797814,0.02921455938697318,0.00093271653386726,0.8749902718490854
0.0003962697328476017,0.02920756523820924,0.0009335059963271567,1.6004232338615194
0.0003963646023072252,0.02920057443752992,0.0006092982674660548,1.3554676254350797
0.0003964594717668488,0.029193586982531706,0.0009602319153922484,0.9801202157065644
0.00039655434122647234,0.0291866028708134,0.0005169744376746735,0.7826159256123562
0.0003966492106860959,0.029179622099976082,0.0005619016037881388,1.2352096370479027
0.00039674408014571947,0.029172644667623145,0.0006291627988285403,1.4323566391166709
0.00039683894960534303,0.029165670571360266,0.0005816035197492819,0.8868888776172995
0.0003969338190649666,0.029158699808795412,0.0005231960435417581,1.7787222204813296
0.00039702868852459016,0.029151732377538826,0.0005161245171422642,1.1136192472618702
0.0003971235579842137,0.029144768275203056,0.0008030874269481125,1.4036257691168543
0.0003972184274438373,0.029137807499402917,0.0007213222243755241,1.3699541430937652
0.0003973132969034608,0.029130850047755494,0.00041263834331718013,0.7712613533015951
0.00039740816636308436,0.029123895917880165,0.0005006097073921683,0.8550745020378179
0.0003975030358227079,0.02911694510739857,0.000789360524835885,0.9392000323431852
0.0003975979052823315,0.02910999761393462,0.0006160210459388144,1.383849049002209
0.00039769277474195505,0.029103053435114507,0.0007612747559413064,0.8783660521706829
0.0003977876442015786,0.02909611256856666,0.0007588825713346898,1.1093238220108999
0.0003978825136612022,0.029089175011921792,0.0006182592096571278,1.6665766643595497
0.00039797738312082574,0.029082240762812874,0.0008467314810787542,1.4461388848731427
0.0003980722525804493,0.02907530981887512,0.0004913821777031238,1.561354036262798
0.0003981671220400728,0.029068382177746013,0.0006552421709707076,1.1285637665921728
0.0003982619914996964,0.029061457837065274,0.0006095199011483358,0.8877410809618492
0.00039835686095931994,0.029054536794474877,0.0005318780899092981,1.4462091846419525
0.0003984517304189435,0.029047619047619048,0.0008075654793665457,0.8605623453078435
0.00039854659987856707,0.02904070459414425,0.0005140863018198914,1.4057856515894243
0.00039864146933819063,0.029033793431699192,0.0007062645920648924,0.9622573193061323
0.0003987363387978142,0.02902688555793481,0.0007260777301458784,1.5686852684197679
0.00039883120825743776,0.029019980970504282,0.000669454978308617,1.2663698617802073
0.0003989260777170613,0.02901307966706302,0.0006223939938435025,1.540665589842566
0.0003990209471766849,0.029006181645268664,0.0006062231430638141,0.9731934155452102
0.0003991158166363084,0.02899928690278108,0.0007333236534113478,1.4381523836935752
0.00039921068609593196,0.028992395437262362,0.0005480972656897019,1.175570069643936
0.0003993055555555555,0.028985507246376812,0.0006990318705529958,1.0699019106233276
0.0003994004250151791,0.028978622327790974,0.0009728931798579677,0.9238728375970053
0.00039949529447480265,0.028971740679173595,0.0005026709092584647,1.20163913014841
0.0003995901639344262,0.028964862298195632,0.0006787548486385989,1.2348054788124645
0.0003996850333940498,0.028957987182530263,0.0004904731129737651,0.5197860345557529
0.00039977990285367334,0.028951115329852874,0.0007180620468963749,1.098651830804627
0.0003998747723132969,0.028944246737841045,0.0007264719379989327,1.1100744368682312
0.0003999696417729204,0.028937381404174577,0.0005742288063017773,1.2809793789227322
0.000400064511232544,0.028930519326535457,0.0008166346220941069,1.4960913204271549
0.00040015938069216754,0.028923660502607876,0.0007313216000123486,1.2894507422517691
0.0004002542501517911,0.02891680493007822,0.00064075483206878,1.1942351908483526
0.00040034911961141467,0.028909952606635075,0.0007129052258659762,1.0939471295939645
0.00040044398907103823,0.0289031035299692,0.0007523992931495355,1.5500883365925142
0.0004005388585306618,0.028896257697773566,0.0006317301766939978,0.9709860819959669
0.00040063372799028536,0.02888941510774331,0.0004269461622250123,1.4305112065551744
0.0004007285974499089,0.02888257575757576,0.000492840373689094,0.6338617653028343
0.0004008234669095325,0.028875739644970415,0.0007201278797924824,0.7770942617666634
0.000400918336369156,0.028868906767628964,0.0007024079792931806,1.0537277138564913
0.00040101320582877956,0.028862077123255267,0.00044021705856141035,1.7793165679417127
0.0004011080752884031,0.028855250709555347,0.0007867093181544948,1.5249272680779833
0.0004012029447480267,0.028848427524237406,0.0002486217931713009,1.0160349292463298
0.00040129781420765025,0.02884160756501182,0.0007327764747834276,1.6302169749364188
0.0004013926836672738,0.028834790829591114,0.0003402658459602431,1.5364239394399506
0.0004014875531268974,0.028827977315689982,0.0008351069208135279,0.7404292242469757
0.00040158242258652094,0.028821167021025277,0.0007663266739348446,0.8524832684885679
0.0004016772920461445,0.02881435994331601,0.0005789199251583901,0.9377288313341197
0.00040177216150576807,0.02880755608028335,0.00043565188116972704,0.9096903247380975
0.0004018670309653916,0.028800755429650618,0.0005331233470104717,1.2512690590855902
0.00040196190042501514,0.028793957989143266,0.00039877571897346434,1.485216984123917
0.0004020567698846387,0.02878716375648891,0.0005690527509517662,1.264090480131371
0.00040215163934426227,0.028780372729417313,0.00028238684298645866,1.5737078293651152
0.00040224650880388583,0.02877358490566038,0.0007018863506724067,0.8614129865024326
0.0004023413782635094,0.028766800282952136,0.000656678395994806,0.9643443054014008
0.00040243624772313296,0.028760018859028763,0.0007690369212367115,1.2254571673125045
0.0004025311171827565,0.028753240631628565,0.0004303035571347256,0.8470712241938295
0.0004026259866423801,0.028746465598491987,0.0004424411414177348,0.8860756662831542
0.0004027208561020036,0.028739693757361608,0.0007592206849451343,0.8065162163757211
0.00040281572556162716,0.028732925105982104,0.0004595445955444955,1.1468071285017778
0.0004029105950212507,0.028726159642100308,0.0006499290789896557,1.284414070669797
0.0004030054644808743,0.028719397363465158,0.0005017349501444279,1.6551885483218365
0.00040310033394049785,0.028712638267827724,0.0007155137212548081,1.1846825146940392
0.0004031952034001214,0.02870588235294118,0.00044684896819915525,0.7984875418880104
0.000403290072859745,0.028699129616560806,0.0006833614968120874,1.6780215868506654
0.00040338494231936854,0.028692380056444027,0.000482511091661057,1.1275333116019126
0.0004034798117789921,0.02868563367035034,0.0004866048063505761,1.39967131911989
0.00040357468123861567,0.02867889045604137,0.0005395864713400988,1.1452000054594529
0.0004036695506982392,0.028672150411280847,0.00045167092888049617,1.3691455304392497
0.00040376442015786274,0.028665413533834592,0.0005599329875525587,0.9952319752434421
0.0004038592896174863,0.02865867982147052,0.0006948334498219232,0.8461896961769586
0.00040395415907710987,0.02865194927195867,0.0005765039970748792,0.5909733555826969
0.00040404902853673344,0.028645221883071142,0.0007753308429346077,1.6248107880535685
0.000404143897996357,0.028638497652582164,0.0006337426057318263,1.3046532190106652
0.00040423876745598056,0.02863177657826801,0.000557243628307797,1.2864264552270532
0.0004043336369156041,0.028625058657907085,0.0006321384161510256,1.2141779532254466
0.0004044285063752277,0.02861834388927985,0.0003121379813376997,1.0503751616992967
0.0004045233758348512,0.028611632270168857,0.000597787633488414,0.8510470126191959
0.00040461824529447476,0.028604923798358738,0.000554121583238758,1.1816071233392902
0.0004047131147540983,0.028598218471636197,0.0005576946770850677,1.3222751160560373
0.0004048079842137219,0.02859151628779002,0.000615636319593295,0.9944642262419461
0.00040490285367334545,0.02858481724461106,0.0006325554971886652,1.204744665976199
0.000404997723132969,0.028578121339892244,0.000683889870757516,1.3683553875926675
0.0004050925925925926,0.02857142857142857,0.0008223218955170252,1.428626586820424
0.00040518746205221614,0.02856473893701709,0.0004337433087483856,1.0498983582162196
0.0004052823315118397,0.028558052434456926,0.0007245052081610939,1.0175174670049343
0.00040537720097146327,0.028551369061549262,0.00033751358893349687,0.7835006881017691
0.0004054720704310868,0.028544688816097334,0.0007064192796100738,1.333351449975895
0.00040556693989071034,0.02853801169590643,0.0007616315794346077,1.0894432155331806
0.0004056618093503339,0.028531337698783913,0.0006072446549486739,1.1098249456654987
0.00040575667880995747,0.028524666822539162,0.0005006176426608018,1.4298933812811523
0.00040585154826958104,0.02851799906498364,0.0004870426668941399,1.0039390714163783
0.0004059464177292046,0.028511334423930824,0.0006916654748822726,0.833812709446688
0.00040604128718882816,0.028504672897196263,0.000596740637915036,1.049318916623523
0.0004061361566484517,0.028498014482597523,0.00040731909754381006,1.3147110075389457
0.0004062310261080753,0.02849135917795423,0.0005130391557862956,1.1702043055719584
0.00040632589556769885,0.028484706981088025,0.0007056141883426021,0.8570929625287518
0.00040642076502732236,0.0284780578898226,0.0006955235281499526,1.137596174113014
0.0004065156344869459,0.028471411901983667,0.0007255755123164084,1.0786144170327516
0.0004066105039465695,0.028464769015398978,0.000658559325618141,1.2742438546828088
0.00040670537340619305,0.0284581292278983,0.000754078889455413,1.3689255869956964
0.0004068002428658166,0.028451492537313435,0.0005424573375177807,0.970190573201251
0.0004068951123254402,0.028444858941478197,0.0004865688508145536,1.0159412505396956
0.00040698998178506375,0.02843822843822844,0.0005550691849407788,0.9958186059842155
0.0004070848512446873,0.028431601025402,0.0004009689759070784,1.6839721150449043
0.00040717972070431087,0.02842497670083877,0.0004109985715172918,1.6347198113985797
0.0004072745901639344,0.02841835546238062,0.0006030530225635911,1.1161830269947413
0.00040736945962355795,0.02841173730787145,0.0008144548042336009,1.1111919523135874
0.0004074643290831815,0.02840512223515716,0.0006581162362093741,1.179180689771618
0.00040755919854280507,0.028398510242085662,0.0008071711744688222,0.9635739564369421
0.00040765406800242864,0.028391901326506864,0.0006037856887214812,1.2709141152101195
0.0004077489374620522,0.028385295486272687,0.0003849179815247508,1.172092223338411
0.00040784380692167576,0.02837869271923703,0.0003755099332477079,1.0134507336103549
0.00040793867638129933,0.028372093023255815,0.0005786757237097321,0.9044762574381253
0.0004080335458409229,0.028365496396186934,0.000416318414633713,1.24167477527907
0.00040812841530054645,0.028358902835890282,0.0006549083911452948,1.4479490899479805
0.00040822328476016996,0.02835231234022775,0.000764614504760549,0.9464249926735671
0.00040831815421979353,0.028345724907063198,0.000581876416620196,1.0826367063866629
0.0004084130236794171,0.028339140534262487,0.0007499726144624491,1.2795868740675524
0.00040850789313904065,0.02833255921969345,0.0007789104106002989,0.9654276349223809
0.0004086027625986642,0.028325980961225915,0.00059173097866004,0.6068938913565746
0.0004086976320582878,0.028319405756731662,0.0006488574186540529,0.7457128191578174
0.00040879250151791135,0.028312833604084472,0.0004483803448597596,0.6274867780267096
0.0004088873709775349,0.02830626450116009,0.000732047549590638,1.3516685186770274
0.0004089822404371585,0.02829969844583623,0.00037533667458296017,1.6126428980638523
0.000409077109896782,0.02829313543599258,0.00043972391076176466,1.4587623965719385
0.00040917197935640555,0.028286575469510786,0.00035855814003003323,0.9128111528695126
0.0004092668488160291,0.02828001854427446,0.0004943095515647119,1.2637084654501645
0.0004093617182756527,0.02827346465816918,0.0005016020595923471,1.2756004576924462
0.00040945658773527624,0.028266913809082486,0.0007270885551298617,0.6927900808029831
0.0004095514571948998,0.028260365994903867,0.0005521081515871951,0.9208814086697923
0.00040964632665452336,0.02825382121352478,0.000585348258552499,0.7131612716609526
0.00040974119611414693,0.028247279462838618,0.0005827075053829382,1.3728790243700035
0.0004098360655737705,0.02824074074074074,0.000634666616997429,1.1018589314282634
0.00040993093503339406,0.028234205045128444,0.0005349312276629011,1.3601422522410076
0.00041002580449301756,0.028227672373900975,0.00032236361445478224,1.3517350832200645
0.00041012067395264113,0.02822114272495952,0.0005519738378823941,1.273094843756869
0.0004102155434122647,0.028214616096207217,0.0005694975402960622,0.930455808213869
0.00041031041287188826,0.028208092485549136,0.0003467805825046526,0.6843439045738463
0.0004104052823315118,0.028201571890892282,0.0004896074282006893,0.8010200667736911
0.0004105001517911354,0.0281950543101456,0.0005535347993546841,0.6104913966780852
0.00041059502125075895,0.028188539741219962,0.0006773693065930191,1.2838296322399294
0.0004106898907103825,0.028182028182028182,0.0005924408064635727,1.474582455530923
0.0004107847601700061,0.028175519630484987,0.0005902383039403356,1.141927090925706
0.00041087962962962964,0.02816901408450704,0.00037069403817896446,1.4293677198191013
0.00041097449908925315,0.02816251154201293,0.0003833842169559219,1.1279787613448795
0.0004110693685488767,0.028156012000923148,0.0005852656909219163,0.9815026467385155
0.0004111642380085003,0.028149515459160133,0.0006995396610014968,1.1359282252825629
0.00041125910746812384,0.028143021914648216,0.00042526512442618797,1.5440260086044852
0.0004113539769277474,0.02813653136531365,0.0003738026313904774,0.7462174807492435
0.00041144884638737096,0.028130043809084623,0.0003318840012146377,0.8522519540695124
0.00041154371584699453,0.028123559243891195,0.0005812179339758271,1.3878068351884016
0.0004116385853066181,0.02811707766766536,0.0006104984403294001,0.8263321279204312
0.00041173345476624166,0.028110599078341014,0.00045776487029155555,0.9346777073126948
0.00041182832422586517,0.028104123473853958,0.0005409314594902569,1.2010071589959814
0.00041192319368548873,0.028097650852141873,0.00047634814985146785,0.8834652703176349
0.0004120180631451123,0.028091181211144373,0.00047902407506699866,0.7418461874876572
0.00041211293260473586,0.028084714548802948,0.0004435877521346459,0.9306623627124039
0.0004122078020643594,0.02807825086306099,0.0005833994218929528,1.1434155725026074
0.000412302671523983,0.028071790151863785,0.00043807916562786035,1.2605221203070094
0.00041239754098360655,0.0280653324131585,0.0005600976777730598,1.4730565196503655
0.0004124924104432301,0.028058877644894203,0.0005758370790389497,1.1470408297188261
0.0004125872799028537,0.028052425845021843,0.0005724107102919033,1.166068958604034
0.00041268214936247724,0.02804597701149425,0.0007121879962995658,0.9483060020971394
0.00041277701882210075,0.02803953114226615,0.0008440151562328729,0.7544636780841526
0.0004128718882817243,0.028033088235294122,0.0007297007654545896,0.861336034279609
0.0004129667577413479,0.028026648288536644,0.0006134245531709638,1.0378915203245582
0.00041306162720097144,0.028020211299954068,0.0004574586749973868,1.502551547546642
0.000413156496660595,0.02801377726750861,0.0003007076519706679,2.2692652048717408
0.00041325136612021857,0.02800734618916437,0.0008111926986846458,1.3472147032090114
0.00041334623557984213,0.02800091806288731,0.000610937358290922,1.0028894720391444
0.0004134411050394657,0.02799449288664525,0.0006456639575586907,1.3117395913957186
0.00041353597449908926,0.02798807065840789,0.000509644536142377,1.165133668000327
0.00041363084395871277,0.02798165137614679,0.0006772723337333496,1.056563441985532
0.00041372571341833633,0.02797523503783536,0.0005677982064654529,0.923310920665509
0.0004138205828779599,0.027968821641448878,0.0006442821056311853,1.6130229015821425
0.00041391545233758346,0.027962411184964474,0.00045409846160231334,1.2546988872908216
0.000414010321797207,0.027956003666361137,0.0005436796557482648,1.5972868047767388
0.0004141051912568306,0.027949599083619703,0.0006250556821553997,0.9521211199902273
0.00041420006071645415,0.02794319743472286,0.0007537570622397192,1.6090685101726094
0.0004142949301760777,0.027936798717655142,0.001052094584650243,1.1032568172811972
0.0004143897996357013,0.027930402930402932,0.0006463928826242288,1.41780383237168
0.00041448466909532484,0.027924010070954453,0.0006568750281951113,0.9447092470719568
0.00041457953855494835,0.027917620137299776,0.0006243930036032394,0.7390623128366312
0.0004146744080145719,0.0279112331274308,0.0007481270216487711,0.8666694230810624
0.0004147692774741955,0.027904849039341265,0.0006169666490604881,1.5966922490193853
0.00041486414693381904,0.027898467871026757,0.00043075511489851426,0.7383260863173595
0.0004149590163934426,0.027892089620484683,0.0003821951568186151,0.681794247271413
0.00041505388585306617,0.027885714285714285,0.0008576905015909567,0.9130732468459748
0.00041514875531268973,0.027879341864716637,0.0006487680123163542,1.0289248080339735
0.0004152436247723133,0.027872972355494633,0.0006690998068830897,1.2108044933967756
0.00041533849423193686,0.027866605756052994,0.0005903573803546215,0.9387899692865602
0.00041543336369156037,0.02786024206439827,0.0004629153223041872,1.7891714489149393
0.00041552823315118393,0.027853881278538817,0.0005769227483644531,1.1028865777344878
0.0004156231026108075,0.027847523396484823,0.0004899620460843312,1.0616406122921755
0.00041571797207043106,0.027841168416248292,0.00047433672669484406,1.0689448439524831
0.0004158128415300546,0.027834816335843032,0.0006093216817338351,1.5242503570205213
0.0004159077109896782,0.027828467153284676,0.0005595685211982324,0.7794487592821562
0.00041600258044930175,0.02782212086659065,0.0005911331461039331,0.9626221161761984
0.0004160974499089253,0.02781577747378021,0.0006928745736785506,1.099508326248247
0.0004161923193685489,0.027809436972874402,0.0005340783783508849,1.1832629928963498
0.00041628718882817244,0.02780309936189608,0.0007634609393819311,1.0930478582741134
0.00041638205828779595,0.027796764638869906,0.0005400707943443591,0.5320351572588846
0.0004164769277474195,0.027790432801822324,0.0005124883196667721,1.250486053980061
0.0004165717972070431,0.0277841038487816,0.0004673059051462586,1.042755447978673
0.00041666666666666664,0.027777777777777776,0.0005424603208637921,1.3908114308259238
0.0004167615361262902,0.027771454586842704,0.0006659175580586004,1.1667094113680578
0.00041685640558591377,0.027765134274010016,0.0005693401982341174,1.2686846489352424
0.00041695127504553733,0.027758816837315133,0.000852507852603292,0.8881564625524426
0.0004170461445051609,0.02775250227479527,0.0004341358870368146,0.8367679009331545
0.00041714101396478446,0.027746190584489426,0.000574165172852717,1.19044593962479
0.000417235883424408,0.02773988176443838,0.0004662145796906113,0.9624822411275927
0.00041733075288403153,0.027733575812684704,0.0006036605914814304,0.9762045167351129
0.0004174256223436551,0.027727272727272732,0.0007130743659673083,0.9216930815665887
0.00041752049180327866,0.02772097250624858,0.0004782024911322692,1.5749663049182707
0.0004176153612629022,0.027714675147660153,0.0006470908822511898,1.1546261375531897
0.0004177102307225258,0.027708380649557118,0.0006546758735945926,1.142901013383096
0.00041780510018214935,0.027702089009990917,0.0005517468447602526,1.0921358826540373
0.0004178999696417729,0.027695800227014757,0.0006747895449939091,1.675852648098381
0.0004179948391013965,0.027689514298683614,0.0006062166741003516,0.9771379181111833
0.00041808970856102004,0.02768323122305423,0.0004360428397900215,1.096164639494921
0.00041818457802064355,0.02767695099818512,0.0005272529668859975,0.9593214941102743
0.0004182794474802671,0.02767067362213654,0.0005167242058675256,0.5172817021444983
0.0004183743169398907,0.027664399092970526,0.0008219269462001253,1.085390401815329
0.00041846918639951424,0.02765812740875085,0.0007845656615791493,1.0603590569583172
0.0004185640558591378,0.027651858567543066,0.0004891733308377683,1.6171535198035463
0.00041865892531876137,0.02764559256741446,0.000576174966818923,0.715188669574669
0.00041875379477838493,0.027639329406434075,0.0007042681076545356,0.8420016155568988
0.0004188486642380085,0.02763306908267271,0.0005741720595082342,0.8666316396311542
0.00041894353369763206,0.0276268115942029,0.00044288569583704983,1.4216135330245865
0.0004190384031572556,0.027620556939098935,0.0003239619792793705,0.08637163991734007
0.00041913327261687913,0.02761430511543685,0.0003624088100139166,1.795266885687779
0.0004192281420765027,0.02760805612129441,0.0005800704728796427,0.9239946155311058
0.00041932301153612626,0.027601809954751137,0.0005377726458751347,1.5759583777362791
0.0004194178809957498,0.027595566613888265,0.000631522502041674,1.279763868288657
0.0004195127504553734,0.027589326096788786,0.00048339292227916897,1.66641565596308
0.00041960761991499695,0.02758308840153742,0.0006283966301825225,0.9862685100552643
0.0004197024893746205,0.027576853526220618,0.0005028198313902281,0.9200402313548427
0.0004197973588342441,0.027570621468926557,0.0005975237142452966,1.1903310360125998
0.00041989222829386764,0.027564392227745142,0.00045442297366029926,1.2711741178580527
0.00041998709775349115,0.02755816580076802,0.0005698670672976789,0.972568765130157
0.0004200819672131147,0.02755194218608853,0.00027836166336277294,1.1722256347973488
0.0004201768366727383,0.027545721381801766,0.0008906385034867419,1.6434597849774317
0.00042027170613236184,0.027539503386004516,0.0006162495725577315,1.4695728108172672
0.0004203665755919854,0.02753328819679531,0.0005581814859632925,1.0005694261779048
0.00042046144505160897,0.027527075812274367,0.000584970968093959,0.7217561990717556
0.00042055631451123253,0.027520866230543648,0.000650104874689259,0.5326446639054274
0.0004206511839708561,0.027514659449706814,0.0005359765194695178,0.8100322828388559
0.00042074605343047966,0.027508455467869224,0.000544358647789935,1.1492397898184066
0.0004208409228901032,0.02750225428313796,0.000537169861720704,1.1198285256960858
0.00042093579234972673,0.02749605589362182,0.0005200369856852633,1.4507123124636525
0.0004210306618093503,0.02748986029743128,0.0006407367376078697,1.294093261320974
0.00042112553126897386,0.027483667492678533,0.0005348226797320351,1.1264631354724761
0.0004212204007285974,0.027477477477477478,0.0006996709139014516,1.1112161537498193
0.000421315270188221,0.027471290249943707,0.0007541648731247925,1.011599624907205
0.00042141013964784455,0.027465105808194508,0.0007021636609448427,1.0572791170254168
0.0004215050091074681,0.02745892415034886,0.0005659228244515487,1.201192485764936
0.0004215998785670917,0.027452745274527453,0.0006930238100998663,1.1238780459983158
0.00042169474802671524,0.027446569178852645,0.0006586298780557238,0.881204987920532
0.0004217896174863388,0.027440395861448492,0.0005002228432561104,1.356263518787301
0.0004218844869459623,0.02743422532044075,0.0008050009381283605,1.1893893400916837
0.0004219793564055859,0.027428057553956837,0.0007946232763813513,1.1167415794273152
0.00042207422586520944,0.027421892560125873,0.0006571232682334201,1.4646758016781878
0.000422169095324833,0.027415730337078652,0.00045753927591571624,0.9845987391589135
0.00042226396478445657,0.027409570882947654,0.0005954155285792285,1.017982148085575
0.00042235883424408013,0.02740341419586703,0.000700697945946179,1.2513111790686762
0.0004224537037037037,0.027397260273972605,0.0006889395412640439,1.386431149092213
0.00042254857316332726,0.02739110911540189,0.0005287256183951247,1.1139127135237745
0.0004226434426229508,0.027384960718294053,0.00048717413195712957,1.494294186659023
0.00042273831208257433,0.02737881508078995,0.00040529872811411686,1.1896470965394366
0.0004228331815421979,0.027372672201032087,0.0007803402474447255,0.8780558659053364
0.00042292805100182146,0.027366532077164652,0.000721069456764218,1.0029216533918064
0.000423022920461445,0.027360394707333487,0.0008353693475678735,1.1244301155552392
0.0004231177899210686,0.0273542600896861,0.0006280877520266813,0.9890508111901868
0.00042321265938069215,0.02734812822237167,0.0005440541891262059,1.2405623112572368
0.0004233075288403157,0.02734199910354101,0.0007522089567601246,1.3645331675927994
0.0004234023982999393,0.02733587273134663,0.0005549923453824118,1.3407567133102314
0.00042349726775956284,0.027329749103942653,0.0005122222967776666,1.0364018143642115
0.0004235921372191864,0.02732362821948488,0.0004973818008091315,1.356404714531501
0.0004236870066788099,0.02731751007613077,0.0007267130650951204,0.8680915966654708
0.0004237818761384335,0.027311394672039403,0.0006352894604481154,1.0021392838228835
0.00042387674559805704,0.02730528200537153,0.0006887734954383467,0.6862338910867302
0.0004239716150576806,0.027299172074289554,0.000584907737141012,1.2804656127420198
0.00042406648451730417,0.027293064876957495,0.0005886268286987165,1.2658204690943262
0.00042416135397692773,0.02728696041154104,0.0007638320205524249,1.1776077909003972
0.0004242562234365513,0.02728085867620751,0.0006262384630896663,1.419512350567629
0.00042435109289617486,0.027274759669125865,0.0006964812718733216,1.4997416415521851
0.0004244459623557984,0.027268663388466695,0.00036930159991081156,1.2341750792624526
0.00042454083181542193,0.02726256983240224,0.0008038438100022408,1.0163672407159268
0.0004246357012750455,0.027256478999106347,0.000684162239902187,0.8038808192244469
0.00042473057073466906,0.027250390886754523,0.0007692387366151092,0.8495497911290174
0.0004248254401942926,0.027244305493523895,0.0005097584001346271,0.6765617056933435
0.0004249203096539162,0.02723822281759321,0.0003653224070562816,1.0946970338477888
0.00042501517911353975,0.02723214285714286,0.0005624085221167564,1.0679048040479828
0.0004251100485731633,0.027226065610354833,0.0005255491738544235,0.7232826889946884
0.0004252049180327869,0.027219991075412762,0.000423966195617538,1.413528208613404
0.00042529978749241044,0.027213919250501897,0.000668481564454943,1.2829324865253284
0.000425394656952034,0.027207850133809098,0.0006328424765285095,0.964184628847652
0.0004254895264116575,0.027201783723522856,0.0007278956127003774,1.1905570904669325
0.0004255843958712811,0.02719572001783326,0.0007050853858591115,1.2615193553830686
0.00042567926533090464,0.02718965901493203,0.0004950702736675292,1.2298088557009064
0.0004257741347905282,0.02718360071301248,0.0005040196480761807,0.654040590536311
0.00042586900425015177,0.02717754511026955,0.0004757698587929376,1.074901722621027
0.00042596387370977533,0.02717149220489978,0.0003930924198898274,0.7635781949223799
0.0004260587431693989,0.027165441995101316,0.0005406970453218046,1.0493328240342108
0.00042615361262902246,0.02715939447907391,0.0006583164117082675,1.5037989428849672
0.000426248482088646,0.02715334965501892,0.0006906335167778453,1.5340783562534663
0.0004263433515482696,0.027147307521139294,0.0006063668918458354,1.0226532527435948
0.0004264382210078931,0.027141268075639605,0.0006585578836425475,1.1188411682260793
0.00042653309046751666,0.027135231316725978,0.0006282322704179564,1.0361822446412108
0.0004266279599271402,0.027129197242606186,0.0003555783479540045,1.2921757756621521
0.0004267228293867638,0.02712316585148955,0.00045017081418346046,1.2031610437146487
0.00042681769884638735,0.02711713714158702,0.00046886094566509564,0.891615704941186
0.0004269125683060109,0.027111111111111114,0.0004547279353786328,1.0030158079461466
0.0004270074377656345,0.027105087758275942,0.0005912327314350122,0.765303130572846
0.00042710230722525804,0.0270990670812972,0.0005813472104866708,1.1656469530661808
0.0004271971766848816,0.027093049078392183,0.0006517550099057097,1.3205435263265786
0.0004272920461445051,0.027087033747779755,0.0005631580328866254,1.0135633458759195
0.0004273869156041287,0.02708102108768036,0.0006152667767582447,0.8033557752064197
0.00042748178506375224,0.027075011096316028,0.0006422142803782973,1.101535687059505
0.0004275766545233758,0.027069003771910363,0.0005719505467979541,1.3875311621316568
0.00042767152398299937,0.027062999112688557,0.0005373781022185299,1.0761354421388645
0.00042776639344262293,0.027056997116877358,0.00044149470570303064,0.8299963934650469
0.0004278612629022465,0.027050997782705102,0.0003883511566362142,1.2534732497916101
0.00042795613236187006,0.027045001108401683,0.000799634777634735,1.1455900219567476
0.0004280510018214936,0.02703900709219858,0.0005067666799560269,0.8393760170503364
0.0004281458712811172,0.027033015732328827,0.000676397523037805,1.1695121391482821
0.0004282407407407407,0.027027027027027032,0.00027926606447521143,1.400635965683918
0.00042833561020036426,0.02702104097452935,0.00040677223378747545,1.2891484666859905
0.0004284304796599878,0.027015057573073518,0.00048209129203155874,1.1079280054576215
0.0004285253491196114,0.027009076820898828,0.000569664498623683,0.9797361268223128
0.00042862021857923495,0.02700309871624613,0.0005244893259899665,1.2812642935555407
0.0004287150880388585,0.02699712325735782,0.0005547703183085539,1.165086857346822
0.0004288099574984821,0.026991150442477876,0.0006356810506882429,0.8899805622382011
0.00042890482695810564,0.0269851802698518,0.0007715718800910327,1.222274632831253
0.0004289996964177292,0.026979212737726667,0.00048717230854053385,1.1211355408724741
0.0004290945658773527,0.026973247844351095,0.0005373977489329745,1.2466034716447192
0.0004291894353369763,0.02696728558797525,0.00046938863210472875,1.2356738403093854
0.00042928430479659984,0.02696132596685083,0.000365307355358365,1.7792201832501968
0.0004293791742562234,0.02695536897923111,0.0007780813670727577,0.8578637428952056
0.00042947404371584697,0.02694941462337089,0.0006068783480602119,0.7803613117554093
0.00042956891317547053,0.026943462897526502,0.0005989009140109173,1.0149337767609472
0.0004296637826350941,0.02693751379995584,0.0006215741968101478,1.3431550384436355
0.00042975865209471766,0.026931567328918327,0.0005772263407761793,1.1329773674702857
0.0004298535215543412,0.026925623482674906,0.0005825900928326527,1.3513503935987357
0.0004299483910139648,0.026919682259488084,0.0006304945082370043,1.1685954097575724
0.0004300432604735883,0.026913743657621884,0.00045555216267139016,1.7142487055831914
0.00043013812993321186,0.026907807675341865,0.000736975750698066,1.076233430608217
0.0004302329993928354,0.02690187431091511,0.00043606546806800414,1.0088964936344402
0.000430327868852459,0.02689594356261023,0.0005974320210119154,1.5491486757001471
0.00043042273831208255,0.026890015428697376,0.0004471333800937659,1.2014691395340302
0.0004305176077717061,0.026884089907448217,0.0006295514699337745,1.1983979608634723
0.0004306124772313297,0.026878166997135935,0.0005992991728626244,0.6916884590740859
0.00043070734669095324,0.026872246696035246,0.0007080069103457978,1.0856676359273134
0.0004308022161505768,0.026866329002422373,0.0007339124005972515,1.0620865511763846
0.00043089708561020037,0.026860413914575075,0.00038955978600012375,1.0119430873244062
0.0004309919550698239,0.026854501430772622,0.0005622999876953481,0.8986789351519735
0.00043108682452944744,0.026848591549295774,0.0005892424648932752,0.786591036896859
0.000431181693989071,0.026842684268426842,0.0007691258897620503,1.4178232383109093
0.00043127656344869457,0.026836779586449627,0.0005334573747938181,1.2136131722961414
0.00043137143290831813,0.02683087750164944,0.0006691263688744239,1.421403958422453
0.0004314663023679417,0.026824978012313105,0.000552194987112951,1.233020680055495
0.00043156117182756526,0.02681908111672895,0.0007028414771477849,1.1027358016970814
0.0004316560412871888,0.026813186813186812,0.0006188840737114858,1.000030232026079
0.0004317509107468124,0.026807295099978024,0.0005822572412955748,0.6848744941249674
0.0004318457802064359,0.026801405975395435,0.0006513654144864583,0.5717238126873725
0.00043194064966605946,0.026795519437733364,0.0007058638724228779,1.4174210651177679
0.000432035519125683,0.026789635485287663,0.0003954622221129207,1.6421469588202042
0.0004321303885853066,0.026783754116355658,0.0008222152465630857,1.2542710244375634
0.00043222525804493015,0.026777875329236173,0.00032785769990328217,1.5650205004445479
0.0004323201275045537,0.02677199912222954,0.0006635300091191718,1.5753794718901473
0.0004324149969641773,0.026766125493637563,0.0005079257969276724,0.9148072146604654
0.00043250986642380084,0.026760254441763543,0.0006288679991477669,0.7332248672870868
0.0004326047358834244,0.026754385964912284,0.0007764200845203113,0.9584158885909548
0.00043269960534304797,0.026748520061390047,0.0006416353594133089,1.366406786931611
0.0004327944748026715,0.026742656729504603,0.0005760080175008565,0.9332518141020744
0.00043288934426229504,0.026736795967565202,0.0003679164302814734,1.597846806636072
0.0004329842137219186,0.02673093777388256,0.0004750668916842393,0.9234898638625633
0.00043307908318154217,0.026725082146768896,0.0004796522348419055,1.1016781142007044
0.00043317395264116574,0.02671922908453789,0.0003915420542361299,1.1250790904059218
0.0004332688221007893,0.026713378585504707,0.00031238017915209194,1.5421931293906952
0.00043336369156041286,0.02670753064798599,0.000517892653164286,1.2486689622000255
0.0004334585610200364,0.026701685270299848,0.0004536792639010339,0.9138353244161522
0.00043355343047966,0.026695842450765866,0.00046922738360847437,0.9063667577950757
0.0004336482999392835,0.0266900021877051,0.0008177064769596503,0.9632447598327767
0.00043374316939890706,0.02668416447944007,0.0004453260079692648,1.1226759781141833
0.0004338380388585306,0.026678329324294776,0.0005833086708756907,1.2115566144448273
0.0004339329083181542,0.026672496720594668,0.0004955930956689007,0.3825110682069288
0.00043402777777777775,0.02666666666666667,0.0004940232283441712,0.9198471574271402
0.0004341226472374013,0.02666083916083916,0.000564106807425014,1.1465572477219867
0.0004342175166970249,0.026655014201441996,0.0003675652839991863,1.3566899346726597
0.00043431238615664844,0.026649191786806466,0.0005829224302215645,0.9499897086707121
0.000434407255616272,0.02664337191526534,0.00048037385696139413,1.4846786440383888
0.00043450212507589557,0.026637554585152837,0.0004559004736160919,1.155349116539973
0.0004345969945355191,0.026631739794804633,0.0003918103483358839,1.6021126604308438
0.00043469186399514264,0.026625927542557836,0.0005320431477012515,0.8178862085761635
0.0004347867334547662,0.026620117826751038,0.0005597227139312967,1.3744584375688098
0.00043488160291438977,0.02661431064572426,0.0005677286294108706,0.6363897094240626
0.00043497647237401334,0.026608505997818978,0.0005466162865780561,1.3861151007726797
0.0004350713418336369,0.026602703881378108,0.0006151383842995832,0.9169999938473258
0.00043516621129326046,0.026596904294746024,0.0004951085543979956,1.0088251559973065
0.000435261080752884,0.02659110723626853,0.000577559691703722,1.4494257823910048
0.0004353559502125076,0.026585312704292874,0.0002835687865143017,1.3948233758855297
0.00043545081967213115,0.026579520697167756,0.0005042064602337798,1.6028440017346466
0.00043554568913175466,0.026573731213243305,0.0004406181647969331,0.8884529254820058
0.0004356405585913782,0.026567944250871084,0.0005671969613237023,0.7204716241260222
0.0004357354280510018,0.026562159808404096,0.00047580718476650214,1.303129054942596
0.00043583029751062535,0.026556377884196777,0.0005225015546805765,0.6964016108270454
0.0004359251669702489,0.026550598476605007,0.0006805156183173381,1.0115574499695925
0.0004360200364298725,0.026544821583986078,0.0007589193891300637,1.0879346603424795
0.00043611490588949605,0.02653904720469872,0.00038849531293943195,1.2714200270096312
0.0004362097753491196,0.02653327533710309,0.0003118372195751318,1.3061137125094544
0.00043630464480874317,0.026527505979560773,0.0005943324296445361,1.1312880101467526
0.0004363995142683667,0.026521739130434787,0.0006033730857867462,1.6141997922823423
0.00043649438372799025,0.02651597478808955,0.0006252188222386647,0.9581072238854147
0.0004365892531876138,0.02651021295089092,0.0004585760533045976,1.3544587138873623
0.00043668412264723737,0.02650445361720617,0.000536947501065879,1.193416647386196
0.00043677899210686094,0.026498696785404,0.0007069983599812635,0.9750366105849132
0.0004368738615664845,0.026492942453854508,0.0004466552304545388,0.4573650863453013
0.00043696873102610806,0.026487190620929222,0.0004828651952897889,1.277717047763585
0.00043706360048573163,0.026481441285001083,0.0002543028563038346,1.8988476959140077
0.0004371584699453552,0.026475694444444444,0.0005343746736197358,0.44807846638083515
0.00043725333940497875,0.02646995009763506,0.0005638584312712071,1.3465097231513148
0.00043734820886460226,0.02646420824295011,0.0004835284269095527,0.9890234133938502
0.00043744307832422583,0.026458468878768165,0.0004425697832042807,1.5073659673000703
0.0004375379477838494,0.026452732003469214,0.0007044409040151306,1.0773610982790878
0.00043763281724347295,0.026446997615434644,0.0006360502808197916,1.59929833548472
0.0004377276867030965,0.026441265713047248,0.0006696139549124428,0.7070086354790769
0.0004378225561627201,0.026435536294691225,0.0006060055393496736,0.6356933952987442
0.00043791742562234365,0.02642980935875217,0.0004816673321547761,1.103419067393794
0.0004380122950819672,0.026424084903617067,0.0003145925791943838,0.9971071016215106
0.0004381071645415908,0.02641836292767432,0.0003709978461771975,1.5265525005773803
0.0004382020340012143,0.026412643429313706,0.0004859647546133787,0.4665859073320788
0.00043829690346083785,0.02640692640692641,0.000655406663627209,1.1639527534448348
0.0004383917729204614,0.026401211858905003,0.0005447777492815068,1.0666460238545876
0.000438486642380085,0.026395499783643445,0.0007685081871610092,0.9712262130402015
0.00043858151183970854,0.0263897901795371,0.0006205109671557271,1.030406181680733
0.0004386763812993321,0.0263840830449827,0.000588098281362206,1.0588435462814185
0.00043877125075895566,0.026378378378378378,0.0006389962906902244,1.0656044131518605
0.00043886612021857923,0.02637267617812365,0.0005536947711300996,1.2862358816352382
0.0004389609896782028,0.026366976442619407,0.0005163883542470517,1.2129486273494627
0.00043905585913782636,0.026361279170267937,0.0003933218179017483,1.1272059293867296
0.00043915072859744986,0.02635558435947289,0.0004655887827891299,1.4203511761327985
0.00043924559805707343,0.02634989200863931,0.0003269324849871144,1.3793488816068635
0.000439340467516697,0.026344202116173613,0.0005499778159996572,1.155028121445296
0.00043943533697632056,0.026338514680483593,0.0007013722721897869,1.2787132687424427
0.0004395302064359441,0.026332829699978414,0.0005472938848362504,1.2925271997393537
0.0004396250758955677,0.026327147173068624,0.000610135695425375,1.2624851703629594
0.00043971994535519125,0.02632146709816613,0.0005054832833009068,0.9852097150214276
0.0004398148148148148,0.026315789473684213,0.00047265711746292575,0.9313520921708184
0.0004399096842744384,0.02631011429803752,0.0004561250055041695,0.6692120521790555
0.0004400045537340619,0.026304441569642092,0.0006614705049096895,0.8463599696378651
0.00044009942319368545,0.026298771286915285,0.0004667189688777248,1.5097859400515075
0.000440194292653309,0.026293103448275866,0.0005851232840090606,0.782676096518504
0.0004402891621129326,0.026287438052143935,0.0005201971292341047,0.9708876848159584
0.00044038403157255614,0.026281775096940976,0.0005865446805784321,0.8194952506350722
0.0004404789010321797,0.026276114581089815,0.0004503226417873808,1.4450717163437494
0.00044057377049180326,0.026270456503014645,0.0005799775998424832,1.050338879664752
0.00044066863995142683,0.026264800861141014,0.00044645945651100165,0.8813357961069027
0.0004407635094110504,0.026259147653895826,0.0008087633953308704,0.9307037813478566
0.00044085837887067396,0.026253496879707336,0.0007184159944273051,1.0682045674888543
0.00044095324833029747,0.026247848537005167,0.00041630860691588853,1.5612058347535074
0.00044104811778992103,0.02624220262422026,0.0003536751034211954,1.163669895510382
0.0004411429872495446,0.026236559139784947,0.0004921221137010062,1.5880693432714488
0.00044123785670916816,0.026230918082132876,0.00046464677995888636,1.1152144491156268
0.0004413327261687917,0.026225279449699056,0.00047224771124892,1.1220564904890673
0.0004414275956284153,0.02621964324091984,0.0005326497940166272,1.089354851430748
0.00044152246508803885,0.02621400945423292,0.0004041384968144098,1.0286907856393788
0.0004416173345476624,0.026208378088077338,0.0004693908327250894,0.884613297680219
0.000441712204007286,0.02620274914089347,0.00029389159677222073,0.8502604293226016
0.00044180707346690954,0.02619712261112304,0.0005717020772362196,1.3534161550078165
0.00044190194292653305,0.026191498497209104,0.0007248614271988721,1.1119738008912992
0.0004419968123861566,0.026185876797596052,0.0006611582919018397,1.0284499886786207
0.0004420916818457802,0.026180257510729617,0.0005763310324704951,1.1230683865727198
0.00044218655130540374,0.026174640635056857,0.0004530073934919356,1.1130304610478592
0.0004422814207650273,0.02616902616902617,0.00038758918809411524,1.0016248332327067
0.00044237629022465087,0.026163414111087285,0.00045830484713563793,1.3531927850890944
0.00044247115968427443,0.026157804459691254,0.0008241056941303324,1.3178210335713043
0.000442566029143898,0.02615219721329046,0.0004370846473989732,1.2346068000535984
0.00044266089860352156,0.026146592370338617,0.00046199586008419796,0.7415613617011473
0.00044275576806314507,0.02614098992929077,0.00039935621528665706,0.5848495608441174
0.00044285063752276863,0.02613538988860326,0.0006559620850363051,0.7950561761416166
0.0004429455069823922,0.026129792246733778,0.0006159194548947348,0.7409301719759329
0.00044304037644201576,0.02612419700214133,0.0006685952373553054,1.1330389105009238
0.0004431352459016393,0.026118604153286235,0.000416532825166483,0.7181683730056809
0.0004432301153612629,0.026113013698630137,0.0005295840054283545,1.2877035230421736
0.00044332498482088645,0.026107425636635997,0.0005378710946701735,1.3642761776512022
0.00044341985428051,0.02610183996576808,0.0005070785194279397,1.1489696792757973
0.0004435147237401336,0.026096256684491975,0.0005035959053484051,0.866075793090811
0.00044360959319975714,0.02609067579127459,0.0008184862254368828,1.2288615840462853
0.00044370446265938065,0.026085097284584136,0.00029477934448255685,1.0706187920966674
0.0004437993321190042,0.026079521162890126,0.0006147964083488154,1.1055825735044287
0.0004438942015786278,0.02607394742466339,0.00039957869946610785,0.7793067023532535
0.00044398907103825134,0.02606837606837607,0.000522757711531909,1.445127602811947
0.0004440839404978749,0.026062807092501604,0.0004374387226625169,0.8808940362702923
0.00044417880995749847,0.02605724049551474,0.0002562954434827407,1.53848571987342
0.00044427367941712203,0.02605167627589152,0.00048060228498941597,0.8786787105182351
0.0004443685488767456,0.02604611443210931,0.0005817457038780361,1.4035815753337593
0.00044446341833636916,0.026040554962646744,0.0007015177502882612,0.8445614377109825
0.00044455828779599267,0.026034997865983785,0.000737231600212248,1.112861757592388
0.00044465315725561623,0.026029443140601665,0.0005849636098763364,1.0783962699064487
0.0004447480267152398,0.026023890784982937,0.00039288378394738456,1.1170703832860396
0.00044484289617486336,0.026018340797611436,0.0005732550712725015,0.7540600074639278
0.0004449377656344869,0.026012793176972283,0.0006490037638275525,1.0471904003749537
0.0004450326350941105,0.02600724792155191,0.0004893491719952616,1.0649850997177859
0.00044512750455373405,0.026001705029838024,0.0005852525416641543,1.0815069771658943
0.0004452223740133576,0.025996164500319625,0.0004620518365534214,1.3303638079649651
0.0004453172434729812,0.025990626331487004,0.0005294875529089768,0.6672066304646499
0.00044541211293260474,0.025985090521831736,0.00032323904892109955,0.9365815357537978
0.00044550698239222825,0.02597955706984668,0.0006647626321415037,1.3658386427871692
0.0004456018518518518,0.02597402597402598,0.000776717443074371,1.3597805344430602
0.0004456967213114754,0.02596849723286505,0.0005671593676064923,1.197975316891367
0.00044579159077109894,0.02596297084486061,0.0005900148321059235,1.016349922847167
0.0004458864602307225,0.02595744680851064,0.0005166255077073155,0.9850867155892546
0.00044598132969034607,0.025951925122314402,0.0006102865009948654,1.0508875534529212
0.00044607619914996963,0.025946405784772437,0.0004058847032815916,1.2943432992263841
0.0004461710686095932,0.02594088879438656,0.0005452224145765298,1.1342798141566837
0.00044626593806921676,0.02593537414965986,0.0005043171539379881,1.1598620816155654
0.0004463608075288403,0.025929861849096705,0.00020030076907903835,0.43988484460081434
0.00044645567698846383,0.025924351891202724,0.0008013642333309954,1.0851298823071152
0.0004465505464480874,0.02591884427448481,0.00016159415968628512,1.163088447081902
0.00044664541590771096,0.02591333899745115,0.0004930018631520354,0.9961326842638708
0.0004467402853673345,0.025907836058611168,0.0005442907072473333,0.9781287832177239
0.0004468351548269581,0.02590233545647559,0.000740393688810606,1.0423015725167208
0.00044693002428658165,0.02589683718955636,0.0003809438148432953,0.9916736742538486
0.0004470248937462052,0.025891341256366725,0.0005360278824070652,0.7233618248855135
0.0004471197632058288,0.02588584765542118,0.00033742345565114154,0.8725857838869395
0.00044721463266545234,0.02588035638523547,0.0005954543650333071,1.7491946911392282
0.00044730950212507585,0.02587486744432662,0.0006755212752207091,0.6743877523037541
0.0004474043715846994,0.025869380831212898,0.0005433710844429654,1.5237320647981216
0.000447499241044323,0.025863896544413827,0.0005429399919607944,0.5866273426315088
0.00044759411050394654,0.025858414582450192,0.00047364104404230346,1.3194240875495291
0.0004476889799635701,0.025852934943844035,0.0008339286554538886,0.8778595403585618
0.00044778384942319367,0.025847457627118646,0.0005767442654805955,0.9417544667201755
0.00044787871888281723,0.02584198263079856,0.0005019722434553483,1.0004635312064063
0.0004479735883424408,0.02583650995340957,0.0004502989233198554,0.9048740996590134
0.00044806845780206436,0.02583103959347872,0.0005860087534140338,1.4478681667977595
0.0004481633272616879,0.02582557154953429,0.0006676622666313116,0.5421191921288667
0.00044825819672131143,0.025820105820105823,0.0006731879876937775,1.1163447398316022
0.000448353066180935,0.02581464240372408,0.00046196951816271283,1.4752747019309982
0.00044844793564055856,0.02580918129892109,0.0006513088443839132,1.5363293529696582
0.0004485428051001821,0.02580372250423012,0.0005753064130351202,0.7995388206131203
0.0004486376745598057,0.025798266018185665,0.0008389959586898806,1.1189728171610605
0.00044873254401942925,0.025792811839323467,0.0007293837643007636,1.4250787686238715
0.0004488274134790528,0.025787359966180513,0.0004254448337711594,0.35092603963864594
0.0004489222829386764,0.025781910397295014,0.00040053138925110106,1.1312681375007714
0.00044901715239829994,0.02577646313120642,0.00043744310737899456,1.0079446655531625
0.00044911202185792345,0.02577101816645543,0.0005915269960146923,1.1064541825029572
0.000449206891317547,0.02576557550158395,0.0006361813015044397,0.5403832404791864
0.0004493017607771706,0.025760135135135136,0.0008647848779960826,1.2024424990830611
0.00044939663023679414,0.025754697065653368,0.0005358798182352094,1.326891902542707
0.0004494914996964177,0.025749261291684256,0.0006115708529089149,0.9846502393004899
0.00044958636915604127,0.025743827811774637,0.0005674301407869453,1.0506091999060685
0.00044968123861566483,0.025738396624472575,0.0008020584059816115,1.1773169742838316
0.0004497761080752884,0.02573296772832736,0.0007234075146595368,1.3265425293196507
0.00044987097753491196,0.025727541121889495,0.00044130524540521526,1.2488096402136588
0.0004499658469945355,0.025722116803710733,0.0005595369574011591,0.9386781280231922
0.00045006071645415903,0.025716694772344017,0.0005101325195638415,1.3533759150406253
0.0004501555859137826,0.025711275026343523,0.00045509690119734347,1.1962969446001976
0.00045025045537340616,0.025705857564264644,0.0003988739508901452,1.4926527862505399
0.0004503453248330297,0.025700442384664002,0.00040599092830008156,1.5548244679006822
0.0004504401942926533,0.02569502948609941,0.0005756854177089515,1.1347147396836617
0.00045053506375227685,0.02568961886712992,0.0005401031625297169,0.7367478034863086
0.0004506299332119004,0.025684210526315792,0.0005936988594155727,1.0915717705430312
0.000450724802671524,0.02567880446221848,0.00027415378750480975,1.6073661343960213
0.00045081967213114754,0.02567340067340067,0.0005732200339061599,0.8512142681582784
0.0004509145415907711,0.02566799915842626,0.0006572459614750707,0.9914454700464785
0.0004510094110503946,0.025662599915860333,0.0005038031302727386,0.7376199273645062
0.0004511042805100182,0.02565720294426919,0.0006204840342804491,0.6288457151438537
0.00045119914996964174,0.025651808242220357,0.0005736974289519924,0.5122643112317654
0.0004512940194292653,0.025646415808282533,0.0005398063233239569,0.7112323363576383
0.00045138888888888887,0.025641025641025644,0.00024240055128142452,1.2450928127323138
0.00045148375834851243,0.025635637739020802,0.0005699293836028424,1.013238037445696
0.000451578627808136,0.025630252100840335,0.00045921432531127575,1.2469378191392708
0.00045167349726775956,0.02562486872505776,0.0006892162631945682,1.0038195356407709
0.0004517683667273831,0.025619487610247797,0.0005255106755623776,1.6858676913843074
0.00045186323618700663,0.025614108754986355,0.0005368045327666784,1.1666045668740264
0.0004519581056466302,0.025608732157850547,0.0003092003536606651,1.320726448239331
0.00045205297510625376,0.02560335781741868,0.0007006259539279403,0.6952942334404678
0.0004521478445658773,0.025597985732270248,0.0003975778659452044,0.7328585890854662
0.0004522427140255009,0.025592615900985948,0.0006498400129704623,0.9331943940110313
0.00045233758348512445,0.02558724832214765,0.0005883459435967358,1.455129827369273
0.000452432452944748,0.025581882994338435,0.0004371788607015639,0.8727574457130682
0.0004525273224043716,0.02557651991614256,0.0005640011021251454,1.143675430849412
0.00045262219186399514,0.025571159086145465,0.0006037934878528165,1.2058828376577404
0.0004527170613236187,0.025565800502933778,0.0004504587444736472,1.07307456275882
0.0004528119307832422,0.02556044416509533,0.000507136324183236,0.9585175879968187
0.0004529068002428658,0.025555090071219106,0.0007219996336929498,1.1046815598264996
0.00045300166970248934,0.02554973821989529,0.00047149032305676583,0.8365859476065041
0.0004530965391621129,0.025544388609715245,0.0004722971558860027,1.2757283049986978
0.00045319140862173647,0.025539041239271507,0.00038181033080922534,1.4055611065769982
0.00045328627808136003,0.02553369610715781,0.0006917434265640944,1.2745959762078198
0.0004533811475409836,0.025528353211969033,0.0005205395340206614,1.0799427728616797
0.00045347601700060716,0.025523012552301255,0.0003189845874364964,1.2465447958468554
0.0004535708864602307,0.025517674126751724,0.00048609727092191105,1.1146731000020227
0.00045366575591985423,0.025512337933918865,0.0005417656300915378,0.6277382282182787
0.0004537606253794778,0.02550700397240226,0.0005634770161979105,1.0384457467575088
0.00045385549483910136,0.02550167224080268,0.00048448644820608245,1.0679155772912574
0.0004539503642987249,0.025496342737722052,0.00045212582792796257,0.732202795081465
0.0004540452337583485,0.02549101546176348,0.00040795000364335105,0.48259260911885943
0.00045414010321797205,0.02548569041153123,0.0005373322190437214,0.8184068636405497
0.0004542349726775956,0.025480367585630742,0.0006492297013602442,1.271033643763466
0.0004543298421372192,0.025475046982668614,0.0005823934101584329,1.4576797294605495
0.00045442471159684274,0.025469728601252607,0.0005295073269714144,1.2215046753539043
0.0004545195810564663,0.02546441243999165,0.0005009858713933317,1.7525476539303493
0.0004546144505160898,0.025459098497495832,0.0004574562990386552,1.1909470422779338
0.0004547093199757134,0.02545378677237638,0.0005502222633444665,1.143536086338809
0.00045480418943533694,0.025448477263245728,0.0006099144460175415,1.1508047950286515
0.0004548990588949605,0.025443169968717417,0.0004047501155292401,0.8075034711278789
0.00045499392835458407,0.025437864887406174,0.0005458606449695776,0.780945542567426
0.00045508879781420763,0.025432562017927873,0.00041019015979714383,1.248795861608419
0.0004551836672738312,0.02542726135889954,0.00036235431820189556,1.1637314091882982
0.00045527853673345476,0.025421962908939364,0.0006922802716764838,0.895460694421844
0.0004553734061930783,0.025416666666666667,0.0005698636654228569,0.9052335730344162
0.0004554682756527019,0.02541137263070194,0.0005848686786490877,1.342752612990877
0.0004555631451123254,0.025406080799666806,0.0006847291797731689,0.7753723240224593
0.00045565801457194896,0.025400791172184058,0.0006735890110312977,0.9966602716310375
0.0004557528840315725,0.025395503746877605,0.000562339637462337,0.9402092884739978
0.0004558477534911961,0.02539021852237253,0.0004973645545018838,1.0511832354663053
0.00045594262295081965,0.025384935497295046,0.00044345259681922126,0.8802238057077394
0.0004560374924104432,0.02537965467027252,0.0006721453334260016,1.5824865000803021
0.0004561323618700668,0.025374376039933443,0.00033909887531104974,1.260990927976181
0.00045622723132969034,0.025369099604907467,0.0004669665515634616,1.0354961403499034
0.0004563221007893139,0.025363825363825365,0.0005899292284218898,0.7242544406150394
0.0004564169702489374,0.02535855331531906,0.0005758867561546496,1.3295813037516717
0.000456511839708561,0.025353283458021618,0.0004918797468217343,1.0620645259083834
0.00045660670916818454,0.025348015790567214,0.0007232072553639445,1.3684580920056846
0.0004567015786278081,0.02534275031159119,0.0004211446398930106,1.2243064363535934
0.00045679644808743167,0.02533748701973001,0.0003866166203308291,1.015812764076863
0.00045689131754705523,0.025332225913621265,0.0005350479918038742,1.080749776533986
0.0004569861870066788,0.025326966991903673,0.0005016305209807228,1.047818187254733
0.00045708105646630236,0.025321710253217104,0.0005010908723618897,0.6349527420103186
0.0004571759259259259,0.02531645569620253,0.0003904791261193622,0.6331390027085594
0.0004572707953855495,0.02531120331950208,0.0005268433803179726,0.8273334746121
0.000457365664845173,0.025305953121758974,0.00045736130410847884,1.2937844888860783
0.00045746053430479656,0.02530070510161759,0.0005520151184437148,1.2742728840829918
0.0004575554037644201,0.02529545925772341,0.0005164451159366141,1.0939926077328483
0.0004576502732240437,0.02529021558872305,0.0005863743862642569,1.1337203597626069
0.00045774514268366725,0.02528497409326425,0.0003525380334182568,0.7470618172976732
0.0004578400121432908,0.02527973476999586,0.0005968201795033868,0.9884966901406442
0.0004579348816029144,0.025274497617567847,0.0008757531453474134,1.0416506309582256
0.00045802975106253794,0.025269262634631313,0.00030146223035415145,1.2505974724077022
0.0004581246205221615,0.02526402981983848,0.0006907300464893866,1.0644384609081319
0.000458219489981785,0.025258799171842653,0.0005427706663947388,0.8303875707126758
0.0004583143594414086,0.025253570689298285,0.0004128358033582667,0.9220105910291575
0.00045840922890103214,0.025248344370860928,0.00034322224365190634,0.8797146689880985
0.0004585040983606557,0.025243120215187258,0.0007224032486791737,1.078337311046814
0.00045859896782027927,0.025237898220935046,0.0005014373941599973,1.350971340900407
0.00045869383727990283,0.02523267838676319,0.0006238987523084637,1.1574468894587604
0.0004587887067395264,0.02522746071133168,0.0005944726474955097,0.5344215100055928
0.00045888357619914996,0.025222245193301632,0.0004523849894161073,1.3488150401508006
0.0004589784456587735,0.025217031831335265,0.0004799438474657751,0.894205644700702
0.0004590733151183971,0.02521182062409589,0.000605461005862279,1.334442844796965
0.0004591681845780206,0.02520661157024794,0.0004798105775758976,1.0222110586077027
0.00045926305403764416,0.02520140466845693,0.0005125596293007883,1.728798332373937
0.0004593579234972677,0.025196199917389507,0.0005038752907729619,0.998318111549651
0.0004594527929568913,0.025190997315713403,0.0006040071593889134,1.3499223144895622
0.00045954766241651485,0.02518579686209744,0.0004134051210946367,1.197341989699728
0.0004596425318761384,0.025180598555211556,0.0005253251503191407,0.7588023053066683
0.000459737401335762,0.025175402393726783,0.00040129144960273413,1.4055909719284412
0.00045983227079538554,0.02517020837631525,0.0003884240824035756,1.032382324011452
0.0004599271402550091,0.025165016501650168,0.00047852780952151245,1.0324061839622014
0.00046002200971463267,0.025159826768405856,0.00037394890406614674,0.2919124884257656
0.0004601168791742562,0.02515463917525773,0.00045603028617094486,0.8838254676933222
0.00046021174863387974,0.025149453720882297,0.000603096091601486,1.0699905700348855
0.0004603066180935033,0.025144270403957135,0.00042474663224174793,1.0682931395176538
0.00046040148755312687,0.025139089223160934,0.0005926469050218225,1.4079299583904277
0.00046049635701275043,0.025133910177173466,0.0005981293850311926,0.9952061723727931
0.000460591226472374,0.02512873326467559,0.0006449445928768506,1.1975402353727314
0.00046068609593199756,0.02512355848434926,0.00046065771293734155,1.0335069508707753
0.0004607809653916211,0.025118385834877497,0.00034053961615192793,1.4465285412802373
0.0004608758348512447,0.025113215314944422,0.000376339237770595,0.6120109653846302
0.0004609707043108682,0.025108046923235237,0.00037712197865820624,0.8048910179992846
0.00046106557377049176,0.025102880658436216,0.0005064329952057002,1.057444057282977
0.0004611604432301153,0.025097716519234727,0.00037081713997114574,1.3919584157277203
0.0004612553126897389,0.025092554504319214,0.0003118686139344788,1.222525012122089
0.00046135018214936245,0.02508739461237919,0.00039210492043868724,0.6164769590777398
0.000461445051608986,0.025082236842105265,0.0006363409430337384,0.8072538885564463
0.0004615399210686096,0.025077081192189106,0.0003476994667584388,1.0765040819286744
0.00046163479052823314,0.02507192766132347,0.0005762824258926848,1.168117580512825
0.0004617296599878567,0.02506677624820218,0.00034976025771954385,1.1925289373868098
0.00046182452944748027,0.02506162695152013,0.0005919296254804255,1.1201424512992384
0.0004619193989071038,0.025056479769973303,0.0006888976064655442,0.7865206012827245
0.00046201426836672734,0.02505133470225873,0.000635113061695892,0.8243131879487192
0.0004621091378263509,0.025046191747074526,0.0006687565810604584,0.9366292730229874
0.00046220400728597447,0.02504105090311987,0.00047261698681908687,1.3556988459191994
0.00046229887674559804,0.025035912169095016,0.0007225657226752498,0.7952638938443803
0.0004623937462052216,0.025030775543701273,0.00046045103590309404,0.8977234832075959
0.00046248861566484516,0.025025641025641025,0.0004394338311146906,1.0065416396798177
0.0004625834851244687,0.025020508613617716,0.0004568982490327372,1.5113731249571516
0.0004626783545840923,0.025015378306335864,0.0003057114385522765,1.1858979773235845
0.0004627732240437158,0.025010250102501026,0.000415951453095605,1.4133489618226946
0.00046286809350333936,0.025005124000819844,0.0005146587429521995,1.403038790156665
0.0004629629629629629,0.025,0.0007354905103479471,1.3871915427101023
0.0004630578324225865,0.02499487809875026,0.0005025838474469105,1.336614027628205
0.00046315270188221005,0.02498975829578042,0.0005543851856816297,1.010545083734818
0.0004632475713418336,0.024984640589801353,0.00044699854823538747,0.9901503601845013
0.0004633424408014572,0.024979524979524978,0.0005702682503240285,0.9979177440180912
0.00046343731026108074,0.02497441146366428,0.0004756834765662599,1.049237572979047
0.0004635321797207043,0.02496930004093328,0.0007086850909455749,1.1895308638017104
0.00046362704918032787,0.024964190710047067,0.0003472236537386718,1.6710832377919744
0.0004637219186399514,0.024959083469721772,0.00045288585343263417,1.2016349232375747
0.00046381678809957494,0.02495397831867458,0.0006139319382627211,1.145682497391337
0.0004639116575591985,0.024948875255623726,0.0004564753349920312,0.9183457118030334
0.00046400652701882207,0.02494377427928849,0.0005002850301675196,1.1982391255438942
0.00046410139647844564,0.024938675388389207,0.0002609992895064991,0.8804426289590759
0.0004641962659380692,0.02493357858164725,0.00041341222028918305,0.7084907033163498
0.00046429113539769276,0.024928483857785042,0.0005398642581128227,1.0252794367219251
0.0004643860048573163,0.024923391215526048,0.0005959857942396346,1.1549608786158825
0.0004644808743169399,0.024918300653594773,0.0003226642649419701,0.8265045470752228
0.0004645757437765634,0.024913212170716768,0.0004680226245178359,1.0893111579196948
0.00046467061323618696,0.024908125765618624,0.0006067320198007815,1.0658338715589109
0.0004647654826958105,0.024903041437027967,0.00070236537499458,1.0817541659561785
0.0004648603521554341,0.024897959183673473,0.00039549207438488204,1.1692573274920648
0.00046495522161505765,0.02489287900428484,0.0006832860175891896,1.213714922058196
0.0004650500910746812,0.024887800897592818,0.00032024525037159404,0.7283904116531423
0.0004651449605343048,0.024882724862329186,0.0004819200179526617,1.1220008862285573
0.00046523982999392835,0.024877650897226752,0.0005317845218788712,1.0032926397657755
0.0004653346994535519,0.02487257900101937,0.0004998150415187279,1.4848255348303703
0.00046542956891317547,0.02486750917244191,0.0004327127183618497,1.2140527765596014
0.000465524438372799,0.024862441410230286,0.0004809591168463423,1.2824872960443598
0.00046561930783242255,0.024857375713121438,0.0006613093936717123,1.146172776691988
0.0004657141772920461,0.02485231207985333,0.0006195232462978742,1.3184947088813939
0.00046580904675166967,0.024847250509164972,0.00047860689511882636,1.0858429839515564
0.00046590391621129324,0.024842190999796374,0.0006058810074421552,0.7953230744895234
0.0004659987856709168,0.0248371335504886,0.00036774782118523025,0.8918012150081662
0.00046609365513054036,0.024832078159983714,0.0005323465796852657,0.8570115370696608
0.00046618852459016393,0.024827024827024827,0.0007277315618088683,0.9520009928407484
0.0004662833940497875,0.024821973550356053,0.00046377943266622467,1.2175593496764032
0.00046637826350941105,0.02481692432872254,0.0003772119169944761,0.9854709989787782
0.00046647313296903456,0.024811877160870452,0.0004580479802261339,1.1508756605835913
0.00046656800242865813,0.024806832045546973,0.0005284522609584073,0.9514663560666073
0.0004666628718882817,0.024801788981500306,0.0005513142191834952,0.9478163660331812
0.00046675774134790525,0.024796747967479677,0.0006083647142731829,0.8626903308108118
0.0004668526108075288,0.024791709002235318,0.00046548096444584247,1.3175090006370196
0.0004669474802671524,0.024786672084518492,0.0004028130633191202,1.2426236038708889
0.00046704234972677595,0.024781637213081454,0.000530408459361678,1.0775651580037249
0.0004671372191863995,0.0247766043866775,0.0005437122930373934,1.2907850338324867
0.0004672320886460231,0.024771573604060914,0.0003674289858740008,1.3769999233682648
0.0004673269581056466,0.02476654486398701,0.000400082289925456,0.9417603445042192
0.00046742182756527015,0.0247615181652121,0.000567339797784848,1.2698273046791717
0.0004675166970248937,0.02475649350649351,0.0006041974705554215,0.9016513343690604
0.0004676115664845173,0.024751470886589574,0.000632057056121961,0.6806445284566471
0.00046770643594414084,0.024746450304259638,0.0005064639032278226,1.0605131940307568
0.0004678013054037644,0.024741431758264043,0.0006148569259171524,1.1514999871006588
0.00046789617486338796,0.02473641524736415,0.0004053363415251891,1.1310737118437293
0.00046799104432301153,0.02473140077032232,0.0006262577500140564,1.0048792529267287
0.0004680859137826351,0.024726388325901908,0.0006186602991861851,0.9262473401385125
0.00046818078324225866,0.024721377912867274,0.00036703349211255796,0.7596295191019204
0.00046827565270188216,0.02471636952998379,0.0006008247899739358,1.0878317238568498
0.00046837052216150573,0.02471136317601783,0.0005343152313069291,1.1924578122721627
0.0004684653916211293,0.02470635884973674,0.00034455088411513483,0.9659990320146454
0.00046856026108075286,0.02470135654990889,0.00020721037114013213,0.9330049141670483
0.0004686551305403764,0.024696356275303647,0.0005487917436735177,1.0987639751108667
0.00046875,0.02469135802469136,0.0005404759644528091,1.1039680027524492
0.00046884486945962355,0.024686361796843387,0.0006015382536415732,1.148435786987844
0.0004689397389192471,0.024681367590532063,0.00043880434143380765,1.1799657431197277
0.0004690346083788707,0.024676375404530746,0.00041691816465946375,1.0121178302232587
0.0004691294778384942,0.024671385237613756,0.0004004931846322562,1.0436273695680982
0.00046922434729811775,0.024666397088556412,0.00046777638433207413,0.9072535277669139
0.0004693192167577413,0.024661410956135034,0.0006789814483846293,1.2491112111068576
0.0004694140862173649,0.024656426839126923,0.0005358806703010513,1.2002643374083235
0.00046950895567698844,0.024651444736310365,0.00021763943439001237,1.2180948603629538
0.000469603825136612,0.024646464646464646,0.0005646595859887812,0.879819629803617
0.00046969869459623556,0.02464148656837003,0.00026345054317558186,1.075513468134319
0.00046979356405585913,0.024636510500807753,0.0005000945478857284,1.1995751774260444
0.0004698884335154827,0.024631536442560064,0.0003132277826497036,0.8012161311581267
0.00046998330297510626,0.024626564392410174,0.0005616397612121372,1.1923909982690664
0.00047007817243472977,0.02462159434914228,0.00041421170222597897,0.7046832064926105
0.00047017304189435333,0.024616626311541566,0.00047188485839402133,0.5797621407638504
0.0004702679113539769,0.02461166027839419,0.0004444024975373556,0.6166998354285524
0.00047036278081360046,0.024606696248487298,0.0005602921177647331,1.3990163813912195
0.000470457650273224,0.024601734220608993,0.00037576510088998275,0.9520910811733475
0.0004705525197328476,0.02459677419354839,0.000549133423079222,1.1094471746225336
0.00047064738919247115,0.024591816166095543,0.00048716048279504986,1.0322608149863577
0.0004707422586520947,0.024586860137041516,0.0005087295154966568,1.006359398065278
0.0004708371281117183,0.024581906105178318,0.00039916949529369224,0.8590655021698705
0.00047093199757134184,0.024576954069298954,0.0005332318472436346,1.2113120446169794
0.00047102686703096535,0.024572004028197387,0.0004178972636324385,0.5193978012259513
0.0004711217364905889,0.02456705598066855,0.0004846320936597814,0.9798918414681208
0.0004712166059502125,0.024562109925508356,0.0004123444203324928,1.143890487765205
0.00047131147540983604,0.024557165861513686,0.00043046800253688356,1.0171656008224936
0.0004714063448694596,0.024552223787482393,0.0005239678469277592,1.1223033995283118
0.00047150121432908317,0.02454728370221328,0.0004813232095569052,0.9310464040686995
0.00047159608378870673,0.024542345604506136,0.0007019934189608677,1.1206056351395892
0.0004716909532483303,0.024537409493161702,0.0004632595695929552,1.0621129328601948
0.00047178582270795386,0.024532475366981703,0.00041016407959386825,1.0185500281520397
0.00047188069216757737,0.0245275432247688,0.0005370874622553284,0.9269913760768683
0.00047197556162720093,0.024522613065326635,0.000405454568769768,0.6597077627491255
0.0004720704310868245,0.02451768488745981,0.00041116220256916437,1.234824668296842
0.00047216530054644806,0.024512758689973883,0.000508331303076386,1.0073244757299682
0.0004722601700060716,0.024507834471675375,0.0004571517401229374,1.1780903221387418
0.0004723550394656952,0.024502912231371764,0.0005771766729468122,0.7097820656092049
0.00047244990892531875,0.024497991967871488,0.0006082393308729298,1.306735723400901
0.0004725447783849423,0.024493073679983938,0.0006106636271045581,1.2371561024409838
0.0004726396478445659,0.024488157366519468,0.0005517954579756396,0.9765981495843084
0.00047273451730418944,0.024483243026289382,0.0006694845335984222,0.8543560503953801
0.00047282938676381295,0.02447833065810594,0.0004887858998252486,1.0978920346699963
0.0004729242562234365,0.02447342026078235,0.0004545793761311339,1.3688793041741762
0.0004730191256830601,0.024468511833132773,0.0004360824471156585,1.1736613123923783
0.00047311399514268364,0.02446360537397233,0.0005255568375063964,1.149385426788996
0.0004732088646023072,0.024458700882117084,0.0005446889069920112,0.8652367970413619
0.00047330373406193077,0.024453798356384046,0.0005074440139706249,0.7935102834281651
0.00047339860352155433,0.024448897795591184,0.000367506593372251,0.9968844738026592
0.0004734934729811779,0.0244439991985574,0.0005026019759423338,1.2123442757267855
0.00047358834244080146,0.024439102564102564,0.00033401827416503643,1.2793365320331025
0.00047368321190042497,0.02443420789104747,0.00027724226704566035,1.1087108780231791
0.00047377808136004853,0.024429315178213857,0.0005739896276029233,0.6487367742659488
0.0004738729508196721,0.024424424424424426,0.00035511711185640604,1.2860793978193472
0.00047396782027929566,0.0244195356285028,0.0005405342548563454,1.3029998017951447
0.0004740626897389192,0.024414648789273564,0.0004012258176824381,1.0593906569190719
0.0004741575591985428,0.024409763905562227,0.0005626442803807808,1.0945834046902703
0.00047425242865816635,0.024404880976195243,0.0004841686307046829,0.7100532429758213
0.0004743472981177899,0.024399999999999998,0.0006066256179160995,0.9176590251694481
0.0004744421675774135,0.024395120975804836,0.00040958144827446,0.7935392467014865
0.00047453703703703704,0.024390243902439025,0.0005537018309193999,0.6840125952701808
0.00047463190649666055,0.024385368778732763,0.0005174691258684272,0.625574465093722
0.0004747267759562841,0.02438049560351719,0.0005364944505727289,1.039557010549324
0.0004748216454159077,0.024375624375624377,0.0005245825540397264,1.145287395835353
0.00047491651487553124,0.024370755093887333,0.00032159269846012106,1.6048846982414748
0.0004750113843351548,0.024365887757140006,0.0005409630278405556,1.0581112621988982
0.00047510625379477837,0.02436102236421725,0.00025458735834492076,0.7986373174989888
0.00047520112325440193,0.024356158913954883,0.0006291118775916112,0.7841447529796061
0.0004752959927140255,0.02435129740518962,0.0004344050152924016,0.8678388541909234
0.00047539086217364906,0.02434643783675913,0.00048157023780373125,0.9973100679725082
0.0004754857316332726,0.024341580207501996,0.00039646486883568473,1.2740682747268703
0.00047558060109289613,0.02433672451625773,0.0005209094551610453,0.7782610683103095
0.0004756754705525197,0.024331870761866776,0.0005530131020384018,1.1938706482467325
0.00047577034001214326,0.024327018943170492,0.0006947909557509744,1.1751956245926158
0.0004758652094717668,0.024322169059011165,0.0004921836794713568,0.7900751925137909
0.0004759600789313904,0.024317321108232013,0.0003692682446735272,0.9084269025255358
0.00047605494839101395,0.02431247508967716,0.000549914769888721,0.7816173322844236
0.0004761498178506375,0.02430763100219167,0.00046352068446903953,1.0328662559030277
0.0004762446873102611,0.024302788844621514,0.00041107470054778974,0.9051601113322271
0.00047633955676988464,0.024297948615813584,0.00033132008304560736,1.309551142474452
0.00047643442622950815,0.02429311031461569,0.0005604943384562968,0.8516941604176054
0.0004765292956891317,0.02428827393987657,0.0003354710717620212,0.9103448894052599
0.0004766241651487553,0.02428343949044586,0.0006882792884772305,1.0992080206383479
0.00047671903460837884,0.02427860696517413,0.0005151335297500629,0.9250851140363232
0.0004768139040680024,0.024273776362912853,0.0004950464048100262,1.0708059357467097
0.00047690877352762597,0.024268947682514422,0.00042507607599268326,0.9958330989349722
0.00047700364298724953,0.024264120922832144,0.000406470554282413,0.8603136020984956
0.0004770985124468731,0.024259296082720226,0.0004432707425194554,1.1111840071301529
0.00047719338190649666,0.0242544731610338,0.0003941084059130301,1.193366558906887
0.0004772882513661202,0.024249652156628897,0.0002702227226962909,0.896445820076466
0.00047738312082574373,0.024244833068362483,0.00042089721684697337,1.0080497747090869
0.0004774779902853673,0.024240015895092393,0.0004415019465177875,0.9227314859784915
0.00047757285974499086,0.024235200635677395,0.0006278949744172763,1.1492959332278698
0.0004776677292046144,0.024230387288977164,0.0005140058938349296,1.173636811397849
0.000477762598664238,0.024225575853852262,0.0003961891884130236,1.1624035852948365
0.00047785746812386155,0.024220766329164187,0.0004601161111566701,0.7042029333272782
0.0004779523375834851,0.02421595871377531,0.00036564539820463924,0.8443537092622286
0.0004780472070431087,0.02421115300654892,0.00042601710276473086,1.0972037119056812
0.00047814207650273224,0.024206349206349207,0.0004648439788468673,1.2013265324993265
0.00047823694596235575,0.024201547312041268,0.000549358367143681,1.0592821761334261
0.0004783318154219793,0.02419674732249108,0.0003845682949570739,1.102456254892378
0.0004784266848816029,0.024191949236565542,0.0005404586541038458,0.7924687396725993
0.00047852155434122644,0.024187153053132435,0.0006795095379789378,0.8493749370027736
0.00047861642380085,0.02418235877106046,0.0004999165963764594,1.3147466847880442
0.00047871129326047357,0.024177566389219182,0.00037229230471928445,0.8723504631756316
0.00047880616272009713,0.0241727759064791,0.0004941752271133071,1.0560841044602474
0.0004789010321797207,0.024167987321711572,0.00044030937395521044,0.9109021212090906
0.00047899590163934426,0.024163200633788868,0.00048360074857922616,0.9569182927679521
0.0004790907710989678,0.02415841584158416,0.00028045537804167314,1.0348492616149239
0.00047918564055859133,0.024153632943971493,0.00044988156077205413,1.1819438150105932
0.0004792805100182149,0.024148851939825813,0.0005291566228369447,1.0605166129282244
0.00047937537947783846,0.024144072828022962,0.00046322669557895594,1.319141825694951
0.000479470248937462,0.024139295607439652,0.0004993475781043817,1.0910532576646454
0.0004795651183970856,0.024134520276953512,0.00022545480069174136,1.1350291426984787
0.00047965998785670915,0.024129746835443038,0.0004657678678971241,1.074451760263503
0.0004797548573163327,0.024124975281787624,0.00046738627479134015,1.2247429869058757
0.0004798497267759563,0.024120205614867538,0.00040566328887727476,0.8062391420983828
0.00047994459623557984,0.024115437833563947,0.00038929387287862444,1.0353196406341678
0.0004800394656952034,0.024110671936758893,0.0006321842065488744,1.060049077559891
0.0004801343351548269,0.024105907923335314,0.0006632669697184079,0.839593455000532
0.0004802292046144505,0.02410114579217701,0.0004121604625869018,0.7758736492436342
0.00048032407407407404,0.024096385542168676,0.0005549959120348235,0.784968344412276
0.0004804189435336976,0.02409162717219589,0.0005787892615011976,0.6698152272366873
0.00048051381299332117,0.024086870681145112,0.0004626542789084246,1.0440144447087714
0.00048060868245294473,0.024082116067903673,0.00043754761014947857,1.052276651139687
0.0004807035519125683,0.024077363331359777,0.0005134168065208048,1.0948181809068955
0.00048079842137219186,0.024072612470402526,0.0005239142080261807,1.1031701964876997
0.0004808932908318154,0.024067863483921877,0.0005242374067951149,1.3562702987772257
0.00048098816029143893,0.024063116370808685,0.00036612166038361234,1.0506798363738765
0.0004810830297510625,0.024058371129954643,0.00058216769147889,1.0734112119232897
0.00048117789921068606,0.024053627760252366,0.00047049485227055254,1.239988807114652
0.0004812727686703096,0.02404888626059531,0.0006391259983543885,1.2581254827540838
0.0004813676381299332,0.024044146629877812,0.0005463345205160959,0.8575515051134006
0.00048146250758955675,0.024039408866995075,0.0005345120584083413,1.435060808571347
0.0004815573770491803,0.024034672970843184,0.00032156753644498883,0.8924135861581235
0.0004816522465088039,0.024029938940319084,0.0003899124534864497,1.2638702430291193
0.00048174711596842744,0.024025206774320598,0.0003333706220299613,1.2937694186670183
0.000481841985428051,0.024020476471746405,0.00048540060463446054,1.4529208966334017
0.0004819368548876745,0.024015748031496066,0.00046245243836477755,0.8243869396477428
0.0004820317243472981,0.02401102145246999,0.00040843481150479094,0.5898883542585028
0.00048212659380692164,0.024006296733569462,0.0005126871105002208,1.2986117347127117
0.0004822214632665452,0.024001573873696638,0.0005229975050233987,0.960101496022623
0.00048231633272616877,0.023996852871754525,0.0005842902058466351,0.8583777484212989
0.00048241120218579233,0.023992133726647002,0.0004368407825223073,1.0571352167832144
0.0004825060716454159,0.023987416437278808,0.0005168901322053784,0.9194953924287159
0.00048260094110503946,0.023982701002555534,0.00046449730368576905,1.1869913070727924
0.000482695810564663,0.023977987421383646,0.0004959285968295955,1.262824545867125
0.00048279068002428653,0.02397327569267047,0.0003557952392957836,0.9064031085195612
0.0004828855494839101,0.023968565815324167,0.0005073903679141008,0.9656779350607132
0.00048298041894353366,0.023963857788253783,0.0005121401533538321,0.7478647253873018
0.0004830752884031572,0.02395915161036921,0.0005056446700618232,1.1582210447133143
0.0004831701578627808,0.023954447280581194,0.0003668020122418872,0.9452366750486415
0.00048326502732240435,0.023949744797801337,0.00051405332235968,1.1361385583336372
0.0004833598967820279,0.023945044160942102,0.000580608677802118,1.0300278235694278
0.0004834547662416515,0.023940345368916798,0.0006174602868322405,1.3080245521204472
0.00048354963570127504,0.023935648420639593,0.0005770835537297623,1.1764317908540762
0.0004836445051608986,0.0239309533150255,0.0005447767301044198,1.1211258632109542
0.0004837393746205221,0.02392626005099039,0.0004244713859374312,0.6927795776215379
0.0004838342440801457,0.02392156862745098,0.0004803324912936503,0.8655830182444929
0.00048392911353976924,0.02391687904332484,0.00036189980130697466,1.0113455653643117
0.0004840239829993928,0.02391219129753038,0.0003694149990480798,1.0546528977109724
0.00048411885245901637,0.023907505388986873,0.0002882351651657678,0.7594082570614864
0.00048421372191863993,0.023902821316614423,0.0005077705682966496,0.8381039892747643
0.0004843085913782635,0.02389813907933399,0.0003778348004817923,1.108407447406873
0.00048440346083788706,0.023893458676067368,0.0004401236219027461,1.0584893498953052
0.0004844983302975106,0.023888780105737223,0.0005543209222815581,0.9569547429282662
0.0004845931997571342,0.02388410336726703,0.000487377531844961,1.1003304457454504
0.0004846880692167577,0.023879428459581135,0.0004412193401746192,0.9050088561769065
0.00048478293867638126,0.023874755381604697,0.00045333369235292504,1.108039353691131
0.0004848778081360048,0.02387008413226375,0.00042863004576293494,1.1124771144965102
0.0004849726775956284,0.02386541471048513,0.0004593549491308372,1.0583128256147047
0.00048506754705525195,0.023860747115196562,0.0004517945650211443,1.0145264354560217
0.0004851624165148755,0.023856081345326553,0.00047282865283380433,0.9210861505400557
0.0004852572859744991,0.0238514173998045,0.000539338220850492,1.136492079412812
0.00048535215543412264,0.023846755277560593,0.00056245139147806,1.1629098347365805
0.0004854470248937462,0.023842094977525895,0.0005588284277118868,0.8392595961411708
0.0004855418943533697,0.02383743649863228,0.00039655098107848556,1.073570418314712
0.0004856367638129933,0.023832779839812468,0.0005799085794856807,1.0029239698331345
0.00048573163327261684,0.023828125,0.00042383095244608027,0.9221476286839094
0.0004858265027322404,0.023823471978129274,0.0006080024879744826,1.0646776410099725
0.00048592137219186397,0.023818820773135494,0.00042147307939108486,1.2009567631508227
0.00048601624165148753,0.023814171383954714,0.0004899419278010232,1.1002939393606757
0.0004861111111111111,0.02380952380952381,0.000505543338995134,0.831102482117961
0.00048620598057073466,0.02380487804878049,0.00047244089325840927,1.1700334713606628
0.0004863008500303582,0.023800234100663283,0.0003890007496057387,1.1872657402543367
0.0004863957194899818,0.023795591964111566,0.00037878424539085077,0.5237130735888543
0.0004864905889496053,0.023790951638065525,0.0004948462356460628,0.8323083748709099
0.00048658545840922886,0.023786313121466174,0.00039412203733446474,1.0756956238505357
0.0004866803278688524,0.023781676413255362,0.0005315441797590233,1.2654224282103212
0.000486775197328476,0.023777041512375755,0.0004640954672976134,1.1864090833326717
0.00048687006678809955,0.02377240841777085,0.00043691559684748296,1.07648874646061
0.0004869649362477231,0.023767777128384963,0.000543150842051568,1.1454134922120554
0.0004870598057073467,0.023763147643163226,0.0005634121858462051,0.9601130269577194
0.00048715467516697024,0.023758519961051605,0.0005081637254748673,1.1776755335433928
0.0004872495446265938,0.023753894080996887,0.0004295881229887578,1.1367677003146683
0.0004873444140862173,0.02374927000194666,0.00034988356762314147,0.9511974584498946
0.0004874392835458409,0.023744647722849357,0.0004034423026310538,0.7877959641849442
0.00048753415300546444,0.023740027242654213,0.00046725374054155217,0.9008007368884767
0.000487629022465088,0.023735408560311286,0.0004188081269766506,1.0907835487435178
0.00048772389192471157,0.023730791674771445,0.0004574914011219531,1.1106329640193358
0.00048781876138433513,0.023726176584986387,0.0003939352673514606,1.1306171448600189
0.0004879136308439587,0.023721563289908612,0.0005919487699967346,0.8504427559098129
0.00048800850030358226,0.023716951788491446,0.000502892963313178,0.9911604331856851
0.0004881033697632058,0.02371234207968902,0.0005013714999515907,1.0571437435492554
0.0004881982392228294,0.02370773416245628,0.0003833214267212812,0.9017211920114849
0.0004882931086824529,0.023703128035748984,0.00034917821204738997,1.1666712687222816
0.0004883879781420765,0.0236985236985237,0.0003891060816500322,1.125615485479001
0.0004884828476017,0.023693921149737816,0.0004933585016125334,1.0871357107919593
0.0004885777170613236,0.023689320388349512,0.00043105306375084546,1.0220830462300408
0.0004886725865209472,0.023684721413317806,0.00048092583623873813,0.9324301414221846
0.0004887674559805707,0.023680124223602488,0.0003824031766942566,0.9131832869546177
0.0004888623254401943,0.023675528818164177,0.00034627689200784076,0.9595329365949204
0.0004889571948998178,0.0236709351959643,0.0005427612922140022,0.9709366898250361
0.0004890520643594414,0.023666343355965083,0.000559282006588779,0.9955924495085827
0.0004891469338190649,0.02366175329712956,0.00045156795501888027,1.29482679849691
0.0004892418032786885,0.02365716501842156,0.00045406366172108374,0.8979783274536048
0.000489336672738312,0.023652578518805742,0.0005218674339114535,0.9960573697377131
0.0004894315421979357,0.023647993797247528,0.000467130769621727,0.9989572591026709
0.0004895264116575592,0.023643410852713178,0.0004948385096570605,1.0282759746723291
0.0004896212811171827,0.02363882968416974,0.0004185438749239652,0.9332375753641339
0.0004897161505768063,0.023634250290585048,0.00038281664654126135,0.6530051639494175
0.0004898110200364298,0.02362967267092776,0.0004482808470150189,0.9683461800588827
0.0004899058894960534,0.023625096824167312,0.0005256391695789787,0.9208065585379408
0.0004900007589556769,0.023620522749273964,0.0005005035192606294,0.94996089051194
0.0004900956284153006,0.023615950445218737,0.0003899100822565586,1.3682103762195426
0.0004901904978749241,0.023611379910973486,0.0003574184609476224,1.102037272116105
0.0004902853673345477,0.023606811145510834,0.0005908833343605802,1.1126421833359061
0.0004903802367941712,0.023602244147804218,0.0005021592364291473,0.9420088781756435
0.0004904751062537948,0.023597678916827854,0.0004143507107907536,1.0146492364229651
0.0004905699757134183,0.02359311545155676,0.00041830119399913505,1.0568638948223052
0.0004906648451730418,0.023588553750966745,0.00043858748677347563,1.0665559018904016
0.0004907597146326654,0.02358399381403441,0.0005544055213936428,1.0497645273424663
0.000490854584092289,0.02357943563973715,0.00034187240741608666,0.8531967479725374
0.0004909494535519126,0.02357487922705314,0.0004066039065836098,1.0937067654346404
0.0004910443230115361,0.023570324574961363,0.0004586183017566841,1.113789522342532
0.0004911391924711597,0.023565771682441568,0.0005989154404338121,1.0015247237874862
0.0004912340619307832,0.023561220548474315,0.00045701625471063494,0.8260505425638712
0.0004913289313904068,0.02355667117204093,0.0004886231869873981,0.8696988852547795
0.0004914238008500303,0.023552123552123553,0.0005037328654816504,1.0951222350216658
0.0004915186703096538,0.02354757768770508,0.0003877948358075277,1.1508146389215455
0.0004916135397692775,0.023543033577769202,0.00044948461800755853,0.833760139794745
0.000491708409228901,0.02353849122130041,0.0004079611624961103,0.9841584639518511
0.0004918032786885246,0.02353395061728395,0.00040618903355741785,1.072070080987159
0.0004918981481481481,0.023529411764705885,0.000367700987267057,1.1340513965910721
0.0004919930176077717,0.023524874662553028,0.00045717847098936094,1.215072734151174
0.0004920878870673952,0.023520339309812996,0.00039463543018019345,1.1107353800056428
0.0004921827565270188,0.02351580570547417,0.000497215827638155,0.9663874477192042
0.0004922776259866424,0.023511273848525728,0.000486260449625322,1.1670241225869395
0.0004923724954462659,0.023506743737957615,0.0003237855826068784,0.987531826909826
0.0004924673649058895,0.023502215372760548,0.0003658147615676641,0.7297723001730141
0.000492562234365513,0.023497688751926045,0.0004108542880915708,0.8301300772068677
0.0004926571038251366,0.02349316387444637,0.0004568720022775731,0.9397354317290156
0.0004927519732847601,0.023488640739314594,0.00042781436364711957,1.0376931936140585
0.0004928468427443837,0.023484119345524544,0.0004486035805940981,0.9615613693650227
0.0004929417122040072,0.023479599692070825,0.0005029502999930475,0.7765700486815433
0.0004930365816636309,0.023475081777948815,0.00043126737270115134,0.9703191279781525
0.0004931314511232544,0.023470565602154676,0.0005661009253662163,0.9933381465833292
0.000493226320582878,0.02346605116368532,0.0004310743095565291,0.989616987232035
0.0004933211900425015,0.02346153846153846,0.0005268936636060964,0.873833925600421
0.000493416059502125,0.023457027494712557,0.00025705395778414527,0.8508535860953728
0.0004935109289617486,0.023452518262206845,0.0004781197611147579,0.9866582480342708
0.0004936057984213721,0.02344801076302134,0.0005005823508762473,1.0171293223189353
0.0004937006678809958,0.023443504996156803,0.0005514928418420328,0.9399372341462651
0.0004937955373406193,0.023439000960614798,0.00047364417199639896,0.9721991463169196
0.0004938904068002429,0.023434498655397616,0.00046465091535353217,0.9328325861266635
0.0004939852762598664,0.023429998079508355,0.00040331373295633043,0.8982849941947133
0.00049408014571949,0.023425499231950846,0.00034949704530425914,1.0334303299343206
0.0004941750151791135,0.023421002111729698,0.0003360674300344459,0.9850291044133013
0.000494269884638737,0.02341650671785029,0.00043348275034137454,0.9016102380424534
0.0004943647540983606,0.02341201304931875,0.0004926764321434053,0.8628807761445907
0.0004944596235579842,0.023407521105141983,0.0004900006681594476,0.9836136288865162
0.0004945544930176078,0.02340303088432764,0.0004491599071096975,0.9134595866991784
0.0004946493624772313,0.02339854238588416,0.0004335386343049029,1.2123770664749522
0.0004947442319368549,0.02339405560882071,0.0005330227610421712,1.0050403528138259
0.0004948391013964784,0.023389570552147243,0.00040831065798487324,0.7020536202182873
0.000494933970856102,0.023385087214874447,0.00045991197736468557,0.7698807592989152
0.0004950288403157255,0.0233806055960138,0.00033876535396254324,1.0677891309697833
0.000495123709775349,0.02337612569457751,0.0003521555443034243,0.9345717363169992
0.0004952185792349727,0.023371647509578545,0.00033221311469071275,0.8945055303674164
0.0004953134486945962,0.023367171040030648,0.0005294600015085962,0.9968442918310652
0.0004954083181542198,0.023362696284948296,0.00048580147187550553,0.8788081705688564
0.0004955031876138433,0.02335822324334674,0.0003826297882374895,1.1308540878963722
0.0004955980570734669,0.02335375191424196,0.00043815066878119275,0.8799259020530477
0.0004956929265330904,0.02334928229665072,0.00047508686279358923,1.1152505952597833
0.000495787795992714,0.023344814389590508,0.0004888960537895005,1.0270892820387676
0.0004958826654523376,0.02334034819207959,0.0005212824507302375,1.0971807435974288
0.0004959775349119611,0.02333588370313696,0.0005236167397332514,1.055312348731162
0.0004960724043715847,0.023331420921782368,0.0003683556297670351,1.093304929599907
0.0004961672738312082,0.02332695984703633,0.00046058751073107244,0.8605979894963064
0.0004962621432908318,0.023322500477920092,0.0005018537306653714,1.1740482040601994
0.0004963570127504553,0.023318042813455658,0.000509831969291115,1.1711699978529577
0.0004964518822100789,0.023313586852665776,0.000490622890910969,0.7662099285754268
0.0004965467516697024,0.023309132594573942,0.0004679876788664207,0.8850783679119655
0.0004966416211293261,0.023304680038204392,0.0004106180789774113,0.8812027845973379
0.0004967364905889496,0.023300229182582125,0.0005193220078621698,1.0568046991175601
0.0004968313600485732,0.02329578002673286,0.0004999397735494189,0.9409278570132875
0.0004969262295081967,0.023291332569683087,0.0004422518564881942,1.165651027151551
0.0004970210989678202,0.023286886810460015,0.000358098704129612,0.8948173022525646
0.0004971159684274438,0.023282442748091603,0.00033874093787066196,1.2368588845584623
0.0004972108378870673,0.023278000381606566,0.000564647954193012,1.0064772535810087
0.000497305707346691,0.023273559710034336,0.0004017018321538784,1.35615238916791
0.0004974005768063145,0.023269120732405113,0.00037605678035950016,0.9382446284169899
0.0004974954462659381,0.023264683447749807,0.0004019383348354439,0.9651881504846448
0.0004975903157255616,0.023260247855100096,0.0005667960398641296,0.9766216611491543
0.0004976851851851852,0.023255813953488372,0.00020971567674077355,1.27552540084789
0.0004977800546448087,0.02325138174194778,0.0004209144716198507,0.8374105724446715
0.0004978749241044322,0.0232469512195122,0.00047043051296774877,0.9922534081342615
0.0004979697935640558,0.023242522385216232,0.0005088955093247794,0.9255976131914249
0.0004980646630236794,0.023238095238095238,0.000319203778950513,0.91964486276738
0.000498159532483303,0.023233669777185297,0.0004915761631620665,1.071657598525861
0.0004982544019429265,0.02322924600152323,0.000509725228440512,0.6535862068418934
0.0004983492714025501,0.02322482391014658,0.0004528922098229008,0.8304725349458106
0.0004984441408621736,0.023220403502093645,0.0004878016737695966,0.714858942063217
0.0004985390103217972,0.023215984776403423,0.00046841304650105565,0.9032540283731485
0.0004986338797814207,0.02321156773211568,0.00045816049707075087,0.9676279088245486
0.0004987287492410442,0.02320715236827088,0.0004363947976704956,1.1316976270368402
0.0004988236187006679,0.02320273868391023,0.0004696459560108013,0.9200903404355992
0.0004989184881602914,0.02319832667807568,0.0004966645171945877,1.0127727819636645
0.000499013357619915,0.023193916349809888,0.0005013987130302497,1.1259668575258939
0.0004991082270795385,0.023189507698156246,0.000513357757827894,0.8954560382202162
0.0004992030965391621,0.023185100722158875,0.0004328861043538289,1.2649020463163803
0.0004992979659987856,0.023180695420862627,0.0003828066231655852,1.1608707140285932
0.0004993928354584092,0.02317629179331307,0.000489698537085447,0.9003864213310446
0.0004994877049180328,0.023171889838556507,0.0005285966017065209,1.0902635138907708
0.0004995825743776564,0.023167489555639954,0.00046050865954904037,0.8773513376869707
0.0004996774438372799,0.023163090943611162,0.0003764234448408778,1.0733596557102336
0.0004997723132969034,0.023158694001518605,0.00042187819636730435,0.9766410265099129
0.000499867182756527,0.023154298728411463,0.0005356700762740566,1.0423743380512815
0.0004999620522161505,0.023149905123339663,0.0004924442051704969,0.9221240368774818
0.0005000569216757741,0.023145513185353822,0.0003667506284606414,1.0217734942258014
0.0005001517911353976,0.023141122913505313,0.00045230751633232547,0.8039279846159647
0.0005002466605950213,0.023136734306846197,0.0004457732070724787,1.0825764235869177
0.0005003415300546448,0.023132347364429276,0.0004675533637984809,1.0430196260100717
0.0005004363995142684,0.023127962085308054,0.0005774324692296348,0.9861089500516752
0.0005005312689738919,0.02312357846853677,0.0005010320027651011,0.7520282044480299
0.0005006261384335154,0.023119196513170365,0.00035675689024064277,0.9675515096486557
0.000500721007893139,0.023114816218264497,0.0005205417844716925,0.8140841381623688
0.0005008158773527625,0.023110437582875547,0.0004824206580695447,0.96139574426221
0.0005009107468123862,0.023106060606060606,0.0004967127991147673,0.7833980936893669
0.0005010056162720097,0.023101685286877487,0.00045351265353899933,0.8863634078139284
0.0005011004857316333,0.023097311624384703,0.00048172714560656185,1.0929143119041567
0.0005011953551912568,0.023092939617641493,0.00043672485417372837,0.9988519531193203
0.0005012902246508804,0.023088569265707796,0.000598012311696405,1.1195154176542146
0.0005013850941105039,0.023084200567644278,0.0004901603997089886,0.9884989858072349
0.0005014799635701274,0.023079833522512302,0.0004146777827300736,1.204503599397055
0.000501574833029751,0.023075468129373937,0.00040336300544737514,0.9173209429430614
0.0005016697024893746,0.023071104387291985,0.0004313278666633368,0.7615742506938963
0.0005017645719489982,0.02306674229532993,0.0005179399556962789,0.9816085962288478
0.0005018594414086217,0.023062381852551987,0.0003853830399870946,0.9756088049422796
0.0005019543108682453,0.023058023058023056,0.00043376328583671697,1.0716473007598706
0.0005020491803278688,0.02305366591080877,0.0004090253034004605,1.0120527996131043
0.0005021440497874924,0.02304931040997544,0.00037279011834085476,1.0980836305474195
0.0005022389192471159,0.023044956554590105,0.0004979528123347076,0.8762171388031954
0.0005023337887067396,0.02304060434372049,0.00038295755481798573,0.9683105319478177
0.0005024286581663631,0.023036253776435048,0.0004417023491298941,1.0703119252531474
0.0005025235276259866,0.02303190485180291,0.00045817034275154116,0.9576883706783444
0.0005026183970856102,0.023027557568893922,0.0003797283807610134,0.8998795886462752
0.0005027132665452337,0.023023211926778638,0.00043708762541613203,0.9155865893463864
0.0005028081360048573,0.023018867924528303,0.0003959599909469475,0.9906676263057709
0.0005029030054644808,0.023014525561214867,0.0003525154713264842,1.066574362966171
0.0005029978749241044,0.023010184835910975,0.00043704085230953835,1.0673113264637355
0.000503092744383728,0.023005845747689987,0.0004890438476434872,0.9628490636395985
0.0005031876138433516,0.02300150829562594,0.0005394418125274734,1.0573594545628484
0.0005032824833029751,0.02299717247879359,0.0004787330734399327,1.2086091421802676
0.0005033773527625986,0.02299283829626838,0.000537162541376839,0.9720758808709811
0.0005034722222222222,0.022988505747126436,0.00044507464837694653,0.7505688931775429
0.0005035670916818457,0.022984174830444615,0.00038415206250857234,0.8795822322547416
0.0005036619611414693,0.022979845545300432,0.00045181427349670156,1.0114818463584256
0.0005037568306010928,0.02297551789077213,0.0004398338732150397,1.137750850745484
0.0005038517000607165,0.022971191865938618,0.0004191133328187367,0.8940130685010159
0.00050394656952034,0.02296686746987952,0.0005024284580705271,0.8829432456496673
0.0005040414389799636,0.022962544701675136,0.00051612242322048,1.190675596104776
0.0005041363084395871,0.022958223560406475,0.0004650695256551436,1.0135755662698929
0.0005042311778992106,0.022953904045155224,0.0003529756628489655,1.0279658585233478
0.0005043260473588342,0.022949586155003764,0.0004283314854427997,0.7885572372994504
0.0005044209168184577,0.022945269889035173,0.0004022201442769354,0.8844879802037546
0.0005045157862780814,0.02294095524633321,0.00043719115140923316,1.1454937514527923
0.0005046106557377049,0.02293664222598233,0.00045109339290420506,1.074654988293462
0.0005047055251973285,0.02293233082706767,0.0004922016336905737,1.0524539969242352
0.000504800394656952,0.022928021048675064,0.000392471715671002,0.9827914369310264
0.0005048952641165756,0.022923712889891017,0.0003803074893288255,0.9974619451346904
0.0005049901335761991,0.022919406349802746,0.0004961860970635627,0.9679024097633006
0.0005050850030358226,0.022915101427498124,0.0004686773532788676,1.0178989216333558
0.0005051798724954462,0.02291079812206573,0.00037307065051323684,0.832111751527138
0.0005052747419550698,0.02290649643259482,0.0004398365721462219,0.9391177037745052
0.0005053696114146934,0.022902196358175333,0.000391820383662484,0.9783246548142207
0.0005054644808743169,0.0228978978978979,0.0004028794029549117,1.1318412943078098
0.0005055593503339405,0.022893601050853817,0.00035991408947544867,0.8597900280139174
0.000505654219793564,0.02288930581613509,0.0005692523840390384,1.1539254268031354
0.0005057490892531876,0.022885012192834363,0.0004954854555890974,0.8273028214425385
0.0005058439587128111,0.022880720180045014,0.0004928064754093137,1.016386500755618
0.0005059388281724348,0.02287642977686105,0.0005338829498953298,1.090369660117891
0.0005060336976320583,0.022872140982377206,0.00043124423649413055,1.2209690634755772
0.0005061285670916818,0.022867853795688852,0.00041865451718074384,1.053941657902082
0.0005062234365513054,0.022863568215892055,0.00040182493063800634,1.1098003061843147
0.0005063183060109289,0.02285928424208357,0.0004339295925064412,0.8309059859715536
0.0005064131754705525,0.02285500187336081,0.00045380458216234777,1.069144659983876
0.000506508044930176,0.02285072110882188,0.00046476066390056526,0.9412306013615285
0.0005066029143897996,0.022846441947565542,0.0004071589894540918,0.7503591385307407
0.0005066977838494232,0.022842164388691258,0.0005688370972464474,0.9321299328567433
0.0005067926533090468,0.02283788843129914,0.0004880635783873151,0.8397984493316607
0.0005068875227686703,0.02283361407448999,0.0004882745095020137,1.0452506404602948
0.0005069823922282938,0.022829341317365272,0.0003436570404802543,1.0859833058083912
0.0005070772616879174,0.022825070159027128,0.00044711154939248613,0.882846303043666
0.0005071721311475409,0.02282080059857838,0.0004881018593949122,0.976713372494633
0.0005072670006071645,0.0228165326351225,0.0004287842022625718,1.1631465534757355
0.000507361870066788,0.022812266267763653,0.00043014182075886277,0.9712993369494703
0.0005074567395264117,0.022808001495606654,0.000415432455315015,0.734579371959244
0.0005075516089860352,0.022803738317757012,0.00046290273419515694,0.9352840303382488
0.0005076464784456588,0.022799476733320875,0.0004450502595303975,0.8036037496027923
0.0005077413479052823,0.022795216741405083,0.0005301684257001907,0.9718722373353713
0.0005078362173649058,0.022790958341117135,0.0004895173120813174,0.8435715523702783
0.0005079310868245294,0.022786701531565187,0.00040771617415237164,1.0524887197323927
0.0005080259562841529,0.02278244631185808,0.0003998465271818499,1.080783800933808
0.0005081208257437766,0.022778192681105303,0.0004428229723873531,1.232992503568697
0.0005082156952034001,0.022773940638417027,0.0004964018006612352,1.0279421578277588
0.0005083105646630237,0.02276969018290407,0.0003857933994363599,1.105710866363188
0.0005084054341226472,0.022765441313677928,0.000456807482269342,1.0280948373053795
0.0005085003035822708,0.022761194029850745,0.00046177410501545556,0.7995284574839466
0.0005085951730418943,0.022756948330535348,0.0004826194859167547,0.9191033305379727
0.0005086900425015179,0.022752704214845206,0.0003596717297599779,0.8603930587912667
0.0005087849119611414,0.022748461681894462,0.00043007563346956454,0.7974506012082203
0.000508879781420765,0.022744220730797914,0.00047040537954921505,1.041453627635594
0.0005089746508803886,0.022739981360671017,0.00047164848161848876,0.7310107802881358
0.0005090695203400121,0.022735743570629893,0.0004776140897578821,1.0243911871393288
0.0005091643897996357,0.022731507359791316,0.00037038967508696815,0.8144245242983166
0.0005092592592592592,0.022727272727272728,0.0003350868766407263,1.8980734965716308
0.0005093541287188828,0.022723039672192212,0.00038404463400006566,1.0840721669200652
0.0005094489981785063,0.02271880819366853,0.00036034157495125964,0.9662956817933691
0.00050954386763813,0.022714578290821075,0.00043334702381867413,0.8900903532123008
0.0005096387370977535,0.02271034996276992,0.00042794118900947646,1.250088929551275
0.000509733606557377,0.022706123208635774,0.00038577168781155703,0.9991861072024542
0.0005098284760170006,0.022701898027540007,0.00042280693358535227,1.109377711421945
0.0005099233454766241,0.022697674418604652,0.0004368485305632259,1.2320875742799313
0.0005100182149362477,0.02269345238095238,0.00045876378089722904,0.958557069949137
0.0005101130843958712,0.02268923191370653,0.00045310759155713516,0.7936962622758456
0.0005102079538554948,0.022685013015991073,0.0003959195626331872,0.8869309876855469
0.0005103028233151184,0.02268079568693066,0.0004391236454554072,0.9082739892372286
0.000510397692774742,0.02267657992565056,0.0005288154918504038,1.0550284944608133
0.0005104925622343655,0.022672365731276716,0.0004469193602893837,0.8671324099075791
0.000510587431693989,0.022668153102935715,0.0003675063420507827,1.1471345804633908
0.0005106823011536126,0.022663942039754786,0.0003586586726003434,0.9861713002995726
0.0005107771706132361,0.022659732540861816,0.0004348402906023407,1.074240346208782
0.0005108720400728597,0.02265552460538533,0.00043892132700956623,0.6623108240545946
0.0005109669095324833,0.022651318232454514,0.0004354362506508896,1.0257488120088314
0.0005110617789921069,0.022647113421199183,0.00040648055839008365,0.9434603396529193
0.0005111566484517304,0.022642910170749816,0.00034628392001269544,1.0480891979478342
0.000511251517911354,0.02263870848023752,0.0004810123021785787,0.8577360925060558
0.0005113463873709775,0.022634508348794064,0.000449102449569414,0.7952020182683518
0.000511441256830601,0.02263030977555185,0.00035356413179981347,0.9311528041798511
0.0005115361262902246,0.022626112759643918,0.00039772608787617107,1.265042700000994
0.0005116309957498481,0.02262191730020397,0.00042238101771354997,1.0004477793260826
0.0005117258652094718,0.022617723396366335,0.00045060726682741065,0.8972754755191042
0.0005118207346690953,0.02261353104726599,0.000502125722343367,0.9717242923863397
0.0005119156041287189,0.02260934025203855,0.00040294903763906775,0.9169544232771879
0.0005120104735883424,0.022605151009820273,0.00037915943857024783,1.1403018853480469
0.000512105343047966,0.022600963319748053,0.0003123745193726695,1.05666685536014
0.0005122002125075895,0.022596777180959437,0.0004582323167760338,1.043841033760102
0.0005122950819672131,0.02259259259259259,0.00037468330160203014,1.0582032465080398
0.0005123899514268367,0.022588409553786336,0.0004568922898227175,0.9824333180680752
0.0005124848208864602,0.02258422806368012,0.00043613699293156,1.0077897166611585
0.0005125796903460838,0.02258004812141403,0.00045588895006723175,1.0766750669190452
0.0005126745598057073,0.022575869726128794,0.0004595374269520265,0.8441861880581757
0.0005127694292653309,0.02257169287696577,0.0005185122988602309,0.9556804126879046
0.0005128642987249544,0.022567517573066964,0.0003355403076821839,0.9102041392911511
0.000512959168184578,0.022563343813574995,0.00032200223886486376,0.883339960414195
0.0005130540376442015,0.02255917159763314,0.0004085784701800651,0.944389127443071
0.0005131489071038252,0.022555000924385282,0.0004752841393826275,1.1886384862602282
0.0005132437765634487,0.022550831792975973,0.0004516485153882577,1.099993273535771
0.0005133386460230722,0.022546664202550363,0.0003663346324395482,1.028359907963165
0.0005134335154826958,0.022542498152254252,0.0004221412294472164,0.9596153472424378
0.0005135283849423193,0.02253833364123407,0.0004211319820912165,0.7755128911874898
0.0005136232544019429,0.022534170668636867,0.00045744823656794866,0.9163898094558687
0.0005137181238615664,0.022530009233610343,0.00044914088050328416,0.7656063840832722
0.00051381299332119,0.022525849335302803,0.00038245710278915387,0.9444521267376965
0.0005139078627808136,0.02252169097286321,0.0004857405053130685,0.9692660475569255
0.0005140027322404372,0.02251753414544112,0.0003930479943663357,0.884637022955054
0.0005140976017000607,0.022513378852186752,0.000465433416934218,0.9616541951594691
0.0005141924711596842,0.022509225092250926,0.0004024045057509884,1.0292381884962551
0.0005142873406193078,0.0225050728647851,0.00045087612877895577,1.108233075050263
0.0005143822100789313,0.022500922168941354,0.00040800638130375407,0.8493983215548238
0.0005144770795385549,0.022496773003872397,0.0005260113302096497,0.9265156093988914
0.0005145719489981785,0.02249262536873157,0.0003986240904954114,0.8520987555377726
0.0005146668184578021,0.022488479262672813,0.00041862539531324996,1.1106862283022008
0.0005147616879174256,0.022484334684850723,0.00039871650676725855,0.8921787590402567
0.0005148565573770492,0.02248019163442049,0.0004143325320624779,0.9163047624991199
0.0005149514268366727,0.02247605011053795,0.00040117006011501833,1.0672617471086612
0.0005150462962962963,0.02247191011235955,0.00038026669920451393,1.232307042503757
0.0005151411657559198,0.022467771639042358,0.00046377112019697886,0.97355239499883
0.0005152360352155433,0.022463634689744064,0.0004211445090680693,0.9791174424008987
0.000515330904675167,0.022459499263622975,0.0003780396334508164,0.8682571965197254
0.0005154257741347905,0.02245536535983803,0.00035774074748758805,0.9507593064529622
0.0005155206435944141,0.022451232977548766,0.00040713884931932643,1.0584684158602897
0.0005156155130540376,0.022447102115915368,0.00035468255827384414,0.9239767673707564
0.0005157103825136612,0.0224429727740986,0.0004442992069286092,0.9151694467945767
0.0005158052519732847,0.022438844951259886,0.0004287996605005214,0.9236690692684648
0.0005159001214329083,0.022434718646561234,0.0004475933528472925,0.9638589504846712
0.0005159949908925319,0.02243059385916529,0.0004583926024642544,0.9166460191022849
0.0005160898603521554,0.022426470588235298,0.0004700845380366412,0.9215465487996357
0.000516184729811779,0.022422348832935122,0.0003886991876929914,0.7692672783611894
0.0005162795992714025,0.022418228592429257,0.00035870440508890345,0.852977798839014
0.0005163744687310261,0.022414109865882787,0.00042159540115590594,0.7621115666634767
0.0005164693381906496,0.02240999265246143,0.00040380330300209357,1.0764928205181723
0.0005165642076502732,0.022405876951331498,0.0003562167915042694,0.9709650540619925
0.0005166590771098967,0.022401762761659935,0.00036337571888112643,0.9755918849501821
0.0005167539465695204,0.02239765008261428,0.0005356243199721348,0.9286162486148029
0.0005168488160291439,0.022393538913362702,0.00048311228657041584,0.9461613070638413
0.0005169436854887674,0.02238942925307396,0.00045741349596208693,0.9064947590705781
0.000517038554948391,0.02238532110091743,0.0005046595624983455,0.8077926763190734
0.0005171334244080145,0.02238121445606311,0.000376425655688807,0.9579906646700821
0.0005172282938676381,0.022377109317681585,0.00037507851508842795,0.8662824460572804
0.0005173231633272616,0.02237300568494407,0.00039718456896123026,1.0004670605913775
0.0005174180327868853,0.022368903557022368,0.0003556877342712511,0.9313314853882222
0.0005175129022465088,0.02236480293308891,0.00034083559992207464,1.2030349992679392
0.0005176077717061324,0.022360703812316716,0.00044368025692007273,0.9607808574998651
0.0005177026411657559,0.02235660619387942,0.0004488582336044022,0.8664324188236743
0.0005177975106253795,0.02235251007695126,0.00044459747661385046,1.0602504614737767
0.000517892380085003,0.02234841546070709,0.0004234316053653594,0.9864812988535246
0.0005179872495446265,0.022344322344322348,0.0004249346562702915,0.8849960843333348
0.0005180821190042501,0.02234023072697308,0.00038449727026133114,0.7185217379338523
0.0005181769884638737,0.02233614060783596,0.0004123598899703372,1.0102595269357133
0.0005182718579234973,0.02233205198608823,0.00041104832966032043,1.011202680776651
0.0005183667273831208,0.02232796486090776,0.00037978030391321824,1.229588602993615
0.0005184615968427444,0.02232387923147301,0.0004210459862089147,0.7256338406297096
0.0005185564663023679,0.022319795096963045,0.00039791515490891,0.923313725149576
0.0005186513357619915,0.022315712456557526,0.0004641170830775179,0.7780988180428241
0.000518746205221615,0.022311631309436725,0.0003956820309296249,1.0849892378398402
0.0005188410746812385,0.022307551654781498,0.0004711501813303271,0.8315417267687716
0.0005189359441408622,0.02230347349177331,0.0003571147534548574,0.8881306701987624
0.0005190308136004857,0.02229939681959423,0.00036436334750305127,0.9589616228026802
0.0005191256830601093,0.0222953216374269,0.000373864566297199,0.7696653374145678
0.0005192205525197328,0.022291247944454598,0.00040467468574539503,1.0325524917415305
0.0005193154219793564,0.02228717573986116,0.000402318543448324,0.9579473353704581
0.0005194102914389799,0.02228310502283105,0.0003764170670518017,0.8550768655348675
0.0005195051608986035,0.022279035792549307,0.00046458572074686833,0.7030717982830511
0.000519600030358227,0.02227496804820157,0.00048170719819848746,0.8813924027141605
0.0005196948998178506,0.022270901788974083,0.0004265832327275919,0.8545861428952627
0.0005197897692774742,0.02226683701405366,0.0004298051802026585,1.0458678946585913
0.0005198846387370977,0.02226277372262774,0.0003757998600967414,0.8837800844594098
0.0005199795081967213,0.02225871191388433,0.0003295273492272988,0.839996178334364
0.0005200743776563448,0.02225465158701204,0.0003901050427076436,1.01338451703031
0.0005201692471159684,0.022250592741200073,0.0003899125690225156,0.9773611713187988
0.0005202641165755919,0.022246535375638223,0.00037456593990212097,0.9502581797337945
0.0005203589860352156,0.022242479489516864,0.0003743080437567901,0.9277797227397754
0.0005204538554948391,0.022238425082026978,0.00040475522069001365,0.7983751608358213
0.0005205487249544626,0.022234372152360127,0.0004136948486994456,0.8869714615754767
0.0005206435944140862,0.022230320699708456,0.00038684134612995626,1.1238768089327733
0.0005207384638737097,0.02222627072326471,0.0003838441843017744,1.0617829633481153
0.0005208333333333333,0.022222222222222223,0.0007172624038839029,0.881426101686357
0.0005209282027929568,0.022218175195774906,0.00047361747774376617,1.0357032616478465
0.0005210230722525805,0.022214129643117263,0.0004527930791161995,1.1219680322165433
0.000521117941712204,0.022210085563444386,0.0004045401856636481,0.890993546755079
0.0005212128111718276,0.022206042955951945,0.0004213697311244393,0.9487608043041315
0.0005213076806314511,0.022202001819836215,0.00041365697430657567,0.8910007301583465
0.0005214025500910747,0.02219796215429403,0.0004295704457537468,0.888838932896596
0.0005214974195506982,0.02219392395852283,0.000505739307160547,0.8862699382034992
0.0005215922890103217,0.022189887231720627,0.00038679538279072875,0.9716757043820324
0.0005216871584699453,0.022185851973086018,0.00035115749029878145,0.9828416218476718
0.0005217820279295689,0.022181818181818184,0.0003924752992879727,0.9842881528562037
0.0005218768973891925,0.022177785857116886,0.0004464130221268695,0.9282024526550494
0.000521971766848816,0.02217375499818248,0.0004565211165479464,0.9829659035397336
0.0005220666363084396,0.02216972560421588,0.0003923727405866937,1.0537437041204405
0.0005221615057680631,0.022165697674418606,0.00041396737210786297,0.8365613961899442
0.0005222563752276867,0.022161671207992735,0.0004173169153721487,1.005156096299784
0.0005223512446873102,0.02215764620414094,0.0003772899372888592,1.0402015736685248
0.0005224461141469337,0.022153622662066465,0.0004348668666018589,1.0548060419788268
0.0005225409836065574,0.02214960058097313,0.000369481206632746,1.0419089014014353
0.0005226358530661809,0.02214557996006535,0.00036523668822286423,1.0995656217394902
0.0005227307225258045,0.022141560798548093,0.0003890796116148197,0.8545936931812618
0.000522825591985428,0.02213754309562693,0.0004473373475580674,1.0139706427593824
0.0005229204614450516,0.02213352685050798,0.00041937307264566787,1.0736771544289823
0.0005230153309046751,0.02212951206239797,0.0004273456231731978,1.0744158691303867
0.0005231102003642987,0.02212549873050417,0.0003594263973591043,0.9477626184237448
0.0005232050698239223,0.022121486854034454,0.0004726214305834746,0.9125614119536783
0.0005232999392835458,0.022117476432197247,0.00040846693945642115,0.832089459080173
0.0005233948087431694,0.02211346746420156,0.0003624664574074072,1.0122457676557486
0.0005234896782027929,0.02210945994925698,0.00038068451726816656,0.8754221265099128
0.0005235845476624165,0.022105453886573655,0.0004368654405859381,0.9352911513059448
0.00052367941712204,0.022101449275362322,0.0005042430961598597,0.8625414954953661
0.0005237742865816636,0.02209744611483427,0.00038743462998724524,0.928343815368184
0.0005238691560412871,0.022093444404201378,0.0004443779560321807,1.013730119304602
0.0005239640255009108,0.022089444142676082,0.00034094022372766457,1.0005288329036035
0.0005240588949605343,0.022085445329471397,0.0004088996059066606,0.7710363564049422
0.0005241537644201579,0.022081447963800904,0.00038628363433212243,0.9686914452800509
0.0005242486338797814,0.022077452044878758,0.00043480613671668993,0.8372005407841665
0.0005243435033394049,0.02207345757191967,0.00036055123832052144,1.1022875948551822
0.0005244383727990285,0.02206946454413893,0.0004423999648406438,1.0041555683156316
0.000524533242258652,0.022065472960752397,0.0004764352034075413,0.9376183384104252
0.0005246281117182757,0.022061482820976492,0.00041769709875174893,0.884404895093953
0.0005247229811778992,0.022057494124028208,0.0003929604584909722,0.9755003808158583
0.0005248178506375228,0.022053506869125092,0.0004631685133283369,0.9768188746097233
0.0005249127200971463,0.02204952105548527,0.0003697176086854133,1.120365202524391
0.0005250075895567699,0.02204553668232743,0.00047667212850305095,0.8329842691951379
0.0005251024590163934,0.022041553748870825,0.00039051458465775467,0.9339976791695777
0.0005251973284760169,0.022037572254335263,0.0004243943622618189,0.9767348767925019
0.0005252921979356405,0.022033592197941123,0.0004425125958070755,1.0097148151730397
0.0005253870673952641,0.022029613578909358,0.00045575149502520145,0.9135323879591788
0.0005254819368548877,0.022025636396461455,0.00038528127016621824,1.0327515479922293
0.0005255768063145112,0.022021660649819495,0.0004094122009373026,0.9534523532861238
0.0005256716757741348,0.0220176863382061,0.00037157404210244697,0.982626636702372
0.0005257665452337583,0.022013713460844464,0.0004690049344336588,0.756727963351784
0.0005258614146933819,0.022009742016958322,0.00035595050241709947,0.8956521981139144
0.0005259562841530054,0.022005772005772008,0.0003992496499848095,0.9417403151505003
0.000526051153612629,0.022001803426510372,0.00041419759347496345,0.909341881022141
0.0005261460230722526,0.02199783627839885,0.0004976602913288948,0.8444010455982118
0.0005262408925318761,0.021993870560663424,0.0003266625266075369,0.9801092186906862
0.0005263357619914997,0.02198990627253064,0.00039939015834164997,0.873648561615349
0.0005264306314511232,0.02198594341322761,0.00037054367549893064,1.017544968700974
0.0005265255009107468,0.02198198198198198,0.0005222635068105973,0.9040723234390909
0.0005266203703703703,0.02197802197802198,0.0003828548631288683,0.7941926153551605
0.000526715239829994,0.02197406340057637,0.0004578046238963242,0.9055269362849467
0.0005268101092896175,0.021970106248874483,0.00040693043778618497,0.9780304662189212
0.0005269049787492411,0.0219661505221462,0.0004485130253513984,0.8180192855772314
0.0005269998482088646,0.021962196219621963,0.0003540728504695638,0.9718041719186622
0.0005270947176684881,0.02195824334053276,0.00043332746056001906,0.9930199573543083
0.0005271895871281117,0.021954291884110133,0.00036447725224684867,1.0475969507489562
0.0005272844565877352,0.021950341849586184,0.0004316575514187409,0.9310831511982656
0.0005273793260473588,0.02194639323619356,0.00039351653144283685,0.8541989818173112
0.0005274741955069823,0.021942446043165472,0.00043531957317197043,1.1017835157044529
0.000527569064966606,0.02193850026973566,0.0003573974978248617,1.1877601992300868
0.0005276639344262295,0.02193455591513844,0.00042510348649395534,0.9879298085455296
0.0005277588038858531,0.021930612978608665,0.00038043559235642507,0.9266754182881692
0.0005278536733454766,0.02192667145938174,0.00038568206707771847,0.9308711166356167
0.0005279485428051001,0.021922731356693623,0.00039106753421179116,0.9454513769128511
0.0005280434122647237,0.021918792669780814,0.00047634270757980994,0.997162235184251
0.0005281382817243472,0.02191485539788037,0.0004273071599321274,0.9119032734314447
0.0005282331511839709,0.021910919540229886,0.00043212049080823447,1.0178323986324687
0.0005283280206435944,0.02190698509606752,0.0003947977682772982,0.8925667457145581
0.000528422890103218,0.02190305206463196,0.000427065037233906,1.063388444017472
0.0005285177595628415,0.02189912044516245,0.00039493781731479873,1.0423675261440155
0.0005286126290224651,0.02189519023689878,0.0004089667841283083,1.018463632192407
0.0005287074984820886,0.021891261439081287,0.0004451762436886702,0.892846006373021
0.0005288023679417121,0.021887334050950846,0.0004207936656960779,0.8438704777766688
0.0005288972374013357,0.021883408071748878,0.0003496825437004693,0.9650466253273823
0.0005289921068609593,0.021879483500717365,0.0004364853574591056,0.9496013164144942
0.0005290869763205829,0.0218755603370988,0.0004001853111561602,0.8471204003958791
0.0005291818457802064,0.021871638580136254,0.0004095793244062186,1.0259126930311102
0.00052927671523983,0.02186771822907331,0.00039789530406809595,0.9776276985852
0.0005293715846994535,0.021863799283154125,0.00045991167187170104,0.9603425082524294
0.0005294664541590771,0.021859881741623365,0.0004177094992681861,1.0015696580249978
0.0005295613236187006,0.021855965603726265,0.00039909373893945785,0.8851021426773615
0.0005296561930783241,0.021852050868708582,0.00040257431798445024,1.0293824240241793
0.0005297510625379478,0.021848137535816617,0.0004006556728187968,1.0491508164601526
0.0005298459319975713,0.02184422560429723,0.0003730956691829606,0.9106144089981969
0.0005299408014571949,0.02184031507339778,0.0004493292576274084,0.9229092760542934
0.0005300356709168184,0.02183640594236621,0.000458132945201146,0.8553089189901625
0.000530130540376442,0.021832498210450964,0.0004505388653414305,1.03298948216071
0.0005302254098360655,0.021828591876901057,0.00042308475751919717,0.8387868119479261
0.0005303202792956891,0.02182468694096601,0.0003766689884525644,1.0182169203488698
0.0005304151487553127,0.021820783401895905,0.00037661964755847165,0.8533466676206523
0.0005305100182149363,0.021816881258941344,0.0004279424579944088,0.9601762725129621
0.0005306048876745598,0.021812980511353476,0.0004900775443272556,0.9490221881148347
0.0005306997571341833,0.021809081158383987,0.0003976366689689013,1.0549521941511497
0.0005307946265938069,0.021805183199285077,0.0003536019238853795,0.8771987189997755
0.0005308894960534304,0.02180128663330951,0.00036744004071595894,0.9566140875819837
0.000530984365513054,0.021797391459710557,0.00041807056501897777,1.003140460640442
0.0005310792349726775,0.021793497677742052,0.0004616598128038926,1.0497471733425476
0.0005311741044323012,0.021789605286658333,0.00037909459807900533,0.9367634756887351
0.0005312689738919247,0.021785714285714287,0.00039890006485920193,0.8821907726138306
0.0005313638433515483,0.021781824674165326,0.0003708519155768713,0.9149793578592758
0.0005314587128111718,0.021777936451267407,0.00039261151543305167,0.9348282126527598
0.0005315535822707953,0.021774049616277,0.00037917623058209314,1.018548766797908
0.0005316484517304189,0.02177016416845111,0.00042584839753460375,1.1678184481099494
0.0005317433211900424,0.021766280107047283,0.0004013068692632491,0.951230988417818
0.0005318381906496661,0.02176239743132358,0.0003573952431289264,0.8895033879393692
0.0005319330601092896,0.021758516140538614,0.0004277317759320526,1.063557312159944
0.0005320279295689132,0.021754636233951498,0.00045112921110949304,0.9736243762534508
0.0005321227990285367,0.021750757710821893,0.00040783715291456353,1.1131719824772845
0.0005322176684881603,0.02174688057040998,0.0004633350926228444,0.9798184732679851
0.0005323125379477838,0.021743004811976475,0.0004988827195359695,0.9569981102864301
0.0005324074074074073,0.02173913043478261,0.0009798234477756257,0.494407809189694
0.000532502276867031,0.02173525743809015,0.00038958895764440926,0.8353537641826858
0.0005325971463266545,0.021731385821161384,0.0004429372665062311,0.8126946243428573
0.0005326920157862781,0.021727515583259128,0.00043335353965625077,0.8181274250472709
0.0005327868852459016,0.021723646723646725,0.00041187377538181224,0.7738701810197812
0.0005328817547055252,0.021719779241588036,0.0004124555825011549,0.8653301728527203
0.0005329766241651487,0.021715913136347458,0.00039160270391628844,0.8838500760563675
0.0005330714936247723,0.02171204840718989,0.0003688015799879945,0.8947618436960337
0.0005331663630843958,0.021708185053380784,0.00036201424820373845,1.020542544361373
0.0005332612325440195,0.021704323074186085,0.0003843931171813727,1.0466504361345488
0.000533356102003643,0.02170046246887229,0.0004619007969320456,0.9747233527650677
0.0005334509714632665,0.02169660323670639,0.0004321228604673759,0.8919182005420606
0.0005335458409228901,0.021692745376955903,0.0004274213829582739,0.8720699895579538
0.0005336407103825136,0.021688888888888893,0.0003810426790211914,0.9209710915834847
0.0005337355798421372,0.021685033771773905,0.00040158398912835724,0.8264238364737314
0.0005338304493017607,0.021681180024880044,0.00043214368650276025,0.8606323417525558
0.0005339253187613843,0.0216773276474769,0.0004125834451049082,0.9705766033920381
0.0005340201882210079,0.02167347663883461,0.0004118791545078287,1.0409271220036838
0.0005341150576806315,0.0216696269982238,0.0004245906029753115,0.9246532058690491
0.000534209927140255,0.021665778724915645,0.0004056963245164633,0.8466095661963037
0.0005343047965998785,0.02166193181818182,0.0004419360907434701,1.0236149650880308
0.0005343996660595021,0.021658086277294514,0.0003837049673893068,0.9964878955156934
0.0005344945355191256,0.021654242101526448,0.0003697406370334333,0.8790803479919578
0.0005345894049787492,0.021650399290150845,0.00041926533963894034,0.8397638164871104
0.0005346842744383727,0.02164655784244145,0.0003999539986461536,0.8989238912488514
0.0005347791438979964,0.02164271775767252,0.00046757683519271494,0.8889938346678377
0.0005348740133576199,0.021638879035118838,0.00039778502621377903,0.9726037768376655
0.0005349688828172435,0.021635041674055683,0.0004117496541270097,0.9387935796688494
0.000535063752276867,0.021631205673758865,0.0004023006376186245,0.9458666789634348
0.0005351586217364905,0.021627371033504702,0.0004045591860159881,1.016239899406498
0.0005352534911961141,0.02162353775257001,0.000442910946077948,1.0113584089860304
0.0005353483606557376,0.02161970583023215,0.0003686065454990413,0.8366555565717068
0.0005354432301153613,0.02161587526576896,0.000397986969976452,0.7521800672282705
0.0005355380995749848,0.021612046058458817,0.0004525987769720701,0.8159890416164438
0.0005356329690346084,0.021608218207580587,0.00037368988846474103,0.8829788139600645
0.0005357278384942319,0.021604391712413674,0.0004279983176064813,0.8897680758894881
0.0005358227079538555,0.02160056657223796,0.0003734417564745273,1.0209338059894586
0.000535917577413479,0.021596742786333865,0.00040319007385824704,0.8883732177508955
0.0005360124468731025,0.021592920353982307,0.00039053970653741123,0.9311395069847855
0.0005361073163327261,0.021589099274464698,0.000374290124563203,0.9592948949107856
0.0005362021857923497,0.021585279547062988,0.0004325669985797096,0.8310734389631008
0.0005362970552519733,0.021581461171059614,0.00040761011113711094,0.9134663355558107
0.0005363919247115968,0.021577644145737533,0.0003625770803701855,0.8910441959987888
0.0005364867941712204,0.021573828470380193,0.00038276312622568496,0.8039350376731925
0.0005365816636308439,0.021570014144271572,0.0003400512890369559,1.0368180927284505
0.0005366765330904675,0.02156620116669613,0.00041960109871346695,1.0135428755665532
0.000536771402550091,0.02156238953693885,0.00040446390630727964,0.8249342124090869
0.0005368662720097147,0.02155857925428521,0.00034322495167658985,0.8150055041921543
0.0005369611414693382,0.0215547703180212,0.00037441774717453615,0.9846426992145935
0.0005370560109289617,0.02155096272743332,0.0004571832335965923,0.9776589760996334
0.0005371508803885853,0.02154715648180855,0.000412997721818901,0.8897374604178941
0.0005372457498482088,0.0215433515804344,0.00036585797650037934,0.90584513740851
0.0005373406193078324,0.02153954802259887,0.0003987649503716202,1.0583618627895373
0.0005374354887674559,0.02153574580759047,0.0004095331454298975,0.9349549256692509
0.0005375303582270795,0.021531944934698198,0.0004427614626136321,0.8761822467705551
0.0005376252276867031,0.021528145403211577,0.0004119009805674274,0.937268127540149
0.0005377200971463267,0.021524347212420608,0.00033964807575119786,1.013649030283996
0.0005378149666059502,0.021520550361615806,0.0003818700547826723,0.8632645881888368
0.0005379098360655737,0.021516754850088186,0.0004094907831338015,0.9712701442360674
0.0005380047055251973,0.021512960677129257,0.00041522693978995027,0.8508754355184698
0.0005380995749848208,0.02150916784203103,0.00032824403546327023,0.9338427072030298
0.0005381944444444444,0.02150537634408602,0.0004245064454975267,0.9830696816617136
0.000538289313904068,0.02150158618258724,0.00037466419421119837,0.9679986496821039
0.0005383841833636916,0.021497797356828195,0.0004103454411027103,0.8668062367467898
0.0005384790528233151,0.021494009866102892,0.0004277806765054512,1.0383835573673748
0.0005385739222829387,0.021490223709705828,0.00043728189031851366,0.8826256925427926
0.0005386687917425622,0.02148643888693202,0.00039392621442271386,0.8521634216089043
0.0005387636612021857,0.021482655397076954,0.0004185601927023981,0.8726909166419388
0.0005388585306618093,0.02147887323943662,0.00036411694780850377,1.0616378468349126
0.0005389534001214328,0.021475092413307518,0.00041351417634964607,1.0664732926637746
0.0005390482695810565,0.021471312917986624,0.0003713265270594722,0.7841056614584992
0.00053914313904068,0.021467534752771425,0.000429896376383947,0.7607698526580746
0.0005392380085003036,0.02146375791695989,0.00039840261064670113,0.8506272656717381
0.0005393328779599271,0.021459982409850486,0.0004231643417756546,1.0284437470338008
0.0005394277474195507,0.021456208230742173,0.0004567908782163309,0.9358387190333075
0.0005395226168791742,0.021452435378934414,0.00040625005938601144,0.89701444523609
0.0005396174863387978,0.021448663853727144,0.0003682797928787407,0.7726912795278426
0.0005397123557984214,0.021444893654420816,0.00041056687948644777,0.9679928844535999
0.0005398072252580449,0.02144112478031635,0.00040651466087366316,0.8763406267810215
0.0005399020947176685,0.021437357230715163,0.00042402861981524125,0.9153070543144282
0.000539996964177292,0.02143359100491919,0.0003905102905051588,0.895427078765683
0.0005400918336369156,0.02142982610223081,0.00039641263632380524,0.8464810941740248
0.0005401867030965391,0.021426062521952935,0.0003388855885881725,0.7569382385972842
0.0005402815725561627,0.021422300263388937,0.0003706709220513961,0.9640948266513215
0.0005403764420157862,0.021418539325842697,0.0003894704449182914,1.023847441101797
0.0005404713114754099,0.021414779708618572,0.0004210664887784174,0.9298413721026401
0.0005405661809350334,0.021411021411021414,0.0003924449483793095,0.9431649085109968
0.0005406610503946569,0.021407264432356556,0.0004138192471105576,0.935934394504557
0.0005407559198542805,0.021403508771929824,0.00041246217451719203,0.7429598920601549
0.000540850789313904,0.021399754429047537,0.0003488775044288116,0.9306376670392551
0.0005409456587735276,0.021396001403016486,0.00034836528539326295,0.8771540103800775
0.0005410405282331511,0.02139224969314396,0.0004071139876650856,0.8014130014653873
0.0005411353976927748,0.021388499298737727,0.00040090178941140577,0.9915099251717131
0.0005412302671523983,0.02138475021910605,0.00039431754388058834,0.9311589275232158
0.0005413251366120219,0.02138100245355766,0.00038623578890104125,0.842102899513049
0.0005414200060716454,0.021377256001401786,0.0003880954293619796,0.8980745994497656
0.0005415148755312689,0.021373510861948147,0.0003963767048576313,0.8679269165172472
0.0005416097449908925,0.02136976703450692,0.0003475309412256032,1.0708713674220063
0.000541704614450516,0.021366024518388795,0.0004040719648715441,0.8856818800239001
0.0005417994839101396,0.021362283312904923,0.0003690049928090911,0.9135828709898307
0.0005418943533697632,0.02135854341736695,0.00045740188195299227,0.8476296115766649
0.0005419892228293868,0.021354804831086996,0.0004194798204447232,0.9349768470993889
0.0005420840922890103,0.02135106755337767,0.00040041553958150593,0.9966751605691339
0.0005421789617486339,0.021347331583552055,0.0003349750996563051,0.7902051264302891
0.0005422738312082574,0.021343596920923722,0.0003791468173332488,0.9425351095979576
0.000542368700667881,0.021339863564806716,0.0004407869792576802,0.9686818389686752
0.0005424635701275045,0.021336131514515567,0.0004090366240115965,0.8934963702525751
0.000542558439587128,0.021332400769365274,0.0003882526994753976,0.9245235063192337
0.0005426533090467517,0.021328671328671327,0.0003481776098650678,0.8640374611242
0.0005427481785063752,0.0213249431917497,0.0004191208604271485,0.8708692269025289
0.0005428430479659988,0.02132121635791681,0.0003744175156810425,1.019557477525134
0.0005429379174256223,0.021317490826489604,0.0003594203105450994,0.8975819604517421
0.0005430327868852459,0.021313766596785466,0.00040186640417698525,0.9665119988922692
0.0005431276563448694,0.021310043668122274,0.0004686553073861277,0.9076493397339448
0.000543222525804493,0.02130632203981837,0.00041129945394131754,0.7999364963316142
0.0005433173952641166,0.0213026017111926,0.0003866966611519581,0.8775766864604013
0.0005434122647237401,0.021298882681564248,0.0004328236103945276,0.9061708309001768
0.0005435071341833637,0.0212951649502531,0.00044186097466132596,0.8527762661803333
0.0005436020036429872,0.02129144851657941,0.0003366679025570851,0.9564243984343812
0.0005436968731026108,0.021287733379863897,0.0003809677587241492,0.8074158240839663
0.0005437917425622343,0.021284019539427778,0.0003366452210117094,0.8902595793622904
0.0005438866120218579,0.02128030699459271,0.0003837708786310979,0.7584881938769654
0.0005439814814814814,0.02127659574468085,0.0003708190142098976,-3.0239461489700044
0.0005440763509411051,0.02127288578901482,0.0003950622969558952,0.9956088542215733
0.0005441712204007286,0.021269177126917713,0.0003588234816191524,0.9821632796134586
0.0005442660898603521,0.021265469757713092,0.0003916922028852079,1.0146154109287764
0.0005443609593199757,0.02126176368072499,0.00034875532079942285,0.9846400153579971
0.0005444558287795992,0.021258058895277925,0.00042821240861059287,0.9331442280822474
0.0005445506982392228,0.021254355400696864,0.00041068508229389575,0.9160761586047736
0.0005446455676988463,0.021250653196307263,0.00038804936228444914,0.928593879046304
0.00054474043715847,0.02124695228143504,0.00039456819524656906,0.9068872860053261
0.0005448353066180935,0.021243252655406584,0.0004536390347535717,0.8640644329811993
0.0005449301760777171,0.02123955431754875,0.0003771334966084269,0.863057755307759
0.0005450250455373406,0.02123585726718886,0.0003708484681056873,0.9558850999696982
0.0005451199149969641,0.02123216150365472,0.0003782538449746189,0.8358970163574154
0.0005452147844565877,0.02122846702627458,0.00040548962326024423,0.8923548916871502
0.0005453096539162112,0.021224773834377177,0.00038936754892709345,0.9391154004405472
0.0005454045233758348,0.0212210819272917,0.0003660978907554967,0.9029531901818444
0.0005454993928354584,0.021217391304347827,0.0003864723205788923,0.8824394290139133
0.000545594262295082,0.021213701964875674,0.00037884152509534485,0.8324352860101906
0.0005456891317547055,0.021210013908205844,0.00038374928845474166,0.8510949899535515
0.0005457840012143291,0.02120632713366939,0.0003893540930316393,0.9683533934271558
0.0005458788706739526,0.021202641640597847,0.00038101133306857294,0.8600737432058826
0.0005459737401335762,0.021198957428323197,0.000377404899022563,0.8354507283430416
0.0005460686095931997,0.021195274496177904,0.0004016805826629149,0.88836857337564
0.0005461634790528232,0.021191592843494877,0.00036072946612638717,0.9328255813126523
0.0005462583485124469,0.021187912469607502,0.0004009353448901064,0.9017436306440817
0.0005463532179720704,0.02118423337384963,0.00035516976337927355,0.8818891515282217
0.000546448087431694,0.021180555555555557,0.00039644977801447093,0.8862222306436562
0.0005465429568913175,0.02117687901406006,0.00037162790271491597,0.9144437261118776
0.0005466378263509411,0.02117320374869837,0.00038316324603425574,0.9029680284963354
0.0005467326958105646,0.021169529758806177,0.00040474546924727984,0.909550442837816
0.0005468275652701882,0.02116585704371964,0.0003592650338827064,0.863204648685274
0.0005469224347298118,0.02116218560277537,0.0004161371838423404,0.939017425715095
0.0005470173041894353,0.021158515435310443,0.00037946243120931425,0.9381022783505875
0.0005471121736490589,0.02115484654066239,0.00036973836002288357,0.9234473050611661
0.0005472070431086824,0.02115117891816921,0.00040347429746442675,0.9894534077976752
0.000547301912568306,0.021147512567169353,0.00039521535111789895,0.9052330211284381
0.0005473967820279295,0.021143847487001734,0.0004049320287089282,0.8676767360964847
0.0005474916514875531,0.02114018367700572,0.0003959447880721822,0.8626097300611868
0.0005475865209471766,0.021136521136521137,0.00037610628522679327,0.8440531808879179
0.0005476813904068003,0.021132859864888272,0.00039764814597039144,0.8930582043574881
0.0005477762598664238,0.021129199861447873,0.00037339722797666015,0.9471743203819335
0.0005478711293260473,0.021125541125541127,0.00038874920739037096,0.9363688979674986
0.0005479659987856709,0.0211218836565097,0.00040886548119520164,0.8914141063852311
0.0005480608682452944,0.021118227453695692,0.00039284364335272155,0.9038914176227815
0.000548155737704918,0.021114572516441676,0.000387690489983813,0.8690437707634199
0.0005482506071645415,0.021110918844090675,0.000373285709377342,0.8917491287852598
0.0005483454766241652,0.021107266435986156,0.00038422698688455936,0.9130756295510128
0.0005484403460837887,0.021103615291472068,0.0003988712859066709,0.9170364313962673
0.0005485352155434123,0.02109996540989277,0.0004068070190364895,0.8712572146150128
0.0005486300850030358,0.02109631679059312,0.00038364910728860277,0.8668799905114811
0.0005487249544626594,0.021092669432918397,0.0003669459493797265,0.8970954859533993
0.0005488198239222829,0.02108902333621435,0.00041061666088590274,0.8889124313087676
0.0005489146933819064,0.02108537849982717,0.000385563877522078,0.9046132201592267
0.00054900956284153,0.021081734923103508,0.0003854876071539313,0.861102655534004
0.0005491044323011536,0.021078092605390467,0.00036909677417216866,0.8873088126778873
0.0005491993017607772,0.021074451546035586,0.0003841597921851431,0.8678705984623615
0.0005492941712204007,0.021070811744386873,0.000403353881124482,0.8687723823059781
0.0005493890406800243,0.02106717319979278,0.0003879551271563306,0.8780027621001839
0.0005494839101396478,0.02106353591160221,0.0003795726742549624,0.8734400388712035
0.0005495787795992714,0.02105989987916451,0.0003800631140725164,0.8995733999814456
0.0005496736490588949,0.02105626510182948,0.0003870426500517343,0.8979683212021532
0.0005497685185185184,0.02105263157894737,0.00038277317649256784,0.8708754115246045
0.0005498633879781421,0.021048999309868876,0.0003868856948171931,0.8809427512581376
0.0005499582574377656,0.021045368293945144,0.00038156246616941606,0.9015667626456731
0.0005500531268973892,0.02104173853052777,0.00038714160775961284,0.9013707954889165
0.0005501479963570127,0.02103811001896879,0.0003865685869714765,0.915154221043994
0.0005502428658166363,0.021034482758620687,0.00038014808447604857,0.8639763709972904
0.0005503377352762598,0.02103085674883641,0.00037681933228552426,0.9013824464814796
0.0005504326047358834,0.02102723198896932,0.0003909221650308755,0.8689450514953108
0.000550527474195507,0.021023608478373257,0.00038608782829263795,0.8817027952117739
0.0005506223436551305,0.021019986216402484,0.00039430767930132265,0.9112368769736083
0.0005507172131147541,0.021016365202411715,0.00038016064939156726,0.8942648442143968
0.0005508120825743776,0.021012745435756118,0.0003901031940648007,0.901636087901131
0.0005509069520340012,0.021009126915791286,0.00038464801911789815,0.8752104064582186
0.0005510018214936247,0.02100550964187328,0.0003735663884684555,0.8698971398000207
0.0005510966909532483,0.02100189361335858,0.0003834412563779389,0.8702689477071485
0.0005511915604128718,0.020998278829604134,0.0003889873356283396,0.9038692632602751
0.0005512864298724955,0.020994665289967303,0.000381562207588628,0.8846880045038563
0.000551381299332119,0.02099105299380592,0.00037459343737311564,0.8946031749492693
0.0005514761687917426,0.02098744194047824,0.0003885671151189862,0.8701080317330343
0.0005515710382513661,0.020983832129342968,0.00037784820670136345,0.8777996551705989
0.0005516659077109896,0.02098022355975925,0.0003862002985922271,0.8836210520124519
0.0005517607771706132,0.02097661623108666,0.00039118189245253716,0.8992769844978316
0.0005518556466302367,0.020973010142685235,0.00037775090127430816,0.8654446587333164
0.0005519505160898604,0.020969405293915434,0.00038312011005398305,0.8842414457699186
0.0005520453855494839,0.02096580168413817,0.00038286858364000766,0.8728498137623671
0.0005521402550091075,0.020962199312714775,0.00038134683513632947,0.8733543426225538
0.000552235124468731,0.020958598179007044,0.00038420730094212486,0.8847523326953759
0.0005523299939283546,0.020954998282377187,0.0003811874996576715,0.9040952929254003
0.0005524248633879781,0.020951399622187877,0.0003817347602673314,0.8687398376985627
0.0005525197328476016,0.0209478021978022,0.00038356486903557536,0.8909808820378616
0.0005526146023072252,0.020944206008583693,0.0003789095784993041,0.8907116189773369
0.0005527094717668488,0.02094061105389633,0.00038369693034039494,0.88626563903621
0.0005528043412264724,0.020937017333104515,0.0003837763740866576,0.8896613766077628
0.0005528992106860959,0.020933424845573097,0.00038275668975442067,0.8871701871996898
0.0005529940801457195,0.02092983359066735,0.0003789055472065889,0.8754288344023997
0.000553088949605343,0.020926243567753005,0.00038128752507190534,0.8944654300381605
0.0005531838190649666,0.020922654776196193,0.00038217773220708986,0.8787951553523866
0.0005532786885245901,0.02091906721536351,0.00037896528347104816,0.8855256028132032
0.0005533735579842136,0.02091548088462198,0.0003822704782384014,0.8802431221125081
0.0005534684274438373,0.020911895783339046,0.00037563574700707363,0.8832477851801699
0.0005535632969034608,0.020908311910882608,0.00038285163143471346,0.8876197291868524
0.0005536581663630844,0.020904729266620972,0.0003817918513815326,0.8760277077309102
0.0005537530358227079,0.020901147849922908,0.00038180109198892307,0.8819195620957434
0.0005538479052823315,0.020897567660157587,0.0003827473016549175,0.8870508717317048
0.000553942774741955,0.02089398869669464,0.0003777390099075382,0.8759888890429394
0.0005540376442015786,0.020890410958904107,0.0003800127569788598,0.8907434158877269
0.0005541325136612022,0.02088683444615648,0.0003799919896749131,0.8856269480365259
0.0005542273831208257,0.020883259157822666,0.0003804315881491489,0.88072362015581
0.0005543222525804493,0.020879685093274,0.00038185024736586524,0.8846073854747712
0.0005544171220400728,0.020876112251882274,0.0003809614278147391,0.8748744656649727
0.0005545119914996964,0.020872540633019673,0.0003801652332155447,0.8884707698022407
0.0005546068609593199,0.020868970236058847,0.00038059867565924985,0.8876798564490218
0.0005547017304189435,0.02086540106037284,0.0003760724261796173,0.8741282231586256
0.000554796599878567,0.020861833105335157,0.0003787939850001601,0.8760892292245014
0.0005548914693381907,0.020858266370319713,0.0003783076722294076,0.8736210713418237
0.0005549863387978142,0.020854700854700856,0.00037931314448188527,0.8882016566486175
0.0005550812082574378,0.020851136557853357,0.0003801134193980057,0.8768487754018272
0.0005551760777170613,0.020847573479152427,0.0003789597730081811,0.879559223478792
0.0005552709471766848,0.020844011617973692,0.00037971477982293064,0.8840748790344437
0.0005553658166363084,0.020840450973693202,0.00037831534793453285,0.8818806797606683
0.0005554606860959319,0.020836891545687446,0.00037831234398335385,0.8801746632076961
0.0005555555555555556,0.020833333333333332,0.00037653876111813043,0.8959350270853703
0.0005556504250151791,0.020829776336008198,0.0003785857994633635,0.8745213134589402
0.0005557452944748027,0.02082622055308979,0.0003788910675037225,0.8867677370045293
0.0005558401639344262,0.020822665983956306,0.0003804732962416192,0.873075222594129
0.0005559350333940498,0.020819112627986348,0.00037941321393475576,0.8775639543058161
0.0005560299028536733,0.02081556048455895,0.0003780531129219624,0.8765067983242956
0.0005561247723132968,0.020812009553053568,0.0003808695523693743,0.8850649809365414
0.0005562196417729204,0.02080845983285008,0.00037699626153639946,0.8759761627699443
0.000556314511232544,0.02080491132332879,0.00037849396265394233,0.8801136745753688
0.0005564093806921676,0.02080136402387042,0.0003802611046462324,0.8835139436223465
0.0005565042501517911,0.02079781793385612,0.00037870415501529156,0.881147780309919
0.0005565991196114147,0.020794273052667463,0.00037884619868174116,0.873534646684692
0.0005566939890710382,0.020790729379686436,0.00037932556505312665,0.8811804313182934
0.0005567888585306618,0.02078718691429545,0.00037809724550852495,0.8836423712939393
0.0005568837279902853,0.020783645655877345,0.0003765746321202883,0.8785532152273956
0.0005569785974499088,0.020780105603815366,0.000377119703302859,0.8817677133094177
0.0005570734669095325,0.02077656675749319,0.00037753910133645125,0.8841178141795764
0.000557168336369156,0.02077302911629491,0.0003768549093927085,0.8779159077294183
0.0005572632058287796,0.02076949267960504,0.0003773630837790507,0.8745162955498628
0.0005573580752884031,0.020765957446808515,0.00037522495413263803,0.871532868186399
0.0005574529447480267,0.020762423417290673,0.0003822412899485599,0.8684592856561938
0.0005575478142076502,0.0207588905904373,0.00037669640645363294,0.8780957106511139
0.0005576426836672738,0.02075535896563457,0.0003766099033824062,0.8824872074892139
0.0005577375531268974,0.020751828542269094,0.000377464236991885,0.8753582241424552
0.000557832422586521,0.020748299319727888,0.0003730046724346664,0.8696142556992803
0.0005579272920461445,0.020744771297398403,0.00037664434737732887,0.8790216524710507
0.000558022161505768,0.02074124447466848,0.00037428842008564863,0.8776149894721045
0.0005581170309653916,0.020737718850926398,0.0003791770477710311,0.8776824069754127
0.0005582119004250151,0.020734194425560844,0.00037619275665405443,0.8809680355395859
0.0005583067698846387,0.020730671197960918,0.0003775863080811057,0.881476681464269
0.0005584016393442622,0.020727149167516144,0.00037372716064535506,0.8702887286824201
0.0005584965088038859,0.020723628333616444,0.00037154010826769305,0.8805513955444254
0.0005585913782635094,0.020720108695652176,0.0003722735740221799,0.8698131396606936
0.000558686247723133,0.020716590253014092,0.0003839485964973115,0.8620238993789493
0.0005587811171827565,0.02071307300509338,0.00037454301078091443,0.8803701768114074
0.00055887598664238,0.02070955695128162,0.0003755460151429237,0.8592501282136218
0.0005589708561020036,0.020706042090970808,0.0003786039074425341,0.8773097233325338
0.0005590657255616271,0.02070252842355337,0.00038032730969742804,0.865957427831169
0.0005591605950212508,0.020699015948422127,0.00037651264231640966,0.8669089129908607
0.0005592554644808743,0.02069550466497032,0.0003832412531682987,0.8731985677180207
0.0005593503339404979,0.020691994572591587,0.00036719969243063894,0.8526569733913226
0.0005594452034001214,0.020688485670680008,0.0003715067129167678,0.8789626405156125
0.000559540072859745,0.020684977958630044,0.0003809424998827174,0.8854394205085673
0.0005596349423193685,0.020681471435836585,0.0003787213461831823,0.8503455992505673
0.000559729811778992,0.02067796610169492,0.00037465283459946284,0.8886331899090377
0.0005598246812386156,0.020674461955600746,0.00037789446873864386,0.8727151729655164
0.0005599195506982392,0.02067095899695019,0.00036995741330423694,0.870288097746797
0.0005600144201578628,0.020667457225139758,0.00038037712761110874,0.87246101333398
0.0005601092896174863,0.020663956639566397,0.00038401316292232667,0.8778009546963585
0.0005602041590771099,0.020660457239627436,0.00037751168765257347,0.8744702727355618
0.0005602990285367334,0.020656959024720624,0.0003667410270888453,0.8658646133784265
0.000560393897996357,0.020653461994244116,0.00036909537710202225,0.8838921585249067
0.0005604887674559805,0.02064996614759648,0.00036100951068459257,0.8538798820219562
0.000560583636915604,0.02064647148417668,0.00037628118030632685,0.8599666311294154
0.0005606785063752277,0.020642978003384094,0.0003801437723308853,0.840282071984975
0.0005607733758348512,0.02063948570461851,0.0003779845093387912,0.8958011734047715
0.0005608682452944748,0.020635994587280108,0.00038659483156517434,0.8637787082581712
0.0005609631147540983,0.020632504650769493,0.000366804403562951,0.8788850426616571
0.0005610579842137219,0.020629015894487655,0.000370305712323147,0.8702039781499601
0.0005611528536733454,0.02062552831783601,0.000368161504005177,0.8922895771386772
0.000561247723132969,0.020622041920216362,0.0003747448053125228,0.8605032636198279
0.0005613425925925926,0.020618556701030927,0.00038038480034971976,0.8583814312962195
0.0005614374620522162,0.020615072659682324,0.00036983967141781247,0.8593503157175046
0.0005615323315118397,0.020611589795573575,0.0003722193895455277,0.8858272004013331
0.0005616272009714632,0.020608108108108113,0.00037931316736091836,0.874320452042223
0.0005617220704310868,0.020604627596689747,0.00037429819956171916,0.8481602998325639
0.0005618169398907103,0.02060114826072273,0.00037093426278331915,0.8223934946368537
0.0005619118093503339,0.020597670099611682,0.0003821965329600359,0.8624339990848084
0.0005620066788099574,0.02059419311276165,0.00038216727415560625,0.9067405354731236
0.0005621015482695811,0.020590717299578058,0.000383240286889488,0.8433172104198756
0.0005621964177292046,0.020587242659466758,0.0003684976468937286,0.8770126107214776
0.0005622912871888282,0.02058376919183398,0.00036312589392474754,0.7997752994233042
0.0005623861566484517,0.02058029689608637,0.00037987498690334327,0.912952277167419
0.0005624810261080752,0.02057682577163097,0.00037747708957470007,0.8666677233141334
0.0005625758955676988,0.020573355817875214,0.00036913998710274773,0.7911237905780901
0.0005626707650273223,0.020569887034226946,0.00036045605859406617,0.8380459114439771
0.000562765634486946,0.020566419420094403,0.00036638565236437617,0.8759766999959699
0.0005628605039465695,0.02056295297488623,0.00037978634906070364,0.8834707287560296
0.0005629553734061931,0.02055948769801146,0.0003752547813001474,0.8525717913731007
0.0005630502428658166,0.020556023588879528,0.0003691016901498288,0.8581705159708932
0.0005631451123254402,0.02055256064690027,0.00035924014822131037,0.8058101542725767
0.0005632399817850637,0.020549098871483918,0.0003566380290868795,0.8749385834349996
0.0005633348512446872,0.020545638262041095,0.00036138816844934944,0.9115416491265816
0.0005634297207043108,0.020542178817982825,0.00036379683751488324,0.8357941022253353
0.0005635245901639344,0.02053872053872054,0.0003917280673186094,0.8685812080667288
0.000563619459623558,0.02053526342366605,0.00037703202821145695,0.8340519220387155
0.0005637143290831815,0.020531807472231572,0.0003733972818523865,0.8092431195605465
0.0005638091985428051,0.020528352683829715,0.00036411583223401253,0.8435781940900992
0.0005639040680024286,0.020524899057873486,0.00033263461691004497,0.871530880053521
0.0005639989374620522,0.02052144659377628,0.00037081603454975693,0.9141742546816786
0.0005640938069216757,0.020517995290951902,0.00035897214526584654,0.9051061519518023
0.0005641886763812994,0.02051454514881453,0.00034622798042540314,0.8297909677490547
0.0005642835458409229,0.02051109616677875,0.0003909230726657183,0.9060558971760507
0.0005643784153005464,0.02050764834425954,0.0003590365435964292,0.8195002476295079
0.00056447328476017,0.020504201680672268,0.00037000326422725134,0.8713417156409755
0.0005645681542197935,0.0205007561754327,0.0003758088579311717,0.9018926141208942
0.0005646630236794171,0.02049731182795699,0.00037224008808293426,0.8357206584013908
0.0005647578931390406,0.020493868637661686,0.0003885729086414561,0.9250045280883068
0.0005648527625986642,0.020490426603963722,0.0003612344003652047,0.8259204281135842
0.0005649476320582878,0.020486985726280438,0.00037473246419926373,0.9340739495053997
0.0005650425015179114,0.02048354600402955,0.0003649866866325778,0.8234862226221177
0.0005651373709775349,0.020480107436629178,0.00039671214877354277,0.8599690526792139
0.0005652322404371584,0.02047667002349782,0.0003850289577792073,0.8481673455625441
0.000565327109896782,0.020473233764054372,0.00034575557422020817,0.8925213749617279
0.0005654219793564055,0.020469798657718124,0.00038630248993344065,0.8454857558624612
0.0005655168488160291,0.02046636470390874,0.0003932111197185582,0.8384949344497822
0.0005656117182756526,0.020462931902046295,0.0003703256507259568,0.8627925289532548
0.0005657065877352763,0.020459500251551233,0.00037513928130182165,0.9126807292225924
0.0005658014571948998,0.020456069751844403,0.000357087196387544,0.8769901440401564
0.0005658963266545234,0.020452640402347025,0.0003614103483387648,0.8149450470456403
0.0005659911961141469,0.020449212202480724,0.0003960422758448621,0.8480055746254073
0.0005660860655737704,0.02044578515166751,0.00036160732078585736,0.9264882740181503
0.000566180935033394,0.02044235924932976,0.00038618917350392965,0.8721130192326123
0.0005662758044930175,0.02043893449489027,0.00035744541841160275,0.6828342049764268
0.0005663706739526412,0.020435510887772193,0.0003629216707915375,0.8561154819176366
0.0005664655434122647,0.0204320884273991,0.00035979208241047775,0.8817219924996805
0.0005665604128718883,0.02042866711319491,0.0003579205257997965,0.8109027738183288
0.0005666552823315118,0.020425246944583964,0.00034333462510289614,0.7765444236102349
0.0005667501517911354,0.02042182792099096,0.00036509392943087827,0.9831750753062038
0.0005668450212507589,0.020418410041841004,0.00033622555119860943,0.9187287914536973
0.0005669398907103825,0.020414993306559572,0.00035944729066994085,0.949616363343977
0.000567034760170006,0.02041157771457253,0.0003370057663739237,0.890588317833148
0.0005671296296296296,0.020408163265306124,0.0007947513736501503,1.8326131287022729
0.0005672244990892532,0.020404749958186988,0.0004176230546301115,0.8274312788333771
0.0005673193685488767,0.02040133779264214,0.00039903306599957053,0.9705288250050288
0.0005674142380085003,0.02039792676809898,0.00040108013368175886,0.835317071863453
0.0005675091074681238,0.02039451688398529,0.00038144241794029724,1.0004720351712213
0.0005676039769277474,0.02039110813972923,0.0003665410624685452,0.7102907161010582
0.0005676988463873709,0.02038770053475936,0.0003515176806562203,0.7590163571159887
0.0005677937158469946,0.020384294068504595,0.0003769564316155097,0.8527430281892758
0.0005678885853066181,0.020380888740394253,0.0003949034524057185,0.7612802399374691
0.0005679834547662416,0.02037748454985803,0.0003358232905131745,0.6762515021927978
0.0005680783242258652,0.020374081496325986,0.00034232164789324104,0.8598547394883871
0.0005681731936854887,0.020370679579228588,0.0003864944928575081,0.9130844007162329
0.0005682680631451123,0.02036727879799666,0.00034511520498191236,0.9550812374417565
0.0005683629326047358,0.020363879152061427,0.0003660805025662949,0.7756045750374723
0.0005684578020643594,0.02036048064085447,0.0003951789147200445,0.9169038501971569
0.000568552671523983,0.02035708326380778,0.000359342781439241,0.87644469492381
0.0005686475409836066,0.020353687020353686,0.0003674464032861169,0.811066710922327
0.0005687424104432301,0.020350291909924937,0.0003214940645110385,0.7800803030939933
0.0005688372799028536,0.020346897931954638,0.00036614318109224437,0.9113376563149517
0.0005689321493624772,0.020343505085876273,0.00043035769430848714,0.9182049457970527
0.0005690270188221007,0.020340113371123708,0.0003339514522575603,0.890597158475555
0.0005691218882817243,0.020336722787131188,0.00034716001644346487,0.8071083384196116
0.0005692167577413479,0.020333333333333335,0.0003651687308916366,0.675393504748269
0.0005693116272009715,0.02032994500916514,0.00037622029336396124,0.9019454189486703
0.000569406496660595,0.02032655781406198,0.0003693350998501894,0.8142794045042135
0.0005695013661202186,0.020323171747459606,0.0003483876535091187,1.0460452704542371
0.0005695962355798421,0.02031978680879414,0.0003779699765069915,0.8332616783002629
0.0005696911050394656,0.020316402997502085,0.00037257369156821883,0.858682867270877
0.0005697859744990892,0.020313020313020312,0.0003879756907521029,0.8296469264456584
0.0005698808439587127,0.020309638754786086,0.00035619960624484,0.8516219719004067
0.0005699757134183364,0.020306258322237015,0.0003350190266546102,0.886230160535088
0.0005700705828779599,0.020302879014811117,0.0003974880057132608,0.7759742284075536
0.0005701654523375835,0.020299500831946756,0.00039645043765903755,0.9314846791843735
0.000570260321797207,0.020296123773082684,0.0003787561575824358,0.9593050826901551
0.0005703551912568306,0.020292747837658016,0.000418945823417159,0.7584309368941213
0.0005704500607164541,0.02028937302511226,0.0003485995022833961,0.8134175123109809
0.0005705449301760777,0.020285999334885264,0.00035481637791282754,0.8671052386831045
0.0005706397996357013,0.02028262676641729,0.0003411942043282399,0.787284422133581
0.0005707346690953248,0.02027925531914894,0.0003303764504734203,0.9161850582075282
0.0005708295385549484,0.02027588499252119,0.0003600040188493666,0.9297024412201332
0.0005709244080145719,0.02027251578597541,0.00043311114783802667,0.9031185695116241
0.0005710192774741955,0.020269147698953317,0.0003850057487590071,0.8204723419342418
0.000571114146933819,0.020265780730897014,0.00037002940658168284,0.8511417012342967
0.0005712090163934426,0.020262414881248962,0.0003538087343152269,0.7891336387366743
0.0005713038858530661,0.02025905014945201,0.0003733660890796507,0.8029303416051845
0.0005713987553126898,0.02025568653494936,0.0003392550016459155,0.8506389683338849
0.0005714936247723133,0.020252324037184594,0.00041431154773708637,0.8496856634967846
0.0005715884942319368,0.020248962655601662,0.00036725335433683174,0.8183874515436181
0.0005716833636915604,0.020245602389644873,0.0003288504220451276,0.7050651571685893
0.0005717782331511839,0.02024224323875892,0.00031852914557804757,0.8556362632637478
0.0005718731026108075,0.02023888520238885,0.0003815732956371356,0.8205737016341466
0.000571967972070431,0.0202355282799801,0.00040525066521454465,0.7209581099489792
0.0005720628415300547,0.02023217247097844,0.0004147753473767868,0.8407843343274566
0.0005721577109896782,0.020228817774830044,0.00030852152406082216,0.9041916727153505
0.0005722525804493018,0.02022546419098143,0.000344422186087211,0.9955558946867639
0.0005723474499089253,0.0202221117188795,0.0003663508195858065,0.7730560534469454
0.0005724423193685488,0.0202187603579715,0.00038360442983942426,0.8088761582835423
0.0005725371888281724,0.020215410107705053,0.00035671357092606184,0.7280040469527056
0.0005726320582877959,0.020212060967528166,0.00030719584794310957,0.8581203021816524
0.0005727269277474195,0.020208712936889184,0.00037085461470791033,0.7887969993631678
0.000572821797207043,0.020205366015236835,0.0003619814158992881,0.9198019405179771
0.0005729166666666667,0.020202020202020204,0.00032691747269030256,0.810456886210861
0.0005730115361262902,0.020198675496688745,0.00039030747351966977,0.9883030225347389
0.0005731064055859138,0.02019533189869227,0.00037870040529247687,0.7746393834634883
0.0005732012750455373,0.020191989407480966,0.0003376150039574451,0.8305494154153954
0.0005732961445051609,0.02018864802250538,0.0003848294284151358,0.8416410783903598
0.0005733910139647844,0.020185307743216415,0.00037042305519593066,1.0000462859582788
0.0005734858834244079,0.020181968569065345,0.0003492088921059925,0.8218268871050476
0.0005735807528840316,0.020178630499503802,0.0003551590535030342,0.7269202318493999
0.0005736756223436551,0.020175293533983795,0.0003506018601489835,0.8242166040021996
0.0005737704918032787,0.02017195767195767,0.000322789455331182,0.9145813999019842
0.0005738653612629022,0.020168622912878163,0.00037715842733599596,0.898082356566617
0.0005739602307225258,0.020165289256198347,0.0003610883635699055,0.7983294459300149
0.0005740551001821493,0.020161956701371674,0.00031510837157583594,0.735979907085747
0.0005741499696417729,0.02015862524785195,0.00035076422924625885,0.9202587767994133
0.0005742448391013965,0.02015529489509334,0.00041157982261990175,0.9093755651763149
0.00057433970856102,0.020151965642550382,0.0003866430715964552,0.790029383948769
0.0005744345780206436,0.02014863748967795,0.0003238713185042751,0.8507026189104977
0.0005745294474802671,0.02014531043593131,0.00036010557295077325,1.0257714389817674
0.0005746243169398907,0.020141984480766054,0.00040419593236970503,0.8337552056361944
0.0005747191863995142,0.02013865962363817,0.0003893459874928699,0.906029518796276
0.0005748140558591378,0.02013533586400396,0.000354651601278754,0.8144228057838526
0.0005749089253187613,0.020132013201320135,0.0003774307369531407,0.7262288483330911
0.000575003794778385,0.02012869163504372,0.00036209568315156434,0.9150035250338769
0.0005750986642380085,0.020125371164632137,0.0003592568463414515,0.8630323409917313
0.000575193533697632,0.020122051789543134,0.0003675936531467431,0.8111791040672749
0.0005752884031572556,0.02011873350923483,0.0003461649535341503,0.9449663017536492
0.0005753832726168791,0.020115416323165707,0.00035869253087993027,0.760243844785071
0.0005754781420765027,0.020112100230794593,0.0003851868477952758,0.8708362277038365
0.0005755730115361262,0.020108785231580682,0.0003771245997112206,0.6880070721226779
0.0005756678809957499,0.02010547132498352,0.00041735754442699067,0.7859379688557483
0.0005757627504553734,0.02010215851046301,0.0003994931044618133,0.8709766550598356
0.000575857619914997,0.020098846787479405,0.0003144854259150929,0.8029254818783421
0.0005759524893746205,0.020095536155493327,0.00032630025148556926,0.8793741802207241
0.0005760473588342441,0.020092226613965744,0.00035276222756302865,0.830923433836703
0.0005761422282938676,0.02008891816235798,0.0003503644107117906,0.8168484702503492
0.0005762370977534911,0.02008561080013171,0.00034555597677319737,0.866619581954937
0.0005763319672131147,0.02008230452674897,0.0003448366573262309,0.6715147810178312
0.0005764268366727383,0.020078999341672153,0.00036823193967858235,0.8276072113989951
0.0005765217061323619,0.020075695244363995,0.0003816084452599209,0.7585968633586706
0.0005766165755919854,0.020072392234287594,0.00038832233932426896,0.8790993127655694
0.000576711445051609,0.0200690903109064,0.00034540872581177213,0.9046164488038958
0.0005768063145112325,0.02006578947368421,0.0003072590705430933,0.7933045823320127
0.0005769011839708561,0.020062489722085183,0.00038298992947002485,0.8032838422140247
0.0005769960534304796,0.020059191055573824,0.00034782992211644144,0.7910481566880831
0.0005770909228901031,0.020055893473614996,0.00031762981375400726,0.8852463002895116
0.0005771857923497268,0.020052596975673898,0.0003378986033017544,0.836477425308997
0.0005772806618093503,0.020049301561216107,0.00036883695046370236,0.7448912311058872
0.0005773755312689739,0.020046007229707525,0.0003934336742413278,0.79394052615745
0.0005774704007285974,0.020042713980614427,0.00036665583507947526,0.8640654459814024
0.000577565270188221,0.020039421813403416,0.00036847028298656493,0.7530920301652227
0.0005776601396478445,0.02003613072754147,0.0003583671610120667,0.7494988090180048
0.0005777550091074681,0.020032840722495893,0.000318748212626415,0.7276396277205166
0.0005778498785670917,0.020029551797734364,0.0003333202616314379,0.9287414692066058
0.0005779447480267152,0.020026263952724888,0.0003496701982013447,0.9705020967781183
0.0005780396174863388,0.02002297718693583,0.00038299972679836804,0.8920164297227069
0.0005781344869459623,0.020019691499835908,0.00037526482092550215,0.8352249201321063
0.0005782293564055859,0.020016406890894175,0.0003713676062155916,0.7870507526034969
0.0005783242258652094,0.020013123359580054,0.00040856497469691263,0.7536584852251026
0.000578419095324833,0.020009840905363292,0.000380526601726918,0.7271394621544214
0.0005785139647844565,0.020006559527714005,0.0003864613839537844,0.704806172939817
0.0005786088342440802,0.02000327922610264,0.00039288533545032907,0.8313027756561272
0.0005787037037037037,0.02,0.0007246727821275798,-0.027047792143409778
0.0005787985731633272,0.019996721848877234,0.00032008282428353326,0.604142712323575
0.0005788934426229508,0.019993444772205837,0.00031658310216795276,0.7085743544133529
0.0005789883120825743,0.019990168769457646,0.0003007610624431459,0.942123225175516
0.0005790831815421979,0.01998689384010485,0.00032542741068343966,0.7413594856407746
0.0005791780510018214,0.019983619983619985,0.00030173442378864286,0.8582231800525764
0.000579272920461445,0.019980347199475924,0.00038994858925499505,0.9004459754269686
0.0005793677899210686,0.0199770754871459,0.00035485123752333926,0.8435973747634766
0.0005794626593806922,0.01997380484610347,0.0002746660577253781,0.963182747919935
0.0005795575288403157,0.01997053527582256,0.00033859311985346877,0.9323963166505642
0.0005796523982999393,0.019967266775777415,0.0003540938226968742,0.8596738863163433
0.0005797472677595628,0.019963999345442643,0.0003758411980527263,0.8805381079275186
0.0005798421372191863,0.019960732984293197,0.0003681427952170707,0.8173774920672854
0.0005799370066788099,0.01995746769180435,0.0003650882124755263,0.8806445742235337
0.0005800318761384335,0.01995420346745175,0.0002919803239381241,0.7640531899021348
0.0005801267455980571,0.019950940310711367,0.0003266135644998107,0.8288327638885966
0.0005802216150576806,0.019947678221059518,0.0003643369715698872,0.9124448513006255
0.0005803164845173042,0.019944417197972863,0.00039147696427522247,0.9092213589013066
0.0005804113539769277,0.01994115724092841,0.00032369990390391433,0.9165024406727241
0.0005805062234365513,0.019937898349403495,0.000315545380272489,0.6280998375442342
0.0005806010928961748,0.01993464052287582,0.00033716128922281735,0.7817644813993017
0.0005806959623557983,0.019931383760823398,0.0003877554745792792,0.8562037229799697
0.000580790831815422,0.0199281280627246,0.0003440670507408965,0.9278075477628708
0.0005808857012750455,0.019924873428058144,0.0003808776233847634,0.7482603444745953
0.0005809805707346691,0.01992161985630307,0.00030404991775478723,0.784878486194928
0.0005810754401942926,0.019918367346938776,0.00036499560478494414,0.6927193442196657
0.0005811703096539162,0.019915115899444988,0.0003378099530612415,0.7128471003799136
0.0005812651791135397,0.01991186551330178,0.00037677646938981456,0.8699795751997266
0.0005813600485731633,0.019908616187989555,0.0003210021696750833,0.90948432092474
0.0005814549180327869,0.01990536792298907,0.0003304724796113833,0.8865815828902123
0.0005815497874924104,0.019902120717781406,0.0003734971814910047,0.8076662960834677
0.000581644656952034,0.019898874571847986,0.0003256886519024096,0.8323007278477794
0.0005817395264116575,0.019895629484670583,0.00032767971077288265,0.7083961587725439
0.0005818343958712811,0.01989238545573129,0.00034629721534569155,0.8571455040623246
0.0005819292653309046,0.019889142484512557,0.00032078622805954563,0.8568216518409884
0.0005820241347905282,0.019885900570497148,0.00037820188261897123,0.7980502139661018
0.0005821190042501517,0.019882659713168188,0.0003359547597479038,0.7469704678908436
0.0005822138737097754,0.019879419912009123,0.0003735773857760817,0.9382715215602012
0.0005823087431693989,0.019876181166503748,0.000377409824061765,0.75616266589503
0.0005824036126290225,0.019872943476136176,0.0003533227261608649,0.7119531814295054
0.000582498482088646,0.01986970684039088,0.00032650981658229375,0.8653163905235799
0.0005825933515482695,0.019866471258752648,0.00032755541989452534,0.9043314303194914
0.0005826882210078931,0.019863236730706613,0.0003036470738557958,0.8636944689049084
0.0005827830904675166,0.01986000325573824,0.00037049635339798297,0.8266137416587319
0.0005828779599271403,0.019856770833333332,0.00031903427378566384,0.7961860516601997
0.0005829728293867638,0.019853539462978034,0.00035557833185518656,0.7644263869552967
0.0005830676988463874,0.019850309144158803,0.00030347977459529144,0.6963048521032794
0.0005831625683060109,0.019847079876362455,0.00035733407442322936,0.8454932869989652
0.0005832574377656345,0.019843851659076123,0.00036367779259031165,0.8628343080545389
0.000583352307225258,0.019840624491787282,0.00036693642006836063,0.8705586976788016
0.0005834471766848815,0.019837398373983742,0.00033154178977850705,0.8010821502155403
0.0005835420461445051,0.019834173305153635,0.00031913796168752697,1.076815990237179
0.0005836369156041287,0.01983094928478544,0.0002919313027333914,0.8505168527483727
0.0005837317850637523,0.01982772631236795,0.00038416491175025276,0.8229510226557202
0.0005838266545233758,0.019824504387390317,0.0003413455247275116,0.7567552158532219
0.0005839215239829994,0.019821283509341998,0.00034578460765379953,0.9599956257388585
0.0005840163934426229,0.0198180636777128,0.00032350607210477716,0.802820290586942
0.0005841112629022465,0.019814844891992853,0.0003702133868299461,0.9420885484550349
0.00058420613236187,0.01981162715167262,0.0003819144796622893,0.7033925340850841
0.0005843010018214935,0.0198084104562429,0.0003379705614493615,0.8385776332039298
0.0005843958712811172,0.019805194805194805,0.0003420528081766808,0.6945672847975931
0.0005844907407407407,0.019801980198019802,0.000405535074789767,0.8138542133620963
0.0005845856102003643,0.019798766634209673,0.0003342030185837977,0.5400548336335633
0.0005846804796599878,0.019795554113256533,0.0003479567680982177,0.9387687678104516
0.0005847753491196114,0.019792342634652824,0.00037595410865155744,0.8087633677956113
0.0005848702185792349,0.019789132197891326,0.00037822801569066197,0.9881044863576824
0.0005849650880388585,0.01978592280246513,0.00036029909973712385,0.5877176838546972
0.0005850599574984821,0.019782714447867684,0.00036501534730458727,0.7903268116751134
0.0005851548269581056,0.01977950713359274,0.0003536944796965924,0.8413853246186797
0.0005852496964177292,0.019776300859134382,0.0003846927318380379,0.9157672682922516
0.0005853445658773527,0.019773095623987037,0.0004006929685256471,0.6243261489843539
0.0005854394353369763,0.01976989142764544,0.0003599847783342433,0.9051519706388446
0.0005855343047965998,0.01976668826960467,0.000347831829282356,0.8118990434446537
0.0005856291742562234,0.019763486149360115,0.00034225809455371134,0.905215944307121
0.000585724043715847,0.019760285066407517,0.00034531497644003863,0.7031180093388417
0.0005858189131754706,0.019757085020242916,0.00031548363157717085,0.779143891262409
0.0005859137826350941,0.019753886010362695,0.0003362968052510966,0.7948950760139274
0.0005860086520947177,0.019750688036263557,0.0003605001966704398,0.8439141004875031
0.0005861035215543412,0.01974749109744254,0.00037174659409581643,0.6211632574124184
0.0005861983910139647,0.01974429519339699,0.00032366027000855477,1.0022097214092345
0.0005862932604735883,0.019741100323624597,0.0003173596900059063,0.7074792327305643
0.0005863881299332118,0.019737906487623365,0.00034953814558018776,0.8590075183874157
0.0005864829993928355,0.01973471368489162,0.00037205407750740325,0.7831630659178017
0.000586577868852459,0.01973152191492803,0.0003287079087912305,0.6611050564059185
0.0005866727383120826,0.019728331177231564,0.00031997028997657285,0.7675923911748374
0.0005867676077717061,0.019725141471301538,0.00033640993685403833,1.0064645933119603
0.0005868624772313297,0.019721952796637566,0.00037583096314038457,0.7157059126430684
0.0005869573466909532,0.019718765152739615,0.0003522386137322076,0.8738338477512204
0.0005870522161505767,0.019715578539107954,0.00040639517330764014,0.7556734053788696
0.0005871470856102003,0.019712392955243175,0.00036783394855673714,0.9754978579375388
0.0005872419550698239,0.019709208400646206,0.00031523877684200356,0.7674639477011156
0.0005873368245294475,0.019706024874818283,0.00036372630631082055,0.8554432036536772
0.000587431693989071,0.019702842377260985,0.00035121116904206955,0.5754589560134347
0.0005875265634486946,0.019699660907476185,0.00033930120680948563,0.7466489724275174
0.0005876214329083181,0.019696480464966096,0.00038149539875047115,0.8503615143029291
0.0005877163023679417,0.01969330104923325,0.00035250724616239,0.9282677478679546
0.0005878111718275652,0.019690122659780505,0.00038720192766152534,0.773038496863162
0.0005879060412871887,0.019686945296111022,0.000340294691992004,0.6604428496654757
0.0005880009107468124,0.0196837689577283,0.00037132445751824093,0.9065422185419753
0.0005880957802064359,0.019680593644136154,0.00030653860893948296,0.844585934708339
0.0005881906496660595,0.019677419354838712,0.0003113147914765188,0.8701892626575406
0.000588285519125683,0.01967424608934043,0.00031679786970345846,0.7607773327180017
0.0005883803885853066,0.019671073847146083,0.0003845507159895824,0.8165320872202757
0.0005884752580449301,0.01966790262776076,0.00033326108881062314,0.9859597350471241
0.0005885701275045537,0.019664732430689877,0.00034469490601366567,0.9398308850946417
0.0005886649969641773,0.019661563255439163,0.00030825071714474066,0.8100778788224622
0.0005887598664238009,0.01965839510151466,0.000339024023777278,0.9304367739446925
0.0005888547358834244,0.01965522796842275,0.00032641999478629847,0.8204418127858971
0.0005889496053430479,0.019652061855670106,0.00038725687354008515,0.760955823177972
0.0005890444748026715,0.01964889676276373,0.00033144551511121327,0.9084487488301705
0.000589139344262295,0.01964573268921095,0.0003237810859709769,0.7341773434574878
0.0005892342137219186,0.0196425696345194,0.00034139279080952294,0.7219758204900657
0.0005893290831815421,0.01963940759819704,0.00034475191467023963,0.8651307018532773
0.0005894239526411658,0.01963624657975213,0.00036534267931942466,0.9417349592212998
0.0005895188221007893,0.019633086578693275,0.0003527300650747089,0.8682669306683491
0.0005896136915604129,0.019629927594529365,0.0003418607125304202,0.5715723457789472
0.0005897085610200364,0.019626769626769628,0.00036254358728605865,0.7506072345194805
0.0005898034304796599,0.019623612674923598,0.000368942627510307,0.7916314051979484
0.0005898982999392835,0.019620456738501126,0.00035118853096301206,0.7892151796066201
0.000589993169398907,0.019617301817012385,0.00036948470772447527,0.7997889737825835
0.0005900880388585307,0.019614147909967846,0.00028199920736718436,0.8290988559225434
0.0005901829083181542,0.019610995016878317,0.0002969570765094143,0.7201931725504704
0.0005902777777777778,0.0196078431372549,0.000355531927860662,0.07304809803975701
0.0005903726472374013,0.01960469227060903,0.0003277397696007857,0.9152013175134678
0.0005904675166970249,0.01960154241645244,0.0003139594004162267,0.9688853478164513
0.0005905623861566484,0.019598393574297192,0.00036957448612405655,0.7827868176752294
0.0005906572556162719,0.01959524574365564,0.00039572358450873417,0.7758474016996344
0.0005907521250758955,0.01959209892404047,0.00037066736162599313,0.8758400662917972
0.0005908469945355191,0.019588953114964676,0.00035776601848826856,0.8802291308658365
0.0005909418639951427,0.019585808315941564,0.00034841609543402873,0.8662830969752627
0.0005910367334547662,0.01958266452648475,0.000335455947920477,0.8852115539684001
0.0005911316029143898,0.019579521746108167,0.0004078112540744197,0.9225659736948928
0.0005912264723740133,0.019576379974326062,0.00038093664081881084,0.8463572642199547
0.0005913213418336369,0.019573239210652977,0.00031434392756422597,0.8316446710227197
0.0005914162112932604,0.019570099454603786,0.00037080934453741465,0.7308564608492876
0.0005915110807528841,0.019566960705693665,0.00034638483465865527,0.6288445059877187
0.0005916059502125076,0.0195638229634381,0.0004206026543847188,0.6282140526847299
0.0005917008196721311,0.019560686227352894,0.00039026718804176794,0.8370684184813479
0.0005917956891317547,0.01955755049695415,0.0003548347919999981,0.8244150075356271
0.0005918905585913782,0.019554415771758298,0.0003298381400567955,0.871382398395581
0.0005919854280510018,0.01955128205128205,0.0004133873818545572,0.8252182506154137
0.0005920802975106253,0.019548149335042463,0.0003683602011042867,0.914509461818017
0.000592175166970249,0.019545017622556872,0.0003908812630767663,0.8834187803548361
0.0005922700364298725,0.019541886913342944,0.00036730661604068144,0.6384078539520783
0.0005923649058894961,0.019538757206918642,0.00032170277728844193,0.8957742503031453
0.0005924597753491196,0.019535628502802244,0.00038948061782578494,0.6584863232789882
0.0005925546448087431,0.01953250080051233,0.00036146163576497673,0.8212859593087245
0.0005926495142683667,0.019529374099567794,0.00041378452480210015,0.7166487108481616
0.0005927443837279902,0.019526248399487838,0.0003045434967595016,1.057719394404293
0.0005928392531876138,0.019523123699791967,0.00033055409553573605,0.85026796666561
0.0005929341226472373,0.019520000000000003,0.0003276926852058835,0.83780946443668
0.000593028992106861,0.019516877299632057,0.0004270681544055261,0.7894458006575578
0.0005931238615664845,0.019513755598208574,0.0003666306054786462,0.7384533230053845
0.0005932187310261081,0.01951063489525028,0.0003348987566776395,0.8038532356164366
0.0005933136004857316,0.019507515190278223,0.0003034205154814644,0.8120614796041078
0.0005934084699453551,0.01950439648281375,0.0003677914909539916,0.6959390326024167
0.0005935033394049787,0.019501278772378516,0.0003325611734352371,0.7437887153021486
0.0005935982088646022,0.01949816205849449,0.00033128764436291143,1.0802302934669759
0.0005936930783242259,0.019495046340683924,0.000377506822079187,0.9154686031594235
0.0005937879477838494,0.019491931618469408,0.00034040198292055685,0.8569258045208777
0.000593882817243473,0.019488817891373803,0.0003821458962961732,0.8469398514108357
0.0005939776867030965,0.019485705158920303,0.0003605102825605499,0.8820501549669647
0.0005940725561627201,0.019482593420632386,0.0003748511314946106,0.5649903952123692
0.0005941674256223436,0.01947948267603385,0.00034859602684089686,0.7020249349197774
0.0005942622950819671,0.01947637292464879,0.0003251395268593293,0.6434426686929122
0.0005943571645415907,0.0194732641660016,0.0003195990714227161,0.5108026924970577
0.0005944520340012143,0.01947015639961698,0.0003602729423823657,0.9019190122793737
0.0005945469034608379,0.019467049625019946,0.00036433774154614903,0.9378814073609878
0.0005946417729204614,0.019463943841735803,0.00031829877279230585,0.8816909835324706
0.000594736642380085,0.019460839049290156,0.000406326433648321,0.7320291333544403
0.0005948315118397085,0.01945773524720893,0.00039458124819400465,0.8636021989465661
0.0005949263812993321,0.019454632435018337,0.000410292789406268,0.7842160968682963
0.0005950212507589556,0.0194515306122449,0.0003428901335921305,0.6703846176801931
0.0005951161202185793,0.01944842977841543,0.00034594704129074685,0.6914774426131991
0.0005952109896782028,0.019445329933057063,0.0003380070032166021,0.7332235258541087
0.0005953058591378263,0.019442231075697213,0.00034964713225893847,0.7555220357102399
0.0005954007285974499,0.019439133205863608,0.00034959408499045527,0.7268282282914453
0.0005954955980570734,0.01943603632308428,0.0003803621106770312,0.8946331983719863
0.000595590467516697,0.019432940426887545,0.00032203161910366663,0.8687041739326457
0.0005956853369763205,0.01942984551680204,0.0003741776619214905,0.9120035947470435
0.0005957802064359441,0.019426751592356687,0.0003809175888408065,0.8442168411942303
0.0005958750758955677,0.01942365865308072,0.0003401004776746533,0.7976654434112063
0.0005959699453551913,0.01942056669850366,0.00032058185916735695,0.6962094559652842
0.0005960648148148148,0.01941747572815534,0.0003026922563270256,1.0505746382766123
0.0005961596842744383,0.019414385741565884,0.0003194278540243988,0.8918027370523832
0.0005962545537340619,0.01941129673826571,0.0003587976968462857,0.7899822894129833
0.0005963494231936854,0.01940820871778556,0.0003741379185704615,0.8113430118690925
0.000596444292653309,0.019405121679656436,0.00030276357553593526,0.8795753113636992
0.0005965391621129326,0.019402035623409673,0.00038406979684526784,0.7849378580050826
0.0005966340315725562,0.01939895054857688,0.00032745625966682694,0.5505216331873118
0.0005967289010321797,0.019395866454689985,0.00038407684221289113,0.7675365932026524
0.0005968237704918033,0.019392783341281195,0.0002876454087218038,0.8059245321753706
0.0005969186399514268,0.019389701207883026,0.0003311359206427293,0.8644492033713672
0.0005970135094110503,0.01938662005402829,0.0003286767796651778,0.7061889558428114
0.0005971083788706739,0.01938353987925008,0.00037543159301695164,0.8054367084487308
0.0005972032483302974,0.019380460683081812,0.0003128096020483759,0.6514638706583838
0.0005972981177899211,0.01937738246505718,0.0003577088975641021,0.8630022329381124
0.0005973929872495446,0.019374305224710182,0.000393295462055867,0.6860643701305462
0.0005974878567091682,0.0193712289615751,0.0003444671527212086,0.6843449572208944
0.0005975827261687917,0.01936815367518654,0.00039932676924453974,0.7328135154134112
0.0005976775956284153,0.019365079365079366,0.0003405384692326638,0.7887244347000562
0.0005977724650880388,0.019362006030788765,0.00034750055576209036,0.9113567214413214
0.0005978673345476624,0.019358933671850206,0.0002886743301733245,0.7979724566120493
0.000597962204007286,0.019355862287799463,0.0002542240595407637,0.8241967936614198
0.0005980570734669095,0.01935279187817259,0.00035133580606699157,0.8099271584559675
0.0005981519429265331,0.01934972244250595,0.00040327539063957546,0.9261983870297528
0.0005982468123861566,0.01934665398033619,0.0003917266683132592,0.9237152456447164
0.0005983416818457802,0.019343586491200254,0.0003129190777907253,0.5848243489500474
0.0005984365513054037,0.019340519974635387,0.00036640325287355067,0.6593282114389033
0.0005985314207650273,0.019337454430179108,0.0002960981000876551,0.7879375304772473
0.0005986262902246508,0.019334389857369256,0.0003232917796483507,0.795957586542267
0.0005987211596842745,0.01933132625574394,0.00032314442056814496,0.7155665432445376
0.000598816029143898,0.019328263624841573,0.0003351903378094852,0.9139944692718491
0.0005989108986035215,0.019325201964200858,0.0003011877657698604,0.7501133784726183
0.0005990057680631451,0.019322141273360786,0.00036912874053226965,1.0257493647868612
0.0005991006375227686,0.019319081551860653,0.00032405717138210154,0.9585181991651353
0.0005991955069823922,0.019316022799240027,0.00036540471536222264,0.8073493448175758
0.0005992903764420157,0.019312965015038784,0.0003120974594249143,0.6235639907423515
0.0005993852459016394,0.019309908198797087,0.00035198836466725675,0.7173543748425507
0.0005994801153612629,0.01930685235005539,0.0003294530876380965,0.7954200458889521
0.0005995749848208865,0.019303797468354433,0.0002853862105680726,1.0683049958626893
0.00059966985428051,0.019300743553235248,0.00037550639072355795,0.9003801902334561
0.0005997647237401335,0.019297690604239165,0.0003849346515882706,0.691863373506169
0.0005998595931997571,0.019294638620907797,0.0003604159523006946,0.6173059981093264
0.0005999544626593806,0.01929158760278305,0.00035544626196497303,0.9671290714270503
0.0006000493321190042,0.019288537549407115,0.00035554726221403163,0.8115067799664575
0.0006001442015786278,0.01928548846032248,0.0003165329969268221,0.7925029767591794
0.0006002390710382514,0.019282440335071913,0.00043517317360736944,0.6861698174953037
0.0006003339404978749,0.019279393173198486,0.0003051199465827589,0.8150949691726751
0.0006004288099574985,0.019276346974245538,0.00036445902145714485,0.9070556569982746
0.000600523679417122,0.019273301737756713,0.00032438052371463463,0.9886516577974378
0.0006006185488767456,0.01927025746327594,0.0003632845983532583,0.6915453091468148
0.0006007134183363691,0.019267214150347444,0.00027747292106595746,0.6090883168934134
0.0006008082877959926,0.019264171798515715,0.0003535393877446789,0.7358256043847554
0.0006009031572556163,0.019261130407325546,0.0003659422578210845,0.8087763206754939
0.0006009980267152398,0.019258089976322022,0.00038660113062643375,0.6692827946126652
0.0006010928961748634,0.019255050505050508,0.0003297918977940297,0.7274306706437815
0.0006011877656344869,0.01925201199305665,0.000265725606065051,0.9339127267421217
0.0006012826350941105,0.0192489744398864,0.0002991121282629983,0.8665585613284834
0.000601377504553734,0.019245937845085978,0.0003521360130972497,0.8643722795670071
0.0006014723740133576,0.019242902208201892,0.00027155088412467946,0.9776627379120422
0.0006015672434729812,0.01923986752878095,0.0003620563263643945,0.7259157691900638
0.0006016621129326047,0.019236833806370233,0.0003628601237008174,0.9193649485149756
0.0006017569823922283,0.019233801040517105,0.00033030406627210284,0.910306475380709
0.0006018518518518518,0.019230769230769232,0.00034594288719370475,1.6012162400899612
0.0006019467213114754,0.019227738376674547,0.0003979787814435467,0.855420039276994
0.0006020415907710989,0.01922470847778128,0.0003042857524699467,0.6979251785000914
0.0006021364602307225,0.019221679533637938,0.0004079998299441968,0.6341529406191587
0.000602231329690346,0.019218651543793323,0.0003016146309437488,0.7133566828097953
0.0006023261991499697,0.019215624507796503,0.0003930563570752872,0.727793099278016
0.0006024210686095932,0.01921259842519685,0.00039096987747563243,0.8591759056545685
0.0006025159380692167,0.019209573295544013,0.0003439873967959127,0.6555150054002453
0.0006026108075288403,0.01920654911838791,0.00038158150441583395,0.65135443284841
0.0006027056769884638,0.01920352589327877,0.0003095153824960239,0.7535672908685404
0.0006028005464480874,0.019200503619767075,0.00031833234986520934,0.9316131953295834
0.0006028954159077109,0.01919748229740362,0.0002938195549286937,0.6565216703896805
0.0006029902853673346,0.01919446192573946,0.00026309885126198193,0.935548274404489
0.0006030851548269581,0.01919144250432594,0.00032299417909709306,0.8912390443938746
0.0006031800242865817,0.01918842403271469,0.0003212670035709358,0.8673221148616702
0.0006032748937462052,0.01918540651045762,0.0003609320936033821,0.6116270785828336
0.0006033697632058287,0.01918238993710692,0.00030981728736403273,0.5643862852677461
0.0006034646326654523,0.019179374312215062,0.0003854227609445728,0.6848974436875367
0.0006035595021250758,0.019176359635334803,0.00033318831123328014,0.6892946977302142
0.0006036543715846994,0.019173345906019174,0.000411418876211786,0.7217457264744424
0.000603749241044323,0.019170333123821496,0.00033907173353089665,0.7634097437294327
0.0006038441105039466,0.019167321288295368,0.00029114911763372203,0.9085943626050217
0.0006039389799635701,0.01916431039899466,0.000314521891040492,0.6437601102919736
0.0006040338494231937,0.019161300455473537,0.00035211735360417165,0.6894305801074232
0.0006041287188828172,0.019158291457286432,0.0003504924090617653,0.9862079870859405
0.0006042235883424408,0.019155283403988067,0.00029998047521141133,0.6891646169487897
0.0006043184578020643,0.019152276295133438,0.0003603865418904699,0.6144255703010777
0.0006044133272616878,0.019149270130277823,0.00032255824100630565,0.4325465320302155
0.0006045081967213115,0.019146264908976772,0.0004104762454591601,0.7494893300972384
0.000604603066180935,0.019143260630786134,0.00034034797916188185,0.6948953985392161
0.0006046979356405586,0.019140257295262003,0.0002977269387513065,0.7674338322554715
0.0006047928051001821,0.019137254901960783,0.0003765293074062906,0.7246210547140439
0.0006048876745598057,0.019134253450439148,0.0003158451376228231,0.8906683849529702
0.0006049825440194292,0.01913125294025404,0.00031921805820009553,0.8478500717013967
0.0006050774134790528,0.019128253370962682,0.0002769921979259527,0.9387646000670662
0.0006051722829386764,0.01912525474212259,0.00026197494891072397,0.5922096280262801
0.0006052671523982999,0.019122257053291538,0.00030336543981354354,0.6672654510439321
0.0006053620218579235,0.019119260304027583,0.0003715959225637992,0.5869507209154761
0.000605456891317547,0.019116264493889062,0.00022883071851449775,0.5234037862266245
0.0006055517607771706,0.019113269622434592,0.00038762702172564996,0.8437848135960266
0.0006056466302367941,0.01911027568922306,0.00030752856307066773,0.8999480046702163
0.0006057414996964177,0.019107282693813624,0.00035059768617591824,0.8477903903402398
0.0006058363691560412,0.01910429063576574,0.00034348461603727763,0.7449688213303999
0.0006059312386156649,0.01910129951463911,0.0003860686445721314,0.8080004538035049
0.0006060261080752884,0.019098309329993738,0.00031629724880006003,0.711641004604826
0.0006061209775349119,0.01909532008138989,0.00031846380746380947,0.6197007124327304
0.0006062158469945355,0.019092331768388107,0.0003480711112446148,0.8851457777802932
0.000606310716454159,0.019089344390549212,0.00035256044413566344,0.8384492753405062
0.0006064055859137826,0.019086357947434292,0.00029134915721345546,0.676488852073756
0.0006065004553734061,0.019083372438604727,0.00029920434729852925,0.7672055329433557
0.0006065953248330298,0.019080387863622147,0.00029048080129826144,0.8631141964123447
0.0006066901942926533,0.019077404222048476,0.0003664791284509778,0.785986804740648
0.0006067850637522769,0.019074421513445905,0.00038816135299302726,0.7135297247086066
0.0006068799332119004,0.019071439737376898,0.00035321924771018656,0.9282130973224225
0.000606974802671524,0.019068458893404187,0.00031926230631311003,0.7045771712178905
0.0006070696721311475,0.019065478981090796,0.00024353458467089653,0.7138973625846634
0.000607164541590771,0.019062500000000003,0.00035228421705574996,0.5900233974646926
0.0006072594110503946,0.01905952194969536,0.0003599279691011883,0.7563633926542699
0.0006073542805100182,0.01905654482974071,0.00028727718496980424,0.8467872147174416
0.0006074491499696418,0.019053568639700143,0.00031428299347000877,0.7483379073244154
0.0006075440194292653,0.019050593379138038,0.000376312627511364,0.8295053160147793
0.0006076388888888889,0.01904761904761905,0.00039692518583888384,0.687958370335071
0.0006077337583485124,0.019044645644708088,0.00030262552631241314,0.5545599576959936
0.000607828627808136,0.019041673169970345,0.0002474977743665987,0.8075911293963809
0.0006079234972677595,0.019038701622971287,0.0002759514583231684,0.5701231581419273
0.000608018366727383,0.019035731003276643,0.0003219239704757635,0.6419018427105501
0.0006081132361870067,0.01903276131045242,0.0003127378058838303,0.8011457840891227
0.0006082081056466302,0.01902979254406489,0.0003465151660775561,0.9412176706484472
0.0006083029751062538,0.0190268247036806,0.0003468194186583494,0.8408379306894069
0.0006083978445658773,0.019023857788866366,0.0003489470747920148,0.7312992349308941
0.0006084927140255009,0.019020891799189272,0.0003718531528947306,0.8451113834153057
0.0006085875834851244,0.01901792673421668,0.0003322516193249828,0.7024118894293689
0.000608682452944748,0.019014962593516208,0.00030396145273295843,0.8044104161112718
0.0006087773224043716,0.019011999376655757,0.0003508352395384344,0.8448987124791081
0.0006088721918639951,0.019009037083203492,0.0003539372158392516,0.589608725620678
0.0006089670613236187,0.01900607571272784,0.00033519011031076814,0.9264737411243132
0.0006090619307832422,0.019003115264797508,0.00033524389937245795,0.8193539168565358
0.0006091568002428658,0.019000155738981468,0.00030413154618530886,0.7909697270352991
0.0006092516697024893,0.01899719713484896,0.00035345617724772527,0.83374669833349
0.0006093465391621129,0.018994239451969486,0.00030962167285213116,0.5897135149109908
0.0006094414086217364,0.01899128268991283,0.00040237172699955377,0.7119828276228529
0.0006095362780813601,0.018988326848249026,0.0003600690048750051,0.8017475840970889
0.0006096311475409836,0.018985371926548398,0.0002896758216722242,0.9410096157977331
0.0006097260170006071,0.018982417924381517,0.00031670399127915695,0.6565439227872183
0.0006098208864602307,0.01897946484131923,0.00023690566960607814,0.45463617710734544
0.0006099157559198542,0.018976512676932653,0.0003280480597697771,0.7682415058694384
0.0006100106253794778,0.018973561430793158,0.00028379843390833936,0.7191634567367657
0.0006101054948391013,0.0189706111024724,0.000354981176894113,0.6821821983187238
0.000610200364298725,0.01896766169154229,0.00038671334988789666,0.581903375122116
0.0006102952337583485,0.018964713197575003,0.0003263457176115608,0.659872576803991
0.0006103901032179721,0.01896176562014299,0.0003757954009028961,0.5415298576387487
0.0006104849726775956,0.01895881895881896,0.0003672067219634923,0.8870457581506184
0.0006105798421372192,0.018955873213175885,0.00039571981359255807,0.5672827762771269
0.0006106747115968427,0.018952928382787015,0.00029620445165510063,0.4612575229387733
0.0006107695810564662,0.018949984467225848,0.00030317121824553723,0.7107697940196546
0.0006108644505160898,0.01894704146606616,0.00029953938430218055,0.7811855417552825
0.0006109593199757134,0.01894409937888199,0.00038536944958797085,0.6709195410516999
0.000611054189435337,0.01894115820524763,0.0003519855334970809,0.9023641958753108
0.0006111490588949605,0.01893821794473766,0.00033518359650256015,0.6055615689627631
0.0006112439283545841,0.018935278596926897,0.0002823959632496732,0.5805423483139673
0.0006113387978142076,0.01893234016139044,0.0003373422747924274,0.781853762578889
0.0006114336672738312,0.018929402637703645,0.00033743393999581257,0.9222769760817422
0.0006115285367334547,0.018926466025442137,0.0003590095380981035,0.6636295199566614
0.0006116234061930782,0.018923530324181793,0.00027140733400820937,0.6172172115685642
0.0006117182756527019,0.01892059553349876,0.00034351887975418266,0.6094403490587311
0.0006118131451123254,0.018917661652969455,0.0003183819120618329,0.9483168549871799
0.000611908014571949,0.01891472868217054,0.00026289315593689257,0.9568979646401337
0.0006120028840315725,0.018911796620678965,0.00034363626603766567,0.5733269503729992
0.0006120977534911961,0.018908865468071915,0.0002660912060951786,0.6927623726666795
0.0006121926229508196,0.01890593522392686,0.0003086094149977354,0.6549015742444451
0.0006122874924104432,0.018903005887821508,0.00033926534301826505,0.668250157291587
0.0006123823618700668,0.018900077459333853,0.00029199738140662433,0.8258046856854377
0.0006124772313296903,0.018897149938042136,0.00032812195058866774,0.7043854659801384
0.0006125721007893139,0.018894223323524858,0.0003449980013368463,0.6640522362272346
0.0006126669702489374,0.018891297615360795,0.0004071379297708507,0.6004252696859411
0.000612761839708561,0.018888372813128967,0.0003759262819563854,0.6682352305175656
0.0006128567091681845,0.01888544891640867,0.0004334050973448567,0.5606163972733261
0.0006129515786278081,0.018882525924779445,0.0002900557172506168,0.6764240253714346
0.0006130464480874316,0.01887960383782111,0.00038986539835460883,0.9338638210484616
0.0006131413175470553,0.018876682655113722,0.0003345525578691845,0.5847986397535191
0.0006132361870066788,0.018873762376237623,0.00031549397347935694,0.680690555108742
0.0006133310564663024,0.018870843000773393,0.0003803481671430717,0.7424510904281826
0.0006134259259259259,0.018867924528301886,0.0004037409244296942,1.1834156042631925
0.0006135207953855494,0.01886500695840421,0.00030775853527357025,0.47025146865068707
0.000613615664845173,0.018862090290661722,0.0003515819858305232,0.8002301291724457
0.0006137105343047965,0.018859174524656054,0.0003626035796394951,0.8434400779004195
0.0006138054037644202,0.01885625965996909,0.00027449664208896234,1.0792820266912666
0.0006139002732240437,0.01885334569618297,0.0002917485395262539,0.495799535953861
0.0006139951426836673,0.0188504326328801,0.0003282895224754931,1.0565366697036687
0.0006140900121432908,0.018847520469643133,0.00037972690648744873,0.8691057643625295
0.0006141848816029144,0.018844609206054987,0.0002783808521215954,0.8300586768580416
0.0006142797510625379,0.018841698841698843,0.00032808504425100806,0.6057783893446707
0.0006143746205221614,0.018838789376158124,0.00028640258976471666,0.6202336254032608
0.000614469489981785,0.018835880809016523,0.00036336018665273577,0.7602860537276612
0.0006145643594414086,0.018832973139857982,0.00034777075444375883,0.6541349683350187
0.0006146592289010322,0.01883006636826671,0.0003894226061341374,0.5996790026282951
0.0006147540983606557,0.018827160493827162,0.00025102275741077835,0.7298349836377898
0.0006148489678202793,0.018824255516124055,0.00025069738666943077,0.7342666753123317
0.0006149438372799028,0.018821351434742367,0.0003676916525402957,0.6614507558156393
0.0006150387067395264,0.018818448249267313,0.00033262830892523816,0.9241816733630521
0.0006151335761991499,0.01881554595928439,0.0002869700251832644,0.6087254523482022
0.0006152284456587734,0.01881264456437934,0.0002744431455651712,0.6275141179591561
0.0006153233151183971,0.018809744064138146,0.00030824909500631463,0.6571449298508635
0.0006154181845780206,0.018806844458147065,0.000276174628563694,0.7339363830989526
0.0006155130540376442,0.018803945745992603,0.0003573649663595596,0.70279855426555
0.0006156079234972677,0.01880104792726152,0.00032373072735801626,0.9355331507425887
0.0006157027929568913,0.018798151001540832,0.0003488209640095911,0.6226884306077987
0.0006157976624165148,0.01879525496841781,0.0003058319576346131,0.5648595540468239
0.0006158925318761384,0.018792359827479975,0.0003886511757283775,0.8999329103448284
0.000615987401335762,0.01878946557831511,0.0003733457760164356,0.8798889752610297
0.0006160822707953856,0.018786572220511243,0.00034968866986182976,0.951919386243582
0.0006161771402550091,0.01878367975365666,0.00039316333329686377,0.6582530476400325
0.0006162720097146326,0.018780788177339903,0.00041647120061644866,0.7286010689348612
0.0006163668791742562,0.01877789749114976,0.00030053105576347184,0.5625637264637587
0.0006164617486338797,0.018775007694675286,0.00028099176229970564,0.9071060106685187
0.0006165566180935033,0.01877211878750577,0.00034943632306075166,0.7003312189811223
0.0006166514875531268,0.01876923076923077,0.00031429567525273396,0.6542659251204878
0.0006167463570127505,0.018766343639440086,0.0003567547691170831,0.613070956584603
0.000616841226472374,0.01876345739772378,0.0003554841640180835,0.7108819884228172
0.0006169360959319976,0.018760572043672152,0.0003699771400605231,0.9144814756087468
0.0006170309653916211,0.01875768757687577,0.00035377172811018674,0.9183774711370146
0.0006171258348512446,0.018754803996925445,0.0003690109305639497,0.7833154179937354
0.0006172207043108682,0.018751921303412238,0.00034027863641128913,0.6918237717920797
0.0006173155737704917,0.018749039495927464,0.00032438031333933997,0.6789516757090208
0.0006174104432301154,0.018746158574062692,0.00032504035168346145,0.49434363466150066
0.0006175053126897389,0.018743278537409744,0.0003100263097146897,0.6409124311303949
0.0006176001821493625,0.018740399385560675,0.00031943806061684755,0.6689719667989245
0.000617695051608986,0.01873752111810782,0.00042591486042674727,0.9932540172941248
0.0006177899210686096,0.018734643734643733,0.0003517033243763443,0.5244369057365738
0.0006178847905282331,0.01873176723476125,0.00033176575045908217,0.7630071302431788
0.0006179796599878566,0.018728891618053425,0.00029854597353586173,0.48051899866423325
0.0006180745294474802,0.018726016884113586,0.0003393355211928568,0.7562717587231942
0.0006181693989071038,0.018723143032535302,0.00038239909476281056,0.5670517850942749
0.0006182642683667274,0.018720270062912384,0.0003375972719984147,0.7256913337908119
0.0006183591378263509,0.018717397974838908,0.000321906009666992,0.8005588055402488
0.0006184540072859745,0.01871452676790919,0.00034167857225461635,0.6917269194747967
0.000618548876745598,0.01871165644171779,0.00037744445797767016,0.7466845197561006
0.0006186437462052216,0.018708786995859532,0.0004229074822418176,0.801405792287205
0.0006187386156648451,0.018705918429929472,0.00037295530414358305,0.9251324991027015
0.0006188334851244686,0.018703050743522923,0.0002681759446862358,0.759517703301847
0.0006189283545840923,0.01870018393623544,0.0003195240761912181,0.6234428497786119
0.0006190232240437158,0.018697318007662837,0.00031663282501972486,0.8850516229643708
0.0006191180935033394,0.018694452957401166,0.00026717249107112293,0.8819677134129411
0.0006192129629629629,0.01869158878504673,0.00032063020914494916,0.9448693925428688
0.0006193078324225865,0.018688725490196078,0.00032529628296658705,0.8352123757335196
0.00061940270188221,0.01868586307244601,0.00034686489161232044,0.8016285688741501
0.0006194975713418336,0.01868300153139357,0.000375507923991685,0.6814068046761038
0.0006195924408014572,0.018680140866636046,0.0003140816396209107,0.9107544491001519
0.0006196873102610808,0.018677281077770974,0.0002800891110727088,0.6778669533298746
0.0006197821797207043,0.018674422164396146,0.0003530963658276039,0.6080631049246277
0.0006198770491803278,0.018671564126109583,0.00037323860602253334,0.6807756753454075
0.0006199719186399514,0.018668706962509565,0.0002957989485019904,0.4012140748793633
0.0006200667880995749,0.018665850673194616,0.0002899784404691502,0.7816058954477179
0.0006201616575591985,0.0186629952577635,0.0003156369563214021,0.8414636642029487
0.000620256527018822,0.018660140715815236,0.00039481705437630977,0.8650270863975422
0.0006203513964784457,0.018657287046949075,0.00028538512098985765,0.5131003749815779
0.0006204462659380692,0.018654434250764528,0.0003084938265300908,0.7940817352622367
0.0006205411353976928,0.018651582326861336,0.00032003887354851366,0.8096764628984569
0.0006206360048573163,0.0186487312748395,0.000333929727447302,0.8076965013528711
0.0006207308743169398,0.018645881094299255,0.00033022920339729843,0.6094273688889814
0.0006208257437765634,0.018643031784841075,0.0002514115694522899,0.48289408293352515
0.0006209206132361869,0.0186401833460657,0.0003375360337289506,0.9303985787307175
0.0006210154826958106,0.01863733577757409,0.0002784533267666614,1.0751791176676484
0.0006211103521554341,0.01863448907896747,0.0003301502910848568,0.611628055772338
0.0006212052216150577,0.01863164324984728,0.00033683298969873693,0.5434238068664486
0.0006213000910746812,0.01862879828981524,0.000331275024168198,0.7191849814399636
0.0006213949605343048,0.018625954198473283,0.00043392842585607657,0.7712139592401719
0.0006214898299939283,0.0186231109754236,0.00035169298710622957,0.7705279736318947
0.0006215846994535518,0.018620268620268624,0.0003025338456599022,0.6436887553962327
0.0006216795689131754,0.01861742713261102,0.0003189199948357318,0.7103513148318256
0.000621774438372799,0.01861458651205371,0.0003045514196780588,0.5928085100317967
0.0006218693078324226,0.01861174675819985,0.0003569224996865085,0.6702909015863504
0.0006219641772920461,0.01860890787065284,0.000250944691554225,0.922732887574196
0.0006220590467516697,0.01860606984901632,0.0002971326107558091,0.5026820974115748
0.0006221539162112932,0.018603232692894177,0.00030832368160353674,0.5389544836716641
0.0006222487856709168,0.018600396401890533,0.00037001007927242694,0.8877810076431811
0.0006223436551305403,0.01859756097560976,0.00036904771095472164,0.8214887181785
0.000622438524590164,0.018594726413656455,0.0003313943327616164,0.6390059012893403
0.0006225333940497875,0.018591892715635477,0.0003240822736707549,0.7675499460179881
0.000622628263509411,0.018589059881151917,0.0002902764198766079,0.6674531385593779
0.0006227231329690346,0.01858622790981109,0.0003247139787715432,0.91328085217451
0.0006228180024286581,0.018583396801218587,0.0003274813510975826,0.9632137506482158
0.0006229128718882817,0.0185805665549802,0.0003699965587808561,0.8014752771828735
0.0006230077413479052,0.018577737170701995,0.0002999894527057449,0.631541603383686
0.0006231026108075288,0.018574908647990256,0.0003169675576958437,0.6339360312884287
0.0006231974802671524,0.018572080986451515,0.0003510307775901574,0.40672865815875503
0.000623292349726776,0.01856925418569254,0.0003161640936606293,0.8795801824133713
0.0006233872191863995,0.018566428245320347,0.0002934207112587545,0.7644931657489152
0.000623482088646023,0.018563603164942183,0.0003090041479194304,0.8329249843761446
0.0006235769581056466,0.018560778944165527,0.0003515999735718532,0.6764651247913153
0.0006236718275652701,0.018557955582598117,0.00039277208250909824,0.7555108964191751
0.0006237666970248937,0.018555133079847907,0.00037003787343453545,0.8832733190807575
0.0006238615664845172,0.018552311435523116,0.000301091734883034,0.8251593339798222
0.0006239564359441409,0.018549490649232173,0.0002526943758079782,0.7230061929532092
0.0006240513054037644,0.018546670720583764,0.00031549008680030883,0.4670978530280391
0.000624146174863388,0.018543851649186805,0.0002505170146034926,0.6221387943601504
0.0006242410443230115,0.018541033434650456,0.00030711870668929215,0.776953744810541
0.000624335913782635,0.01853821607658411,0.00026613885828838483,0.8066694870480783
0.0006244307832422586,0.018535399574597388,0.00022112290729937758,0.7305255626731839
0.0006245256527018821,0.01853258392830017,0.00033207657088591195,0.8756087804389474
0.0006246205221615058,0.018529769137302553,0.0003671494155310173,0.5899648017283686
0.0006247153916211293,0.018526955201214886,0.00046664304865477583,0.76910800389933
0.0006248102610807529,0.018524142119647737,0.00030804602704331173,0.9207652965737254
0.0006249051305403764,0.018521329892211936,0.00027633581778398935,0.7924701257448743
0.000625,0.018518518518518517,0.00037187772812930414,0.5725118244736842
0.0006250948694596235,0.018515707998178782,0.00028861465897315434,0.7068550192503819
0.0006251897389192471,0.01851289833080425,0.0002862293435833075,0.9078980152570048
0.0006252846083788706,0.018510089516006675,0.0002676199699669717,0.390993558654586
0.0006253794778384942,0.01850728155339806,0.0003512157262909475,0.7456131428530227
0.0006254743472981178,0.018504474442590627,0.00029996461154926577,0.45727977229341166
0.0006255692167577413,0.01850166818319685,0.00033265613673099753,0.8485383826944877
0.0006256640862173649,0.018498862774829417,0.00036743415946920475,0.47606873591369425
0.0006257589556769884,0.018496058217101277,0.0002435351347014316,0.566457481455312
0.000625853825136612,0.01849325450962559,0.0002625132858630915,0.6191813228702283
0.0006259486945962355,0.018490451652015766,0.00033601866865326247,0.6699735764633086
0.0006260435640558592,0.018487649643885436,0.00032183776643126877,0.7320220662465113
0.0006261384335154827,0.018484848484848486,0.00030292510033528815,0.713379493225804
0.0006262333029751062,0.018482048174519015,0.00030432800063093484,0.8058953063693588
0.0006263281724347298,0.01847924871251136,0.00029230052317007053,0.7597328240365647
0.0006264230418943533,0.018476450098440105,0.0003571684725594927,0.7075217325107884
0.0006265179113539769,0.01847365233192005,0.0002860989044567375,0.7043132183321377
0.0006266127808136004,0.01847085541256624,0.00031413659844166554,0.4976271476611169
0.000626707650273224,0.018468059339993945,0.00031453735341709305,0.7456536743464267
0.0006268025197328476,0.01846526411381868,0.0003226610823737015,0.892830823175785
0.0006268973891924712,0.018462469733656173,0.0003622514537312622,0.5822924839341707
0.0006269922586520947,0.01845967619912241,0.0004251762916598421,0.9167506144861883
0.0006270871281117182,0.01845688350983359,0.0003422789959689263,0.8906370170579604
0.0006271819975713418,0.018454091665406142,0.0003508864211450161,0.8675086536997619
0.0006272768670309653,0.01845130066545675,0.00035850183567951653,0.6225448527145817
0.0006273717364905889,0.0184485105096023,0.00040989175188276304,0.7005653820917185
0.0006274666059502125,0.018445721197459936,0.00026810857368913274,0.5814085590828754
0.0006275614754098361,0.018442932728647013,0.0002339668763500755,0.5450581530763223
0.0006276563448694596,0.018440145102781136,0.00017910371056186194,0.5505089762592574
0.0006277512143290832,0.018437358319480127,0.00028737008032691017,0.46438666545198787
0.0006278460837887067,0.018434572378362043,0.00026781214706403145,0.6670781569896576
0.0006279409532483302,0.018431787279045174,0.0003592418210285452,0.8344854349317101
0.0006280358227079538,0.018429003021148038,0.00026356629783249946,0.6769576804380517
0.0006281306921675773,0.018426219604289383,0.0003910601088516476,0.5506405774520978
0.000628225561627201,0.01842343702808819,0.00031650775238936457,0.584509471461899
0.0006283204310868245,0.018420655292163676,0.00037337586532469976,0.8455170903074224
0.0006284153005464481,0.018417874396135268,0.0002484852749328896,0.8000129964062453
0.0006285101700060716,0.018415094339622642,0.0002685785852352203,0.7992307501058765
0.0006286050394656952,0.018412315122245698,0.0003375432625395715,0.5746997214935092
0.0006286999089253187,0.01840953674362457,0.00030985042953601605,0.7735274715347139
0.0006287947783849423,0.0184067592033796,0.00035012234147005776,0.4279637194647426
0.0006288896478445659,0.018403982501131393,0.000322186213393006,0.5502972114947582
0.0006289845173041894,0.018401206636500758,0.000221927458548615,0.7943007977710306
0.000629079386763813,0.018398431609108732,0.00044463719532741435,0.7120853294412416
0.0006291742562234365,0.0183956574185766,0.000370883254198572,0.6556376139943331
0.0006292691256830601,0.018392884064525855,0.0002121396526423853,1.0488318825365965
0.0006293639951426836,0.018390111546578235,0.000325224958387801,1.0534364009294643
0.0006294588646023072,0.018387339864355687,0.00029902885119698357,0.9593438039286943
0.0006295537340619307,0.018384569017480413,0.0003921710767825846,0.8829963668445051
0.0006296486035215544,0.01838179900557481,0.00018790965935564646,0.9357878558539157
0.0006297434729811779,0.018379029828261523,0.0003605139777929573,0.5183545193510514
0.0006298383424408014,0.01837626148516343,0.00018817236032210138,0.3976430402114847
0.000629933211900425,0.018373493975903616,0.0002562761692939571,0.8348329777066136
0.0006300280813600485,0.01837072730010541,0.0002648601488105734,0.46915045335986666
0.0006301229508196721,0.018367961457392352,0.00033715307786701175,0.8812806835432052
0.0006302178202792956,0.01836519644738823,0.00020718158516884211,0.8582607424241854
0.0006303126897389193,0.01836243226971704,0.0002778682785095557,0.637467209558464
0.0006304075591985428,0.018359668924003012,0.0002740192472892772,0.6471007549068798
0.0006305024286581664,0.0183569064098706,0.0003152191803369809,0.7679170283582624
0.0006305972981177899,0.018354144726944487,0.0003118911269527741,0.7199687146755315
0.0006306921675774134,0.01835138387484958,0.00042622429674052533,0.4503264290912129
0.000630787037037037,0.01834862385321101,0.00038304967101614586,0.49803889588370376
0.0006308819064966605,0.018345864661654138,0.0003919534093544131,0.7287449114139523
0.0006309767759562841,0.01834310629980454,0.000364214249032284,0.29359505738477837
0.0006310716454159077,0.018340348767288035,0.00026492388641204134,0.32632128941298066
0.0006311665148755313,0.018337592063730646,0.0003335549735271603,0.8391196032281297
0.0006312613843351548,0.018334836188758644,0.0003828935705596742,0.7306876281943746
0.0006313562537947784,0.018332081141998496,0.0002603866539587583,0.8102007522030015
0.0006314511232544019,0.018329326923076924,0.0002978968064736191,0.7197128691858143
0.0006315459927140255,0.018326573531620847,0.00039654099593816025,1.080059028065273
0.000631640862173649,0.018323820967257435,0.0002896282840074069,0.656523641961238
0.0006317357316332725,0.01832106922961406,0.00025592745762574663,0.9283712154638017
0.0006318306010928962,0.01831831831831832,0.00028283148693620424,0.5997917448233745
0.0006319254705525197,0.01831556823299805,0.00027777759063389714,0.8133516205250462
0.0006320203400121433,0.018312818973281297,0.0003808013019882161,0.9864946836151809
0.0006321152094717668,0.01831007053879634,0.00033222867014943237,0.6498165778868337
0.0006322100789313904,0.018307322929171668,0.00034918607697116455,0.7005744658381323
0.0006323049483910139,0.01830457614403601,0.00029836898936688646,0.6512995518715844
0.0006323998178506375,0.0183018301830183,0.00037842235007085376,0.8081774821323578
0.000632494687310261,0.018299085045747714,0.00023413727837090812,0.8423051215662322
0.0006325895567698846,0.01829634073185363,0.00035868160950894745,0.2589379799929125
0.0006326844262295082,0.018293597240965662,0.00037598358275762436,0.5217723352258864
0.0006327792956891317,0.018290854572713646,0.0003303938862572576,0.8662798096361731
0.0006328741651487553,0.018288112726727628,0.0002818603181615156,0.5619122016502078
0.0006329690346083788,0.01828537170263789,0.00026922650231539844,0.8009696906761852
0.0006330639040680024,0.01828263150007493,0.00030999802623863303,0.8097417371452189
0.0006331587735276259,0.018279892118669466,0.0003835469660137207,0.8214520291666416
0.0006332536429872496,0.018277153558052435,0.0004047243041810062,0.6535761858860187
0.0006333485124468731,0.018274415817855005,0.000301111707111094,0.8746147169773789
0.0006334433819064966,0.018271678897708553,0.00025833682994404954,0.6806448784915028
0.0006335382513661202,0.018268942797244683,0.00024347505067119946,0.3993355053693702
0.0006336331208257437,0.018266207516095225,0.000350214394597293,0.7174733641698035
0.0006337279902853673,0.018263473053892216,0.0003278154577939646,0.7654825358612019
0.0006338228597449908,0.018260739410267925,0.0004038378919629209,0.9628618745845254
0.0006339177292046145,0.018258006584854835,0.0003048807743314331,0.8929146422816078
0.000634012598664238,0.01825527457728565,0.00031090793659228373,0.7700397177640037
0.0006341074681238616,0.018252543387193294,0.0003757961788472373,0.7454841814874845
0.0006342023375834851,0.01824981301421092,0.00033411950374134184,0.7701206635725968
0.0006342972070431086,0.018247083457971883,0.0002916895296407131,0.6742974124175476
0.0006343920765027322,0.018244354718109767,0.00032976708492619657,0.5793072303802299
0.0006344869459623557,0.018241626794258375,0.0002519839455280623,0.22239021475551068
0.0006345818154219793,0.018238899686051725,0.0003846177571398252,0.8791134587735696
0.0006346766848816029,0.018236173393124066,0.00035644077170048175,0.47327931226187187
0.0006347715543412265,0.01823344791510985,0.00031963045456788496,1.0472221317806032
0.00063486642380085,0.018230723251643755,0.0003575768830158784,0.7599748934928998
0.0006349612932604736,0.018227999402360674,0.00031741723703379603,0.7148204107805328
0.0006350561627200971,0.018225276366895728,0.0003802752694238439,0.5063680544789639
0.0006351510321797207,0.018222554144884242,0.00036640849968095875,0.8068261786448672
0.0006352459016393442,0.01821983273596177,0.0003842318813676869,0.5738859688942687
0.0006353407710989677,0.018217112139764076,0.00022311341959971065,0.22545953629955343
0.0006354356405585914,0.01821439235592714,0.00024289797352031178,0.6200636567463831
0.0006355305100182149,0.01821167338408718,0.00038483752091100966,0.533646738266208
0.0006356253794778385,0.018208955223880597,0.00029707495900514784,0.9380708891510101
0.000635720248937462,0.01820623787494404,0.00031619326783952886,0.677079288720456
0.0006358151183970856,0.018203521336914354,0.0003653164876651436,0.718677894355679
0.0006359099878567091,0.018200805609428616,0.0003850623335400689,0.3606398456053178
0.0006360048573163327,0.018198090692124105,0.000415481216954845,0.9769122994291316
0.0006360997267759563,0.01819537658463833,0.0002786711859507444,0.5540086994271134
0.0006361945962355798,0.01819266328660901,0.00031422523775787904,1.2369385966884865
0.0006362894656952034,0.018189950797674072,0.0002657848003099667,0.6294511091525189
0.0006363843351548269,0.01818723911747168,0.0003003628546533601,0.5717262372473542
0.0006364792046144505,0.018184528245640184,0.0004260302320710341,0.5644583104674755
0.000636574074074074,0.018181818181818184,0.0004125362310121397,0.5166443445971947
0.0006366689435336976,0.018179108925644463,0.00038432567205018534,0.7327267890204966
0.0006367638129933211,0.01817640047675805,0.00033852959674306014,0.39316357918095163
0.0006368586824529448,0.018173692834798152,0.0004043534454664744,0.6070767834025418
0.0006369535519125683,0.01817098599940423,0.00027172479438342963,0.5294181617401362
0.0006370484213721918,0.018168279970215938,0.0003229740165572152,0.8278379528240979
0.0006371432908318154,0.01816557474687314,0.0002179919209027417,0.7531896170837533
0.0006372381602914389,0.018162870329015934,0.0003098127671690327,1.0160947324839815
0.0006373330297510625,0.01816016671628461,0.0004294258802232634,0.47516205479063134
0.000637427899210686,0.018157463908319692,0.0003698492199636673,1.00105147298316
0.0006375227686703097,0.018154761904761906,0.0003212344056246734,0.9922744631833957
0.0006376176381299332,0.018152060705252195,0.00025191395305227635,0.7328842669661166
0.0006377125075895568,0.018149360309431716,0.0003486144629055214,0.858145995974201
0.0006378073770491803,0.018146660716941845,0.00037320617595412215,0.5747330181026554
0.0006379022465088039,0.01814396192742415,0.00035835024460863755,0.5071824082611944
0.0006379971159684274,0.018141263940520447,0.0002634971024953184,0.6607033830436323
0.0006380919854280509,0.018138566755872734,0.00029476669315599806,0.812644556382863
0.0006381868548876745,0.018135870373123236,0.0002432079966849557,0.9734928002770512
0.000638281724347298,0.01813317479191439,0.00028778083422710565,0.7114314547987665
0.0006383765938069217,0.018130480011888838,0.00035221158564325064,0.28783898796357044
0.0006384714632665452,0.018127786032689452,0.00030873900093627307,0.5122752255950151
0.0006385663327261688,0.018125092853959295,0.00020935052469362082,0.4925987804279013
0.0006386612021857923,0.018122400475341655,0.00018894267583626713,0.5708226141496232
0.0006387560716454159,0.018119708896480024,0.00040782675998409277,0.45985382175508177
0.0006388509411050394,0.018117018117018116,0.00028078410097840995,0.8137581554718348
0.0006389458105646629,0.018114328136599852,0.0003127457298890347,0.6139121714987759
0.0006390406800242866,0.01811163895486936,0.00029562392556994004,0.9044477031384436
0.0006391355494839101,0.018108950571470984,0.000424834469273665,0.7397315012732711
0.0006392304189435337,0.01810626298604927,0.0003243326549113378,0.5394502154438612
0.0006393252884031572,0.018103576198249,0.00032989029013545044,0.7793909166698884
0.0006394201578627808,0.018100890207715135,0.0002963902543809019,0.7240604409445023
0.0006395150273224043,0.01809820501409287,0.0002484480203515711,0.20943578765118792
0.0006396098967820279,0.018095520617027586,0.00033746765683101827,0.636888979933988
0.0006397047662416515,0.01809283701616491,0.0002703328341003506,0.6221348581647198
0.000639799635701275,0.018090154211150653,0.0003310469481452028,0.7449311773097429
0.0006398945051608986,0.018087472201630837,0.00030697656370196513,0.8573277302876032
0.0006399893746205221,0.018084790987251707,0.00032037158542663497,0.634037816028626
0.0006400842440801457,0.0180821105676597,0.000454919020566815,0.6959265966786478
0.0006401791135397692,0.018079430942501484,0.00024084885691130975,0.6712070847909287
0.0006402739829993928,0.018076752111423917,0.0003744900917834286,0.7568433719209953
0.0006403688524590163,0.018074074074074076,0.0003109381218204846,0.6197867333643083
0.00064046372191864,0.018071396830099243,0.0003104349511926769,0.6654192997694858
0.0006405585913782635,0.01806872037914692,0.0002711602191899264,0.5730796648526797
0.0006406534608378871,0.0180660447208648,0.0003603074010347443,0.8251971961788779
0.0006407483302975106,0.0180633698549008,0.00018507819726349092,0.7968511709000394
0.0006408431997571341,0.018060695780903035,0.000425966742174618,0.6623741956817641
0.0006409380692167577,0.018058022498519836,0.00044324058940915556,0.6062914107151557
0.0006410329386763812,0.018055350007399735,0.00039977620027386023,0.7139058381264072
0.0006411278081360049,0.018052678307191476,0.0002424841272969088,0.581702155460493
0.0006412226775956284,0.018050007397544015,0.0004044130217663927,0.8744064385371346
0.000641317547055252,0.01804733727810651,0.00025886469653080437,0.699417690372909
0.0006414124165148755,0.018044667948528326,0.00037830479564021576,1.0114493551850745
0.0006415072859744991,0.018041999408459037,0.00034363258029144296,0.47238688014886354
0.0006416021554341226,0.018039331657548428,0.00038599304629918503,1.0978934511574736
0.0006416970248937461,0.018036664695446483,0.00025200511124000893,0.657490377707392
0.0006417918943533697,0.0180339985218034,0.00019029403878919126,0.30717765117635787
0.0006418867638129933,0.018031333136269586,0.00034419600861119114,0.66677357967949
0.0006419816332726169,0.01802866853849564,0.00033101220552087446,0.8053316069147386
0.0006420765027322404,0.01802600472813239,0.00033486606217789707,0.7693040757954147
0.000642171372191864,0.018023341704830848,0.0002884207378953627,0.8021141915899546
0.0006422662416514875,0.018020679468242245,0.00024032381067109378,0.49418391347799157
0.0006423611111111111,0.018018018018018018,0.0002692579634247682,0.5666521981053838
0.0006424559805707346,0.018015357353809807,0.000273075071229814,0.5584200023763087
0.0006425508500303581,0.018012697475269453,0.00041131014249958116,1.0381892485575044
0.0006426457194899818,0.01801003838204901,0.0003684499979387507,0.8510886711000275
0.0006427405889496053,0.01800738007380074,0.00025225189897483565,0.6270160302259017
0.0006428354584092289,0.018004722550177096,0.00026735360537889736,0.4632804612456265
0.0006429303278688524,0.018002065810830754,0.00039919436081565677,0.7824760165378594
0.000643025197328476,0.017999409855414577,0.00032475273746203765,0.3644392415365655
0.0006431200667880995,0.01799675468358165,0.00030330366954117353,0.3740022706150931
0.0006432149362477231,0.01799410029498525,0.00031347904133991584,0.8510471944787938
0.0006433098057073467,0.017991446689278868,0.0002359472309686401,0.43704219808172273
0.0006434046751669702,0.017988793866116192,0.0002924573737425949,0.6153935775275527
0.0006434995446265938,0.01798614182515111,0.00042578097383693016,0.3810704055447323
0.0006435944140862173,0.01798349056603774,0.0003361297150450621,0.4261072652201184
0.0006436892835458409,0.01798084008843036,0.00021947210764262896,0.6410888251080975
0.0006437841530054644,0.017978190391983496,0.00035435626890235026,0.7448774296469065
0.000643879022465088,0.017975541476351848,0.0003011187678535985,1.039720358842161
0.0006439738919247115,0.01797289334119034,0.00021976444134364317,0.7285900661504231
0.0006440687613843352,0.01797024598615407,0.00027606977868183,0.5936712567123745
0.0006441636308439587,0.017967599410898382,0.00029145390103010486,0.8727965981807129
0.0006442585003035823,0.01796495361507878,0.00024218420032112508,0.880577525462098
0.0006443533697632058,0.017962308598351004,0.00035084167579502916,0.40582310228869284
0.0006444482392228293,0.017959664360370973,0.0003186822058430302,0.4831601788569155
0.0006445431086824529,0.01795702090079482,0.0003267775924257027,0.5401492969559311
0.0006446379781420764,0.017954378219278883,0.00029193214185226356,0.7568672026802241
0.0006447328476017001,0.017951736315479694,0.0003458532349830444,0.8286180413315197
0.0006448277170613236,0.017949095189053996,0.00027376577874341484,0.7933967416869961
0.0006449225865209472,0.01794645483965872,0.00032039919445400115,0.176756444019219
0.0006450174559805707,0.017943815266951022,0.0003565901923749263,0.5270698780848744
0.0006451123254401943,0.017941176470588235,0.00036465616501224604,0.8042345156299395
0.0006452071948998178,0.017938538450227907,0.00037903631885816103,0.40937362664952326
0.0006453020643594413,0.017935901205527786,0.00030251996078354426,0.6828859103749926
0.000645396933819065,0.01793326473614582,0.00019364319064140028,0.5747605471814027
0.0006454918032786885,0.017930629041740156,0.00023955172117064987,0.33612755012188095
0.0006455866727383121,0.01792799412196914,0.00025177292761513405,0.8195928089428013
0.0006456815421979356,0.017925359976491334,0.00028275395254182364,0.8092096176500722
0.0006457764116575592,0.017922726604965477,0.00020650176913285958,1.0205708498293469
0.0006458712811171827,0.01792009400705053,0.00030474187967519936,0.5403534888615649
0.0006459661505768063,0.017917462182405638,0.0002890753421992107,0.6908266915751068
0.0006460610200364298,0.017914831130690163,0.0004133354720684582,0.8454306118910263
0.0006461558894960533,0.01791220085156365,0.0002083375263726379,0.3016836834806999
0.000646250758955677,0.01790957134468585,0.0003021018706060795,0.8678817524037747
0.0006463456284153005,0.01790694260971672,0.00026224561284065575,0.21840431601880972
0.0006464404978749241,0.017904314646316408,0.00026708464903979197,0.42088150183745954
0.0006465353673345476,0.01790168745414527,0.0002943702296301339,0.7069997107312137
0.0006466302367941712,0.017899061032863848,0.0003858392693133546,0.8253960712175519
0.0006467251062537947,0.017896435382132904,0.0002519279626207075,0.4904160469951052
0.0006468199757134183,0.017893810501613375,0.0003021580586980661,0.5437150129087682
0.0006469148451730419,0.01789118639096642,0.0004063037873114541,0.7112359845965195
0.0006470097146326655,0.01788856304985337,0.00040104503406026437,0.9514566412965968
0.000647104584092289,0.017885940477935788,0.0002595443364578999,0.7006498165718724
0.0006471994535519125,0.017883318674875404,0.0003476815818183486,0.679161084581701
0.0006472943230115361,0.017880697640334165,0.00024948661296655603,0.45333517393203426
0.0006473891924711596,0.017878077373974212,0.00028253579948176393,0.795490969834013
0.0006474840619307832,0.017875457875457874,0.0002938145053760359,1.2498700779896788
0.0006475789313904067,0.017872839144447702,0.00022123103404373946,0.2169236372567928
0.0006476738008500304,0.017870221180606414,0.0003079641102432263,0.6668342624411602
0.0006477686703096539,0.017867603983596953,0.000308516601053369,0.47530019244955485
0.0006478635397692775,0.017864987553082443,0.0003305619080626353,0.6925999910518886
0.000647958409228901,0.01786237188872621,0.00029419428980061646,0.5415444163790695
0.0006480532786885245,0.017859756990191777,0.000231478812929785,0.811619097461007
0.0006481481481481481,0.017857142857142856,0.00013345478687953804,0.21057525238471622
0.0006482430176077716,0.01785452948924338,0.00021958865745587465,0.8562870655248839
0.0006483378870673953,0.01785191688615745,0.0002602361244247179,1.0353949609073347
0.0006484327565270188,0.01784930504754938,0.00033924036989618414,0.9750468410829644
0.0006485276259866424,0.017846693973083673,0.00023339252451719808,1.0677022606839879
0.0006486224954462659,0.017844083662425042,0.00032325700739911536,0.7320189168144083
0.0006487173649058895,0.017841474115238374,0.0003450845009497817,0.6597266115065995
0.000648812234365513,0.01783886533118877,0.0003846349697737401,0.2430655678073021
0.0006489071038251365,0.01783625730994152,0.00023528423348960853,0.903547857204866
0.0006490019732847601,0.017833650051162112,0.00032145281786042447,0.31009774199526613
0.0006490968427443837,0.017831043554516226,0.0003659178305391204,0.3703147948635695
0.0006491917122040073,0.017828437819669737,0.0003849646934925518,0.27517878494441333
0.0006492865816636308,0.01782583284628872,0.00026317898954525393,0.44827167454316297
0.0006493814511232544,0.017823228634039442,0.00032463970478149406,0.9170570663467966
0.0006494763205828779,0.017820625182588375,0.00024520911435724836,0.5257328040013656
0.0006495711900425015,0.01781802249160216,0.0003374872490150539,0.8784397569330659
0.000649666059502125,0.017815420560747666,0.0003678353733957944,0.37550618007509035
0.0006497609289617487,0.017812819389691925,0.00042074293043299854,0.7391445579312949
0.0006498557984213722,0.017810218978102192,0.000325107182509479,0.9763365834864278
0.0006499506678809957,0.017807619325645892,0.000287984650039566,1.0320665891892327
0.0006500455373406193,0.01780502043199066,0.0002925888140482226,0.6209513313130277
0.0006501404068002428,0.01780242229680432,0.00038476030144238163,0.7671492514826378
0.0006502352762598664,0.01779982491975489,0.00042938078551151373,0.7526642270192461
0.0006503301457194899,0.01779722830051058,0.00029874966645578174,1.0823466742534533
0.0006504250151791135,0.01779463243873979,0.000325353378194295,0.6802726315115277
0.0006505198846387371,0.017792037334111128,0.00023011686148215587,0.40984201077919635
0.0006506147540983607,0.01778944298629338,0.0002975530947648374,0.44669774047742844
0.0006507096235579842,0.017786849394955534,0.0001737158231335822,0.7278597725523817
0.0006508044930176077,0.017784256559766766,0.00031828044359533093,0.7618593397388419
0.0006508993624772313,0.017781664480396444,0.0002810272023470148,0.4436375620195455
0.0006509942319368548,0.017779073156514138,0.00035508500197936426,0.6484436958340628
0.0006510891013964784,0.017776482587789598,0.0004936071091649678,0.7590757906625332
0.000651183970856102,0.017773892773892776,0.0003106624036017735,0.6565504305063832
0.0006512788403157256,0.01777130371449381,0.0003363301950760165,0.807750405358194
0.0006513737097753491,0.017768715409263038,0.000268164326964441,1.0224727186707985
0.0006514685792349727,0.017766127857870975,0.00038323136680726077,0.5256387321709167
0.0006515634486945962,0.017763541059988352,0.00029700328926293435,0.83801835516244
0.0006516583181542197,0.01776095501528607,0.00018387735529935568,0.6231576520124823
0.0006517531876138433,0.017758369723435224,0.00030746816905257405,0.5838157708200096
0.0006518480570734668,0.017755785184107118,0.00019715805618822534,1.3116627221319666
0.0006519429265330905,0.017753201396973225,0.0003154042550588789,0.6516812255137978
0.000652037795992714,0.017750618361705224,0.00019322941817251073,0.615334649745557
0.0006521326654523376,0.01774803607797498,0.00034225014619222906,0.637972561811058
0.0006522275349119611,0.017745454545454547,0.0002485715264899242,0.8881886225757211
0.0006523224043715847,0.017742873763816173,0.00046459267663127103,0.4581364651552567
0.0006524172738312082,0.017740293732732296,0.0002533537744317535,0.40924349956697187
0.0006525121432908317,0.01773771445187555,0.0002343153515776155,0.8268479990421284
0.0006526070127504553,0.01773513592091874,0.0002719901435955125,0.2026692603480481
0.0006527018822100789,0.017732558139534886,0.00038056555783817444,0.8268327092126948
0.0006527967516697025,0.01772998110739718,0.00035609929935241527,0.7398256177802522
0.000652891621129326,0.01772740482417902,0.0003633325092863001,0.5191012758070369
0.0006529864905889496,0.017724829289553972,0.00026933989943827804,0.27237496918315607
0.0006530813600485731,0.017722254503195818,0.0003373117587500313,1.0221060091395455
0.0006531762295081967,0.017719680464778505,0.0003029132452267125,-0.12276390955479137
0.0006532710989678202,0.017717107173976183,0.00029697696842886614,0.41790767220415137
0.0006533659684274439,0.01771453463046319,0.0003979736142580771,0.7971696802924044
0.0006534608378870674,0.017711962833914054,0.00026262311804602046,0.4902198944464449
0.0006535557073466909,0.017709391784003485,0.00028470630662189776,0.5984629787785076
0.0006536505768063145,0.017706821480406386,0.00022628315646916299,0.6523080570296206
0.000653745446265938,0.017704251922797853,0.0002591836376632305,0.8265874147743949
0.0006538403157255616,0.017701683110853163,0.0003678847827210503,0.5205996750701176
0.0006539351851851851,0.017699115044247787,0.00042451061401281836,0.7323622910012028
0.0006540300546448087,0.017696547722657382,0.00041337917013167347,0.5847635642207132
0.0006541249241044323,0.017693981145757796,0.0003137346238687412,0.6212172856485716
0.0006542197935640559,0.01769141531322506,0.00028568174681153143,0.5705607954978134
0.0006543146630236794,0.017688850224735393,0.0003466556706756098,0.8036266522198489
0.0006544095324833029,0.017686285879965208,0.0002849442141976833,0.8440882725115233
0.0006545044019429265,0.0176837222785911,0.00014594575047775703,0.3048200468752342
0.00065459927140255,0.017681159420289857,0.00030990665440799246,0.6372801958380713
0.0006546941408621736,0.017678597304738444,0.0002074912377012855,0.6941614114280428
0.0006547890103217972,0.01767603593161403,0.00038921622946736125,0.44049439225875
0.0006548838797814208,0.017673475300593947,0.000308493852787544,0.650234083079955
0.0006549787492410443,0.017670915411355737,0.0003226388665464599,0.9469380831389681
0.0006550736187006679,0.017668356263577118,0.0001138990396417961,0.9986242211686459
0.0006551684881602914,0.017665797856936,0.00035335942438758657,0.6876459838841606
0.0006552633576199149,0.017663240191110468,0.00029927167301993556,0.6372134743404696
0.0006553582270795385,0.01766068326577881,0.0003239293438750131,0.49379935652566537
0.000655453096539162,0.017658127080619482,0.0002983460404250345,0.3125716551835809
0.0006555479659987857,0.017655571635311146,0.0003819380070611719,0.30346693099666894
0.0006556428354584092,0.017653016929532632,0.0001952006820980461,0.6270805553347983
0.0006557377049180328,0.01765046296296296,0.00033251873942434295,0.477131103824543
0.0006558325743776563,0.017647909735281353,0.0003382114922789452,0.2508170176347207
0.0006559274438372799,0.017645357246167198,0.0003191822187810362,0.8687517110271464
0.0006560223132969034,0.017642805495300073,0.0002946850399998332,0.8376154221065782
0.000656117182756527,0.017640254482359743,0.00038122923658279125,0.5042842576372377
0.0006562120522161506,0.017637704207026168,0.0003841099451037481,0.7231160111442186
0.0006563069216757741,0.017635154668979476,0.00025258386664136465,0.4578623689008143
0.0006564017911353977,0.017632605867899987,0.0002571766824519179,0.564723901578353
0.0006564966605950212,0.01763005780346821,0.0002862359472305512,0.7545378896051088
0.0006565915300546448,0.017627510475364833,0.0001979194344721249,1.3448138822682099
0.0006566863995142683,0.01762496388327073,0.00024326385112258153,0.675251656106367
0.0006567812689738919,0.017622418026866964,0.0001672807747731053,0.8011399404219544
0.0006568761384335154,0.017619872905834777,0.0002012561587758434,0.41097834920857435
0.0006569710078931391,0.017617328519855598,0.00036191734100609257,0.5278801529607119
0.0006570658773527626,0.01761478486861103,0.00045487352396681265,0.7095703139043743
0.0006571607468123861,0.017612241951782882,0.00039325014063110354,0.6381664869962533
0.0006572556162720097,0.01760969976905312,0.000312451325492036,0.6552448542875133
0.0006573504857316332,0.017607158320103913,0.00029707805859925586,0.5146142300584322
0.0006574453551912568,0.017604617604617605,0.00042174514901698626,0.5240959424223733
0.0006575402246508803,0.01760207762227673,0.0002904890777885354,0.6691760338992437
0.000657635094110504,0.01759953837276399,0.00033312513246156703,0.9845058414905766
0.0006577299635701275,0.017596999855762296,0.00028487670236211344,0.6338222457523134
0.0006578248330297511,0.017594462070954713,0.00019614630458850718,0.31393198080612517
0.0006579197024893746,0.017591925018024514,0.0002776117534084039,1.0278372960545994
0.0006580145719489981,0.017589388696655134,0.00025563510491920043,0.7710538731156249
0.0006581094414086217,0.0175868531065302,0.00036102536097781655,0.613489735317382
0.0006582043108682452,0.017584318247333527,0.00025958521655242346,0.20767695914305584
0.0006582991803278688,0.0175817841187491,0.00032399659163812424,0.5750572082375065
0.0006583940497874924,0.017579250720461095,0.00030970811150030704,0.7253818709061038
0.000658488919247116,0.01757671805215387,0.00023694326360583417,0.508115579522648
0.0006585837887067395,0.01757418611351196,0.00026253207974350943,0.5199543866097996
0.0006586786581663631,0.017571654904220076,0.0003559950149860025,0.686243887965412
0.0006587735276259866,0.017569124423963134,0.00017267116034343533,0.7745798742121506
0.0006588683970856101,0.01756659467242621,0.00031828568894306207,0.35407700057630836
0.0006589632665452337,0.01756406564929456,0.00039393586510959484,0.7229155934691934
0.0006590581360048572,0.017561537354253635,0.0004130479562947659,0.29387720677392554
0.0006591530054644809,0.01755900978698906,0.0003251980217194873,0.9932657498300206
0.0006592478749241044,0.017556482947186647,0.00026672952425376665,0.6130762620784612
0.000659342744383728,0.017553956834532373,0.00018250275046964974,1.23358281356012
0.0006594376138433515,0.017551431448712417,0.00029790644049586403,0.2734268139942716
0.0006595324833029751,0.017548906789413118,0.000262844419603103,0.7822373768269576
0.0006596273527625986,0.017546382856321013,0.00030123049866070885,0.4823600904280507
0.0006597222222222222,0.017543859649122806,0.00036495529654620033,1.0658864276568198
0.0006598170916818458,0.017541337167505392,0.0003880794977963074,0.5161932708248482
0.0006599119611414693,0.017538815411155838,0.00045179157246867137,0.49097015504122776
0.0006600068306010929,0.01753629437976139,0.0004273895467061927,0.40984352324958867
0.0006601017000607164,0.01753377407300949,0.00038776327316515045,0.5623455481621313
0.00066019656952034,0.01753125449058773,0.0002993593474910341,0.3315653864220035
0.0006602914389799635,0.01752873563218391,0.00035719641650865645,0.44282955000215457
0.0006603863084395871,0.017526217497485994,0.0003265722932933094,1.1332595705823518
0.0006604811778992106,0.017523700086182134,0.0002758640860306622,0.46343517034881987
0.0006605760473588343,0.017521183397960646,0.0003851415298144632,0.49660037275464547
0.0006606709168184578,0.017518667432510054,0.00026314822811874443,0.4971484974447363
0.0006607657862780813,0.017516152189519026,0.00026214972188236556,1.0598935435784493
0.0006608606557377049,0.01751363766867643,0.00027186538125123884,1.0597116457687754
0.0006609555251973284,0.01751112386967131,0.00028283013860468174,0.7564633531112809
0.000661050394656952,0.01750861079219288,0.00023169222070189006,0.7807054712274462
0.0006611452641165755,0.01750609843593055,0.00032947037192807227,0.5077208004003035
0.0006612401335761992,0.017503586800573886,0.00028004321203231364,0.8093257768914389
0.0006613350030358227,0.017501075885812654,0.00016806096266776266,0.2620066399313575
0.0006614298724954463,0.017498565691336777,0.00023173298450019435,-0.01166846405271711
0.0006615247419550698,0.017496056216836368,0.0002896361724184312,0.4899820206421067
0.0006616196114146933,0.017493547462001723,0.0003147355882681904,0.4187993587514413
0.0006617144808743169,0.0174910394265233,0.0002273776706998003,0.7317048901792244
0.0006618093503339404,0.017488532110091746,0.0002225076054473934,-0.11999899866425356
0.000661904219793564,0.01748602551239788,0.0004595808943450091,0.42295047131497565
0.0006619990892531876,0.017483519633132705,0.0002708394477969113,0.4761159750040181
0.0006620939587128112,0.01748101447198739,0.00032389505420769393,0.7299324068962854
0.0006621888281724347,0.017478510028653298,0.0003074975949962095,0.8040487213800753
0.0006622836976320583,0.017476006302821943,0.0004830580692215721,0.6913472316528915
0.0006623785670916818,0.01747350329418505,0.00013744603888919316,0.39089387629441014
0.0006624734365513054,0.017471001002434483,0.00025289601367784424,-0.057995240117896155
0.0006625683060109289,0.017468499427262314,0.0003738562847891646,0.4725826511563062
0.0006626631754705524,0.017465998568360775,0.0001341063439026014,0.7795753255471702
0.0006627580449301761,0.01746349842542227,0.000239873904686997,0.9815542443401278
0.0006628529143897996,0.017460998998139403,0.0002568681693895465,0.3124055699638812
0.0006629477838494232,0.017458500286204923,0.00046159514802987983,0.36606208169034266
0.0006630426533090467,0.017456002289311778,0.0001815174028898082,0.7855409348014684
0.0006631375227686703,0.017453505007153074,0.00034576662151999027,0.6462894148276065
0.0006632323922282938,0.017451008439422117,0.00031344337058252284,0.5984233657217156
0.0006633272616879174,0.017448512585812356,0.0003293047217828083,0.4617215664379383
0.000663422131147541,0.017446017446017446,0.0003605016070170047,0.08700675486642576
0.0006635170006071645,0.0174435230197312,0.0002515846883136103,0.8262711791510163
0.0006636118700667881,0.017441029306647607,0.00043498498247803406,0.5247815283370499
0.0006637067395264116,0.017438536306460837,0.00018480993167835385,0.9147076635217364
0.0006638016089860352,0.017436044018865227,0.00042059418284306924,0.34336587376575545
0.0006638964784456587,0.0174335524435553,0.00014927135946734811,1.3063465426371423
0.0006639913479052823,0.017431061580225747,0.00036833120657174176,0.8153699290086797
0.0006640862173649058,0.01742857142857143,0.00039019793119000364,0.5170585744443127
0.0006641810868245295,0.017426081988287385,0.00034327769712136564,0.7826888072206619
0.000664275956284153,0.01742359325906884,0.0002867410388271931,0.20375902443270485
0.0006643708257437765,0.01742110524061117,0.0003172351152502455,0.5165639170443597
0.0006644656952034001,0.017418617932609938,0.00032078919670149654,0.627465987800441
0.0006645605646630236,0.017416131334760887,0.00039264726590848526,1.0782652378304463
0.0006646554341226472,0.017413645446759923,0.00026961848368474634,0.02494706907631196
0.0006647503035822707,0.017411160268303125,0.00045055398203058415,0.9668036748210505
0.0006648451730418944,0.017408675799086757,0.00027970702120787814,0.6420793851604182
0.0006649400425015179,0.01740619203880725,0.00027237641274107435,0.5595336429234784
0.0006650349119611415,0.017403708987161197,0.000282857460272024,0.8999485806117797
0.000665129781420765,0.017401226643845386,0.00028918680825965195,0.41051544558976605
0.0006652246508803886,0.01739874500855676,0.00031861074125031085,0.578360688480753
0.0006653195203400121,0.017396264080992443,0.0003017914235484819,0.4723409392503903
0.0006654143897996356,0.01739378386084973,0.0002430946048715498,0.5511009766455502
0.0006655092592592592,0.017391304347826087,0.00015103360017294405,0.0884748983917705
0.0006656041287188828,0.017388825541619156,0.00016997724188394807,0.43573177645556677
0.0006656989981785064,0.01738634744192675,0.0003617533075145472,0.8518336231419571
0.0006657938676381299,0.017383870048446853,0.00040146112098738877,0.5338738383085493
0.0006658887370977535,0.017381393360877618,0.0002494381050201953,0.826307490088232
0.000665983606557377,0.01737891737891738,0.00028615585290768704,0.47009757896736454
0.0006660784760170006,0.017376442102264633,0.00030724004571319735,0.6381010047404402
0.0006661733454766241,0.01737396753061806,0.00028195091364104167,0.3598112556488065
0.0006662682149362476,0.017371493663676494,0.0003768125691706904,0.45544421474579566
0.0006663630843958713,0.017369020501138952,0.00031651429364284474,0.7856453791938323
0.0006664579538554948,0.01736654804270463,0.00028384142680284514,0.4922751460485335
0.0006665528233151184,0.017364076288072874,0.000255432234503138,0.21974928540944205
0.0006666476927747419,0.01736160523694322,0.00035251290996987867,0.2605789192237703
0.0006667425622343655,0.017359134889015367,0.00019381173717590027,0.7150901084491761
0.000666837431693989,0.01735666524398919,0.0003523557169466274,0.6078885304020816
0.0006669323011536126,0.017354196301564723,0.00033583567410420067,1.1052396187206417
0.0006670271706132362,0.017351728061442185,0.0003437093147927061,0.6877116865962857
0.0006671220400728597,0.017349260523321957,0.00020184857895147655,0.8346935940372271
0.0006672169095324833,0.017346793686904595,0.0003817130339455336,0.7139741959299366
0.0006673117789921068,0.017344327551890817,0.00027516388871970594,0.414575453773846
0.0006674066484517304,0.01734186211798152,0.0003547482278719109,0.9135456780126341
0.0006675015179113539,0.01733939738487777,0.00022243989968226014,-0.04704896155705392
0.0006675963873709775,0.0173369333522808,0.0003507384688849007,0.5795684227769942
0.000667691256830601,0.017334470019892016,0.0002750769418303318,0.6472375171269104
0.0006677861262902247,0.017332007387412984,0.00021947381870183913,0.7517176486380573
0.0006678809957498482,0.017329545454545455,0.0002350569959315901,0.6756661037761569
0.0006679758652094717,0.01732708422099134,0.0003936505991877552,0.6803042496103728
0.0006680707346690953,0.017324623686452715,0.0002472135189931614,0.3157127114659321
0.0006681656041287188,0.017322163850631834,0.0003835366866624728,0.3932406789393575
0.0006682604735883424,0.017319704713231118,0.0003719566741471466,0.32603357887614315
0.0006683553430479659,0.01731724627395316,0.00043072352448616765,0.7099100025581696
0.0006684502125075896,0.01731478853250071,0.0003857725130978447,0.6262828701712713
0.0006685450819672131,0.0173123314885767,0.0002837121413876604,0.7909239450007991
0.0006686399514268367,0.017309875141884222,0.00016792676651610606,-0.02439673594220316
0.0006687348208864602,0.017307419492126545,0.00025348821086523376,0.8500897992894492
0.0006688296903460838,0.01730496453900709,0.0003389868408250759,0.7670312377394263
0.0006689245598057073,0.017302510282229473,0.00029366882007678027,0.7202222428375625
0.0006690194292653308,0.01730005672149745,0.0002675143223438617,0.49378828825000315
0.0006691142987249544,0.017297603856514958,0.0002923110177480002,0.32823437783467363
0.000669209168184578,0.01729515168698611,0.00026364474352782514,0.2024692172583957
0.0006693040376442016,0.017292700212615166,0.00020265002421754162,0.6393063318376154
0.0006693989071038251,0.017290249433106575,0.00037916527509982865,0.8653514392715892
0.0006694937765634487,0.017287799348164944,0.00035129777086938583,0.6215886063128133
0.0006695886460230722,0.01728534995749504,0.0003276282084161413,0.7421989503484504
0.0006696835154826958,0.017282901260801814,0.00029595620484628707,0.5549391962517698
0.0006697783849423193,0.01728045325779037,0.00029611658949799135,0.6737066703220866
0.0006698732544019428,0.017278005948165986,0.0002980537996437688,0.6823552489404078
0.0006699681238615665,0.017275559331634098,0.0002179483102332351,1.0042922883497625
0.00067006299332119,0.017273113407900328,0.00031710992872398665,0.8568993657390278
0.0006701578627808136,0.01727066817667044,0.00025982013532467466,1.0507338064120162
0.0006702527322404371,0.01726822363765039,0.0002712462994769639,0.2199350764851465
0.0006703476017000607,0.01726577979054628,0.00032823145914871206,0.11407375716749409
0.0006704424711596842,0.017263336635064384,0.0003528268662905283,0.6517930271486041
0.0006705373406193078,0.01726089417091115,0.00029275688509184945,0.4794054282506416
0.0006706322100789314,0.017258452397793184,0.0002480673415509689,0.9004578799996574
0.0006707270795385549,0.017256011315417256,0.00036005908547976875,0.4475787422942442
0.0006708219489981785,0.017253570923490315,0.0003174678134107904,0.5641531512158245
0.000670916818457802,0.017251131221719458,0.00037543855394922966,0.45218678326323675
0.0006710116879174256,0.017248692209811962,0.00023007636321642394,0.9549918803685058
0.0006711065573770491,0.017246253887475263,0.00035663794361065845,0.3372212958202141
0.0006712014268366727,0.01724381625441696,0.000397455687346088,0.6384908206645182
0.0006712962962962962,0.01724137931034483,0.00033448151632512553,0.6216678470117243
0.0006713911657559199,0.01723894305496679,0.0003216523554450154,0.5731720388209783
0.0006714860352155434,0.01723650748799096,0.0002221611076862266,0.4895817460681
0.000671580904675167,0.017234072609125583,0.00023571287146861953,0.6665726937387899
0.0006716757741347905,0.017231638418079096,0.00019595541565585556,0.29078895831704443
0.000671770643594414,0.017229204914560092,0.0002624820394644129,0.5436989483918414
0.0006718655130540376,0.01722677209827732,0.0003108643366565677,0.9745903354964989
0.0006719603825136611,0.01722433996893972,0.0002455578185519464,0.8920317283079836
0.0006720552519732848,0.017221908526256352,0.00031531894732972116,0.8064828890944481
0.0006721501214329083,0.017219477769936486,0.00025410459201125377,0.6704912718767432
0.0006722449908925319,0.017217047699689528,0.0002352675681046109,0.6289473909927801
0.0006723398603521554,0.01721461831522506,0.00027984301775979445,0.3869991848069203
0.000672434729811779,0.017212189616252822,0.0002916133315385874,0.4864004134756829
0.0006725295992714025,0.01720976160248272,0.00029097044759183413,0.42950916877811796
0.000672624468731026,0.017207334273624825,0.0003076582607557567,0.16279866670048243
0.0006727193381906496,0.01720490762938937,0.0002826197167919946,0.5353188513121154
0.0006728142076502732,0.017202481669486746,0.0002479668156366347,0.36987720242350486
0.0006729090771098968,0.01720005639362752,0.00045033678869964977,0.6023519664768193
0.0006730039465695203,0.017197631801522416,0.00027515141713647224,1.0389331230662957
0.0006730988160291439,0.017195207892882314,0.0003600824160892018,0.8617676350400791
0.0006731936854887674,0.017192784667418266,0.00029386167903947344,0.6543401088699649
0.000673288554948391,0.01719036212484148,0.000418207180461661,0.4399323663912905
0.0006733834244080145,0.017187940264863342,0.00040444162376503795,0.35343368977547834
0.000673478293867638,0.017185519087195383,0.00013959402900606574,0.881001476683941
0.0006735731633272617,0.017183098591549296,0.0002757585961963024,0.256790273924978
0.0006736680327868852,0.017180678777636956,0.00023716262791878125,0.9604791723443149
0.0006737629022465088,0.017178259645170377,0.0003254776858563155,0.6262620868214748
0.0006738577717061323,0.01717584119386175,0.00021116008793225195,0.6435545714652813
0.0006739526411657559,0.01717342342342342,0.0004569980043283276,0.5611790340618148
0.0006740475106253794,0.017171006333567912,0.00033454737233912566,1.2318430132309943
0.000674142380085003,0.017168589924007882,0.00025587769639697996,0.7481751822790774
0.0006742372495446266,0.017166174194456173,0.00045113359683833396,0.6395740694559273
0.0006743321190042502,0.017163759144625774,0.0003124342810924115,0.257524615257746
0.0006744269884638737,0.01716134477422985,0.0002591382962612238,0.5958271624867417
0.0006745218579234972,0.017158931082981718,0.0002533823723243647,0.8302353524473891
0.0006746167273831208,0.017156518070594852,0.000316132382646733,0.37443633318818864
0.0006747115968427443,0.017154105736782905,0.0001616581699566796,0.9610895551580985
0.0006748064663023679,0.017151694081259664,0.0002621228152448488,0.4731394303922383
0.0006749013357619914,0.01714928310373911,0.00031598939262298775,0.948416108931775
0.0006749962052216151,0.01714687280393535,0.00029276628708042104,0.8563304173427346
0.0006750910746812386,0.017144463181562677,0.0002741785570943696,0.1567080633843435
0.0006751859441408622,0.017142054236335535,0.00029351750891421635,0.2893881694100843
0.0006752808136004857,0.01713964596796853,0.000394023845380112,0.5400148288708423
0.0006753756830601092,0.017137238376176433,0.0002529607855044542,0.7708536052916417
0.0006754705525197328,0.017134831460674158,0.00038800457603483225,0.47850308483442755
0.0006755654219793563,0.017132425221176802,0.00035259775443003387,0.6501760964100063
0.00067566029143898,0.017130019657399607,0.00021025952587942724,1.0255458473323071
0.0006757551608986035,0.017127614769057983,0.0003220396585179641,1.0104589322802668
0.0006758500303582271,0.01712521055586749,0.00018825243819145868,0.7729355071675619
0.0006759448998178506,0.017122807017543863,0.00031087437007992595,0.6220040715500977
0.0006760397692774742,0.017120404153802973,0.00032768745366672025,0.3955490869130502
0.0006761346387370977,0.017118001964360884,0.0002160534283738482,0.7163700430193278
0.0006762295081967212,0.017115600448933784,0.0004102206146733729,0.4881536464036856
0.0006763243776563448,0.017113199607238044,0.0002141322828324309,0.6550342681533395
0.0006764192471159684,0.017110799438990184,0.00035369393123215414,0.515048600792117
0.000676514116575592,0.017108399943906887,0.00025926010883768337,1.0535163354373587
0.0006766089860352155,0.017106001121704992,0.00029466001958844325,0.7206241690441328
0.0006767038554948391,0.0171036029721015,0.0002349395951187359,0.9046108536076253
0.0006767987249544626,0.01710120549481357,0.00031486528100087833,0.4705512810501558
0.0006768935944140862,0.017098808689558515,0.00028842189476305507,0.9442730288723531
0.0006769884638737097,0.017096412556053812,0.000266978981523982,0.5566627407672109
0.0006770833333333332,0.017094017094017096,0.00033859346674833864,0.5933381806980348
0.0006771782027929569,0.017091622303166153,0.00046729338397548094,0.604357752392624
0.0006772730722525804,0.017089228183218938,0.0002444412672409803,0.5061358247226451
0.000677367941712204,0.017086834733893556,0.00029945631993968637,0.7067757963576866
0.0006774628111718275,0.017084441954908276,0.0003308966877102798,0.08184579753749055
0.0006775576806314511,0.017082049845981516,0.00033867134525132733,0.6221550051839957
0.0006776525500910746,0.017079658406831864,0.00033530441940674927,0.6535757403698362
0.0006777474195506982,0.01707726763717805,0.0002528413801781379,0.6334307773296345
0.0006778422890103218,0.01707487753673898,0.00030575659799203633,1.0336362271641613
0.0006779371584699454,0.017072488105233697,0.0003123948286244938,0.7991760033431232
0.0006780320279295689,0.01707009934238142,0.00029368993574205055,0.6448823785240004
0.0006781268973891924,0.017067711247901515,0.0003352955384281124,0.6224453605282669
0.000678221766848816,0.017065323821513496,0.0002743205438477402,1.049578414068692
0.0006783166363084395,0.017062937062937066,0.0003287628557369637,0.4677531710629122
0.0006784115057680631,0.017060550971892043,0.00019092975063911296,0.5318600061483906
0.0006785063752276866,0.017058165548098435,0.0003203922626678151,0.15611886035754702
0.0006786012446873103,0.017055780791276388,0.0003856625656228433,0.3839531080433347
0.0006786961141469338,0.017053396701146212,0.0003459757971068915,0.5769027576050993
0.0006787909836065574,0.017051013277428372,0.00013477672910212695,0.7914635220546056
0.0006788858530661809,0.01704863051984349,0.0002918183277404186,1.068503114663209
0.0006789807225258044,0.017046248428112337,0.0002032270938974341,0.03512887898252473
0.000679075591985428,0.017043867001955853,0.00026197713843603953,1.1312406900380303
0.0006791704614450515,0.017041486241095128,0.00015435481786634447,0.39279211869800446
0.0006792653309046752,0.017039106145251396,0.0004408595084048493,0.40979995120413926
0.0006793602003642987,0.01703672671414607,0.00039759060229371183,0.4640538209622786
0.0006794550698239223,0.017034347947500698,0.00031048356950201555,0.3822878058395359
0.0006795499392835458,0.017031969845036996,0.00026257866425539095,0.2471471234512122
0.0006796448087431694,0.017029592406476828,0.00024387464982790244,0.5796626848829908
0.0006797396782027929,0.01702721563154222,0.00017440997863950704,0.4939047852255005
0.0006798345476624164,0.01702483951995535,0.0002623729614110024,0.6213081635520727
0.00067992941712204,0.017022464071438537,0.00014285239765253452,0.2155182334239413
0.0006800242865816636,0.017020089285714288,0.00036732076156120963,0.4390273564943772
0.0006801191560412872,0.01701771516250523,0.00034108452951337056,0.4863822433006019
0.0006802140255009107,0.01701534170153417,0.0003396076881750888,0.748915950232263
0.0006803088949605343,0.017012968902524055,0.0002732377155724249,0.24418597062076677
0.0006804037644201578,0.01701059676519799,0.00026903057276477177,0.2559913555986701
0.0006804986338797814,0.01700822528927924,0.00039609328742719693,0.41143710479725004
0.0006805935033394049,0.017005854474491218,0.0002391051166830172,0.4191285355131364
0.0006806883727990286,0.017003484320557493,0.00027941869018476684,0.7295605861786247
0.0006807832422586521,0.017001114827201784,0.00016921216683053717,0.827088492255519
0.0006808781117182756,0.016998745994147975,0.0003221298298848339,0.7067661261077173
0.0006809729811778992,0.01699637782112009,0.00028251565062803366,0.18923625673412414
0.0006810678506375227,0.01699401030784232,0.00022608296363551194,1.126267753973705
0.0006811627200971463,0.016991643454038998,0.0002543170418062607,0.4495984696514631
0.0006812575895567698,0.01698927725943462,0.00021045736459029287,0.6222684515141121
0.0006813524590163934,0.016986911723753828,0.00026793989905619307,0.5243120569216928
0.000681447328476017,0.016984546846721425,0.0002046223597356569,0.5234929047797922
0.0006815421979356406,0.01698218262806236,0.00029465316706113513,0.43871900019537136
0.0006816370673952641,0.01697981906750174,0.00037161517702576037,0.4162964732132032
0.0006817319368548876,0.01697745616476482,0.000356301083457219,0.18497024447337582
0.0006818268063145112,0.016975093919577015,0.0002661071141553735,1.16363795890962
0.0006819216757741347,0.016972732331663885,0.0002748361491463029,0.7284297985550463
0.0006820165452337583,0.01697037140075115,0.00025452154021407514,0.6189275173401999
0.0006821114146933818,0.016968011126564674,0.0002921754602018421,0.6621140162473282
0.0006822062841530055,0.016965651508830483,0.0002123916822024787,0.17125885380021222
0.000682301153612629,0.01696329254727475,0.0003281579009962721,0.3767782726851092
0.0006823960230722526,0.0169609342416238,0.00026531058729035165,0.5529174981947411
0.0006824908925318761,0.016958576591604116,0.00024228304449250586,0.6602946547096706
0.0006825857619914996,0.016956219596942324,0.000314281846174316,0.4667530956563101
0.0006826806314511232,0.0169538632573652,0.0002901905099228016,0.6547057679010747
0.0006827755009107467,0.016951507572599694,0.00028034725259251344,0.824545261013594
0.0006828703703703704,0.01694915254237288,0.0003249000824112839,0.9986051086529205
0.0006829652398299939,0.016946798166412005,0.00024181194943445576,0.33013173503069254
0.0006830601092896175,0.016944444444444446,0.000359417784533836,0.5627581450524742
0.000683154978749241,0.016942091376197753,0.00024465861895201977,0.08292819440474435
0.0006832498482088646,0.016939738961399612,0.00029169623865316215,0.8184496677140044
0.0006833447176684881,0.01693738719977787,0.0003575852579471454,0.6461260656088147
0.0006834395871281116,0.016935036091060524,0.00029492808100574364,0.5466685480950502
0.0006835344565877352,0.016932685634975714,0.00020633860417209877,0.6688154720315033
0.0006836293260473588,0.016930335831251735,0.00026652705594133427,0.37305715169544945
0.0006837241955069824,0.016927986679617042,0.0003680456228542946,0.4030143625059404
0.0006838190649666059,0.016925638179800223,0.0003042964536999131,0.5023641061049703
0.0006839139344262295,0.016923290331530033,0.00019545771803791535,0.43811934343767256
0.000684008803885853,0.01692094313453537,0.00025190048833406356,0.515692363365877
0.0006841036733454766,0.016918596588545276,0.000369490360781066,0.4346658729136812
0.0006841985428051001,0.016916250693288965,0.00032185067608756765,0.6356381996152688
0.0006842934122647238,0.016913905448495768,0.0003462767051755346,0.6094537042812659
0.0006843882817243473,0.016911560853895204,0.0002837424842426905,0.7095504598030906
0.0006844831511839708,0.01690921690921691,0.0003061336724533713,0.8662083319876429
0.0006845780206435944,0.016906873614190687,0.00029484876098320094,0.4060987494455148
0.0006846728901032179,0.016904530968546487,0.0002690352290839137,0.36684115394749367
0.0006847677595628415,0.01690218897201441,0.00029355779852793996,0.4243748543019369
0.000684862629022465,0.016899847624324702,0.00014278423224044784,0.5937897211171679
0.0006849574984820886,0.016897506925207757,0.00014834816628751986,0.6333909548478349
0.0006850523679417122,0.01689516687439413,0.00029706093889442605,0.5601751741789869
0.0006851472374013358,0.01689282747161451,0.0003733173140391243,0.6946787674167026
0.0006852421068609593,0.016890488716599754,0.00030501029459866776,0.6410029973493178
0.0006853369763205828,0.016888150609080842,0.0003986796634296969,0.5733949555236738
0.0006854318457802064,0.01688581314878893,0.00027041087022819577,0.6648900445747042
0.0006855267152398299,0.0168834763354553,0.00021868666094212322,0.3118741312500082
0.0006856215846994535,0.0168811401688114,0.00023024329992591997,0.23509946733344167
0.000685716454159077,0.016878804648588822,0.0003152792582848575,0.37087686865540825
0.0006858113236187007,0.016876469774519298,0.0002114512392676086,0.40135151149341286
0.0006859061930783242,0.016874135546334715,0.00025398321122834867,0.8830758292749489
0.0006860010625379478,0.016871801963767113,0.00038206378222567386,0.5322529482221098
0.0006860959319975713,0.016869469026548675,0.0002911248225522834,0.5097840230835419
0.0006861908014571948,0.016867136734411727,0.00032257309305618135,0.805312396856128
0.0006862856709168184,0.01686480508708875,0.0003859982067452767,0.5590582270264266
0.0006863805403764419,0.016862474084312372,0.0003608657712098977,0.18906501589452526
0.0006864754098360656,0.016860143725815367,0.0003670828900863061,0.3071984311041774
0.0006865702792956891,0.016857814011330664,0.00030163424165674177,0.10723196728473758
0.0006866651487553127,0.016855484940591324,0.0003010062044818826,0.852546802450545
0.0006867600182149362,0.01685315651333057,0.0001424167213957346,0.4948912017262344
0.0006868548876745598,0.01685082872928177,0.00018061736207407666,0.5536412949321576
0.0006869497571341833,0.016848501588178428,0.00023752123069907945,0.14669896314275796
0.0006870446265938069,0.016846175089754212,0.00023077061579694234,0.5351432830732896
0.0006871394960534305,0.016843849233742925,0.0002342239290556079,0.5511384392608725
0.000687234365513054,0.016841524019878523,0.0003975169195219333,0.32430726020369494
0.0006873292349726776,0.0168391994478951,0.00030155746103501907,0.36307491972524103
0.0006874241044323011,0.016836875517526915,0.00034569505009846273,0.26396762071583196
0.0006875189738919247,0.01683455222850835,0.0002442132012403999,0.7223283845813769
0.0006876138433515482,0.01683222958057395,0.000303871345260546,0.5559704655461999
0.0006877087128111718,0.016829907573458407,0.0002311305917681754,0.655090706755598
0.0006878035822707953,0.016827586206896554,0.00017512840603344778,0.2632420372692615
0.000687898451730419,0.016825265480623363,0.0002491614849425413,0.6092660500870938
0.0006879933211900425,0.016822945394373966,0.0003081596133158188,0.38449519227832485
0.000688088190649666,0.016820625947883635,0.00026309102863591397,0.030751795219189994
0.0006881830601092896,0.016818307140887785,0.00029663138738499095,0.24312588091276757
0.0006882779295689131,0.016815988973121986,0.00034550944865652694,0.18201574403627524
0.0006883727990285367,0.01681367144432194,0.00028489220092855084,0.7703801176499094
0.0006884676684881602,0.016811354554223508,0.0002245933236609723,0.8334214408733764
0.0006885625379477839,0.01680903830256269,0.00028040247841559606,0.560301131350129
0.0006886574074074074,0.01680672268907563,0.0001716012252570805,0.4293331146248552
0.000688752276867031,0.01680440771349862,0.00021693998258304797,0.29265756641417007
0.0006888471463266545,0.016802093375568105,0.00030615163955988157,0.4246480084548509
0.000688942015786278,0.016799779675020658,0.00032495376635303274,0.6368858280284498
0.0006890368852459016,0.016797466611593006,0.00017025086970228978,0.5884544596975063
0.0006891317547055251,0.01679515418502203,0.00025803500877438513,0.09501397763717732
0.0006892266241651487,0.016792842395044735,0.00023708613728948866,0.07784728310999474
0.0006893214936247723,0.016790531241398295,0.0002406165564843951,0.7474535473752391
0.0006894163630843959,0.016788220723820007,0.000343733740978386,0.3482314659380022
0.0006895112325440194,0.016785910842047332,0.00026559910121874545,0.2706916377506268
0.000689606102003643,0.016783601595817856,0.0002574301361309461,0.5418837159481725
0.0006897009714632665,0.016781292984869328,0.00028326384691540886,0.26954478081674843
0.0006897958409228901,0.016778985008939623,0.00030227801138981374,0.1877868805155381
0.0006898907103825136,0.016776677667766776,0.0002603879181640741,0.281205271773007
0.0006899855798421371,0.01677437096108896,0.00027728854836787394,0.5445083615300506
0.0006900804493017608,0.016772064888644488,0.00021426060761855164,0.4495249016194715
0.0006901753187613843,0.016769759450171822,0.00021862889187121827,0.7853528679973727
0.0006902701882210079,0.016767454645409567,0.0002763700069122669,0.5536034051167681
0.0006903650576806314,0.01676515047409647,0.00027221766797706396,0.5538107278107886
0.000690459927140255,0.01676284693597142,0.00036170118666938803,0.49391731959240226
0.0006905547965998785,0.01676054403077346,0.00044278181307391093,0.40614718799047306
0.0006906496660595021,0.016758241758241758,0.00038119293781744705,0.44482102783969235
0.0006907445355191257,0.016755940118115643,0.0003111397803345427,0.5042463748939179
0.0006908394049787492,0.01675363911013458,0.00017708512759894533,0.6388536645470925
0.0006909342744383728,0.01675133873403817,5.131707015613531e-05,-0.0773684614005547
0.0006910291438979963,0.016749038989566173,0.0003334560594983444,0.9339864868416936
0.0006911240133576199,0.016746739876458475,0.00031509664571912916,0.473347678622361
0.0006912188828172434,0.01674444139445512,0.0002760109762994354,0.7307967931715645
0.000691313752276867,0.01674214354329628,0.00025143571453859723,0.4864547889260214
0.0006914086217364905,0.016739846322722286,0.00032924452398646,0.570291355635789
0.0006915034911961142,0.01673754973247359,0.0003070522343752579,0.3791890688758636
0.0006915983606557377,0.01673525377229081,0.0002217655065092076,1.0135259710078437
0.0006916932301153612,0.01673295844191469,0.00022021794221326895,0.47488609824431294
0.0006917880995749848,0.016730663741086123,0.0001890304313625273,0.9047241656662214
0.0006918829690346083,0.01672836966954614,0.00032377598694835306,0.44364028902877495
0.0006919778384942319,0.01672607622703592,0.0002608443809132553,1.148972107511371
0.0006920727079538554,0.016723783413296778,0.00047545994620402254,0.8018224273198713
0.000692167577413479,0.016721491228070175,0.00025288554471907405,0.832122935214794
0.0006922624468731026,0.016719199671097713,0.00034032494873836237,0.46739477236167676
0.0006923573163327262,0.01671690874212113,0.000358593059755047,0.28149101019094513
0.0006924521857923497,0.016714618440882314,0.0003870145746630982,0.45850384901039104
0.0006925470552519732,0.01671232876712329,0.00021884562611274304,0.9643042606220081
0.0006926419247115968,0.016710039720586222,0.00028586597455833985,0.1380943437787731
0.0006927367941712203,0.016707751301013422,0.00026959438878927015,0.08158551968857372
0.0006928316636308439,0.016705463508147337,0.0004212194436305807,0.5452389441419847
0.0006929265330904675,0.01670317634173056,0.0003202757342167801,0.5142554784435177
0.0006930214025500911,0.016700889801505817,0.0002980876412744737,0.689894950137072
0.0006931162720097146,0.01669860388721599,0.00031381063906221697,0.3980139434281872
0.0006932111414693382,0.016696318598604078,0.00012700538397720913,0.8327322115187289
0.0006933060109289617,0.016694033935413247,0.0002826436723812009,0.5031088529931951
0.0006934008803885853,0.01669174989738678,0.0002648540333732699,0.3838310177705781
0.0006934957498482088,0.016689466484268126,0.0002569942194834738,0.3896701803624827
0.0006935906193078323,0.016687183695800852,0.0002220191887533738,0.8948487152161956
0.000693685488767456,0.016684901531728667,0.0003297305664001497,0.2671156608395558
0.0006937803582270795,0.016682619991795437,0.0003097949560459898,0.42618884741439095
0.0006938752276867031,0.016680339075745145,0.000326145814559588,0.5998785194150679
0.0006939700971463266,0.01667805878332194,0.0002574932361108578,0.5271503842100695
0.0006940649666059502,0.01667577911427009,0.0003607070919377884,0.6520323530944232
0.0006941598360655737,0.016673500068334016,0.0003533692184137221,0.1046620684336353
0.0006942547055251973,0.016671221645258267,0.00023436414088047453,0.5551423165913406
0.0006943495749848209,0.01666894384478754,0.00025540945663455906,0.35210519294524095
0.0006944444444444444,0.01666666666666667,0.00022503987347374736,0.6819192255446237
0.000694539313904068,0.016664390110640623,0.00030801004786236744,0.6403014135451341
0.0006946341833636915,0.016662114176454523,0.0002531540981515418,0.6502778126277536
0.0006947290528233151,0.01665983886385361,0.0004258586492731481,0.5115989986591629
0.0006948239222829386,0.01665756417258329,0.00027742032977753293,0.18303414837061355
0.0006949187917425622,0.01665529010238908,0.00026664825233943046,0.5620683336942831
0.0006950136612021857,0.016653016653016654,0.00026870673880354293,0.3099059418818639
0.0006951085306618094,0.01665074382421182,0.000315235414896917,0.433599795069164
0.0006952034001214329,0.016648471615720525,0.00036542173038341184,0.4880300747363525
0.0006952982695810564,0.016646200027288855,0.000176437587514014,0.7530455132242833
0.00069539313904068,0.016643929058663028,0.0002989550025392252,0.619591068050308
0.0006954880085003035,0.016641658709589415,0.00030832883288279053,0.6143000773627108
0.0006955828779599271,0.016639388979814512,0.0002785859602366461,0.4987582885402888
0.0006956777474195506,0.01663711986908496,0.00022363047528599312,1.1307466176975063
0.0006957726168791743,0.01663485137714753,0.0003194751203475236,0.46275945908092125
0.0006958674863387978,0.01663258350374915,0.00023582159946553794,0.3425834335670664
0.0006959623557984214,0.016630316248636857,0.00028790290224977124,0.36633401820455463
0.0006960572252580449,0.01662804961155786,0.0003431135412427025,0.085328434641664
0.0006961520947176685,0.016625783592259472,0.0003798434064106086,0.6870560680348659
0.000696246964177292,0.01662351819048917,0.0003716646627174984,0.6382615771490757
0.0006963418336369155,0.016621253405994553,0.00016839792014905995,0.7529486797706043
0.0006964367030965391,0.01661898923852336,0.0003507821381402336,0.25830709234689386
0.0006965315725561627,0.01661672568782348,0.00037774778990480357,0.41364525658555357
0.0006966264420157863,0.016614462753642926,0.00032018188276172055,0.3433817094808856
0.0006967213114754098,0.01661220043572985,0.0001903703003594634,0.5474176813078462
0.0006968161809350334,0.01660993873383254,0.00029920672837911223,-0.2770108506505381
0.0006969110503946569,0.01660767764769943,0.000102968675853525,0.542418008893363
0.0006970059198542805,0.016605417177079078,0.00031379433356915705,0.391503554218001
0.000697100789313904,0.0166031573217202,0.00018288260996578574,0.8432586635016842
0.0006971956587735275,0.016600898081371617,0.0002738476009283205,0.7129653484457357
0.0006972905282331512,0.016598639455782313,0.00015695968067776765,0.7818851851888958
0.0006973853976927747,0.0165963814447014,0.000323403260743776,0.47879871471862906
0.0006974802671523983,0.016594124047878127,0.0002821923870760511,0.3110837506862123
0.0006975751366120218,0.016591867265061882,0.0002798457376561143,0.5951454805060029
0.0006976700060716454,0.016589611096002176,0.00021840931786394776,0.46536063122284665
0.0006977648755312689,0.016587355540448673,0.0003013839464379311,0.4231821835748456
0.0006978597449908925,0.01658510059815117,0.00018340744254611443,0.05813226277193777
0.0006979546144505161,0.016582846268859593,0.00031266099885565886,1.3013702454972669
0.0006980494839101396,0.016580592552324,0.00023174040000209446,0.8685813674732026
0.0006981443533697632,0.016578339448294607,0.0002949583479029762,0.41364986479748755
0.0006982392228293867,0.01657608695652174,0.00034342957165406444,0.2566461597208545
0.0006983340922890103,0.016573835076755875,0.00040187226050197384,0.16839177655878526
0.0006984289617486338,0.016571583808747625,0.00031427532863186026,0.2756898529194358
0.0006985238312082574,0.016569333152247727,0.0002632740342697474,0.5057340806385104
0.0006986187006678809,0.016567083107007063,0.00026365086303895864,0.49114586533717847
0.0006987135701275046,0.016564833672776648,0.00020113581152083598,0.7088644754074445
0.0006988084395871281,0.01656258484930763,0.00027501049907908086,0.7285428298118637
0.0006989033090467517,0.016560336636351296,0.0002657071648436683,0.49112162050459524
0.0006989981785063752,0.016558089033659067,0.000325710176215466,0.6305716537031235
0.0006990930479659987,0.016555842040982496,0.00036849499183767777,0.578428049852153
0.0006991879174256223,0.01655359565807327,0.00033860035283770143,0.5823480433803268
0.0006992827868852458,0.01655134988468322,0.00026545184563242096,0.5629205539553507
0.0006993776563448695,0.016549104720564298,0.00032760047116169684,0.6382480256106626
0.000699472525804493,0.0165468601654686,0.0003547484699621603,0.421402626880424
0.0006995673952641166,0.01654461621914836,0.00021348216775489095,0.6025694443412873
0.0006996622647237401,0.016542372881355932,0.0003591698724667506,0.7753771107596158
0.0006997571341833637,0.01654013015184382,0.0003649504787485465,0.7017194671148674
0.0006998520036429872,0.01653788803036465,0.0002485818636394882,0.8938103684763193
0.0006999468731026107,0.016535646516671186,0.0002597196323633561,0.29149924757303364
0.0007000417425622343,0.01653340561051633,0.00031061175224833857,0.4755377789343623
0.0007001366120218579,0.01653116531165312,0.00030778301328363553,0.7716626000288549
0.0007002314814814815,0.01652892561983471,0.0002706342536101746,0.8667259116427992
0.000700326350941105,0.016526686534814414,0.00026439053615023134,0.4767254531698051
0.0007004212204007286,0.016524448056345658,0.00019058950042025766,0.7001212499311045
0.0007005160898603521,0.016522210184182016,0.0002078861791253228,0.35455945474164324
0.0007006109593199757,0.016519972918077185,0.0003987719539448174,0.47871506881068493
0.0007007058287795992,0.016517736257785,0.00035690709036873507,0.5570878377768418
0.0007008006982392227,0.01651550020305943,0.00038569718060688785,0.7252615137715286
0.0007008955676988464,0.016513264753654576,0.00032290631425786775,0.4721414917960706
0.0007009904371584699,0.016511029909324675,0.00024536918814009134,0.5612346686257945
0.0007010853066180935,0.016508795669824085,0.0003022776596206936,0.8985828057130097
0.000701180176077717,0.016506562034907322,0.00023610656941484896,0.6635259249900092
0.0007012750455373406,0.016504329004329004,0.00027505977490526525,0.41138965666939664
0.0007013699149969641,0.016502096577843905,0.0002161493505528118,0.6079432339622929
0.0007014647844565877,0.016499864755206924,0.00037940331610240537,0.4517165916002287
0.0007015596539162113,0.01649763353617309,0.0003260334518945311,0.5069460658880622
0.0007016545233758348,0.01649540292049757,0.00039149012727028094,0.30077983718005885
0.0007017493928354584,0.01649317290793565,0.0002574118807044444,0.6610930147049826
0.0007018442622950819,0.016490943498242767,0.00025888053105884676,0.6605465510460481
0.0007019391317547055,0.016488714691174484,0.0003413794540685233,0.7347801156267885
0.000702034001214329,0.016486486486486488,0.0002456845848743104,0.8439176205652541
0.0007021288706739526,0.016484258883934604,0.0002590485278638578,1.0016305018034477
0.0007022237401335761,0.01648203188327479,0.00019587220153849638,0.2693173957842926
0.0007023186095931998,0.016479805484263137,0.0003856076832915371,0.6170831057065598
0.0007024134790528233,0.016477579686655863,0.00037595887636449114,0.37376742931348866
0.0007025083485124469,0.01647535449020932,0.00040461324039946445,0.4624689310440421
0.0007026032179720704,0.01647312989467999,0.00031761969948289104,0.1477369769357018
0.0007026980874316939,0.01647090589982449,0.0002105392931397536,0.207696217389866
0.0007027929568913175,0.016468682505399568,0.00028430842577708323,0.4633191154705057
0.000702887826350941,0.016466459711162104,0.0003253857265525993,0.19674913987422288
0.0007029826958105647,0.016464237516869096,0.00017806545267672026,0.4989515076213221
0.0007030775652701882,0.016462015922277695,0.0002863361013815443,0.7366370937328798
0.0007031724347298118,0.01645979492714517,0.00032944505358938866,0.45471562029725526
0.0007032673041894353,0.016457574531228925,0.00032118631304578206,0.7231712847814431
0.0007033621736490589,0.016455354734286484,0.0003025212369162462,0.7584895194848638
0.0007034570431086824,0.01645313553607552,0.00023401408257024624,0.4907056337217651
0.0007035519125683059,0.01645091693635383,0.00032109174303596275,0.1375833083802294
0.0007036467820279295,0.01644869893487933,0.00025134836164778944,0.36652479155436485
0.0007037416514875531,0.016446481531410085,0.00026799570273116177,0.09725551212304494
0.0007038365209471767,0.016444264725704275,0.0002768341431159005,0.4133593549228042
0.0007039313904068002,0.01644204851752022,0.0002425877166357241,0.9705648460042262
0.0007040262598664238,0.01643983290661636,0.0002479314641282533,1.0184872126764788
0.0007041211293260473,0.01643761789275128,0.0003065881747615976,0.48177262323820097
0.0007042159987856709,0.016435403475683685,0.00031190104595664616,0.5964249318067335
0.0007043108682452944,0.016433189655172414,0.00031668121805405157,0.50789314582446
0.000704405737704918,0.01643097643097643,0.00018731676380414125,0.30129752818298783
0.0007045006071645416,0.016428763802854837,0.00022514054501287126,0.41916623857083113
0.0007045954766241651,0.01642655177056685,0.00028266532457690396,0.2648028677305822
0.0007046903460837887,0.016424340333871836,0.00025694609278530996,0.314325590194862
0.0007047852155434122,0.01642212949252928,0.0003404903135730819,0.2808188961968884
0.0007048800850030358,0.01641991924629879,0.0002702503649376457,0.5690541348283088
0.0007049749544626593,0.016417709594940117,0.0002704431828982826,0.7798295643408689
0.000705069823922283,0.01641550053821313,0.0002946011266364342,0.43338532500438187
0.0007051646933819065,0.01641329207587784,0.00034871450830447167,0.3188395536529785
0.0007052595628415301,0.016411084207694375,0.0003029314913416412,0.5772705431474027
0.0007053544323011536,0.016408876933422998,0.0002279195500670179,0.728322650676117
0.0007054493017607771,0.0164066702528241,0.0002752681952419571,0.4407521352312617
0.0007055441712204007,0.016404464165658196,0.00027418940770381357,0.18079879411390315
0.0007056390406800242,0.01640225867168594,0.00019467176371517928,0.3365227627090211
0.0007057339101396478,0.0164000537706681,0.0003593572844597592,0.7239496367549774
0.0007058287795992713,0.016397849462365593,0.0003013004837641028,0.24588702867031617
0.000705923649058895,0.016395645746539445,0.0003078586725102214,0.6643598427644293
0.0007060185185185185,0.01639344262295082,0.00015613359441273163,0.12599135072752904
0.0007061133879781421,0.01639124009136101,0.0001957517723093223,0.3977258810386297
0.0007062082574377656,0.016389038151531435,0.00024372593592299422,0.40228025601693096
0.0007063031268973891,0.016386836803223642,0.00030394430359069046,0.4147349728607548
0.0007063979963570127,0.016384636046199302,0.00023473600275146533,0.5875076069838685
0.0007064928658166362,0.016382435880220224,0.0002666391942845481,0.5421119159361674
0.0007065877352762599,0.016380236305048337,0.0003382635127549486,0.4147354819556932
0.0007066826047358834,0.0163780373204457,0.0003353771105843274,0.7776254510969451
0.000706777474195507,0.0163758389261745,0.0002462805313825835,0.42181131722999166
0.0007068723436551305,0.01637364112199705,0.00024858018721373115,0.5651927141911649
0.0007069672131147541,0.01637144390767579,0.00022405691050217624,0.4649735003072627
0.0007070620825743776,0.0163692472829733,0.00010941665280534004,0.5291653920433649
0.0007071569520340011,0.016367051247652267,0.00040623139770045043,0.46554233909633785
0.0007072518214936247,0.016364855801475522,0.0003472611565220599,0.30795232394736444
0.0007073466909532483,0.01636266094420601,0.00030243095306190746,0.46489422762275384
0.0007074415604128719,0.01636046667560681,0.0002570343357331032,0.7562335248364561
0.0007075364298724954,0.01635827299544114,0.0002795428510807713,0.5219146834628509
0.000707631299332119,0.016356079903472313,0.0002390541782089087,0.7060905376067276
0.0007077261687917425,0.016353887399463807,0.00029174857528242504,0.6041702483887817
0.0007078210382513661,0.016351695483179197,0.00013545280018409126,0.78373911745951
0.0007079159077109896,0.016349504154382206,0.00035509776534490797,0.6228813432566953
0.0007080107771706131,0.016347313412836663,0.0002454167697370219,0.2570783934546232
0.0007081056466302368,0.01634512325830654,0.00020965939573529415,0.9239596053238136
0.0007082005160898603,0.01634293369055593,0.00021946848691706521,0.4155554558861989
0.0007082953855494839,0.01634074470934905,0.0002871452930323732,0.648012507011674
0.0007083902550091074,0.016338556314450248,0.00035619562837447356,0.2523611105171428
0.000708485124468731,0.016336368505623994,0.0003358327676458009,0.621745729368589
0.0007085799939283545,0.016334181282634894,0.000347992953272434,0.6027700186722567
0.0007086748633879781,0.016331994645247656,0.00023366947002439236,0.19398003966765046
0.0007087697328476017,0.016329808593227146,0.0003119454799796866,0.34657387329897354
0.0007088646023072253,0.016327623126338328,0.00034209370984740776,0.2946573087186136
0.0007089594717668488,0.016325438244346315,0.0003012161103328406,0.9811268894106993
0.0007090543412264723,0.016323253947016326,0.00024895260943507406,0.52159330760091
0.0007091492106860959,0.016321070234113715,0.00026542507557708,0.8735285428317066
0.0007092440801457194,0.01631888710540396,0.00025360494504200997,0.5925206447841754
0.000709338949605343,0.016316704560652668,0.0003279813320330242,0.6374448999903516
0.0007094338190649665,0.01631452259962557,0.00032158154406926353,0.47264868748935485
0.0007095286885245902,0.016312341222088515,0.000352985440182799,0.22389084478678062
0.0007096235579842137,0.016310160427807488,0.0004002029289184482,0.17903870449904086
0.0007097184274438373,0.01630798021654859,0.00027619708205311414,0.932902050269015
0.0007098132969034608,0.016305800588078054,0.00012803154794008352,0.499185849767039
0.0007099081663630843,0.016303621542162236,0.00034974474444677645,0.8495639805773016
0.0007100030358227079,0.016301443078567613,0.00013482282942729694,0.2863591132394426
0.0007100979052823314,0.01629926519706079,0.00023230022971165457,1.0353788603274396
0.0007101927747419551,0.016297087897408497,0.00029384071138207534,0.29241216893529937
0.0007102876442015786,0.016294911179377588,0.00036550335881962304,0.29315635296330644
0.0007103825136612022,0.01629273504273504,0.00038750719394005183,0.5519299373958846
0.0007104773831208257,0.016290559487247964,0.00025938034445095054,0.8025478957489661
0.0007105722525804493,0.01628838451268358,0.0003126427908700547,0.3837193096578888
0.0007106671220400728,0.01628621011880924,0.00013887660987239913,0.4518017032915461
0.0007107619914996963,0.01628403630539242,0.00027227335847321033,0.2589496169765144
0.00071085686095932,0.01628186307220072,0.00024740014379605774,0.40093607917097907
0.0007109517304189435,0.01627969041900187,0.00021601937427916297,0.2621856314741436
0.0007110465998785671,0.016277518345563707,0.0001419333729932639,0.22754301265391147
0.0007111414693381906,0.01627534685165422,0.00023786342436972208,0.5603457806342661
0.0007112363387978142,0.016273175937041483,0.0002648266793291452,0.2418312986609518
0.0007113312082574377,0.01627100560149373,0.00027154834539526413,0.26156324686448124
0.0007114260777170613,0.016268835844779304,0.0004083397487530575,0.5744496206609977
0.0007115209471766848,0.01626666666666667,0.00023784786504876611,0.35880919948396417
0.0007116158166363085,0.01626449806692441,0.0002663992344006601,0.6139191679747793
0.000711710686095932,0.01626233004532125,0.0003569474620671675,-0.03913115166595858
0.0007118055555555555,0.016260162601626018,0.00028802688289993115,0.28241102457140826
0.0007119004250151791,0.016257995735607676,0.0002657506419435668,0.5270375751626489
0.0007119952944748026,0.01625582944703531,0.00017113681372399946,0.32196870388791343
0.0007120901639344262,0.016253663735678124,0.00030829622827569387,0.3995220363345622
0.0007121850333940497,0.01625149860130545,0.0001845770639651038,0.6614151121483258
0.0007122799028536733,0.016249334043686735,0.00023247938773698814,0.38311654320859595
0.0007123747723132969,0.01624717006259156,0.00014008443660578436,0.5200205846447759
0.0007124696417729205,0.016245006657789614,0.0003075798337955206,0.26616110342359994
0.000712564511232544,0.016242843829050727,0.0002315090458166678,0.7217010649701842
0.0007126593806921675,0.016240681576144837,0.0003546484977423956,0.16826410259563088
0.0007127542501517911,0.016238519898842008,0.0002204677747526365,0.7030384632164622
0.0007128491196114146,0.01623635879691243,0.00032881949214302566,0.41024836729141506
0.0007129439890710382,0.016234198270126416,0.0002670728239623321,0.35087131563772633
0.0007130388585306618,0.016232038318254392,0.00021605137648880672,0.7951024694783232
0.0007131337279902854,0.016229878941066915,0.00015459094956452778,0.09894760278839974
0.0007132285974499089,0.016227720138334664,0.00016659052730929417,0.7951445093654141
0.0007133234669095325,0.016225561909828434,0.0002710280280589963,0.2237912835207478
0.000713418336369156,0.016223404255319148,0.00034148788585491716,0.22284268926828718
0.0007135132058287795,0.01622124717457785,0.00020953300257986246,0.5171352067033402
0.0007136080752884031,0.0162190906673757,0.00032550924535332867,0.174447372674653
0.0007137029447480266,0.016216934733483984,0.00033939959576560085,0.5366893322725136
0.0007137978142076503,0.01621477937267411,0.00036201839538085027,0.6550467123396267
0.0007138926836672738,0.01621262458471761,0.0001927050720066479,0.32850553003204924
0.0007139875531268974,0.016210470369386127,0.00017112211792046477,0.1777047300938105
0.0007140824225865209,0.01620831672645144,0.00028420024001760857,0.5535752458080072
0.0007141772920461445,0.016206163655685443,0.0001998250644172341,0.9862579753905979
0.000714272161505768,0.016204011156860144,0.0003287265160739749,0.45076174674030695
0.0007143670309653916,0.016201859229747675,0.0001975529366405092,0.52661551615744
0.0007144619004250152,0.016199707874120305,0.0002527749423348293,0.5343883744407684
0.0007145567698846387,0.0161975570897504,0.0003576316339385335,0.5101224218390575
0.0007146516393442623,0.01619540687641046,0.0003286262683558162,-0.020056474477665044
0.0007147465088038858,0.01619325723387311,0.00021790285273682973,0.5074355066659595
0.0007148413782635094,0.01619110816191108,9.491425516900574e-05,-0.0974706819832178
0.0007149362477231329,0.016188959660297243,0.00036398113943115405,0.018741861120781998
0.0007150311171827565,0.016186811728804564,0.0002343591584059213,0.7239321505252744
0.00071512598664238,0.016184664367206156,0.00026922751326409326,0.32062615861056054
0.0007152208561020037,0.016182517575275238,0.00016478218424446485,0.6075341110475007
0.0007153157255616272,0.016180371352785147,0.0003382841610511708,0.5986741465035994
0.0007154105950212507,0.01617822569950935,0.0002135953729115074,1.0649759315844065
0.0007155054644808743,0.01617608061522143,0.00038633917912086097,0.28362475427222583
0.0007156003339404978,0.016173936099695082,0.0003738230588129241,0.1938101282288807
0.0007156952034001214,0.016171792152704135,0.0002448314280665077,0.3888032705018376
0.0007157900728597449,0.016169648774022535,0.00021705390093653307,0.05616418754490993
0.0007158849423193686,0.016167505963424332,0.0001488149759402893,0.4134690577291832
0.0007159798117789921,0.016165363720683716,0.00034385022839838737,0.00043021596607780425
0.0007160746812386157,0.016163222045574986,0.00030093925360534025,0.6325531379207996
0.0007161695506982392,0.016161080937872566,0.0002762584380678166,0.461442759392854
0.0007162644201578627,0.016158940397350996,0.00038102920232908894,0.5564585735565974
0.0007163592896174863,0.01615680042378493,0.00031104284387785326,0.4911331532405636
0.0007164541590771098,0.016154661016949155,0.00029556001292052717,0.48507890506341467
0.0007165490285367334,0.016152522176618563,0.0003131664927406803,0.5312020798106925
0.000716643897996357,0.016150383902568177,0.00023948090793616742,0.623479322378196
0.0007167387674559806,0.01614824619457313,0.0002381789262220428,0.5166803123290042
0.0007168336369156041,0.016146109052408684,0.00021630152928421605,0.24037958576828167
0.0007169285063752277,0.016143972475850206,0.0001861177553349727,0.5741339837915224
0.0007170233758348512,0.016141836464673195,0.0001631588816305823,0.2240575609372358
0.0007171182452944747,0.016139701018653262,0.00026325676850687816,0.5195560908798009
0.0007172131147540983,0.016137566137566138,0.00029654551424464025,0.7930894815629357
0.0007173079842137218,0.016135431821187676,0.0002325492873463815,0.6225101667310025
0.0007174028536733455,0.01613329806929384,0.0002684035677712814,0.6965519105487507
0.000717497723132969,0.016131164881660717,0.00027524107916237096,0.3443242174196078
0.0007175925925925926,0.016129032258064516,0.0002710763876148474,0.2710721006538688
0.0007176874620522161,0.01612690019828156,0.00030361377871084634,0.08567072734453646
0.0007177823315118397,0.01612476870208829,0.00036069235729992394,0.38169411119289187
0.0007178772009714632,0.016122637769261268,0.0001728710560573837,0.6539000211714782
0.0007179720704310868,0.016120507399577166,0.0003432308829552355,0.2795218609900449
0.0007180669398907104,0.016118377592812788,0.00028148179055681997,0.3483680099489117
0.0007181618093503339,0.01611624834874505,0.00033513003601651876,0.3070383985184413
0.0007182566788099575,0.016114119667150973,0.00018155359748602015,0.5598156984208709
0.000718351548269581,0.016111991547807715,0.00029321683946935325,0.46752928975882563
0.0007184464177292046,0.016109863990492537,0.0002667917676272767,0.19044931585746727
0.0007185412871888281,0.016107736994982837,0.0004059226000937356,0.5423808836148025
0.0007186361566484517,0.016105610561056107,0.0003415069580871386,0.6093689796388528
0.0007187310261080752,0.016103484688489968,0.00014928076959668971,0.5288217210420937
0.0007188258955676989,0.016101359377062162,0.00019525757599861965,0.2011268622313482
0.0007189207650273224,0.016099234626550545,0.00016548207056886233,0.7592662316255645
0.0007190156344869459,0.01609711043673308,0.00024328739423179808,0.3705267939777032
0.0007191105039465695,0.016094986807387864,0.00024536799233260543,0.4056490776332797
0.000719205373406193,0.016092863738293103,0.00027216624780623735,0.45557551723734035
0.0007193002428658166,0.016090741229227115,0.00023330875522845846,0.24037577608445573
0.0007193951123254401,0.016088619279968353,0.00028133638792241173,0.23721736811421792
0.0007194899817850638,0.01608649789029536,0.00022340277270447044,-0.041876678961996136
0.0007195848512446873,0.016084377059986818,0.0002328126690309536,0.7289389047817689
0.0007196797207043109,0.01608225678882151,0.0003447209438687213,0.6533723743077408
0.0007197745901639344,0.01608013707657836,0.0003330842123814489,0.526990819404181
0.0007198694596235579,0.016078017923036373,0.00027889036505070706,0.5317792676027303
0.0007199643290831815,0.0160758993279747,0.0002352102925772108,0.36927356769727476
0.000720059198542805,0.0160737812911726,0.00022914595797753737,0.193665474963574
0.0007201540680024286,0.01607166381240943,0.00019351096566507837,0.507618223889886
0.0007202489374620522,0.0160695468914647,0.00033868379271105326,0.9250224641904005
0.0007203438069216758,0.016067430528118005,0.00020773561493743983,0.40421981393463224
0.0007204386763812993,0.016065314722149067,0.0003010430141977393,0.12524637750993953
0.0007205335458409229,0.016063199473337723,0.00029854412549101697,-0.01722336723015146
0.0007206284153005464,0.016061084781463928,0.00036860657633457013,0.3475169736185012
0.00072072328476017,0.016058970646307753,0.0003570290775027727,0.2773799316565256
0.0007208181542197935,0.016056857067649383,0.000309536871988906,0.6198100471267629
0.000720913023679417,0.016054744045269114,0.00028488606165595246,0.07009528348876656
0.0007210078931390407,0.01605263157894737,0.00022701364077718186,0.6068871499811279
0.0007211027625986642,0.016050519668464675,0.00021928561845091044,0.6660554672224019
0.0007211976320582878,0.016048408313601683,0.0002472739445985199,0.4566417398811521
0.0007212925015179113,0.016046297514139156,0.00029393881876355234,0.2299267098065304
0.0007213873709775349,0.01604418726985797,0.0003662561291721797,0.8385267219653116
0.0007214822404371584,0.01604207758053912,0.00019990485606998494,0.024737411356813323
0.000721577109896782,0.016039968445963712,0.00029745923944995067,0.5580092182149595
0.0007216719793564056,0.016037859865912975,0.0002669916015189169,0.09278033646814175
0.0007217668488160291,0.016035751840168245,0.00019778354516310377,0.7320582766020993
0.0007218617182756527,0.016033644368510975,0.00026190932573175743,0.17697967858130165
0.0007219565877352762,0.016031537450722735,0.00013028421093772425,-0.021087314695463603
0.0007220514571948998,0.016029431086585208,0.0002859419164572285,0.23849712017972324
0.0007221463266545233,0.016027325275880192,0.0002259105115236348,0.7502507428029611
0.0007222411961141469,0.0160252200183896,0.0003771763547817912,0.4169618385676417
0.0007223360655737704,0.016023115313895456,0.0003412788951787692,0.6515627866084085
0.0007224309350333941,0.01602101116217991,0.0002891906332104461,0.49209605666120526
0.0007225258044930176,0.016018907563025212,0.00021772389702240648,0.25840639513225105
0.0007226206739526411,0.016016804516213734,0.00033671030028739466,0.2644127659135722
0.0007227155434122647,0.016014702021527962,0.00032154528836038756,0.514500540477897
0.0007228104128718882,0.016012600078750494,0.0002601153400683641,0.3650041999191332
0.0007229052823315118,0.016010498687664042,0.0002919502056121866,0.5037902818334093
0.0007230001517911353,0.01600839784805144,0.00019799269623405687,0.5212123118548339
0.000723095021250759,0.01600629755969562,0.00033416417868144683,0.156248782900212
0.0007231898907103825,0.01600419782237964,0.00022302632963180143,0.0311857616453659
0.0007232847601700061,0.016002098635886673,0.0002675779510287167,0.8660567904559836
0.0007233796296296296,0.016,0.0003160636071885559,0.9491697805932949
0.0007234744990892532,0.015997901914503017,0.0002610086150999985,0.5906620261073113
0.0007235693685488767,0.015995804379179232,0.00030335868500332174,0.44977691030363653
0.0007236642380085002,0.015993707393812274,0.00027974448255005955,0.35184635362448907
0.0007237591074681238,0.01599161095818587,0.00030777156870910393,0.5059605524993926
0.0007238539769277474,0.01598951507208388,0.00018542558005798154,0.3659317724834095
0.000723948846387371,0.015987419735290262,0.00026596236846026155,0.4980979401279106
0.0007240437158469945,0.0159853249475891,0.0002458153307749103,0.4682083341308493
0.0007241385853066181,0.015983230708764576,0.00024116952205266258,-0.3514856399782005
0.0007242334547662416,0.015981137018600995,0.0003754486076191512,0.6873550333882422
0.0007243283242258652,0.015979043876882777,0.00016417928270915107,-0.3292241993567155
0.0007244231936854887,0.015976951283394446,0.0002682865191600255,0.31297833766641653
0.0007245180631451122,0.01597485923792065,0.0002946564679501401,0.39248833631435887
0.0007246129326047359,0.015972767740246138,0.00036053729418319557,0.6013751492511171
0.0007247078020643594,0.01597067679015578,0.00023198404376384183,0.1513152947766645
0.000724802671523983,0.015968586387434557,0.00032943238007388583,0.20874576816796994
0.0007248975409836065,0.015966496531867557,0.0002327427074707286,0.026566584185188605
0.0007249924104432301,0.01596440722323999,0.0001688617658834186,1.217365867223262
0.0007250872799028536,0.015962318461337173,0.00039723518252168246,0.2680161494858348
0.0007251821493624772,0.01596023024594453,0.00018932204262425928,0.8366311209203082
0.0007252770188221008,0.015958142576847613,0.0003543580371489981,0.10797326748686716
0.0007253718882817243,0.01595605545383207,0.00020079511832606144,0.5303207247895401
0.0007254667577413479,0.01595396887668367,0.00042999469224481155,0.5044416277980628
0.0007255616272009714,0.015951882845188288,0.0003141770725755554,0.3848393327817279
0.000725656496660595,0.015949797359131913,0.00026824600754876926,0.3655277372820527
0.0007257513661202185,0.015947712418300654,0.00027091773461345776,0.2321504093915995
0.0007258462355798421,0.015945628022480722,0.00022030736136052485,0.8039849230017042
0.0007259411050394656,0.015943544171458445,0.0004125517378541963,0.17197327254064057
0.0007260359744990893,0.01594146086502025,0.00031532026179195314,0.6065642457974696
0.0007261308439587128,0.015939378102952702,0.0001699912759748891,0.5912659508355156
0.0007262257134183363,0.015937295885042457,0.00023029012147674505,1.0207880997732173
0.0007263205828779599,0.01593521421107628,0.00033765857991737287,0.274385748985877
0.0007264154523375834,0.01593313308084106,0.0003877805260253535,0.7472943837002046
0.000726510321797207,0.01593105249412379,0.0002844996472105575,0.9701599305080939
0.0007266051912568305,0.015928972450711582,0.0003356335235754414,-0.12293698091887116
0.0007267000607164542,0.015926892950391645,0.00021434191390867048,0.28269862032211124
0.0007267949301760777,0.01592481399295131,0.0002460309773676105,0.25236075465594165
0.0007268897996357013,0.015922735578178023,0.0002850886683082132,0.5209371375930782
0.0007269846690953248,0.015920657705859324,0.0004047158348066056,0.14009091122772865
0.0007270795385549484,0.01591858037578288,0.0003862991465040725,0.8293831709943537
0.0007271744080145719,0.015916503587736466,0.00022279425026986834,0.625850801361689
0.0007272692774741954,0.01591442734150796,0.00031925169189097723,0.4459164175225899
0.000727364146933819,0.01591235163688535,0.00028448355802573915,0.4652007190741847
0.0007274590163934426,0.015910276473656757,0.0003670362327208989,0.7782987401957737
0.0007275538858530662,0.01590820185161038,0.00029433494106492574,0.866350312391618
0.0007276487553126897,0.015906127770534552,0.00020865381222079206,0.4033645858550621
0.0007277436247723133,0.015904054230217703,0.0003056576098447922,0.35358725605540714
0.0007278384942319368,0.015901981230448385,0.00021316746630884142,0.606994586923158
0.0007279333636915604,0.01589990877101525,0.00022235095025643795,0.41068771389017145
0.0007280282331511839,0.01589783685170706,0.0001568755807058918,0.46497520460272873
0.0007281231026108074,0.015895765472312706,0.0001475780260636077,0.5124245816464977
0.0007282179720704311,0.015893694632621157,0.0002769220270337728,0.5439287513153609
0.0007283128415300546,0.01589162433242152,0.00033203930636366947,0.21118114593335374
0.0007284077109896782,0.015889554571502994,0.00028959995655653556,0.5242837911488389
0.0007285025804493017,0.015887485349654902,0.0001248863813702168,0.03265574806117234
0.0007285974499089253,0.015885416666666666,0.00032830668643936574,0.3249042052960759
0.0007286923193685488,0.015883348522327822,0.0003309072307282638,0.4977242961837597
0.0007287871888281724,0.015881280916428014,0.0003155858967685251,0.1757756549810493
0.000728882058287796,0.015879213848757,0.0003841746614902911,0.19594590614759
0.0007289769277474195,0.015877147319104633,0.00037572013077118014,0.08763529875614579
0.0007290717972070431,0.015875081327260898,0.00033020791979034464,0.19310088851259818
0.0007291666666666666,0.015873015873015876,0.00016819092665537656,-0.12837112586187552
0.0007292615361262902,0.01587095095615975,0.0002929869241026052,0.4362434108446757
0.0007293564055859137,0.015868886576482832,0.0002125498217236972,0.4703600796414655
0.0007294512750455373,0.015866822733775522,0.00034452238064486415,0.5359772179252218
0.0007295461445051608,0.01586475942782835,0.00014584128343430897,0.9963322152266499
0.0007296410139647845,0.015862696658431933,0.00025437359489241036,0.5050419760326849
0.000729735883424408,0.015860634425377017,0.0001652254191830129,0.14660893005325917
0.0007298307528840316,0.01585857272845444,0.0004053203316925696,0.2924026730396092
0.0007299256223436551,0.01585651156745516,0.0002738576108881988,0.043958792941321954
0.0007300204918032786,0.01585445094217024,0.00034008224488143486,0.43372241671808764
0.0007301153612629022,0.015852390852390853,0.00021756626613268,0.8497730664495771
0.0007302102307225257,0.015850331297908277,0.00026902855552382484,0.15742226246471686
0.0007303051001821494,0.0158482722785139,0.0002710264689369327,0.5477474959025636
0.0007303999696417729,0.015846213793999222,0.0002723664550608799,0.6191826567487215
0.0007304948391013965,0.015844155844155845,0.00024140432220440324,0.30392966103541863
0.00073058970856102,0.015842098428775483,0.000283884160584125,0.3161892947689778
0.0007306845780206436,0.015840041547649963,0.0003415118234722118,0.6438989183328182
0.0007307794474802671,0.015837985200571208,0.00028265156349699454,0.19213820754681632
0.0007308743169398906,0.015835929387331256,0.00021424038243174082,0.5089771177009356
0.0007309691863995142,0.015833874107722256,0.00015846345786632107,0.3624312665666345
0.0007310640558591378,0.015831819361536468,0.00029855077036778163,0.7787502885193811
0.0007311589253187614,0.01582976514856624,0.00025918522938268574,0.4157695255096397
0.0007312537947783849,0.01582771146860405,0.00017419751694157167,0.10564871300354121
0.0007313486642380085,0.01582565832144247,0.0002463165138067236,0.40163103249537196
0.000731443533697632,0.015823605706874192,0.00034686809567855103,0.1287680136158417
0.0007315384031572556,0.015821553624691998,0.00028965451464895304,0.4369512651536992
0.0007316332726168791,0.0158195020746888,0.0002557895724908819,0.34754490032821267
0.0007317281420765026,0.01581745105665759,0.0002975073743156339,0.11135507380282174
0.0007318230115361263,0.015815400570391498,0.0003138714944143916,-0.08514927627109925
0.0007319178809957498,0.015813350615683733,0.00031556999397783637,0.2524583870307561
0.0007320127504553734,0.015811301192327633,0.00027842744295487063,0.749369843039383
0.0007321076199149969,0.01580925230011663,0.00021439731128583575,0.8621153413587672
0.0007322024893746205,0.015807203938844258,0.0002368495686666584,0.542467904781641
0.000732297358834244,0.015805156108304186,0.00012572591259496513,1.0335605083608945
0.0007323922282938676,0.015803108808290153,0.00022286766502793045,0.4045095445435757
0.0007324870977534912,0.015801062038596037,0.0002589703975095953,0.5150753717686146
0.0007325819672131147,0.0157990157990158,0.0002831761151173678,0.5836286829809841
0.0007326768366727383,0.015796970089343523,0.0002650367966587593,0.08858132533460916
0.0007327717061323618,0.015794924909373384,0.0003297624847115591,0.241557558084057
0.0007328665755919854,0.015792880258899675,0.00020209382911355912,0.3457520776330494
0.0007329614450516089,0.015790836137716802,0.00019603436227650593,0.204208405351701
0.0007330563145112325,0.015788792545619258,0.00037081242779959516,0.4542875477214611
0.000733151183970856,0.01578674948240166,0.00031281498554723287,0.3412079850480533
0.0007332460534304797,0.015784706947858714,0.00023809897967056937,0.748500808688186
0.0007333409228901032,0.015782664941785252,0.0003813472911982437,0.34302611220636287
0.0007334357923497268,0.015780623463976202,0.00033951494388774386,0.5205008927662161
0.0007335306618093503,0.01577858251422659,0.00030521657076244525,0.34247026992151136
0.0007336255312689738,0.015776542092331567,0.0002591288576420532,0.3703495419074234
0.0007337204007285974,0.015774502198086373,0.00026776147541251956,0.16509032245100771
0.0007338152701882209,0.015772462831286364,0.00022651464247332452,1.1067861232563012
0.0007339101396478446,0.01577042399172699,0.00017575805383276424,0.195755392406155
0.0007340050091074681,0.015768385679203824,0.0002528617231578973,0.33225135530372046
0.0007340998785670917,0.015766347893512535,0.000350996508490817,0.226924243642797
0.0007341947480267152,0.015764310634448896,0.0002334061862925769,0.698627145229945
0.0007342896174863388,0.015762273901808788,0.0002568716032331122,0.3691421663247495
0.0007343844869459623,0.015760237695388195,0.0002837661591691046,0.9146193404668745
0.0007344793564055858,0.01575820201498321,0.0002055662351012065,0.35997546008753034
0.0007345742258652094,0.01575616686039003,0.00023076905173957101,0.1662809134578142
0.000734669095324833,0.015754132231404958,0.00026848647543932665,0.4369915084666584
0.0007347639647844566,0.015752098127824403,0.0002656827372034542,0.35679861151976744
0.0007348588342440801,0.015750064549444876,0.00032999173526452143,0.08999928083556061
0.0007349537037037037,0.015748031496062992,0.0002901112389115304,-0.018659625582656922
0.0007350485731633272,0.01574599896747548,0.0003138843164213764,0.25993385350407044
0.0007351434426229508,0.01574396696347916,0.00020201829970528085,0.4802483492797008
0.0007352383120825743,0.01574193548387097,0.000236312764915982,0.6320959692443758
0.0007353331815421978,0.015739904528447944,0.00025878096938606514,0.43979496731675366
0.0007354280510018215,0.015737874097007224,0.00027883808501078346,0.562690501613942
0.000735522920461445,0.015735844189346062,0.00025661401128458504,-0.01238312513592252
0.0007356177899210686,0.0157338148052618,0.00030402616821085935,0.44277934190633833
0.0007357126593806921,0.015731785944551904,0.0004234347553000255,0.6979609532477209
0.0007358075288403157,0.015729757607013926,0.00017289134087360435,0.042205686249295785
0.0007359023982999392,0.015727729792445532,0.0003319174129762673,0.5838371672736242
0.0007359972677595628,0.015725702500644496,0.0003183795129455282,0.27356664005377096
0.0007360921372191864,0.015723675731408687,0.00025427318591365015,0.16591253773278974
0.00073618700667881,0.015721649484536082,0.00023905800896546813,0.014347250811930818
0.0007362818761384335,0.015719623759824764,0.0003495192320138562,0.6134475652898637
0.000736376745598057,0.015717598557072922,0.0002045313031945593,0.5934407625150004
0.0007364716150576806,0.015715573876078838,0.0002964774561100358,0.6118850159680638
0.0007365664845173041,0.015713549716640907,0.0003880755607162445,0.11153943539573914
0.0007366613539769277,0.01571152607855763,0.00018828218793308152,0.5080897437153785
0.0007367562234365512,0.015709502961627608,0.00027973417797141496,0.21672578033534728
0.0007368510928961749,0.01570748036564954,0.0002468076827517127,0.7459608968150273
0.0007369459623557984,0.015705458290422244,0.00026023818146532674,0.3221465809897272
0.000737040831815422,0.015703436735744626,0.00013560635296940336,0.999447456115072
0.0007371357012750455,0.015701415701415703,0.00027031071766273605,0.33953227870710434
0.000737230570734669,0.01569939518723459,0.0002397787264572508,0.7700226990536458
0.0007373254401942926,0.015697375193000514,0.00020468462759655676,0.31984315518769446
0.0007374203096539161,0.015695355718512802,0.00032126105346454257,0.2201059529041006
0.0007375151791135398,0.015693336763570875,0.00015870203113702589,0.39647800295121377
0.0007376100485731633,0.01569131832797428,0.00022837443080852052,0.18993065790116323
0.0007377049180327869,0.015689300411522635,0.0002598150780144418,0.3352652286667946
0.0007377997874924104,0.015687283014015688,0.00032163168348969373,-0.21077769859101045
0.000737894656952034,0.015685266135253277,0.00027707500199638884,0.21147617814013184
0.0007379895264116575,0.01568324977503535,0.0002987613037422382,0.5026826872576012
0.000738084395871281,0.015681233933161957,0.00023067775782777602,0.2790876024191206
0.0007381792653309046,0.015679218609433238,0.00022298752615509165,0.814389754713308
0.0007382741347905282,0.01567720380364945,0.00030442079908510973,0.43979934901733614
0.0007383690042501518,0.015675189515610945,0.0002901966304287736,0.6478500858092692
0.0007384638737097753,0.01567317574511819,0.0002551685766166725,0.30447951080082086
0.0007385587431693989,0.01567116249197174,0.00014338231104691213,0.23128447876496955
0.0007386536126290224,0.015669149755972257,0.00028718575484296507,-0.050435364442675955
0.000738748482088646,0.01566713753692051,0.00025879947089410164,0.037952940045457115
0.0007388433515482695,0.01566512583461736,0.0002625952325797955,0.3880790506046673
0.0007389382210078932,0.015663114648863784,0.0001554770581010665,0.29132892502275376
0.0007390330904675167,0.01566110397946085,0.00017328394171703312,0.10442145993370747
0.0007391279599271402,0.01565909382620973,0.00028831387415952846,-0.03739414253337236
0.0007392228293867638,0.015657084188911704,0.00035637540392226573,0.32776399351400004
0.0007393176988463873,0.015655075067368154,0.00020349636914297238,0.12087964345279606
0.0007394125683060109,0.01565306646138055,0.0002669235739742844,0.5586598716973467
0.0007395074377656344,0.01565105837075048,0.00018856372084755568,0.16331021077531396
0.000739602307225258,0.01564905079527963,0.0002848337464818482,0.5560997704400475
0.0007396971766848816,0.015647043734769783,0.0003873301178323261,0.3589648153485389
0.0007397920461445052,0.015645037189022826,0.00035802105491058664,0.3407525856725422
0.0007398869156041287,0.01564303115784075,0.0003494901823836585,0.45882268987186947
0.0007399817850637522,0.01564102564102564,0.0001899056494431296,0.5630723508687329
0.0007400766545233758,0.015639020638379696,0.0004019019165998152,0.3875797740129848
0.0007401715239829993,0.015637016149705207,0.0002706527408761142,0.2218749741157913
0.0007402663934426229,0.015635012174804563,0.0002461089418116548,0.25177473113792603
0.0007403612629022464,0.015633008713480268,0.0001581532827020837,0.644219607486363
0.0007404561323618701,0.015631005765534913,0.00017916020976909775,0.044391042084877826
0.0007405510018214936,0.015629003330771205,0.00016351523480005975,0.45056845025239856
0.0007406458712811172,0.01562700140899193,0.00019967503881023182,0.6619119284166554
0.0007407407407407407,0.015625,0.00029217066669958585,0.9680908784417417
0.0007408356102003642,0.015622999103598413,0.00020594048311249795,0.5986215993762506
0.0007409304796599878,0.01562099871959027,0.0002835663970446339,0.40708873720937366
0.0007410253491196113,0.015618998847778775,0.0002522500806495384,0.2515164484855958
0.000741120218579235,0.01561699948796723,0.00029626022445202355,0.4187185214922247
0.0007412150880388585,0.015615000639959044,0.00025179259066741876,0.33992220893321057
0.0007413099574984821,0.015613002303557716,0.00031774631427270523,0.7200993761193885
0.0007414048269581056,0.01561100447856686,0.00010250532934838658,0.29783084958026484
0.0007414996964177292,0.015609007164790174,0.00021808932644949505,0.3922559953938246
0.0007415945658773527,0.01560701036203147,0.00028805618217550024,0.5964030363447567
0.0007416894353369762,0.015605014070094656,0.0002673922298879676,0.20708813439259713
0.0007417843047965998,0.015603018288783733,0.00023036055388769576,0.4816550137223355
0.0007418791742562234,0.015601023017902815,0.00021700062590432955,-0.14794881039099617
0.000741974043715847,0.015599028257256106,0.0002886282684218203,0.029333111144116585
0.0007420689131754705,0.01559703400664792,0.00028390773559791636,0.40541331840956996
0.0007421637826350941,0.015595040265882652,0.00027554491435342535,0.5825924307693875
0.0007422586520947176,0.015593047034764827,0.00023812358810724812,-0.01863771490498911
0.0007423535215543412,0.01559105431309904,0.00023938895048723134,0.34571015388910964
0.0007424483910139647,0.01558906210069001,0.00029847493124137667,0.5224959481301017
0.0007425432604735884,0.01558707039734253,0.00033920312820219614,0.6156754871539409
0.0007426381299332119,0.015585079202861523,0.0002034597992585928,0.2560772431593353
0.0007427329993928354,0.015583088517051988,0.00030384573760075604,0.7224839357186765
0.000742827868852459,0.01558109833971903,0.0002514100732285182,-0.07636448300829109
0.0007429227383120825,0.01557910867066786,0.0002387513567882938,0.3918359371637681
0.0007430176077717061,0.015577119509703778,0.00028003759949048814,0.3809370451861296
0.0007431124772313296,0.015575130856632197,0.00017842088759212362,0.7250868923894054
0.0007432073466909532,0.015573142711258618,0.00021011079100449908,0.37970346485081286
0.0007433022161505768,0.01557115507338864,0.00020824699954446742,0.4986434320517849
0.0007433970856102004,0.015569167942827972,0.0003032377799479856,0.6375058499624546
0.0007434919550698239,0.015567181319382417,0.00025612809888239316,0.7518661087650131
0.0007435868245294474,0.015565195202857875,0.00024734259067607224,0.3670816285924032
0.000743681693989071,0.015563209593060338,0.00035296523487721176,0.2964065688713973
0.0007437765634486945,0.01556122448979592,0.00024034358972633503,0.0745133052154499
0.0007438714329083181,0.015559239892870806,0.0003102155084321451,0.27553418002626606
0.0007439663023679417,0.015557255802091306,0.00037561839611931257,0.5205736459704701
0.0007440611718275653,0.015555272217263803,0.00021640943282217454,0.43352990993188717
0.0007441560412871888,0.015553289138194799,0.0002269916785798329,0.12856466738000394
0.0007442509107468124,0.015551306564690885,0.0002295220642029993,0.3567350438832566
0.0007443457802064359,0.015549324496558757,0.0002887660895208434,0.3437105391672672
0.0007444406496660594,0.0155473429336052,0.0002965049555881783,0.3805752660164336
0.000744535519125683,0.015545361875637107,0.00033957699553366783,0.35169725534677637
0.0007446303885853065,0.01554338132246146,0.00019228371581934498,0.506066910328352
0.0007447252580449302,0.01554140127388535,0.00019394820491684043,0.33400732687167634
0.0007448201275045537,0.015539421729715962,0.00026329558755538925,0.432310878062944
0.0007449149969641773,0.01553744268976057,0.0002281090163065642,0.631500714670415
0.0007450098664238008,0.015535464153826563,0.00015502936172044653,0.27680622331849675
0.0007451047358834244,0.015533486121721415,0.0002462359539268214,0.14573811025697844
0.0007451996053430479,0.015531508593252707,0.0002446271726577837,0.6454212806358554
0.0007452944748026715,0.015529531568228104,0.00032796621181716175,0.37116289850935946
0.000745389344262295,0.01552755504645539,0.00038932687851417694,0.2290327024351235
0.0007454842137219186,0.01552557902774243,0.00026103232875309605,0.3951059230435153
0.0007455790831815422,0.015523603511897188,0.0002826804432339403,0.6154365915281738
0.0007456739526411657,0.015521628498727737,0.00021372803063436646,0.24020376809956046
0.0007457688221007893,0.015519653988042234,0.00032283935980088435,0.4693400176998681
0.0007458636915604128,0.015517679979648947,0.0003315173687936776,0.4271508038639768
0.0007459585610200364,0.015515706473356225,0.0002619925705349816,0.004471529570740365
0.0007460534304796599,0.015513733468972534,0.00029300867342677147,0.5229442370096986
0.0007461482999392836,0.01551176096630642,0.00024718303487843553,0.5198705981454893
0.0007462431693989071,0.01550978896516654,0.00022254334846369221,0.046108426862111064
0.0007463380388585306,0.01550781746536164,0.0001983874329708548,-0.26903608590562705
0.0007464329083181542,0.015505846466700559,0.0002694002073256248,0.47067828147606433
0.0007465277777777777,0.01550387596899225,0.00026189727042283287,0.4827567406717286
0.0007466226472374013,0.015501905972045744,0.0002775389448344283,0.5660938856763714
0.0007467175166970248,0.015499936475670181,0.0002132785267431057,0.34827443026776295
0.0007468123861566485,0.015497967479674796,0.00023847046486489084,0.2016478911454455
0.000746907255616272,0.01549599898386892,0.00022635361290356597,0.18603499573920898
0.0007470021250758956,0.015494030988061977,0.00026984602392074393,0.218439697788058
0.0007470969945355191,0.015492063492063493,0.0002916974358116325,0.7620924290827673
0.0007471918639951426,0.01549009649568309,0.00024831504527655923,0.5239597765438845
0.0007472867334547662,0.015488129998730482,0.00016762579247405773,-0.22377683676182256
0.0007473816029143897,0.015486164001015488,0.0003197847571826735,0.3256302009106984
0.0007474764723740133,0.015484198502348013,0.00018728274443975164,-0.09900001501118688
0.0007475713418336369,0.015482233502538073,0.00022777571140871608,0.483897050999281
0.0007476662112932605,0.015480269001395762,0.00023648404203043804,-0.08683960000341875
0.000747761080752884,0.015478304998731287,0.00025618151685142594,0.5765626993813542
0.0007478559502125076,0.015476341494354942,0.0002849598250053276,0.032066101401386556
0.0007479508196721311,0.015474378488077117,0.00032938788394275514,0.038071819283115135
0.0007480456891317547,0.015472415979708306,0.0003076106625781032,0.017820903202019137
0.0007481405585913782,0.015470453969059092,0.00021345299584086793,0.7597414849667684
0.0007482354280510017,0.015468492455940156,0.00023438331162435694,0.0873833139231329
0.0007483302975106254,0.015466531440162273,0.0002670693234201553,0.4772560947492329
0.0007484251669702489,0.015464570921536318,0.00026060089954539384,0.33165531924595215
0.0007485200364298725,0.015462610899873257,0.0002676000661189455,0.3419308629924249
0.000748614905889496,0.01546065137498416,0.000260163255558927,0.093069609537675
0.0007487097753491196,0.015458692346680184,0.00023785680239437064,0.5502807443357328
0.0007488046448087431,0.015456733814772585,0.00031607268825990835,-0.054859275421019496
0.0007488995142683667,0.015454775779072713,0.00026810309621094725,0.30148832599181574
0.0007489943837279903,0.015452818239392022,0.00020988360443000684,0.2539979817955199
0.0007490892531876138,0.015450861195542048,0.0002430323616703955,0.229285783282381
0.0007491841226472374,0.015448904647334432,0.00025649592091908164,0.47777639311683623
0.0007492789921068609,0.015446948594580907,0.00027045488990940403,0.25732782403252835
0.0007493738615664845,0.015444993037093303,0.0003330545828814592,0.6535602880473084
0.000749468731026108,0.015443037974683547,0.00023830867555225523,0.32565211796984517
0.0007495636004857316,0.01544108340716365,0.0002320500630258395,0.18623543198540193
0.0007496584699453551,0.015439129334345736,0.00029599744719979834,0.32715898549901223
0.0007497533394049788,0.01543717575604201,0.00029286235922153773,-0.017602349552573043
0.0007498482088646023,0.015435222672064779,0.00019704510721285708,0.2991822189539582
0.0007499430783242258,0.01543327008222644,0.00027228403143329794,0.339092291293887
0.0007500379477838494,0.01543131798633949,0.00022037403914716187,0.36395122135315
0.0007501328172434729,0.015429366384216518,0.00035836621383694147,0.21227166848498685
0.0007502276867030965,0.015427415275670207,0.0002519293330049108,0.7375913958724258
0.00075032255616272,0.015425464660513342,0.00026509986848915183,0.6750114262289967
0.0007504174256223437,0.015423514538558785,0.0002923931102693126,0.3895661629763256
0.0007505122950819672,0.015421564909619519,0.0003685470927259739,0.39378690428838886
0.0007506071645415908,0.015419615773508595,0.00024414718873307263,0.37772886622805296
0.0007507020340012143,0.015417667130039177,0.0001802547292353444,0.5050081173142591
0.0007507969034608378,0.015415718979024514,0.00021606499051371832,0.34562658710581184
0.0007508917729204614,0.015413771320277953,0.00025114359227851714,0.47300083525219766
0.0007509866423800849,0.015411824153612938,0.0003171828463839355,0.2954516300334664
0.0007510815118397085,0.015409877478842997,0.00030971185773504803,0.19911320956224762
0.000751176381299332,0.015407931295781765,0.00022367611615184668,0.1001845838865869
0.0007512712507589557,0.01540598560424296,0.00022860863649931445,0.5058839345297736
0.0007513661202185792,0.015404040404040404,0.00017238750766291702,0.17474416840551873
0.0007514609896782028,0.015402095694988007,0.00018780636530383598,-0.06940193597509421
0.0007515558591378263,0.015400151476899774,0.0003656950430372316,0.1590662605892038
0.0007516507285974499,0.0153982077495898,0.00016568804963695407,0.1946898779904734
0.0007517455980570734,0.015396264512872288,0.00022473636815719094,0.6309232828148932
0.0007518404675166969,0.015394321766561516,0.00022388556944124996,0.19622234248012338
0.0007519353369763206,0.015392379510471864,0.0002746223643650786,0.4867216126484207
0.0007520302064359441,0.015390437744417814,0.00031291026137576935,0.11859688715065414
0.0007521250758955677,0.015388496468213926,0.0003341537169467186,0.39614118482879146
0.0007522199453551912,0.015386555681674866,0.00026943684060039594,0.06111376720971395
0.0007523148148148148,0.015384615384615385,0.00034965752237140196,0.1516969774146708
0.0007524096842744383,0.015382675576850337,0.00034194638753959496,0.08838721410551649
0.0007525045537340619,0.015380736258194656,0.0002782081476323971,0.40019392074901333
0.0007525994231936855,0.01537879742846338,0.00025080444816322125,0.4866942739135194
0.000752694292653309,0.015376859087471644,0.00011027593620747028,0.14749799135294686
0.0007527891621129326,0.015374921235034656,0.00027030581407569594,0.4443732446260158
0.0007528840315725561,0.015372983870967742,0.0002170298821561064,-0.22710991912407882
0.0007529789010321797,0.015371046995086304,0.00036401541251354977,0.311857809164468
0.0007530737704918032,0.015369110607205846,0.0002686263963783257,0.1454789811097358
0.0007531686399514268,0.015367174707141957,0.0002584750007319343,0.28613417515986495
0.0007532635094110503,0.015365239294710328,0.0001860652673739155,0.30084884561833936
0.000753358378870674,0.015363304369726733,0.0003191212411870105,0.2033312197366834
0.0007534532483302975,0.015361369932007051,0.00025231111909382645,0.559469555896104
0.000753548117789921,0.015359435981367242,0.0003168072152440009,0.694998257702482
0.0007536429872495446,0.015357502517623363,0.0003067848728645551,0.1785772169207434
0.0007537378567091681,0.01535556954059157,0.00023791090365011316,0.0688645646642294
0.0007538327261687917,0.015353637050088095,0.0003304023135434304,0.23396290489518665
0.0007539275956284152,0.015351705045929283,0.0002473962755957643,0.29759914536320686
0.0007540224650880389,0.015349773527931555,0.0002521624848595249,0.12636140494569023
0.0007541173345476624,0.015347842495911437,0.0001623743223689266,0.13237552940547556
0.000754212204007286,0.015345911949685534,0.00032077997910246077,0.29323455400573095
0.0007543070734669095,0.015343981889070558,0.00023140856822622568,-0.029569475534075216
0.0007544019429265331,0.015342052313883298,0.00032926536251618864,0.6296136803403823
0.0007544968123861566,0.015340123223940651,0.0002863363816633083,0.30122728803818005
0.0007545916818457801,0.015338194619059593,0.0002515617975315503,0.3783505594135079
0.0007546865513054037,0.015336266499057198,0.0002427770445090875,0.20037746096741807
0.0007547814207650273,0.01533433886375063,0.00026204156271538744,0.0976351338640447
0.0007548762902246509,0.015332411712957144,0.00023245814850290453,0.30351762187519193
0.0007549711596842744,0.015330485046494095,0.00019588604351986253,0.27784417997881355
0.000755066029143898,0.015328558864178917,0.0002134972012787753,-0.14616430483565374
0.0007551608986035215,0.015326633165829147,0.00023225759812500862,0.2203620184825111
0.0007552557680631451,0.015324707951262402,0.00026168570211949606,0.1846100865392146
0.0007553506375227686,0.015322783220296409,0.0002946625917945725,0.6122213281226079
0.0007554455069823921,0.015320858972748964,0.00024123358519615194,0.4865342989652509
0.0007555403764420158,0.01531893520843797,0.00020177193610505106,0.26272874285249476
0.0007556352459016393,0.01531701192718142,0.0003047736345744995,0.08197317651623674
0.0007557301153612629,0.015315089128797388,0.00024643263777921213,0.019711831593860824
0.0007558249848208864,0.015313166813104054,0.00022347690047415093,0.2723035840003668
0.00075591985428051,0.015311244979919678,0.00021786415202379645,0.4105115920579451
0.0007560147237401335,0.01530932362906262,0.00027381597512649654,0.4452147709224696
0.0007561095931997571,0.015307402760351318,0.00021634512320252056,0.18205611337672487
0.0007562044626593807,0.015305482373604318,0.0003229214326733144,0.23131639561645212
0.0007562993321190042,0.015303562468640243,0.0003733329434663977,0.40217585299479636
0.0007563942015786278,0.015301643045277813,0.00020507407774653845,0.5548711666321793
0.0007564890710382513,0.015299724103335842,0.0002454198878318192,0.03571523037891323
0.0007565839404978749,0.01529780564263323,0.000258033249546305,0.3623742024324291
0.0007566788099574984,0.015295887662988969,0.00026125358829804556,0.17257775604231532
0.000756773679417122,0.015293970164222138,0.000272514023879172,0.27311832235548295
0.0007568685488767455,0.015292053146151919,0.00019440802683063377,-0.08658289118324203
0.0007569634183363692,0.01529013660859757,0.00021494918518651126,0.38097433099525063
0.0007570582877959927,0.015288220551378446,0.00026284857513761314,0.4335603754798248
0.0007571531572556162,0.015286304974313998,0.00019330014926819837,0.46644298655376626
0.0007572480267152398,0.015284389877223753,0.00025467580637758243,0.38376580198643995
0.0007573428961748633,0.015282475259927347,0.00017651839866800615,-0.2388097444400297
0.0007574377656344869,0.015280561122244489,0.00024198664522455122,0.32783396167218826
0.0007575326350941104,0.015278647463994993,0.00021066488496561945,0.4375738303845562
0.0007576275045537341,0.015276734284998749,0.000264016946060443,0.07576125753428135
0.0007577223740133576,0.01527482158507575,0.00021872452344476182,0.17314983605093223
0.0007578172434729812,0.01527290936404607,0.00030865040960876736,0.5509735179858775
0.0007579121129326047,0.015270997621729879,0.0003718544267598415,0.38609296228982765
0.0007580069823922283,0.015269086357947433,0.00027394343273213183,0.055110173430504915
0.0007581018518518518,0.015267175572519083,0.00033073903765677763,0.21768901677866986
0.0007581967213114753,0.015265265265265266,0.00036359798382456344,0.18477316417367914
0.0007582915907710989,0.015263355436006508,0.0002441632337620255,0.2993116925434985
0.0007583864602307225,0.015261446084563425,0.00023116247316375973,0.2668073517714317
0.0007584813296903461,0.015259537210756723,0.0002549930835012546,0.4200563013285559
0.0007585761991499696,0.015257628814407205,0.00025441739245784546,0.43781987631008873
0.0007586710686095932,0.01525572089533575,0.0002036170607548765,0.6466436061433322
0.0007587659380692167,0.015253813453363341,0.00021296952493674682,0.12494214622806973
0.0007588608075288403,0.015251906488311038,0.0002835363908748752,0.49366965031706916
0.0007589556769884638,0.015250000000000001,0.00021176696777009717,0.44841216535704304
0.0007590505464480873,0.01524809398825147,0.0002789740426138185,0.7486547895573696
0.000759145415907711,0.01524618845288678,0.0003197919406063503,0.2809467411759927
0.0007592402853673345,0.015244283393727354,0.00019091296814772025,0.7722223988353891
0.0007593351548269581,0.015242378810594703,0.00023250542733302607,-0.03970086907637942
0.0007594300242865816,0.015240474703310433,0.00018155135670868663,0.2656336747101209
0.0007595248937462052,0.015238571071696228,0.00016098622748892587,0.1294411123362294
0.0007596197632058287,0.015236667915573874,0.00017592008433353924,0.6868852491361508
0.0007597146326654523,0.015234765234765236,0.00028107481788827314,0.15780870485758614
0.0007598095021250759,0.015232863029092271,0.00030543795893791956,-0.04587366991195912
0.0007599043715846994,0.015230961298377031,0.00021160503869493117,0.588933105659857
0.000759999241044323,0.015229060042441645,0.00029023722874109875,0.34934539495751116
0.0007600941105039465,0.015227159261108339,0.00032870768960071965,0.3390996093865386
0.0007601889799635701,0.015225258954199426,0.0002318894070514982,0.2703749173769603
0.0007602838494231936,0.015223359121537312,0.0002910024248384203,0.2869675853524835
0.0007603787188828172,0.015221459762944478,0.00021689007176761279,0.41987309014571056
0.0007604735883424407,0.015219560878243514,0.0002224790457509984,0.5078671083356727
0.0007605684578020644,0.01521766246725708,0.00023392359573301674,0.03269777756750773
0.0007606633272616879,0.015215764529807932,0.00027858688177703766,0.3194025989214714
0.0007607581967213115,0.015213867065718919,0.00031926600745604106,0.17004607255883392
0.000760853066180935,0.015211970074812968,0.00024257411448632232,0.463687400216043
0.0007609479356405585,0.015210073556913105,0.0002298246494722426,0.07865222706700756
0.0007610428051001821,0.015208177511842433,0.00024976099298481126,0.4650514375524621
0.0007611376745598056,0.015206281939424157,0.0002960648799908588,0.4519819311843313
0.0007612325440194293,0.015204386839481556,0.00025637448184758003,0.7619459774117505
0.0007613274134790528,0.015202492211838009,0.0002619864954892233,0.5699827755361662
0.0007614222829386764,0.015200598056316971,0.0002633803459044027,0.49471256874697495
0.0007615171523982999,0.015198704372741997,0.00029077453485058157,0.02743707482531179
0.0007616120218579235,0.015196811160936722,0.00028923071295005665,0.20397549803527767
0.000761706891317547,0.015194918420724875,0.00021982600459947573,0.07895825053747572
0.0007618017607771705,0.015193026151930264,0.00021483415222282713,0.11553962511563877
0.0007618966302367941,0.01519113435437679,0.0002418765408356967,-0.1603801065137401
0.0007619914996964177,0.015189243027888448,0.0003020778751367465,0.21721018779318382
0.0007620863691560413,0.015187352172289307,0.000202701852987136,0.16567859879600014
0.0007621812386156648,0.015185461787403536,0.00023747734686557401,0.28244610685913063
0.0007622761080752884,0.015183571873055383,0.00029931091794177734,0.3733089251667761
0.0007623709775349119,0.01518168242906919,0.00024308245652657535,0.38401498644274135
0.0007624658469945355,0.01517979345526938,0.00026086539394312887,0.176461102925966
0.000762560716454159,0.01517790495148047,0.0002289158742684079,0.324524496994473
0.0007626555859137825,0.015176016917527057,0.00022299134965286815,0.2856776494882107
0.0007627504553734062,0.01517412935323383,0.00024288700300585382,0.32172581875319095
0.0007628453248330297,0.01517224225842557,0.0002476323350128282,0.2649785852254575
0.0007629401942926533,0.015170355632927134,0.0002686599208612851,0.21489932267650452
0.0007630350637522768,0.015168469476563473,0.00025585412904286664,0.491180509984015
0.0007631299332119004,0.015166583789159624,0.0002617789575758459,0.5475759701777351
0.0007632248026715239,0.01516469857054071,0.00032510114157140825,0.28292496441443077
0.0007633196721311475,0.01516281382053194,0.00021707953444327112,0.1782746915386827
0.0007634145415907711,0.015160929538958619,0.0003007356154632352,0.42604920995322776
0.0007635094110503947,0.015159045725646123,0.00025551337437052554,0.16034738747622465
0.0007636042805100182,0.015157162380419928,0.0003022300333169639,0.5324768071471153
0.0007636991499696417,0.015155279503105593,0.0001973439915780666,0.31847621888525796
0.0007637940194292653,0.015153397093528753,0.00024394831597617019,0.37915779979427466
0.0007638888888888888,0.015151515151515154,0.00030749907440250296,0.20284887264388815
0.0007639837583485124,0.015149633676890598,0.0002217119332866696,0.3954060423103163
0.000764078627808136,0.015147752669481004,0.00019275182860904573,0.22800853518492112
0.0007641734972677596,0.015145872129112352,0.0003049958033650802,-0.12715500170143873
0.0007642683667273831,0.015143992055610726,0.00029653141586591657,0.21147930686233837
0.0007643632361870067,0.015142112448802283,0.00021810469605690837,0.16897163894206266
0.0007644581056466302,0.015140233308513279,0.00022720327873958763,0.6037921399515059
0.0007645529751062537,0.015138354634570047,0.0002150435479814314,0.41762640150308644
0.0007646478445658773,0.015136476426799009,0.00023244807585557639,0.27811583552741787
0.0007647427140255008,0.015134598685026672,0.0002537484018884905,0.5027486225693
0.0007648375834851245,0.015132721409079631,0.0003011962481911436,0.3912674056419255
0.000764932452944748,0.015130844598784573,0.00023069084289610133,0.4897172791654746
0.0007650273224043716,0.015128968253968254,0.0002155194102216511,0.3059526514362397
0.0007651221918639951,0.015127092374457534,0.00022399438350297255,0.026905570563997054
0.0007652170613236187,0.015125216960079345,0.0002686193434513065,0.04306910501705
0.0007653119307832422,0.015123342010660719,0.00027488378194902356,0.20497716850449826
0.0007654068002428657,0.015121467526028757,0.00021728338992900683,0.24783560668210736
0.0007655016697024893,0.015119593506010658,0.00023189502416810065,0.3375639841272084
0.0007655965391621129,0.015117719950433707,0.00020841102212931277,0.2196809041994603
0.0007656914086217365,0.015115846859125263,0.00033747301595664006,0.34262676083120264
0.00076578627808136,0.015113974231912786,0.00026945057513349564,0.32377119418927963
0.0007658811475409836,0.015112102068623809,0.0002639568779792112,0.3736459408541416
0.0007659760170006071,0.015110230369085955,0.00024379405093471427,0.0704732274648968
0.0007660708864602307,0.015108359133126937,0.0001861709311572188,0.1208957542060891
0.0007661657559198542,0.015106488360574544,0.0002073338243360718,0.17566627675452273
0.0007662606253794777,0.015104618051256655,0.00024863369840414246,0.3876858735557148
0.0007663554948391014,0.015102748205001237,0.00023435678936055255,0.22947352066750484
0.0007664503642987249,0.015100878821636344,0.00027249282955847746,0.2555205354819528
0.0007665452337583485,0.0150990099009901,0.00024223750128981266,0.0679463177149895
0.000766640103217972,0.01509714144289073,0.00022259536199742893,0.0252304720232112
0.0007667349726775956,0.015095273447166543,0.0002872413576686033,0.3726680445559205
0.0007668298421372191,0.015093405913645925,0.0002876903829001238,0.4114410323742403
0.0007669247115968427,0.015091538842157349,0.00019065707951228315,0.4565102231207628
0.0007670195810564663,0.015089672232529376,0.00027146031431215655,0.1848654164468085
0.0007671144505160899,0.015087806084590651,0.00027551830636513475,0.3430557768784137
0.0007672093199757134,0.015085940398169902,0.00025315479828209,0.2759401388328497
0.0007673041894353369,0.015084075173095946,0.0002622713806702427,0.33915149693598257
0.0007673990588949605,0.015082210409197676,0.00024830303162418733,0.14266865150182814
0.000767493928354584,0.01508034610630408,0.000287015359081421,-0.060518540245341736
0.0007675887978142076,0.015078482264244223,0.00025547087953665677,0.21483970831982957
0.0007676836672738311,0.015076618882847257,0.00029594806853049945,0.3135530742653637
0.0007677785367334548,0.015074755961942419,0.00027750703603769895,0.2934779095679456
0.0007678734061930783,0.015072893501359033,0.00015330545068128413,0.3325725726337775
0.0007679682756527019,0.015071031500926499,0.00020338784634151534,0.10291579383767417
0.0007680631451123254,0.015069169960474308,0.00028094340953429506,0.530880741980971
0.0007681580145719489,0.015067308879832037,0.000279770082495713,0.28048941097181734
0.0007682528840315725,0.01506544825882934,0.00023679316423304452,0.18154695150788927
0.000768347753491196,0.015063588097295964,0.00022782366015236327,0.2137643463447795
0.0007684426229508197,0.015061728395061728,0.00023133482054640099,0.2583852342648292
0.0007685374924104432,0.015059869151956548,0.00028141216653434825,0.4396935488637912
0.0007686323618700668,0.015058010367810418,0.0002391013724141664,-0.02217155014960304
0.0007687272313296903,0.015056152042453414,0.00021494544034890659,0.22774143803622815
0.0007688221007893139,0.015054294175715697,0.00022583455313078318,0.3316713940231395
0.0007689169702489374,0.015052436767427513,0.0003089472139285221,0.4584776899318895
0.0007690118397085609,0.015050579817419198,0.00028096138467954726,0.13272695414876529
0.0007691067091681845,0.015048723325521153,0.00029102683971487863,0.21937251934653465
0.0007692015786278081,0.015046867291563888,0.000248137849236333,0.4046659117509475
0.0007692964480874317,0.015045011715377974,0.00020013662596947727,0.20762344038696762
0.0007693913175470552,0.015043156596794083,0.0002794172215938993,0.13191930388923243
0.0007694861870066788,0.015041301935642954,0.0002369435557502548,0.1598922714509545
0.0007695810564663023,0.015039447731755426,0.00022081705315927396,0.21347900999609573
0.0007696759259259259,0.015037593984962407,0.00019339221183847314,0.1448726250048628
0.0007697707953855494,0.015035740695094899,0.00020413739888339082,0.3906092420192994
0.0007698656648451731,0.01503388786198398,0.0002091341253041709,0.20420157792589563
0.0007699605343047966,0.015032035485460818,0.0002740013888228542,0.3009042779940485
0.0007700554037644201,0.01503018356535666,0.00022802063349430245,0.4420601430812038
0.0007701502732240437,0.015028332101502834,0.00021008321785928783,-0.006342177885795195
0.0007702451426836672,0.015026481093730755,0.0002657837283979876,-0.04521701810159049
0.0007703400121432908,0.015024630541871921,0.0002638020518971965,0.07927913398018957
0.0007704348816029143,0.015022780445757913,0.0002649954591226128,0.20691402224711578
0.000770529751062538,0.01502093080522039,0.00023231163406081673,0.20862001748236078
0.0007706246205221615,0.015019081620091098,0.0002576838268926721,0.20953197190032954
0.0007707194899817851,0.01501723289020187,0.0003088294546689908,0.18117095828279983
0.0007708143594414086,0.015015384615384616,0.0002489327476369105,0.1920128130100586
0.0007709092289010321,0.015013536795471327,0.00029919407313457557,0.41793448269461164
0.0007710040983606557,0.015011689430294082,0.0002454551829599399,0.20936267431089112
0.0007710989678202792,0.01500984251968504,0.00030258790712484735,0.28753742600130106
0.0007711938372799028,0.015007996063476444,0.00021845090164898412,-0.21745877399033903
0.0007712887067395264,0.015006150061500615,0.0002600593077948154,0.28249690550759726
0.00077138357619915,0.015004304513589964,0.000266048484864308,0.3285993613591838
0.0007714784456587735,0.015002459419576982,0.0003005693969316835,0.34458816203112785
0.0007715733151183971,0.015000614779294234,0.0002603639016291661,0.264653186254148
0.0007716681845780206,0.01499877059257438,0.0002645877682530734,0.20930111625311557
0.0007717630540376441,0.014996926859250156,0.0002509017616029381,0.10280820053741933
0.0007718579234972677,0.014995083579154377,0.00020903129780532392,0.06141439353696605
0.0007719527929568912,0.014993240752119948,0.0002133252488889432,0.015931013807615975
0.0007720476624165149,0.014991398377979848,0.00026192442239326774,0.17802592665689915
0.0007721425318761384,0.014989556456567146,0.0002890527560858876,0.22291616477518097
0.000772237401335762,0.014987714987714987,0.0002645093310340521,0.29264375389996883
0.0007723322707953855,0.014985873971256603,0.00026268061965288754,0.17717041167840347
0.0007724271402550091,0.0149840334070253,0.0001976966716436152,0.34707789610112794
0.0007725220097146326,0.014982193294854477,0.00027801104471875696,0.38245790328619506
0.0007726168791742562,0.014980353634577602,0.0002876799561190912,-0.0013106269252670364
0.0007727117486338798,0.01497851442602824,0.0002938781400012215,0.11372814612937675
0.0007728066180935033,0.014976675669040021,0.0002042697176965431,0.05724019496500413
0.0007729014875531269,0.014974837363446666,0.00023019678429348257,0.018786270432014262
0.0007729963570127504,0.014972999509081986,0.00022849970917145199,-0.05735443020445138
0.000773091226472374,0.014971162105779852,0.00027938753893366714,0.36031256163038566
0.0007731860959319975,0.014969325153374234,0.0002861739877662181,0.21506388565716333
0.0007732809653916211,0.014967488651699178,0.00019835426410434812,0.18092357881702595
0.0007733758348512446,0.014965652600588812,0.0002634580983098177,0.16968204360860178
0.0007734707043108683,0.014963816999877345,0.00023561528464009331,0.3695748845926965
0.0007735655737704918,0.01496198184939907,0.00025676802819592784,0.33260734355226557
0.0007736604432301153,0.014960147148988351,0.0002561901308668627,0.43984867908478054
0.0007737553126897389,0.014958312898479646,0.0002631277190758316,0.3961353533899291
0.0007738501821493624,0.014956479097707491,0.00020531743419159495,0.11680109427136207
0.000773945051608986,0.014954645746506496,0.0002805748469229311,0.17123268061345698
0.0007740399210686095,0.014952812844711363,0.00023019711936685054,0.48400090020121705
0.0007741347905282332,0.014950980392156863,0.00023032953804713322,0.4710476408084593
0.0007742296599878567,0.014949148388677858,0.0003067112020592557,0.1419846396721522
0.0007743245294474803,0.014947316834109287,0.00027588469234866267,0.2025116436300387
0.0007744193989071038,0.014945485728286169,0.0002535106095800965,0.10743836261339966
0.0007745142683667273,0.014943655071043607,0.0002628631720934897,0.3964137720063875
0.0007746091378263509,0.01494182486221678,0.0002779577656686953,0.2952491895880154
0.0007747040072859744,0.014939995101640952,0.00021298392779650602,0.35819116365163434
0.000774798876745598,0.014938165789151464,0.0002334059002151301,0.0016163010931183651
0.0007748937462052216,0.014936336924583743,0.00017103358639304153,0.09425575606728545
0.0007749886156648452,0.01493450850777329,0.00029154470768906477,0.42152732486660505
0.0007750834851244687,0.014932680538555692,0.00016059808888145544,0.36667147094516567
0.0007751783545840923,0.014930853016766613,0.00023402479954621517,0.08496824349626572
0.0007752732240437158,0.014929025942241802,0.00023818550001818582,0.1429165733171837
0.0007753680935033393,0.014927199314817082,0.0003010933562962098,0.4105829914164086
0.0007754629629629629,0.014925373134328358,0.00015737663678581066,-0.3305346476848165
0.0007755578324225864,0.014923547400611623,0.0002679764410711808,0.08651966954526173
0.0007756527018822101,0.014921722113502935,0.00026015017664611365,0.29166211873998205
0.0007757475713418336,0.014919897272838451,0.00028424223864114323,0.2810269646779179
0.0007758424408014572,0.01491807287845439,0.0002176267410642015,-0.07341126367176595
0.0007759373102610807,0.014916248930187066,0.00025079644216402356,0.36420703186150905
0.0007760321797207043,0.01491442542787286,0.00033690817199705155,0.08771601143890387
0.0007761270491803278,0.014912602371348248,0.00028346833729265923,0.13726110293476892
0.0007762219186399514,0.014910779760449768,0.00031674473943769384,0.11308189426891901
0.000776316788099575,0.014908957595014052,0.0002694253581297192,0.20497662781667692
0.0007764116575591985,0.014907135874877813,0.0002582779664850124,0.24462585218241964
0.0007765065270188221,0.014905314599877826,0.00021642399975849364,0.313422567733798
0.0007766013964784456,0.014903493769850966,0.000267546746990678,0.23038289617486385
0.0007766962659380692,0.014901673384634178,0.00026172714444189904,0.3221737874509219
0.0007767911353976927,0.014899853444064484,0.00023801026484876866,0.4348100560841523
0.0007768860048573163,0.014898033947978995,0.0002920084074485555,0.2670302942386335
0.0007769808743169398,0.014896214896214895,0.00018641055599600092,0.39031609727484295
0.0007770757437765635,0.01489439628860945,0.00019792142098885951,0.19602778466869825
0.000777170613236187,0.014892578125,0.00028540879257742824,0.24949316645064556
0.0007772654826958105,0.014890760405223974,0.00025756228467655037,0.4370937593513773
0.0007773603521554341,0.014888943129118867,0.0002765309779905095,0.18344958105754067
0.0007774552216150576,0.01488712629652227,0.00020828106411700803,0.12308674858660419
0.0007775500910746812,0.01488530990727184,0.00024298625358725506,0.1808480976214536
0.0007776449605343047,0.014883493961205321,0.00027221000199163114,0.4072003882311905
0.0007777398299939284,0.014881678458160526,0.0002822018889678276,0.26102720379513433
0.0007778346994535519,0.014879863397975365,0.00021559774368405478,0.0806459988357173
0.0007779295689131755,0.014878048780487806,0.00028313080913150245,0.12044765179439988
0.000778024438372799,0.014876234605535912,0.00022673763015141664,0.3038121006018147
0.0007781193078324225,0.014874420872957816,0.00024621773130306424,0.328445206816386
0.0007782141772920461,0.014872607582591736,0.00029841200331215916,0.43253468450525756
0.0007783090467516696,0.014870794734275966,0.0003196915958386826,0.16084240572950403
0.0007784039162112932,0.014868982327848872,0.00022390925812003056,0.030269243603213345
0.0007784987856709168,0.014867170363148916,0.0003157640911924965,0.20647395368471883
0.0007785936551305404,0.014865358840014622,0.00026442200503116266,0.26129545471662724
0.0007786885245901639,0.014863547758284601,0.00030890532438142146,0.16472910047382283
0.0007787833940497875,0.014861737117797539,0.0002722680384936864,0.16862235409643625
0.000778878263509411,0.014859926918392205,0.00023900002156272934,0.37723967265667796
0.0007789731329690346,0.01485811715990744,0.00024400841671874272,0.22247790130124356
0.0007790680024286581,0.014856307842182172,0.00027959710062931014,0.573664227570073
0.0007791628718882816,0.014854498965055401,0.0002647102363810503,0.308144199120121
0.0007792577413479053,0.014852690528366205,0.00019609203043634605,0.30393422528131436
0.0007793526108075288,0.014850882531953744,0.000245487988177002,0.10363879572214241
0.0007794474802671524,0.014849074975657253,0.00028732557086788254,0.038161720822633576
0.0007795423497267759,0.014847267859316055,0.0002779093091232691,0.33021028829659854
0.0007796372191863995,0.014845461182769531,0.00023187171924445794,0.10868958753636476
0.000779732088646023,0.014843654945857163,0.00022674457134850578,0.2817813008387097
0.0007798269581056466,0.014841849148418492,0.0002336895606765641,0.17535188465743104
0.0007799218275652702,0.014840043790293151,0.00020357267712548525,0.14460346991066877
0.0007800166970248937,0.014838238871320847,0.00029149689174148743,0.23665344661466386
0.0007801115664845173,0.014836434391341361,0.00022725858778199507,0.10777753182565111
0.0007802064359441408,0.014834630350194555,0.00022687826030665283,0.2742077470062815
0.0007803013054037644,0.014832826747720365,0.00026000997501627405,0.23180833504778786
0.0007803961748633879,0.014831023583758814,0.00023866113838852567,0.04430005718367611
0.0007804910443230115,0.014829220858149994,0.00025934586837607945,0.1731269935000014
0.000780585913782635,0.014827418570734082,0.00023074866219690882,0.135117763262387
0.0007806807832422587,0.014825616721351319,0.00020181847858994454,0.08434496888502123
0.0007807756527018822,0.014823815309842043,0.00023099021760760688,0.24548177933972204
0.0007808705221615057,0.014822014336046655,0.0002676926747551933,0.2840514285158994
0.0007809653916211293,0.014820213799805635,0.00027034860192424597,0.4335137499354455
0.0007810602610807528,0.014818413700959553,0.00021325565674593515,0.464110857811267
0.0007811551305403764,0.014816614039349042,0.00028509226840123974,0.3558577593193528
0.0007812499999999999,0.014814814814814815,0.00029063229539493294,0.07496250766845232
0.0007813448694596236,0.014813016027197668,0.00024669605534474015,0.03721840671198703
0.0007814397389192471,0.014811217676338473,0.0002415859127825973,0.2353098019884885
0.0007815346083788707,0.014809419762078176,0.00021061679974421332,0.3236742497373885
0.0007816294778384942,0.014807622284257799,0.00025658444020668645,0.11820911443904546
0.0007817243472981177,0.014805825242718448,0.0002905244085079434,0.24180575652695974
0.0007818192167577413,0.014804028637301299,0.00023484869209804043,0.5002884553275282
0.0007819140862173648,0.01480223246784761,0.00025056137741022406,0.2828060318193631
0.0007820089556769884,0.014800436734198714,0.00020700682731914202,0.046664668803485625
0.000782103825136612,0.014798641436196023,0.0002790307322655788,0.07348991598542068
0.0007821986945962356,0.014796846573681018,0.0002519261747625883,0.09066776867010364
0.0007822935640558591,0.014795052146495272,0.00020994578846754363,0.30559716647745283
0.0007823884335154827,0.014793258154480416,0.00023391291390484172,0.3023661539702025
0.0007824833029751062,0.014791464597478179,0.00025271303961158436,0.34404430494652516
0.0007825781724347298,0.014789671475330342,0.00022900454898942244,0.10910898594363591
0.0007826730418943533,0.014787878787878789,0.0002219655784591706,0.08102372149803312
0.0007827679113539768,0.014786086534965461,0.0002725728265051351,0.29881570385595047
0.0007828627808136005,0.014784294716432379,0.00025538724891113805,0.282208554488455
0.000782957650273224,0.014782503332121654,0.00024965416565055814,0.021183838144350858
0.0007830525197328476,0.014780712381875455,0.00025231660461656,0.16988382333436514
0.0007831473891924711,0.014778921865536039,0.00022778413879686305,0.11349290378876123
0.0007832422586520947,0.014777131782945737,0.0002021446775139942,0.22633983109212052
0.0007833371281117182,0.014775342133946955,0.00024100088646020616,-0.003422215770369194
0.0007834319975713418,0.014773552918382175,0.00026455779082903557,0.562920172204142
0.0007835268670309654,0.014771764136093959,0.0003004686665955114,0.19725245015445986
0.0007836217364905889,0.014769975786924941,0.0002579924121022597,0.3213420230324702
0.0007837166059502125,0.014768187870717831,0.0002595717616013572,0.45618824291771454
0.000783811475409836,0.01476640038731542,0.00019280685415180328,0.3523273298343137
0.0007839063448694596,0.014764613336560572,0.00022305397546653005,0.19475087710435912
0.0007840012143290831,0.014762826718296224,0.00020994912510821263,0.21584830914853625
0.0007840960837887067,0.014761040532365396,0.0002737899441715777,0.10508610932394309
0.0007841909532483302,0.01475925477861118,0.00023483988810172685,0.30961219138006557
0.0007842858227079539,0.014757469456876738,0.0002643656464933336,0.22631996986017397
0.0007843806921675774,0.014755684567005324,0.0002791150898527803,0.007636359235140088
0.0007844755616272009,0.01475390010884025,0.00030929115778495844,0.3774012353947443
0.0007845704310868245,0.01475211608222491,0.0002923316700511347,0.17893145222098597
0.000784665300546448,0.014750332487002782,0.0002526626834612993,0.3256439451958044
0.0007847601700060716,0.01474854932301741,0.00019501743050101577,0.05643173786348406
0.0007848550394656951,0.014746766590112415,0.0002678205517212605,0.16047747807613538
0.0007849499089253188,0.014744984288131495,0.0002631163097973688,0.2879485281021675
0.0007850447783849423,0.014743202416918429,0.0002043419327795328,0.3094563683844951
0.0007851396478445659,0.014741420976317062,0.00024661263624077827,0.18581249321053625
0.0007852345173041894,0.01473963996617132,0.0002847375701921506,0.026793478161085453
0.000785329386763813,0.014737859386325198,0.0002604714030110833,0.2210953047323922
0.0007854242562234365,0.01473607923662278,0.00028403403265550955,0.1060512356368694
0.00078551912568306,0.014734299516908215,0.0002830083752616604,0.3456680138454814
0.0007856139951426836,0.014732520227025722,0.00029066566291870475,0.197026874476657
0.0007857088646023072,0.01473074136681961,0.0002193418542612712,0.19065984096330815
0.0007858037340619308,0.014728962936134252,0.00021133463213621474,0.1759633180602871
0.0007858986035215543,0.0147271849348141,0.00019641547856122455,0.4000444699352649
0.0007859934729811779,0.01472540736270368,0.00025651465206381316,0.3399242106175139
0.0007860883424408014,0.014723630219647598,0.00020071211097951372,0.16101727994317325
0.000786183211900425,0.014721853505490528,0.0002451206567491087,0.27036757924272803
0.0007862780813600485,0.01472007722007722,0.0002907639367195793,0.12300574196012531
0.000786372950819672,0.014718301363252506,0.00027525280966624456,0.22828465803468895
0.0007864678202792957,0.01471652593486128,0.00024414061522169588,-0.019532708524144314
0.0007865626897389192,0.014714750934748524,0.0002770310958941918,0.07934971826210346
0.0007866575591985428,0.014712976362759285,0.00024500350753348517,0.31123541835790447
0.0007867524286581663,0.014711202218738695,0.000305378955750605,0.08400825728637236
0.0007868472981177899,0.014709428502531952,0.0002510033720457767,0.3116784710388838
0.0007869421675774134,0.014707655213984329,0.0002533445087421896,-0.02458671134171711
0.000787037037037037,0.014705882352941176,3.730176315835098e-05,-0.16325525969312754
0.0007871319064966606,0.014704109919247923,0.00020942672949224306,0.15559799419799106
0.0007872267759562841,0.014702337912750062,0.00021966984066142372,0.02945832040634935
0.0007873216454159077,0.014700566333293167,0.00026250304137136784,0.14157832438365064
0.0007874165148755312,0.014698795180722894,0.00018426700098586702,0.36521660257085703
0.0007875113843351548,0.014697024454884956,0.00022636723924302957,0.11294697171242916
0.0007876062537947783,0.014695254155625153,0.000211535263304888,0.2600915838050355
0.0007877011232544019,0.014693484282789352,0.00019244372535722487,0.3778270452586381
0.0007877959927140254,0.014691714836223509,0.00025469182326931224,0.22646776790284273
0.0007878908621736491,0.014689945815773632,0.0002888936781539831,0.10366111781801651
0.0007879857316332726,0.014688177221285818,0.00024616818780617947,0.0667208259222468
0.0007880806010928962,0.014686409052606235,0.0002644264552941085,0.15386656389897696
0.0007881754705525197,0.014684641309581126,0.00026753911646447805,0.40524156368447917
0.0007882703400121432,0.014682873992056807,0.00026866311033783895,0.1520560607079831
0.0007883652094717668,0.014681107099879664,0.00019149874984770228,0.13146303958549171
0.0007884600789313903,0.014679340632896163,0.0002229093556219118,0.051495023375185925
0.000788554948391014,0.01467757459095284,0.00022471317840739707,0.2599662739450178
0.0007886498178506375,0.01467580897389631,0.000308373020488442,0.006105635491198853
0.0007887446873102611,0.01467404378157325,0.00023549597631068733,0.2210778482057237
0.0007888395567698846,0.014672279013830428,0.00024211244176157643,0.1230208052161679
0.0007889344262295082,0.01467051467051467,0.00020539618657225458,0.0337457572578145
0.0007890292956891317,0.014668750751472889,0.0002847247650725049,0.196740869358108
0.0007891241651487552,0.014666987256552057,0.00028510557675099604,0.10065860791621395
0.0007892190346083788,0.014665224185599231,0.00022327420608295558,-0.0038526748808774924
0.0007893139040680024,0.01466346153846154,0.0001733472093964765,0.279749632818884
0.000789408773527626,0.014661699314986181,0.00023443505960699896,0.20313049698696492
0.0007895036429872495,0.014659937515020429,0.00026424029861528664,0.16209487743594284
0.0007895985124468731,0.014658176138411631,0.00027399962615731906,0.30461339840638996
0.0007896933819064966,0.014656415185007208,0.0002478358551993216,0.0880847885185352
0.0007897882513661202,0.014654654654654653,0.00019996276397540324,0.160743317848769
0.0007898831208257437,0.014652894547201537,0.00019154802684979844,-0.06553930226212652
0.0007899779902853672,0.014651134862495498,0.00023633686795734363,0.2911848688533369
0.0007900728597449909,0.014649375600384247,0.00020910869623175785,0.12236536236526002
0.0007901677292046144,0.014647616760715573,0.00025260409274687243,0.24325584258117647
0.000790262598664238,0.014645858343337334,0.00024018590388256267,0.2236718771643669
0.0007903574681238615,0.01464410034809747,0.0002314395741944596,0.2948897647825301
0.0007904523375834851,0.014642342774843976,0.0002823738112443001,0.15535001702304443
0.0007905472070431086,0.014640585623424938,0.0002811782449256064,0.31726169683027383
0.0007906420765027322,0.014638828893688506,0.00022919822582010484,-0.04445378594458418
0.0007907369459623558,0.014637072585482906,0.0002263814820954329,-0.0856839993650156
0.0007908318154219793,0.014635316698656432,0.0002383358027825873,0.12097033057907138
0.0007909266848816029,0.014633561233057457,0.0002130100079221445,0.43808048402158106
0.0007910215543412264,0.014631806188534421,0.00022782068827980768,0.31670838876602403
0.00079111642380085,0.014630051564935844,0.0002105479493873605,0.07345656206567504
0.0007912112932604735,0.014628297362110314,0.00024357434187442814,0.15217698845338004
0.0007913061627200971,0.014626543579906486,0.0002765197625359916,0.04142450919533447
0.0007914010321797206,0.0146247902181731,0.0002670044399004749,0.19192048191252017
0.0007914959016393443,0.014623037276758961,0.00028794337881612195,0.07995594701041106
0.0007915907710989678,0.014621284755512944,0.00022978434268498965,0.07213765006027628
0.0007916856405585914,0.014619532654284003,0.00026331691004885,0.2838558037542988
0.0007917805100182149,0.01461778097292116,0.00025030442825483797,0.058892145891380594
0.0007918753794778384,0.014616029711273513,0.0002616731606896729,0.23746048176388446
0.000791970248937462,0.014614278869190226,0.00022082157623926248,0.14998254503849284
0.0007920651183970855,0.014612528446520542,0.00022653338938858936,0.3246020645792692
0.0007921599878567092,0.014610778443113773,0.0002610490788172319,0.07096815743118527
0.0007922548573163327,0.014609028858819305,0.00028860177834048265,0.30424299957085216
0.0007923497267759563,0.01460727969348659,0.00025758019441371124,0.04870305952553739
0.0007924445962355798,0.014605530946965163,0.00021259860950423442,0.2405350335626959
0.0007925394656952034,0.01460378261910462,0.0002479288750040287,0.07612062933210602
0.0007926343351548269,0.01460203470975464,0.0002492632625035628,0.1222754499743366
0.0007927292046144504,0.01460028721876496,0.00021158607853342685,0.182792325090572
0.000792824074074074,0.014598540145985403,0.00017195026610692432,0.19719203272508912
0.0007929189435336976,0.014596793491265853,0.0002552388904741612,0.25233824343694655
0.0007930138129933212,0.014595047254456275,0.00024168312045379667,0.1768572385047075
0.0007931086824529447,0.0145933014354067,0.0002463311478104464,0.013477465087359763
0.0007932035519125683,0.014591556033967229,0.00022160204811783887,0.019764252910239657
0.0007932984213721918,0.014589811049988041,0.00021689796745949684,0.19251720207379933
0.0007933932908318154,0.014588066483319381,0.0002262931158081737,0.005911291147111655
0.0007934881602914389,0.014586322333811573,0.0002606742068944154,0.16341978128513557
0.0007935830297510624,0.014584578601315004,0.0002537721910747216,0.14657972130552674
0.0007936778992106861,0.014582835285680133,0.0002554075387480123,0.20275267975795397
0.0007937727686703096,0.014581092386757501,0.0002661193427987122,0.2012337101189746
0.0007938676381299332,0.014579349904397706,0.00027322227211779124,0.22247411546540763
0.0007939625075895567,0.01457760783845143,0.00026937175662098117,-0.016143448280979075
0.0007940573770491803,0.014575866188769413,0.00024234481354817216,-0.028495932250786372
0.0007941522465088038,0.014574124955202487,0.0002856703630110599,0.03021299849458892
0.0007942471159684274,0.014572384137601528,0.0002125546090443337,0.20221091700117289
0.000794341985428051,0.014570643735817509,0.00021448259794144307,0.014633888731127337
0.0007944368548876746,0.014568903749701458,0.00021824511764529213,0.0359636319711516
0.0007945317243472981,0.014567164179104478,0.00029263696776564175,0.33233575951655964
0.0007946265938069216,0.014565425023877747,0.00027046559328593455,0.25915549734095145
0.0007947214632665452,0.01456368628387251,0.00026955144451760185,0.1841653202208792
0.0007948163327261687,0.014561947958940082,0.0003067964022642544,0.19319156007142663
0.0007949112021857923,0.014560210048931852,0.00022493716965093987,0.05741365380033098
0.0007950060716454158,0.014558472553699285,0.0002452630989370899,0.019284236943019083
0.0007951009411050395,0.014556735473093904,0.0002270796105402743,0.12883605278090737
0.000795195810564663,0.01455499880696731,0.00022450657245799073,0.00932333516603148
0.0007952906800242866,0.014553262555171179,0.0001715960184659586,0.07737364992693056
0.0007953855494839101,0.014551526717557254,0.00025268015576505534,0.20191743905715748
0.0007954804189435336,0.014549791293977342,0.0002717175435815562,0.1434067361929279
0.0007955752884031572,0.01454805628428333,0.00022829772299852905,0.27981167218735187
0.0007956701578627807,0.014546321688327174,0.00023791137030577627,0.16024738915241588
0.0007957650273224044,0.014544587505960896,0.00026130681949406245,0.10710689503287352
0.0007958598967820279,0.014542853737036596,0.00027766764171140894,-0.039917179277441255
0.0007959547662416515,0.014541120381406437,0.00022665487638476873,0.16169094862195424
0.000796049635701275,0.014539387438922658,0.00022805073172162333,0.15362606404047435
0.0007961445051608986,0.01453765490943756,0.00017178464198881096,0.20489563928530985
0.0007962393746205221,0.014535922792803527,0.0002867415525353205,0.021530013111329408
0.0007963342440801456,0.014534191088873006,0.00024098735154250153,0.0869855608702183
0.0007964291135397692,0.014532459797498511,0.00029745738050148405,0.11192119864285459
0.0007965239829993928,0.014530728918532637,0.00020999152220294194,0.17561922155494386
0.0007966188524590164,0.014528998451828035,0.0002860054318625423,0.1723594437839193
0.0007967137219186399,0.014527268397237439,0.00023353800485904075,-0.018819846079162973
0.0007968085913782635,0.014525538754613643,0.00022371629816789898,0.018980850518952114
0.000796903460837887,0.014523809523809524,0.00026476953536239443,-0.05021427816125225
0.0007969983302975106,0.014522080704678015,0.0002225540926559933,0.16437706214573414
0.0007970931997571341,0.014520352297072126,0.00023710526795573265,0.11349196418359855
0.0007971880692167578,0.014518624300844937,0.00024730439004515975,0.00037513866004762876
0.0007972829386763813,0.014516896715849596,0.0003160709440280063,0.07487321252746819
0.0007973778081360048,0.014515169541939323,0.00027995587416197536,0.21660642064672914
0.0007974726775956284,0.014513442778967406,0.0002663231579905515,0.10670517558988184
0.0007975675470552519,0.014511716426787202,0.00022994216179360547,0.23210768243806992
0.0007976624165148755,0.014509990485252141,0.0002418695441200967,0.026422465613747104
0.000797757285974499,0.014508264954215722,0.00023654613094849187,-0.09658332429341988
0.0007978521554341226,0.01450653983353151,0.00021798860379154558,0.14429165807785527
0.0007979470248937462,0.014504815123053145,0.00022669351344462225,0.07935054295566622
0.0007980418943533698,0.014503090822634332,0.0002241729723950913,0.05218885678166658
0.0007981367638129933,0.014501366932128848,0.00023056120948391465,0.03494761664938655
0.0007982316332726168,0.01449964345139054,0.0002683565760524332,0.02369853751544948
0.0007983265027322404,0.014497920380273322,0.00025403674817570847,0.09024779706954059
0.0007984213721918639,0.014496197718631181,0.00019354412443277715,0.1657410415818548
0.0007985162416514875,0.014494475466318166,0.00021138252703904877,0.13897000144757551
0.000798611111111111,0.014492753623188406,0.00039759748422896977,0.4813963498215577
0.0007987059805707347,0.014491032189096092,0.0002478128231989391,0.30803973479850194
0.0007988008500303582,0.014489311163895487,0.00022024635354210375,0.32197725809599753
0.0007988957194899818,0.01448759054744092,0.00024985855134282176,0.08878861378217982
0.0007989905889496053,0.014485870339586798,0.0002468094073706116,0.15589797317123724
0.0007990854584092288,0.014484150540187583,0.0002561367768288316,0.09607895289234548
0.0007991803278688524,0.014482431149097816,0.00026390137777945716,0.12484204071010077
0.0007992751973284759,0.014480712166172109,0.0002928168764763802,0.2510243530570871
0.0007993700667880996,0.014478993591265131,0.00022885373467415574,0.08896581618714221
0.0007994649362477231,0.014477275424231637,0.00021697843076585972,0.0030368196831355777
0.0007995598057073467,0.014475557664926437,0.00022744953883801317,0.10660484179322169
0.0007996546751669702,0.014473840313204415,0.00025711904363949863,0.1963972671045827
0.0007997495446265938,0.014472123368920523,0.00025142328380571154,0.22728087778978387
0.0007998444140862173,0.014470406831929784,0.00021275100133654536,0.15979450772262835
0.0007999392835458408,0.014468690702087289,0.0002648787028207103,0.0677816311987556
0.0008000341530054644,0.014466974979248193,0.0002255050220610694,0.1790831058715829
0.000800129022465088,0.014465259663267728,0.00021262650020386942,0.10306949243338803
0.0008002238919247116,0.014463544754001186,0.0002297425022706518,0.26134834809269114
0.0008003187613843351,0.014461830251303938,0.00021004890112021217,0.0796784762593805
0.0008004136308439587,0.01446011615503141,0.0001965125676232844,0.10663476973536354
0.0008005085003035822,0.01445840246503911,0.00025149808729687823,0.030143647628018102
0.0008006033697632058,0.014456689181182604,0.00024291253389724892,0.236361498068526
0.0008006982392228293,0.014454976303317537,0.00021515953215440787,0.2147597719301203
0.000800793108682453,0.01445326383129961,0.0002185793772829986,0.24259683260161183
0.0008008879781420765,0.0144515517649846,0.00022437245764788432,0.018498664677711066
0.0008009828476017,0.014449840104228357,0.0002736885987412651,0.2217485857319998
0.0008010777170613236,0.014448128848886783,0.0002663472642733269,0.04639862043732804
0.0008011725865209471,0.01444641799881587,0.0002137498773711669,0.06259483106235611
0.0008012674559805707,0.014444707553871654,0.00024227469431355452,0.005500611341885916
0.0008013623254401942,0.014442997513910264,0.00025197643241996355,0.17222965966741854
0.0008014571948998178,0.01444128787878788,0.00029570057788117225,0.22123487807177541
0.0008015520643594414,0.014439578648360754,0.00023768379812750957,0.0636954033226527
0.000801646933819065,0.014437869822485207,0.00023787576284935895,0.23279557893742703
0.0008017418032786885,0.014436161401017632,0.0002083684619856086,-0.013796608566214485
0.000801836672738312,0.014434453383814482,0.000276069595641034,0.016447873015078062
0.0008019315421979356,0.014432745770732286,0.00022630581757927974,0.08849930444839425
0.0008020264116575591,0.014431038561627633,0.0002746460778956466,0.1084146321568664
0.0008021212811171827,0.014429331756357187,0.00019069529720900632,0.07073593201691415
0.0008022161505768063,0.014427625354777674,0.00024150162991804527,0.23560765296044844
0.0008023110200364299,0.01442591935674589,0.00026903635690632763,0.23805625576401224
0.0008024058894960534,0.014424213762118703,0.00025850909015834734,0.09646348778211226
0.000802500758955677,0.014422508570753044,0.00022898309295829307,0.11636982859193153
0.0008025956284153005,0.01442080378250591,0.00025405493337767173,0.2599934860861943
0.000802690497874924,0.014419099397234372,0.00019239367727890883,0.11706980156457124
0.0008027853673345476,0.014417395414795557,0.00029247729548501127,0.16803718512028396
0.0008028802367941711,0.014415691835046675,0.00023557728147419768,0.07623473190170277
0.0008029751062537948,0.014413988657844991,0.00024302501374115815,0.16767896919523154
0.0008030699757134183,0.014412285883047844,0.00023601233872663926,0.22016655769865476
0.0008031648451730419,0.014410583510512638,0.00026351229113946966,0.19391388945424126
0.0008032597146326654,0.014408881540096848,0.00021681293708819893,0.13072410005121812
0.000803354584092289,0.014407179971658005,0.00024008040897174736,0.14084328616155062
0.0008034494535519125,0.014405478805053724,0.00021849657117823474,0.04937304472211314
0.0008035443230115361,0.014403778040141675,0.0003053455286226612,0.10300794338763723
0.0008036391924711597,0.014402077676779602,0.00023326604063510957,-0.04592204152448339
0.0008037340619307832,0.014400377714825309,0.000233756966851945,0.11423626540174113
0.0008038289313904068,0.01439867815413667,0.00024731028912957205,0.10262373161933312
0.0008039238008500303,0.014396978994571633,0.0002966922890848678,0.20335051070813379
0.0008040186703096539,0.0143952802359882,0.0002086745713847278,-0.05615736227127728
0.0008041135397692774,0.014393581878244455,0.0002515194906849958,0.05751149179279042
0.000804208409228901,0.014391883921198537,0.0002119272913290963,0.07054457694876302
0.0008043032786885245,0.014390186364708657,0.0002973061569113222,0.28560218476015636
0.0008043981481481482,0.014388489208633094,0.0002609739906738532,-0.02761367822627721
0.0008044930176077717,0.01438679245283019,0.000266031218889395,0.1962732314092167
0.0008045878870673952,0.014385096097158354,0.00023012617871342263,0.1370454458648523
0.0008046827565270188,0.014383400141476068,0.0002805026903602138,0.10232188530018092
0.0008047776259866423,0.014381704585641872,0.00021844677304410932,-0.0035305841358135143
0.0008048724954462659,0.014380009429514382,0.00023848998913236758,0.19719433418848903
0.0008049673649058894,0.01437831467295227,0.00020467113847074842,0.05663156890853265
0.000805062234365513,0.014376620315814282,0.00025265468080499256,0.16740159322824055
0.0008051571038251366,0.014374926357959233,0.00025312232062655807,0.030310280803598374
0.0008052519732847602,0.014373232799245994,0.00021794074363646723,0.2826970257410326
0.0008053468427443837,0.014371539639533516,0.00017100272876213615,0.09680923888040377
0.0008054417122040072,0.014369846878680804,0.0002364663809264348,0.18909606262507503
0.0008055365816636308,0.014368154516546933,0.00023710043252958202,0.03949617296883432
0.0008056314511232543,0.014366462552991052,0.00023473065942839985,0.06053651258536643
0.0008057263205828779,0.014364770987872366,0.00023445275894327345,0.09387795243207664
0.0008058211900425015,0.014363079821050154,0.0002544131503135247,0.2865460644128153
0.0008059160595021251,0.014361389052383754,0.0002550965150135545,0.13314061809083808
0.0008060109289617486,0.014359698681732579,0.00023636301810547007,0.2217323189466545
0.0008061057984213722,0.014358008708956102,0.00024465149899466435,0.06512438138705072
0.0008062006678809957,0.014356319133913862,0.00022161477768254965,0.24298360523416326
0.0008062955373406192,0.01435462995646547,0.00021692865889764344,0.15703878647779793
0.0008063904068002428,0.01435294117647059,0.00022456573424260194,0.16790637996314345
0.0008064852762598663,0.014351252793788969,0.00026399689409059454,0.1714161577208814
0.00080658014571949,0.014349564808280403,0.0002627031926539412,0.08072642654921974
0.0008066750151791135,0.014347877219804775,0.0002183051418446521,-0.0014103257065763556
0.0008067698846387371,0.014346190028222013,0.0002503558893386855,0.19118203336496045
0.0008068647540983606,0.014344503233392123,0.00025524513737455636,0.05289309586238456
0.0008069596235579842,0.01434281683517517,0.0002214083519353872,0.18271246610785385
0.0008070544930176077,0.014341130833431293,0.00022907089910230002,0.1103325164151743
0.0008071493624772313,0.014339445228020685,0.0002548102942393219,0.23295809108590876
0.0008072442319368549,0.01433776001880362,0.00023158403457852823,0.172080956623883
0.0008073391013964784,0.014336075205640423,0.0002496274355596501,0.05361034861611269
0.000807433970856102,0.014334390788391495,0.0002209273932818865,0.14519766742524268
0.0008075288403157255,0.014332706766917296,0.00021307346392660385,0.16584721666894478
0.0008076237097753491,0.01433102314107835,0.00023466884642217117,0.017797280931651928
0.0008077185792349726,0.01432933991073526,0.0002588975231586392,0.19091456011887276
0.0008078134486945962,0.014327657075748679,0.0002781610549774604,0.1510028163807717
0.0008079083181542197,0.014325974635979335,0.00023461033743617615,0.25754453766503194
0.0008080031876138434,0.014324292591288012,0.0002686044410698289,0.07807892630243263
0.0008080980570734669,0.014322610941535571,0.00021454748461768725,0.06799973727117065
0.0008081929265330904,0.014320929686582934,0.0002469346513875071,-0.0013458217981247534
0.000808287795992714,0.014319248826291082,0.0002423911755912919,0.1599357504203996
0.0008083826654523375,0.014317568360521067,0.00026942722687701276,0.2764579876303214
0.0008084775349119611,0.014315888289134006,0.00021428096929854555,0.15237975174064064
0.0008085724043715846,0.014314208611991085,0.00023686972355998389,-0.054923424222591784
0.0008086672738312083,0.014312529328953542,0.00022336121563633555,0.038445133770406176
0.0008087621432908318,0.014310850439882698,0.00023264122518110866,0.16857401761939741
0.0008088570127504554,0.014309171944639924,0.0002356710442158539,0.2909061321769686
0.0008089518822100789,0.014307493843086666,0.0002303247353846563,0.05215196379946939
0.0008090467516697024,0.014305816135084429,0.00024846867001567554,0.08011176597148346
0.000809141621129326,0.014304138820494782,0.0002330999820955402,0.01302503142458115
0.0008092364905889495,0.014302461899179369,0.00023407860452511741,0.07781418127103217
0.0008093313600485731,0.014300785370999883,0.00020902509033203176,0.08955909323319837
0.0008094262295081967,0.014299109235818099,0.00019306502140947488,0.2973345721024067
0.0008095210989678203,0.014297433493495841,0.0002368125686363335,0.09561016069031497
0.0008096159684274438,0.01429575814389501,0.00023293010114036283,-0.03206973689258564
0.0008097108378870674,0.014294083186877563,0.00021831905089139282,0.22252972756676656
0.0008098057073466909,0.01429240862230553,0.00025205418284188127,0.22072935030638405
0.0008099005768063145,0.014290734450040999,0.00020184086225127307,0.21082194471864307
0.000809995446265938,0.014289060669946122,0.000254929777800108,0.24908506030607958
0.0008100903157255615,0.014287387281883127,0.0002753411469845139,0.28972397601193867
0.0008101851851851852,0.014285714285714285,0.0006418457639737366,0.2626460635211093
0.0008102800546448087,0.014284041681301958,0.00025653115034894125,-0.001210790003948543
0.0008103749241044323,0.014282369468508546,0.0002818492285203491,0.08247606580852113
0.0008104697935640558,0.014280697647196536,0.00027605847993071266,0.08308693666320789
0.0008105646630236794,0.014279026217228463,0.00027471185501657834,0.022104573379612944
0.0008106595324833029,0.014277355178466941,0.0002577344525316799,0.07984316789773407
0.0008107544019429265,0.014275684530774631,0.00024359997595738405,0.046899986200252666
0.00081084927140255,0.014274014274014275,0.00023744561771560995,-0.005375166159132041
0.0008109441408621736,0.014272344408048667,0.00020560794127053272,0.02680608281788993
0.0008110390103217972,0.014270674932740672,0.00021080955503275942,0.117031442104012
0.0008111338797814207,0.014269005847953216,0.00025171146166130603,0.2407694449002285
0.0008112287492410443,0.014267337153549293,0.0002615830548759014,0.1400808433958117
0.0008113236187006678,0.014265668849391957,0.00026109106344646436,0.10215561143174091
0.0008114184881602914,0.014264000935344325,0.00023323537360041676,0.03847071711267414
0.0008115133576199149,0.014262333411269581,0.00026377492463605483,0.035077995978383285
0.0008116082270795386,0.014260666277030975,0.00026683040410153134,0.09105960026096792
0.0008117030965391621,0.01425899953249182,0.00023304750981695862,0.14231681608789326
0.0008117979659987856,0.014257333177515487,0.0002193324057975902,0.16469254314466575
0.0008118928354584092,0.014255667211965412,0.0002495464723186564,0.1358474608246124
0.0008119877049180327,0.014254001635705107,0.00025817097813475576,0.05230761852510626
0.0008120825743776563,0.014252336448598132,0.0002345621923569185,0.23121757247716823
0.0008121774438372798,0.014250671650508119,0.00021790077846673488,0.07565987061099964
0.0008122723132969035,0.014249007241298762,0.00024305731917828103,-0.022688641025505225
0.000812367182756527,0.01424734322083382,0.0002655846730427075,0.05818168719954202
0.0008124620522161506,0.014245679588977114,0.0002462830813301945,0.06574516490876396
0.0008125569216757741,0.014244016345592527,0.0002764375319050222,0.18840206749797409
0.0008126517911353977,0.014242353490544013,0.00022876812660196336,0.11231570822471722
0.0008127466605950212,0.014240691023695578,0.00024432720399683117,0.1009238517206366
0.0008128415300546447,0.0142390289449113,0.0002362482828962416,0.1023617706335627
0.0008129363995142683,0.014237367254055316,0.00022226755711023742,0.1476433399533898
0.0008130312689738919,0.014235705950991833,0.0002370710236029827,0.23607491510020928
0.0008131261384335155,0.014234045035585112,0.000250892163275383,-0.01812950185589604
0.000813221007893139,0.014232384507699489,0.00027372412464202303,-0.023001760235947823
0.0008133158773527626,0.014230724367199346,0.0002811011408072116,0.112044088804602
0.0008134107468123861,0.01422906461394915,0.00024052907866414604,0.0017360215796535367
0.0008135056162720097,0.014227405247813409,0.00025593172563176045,0.11894201398070277
0.0008136004857316332,0.014225746268656718,0.00021127338341642182,0.07135774243465141
0.0008136953551912567,0.014224087676343714,0.0002478105482618,0.07258477368071996
0.0008137902246508804,0.014222429470739099,0.00023619000605586387,0.057738899932671596
0.0008138850941105039,0.014220771651707658,0.00022169355506350565,0.03144845541690321
0.0008139799635701275,0.01421911421911422,0.0002724452561440254,0.09258539137856293
0.000814074833029751,0.014217457172823682,0.0002473766011231295,0.0889363156481809
0.0008141697024893746,0.014215800512701,0.00023092507740617125,-0.032439674687865176
0.0008142645719489981,0.01421414423861121,0.00025943863296993034,-0.02545878898207504
0.0008143594414086217,0.014212488350419385,0.00019892967853748757,-0.020602707120974204
0.0008144543108682453,0.01421083284799068,0.000222517664270463,0.17605408112276996
0.0008145491803278688,0.01420917773119031,0.00026206504085678824,0.03674995360291011
0.0008146440497874924,0.014207522999883546,0.00024110732904455417,-0.09998701463469914
0.0008147389192471159,0.014205868653935725,0.00021462293988728387,0.05046087425883772
0.0008148337887067395,0.01420421469321225,0.0002494369737631067,0.2351862636067652
0.000814928658166363,0.01420256111757858,0.00025236079061136796,0.08209528837552062
0.0008150235276259866,0.014200907926900245,0.00023157354840029192,-0.01016835766539865
0.0008151183970856101,0.014199255121042831,0.00021281715705200488,0.15431264872222927
0.0008152132665452338,0.014197602699871989,0.00024086703314485714,0.10946710184141033
0.0008153081360048573,0.014195950663253432,0.00026701892418300795,0.14313963000648208
0.0008154030054644808,0.014194299011052939,0.00024064525373372383,0.11578006094237381
0.0008154978749241044,0.014192647743136343,0.00020462562349163644,-0.022310685345158152
0.0008155927443837279,0.014190996859369549,0.00024744074711988845,0.014607226614306903
0.0008156876138433515,0.014189346359618516,0.0002311096317262721,0.1413505384315057
0.000815782483302975,0.014187696243749276,0.00026217548373802334,0.05689799150523359
0.0008158773527625987,0.014186046511627907,0.00021583530585928787,-0.0916349612157569
0.0008159722222222222,0.014184397163120569,0.0002331572730406157,0.17910744546407967
0.0008160670916818458,0.014182748198093467,0.00022226947255225854,0.05116896015648997
0.0008161619611414693,0.01418109961641288,0.00025296749362258334,0.06655195623557794
0.0008162568306010929,0.014179451417945141,0.00022206787968175103,0.21776657535045435
0.0008163517000607164,0.014177803602556653,0.000261906754187669,0.13814325760447888
0.0008164465695203399,0.014176156170113875,0.00025542258342071755,0.03045435531005504
0.0008165414389799635,0.014174509120483328,0.000260486570995876,0.0883093938378342
0.0008166363084395871,0.014172862453531599,0.0002009656954840486,0.0704910525915884
0.0008167311778992107,0.014171216169125334,0.00021516231702215345,0.19944691275935042
0.0008168260473588342,0.014169570267131244,0.0002597829486272614,-0.0537272166489112
0.0008169209168184578,0.014167924747416096,0.0002857237396507487,0.050093295938639565
0.0008170157862780813,0.014166279609846726,0.0002540417451494463,0.03611507564262928
0.0008171106557377049,0.014164634854290025,0.00022477785752969618,0.1953595705240272
0.0008172055251973284,0.014162990480612958,0.0002580946562233246,0.21722600043657078
0.000817300394656952,0.014161346488682532,0.0002471024681500259,0.06735446965159629
0.0008173952641165756,0.014159702878365831,0.0002588563307938102,-0.06623172195017696
0.0008174901335761991,0.014158059649530002,0.00023485289924861266,0.12532109894645638
0.0008175850030358227,0.014156416802042236,0.00025195693909382306,0.06052005629307865
0.0008176798724954462,0.014154774335769813,0.00025159399038241295,0.12111543942279401
0.0008177747419550698,0.014153132250580045,0.00024189341224857387,0.04609375879750182
0.0008178696114146933,0.014151490546340332,0.0002547503501394413,0.01874543551375115
0.000817964480874317,0.014149849222918115,0.00025274725782519896,-0.13640463358636426
0.0008180593503339405,0.014148208280180912,0.0002187084367366238,0.018585826353559
0.000818154219793564,0.01414656771799629,0.0002164783778467342,0.11231416472479251
0.0008182490892531876,0.014144927536231885,0.0002468659676510331,0.14577851178769047
0.0008183439587128111,0.014143287734755393,0.00023024123074597073,0.07836763466451079
0.0008184388281724347,0.014141648313434566,0.00024272006307775502,0.11273340998329012
0.0008185336976320582,0.01414000927213723,0.0002819582254791666,-0.015946232066155135
0.0008186285670916818,0.014138370610731255,0.00021967309139112252,-0.048053108396359706
0.0008187234365513053,0.01413673232908459,0.00023095901570535952,-0.0627625637588331
0.000818818306010929,0.01413509442706523,0.00026765724505848926,0.02163995134816775
0.0008189131754705525,0.014133456904541243,0.00022340876169116847,0.11456911762881844
0.0008190080449301761,0.014131819761380747,0.00023985135645050794,0.0757581474005641
0.0008191029143897996,0.014130182997451933,0.00025101825082163754,0.013519473846228052
0.0008191977838494231,0.014128546612623047,0.0002403411917755203,0.03411346516401819
0.0008192926533090467,0.01412691060676239,0.00024741760472183185,0.04219608194075419
0.0008193875227686702,0.014125274979738336,0.00019140574795201045,0.013866426334104339
0.0008194823922282939,0.014123639731419309,0.00024882721990133664,0.06721312199641206
0.0008195772616879174,0.014122004861673806,0.0002297392485253425,-0.005700774652460146
0.000819672131147541,0.01412037037037037,0.000275221684043043,0.13623768314074886
0.0008197670006071645,0.014118736257377619,0.0002451079830625678,0.11445266051315221
0.0008198618700667881,0.014117102522564222,0.00022314969352523424,0.12551181765895972
0.0008199567395264116,0.014115469165798913,0.00024967025403526755,-0.13834471987667088
0.0008200516089860351,0.014113836186950487,0.0002291135780803761,0.03295232198861904
0.0008201464784456587,0.014112203585887797,0.00024234363424226486,0.19241492053810455
0.0008202413479052823,0.01411057136247976,0.00025133013464711526,0.09506787757840005
0.0008203362173649059,0.01410893951659535,0.0002348217585518187,0.056314349219505906
0.0008204310868245294,0.014107308048103609,0.00023753874609034413,-0.06801328879424627
0.000820525956284153,0.014105676956873628,0.0002551221974659407,0.08533004338779893
0.0008206208257437765,0.014104046242774568,0.0002094247073772515,0.06965221090605261
0.0008207156952034001,0.014102415905675646,0.00023234958464450712,-0.04034130681407473
0.0008208105646630236,0.014100785945446141,0.00023182784022509663,0.09898437509506788
0.0008209054341226471,0.014099156361955394,0.00026916016900050034,0.21745438315376123
0.0008210003035822708,0.0140975271550728,0.0002714284914756103,0.022855531104530567
0.0008210951730418943,0.014095898324667823,0.00024163347122905715,0.01224603271271984
0.0008211900425015179,0.014094269870609981,0.0002581117540094304,0.13404008924896577
0.0008212849119611414,0.014092641792768859,0.00027201408368468126,0.1161711483654906
0.000821379781420765,0.014091014091014091,0.00021429461230585068,-0.05705230025026545
0.0008214746508803885,0.014089386765215385,0.0002558069054402476,-0.03895754827869458
0.0008215695203400121,0.014087759815242493,0.0002252849237598149,-0.1004479540828681
0.0008216643897996357,0.014086133240965247,0.000268087588916415,-0.06034673947830085
0.0008217592592592593,0.01408450704225352,0.00030206002181529457,-1.9817131444165557
0.0008218541287188828,0.01408288121897726,0.00022344072453632939,0.12508747996596487
0.0008219489981785063,0.014081255771006464,0.00021481771367461782,-0.008440356169522335
0.0008220438676381299,0.014079630698211195,0.00021684784781270556,0.10388540215561988
0.0008221387370977534,0.014078006000461574,0.00021016297788407527,-0.010668234194184431
0.000822233606557377,0.014076381677627783,0.0002501611363047994,0.1462158455454802
0.0008223284760170005,0.014074757729580067,0.0002443680112389302,0.08086476992820166
0.0008224233454766242,0.01407313415618872,0.00023466939206496246,0.053675235029867645
0.0008225182149362477,0.014071510957324108,0.00024023536659103996,0.06209930518714717
0.0008226130843958713,0.014069888132856647,0.00027361932265454984,0.16395490633955045
0.0008227079538554948,0.014068265682656825,0.0002467233053862731,-0.01042581287722362
0.0008228028233151183,0.014066643606595182,0.00022433940624446048,0.031221181353412054
0.0008228976927747419,0.014065021904542311,0.00025202982089602625,-0.022057692021266583
0.0008229925622343654,0.014063400576368876,0.0002461558112340216,0.06806598635082733
0.0008230874316939891,0.014061779621945597,0.00023130804569717586,0.06890226202029455
0.0008231823011536126,0.014060159041143253,0.00023437098359634754,-0.011953067355437746
0.0008232771706132362,0.01405853883383268,0.00023911399284916028,0.014588831767380564
0.0008233720400728597,0.01405691899988478,0.00025159353590634495,-0.010810361965583543
0.0008234669095324833,0.014055299539170507,0.0002468034935218941,-0.002729695281040035
0.0008235617789921068,0.014053680451560881,0.0002243314564748944,0.07438791097503199
0.0008236566484517303,0.014052061736926979,0.0002464168533660973,0.004304240428944224
0.000823751517911354,0.01405044339513993,0.0002512905183108477,-0.0223757039901834
0.0008238463873709775,0.014048825426070936,0.0002507911650308791,0.06669875907663601
0.0008239412568306011,0.014047207829591249,0.00022741941945461606,-0.013200728626919117
0.0008240361262902246,0.014045590605572186,0.00024315892508046182,0.071428979161549
0.0008241309957498482,0.014043973753885115,0.0002322281621970331,-0.04730293715747742
0.0008242258652094717,0.014042357274401474,0.000246715324688983,0.049090016628338055
0.0008243207346690953,0.01404074116699275,0.0002312984837790309,8.074878896139304e-05
0.0008244156041287188,0.014039125431530495,0.00023781012257416894,0.02924121416863507
0.0008245104735883423,0.014037510067886321,0.0002452538587680032,0.0885033470230046
0.000824605343047966,0.014035895075931892,0.0002380129610014597,-0.03731005418369069
0.0008247002125075895,0.01403428045553894,0.00024095989175866662,0.12770357437530946
0.0008247950819672131,0.01403266620657925,0.0002293909706032191,0.027905316350659747
0.0008248899514268366,0.014031052328924671,0.00022542305122433563,0.015141107676922954
0.0008249848208864602,0.014029438822447102,0.00022405961730801035,0.12513319286646457
0.0008250796903460837,0.014027825687018512,0.00024314904011202195,0.06442585674007281
0.0008251745598057073,0.014026212922510922,0.00025374150157874374,0.055901814328492734
0.0008252694292653309,0.014024600528796415,0.0002459686650717112,0.029266024579444636
0.0008253642987249545,0.014022988505747125,0.0002475607873718351,-0.024994320431413683
0.000825459168184578,0.01402137685323526,0.00024505584854022744,0.05681913612289676
0.0008255540376442015,0.014019765571133075,0.0002250294839531871,0.036757118694343616
0.0008256489071038251,0.014018154659312882,0.00023046235657493583,0.06499960615125647
0.0008257437765634486,0.014016544117647061,0.00025038800355798045,0.08573988793347592
0.0008258386460230722,0.014014933946008041,0.00024447675235877655,0.04343203908535572
0.0008259335154826957,0.014013324144268322,0.0002454971789690614,0.00715237889375046
0.0008260283849423194,0.014011714712300448,0.00023655507059154314,-0.006765385270836686
0.0008261232544019429,0.014010105649977034,0.0002356794998656201,0.04580532352021998
0.0008262181238615665,0.014008496957170742,0.0002409585484995912,0.07261826351884854
0.00082631299332119,0.014006888633754305,0.0002525726364873329,0.06289096299318195
0.0008264078627808135,0.014005280679600508,0.00024446311337598866,0.008829039633852207
0.0008265027322404371,0.014003673094582185,0.00023218133154985257,-0.013154665267507715
0.0008265976017000606,0.014002065878572249,0.0002497637184357311,0.08988134876696868
0.0008266924711596843,0.014000459031443655,0.00023581134452295844,0.046163069091522534
0.0008267873406193078,0.013998852553069423,0.00024835166947848926,0.02063794806557769
0.0008268822100789314,0.013997246443322625,0.00023368146050420683,-0.016984595128381984
0.0008269770795385549,0.013995640702076404,0.00024317723416666392,-0.005732095658618438
0.0008270719489981785,0.013994035329203946,0.0002502149297951023,0.04926009241146177
0.000827166818457802,0.013992430324578507,0.0002450058733881218,0.020900461254292325
0.0008272616879174255,0.013990825688073395,0.00024166899785850855,-0.012314844671632913
0.0008273565573770491,0.013989221419561979,0.00023414228685747688,0.015880720073638714
0.0008274514268366727,0.01398761751891768,0.0002388912443718502,0.02852058635771191
0.0008275462962962963,0.013986013986013984,0.0002431678470851408,0.0023379525923316463
0.0008276411657559198,0.013984410820724439,0.00024069444535065526,0.021179479908378037
0.0008277360352155434,0.013982808022922637,0.0002349648220209459,0.02483942349668144
0.0008278309046751669,0.013981205592482237,0.00023621300845027947,0.04805449131370727
0.0008279257741347905,0.013979603529276956,0.00023356232887955994,0.04952753555002961
0.000828020643594414,0.013978001833180568,0.0002460944506085044,-0.009957269596465602
0.0008281155130540377,0.013976400504066904,0.00023466019826874388,0.009088046824226296
0.0008282103825136612,0.013974799541809852,0.0002459757641819546,0.02485936777955269
0.0008283052519732847,0.01397319894628336,0.00024210314269043013,0.018992192723613164
0.0008284001214329083,0.01397159871736143,0.0002427292605816334,0.06280606367769842
0.0008284949908925318,0.013969998854918128,0.0002385870746939076,0.01741449267463223
0.0008285898603521554,0.013968399358827571,0.0002357653557497198,0.036616922430763955
0.0008286847298117789,0.01396680022896394,0.00024200286483535053,0.023001230191441586
0.0008287795992714025,0.013965201465201466,0.00024277842853192397,-0.009058256477354566
0.0008288744687310261,0.013963603067414445,0.00024133367424168306,0.012020538826873452
0.0008289693381906497,0.013962005035477227,0.00024080174879174127,0.018618263522051492
0.0008290642076502732,0.01396040736926422,0.00024257966145474778,0.01667144273605259
0.0008291590771098967,0.013958810068649888,0.0002310250440906999,-0.0017177881794503596
0.0008292539465695203,0.01395721313350875,0.0002452986789796011,0.014159412247858423
0.0008293488160291438,0.0139556165637154,0.00023975935271020973,-0.007073436415408521
0.0008294436854887674,0.013954020359144458,0.00024219359519898748,0.01870566579674651
0.000829538554948391,0.013952424519670633,0.00024179323251429516,0.045144898929204993
0.0008296334244080146,0.013950829045168667,0.00024397691766478425,-0.004091336013792368
0.0008297282938676381,0.013949233935513379,0.00024491754920602266,0.010594025221495553
0.0008298231633272617,0.013947639190579626,0.00024104830977445937,0.009193848858350262
0.0008299180327868852,0.013946044810242341,0.00024270948483149415,0.001009030632694961
0.0008300129022465087,0.013944450794376501,0.00024341577554761717,0.02130945405162698
0.0008301077717061323,0.013942857142857142,0.0002361204359027719,0.012532423842840399
0.0008302026411657558,0.013941263855559367,0.00024407442629105326,0.016041018597837426
0.0008302975106253795,0.013939670932358319,0.00024097964686226452,0.013172171853531556
0.000830392380085003,0.013938078373129215,0.00023951342967381146,0.0229856388562638
0.0008304872495446266,0.013936486177747317,0.00023911675496443894,0.026937697513152087
0.0008305821190042501,0.01393489434608795,0.00024170141561649772,0.0019265981834606953
0.0008306769884638737,0.013933302878026497,0.00023865179466055913,0.008175091298874435
0.0008307718579234972,0.013931711773438393,0.00024075569697429435,0.013866470123842534
0.0008308667273831207,0.013930121032199134,0.00024072847807363057,0.007938405891076977
0.0008309615968427444,0.013928530654184267,0.00024047378519018563,0.01835002617592656
0.0008310564663023679,0.013926940639269409,0.0002393948511560907,0.01428265059020213
0.0008311513357619915,0.013925350987330214,0.00024279215655624147,0.007638761662804446
0.000831246205221615,0.013923761698242412,0.0002389228940572885,0.011278158640420947
0.0008313410746812386,0.013922172771881776,0.00024006834616494991,0.003687255290102954
0.0008314359441408621,0.013920584208124146,0.00024273777939933403,-0.004228777912295398
0.0008315308136004857,0.013918996006845409,0.00024237264101786433,0.018858151068282446
0.0008316256830601092,0.013917408167921516,0.00023834788505206262,0.0015997145747494448
0.0008317205525197329,0.013915820691228471,0.00023971451729172945,0.009709227241066097
0.0008318154219793564,0.013914233576642338,0.00023755159922084207,0.0037362703721046477
0.0008319102914389799,0.01391264682403923,0.0002395824261577568,0.0014185541403446279
0.0008320051608986035,0.013911060433295324,0.00023964440675739476,0.004718877145934567
0.000832100030358227,0.013909474404286854,0.00023979877736926276,0.0010206516284610133
0.0008321948998178506,0.013907888736890105,0.00024140752588178025,-0.0004724464987371791
0.0008322897692774741,0.01390630343098142,0.00024079970829571156,0.006743835101771906
0.0008323846387370978,0.013904718486437201,0.00024014003139366204,0.0034209910809402497
0.0008324795081967213,0.013903133903133904,0.00023994368699722495,0.006189376944450632
0.0008325743776563449,0.01390154968094804,0.00024226639486832002,6.540738932662727e-05
0.0008326692471159684,0.013899965819756183,0.00024202415858018568,0.005748298897547477
0.0008327641165755919,0.013898382319434953,0.00024130360960494292,-0.002674652880694831
0.0008328589860352155,0.013896799179861032,0.00023698670224239134,0.0003959433072813004
0.000832953855494839,0.013895216400911162,0.00024152979264863763,0.00827299821435554
0.0008330487249544626,0.013893633982462135,0.00024204904652612818,-0.0005456348684160478
0.0008331435944140862,0.0138920519243908,0.00023961460124394168,0.007629035123613729
0.0008332384638737098,0.013890470226574062,0.00024035483016950787,-0.00827418427241974
0.0008333333333333333,0.013888888888888888,0.00024066484517320093,0.0
