Frequency (Hz),Period (Day),Amplitude,Phase (radians)
0.0,inf,0.6046721392056624,0.0
8.192423646611614e-08,141.27777777777777,0.01531164786368149,-1.532649163165235
1.6384847293223228e-07,70.63888888888889,0.009102379015656184,1.0489687631553275
2.457727093983484e-07,47.092592592592595,0.00973108935052985,1.8815896660434621
3.2769694586446455e-07,35.31944444444444,0.005311239601706317,-2.4516560810122994
4.096211823305807e-07,28.255555555555556,0.004090787227547987,-2.5663254153186204
4.915454187966968e-07,23.546296296296298,0.006693530951593831,-0.5387476765447294
5.73469655262813e-07,20.18253968253968,0.005800879853534151,2.120343005770954
6.553938917289291e-07,17.65972222222222,0.006419288290040134,-2.740812151451004
7.373181281950452e-07,15.697530864197528,0.00928630664455041,0.04317725682373258
8.192423646611614e-07,14.127777777777778,0.009459352191581075,2.060333683004133
9.011666011272775e-07,12.843434343434344,0.003527730220463101,1.924379132056773
9.830908375933937e-07,11.773148148148149,0.0036275756193529006,-3.0483985355586154
1.0650150740595098e-06,10.867521367521368,0.007052887195612616,-0.7212138058382889
1.146939310525626e-06,10.09126984126984,0.008251768462179211,1.2133094521759373
1.228863546991742e-06,9.41851851851852,0.00263557359635274,2.2687085121252064
1.3107877834578582e-06,8.82986111111111,0.004527474244167045,2.134908185464558
1.3927120199239743e-06,8.31045751633987,0.004501059585589606,-2.716597415919391
1.4746362563900905e-06,7.848765432098764,0.002175122385088785,3.097045135226589
1.5565604928562066e-06,7.435672514619883,0.0037031297781856365,-1.5092546983798278
1.6384847293223228e-06,7.063888888888889,0.00047600657940449493,1.1087564092302353
1.720408965788439e-06,6.727513227513227,0.000946237430350173,0.2347120085340304
1.802333202254555e-06,6.421717171717172,0.0036523572094036773,2.404449567729906
1.8842574387206712e-06,6.142512077294686,0.0012836640749838027,0.776595832731724
1.9661816751867873e-06,5.886574074074074,0.00025311936779867905,1.777136927155835
2.0481059116529035e-06,5.651111111111111,0.004334265581575469,2.112510455696904
2.1300301481190196e-06,5.433760683760684,0.0044535334494613275,3.069767595372766
2.2119543845851357e-06,5.232510288065844,0.001655968690471265,2.8963737234103233
2.293878621051252e-06,5.04563492063492,0.0030778303198106577,-2.602952454893031
2.375802857517368e-06,4.871647509578544,0.0026900658367420335,-1.350018748973541
2.457727093983484e-06,4.70925925925926,0.001192240718598525,3.0416771765657575
2.5396513304496003e-06,4.557347670250896,0.0024924834929081693,-2.273782577931798
2.6215755669157164e-06,4.414930555555555,0.0033785897220523285,-0.456283269893764
2.7034998033818326e-06,4.281144781144781,0.0017528441349331733,0.4724490177469997
2.7854240398479487e-06,4.155228758169935,0.001989339282520165,0.2168755727339448
2.867348276314065e-06,4.036507936507936,0.0005344295707157216,1.0096222310750194
2.949272512780181e-06,3.924382716049382,0.0023406377693991802,-1.7329795950167912
3.031196749246297e-06,3.8183183183183185,0.0024002862329984887,-1.0079116068048388
3.1131209857124133e-06,3.7178362573099415,0.00293698708913042,0.4252258925304376
3.1950452221785294e-06,3.6225071225071224,0.001480452448765153,0.7418203963621861
3.2769694586446455e-06,3.5319444444444446,0.0008749062120509969,1.0071357186335148
3.3588936951107617e-06,3.44579945799458,0.001704598488649426,1.937091622178244
3.440817931576878e-06,3.3637566137566135,0.0009507027173854591,1.2129374041539034
3.522742168042994e-06,3.285529715762274,0.00126157704974317,2.4687953169561703
3.60466640450911e-06,3.210858585858586,0.0012328518028933576,2.9089297695115635
3.6865906409752262e-06,3.1395061728395057,0.001243226764023688,1.126365871459113
3.7685148774413424e-06,3.071256038647343,0.0014717421641326869,2.8529117273641527
3.850439113907459e-06,3.005910165484633,0.0009752994104207174,0.94330371979019
3.932363350373575e-06,2.943287037037037,0.0017357813637904234,-2.36037684720203
4.01428758683969e-06,2.883219954648526,0.0010457814866762576,2.454064318130463
4.096211823305807e-06,2.8255555555555554,0.0013245782053552177,-0.23260384356290273
4.1781360597719235e-06,2.7701525054466227,0.0010665259445396561,-0.9621141761600499
4.260060296238039e-06,2.716880341880342,0.0008420003979576411,0.5955697686434239
4.341984532704155e-06,2.6656184486373165,9.613050382178956e-05,-2.487776943555952
4.4239087691702715e-06,2.616255144032922,0.0009477762586331321,2.642574369980844
4.505833005636388e-06,2.5686868686868687,0.00043067337283022363,-0.5263953786984293
4.587757242102504e-06,2.52281746031746,0.0011332525570076513,0.919209057957176
4.6696814785686195e-06,2.4785575048732946,0.0015317680229612156,-2.584004575950758
4.751605715034736e-06,2.435823754789272,0.0008219291973587117,-2.2739806766320467
4.833529951500853e-06,2.3945386064030125,0.0005139968587722499,-2.0655434613529557
4.915454187966968e-06,2.35462962962963,0.0008909054534254882,1.7300032161303258
4.997378424433084e-06,2.3160291438979965,0.0005092945154362028,1.3398818960222616
5.0793026608992006e-06,2.278673835125448,0.0009536313142980025,2.3473861576276023
5.161226897365317e-06,2.2425044091710755,0.0013713129431983803,-2.9826309320287967
5.243151133831433e-06,2.2074652777777777,0.0005411487565891308,2.943749603684661
5.3250753702975486e-06,2.1735042735042738,0.0012005281020424517,3.1405108492783915
5.406999606763665e-06,2.1405723905723906,0.0006336026439367136,-0.5848996555929896
5.488923843229782e-06,2.108623548922056,0.0009032740284617284,-1.605509522441613
5.570848079695897e-06,2.0776143790849675,0.0007550345001586949,0.8620182743399359
5.652772316162013e-06,2.0475040257648955,0.0004037737267602941,1.686300938402058
5.73469655262813e-06,2.018253968253968,0.0007307045104803187,1.9083065963905999
5.816620789094246e-06,1.989827856025039,0.0009225908632354427,-1.0134490087451022
5.898545025560362e-06,1.962191358024691,0.0005027094337350161,-3.0508298934077827
5.980469262026478e-06,1.9353120243531203,0.0007938895717918707,-2.5965740943528406
6.062393498492594e-06,1.9091591591591592,0.0002815129781124215,0.12553748602424664
6.144317734958711e-06,1.8837037037037034,0.000531306473301096,0.392054209965073
6.2262419714248265e-06,1.8589181286549707,0.0005672949229395316,-2.1986108565297178
6.308166207890942e-06,1.8347763347763348,0.00036497606543116215,-0.33733339990376404
6.390090444357059e-06,1.8112535612535612,0.0005575008832341485,3.042295952757155
6.472014680823175e-06,1.7883263009845285,0.0004722302704016923,-2.1277384892897397
6.553938917289291e-06,1.7659722222222223,0.0002795321753123519,-0.6890809740665909
6.635863153755407e-06,1.7441700960219477,0.0005481433614365944,-2.7877891389163802
6.717787390221523e-06,1.72289972899729,0.00043537984387854013,-1.1417462870325952
6.79971162668764e-06,1.7021419009370817,0.0006348342531362326,2.554132094265006
6.881635863153756e-06,1.6818783068783068,0.000502562168498824,-1.289104420418902
6.963560099619871e-06,1.662091503267974,0.0003507616827474557,-0.31280935548705663
7.045484336085988e-06,1.642764857881137,0.0003913101486557716,0.22496925123855638
7.1274085725521044e-06,1.6238825031928479,0.00020637345334180066,-1.6973190582280253
7.20933280901822e-06,1.605429292929293,0.00030329409014951075,-0.4034811368238427
7.291257045484336e-06,1.587390761548065,0.0008382772907199838,0.551385795031294
7.3731812819504524e-06,1.5697530864197529,0.0003612634365093723,-0.19641491476659595
7.455105518416569e-06,1.5525030525030525,0.0006226132834554377,2.5938462990310214
7.537029754882685e-06,1.5356280193236715,0.00019877797503027275,1.7567987021787335
7.6189539913488004e-06,1.5191158900836321,0.0004993051312559836,-2.7392306630513423
7.700878227814918e-06,1.5029550827423166,0.0001259109643314966,0.9256583849163027
7.782802464281034e-06,1.4871345029239766,0.0003940906460933638,-0.8086826793032876
7.86472670074715e-06,1.4716435185185186,0.0009472573602260318,-2.3704577871004795
7.946650937213265e-06,1.456471935853379,0.0003114004069799715,2.387376709802521
8.02857517367938e-06,1.441609977324263,0.00028122552488868196,-1.807006648394718
8.110499410145498e-06,1.4270482603815935,0.0002970832685163684,2.6822110972107316
8.192423646611614e-06,1.4127777777777777,9.915986302919579e-05,-0.28147591480130546
8.27434788307773e-06,1.3987898789878987,0.0004958597074476533,-2.1858884879761797
8.356272119543847e-06,1.3850762527233114,0.00011454479341975235,-1.2749751330464327
8.438196356009963e-06,1.3716289104638617,0.0005475989327114134,1.1718799778677929
8.520120592476078e-06,1.358440170940171,0.0002118911852884255,-1.676489849571213
8.602044828942194e-06,1.3455026455026455,0.0001645812160781325,1.9526441097850453
8.68396906540831e-06,1.3328092243186582,0.000244756321078119,0.7208157778816089
8.765893301874427e-06,1.3203530633437175,0.0004169460616279035,-1.200325732788107
8.847817538340543e-06,1.308127572016461,0.0005009346490083169,2.58732290775144
8.929741774806659e-06,1.2961264016309888,0.0001882710066042561,-2.2480543498071115
9.011666011272776e-06,1.2843434343434343,0.00012715282032986743,2.559329871297225
9.093590247738892e-06,1.2727727727727727,0.0003942282205419029,0.907826256468804
9.175514484205007e-06,1.26140873015873,0.0003162739487266,-2.664856686612469
9.257438720671123e-06,1.250245821042281,7.845021398754976e-05,-1.8763606926433298
9.339362957137239e-06,1.2392787524366473,0.0002917190085149517,-1.1349005249580921
9.421287193603356e-06,1.228502415458937,0.0005065290019963605,-1.923997970641771
9.503211430069472e-06,1.217911877394636,0.00018490307867856704,-0.6845526337900829
9.585135666535588e-06,1.2075023741690407,0.00014237733533860994,-2.952468555175628
9.667059903001705e-06,1.1972693032015063,0.0002847568461724493,0.015840410932263314
9.748984139467821e-06,1.1872082166199813,0.00027867680497913234,-0.5914682196972566
9.830908375933937e-06,1.177314814814815,0.0004476792874152422,-2.9592206242349297
9.912832612400052e-06,1.1675849403122132,0.00023185632943871224,-0.7745111695122631
9.994756848866168e-06,1.1580145719489983,0.0002528514452558138,1.4367614633515728
1.0076681085332285e-05,1.1485998193315266,0.0002145042571559557,-2.826421348996978
1.0158605321798401e-05,1.139336917562724,0.0002045289722113363,-2.1993712021509504
1.0240529558264517e-05,1.1302222222222222,0.00015016974266324808,0.5588089056501542
1.0322453794730634e-05,1.1212522045855378,0.00019610678799375907,-0.67782918603463
1.040437803119675e-05,1.1124234470691163,0.00041188002071498457,1.1644756433652828
1.0486302267662866e-05,1.1037326388888888,0.00010912479528399786,-1.213561317696704
1.0568226504128981e-05,1.095176571920758,0.000476875644513981,-1.432053740425801
1.0650150740595097e-05,1.0867521367521369,0.00034155231984463836,0.24284395842069909
1.0732074977061215e-05,1.0784563189143341,0.0003002309460572501,0.7149915799120073
1.081399921352733e-05,1.0702861952861953,0.00023033299885952344,1.1586920455161038
1.0895923449993446e-05,1.0622389306599833,0.00017952581721829338,1.415047398810541
1.0977847686459563e-05,1.054311774461028,0.0001883942971402171,-0.8194518433231714
1.1059771922925679e-05,1.0465020576131685,0.00012292006411433092,-1.5053320287999574
1.1141696159391795e-05,1.0388071895424837,5.407302995218584e-05,1.0576832780028145
1.122362039585791e-05,1.0312246553122466,3.98268737254351e-05,3.1266488865713913
1.1305544632324026e-05,1.0237520128824478,0.00012567388253865747,0.7076492723332062
1.1387468868790144e-05,1.0163868904876099,0.00019073408587033755,1.7135822604020314
1.146939310525626e-05,1.009126984126984,0.00015929457529133514,-2.202659529883881
1.1551317341722375e-05,1.0019700551615445,0.0013581994176766318,0.19583343676660447
1.1633241578188492e-05,0.9949139280125195,0.00047424925476342015,3.003193001006839
1.1715165814654608e-05,0.9879564879564879,0.000353076106151186,-1.8302863694457192
1.1797090051120724e-05,0.9810956790123455,0.00025930801831053015,2.7489838981544064
1.187901428758684e-05,0.9743295019157089,0.0001776996558890249,2.780727665727176
1.1960938524052955e-05,0.9676560121765602,0.0001831244671825648,-0.41924633916819076
1.2042862760519073e-05,0.9610733182161753,8.36320799925674e-05,-2.967416299513762
1.2124786996985188e-05,0.9545795795795796,5.880918023995923e-05,0.6052085534822795
1.2206711233451304e-05,0.9481730052199852,0.00020581753425224123,3.065405298610952
1.2288635469917422e-05,0.9418518518518517,0.00013717097400711264,2.2998803456399726
1.2370559706383537e-05,0.9356144223693892,0.00022796237434481677,-0.17844041873716263
1.2452483942849653e-05,0.9294590643274854,0.00016407729169692786,-2.5752658966582347
1.2534408179315769e-05,0.9233841684822076,0.00018513269338496613,1.5032044317467144
1.2616332415781884e-05,0.9173881673881674,2.0788209460657767e-05,0.3361903346581944
1.2698256652248002e-05,0.9114695340501793,0.0001622414264093361,-1.8376383957352165
1.2780180888714118e-05,0.9056267806267806,0.00018117932709120843,1.2366890759675029
1.2862105125180233e-05,0.8998584571832979,0.00035633728339199366,-0.847295548189871
1.294402936164635e-05,0.8941631504922642,0.00029833960695904715,2.3297810279487363
1.3025953598112466e-05,0.8885394828791054,0.00013517946897623635,2.229817918039242
1.3107877834578582e-05,0.8829861111111111,0.00023412381636996916,2.361318377157179
1.3189802071044698e-05,0.8775017253278122,9.43887701810401e-05,-0.5261225056182812
1.3271726307510814e-05,0.8720850480109739,0.00018238981118107812,-0.8987273078509885
1.3353650543976931e-05,0.8667348329925016,7.574391360746294e-05,-0.13093446300318384
1.3435574780443047e-05,0.861449864498645,0.0001555641719427153,2.0381370147545788
1.3517499016909162e-05,0.8562289562289563,9.634008227969864e-05,-2.134762512772118
1.359942325337528e-05,0.8510709504685409,0.0001331064526020725,0.8410742676299349
1.3681347489841396e-05,0.8459747172322022,0.0001260018769158691,2.8890073729567027
1.3763271726307511e-05,0.8409391534391534,0.00011863800384233292,-2.392841079746133
1.3845195962773627e-05,0.8359631821170282,0.00017343788262829378,-1.058207935035037
1.3927120199239743e-05,0.831045751633987,4.776190476312182e-05,2.2336396655175603
1.400904443570586e-05,0.8261858349577647,4.815028271993869e-05,0.7788526140884963
1.4090968672171976e-05,0.8213824289405685,0.0002373482770922337,-2.6301074445420753
1.4172892908638091e-05,0.8166345536287732,0.0001586605390346985,-1.1882035564898343
1.4254817145104209e-05,0.8119412515964239,0.00028378716461841864,-1.659384849321265
1.4336741381570325e-05,0.8073015873015873,0.00013850539203735378,1.9839722338933043
1.441866561803644e-05,0.8027146464646465,2.6282179606850314e-05,1.729632027967642
1.4500589854502556e-05,0.7981795354676711,0.00038413181802218944,2.6129757937345826
1.4582514090968672e-05,0.7936953807740325,0.00018692814263571034,0.47175299964895373
1.466443832743479e-05,0.7892613283674735,0.0001841082297104191,-1.8033330244289831
1.4746362563900905e-05,0.7848765432098764,0.00022086652494908706,1.7427555602781344
1.482828680036702e-05,0.7805402087170044,0.00014983000601903758,1.7502215323981893
1.4910211036833138e-05,0.7762515262515263,8.233834055388123e-05,-0.7488275552552417
1.4992135273299254e-05,0.7720097146326654,0.00011431486946900076,-3.108532019794402
1.507405950976537e-05,0.7678140096618358,8.443801036971311e-05,2.242342797530293
1.5155983746231485e-05,0.7636636636636638,7.029253286334526e-05,0.8172051262446948
1.5237907982697601e-05,0.7595579450418161,5.920520206100523e-05,-0.4591896531652301
1.5319832219163717e-05,0.7554961378490791,4.791653380528277e-05,2.2084185230169044
1.5401756455629836e-05,0.7514775413711583,0.00015717032546171518,-2.6623916790615287
1.548368069209595e-05,0.7475014697236918,0.0002448026439210561,2.0227341647808403
1.5565604928562067e-05,0.7435672514619883,0.00010694209182204958,-2.3595296906940444
1.5647529165028183e-05,0.739674229203025,8.027474454288085e-05,-2.488039268023493
1.57294534014943e-05,0.7358217592592593,0.00010365612702975078,-1.3473133686511602
1.5811377637960414e-05,0.7320092112838227,8.629914529014784e-05,-0.9803739089358073
1.589330187442653e-05,0.7282359679266895,0.00034216468056142427,3.098970252678446
1.5975226110892646e-05,0.7245014245014245,0.00011088435208413246,1.4172430996513166
1.605715034735876e-05,0.7208049886621315,0.00013879056466974845,0.7134185836511066
1.613907458382488e-05,0.7171460800902425,8.62835867562171e-05,-1.2519999100609482
1.6220998820290996e-05,0.7135241301907967,0.00015346341198045429,2.183058956339914
1.6302923056757112e-05,0.7099385817978782,3.5445764995885564e-05,-1.4441711667718393
1.6384847293223228e-05,0.7063888888888888,6.98739743904083e-05,-0.4456987726006282
1.6466771529689343e-05,0.7028745163073521,7.201363801502604e-05,1.102469832497167
1.654869576615546e-05,0.6993949394939494,8.935484661750914e-05,-2.3207499774225013
1.6630620002621575e-05,0.6959496442255063,8.028463026782729e-05,1.102905090530433
1.6712544239087694e-05,0.6925381263616557,5.6993090634586656e-05,1.46573267064323
1.679446847555381e-05,0.6891598915989159,0.00011264729799965714,-2.0605582304407832
1.6876392712019925e-05,0.6858144552319309,0.0001027834484400761,1.746735176640129
1.695831694848604e-05,0.6825013419216318,0.00022676377926131948,-1.2993683812965118
1.7040241184952157e-05,0.6792200854700855,0.00014133317370172973,-2.349665554389319
1.7122165421418272e-05,0.6759702286018076,0.00010978782494873996,0.6633037897465365
1.7204089657884388e-05,0.6727513227513228,8.320454712459636e-05,-2.7392938280433876
1.7286013894350504e-05,0.6695629278567667,8.878586220679471e-05,-0.10718291015445974
1.736793813081662e-05,0.6664046121593291,0.0002794745920983772,-3.099095678899585
1.744986236728274e-05,0.6632759520083463,5.2020694380968117e-05,0.035847287431936714
1.7531786603748854e-05,0.6601765316718587,2.8746175058786588e-05,0.39827013822983637
1.761371084021497e-05,0.6571059431524547,1.7613452655579607e-05,-1.3148031625523426
1.7695635076681086e-05,0.6540637860082305,6.808093530347795e-05,-2.94043978269567
1.77775593131472e-05,0.6510496671786994,0.00016202132396421346,2.4864372364826233
1.7859483549613317e-05,0.6480632008154944,0.00011590354678807755,1.974143719394503
1.7941407786079433e-05,0.6451040081177067,7.073571128058779e-05,1.3427367912291925
1.8023332022545552e-05,0.6421717171717172,7.916075698121559e-05,-3.0759868524392537
1.8105256259011668e-05,0.6392659627953745,0.0001361053689070322,-1.4074153569080834
1.8187180495477784e-05,0.6363863863863863,0.00013918541173877272,2.9590904184354834
1.82691047319439e-05,0.6335326357747882,9.798311350132401e-05,1.7516403161091927
1.8351028968410015e-05,0.630704365079365,8.216595344728432e-05,1.1058031758827733
1.843295320487613e-05,0.6279012345679013,8.477406172422305e-05,2.0961630048000317
1.8514877441342246e-05,0.6251229105211406,5.841255451534696e-05,-0.8915899881395923
1.8596801677808362e-05,0.6223690651003427,7.885872739324988e-05,2.3625964353884092
1.8678725914274478e-05,0.6196393762183237,9.308337677759544e-05,-1.5712849594299103
1.8760650150740597e-05,0.6169335274138767,0.00011153583177925335,2.8240547104689897
1.8842574387206713e-05,0.6142512077294685,1.1131420745814768e-05,1.4175819415416322
1.892449862367283e-05,0.6115921115921116,5.7806034674028726e-05,0.15471312654283528
1.9006422860138944e-05,0.608955938697318,0.0001201728970460322,0.38950506576940924
1.908834709660506e-05,0.606342393896042,0.00016512397342277954,2.9749042481415557
1.9170271333071175e-05,0.6037511870845204,0.00011108194162035194,1.9224737972322354
1.925219556953729e-05,0.6011820330969267,2.440216873158868e-05,2.8034356702200673
1.933411980600341e-05,0.5986346516007531,0.0002235913490522933,-2.8951149806161776
1.9416044042469526e-05,0.5961087669948428,0.00014062505783298974,1.8423780184610348
1.9497968278935642e-05,0.5936041083099907,1.6454928513952793e-05,-0.9800009746609646
1.9579892515401757e-05,0.5911204091120409,0.00013217281095433952,2.858703053920419
1.9661816751867873e-05,0.5886574074074075,0.0001093556906641024,1.323567702849138
1.974374098833399e-05,0.5862148455509452,7.748972177504509e-05,-2.765946116168189
1.9825665224800105e-05,0.5837924701561066,0.00010012881634734508,2.4189422861880043
1.990758946126622e-05,0.581390032007316,6.154215939844898e-05,-1.0228974947679637
1.9989513697732336e-05,0.5790072859744991,0.00015877012447316818,-1.264181929382146
2.0071437934198455e-05,0.5766439909297051,0.00010226159186029617,1.7219344398588687
2.015336217066457e-05,0.5742999096657633,8.353886952248659e-05,0.8314114886578884
2.0235286407130687e-05,0.5719748088169141,5.537629542686461e-05,-1.4811270267143382
2.0317210643596802e-05,0.569668458781362,0.00011958313999648277,-2.426867171929155
2.0399134880062918e-05,0.5673806336456939,5.336885867055783e-05,1.821653438230348
2.0481059116529034e-05,0.5651111111111111,0.0001398790301550634,-2.2991638000828063
2.056298335299515e-05,0.5628596724214254,7.263608156501128e-05,0.1742557345863219
2.064490758946127e-05,0.5606261022927689,0.00017898843266303836,-2.400188083323585
2.0726831825927384e-05,0.5584101888449714,9.423567818354385e-05,1.469718537423881
2.08087560623935e-05,0.5562117235345582,9.26908085604302e-05,-2.890671835001174
2.0890680298859616e-05,0.5540305010893246,0.00015763745428104978,-1.5367807165235763
2.097260453532573e-05,0.5518663194444444,0.0001594352376845103,2.892622072160368
2.1054528771791847e-05,0.5497189796800692,2.7500927415148618e-05,2.3658262118155737
2.1136453008257963e-05,0.547588285960379,7.88549652838606e-05,1.4225040771181436
2.121837724472408e-05,0.5454740454740454,0.00016519823629233924,-1.0769090536156676
2.1300301481190194e-05,0.5433760683760684,6.410461009479308e-05,-2.195836485446861
2.1382225717656313e-05,0.5412941677309493,6.216384566725475e-05,-3.128528569504502
2.146414995412243e-05,0.5392281594571671,0.0001198935541207221,2.2658513956705297
2.1546074190588545e-05,0.5371778622729193,0.00010147651053758278,0.384494193038704
2.162799842705466e-05,0.5351430976430976,3.916013552075289e-05,-0.8304671717830411
2.1709922663520776e-05,0.5331236897274634,2.998478462082878e-05,-2.6209885062946463
2.1791846899986892e-05,0.5311194653299917,5.361886701356304e-05,-2.4089103129966616
2.1873771136453008e-05,0.529130253849355,7.33710476705956e-05,-1.6700621176644483
2.1955695372919127e-05,0.527155887230514,6.574262404074369e-05,-0.20286472882846068
2.2037619609385242e-05,0.5251961999173895,7.397587625630556e-05,-3.0928687851145686
2.2119543845851358e-05,0.5232510288065843,0.00014277757415636505,3.1117193701901247
2.2201468082317474e-05,0.521320213202132,0.00014020889396611227,-1.8028928267410897
2.228339231878359e-05,0.5194035947712419,3.637713610555311e-05,1.7598689569913235
2.2365316555249705e-05,0.5175010175010175,8.670691964512368e-05,0.4378130530774054
2.244724079171582e-05,0.5156123276561233,3.1458788945381514e-05,-2.871983209108946
2.2529165028181937e-05,0.5137373737373738,5.6017982476247136e-05,-1.0360820383821032
2.2611089264648052e-05,0.5118760064412239,5.0145501428396216e-05,-1.9140665177242102
2.269301350111417e-05,0.5100280786201363,7.23922852369137e-05,-2.997468455266711
2.2774937737580287e-05,0.5081934452438049,7.951851999566661e-05,-2.4338378569988905
2.2856861974046403e-05,0.5063719633612107,6.70131362351823e-05,-2.6701487106319517
2.293878621051252e-05,0.504563492063492,6.810165071893757e-05,2.938728090509862
2.3020710446978634e-05,0.5027678924476077,0.00016398460904429034,3.1062317199964937
2.310263468344475e-05,0.5009850275807722,0.000490348005709843,-2.5904614447787844
2.3184558919910866e-05,0.4992147624656459,0.0005621311952202848,0.7837472015656747
2.3266483156376985e-05,0.49745696400625977,0.00013909354530948528,1.4091106288222637
2.33484073928431e-05,0.49571150097465877,8.003320816889511e-05,1.0278468574848716
2.3430331629309216e-05,0.49397824397824397,8.116043443044954e-05,1.2643427313373887
2.3512255865775332e-05,0.4922570654277971,7.460829472431865e-05,2.4734151095018206
2.3594180102241448e-05,0.49054783950617276,7.214244288413852e-05,-0.5316524281664867
2.3676104338707564e-05,0.48885044213763934,8.618662506579942e-05,-1.5941587624627782
2.375802857517368e-05,0.48716475095785444,0.0001437444114210758,0.2224390863840982
2.3839952811639795e-05,0.48549064528445973,1.6259680503200175e-05,2.5165105866920627
2.392187704810591e-05,0.4838280060882801,2.313551856807787e-05,0.48695954064013086
2.400380128457203e-05,0.4821767159651118,3.185163489476631e-05,-1.9545911258584077
2.4085725521038145e-05,0.4805366591080876,3.0324942195203743e-05,-1.6843407441610831
2.416764975750426e-05,0.4789077212806026,6.979674739061678e-05,2.0609075640938683
2.4249573993970377e-05,0.4772897897897898,1.6908534026120364e-05,-0.06346158927447121
2.4331498230436493e-05,0.47568275346053124,3.612008806227501e-05,1.726204984849642
2.441342246690261e-05,0.4740865026099926,2.7811108383387092e-05,-0.9616582141544787
2.4495346703368724e-05,0.47250092902266816,0.00011458755492971369,-0.4270109813830259
2.4577270939834843e-05,0.47092592592592586,1.8631562140170985e-05,2.6373528079602377
2.465919517630096e-05,0.4693613879660391,4.8699735083455344e-05,-2.7334807406825576
2.4741119412767075e-05,0.4678072111846946,4.140415087589658e-05,-2.783313602719633
2.482304364923319e-05,0.46626329299596625,3.866846419161121e-05,0.5642484733326236
2.4904967885699306e-05,0.4647295321637427,6.302677670052348e-05,2.9121041102388854
2.4986892122165422e-05,0.46320582877959926,4.217450514445827e-05,0.21290181905108507
2.5068816358631537e-05,0.4616920842411038,2.559695370449777e-05,0.3655692048850315
2.5150740595097653e-05,0.46018820123054655,3.69253102115168e-05,-2.5555297167261286
2.523266483156377e-05,0.4586940836940837,7.234175804342025e-05,1.540553510580399
2.5314589068029888e-05,0.45720963682128724,6.380829725563113e-05,-3.0809446208879243
2.5396513304496004e-05,0.45573476702508964,5.9701746328816825e-05,1.2260063154307457
2.547843754096212e-05,0.454269381922115,1.742397316632401e-05,2.4811201597703745
2.5560361777428235e-05,0.4528133903133903,8.460252282121557e-05,-0.37682468092961535
2.564228601389435e-05,0.4513667021654242,9.29672774360616e-05,1.9157773545443573
2.5724210250360467e-05,0.44992922859164897,5.5133794565236864e-05,2.966873306756673
2.5806134486826582e-05,0.44850088183421516,3.6144522972302506e-05,1.4277108829146525
2.58880587232927e-05,0.4470815752461321,9.900556661278686e-05,-0.7263962696088069
2.5969982959758817e-05,0.4456712232737469,1.4847154586957652e-05,3.0205361259439205
2.6051907196224933e-05,0.4442697414395527,2.2491678965868485e-05,1.4392279885763708
2.613383143269105e-05,0.44287704632532215,2.1815415764985035e-05,-2.0808308965246334
2.6215755669157164e-05,0.44149305555555557,7.078379728971333e-05,1.1489779133083318
2.629767990562328e-05,0.44011768778123916,3.0102997122325755e-05,-2.6953418280231887
2.6379604142089396e-05,0.4387508626639061,2.5692445497833638e-05,2.32219582777984
2.646152837855551e-05,0.4373925008599931,1.9778603365489742e-05,-0.9330263623897624
2.6543452615021627e-05,0.43604252400548693,3.1364931137106275e-05,-0.3799260881707891
2.6625376851487746e-05,0.4347008547008547,5.5763261119994315e-05,2.1192973018799925
2.6707301087953862e-05,0.4333674164962508,9.021720705546507e-05,0.3137392884699525
2.6789225324419978e-05,0.43204213387699625,6.579475079985794e-05,2.8148993381582357
2.6871149560886093e-05,0.4307249322493225,6.628576901292401e-05,-1.9164392192311746
2.695307379735221e-05,0.4294157379263762,6.773503935502839e-05,0.7034501792908633
2.7034998033818325e-05,0.42811447811447817,5.4201004358696236e-05,-0.06454543968409521
2.711692227028444e-05,0.4268210808996308,7.224853321366626e-05,2.7895079701388035
2.719884650675056e-05,0.42553547523427043,9.644166045222552e-06,0.1673395132772469
2.7280770743216675e-05,0.4242575909242575,1.8402404698577006e-05,-2.7056193415984033
2.736269497968279e-05,0.4229873586161011,3.3007837048460856e-05,0.6444145381630807
2.7444619216148907e-05,0.4217247097844113,3.5930086495207186e-05,-0.8416380387484729
2.7526543452615022e-05,0.4204695767195767,4.217510038164402e-05,-1.2581853304881596
2.7608467689081138e-05,0.41922189251566105,2.887292270470841e-05,1.5353308736170386
2.7690391925547254e-05,0.4179815910585141,5.2791956302271024e-05,-2.94179506972756
2.777231616201337e-05,0.4167486070140938,2.012056224737574e-05,0.9962238466998291
2.7854240398479485e-05,0.4155228758169935,2.22616851169826e-05,-0.8349271249830935
2.7936164634945604e-05,0.41430433365917235,2.3854149664768706e-05,-0.2357945891025273
2.801808887141172e-05,0.4130929174788823,6.98123681512538e-05,3.0339899964387214
2.8100013107877836e-05,0.4118885649497895,7.69120023076808e-05,1.8869306003573971
2.818193734434395e-05,0.4106912144702842,4.0999463267460795e-05,0.638559850238381
2.8263861580810067e-05,0.4095008051529791,7.008532523400924e-05,-0.711713345786306
2.8345785817276183e-05,0.4083172768143866,7.444410953025412e-05,0.38831933513417577
2.84277100537423e-05,0.4071405699647775,2.2694952852031062e-05,1.9978077846414126
2.8509634290208418e-05,0.40597062579821197,1.5368144536723874e-05,-0.20275521702687962
2.8591558526674534e-05,0.4048073861827443,5.2609028220255496e-05,-1.375652750617526
2.867348276314065e-05,0.40365079365079365,5.8093986113708926e-05,1.994906245945344
2.8755406999606765e-05,0.40250079138968026,0.00011074790428479866,0.930766134161004
2.883733123607288e-05,0.40135732323232326,4.9917716999982095e-05,0.43084052498005493
2.8919255472538996e-05,0.40022033364809567,9.465128276790806e-05,0.36165637751461077
2.9001179709005112e-05,0.39908976773383553,9.567211368505676e-05,-2.0778591760600866
2.9083103945471228e-05,0.3979655712050078,9.32972799582235e-05,-0.33237031484132257
2.9165028181937344e-05,0.3968476903870162,2.547726097872246e-05,-2.2156629064385984
2.9246952418403463e-05,0.3957360722066604,0.00014731814587953527,1.5880308113946695
2.932887665486958e-05,0.39463066418373677,4.2630931022996514e-05,0.8191989007917757
2.9410800891335694e-05,0.39353141442277934,5.770636182704041e-05,-1.5786829094284316
2.949272512780181e-05,0.3924382716049382,6.728402697323715e-05,0.23506341928182237
2.9574649364267925e-05,0.3913511849799939,1.8261012299202577e-05,1.0585420443463498
2.965657360073404e-05,0.3902701043585022,2.6138655503068925e-05,1.8306667558116458
2.9738497837200157e-05,0.38919498010407105,4.430071849994736e-05,-1.2238704187034428
2.9820422073666276e-05,0.38812576312576313,3.997964366390998e-05,-2.8011122607185746
2.9902346310132392e-05,0.38706240487062404,2.0629987809420322e-05,1.6842485757227486
2.9984270546598507e-05,0.3860048573163327,5.786564328084108e-05,3.1004830381376305
3.0066194783064623e-05,0.38495307296397213,3.8699985401362006e-05,-0.09910892155630857
3.014811901953074e-05,0.3839070048309179,8.869479767951002e-06,1.0603779042569907
3.0230043255996855e-05,0.38286660644384224,3.7680609944208596e-05,2.054897584270571
3.031196749246297e-05,0.3818318318318319,3.66358014516346e-05,-1.6520180419936146
3.0393891728929086e-05,0.38080263551961663,1.2813911182132122e-05,0.41562709327406994
3.0475815965395202e-05,0.37977897252090803,4.956817844622856e-05,-1.0946437513946499
3.055774020186132e-05,0.3787607983318439,4.2621905015344144e-05,-1.9276448521671414
3.063966443832743e-05,0.37774806892453955,4.028214713274356e-05,1.3300327020833447
3.072158867479355e-05,0.37674074074074076,3.854024012113146e-05,2.2904719598495022
3.080351291125967e-05,0.37573877068557915,1.2885162791314362e-05,-0.20042242930646492
3.088543714772579e-05,0.3747421161214264,6.745019459048168e-05,0.8404961379821587
3.09673613841919e-05,0.3737507348618459,0.00010768467953705357,-1.6540716299707114
3.104928562065802e-05,0.37276458516564054,1.6297703258873814e-05,-0.3374371570015425
3.1131209857124134e-05,0.37178362573099416,2.6399334907295543e-05,-0.6678712712770155
3.121313409359025e-05,0.37080781568970544,7.3851735197622e-05,-2.1134936137416105
3.1295058330056366e-05,0.3698371146015125,6.99809698479705e-06,-1.9936371148241037
3.137698256652248e-05,0.3688714824485059,2.761193530722306e-05,-3.1282621527473955
3.14589068029886e-05,0.36791087962962965,4.480130409789026e-05,-1.9874770410306408
3.154083103945471e-05,0.3669552669552669,7.217406174691001e-05,-2.7029544023935177
3.162275527592083e-05,0.36600460564191134,4.95904748754914e-05,0.4824250813103719
3.1704679512386944e-05,0.3650588573069193,3.627380311879897e-05,-2.1347465311139735
3.178660374885306e-05,0.36411798396334477,6.150251036206058e-05,1.6883316758617184
3.1868527985319176e-05,0.36318194801485293,3.143078126278846e-05,1.7630749762898963
3.195045222178529e-05,0.36225071225071226,0.00010811791156333164,-0.2758508839536592
3.203237645825141e-05,0.3613242398408639,9.92853004605281e-05,2.0449453587391266
3.211430069471752e-05,0.36040249433106575,9.649485336929511e-05,-2.264587383320537
3.2196224931183645e-05,0.35948543963811136,5.097775462182265e-05,1.106488899225008
3.227814916764976e-05,0.35857304004512125,6.673962454777714e-05,-0.3577715599297893
3.236007340411588e-05,0.3576652601969057,7.970199453406906e-05,2.0258194290631595
3.244199764058199e-05,0.3567620650953984,5.888461981589058e-05,2.0848424987299716
3.252392187704811e-05,0.3558634200951581,3.6860129856909266e-05,-0.5916738709172304
3.2605846113514224e-05,0.3549692908989391,2.6387856235070476e-05,-2.594700772769502
3.268777034998034e-05,0.35407964355332777,5.849471856542838e-05,-1.4022194847044531
3.2769694586446455e-05,0.3531944444444444,1.6392773968184195e-05,1.4417658807298943
3.285161882291257e-05,0.35231366029371014,7.367953248480959e-05,-0.3596338640985446
3.293354305937869e-05,0.35143725815367605,3.430939535766514e-05,1.048020864333777
3.30154672958448e-05,0.3505652054039151,5.907254097585426e-05,-1.4147110256963695
3.309739153231092e-05,0.3496974697469747,5.846360717161997e-05,2.677192319302475
3.3179315768777034e-05,0.34883401920438956,1.6742008236485875e-05,2.380723740349778
3.326124000524315e-05,0.34797482211275316,8.687515507424663e-05,-2.4326861538747186
3.3343164241709265e-05,0.34711984711984717,5.5322213968504654e-05,-0.10944839324222455
3.342508847817539e-05,0.34626906318082784,2.9226916618142056e-05,-0.894264021800182
3.3507012714641503e-05,0.34542243955446883,2.4218731886918625e-05,-2.8288344799702054
3.358893695110762e-05,0.34457994579945794,5.217250853088136e-05,0.7910582599782703
3.3670861187573735e-05,0.34374155177074883,4.0475713116412724e-05,-0.025736544809678616
3.375278542403985e-05,0.3429072276159654,6.533590061712466e-05,2.596947928236961
3.3834709660505966e-05,0.342076943771859,2.9906333002334188e-05,-0.669565264559713
3.391663389697208e-05,0.3412506709608159,2.6632553565061925e-05,2.8255504721974467
3.39985581334382e-05,0.34042838018741634,4.783457762938057e-05,0.34787782716384524
3.4080482369904314e-05,0.33961004273504275,3.634609776667727e-05,1.6957076319207187
3.416240660637043e-05,0.33879563016253667,8.904532379551462e-05,-0.38040569391819234
3.4244330842836545e-05,0.3379851143009038,9.710621561586077e-06,-1.251730229804373
3.432625507930266e-05,0.3371784672500663,3.6885016889516956e-05,-0.3439516246876764
3.4408179315768776e-05,0.3363756613756614,3.416043270990551e-05,-3.087903687340538
3.449010355223489e-05,0.3355766693058855,1.6520925725943975e-05,2.2096392588204194
3.457202778870101e-05,0.33478146392838337,2.4174029521925394e-05,0.8021902394898296
3.4653952025167124e-05,0.3339900183871815,2.560574304149623e-05,1.7399291265857062
3.473587626163324e-05,0.33320230607966456,0.00010514504103378478,-1.1731129208683262
3.481780049809936e-05,0.33241830065359473,3.813087207347856e-05,-2.92899862279523
3.489972473456548e-05,0.33163797600417316,2.2941279545027683e-05,-3.0574894240975183
3.498164897103159e-05,0.3308613062711423,3.7374785776229435e-05,-1.0022757976006453
3.506357320749771e-05,0.3300882658359294,5.5543707080644876e-05,-2.9364910907894997
3.5145497443963825e-05,0.32931882931882933,8.116787736303672e-05,-1.5336266099656801
3.522742168042994e-05,0.32855297157622737,6.091100053077589e-05,-3.000095887099849
3.5309345916896056e-05,0.32779066769786025,5.648266086264679e-05,-1.2395153000355663
3.539127015336217e-05,0.3270318930041152,7.950587019091175e-05,0.03865903645156529
3.547319438982829e-05,0.3262766230433667,1.8307761288268908e-05,-2.3985220064623416
3.55551186262944e-05,0.3255248335893497,5.342443824220336e-05,-0.26614452222045837
3.563704286276052e-05,0.3247765006385696,5.327600050162055e-05,1.8796558572396043
3.5718967099226635e-05,0.3240316004077472,2.3840072280839197e-05,2.886777247727456
3.580089133569275e-05,0.32329010933129926,2.845215281870477e-05,0.8367024224452734
3.5882815572158866e-05,0.32255200405885337,3.900441530209971e-05,0.17176581137348104
3.596473980862498e-05,0.32181726145279677,1.881268628610578e-05,-1.4514679703985929
3.6046664045091104e-05,0.3210858585858586,5.490188387846341e-05,3.1091760761897462
3.612858828155722e-05,0.32035777273872507,1.7473255338840028e-05,3.062386848977866
3.6210512518023336e-05,0.31963298139768725,6.824608105028806e-05,2.2916458027892928
3.629243675448945e-05,0.31891146225232003,1.716296747563752e-05,2.335221377820119
3.637436099095557e-05,0.31819319319319317,1.9996071872408164e-05,1.6692176730842105
3.645628522742168e-05,0.31747815230961296,2.6464804771376305e-05,-2.8711041675080753
3.65382094638878e-05,0.3167663178873941,3.1770895225659874e-05,0.5460362558023792
3.6620133700353914e-05,0.31605766840666166,5.570183749049626e-05,0.3895237168588281
3.670205793682003e-05,0.3153521825396825,1.4704247046479777e-05,-1.4579061956974382
3.6783982173286146e-05,0.3146498391487256,1.679733952163721e-05,-2.194405049032074
3.686590640975226e-05,0.31395061728395063,2.3993777769337804e-05,1.766154276208638
3.694783064621838e-05,0.31325449618132545,2.411360218328422e-05,2.9590029247584315
3.702975488268449e-05,0.3125614552605703,3.8034325912780456e-05,-2.7371669631936224
3.711167911915061e-05,0.31187147412312977,4.8567974981708125e-05,-1.6774104944736232
3.7193603355616724e-05,0.31118453255017137,7.99920909398516e-05,2.675512852336568
3.727552759208284e-05,0.3105006105006105,7.861422301393801e-05,0.14233880850742875
3.7357451828548956e-05,0.30981968810916183,1.419201987216125e-05,-2.8431899640165215
3.743937606501508e-05,0.3091417456844152,2.229306216532925e-05,-2.2319889825947286
3.7521300301481194e-05,0.3084667637069384,3.649890067994497e-05,1.4539125885386963
3.760322453794731e-05,0.3077947228274025,3.3866345428706456e-05,-2.0046025390099107
3.7685148774413425e-05,0.30712560386473425,6.840363634517588e-05,2.30768809203507
3.776707301087954e-05,0.30645938780429016,2.4862064502470568e-05,-0.3294171473069169
3.784899724734566e-05,0.3057960557960558,4.485771721319669e-05,-0.9857985459371564
3.793092148381177e-05,0.30513558915286776,2.802496853818903e-05,1.0211758197176557
3.801284572027789e-05,0.304477969348659,4.6545317531329656e-05,-3.112164964411992
3.8094769956744004e-05,0.30382317801672637,5.368548566267817e-05,-1.1626824980876427
3.817669419321012e-05,0.303171196948021,5.373781839032654e-05,2.508388295602681
3.8258618429676235e-05,0.3025220080894599,4.712410918893031e-05,-3.0950201622983373
3.834054266614235e-05,0.3018755935422602,4.4495038326200734e-05,-2.593505992942167
3.842246690260847e-05,0.30123193556029376,3.7106100151161913e-05,-1.3808932386287558
3.850439113907458e-05,0.3005910165484634,4.192790234880483e-05,-2.6488284656018304
3.85863153755407e-05,0.29995281906109933,2.2610364959617176e-05,-0.48536313144837584
3.866823961200682e-05,0.29931732580037657,3.0295910040143276e-05,-0.7827830900214393
3.8750163848472936e-05,0.2986845196147522,5.570035077028366e-05,2.45793712467034
3.883208808493905e-05,0.2980543834974214,2.67848402208821e-05,-0.4088477392073909
3.891401232140517e-05,0.2974269005847953,2.983349926954374e-05,-1.482883094751341
3.8995936557871283e-05,0.29680205415499533,1.4754791944759818e-05,-1.0720316592427164
3.90778607943374e-05,0.2961798276263685,6.984905814915201e-05,2.57167185524863
3.9159785030803515e-05,0.29556020455602044,2.695321588633204e-05,1.733657273423897
3.924170926726963e-05,0.29494316863836695,5.4764091317842807e-05,0.04504054077530622
3.9323633503735746e-05,0.29432870370370373,4.543251233307488e-05,-0.609124611203838
3.940555774020186e-05,0.2937167937167937,3.593381845406697e-05,1.9358197050754344
3.948748197666798e-05,0.2931074227754726,4.7222742169898654e-05,2.313742918959441
3.9569406213134093e-05,0.2925005751092708,3.5299672410748306e-05,0.07252846954181415
3.965133044960021e-05,0.2918962350780533,5.535520987802949e-05,-2.4677782577205267
3.9733254686066325e-05,0.29129438717067585,1.3392800837313139e-05,-1.0801119624159428
3.981517892253244e-05,0.290695016003658,4.0099582262305906e-05,0.016381356324275807
3.9897103158998556e-05,0.2900981063198722,8.5036647439227e-05,-3.024779028848663
3.997902739546467e-05,0.28950364298724957,1.573830688452585e-05,2.2358749479290774
4.0060951631930795e-05,0.28891161099750057,4.401024786502679e-05,-2.103115547444396
4.014287586839691e-05,0.28832199546485254,8.51441289464312e-06,-1.0504674239642635
4.0224800104863026e-05,0.287734781624802,6.864223282366003e-06,1.7620910363144127
4.030672434132914e-05,0.28714995483288164,1.5029936868844478e-05,-2.740439748727269
4.038864857779526e-05,0.28656750056344377,2.5814434560952913e-05,2.3875818503121833
4.047057281426137e-05,0.28598740440845705,2.241513645576633e-05,-2.4433644191764374
4.055249705072749e-05,0.28540965207631874,7.262749179093619e-06,-2.9642460804322828
4.0634421287193605e-05,0.284834229390681,2.5166714432606515e-05,-0.3593872115417518
4.071634552365972e-05,0.2842611222892913,2.7307765041991994e-05,1.7767471009847104
4.0798269760125836e-05,0.28369031682284696,3.616751648289014e-05,-2.9993285283600506
4.088019399659195e-05,0.28312179915386326,3.43361702213919e-05,0.040265559826322135
4.096211823305807e-05,0.28255555555555556,3.278585531884375e-05,2.3651516770067187
4.104404246952418e-05,0.2819915724107341,4.339085828514457e-05,-1.7998185614879338
4.11259667059903e-05,0.2814298362107127,6.674652262545368e-05,1.6071239933170733
4.1207890942456415e-05,0.2808703335542302,1.892635378666103e-05,1.2147579806404085
4.128981517892254e-05,0.28031305114638444,6.132196652127658e-05,-1.7693436023724503
4.137173941538865e-05,0.2797579757975797,1.1523274027251673e-05,1.8678555245462711
4.145366365185477e-05,0.2792050944224857,1.5232810363418856e-05,2.4741183102436333
4.1535587888320884e-05,0.27865439403900943,4.902600854324117e-05,0.8680618207890531
4.1617512124787e-05,0.2781058617672791,3.37353748184644e-05,-1.8130325144689627
4.1699436361253116e-05,0.27755948482864,6.394750024306947e-06,-1.1064373973159205
4.178136059771923e-05,0.2770152505446623,2.6911459764027546e-05,2.102078398540871
4.186328483418535e-05,0.27647314633616005,5.990060862638215e-05,-2.0684662903275344
4.194520907065146e-05,0.2759331597222222,2.817822806686689e-05,1.6725245864803788
4.202713330711758e-05,0.2753952783192549,2.08089022874487e-05,1.0463038395180786
4.2109057543583694e-05,0.2748594898400346,3.635833764602184e-05,-2.1494398699990827
4.219098178004981e-05,0.27432578209277236,3.6663819180322965e-05,-1.789790397723866
4.2272906016515926e-05,0.2737941429801895,3.294521924050927e-05,0.47084243792745695
4.235483025298204e-05,0.27326456049860304,2.6631999065795638e-05,1.4980445819682424
4.243675448944816e-05,0.2727370227370227,2.438300448403574e-05,-2.36193744965606
4.251867872591427e-05,0.27221151787625775,4.342971564683632e-05,1.6746263131914092
4.260060296238039e-05,0.2716880341880342,2.3548354500645156e-05,-2.469325321500865
4.268252719884651e-05,0.2711665600341224,3.365880247354623e-05,0.9166982067704639
4.276445143531263e-05,0.27064708386547465,8.15081516002203e-06,-0.8277638364755584
4.284637567177874e-05,0.2701295942213724,3.3148303875358614e-05,1.5550761555178347
4.292829990824486e-05,0.26961407972858353,2.2284404096550122e-05,-2.605750711287995
4.3010224144710974e-05,0.2691005291005291,4.680885811582657e-05,-1.7265470149956659
4.309214838117709e-05,0.26858893113645965,2.4185115266347536e-05,0.10603099343815958
4.3174072617643205e-05,0.2680792747206409,3.604814908302186e-05,-0.043749119496573945
4.325599685410932e-05,0.2675715488215488,2.237469711814978e-05,-3.018182765273806
4.333792109057544e-05,0.2670657424910733,3.0373209610499282e-05,-2.621762841894477
4.341984532704155e-05,0.2665618448637317,2.9416332081663513e-05,-0.2724100932899416
4.350176956350767e-05,0.2660598451558904,2.833330591225964e-06,-1.8386770289760708
4.3583693799973784e-05,0.26555973266499583,1.3541498127620359e-05,-2.2435025954590575
4.36656180364399e-05,0.26506149676881385,3.493522309439483e-05,2.0872678550066337
4.3747542272906015e-05,0.2645651269246775,3.3620064948217526e-05,-1.1495183725908058
4.382946650937213e-05,0.2640706126687435,4.220948443218258e-05,2.8880317283862285
4.3911390745838253e-05,0.263577943615257,4.410689656069663e-05,-1.5037148194664884
4.399331498230437e-05,0.26308710945582453,3.718286520081656e-05,-2.997638259372167
4.4075239218770485e-05,0.26259809995869476,2.0644035291551963e-05,-2.333366654253977
4.41571634552366e-05,0.26211090496804784,5.745901281663971e-05,2.8175609557966883
4.4239087691702716e-05,0.2616255144032921,2.7900831126487918e-05,2.1855231544177025
4.432101192816883e-05,0.26114191825836924,1.6278162070947675e-05,1.0320314468139467
4.440293616463495e-05,0.260660106601066,3.908697199481292e-05,-1.4816722524689985
4.4484860401101063e-05,0.26018006957233475,2.8619761027312303e-05,2.318538030862126
4.456678463756718e-05,0.25970179738562094,2.751521339263427e-05,2.1563101567122978
4.4648708874033295e-05,0.25922528032619774,4.060347926032772e-05,2.426668940977097
4.473063311049941e-05,0.25875050875050876,1.936430865971572e-05,0.3514227476790325
4.4812557346965526e-05,0.25827747308551696,3.744926522174837e-05,1.9096768830959654
4.489448158343164e-05,0.25780616382806165,3.5646381959227136e-05,-2.5859732306452123
4.497640581989776e-05,0.2573365715442218,3.8050513261762434e-05,3.0797957364205093
4.5058330056363873e-05,0.2568686868686869,4.394509612432322e-05,-1.341083947519011
4.514025429282999e-05,0.25640250050413393,2.214562365159286e-05,-1.2787178050290624
4.5222178529296105e-05,0.25593800322061194,2.844833194662519e-05,2.1908119464025226
4.530410276576223e-05,0.2554751858549327,2.019359139904217e-05,1.906421324025185
4.538602700222834e-05,0.25501403931006816,3.142402199376147e-05,-2.860671559404099
4.546795123869446e-05,0.25455455455455456,2.7949745352119044e-05,-0.6486682910733326
4.5549875475160575e-05,0.25409672262190247,3.2605558091455614e-05,-0.5876546291467751
4.563179971162669e-05,0.25364053461001396,1.14217960648106e-05,2.432158284149709
4.5713723948092806e-05,0.25318598168060535,2.2691953959920915e-05,-2.914818593186115
4.579564818455892e-05,0.2527330550586364,2.5426631091087937e-05,-2.592092803192164
4.587757242102504e-05,0.252281746031746,1.9680599794472672e-05,-0.05784420086429069
4.595949665749115e-05,0.251832045949693,1.5804590463310732e-05,1.2890527401617045
4.604142089395727e-05,0.25138394622380383,1.6518951619375328e-05,2.6023219247832525
4.6123345130423385e-05,0.2509374383264259,1.5910605121963495e-05,1.58999284110751
4.62052693668895e-05,0.2504925137903861,5.5697640556035025e-05,1.4528719585564658
4.6287193603355616e-05,0.25004916420845624,0.00011266787795392448,-1.467477808555238
4.636911783982173e-05,0.24960738123282294,1.5228207965394158e-05,-2.947629298235403
4.645104207628785e-05,0.24916715657456398,2.5064279048373763e-05,-2.8770785379670696
4.653296631275397e-05,0.24872848200312989,5.114660703120755e-05,1.9698902954631745
4.6614890549220086e-05,0.2482913493458309,1.7139300844596817e-05,-0.909228597780839
4.66968147856862e-05,0.24785575048732938,1.7279548888976583e-05,1.9082461341230321
4.677873902215232e-05,0.24742167736913795,1.4320583212880952e-05,1.1721051363650234
4.686066325861843e-05,0.24698912198912198,6.8673931229312025e-06,-1.5076084832282386
4.694258749508455e-05,0.24655807640100832,1.2933570216179734e-05,-0.8622354896508734
4.7024511731550664e-05,0.24612853271389856,3.943866493424041e-05,-0.07643844178401915
4.710643596801678e-05,0.2457004830917874,3.5853270190090276e-05,2.5363038560148543
4.7188360204482896e-05,0.24527391975308638,4.5492135278841884e-05,-1.3851058399539133
4.727028444094901e-05,0.24484883497015214,1.3901393441615131e-05,-0.08755244873535055
4.735220867741513e-05,0.24442522106881967,4.856176481653308e-05,-3.100574422691092
4.743413291388124e-05,0.2440030704279409,2.61689187948478e-05,2.1154549033130667
4.751605715034736e-05,0.24358237547892722,1.435813552841339e-05,2.1250112499681015
4.7597981386813474e-05,0.24316312870529738,2.328240960327467e-05,-2.066445728120829
4.767990562327959e-05,0.24274532264222987,1.6455074592266575e-05,1.2298257629575093
4.7761829859745706e-05,0.2423289498761197,6.057028219139273e-05,-1.0575534702932148
4.784375409621182e-05,0.24191400304414004,4.236129699739159e-06,2.7034693013714737
4.7925678332677944e-05,0.24150047483380815,3.0854938841838276e-05,2.954103551416172
4.800760256914406e-05,0.2410883579825559,5.163941469596873e-06,2.0140427660347706
4.8089526805610175e-05,0.24067764527730454,1.4013311303705752e-05,-1.8052005251211967
4.817145104207629e-05,0.2402683295540438,2.0818891028956533e-05,-2.4567733874868583
4.825337527854241e-05,0.23986040369741557,2.2635065215815376e-05,3.12309156642035
4.833529951500852e-05,0.2394538606403013,1.6672837391996713e-05,-2.2894569244100467
4.841722375147464e-05,0.23904869336341414,1.862272120502311e-05,1.895798589063464
4.8499147987940754e-05,0.2386448948948949,2.22518055243303e-05,-2.9951771249572623
4.858107222440687e-05,0.23824245830991192,6.217679228898168e-06,1.5121509780157552
4.8662996460872985e-05,0.23784137673026562,2.4347750589503944e-05,-0.5992458934633552
4.87449206973391e-05,0.23744164332399628,2.5950292813275905e-05,0.5002663198099919
4.882684493380522e-05,0.2370432513049963,2.782041965117729e-05,2.2867684594316517
4.890876917027133e-05,0.23664619393262612,2.36151582011105e-05,0.8665661933086813
4.899069340673745e-05,0.23625046451133408,1.3754806280652394e-05,-2.4115589117406073
4.9072617643203564e-05,0.2358560563902801,2.8831812743005114e-05,-2.421745105111022
4.9154541879669686e-05,0.23546296296296293,1.9745952119160828e-05,0.7131403337488109
4.92364661161358e-05,0.2350711776668515,2.5832675986709042e-05,-1.900293166253217
4.931839035260192e-05,0.23468069398301955,2.3802249537547496e-05,2.9247345470849884
4.9400314589068033e-05,0.234291505435784,2.7930433162189052e-05,1.7404787902288086
4.948223882553415e-05,0.2339036055923473,2.2854812841132932e-05,0.6758172151438703
4.9564163062000265e-05,0.2335169880624426,5.8842196188661184e-06,-2.0875335106604607
4.964608729846638e-05,0.23313164649798312,2.2623021180282676e-05,-2.6466402938720655
4.9728011534932496e-05,0.2327475745927146,4.309154980604942e-05,-0.2324312409597128
4.980993577139861e-05,0.23236476608187134,1.7518573617198432e-05,2.0744070666835484
4.989186000786473e-05,0.23198321474183542,1.3985600905479774e-05,1.8587797198807863
4.9973784244330843e-05,0.23160291438979963,1.1475835372410695e-05,-0.9735005432872214
5.005570848079696e-05,0.23122385888343333,2.444279754413991e-05,0.31108195662194105
5.0137632717263075e-05,0.2308460421205519,1.0621922036267031e-05,-1.9030070499652734
5.021955695372919e-05,0.23046945803878918,2.281159599210225e-05,2.552185696568249
5.0301481190195306e-05,0.23009410061527327,3.5849788675636085e-05,0.6473692896140035
5.038340542666142e-05,0.22971996386630533,4.127712211778398e-05,-2.412308806971654
5.046532966312754e-05,0.22934704184704185,7.918492067026925e-06,-0.9924502995013088
5.054725389959366e-05,0.2289753286511795,3.7144109493563713e-05,-0.0372769433291373
5.0629178136059776e-05,0.22860481841064362,5.000070548099343e-05,1.0255266161101029
5.071110237252589e-05,0.22823550529527908,3.403264059180638e-05,-2.0034334841238275
5.079302660899201e-05,0.22786738351254482,3.7911071849412355e-05,-3.0410234174758743
5.087495084545812e-05,0.22750044730721058,2.4252608846584214e-05,1.3244379467669272
5.095687508192424e-05,0.2271346909610575,1.5976075285439213e-05,1.3293022157062528
5.1038799318390355e-05,0.2267701087925807,1.3412587848364546e-05,-0.03379076374968549
5.112072355485647e-05,0.22640669515669515,2.2215823146786244e-05,2.749264400132024
5.1202647791322586e-05,0.2260444444444444,1.6716681825014956e-05,-2.994126700787847
5.12845720277887e-05,0.2256833510827121,4.174880575386972e-05,-2.916159159018767
5.136649626425482e-05,0.22532340953393584,2.054339021388769e-05,2.7652114381068165
5.144842050072093e-05,0.22496461429582448,4.9303103864562444e-05,0.5026049407103821
5.153034473718705e-05,0.22460695990107757,3.0058621292287734e-05,-1.7873100211449746
5.1612268973653165e-05,0.22425044091710758,1.1399102497927779e-05,1.2860768064935244
5.169419321011928e-05,0.22389505194576512,5.92336798791154e-05,-2.658466912541997
5.17761174465854e-05,0.22354078762306606,4.6792828417462004e-05,-0.8423411623291437
5.185804168305152e-05,0.2231876426189222,1.0843959576992384e-05,0.6036111388105515
5.1939965919517634e-05,0.22283561163687346,2.2597531686276312e-05,0.9919619469627446
5.202189015598375e-05,0.22248468941382327,4.251708393092098e-05,-0.9029320114238787
5.2103814392449866e-05,0.22213487071977636,7.061003183154584e-06,0.9299634888938006
5.218573862891598e-05,0.2217861503575789,2.3515857290697583e-05,2.7893096045017387
5.22676628653821e-05,0.22143852316266108,1.797482606622551e-05,2.364368439657357
5.234958710184821e-05,0.2210919840027821,2.252131288352988e-05,-2.258834014090503
5.243151133831433e-05,0.22074652777777778,2.458760441371314e-05,3.1325700779764207
5.2513435574780444e-05,0.2204021494193101,2.127847698300473e-05,1.7252253979130034
5.259535981124656e-05,0.22005884389061958,2.7401646238416198e-05,1.2839659871510134
5.2677284047712676e-05,0.21971660618627958,1.8244128452093892e-05,-1.217306785523333
5.275920828417879e-05,0.21937543133195306,6.336850154960213e-06,-2.297263117099781
5.284113252064491e-05,0.2190353143841516,1.1592101800351535e-05,-2.861125989689304
5.292305675711102e-05,0.21869625042999655,6.61081380986327e-06,0.7386271344790127
5.300498099357714e-05,0.21835823458698267,1.159971318936839e-05,2.39206609009079
5.3086905230043254e-05,0.21802126200274347,1.3868424018040955e-05,-1.0304571266960694
5.316882946650938e-05,0.21768532785481937,1.1681639566147952e-05,-1.6596231832818065
5.325075370297549e-05,0.21735042735042734,1.5096769937665558e-05,2.912526114869869
5.333267793944161e-05,0.21701655572623316,1.9336711044661205e-05,0.8703898991490607
5.3414602175907724e-05,0.2166837082481254,3.068284612559517e-05,2.277342972588379
5.349652641237384e-05,0.216351880210992,2.5210568489047108e-05,-2.350495748113171
5.3578450648839955e-05,0.21602106693849812,2.0408751479350723e-05,0.5517839493004664
5.366037488530607e-05,0.21569126378286682,1.9764042689615852e-05,-2.1867499771340158
5.374229912177219e-05,0.21536246612466126,1.7939083683609564e-05,2.1240226498232837
5.38242233582383e-05,0.2150346693725689,5.029536740032077e-06,-2.2554770645150377
5.390614759470442e-05,0.2147078689631881,2.5569708602498695e-05,0.6837110099558212
5.3988071831170534e-05,0.21438206036081603,1.5772567233073027e-05,-0.1917760706036752
5.406999606763665e-05,0.21405723905723908,2.0962067248606057e-05,-1.015494033884706
5.4151920304102765e-05,0.21373340057152462,3.4715889183634175e-05,2.6696591231846405
5.423384454056888e-05,0.2134105404498154,5.571415519320354e-06,-0.21306043589794643
5.4315768777035e-05,0.21308865426512485,1.2765555120166738e-05,1.0701883884920205
5.439769301350112e-05,0.21276773761713522,3.523078622504161e-05,-2.5082398710221963
5.4479617249967235e-05,0.21244778613199666,1.0629960257160523e-05,0.7510666093293628
5.456154148643335e-05,0.21212879546212876,4.941050260110202e-05,1.7618317409037096
5.4643465722899466e-05,0.21181076128602366,1.8526922460293998e-05,-1.8539527469652821
5.472538995936558e-05,0.21149367930805055,1.6384805998767004e-05,2.581627953883284
5.48073141958317e-05,0.21117754525826274,1.7445214059768537e-05,2.786048312530837
5.4889238432297813e-05,0.21086235489220564,1.682501084145807e-05,2.704625868414073
5.497116266876393e-05,0.21054810399072693,2.5797357176623365e-06,-1.8198332998359703
5.5053086905230045e-05,0.21023478835978834,2.57284273173875e-05,1.4736158668513015
5.513501114169616e-05,0.209922403830279,2.0970651744131104e-05,-1.669794289864619
5.5216935378162276e-05,0.20961094625783053,2.356303325870894e-05,-2.915300634012306
5.529885961462839e-05,0.20930041152263373,1.9078091832260867e-05,-3.0435151197349266
5.538078385109451e-05,0.20899079552925706,1.4412022493426633e-05,1.3537181272598775
5.5462708087560623e-05,0.20868209420646644,1.3907468515440995e-05,3.04116989556634
5.554463232402674e-05,0.2083743035070469,8.777442940088795e-06,-0.6936797912902651
5.5626556560492855e-05,0.20806741940762558,1.0309350145532554e-05,2.678228237040498
5.570848079695897e-05,0.20776143790849674,2.4273611478851307e-05,0.5943841403353622
5.579040503342509e-05,0.20745635503344753,2.6242714706053372e-06,-2.4515519963415127
5.587232926989121e-05,0.20715216682958618,1.684028030896135e-05,1.2203264523464683
5.5954253506357325e-05,0.20684886936717098,3.210566035778248e-05,2.8047675775421763
5.603617774282344e-05,0.20654645873944116,2.4040119334965524e-05,-0.4217746562878103
5.6118101979289556e-05,0.20624493106244932,2.1310242223145144e-05,-2.3857005690854036
5.620002621575567e-05,0.20594428247489474,2.5301263868349565e-05,0.02249662256260334
5.628195045222179e-05,0.2056445091379589,3.729197709583852e-05,-2.4035459558360133
5.63638746886879e-05,0.2053456072351421,1.5205873900667826e-05,1.9866003874614928
5.644579892515402e-05,0.20504757297210124,3.182638684883861e-05,1.9228914787613207
5.6527723161620135e-05,0.20475040257648955,3.6200824929172646e-06,-0.0005848852324952269
5.660964739808625e-05,0.2044540922977971,1.7999396115811266e-05,-1.9807885896708992
5.6691571634552366e-05,0.2041586384071933,1.340188229054341e-05,-1.528999613194514
5.677349587101848e-05,0.2038640371973705,5.918147193929991e-06,2.7251039558543337
5.68554201074846e-05,0.20357028498238874,1.342215190469031e-05,-2.9301677279435023
5.693734434395071e-05,0.20327737809752197,6.5439657162315865e-06,1.5782682064905547
5.7019268580416836e-05,0.20298531289910599,2.071394002417107e-05,-0.5591854786224213
5.710119281688295e-05,0.20269408576438705,2.806377179861163e-05,3.0801190798983575
5.718311705334907e-05,0.20240369309137216,1.1073509286368735e-05,0.26092272637478475
5.726504128981518e-05,0.20211413129868064,1.0202259543361194e-05,3.12185221591113
5.73469655262813e-05,0.20182539682539682,1.890333726283836e-05,2.8666390318511183
5.7428889762747414e-05,0.20153748613092404,7.004514152274453e-06,-1.0278328197836286
5.751081399921353e-05,0.20125039569484013,1.1789258911316957e-05,-0.6880303836477408
5.7592738235679646e-05,0.2009641220167536,6.263919347688863e-06,-2.1955433306563803
5.767466247214576e-05,0.20067866161616163,1.6014842165975414e-05,-1.8762852970449373
5.775658670861188e-05,0.2003940110323089,2.6423015024139763e-05,2.241748047411413
5.783851094507799e-05,0.20011016682404784,6.337138806630308e-05,1.9317871823779469
5.792043518154411e-05,0.19982712556969984,3.269738386814445e-05,0.8258929814077097
5.8002359418010224e-05,0.19954488386691777,2.1708115061616023e-05,2.211107887262659
5.808428365447634e-05,0.19926343833254978,1.4433900198274901e-05,-1.0877782536794407
5.8166207890942456e-05,0.1989827856025039,9.539099041553912e-06,3.075524539858739
5.824813212740857e-05,0.1987029223316143,1.201769437860859e-05,-1.3826130500483194
5.833005636387469e-05,0.1984238451935081,1.051727571671758e-05,1.9081808876807547
5.841198060034081e-05,0.19814555088047373,3.9518709054795845e-05,2.9834055138272584
5.8493904836806925e-05,0.1978680361033302,5.0218933114774955e-06,-3.0523050655813293
5.857582907327304e-05,0.1975912975912976,7.020367348022392e-06,1.9072197686342012
5.865775330973916e-05,0.19731533209186838,2.3250893439688886e-05,0.6162004069257854
5.873967754620527e-05,0.1970401363706803,3.876724166710725e-05,-3.1384734812021238
5.882160178267139e-05,0.19676570721138967,5.568525073466466e-06,1.6935399474750006
5.8903526019137504e-05,0.19649204141554627,1.2165901790786588e-05,0.5050100471913671
5.898545025560362e-05,0.1962191358024691,4.635991539491316e-07,1.615710649505293
5.9067374492069735e-05,0.19594698720912312,9.088074186247204e-06,-1.8696614179080897
5.914929872853585e-05,0.19567559248999694,3.4454915253602907e-05,2.618391654378643
5.923122296500197e-05,0.1954049485169817,1.7824004387371127e-05,2.257699066560814
5.931314720146808e-05,0.1951350521792511,1.1695209500156873e-05,1.781268610995075
5.93950714379342e-05,0.19486590038314178,1.595154925311187e-05,-0.22278234213876386
5.9476995674400314e-05,0.19459749005203553,1.2180126372459193e-05,-0.44996612372976263
5.955891991086643e-05,0.1943298181262418,1.554911460572485e-05,2.1470665065281516
5.964084414733255e-05,0.19406288156288157,4.294465564045851e-06,3.0412733105361545
5.972276838379867e-05,0.193796677335772,4.189468931364413e-06,2.738456984591623
5.9804692620264783e-05,0.19353120243531202,1.2458415207446977e-05,-1.0873077376899403
5.98866168567309e-05,0.19326645386836902,1.2077509685907306e-05,-0.8549596244364457
5.9968541093197015e-05,0.19300242865816636,6.623442904399333e-06,1.5804287832232131
6.005046532966313e-05,0.19273912384417158,3.3449224044353083e-06,-0.6376393204658564
6.0132389566129246e-05,0.19247653648198607,1.4594291412133702e-05,1.9694507488444772
6.021431380259536e-05,0.19221466364323508,1.231096814924087e-05,3.109585314514686
6.029623803906148e-05,0.19195350241545894,1.4802815632055304e-05,-1.8393213962389254
6.0378162275527593e-05,0.1916930499020051,1.7814863500737394e-05,1.5659573219235847
6.046008651199371e-05,0.19143330322192112,1.1750085798646687e-05,2.4302435224221286
6.0542010748459825e-05,0.19117425950984815,1.7349376542623348e-05,-2.7649399671332318
6.062393498492594e-05,0.19091591591591595,1.4672651153242196e-05,-2.4038916946811
6.0705859221392056e-05,0.19065826960563806,6.8366162775770865e-06,1.388041961066164
6.078778345785817e-05,0.19040131775980831,1.380258765940301e-05,2.3849018021901607
6.086970769432429e-05,0.1901450575743981,1.4459837127248783e-05,0.9247261644452532
6.0951631930790403e-05,0.18988948626045402,1.4446103723501544e-05,-0.22308267121863942
6.1033556167256526e-05,0.18963460104399701,2.011099049802186e-05,2.608150981104036
6.111548040372263e-05,0.18938039916592195,1.3861729976296229e-05,2.8928976520659617
6.119740464018875e-05,0.18912687788189797,8.64313355698822e-06,2.6911789254142877
6.127932887665487e-05,0.18887403446226977,3.74193825347515e-05,2.435206436632675
6.136125311312098e-05,0.18862186619195967,1.929166235544544e-05,-0.7920079328815995
6.14431773495871e-05,0.18837037037037038,1.0475078122620173e-05,2.4592582394294253
6.152510158605321e-05,0.18811954431128866,7.55084102646045e-06,2.7361780699935214
6.160702582251934e-05,0.18786938534278957,9.215718686537646e-06,-1.5852846472144202
6.168895005898546e-05,0.18761989080714178,1.2587334112686108e-05,1.991905377219298
6.177087429545157e-05,0.1873710580607132,5.311562523950166e-06,-2.750923663436204
6.185279853191769e-05,0.18712288447387784,3.1044341027373146e-05,1.954501564909053
6.19347227683838e-05,0.18687536743092295,7.252889841754708e-06,-0.6229810920419466
6.201664700484992e-05,0.18662850432995742,1.2184283267785524e-05,-1.0236090930180681
6.209857124131604e-05,0.18638229258282027,2.4561328233203805e-05,-3.002568673048379
6.218049547778215e-05,0.18613672961499048,2.6926228777386466e-05,1.379820509444401
6.226241971424827e-05,0.18589181286549708,6.646318153613608e-06,1.0283810911093736
6.234434395071438e-05,0.18564753978683018,1.1372346717968525e-05,0.9047879244208397
6.24262681871805e-05,0.18540390784485272,2.1815526837956592e-05,-2.4306073455197925
6.250819242364662e-05,0.18516091451871267,1.1587314251143478e-05,0.17022496077726662
6.259011666011273e-05,0.18491855730075624,3.502063144690411e-05,-2.8017577619166163
6.267204089657885e-05,0.18467683369644153,8.046088807415102e-06,-1.1717059273435175
6.275396513304496e-05,0.18443574122425296,5.211131814158989e-06,1.4782943356404918
6.283588936951108e-05,0.1841952774156164,7.4875792495871765e-06,2.0462267435121033
6.29178136059772e-05,0.18395543981481483,7.672231644822522e-06,-2.577111164175066
6.299973784244331e-05,0.18371622597890477,9.841644206510766e-06,2.596526672184447
6.308166207890943e-05,0.18347763347763346,5.29277614090191e-06,1.227147399469087
6.316358631537554e-05,0.1832396598933564,6.508963976046604e-06,3.0099237785025337
6.324551055184166e-05,0.18300230282095567,8.040062129620754e-07,0.7385305986180417
6.332743478830777e-05,0.1827655598677591,9.088490986436975e-06,0.5204883130924126
6.340935902477389e-05,0.18252942865345964,2.0940596691234264e-05,-1.3045827707233846
6.349128326124e-05,0.18229390681003585,5.9890100547181594e-06,-2.4789086825824214
6.357320749770612e-05,0.18205899198167239,1.519314983144655e-05,-1.665183048698214
6.365513173417224e-05,0.1818246818246818,1.861126184108414e-05,0.23290337173189998
6.373705597063835e-05,0.18159097400742646,2.2252201627394353e-05,1.4713432117289642
6.381898020710447e-05,0.18135786621024105,2.4776050592652285e-05,-2.6526260590817707
6.390090444357058e-05,0.18112535612535613,1.851517201105856e-05,0.9896078756840442
6.39828286800367e-05,0.18089344145682174,1.0028980475784973e-05,-2.194005624052976
6.406475291650281e-05,0.18066211992043196,1.3935558478720685e-05,-1.379094515247179
6.414667715296893e-05,0.1804313892436498,1.435694700241717e-05,2.525730178586858
6.422860138943505e-05,0.18020124716553287,7.075905272552794e-06,-2.0908433008121543
6.431052562590117e-05,0.17997169143665956,1.3421177958985666e-05,0.926898784454642
6.439244986236729e-05,0.17974271981905568,1.9345880449407105e-05,2.2416611275293006
6.44743740988334e-05,0.17951433008612167,1.3087175265355995e-05,-0.47845386276247787
6.455629833529952e-05,0.17928652002256062,6.01653555448713e-06,1.5670783235296162
6.463822257176564e-05,0.1790592874243064,3.078331654771841e-05,-2.7167759780911145
6.472014680823175e-05,0.17883263009845285,1.8174627728479994e-05,1.4737866216370612
6.480207104469787e-05,0.178606545863183,7.871565202537203e-06,0.9787424026195002
6.488399528116398e-05,0.1783810325476992,1.944374028042715e-05,-2.154637618588772
6.49659195176301e-05,0.17815608799215354,1.1326375963449295e-05,-0.5891410123680632
6.504784375409622e-05,0.17793171004757904,8.559706697579398e-06,1.2053201503896451
6.512976799056233e-05,0.1777078965758211,2.939370856272379e-05,-2.4901437563878805
6.521169222702845e-05,0.17748464544946954,3.35069451406727e-05,0.7520804676367188
6.529361646349456e-05,0.17726195455179145,1.8916741339830706e-05,-2.810512638674632
6.537554069996068e-05,0.17703982177666389,1.627331228001055e-05,-2.8643962570816286
6.54574649364268e-05,0.17681824502850785,7.969737539615084e-06,0.2905117166514459
6.553938917289291e-05,0.1765972222222222,2.2732254930420566e-05,2.100467456210583
6.562131340935903e-05,0.17637675128311833,1.2378344164584965e-05,2.0155155455956413
6.570323764582514e-05,0.17615683014685507,2.1833481403888682e-05,-1.1416419599858492
6.578516188229126e-05,0.17593745675937456,6.762639412486943e-06,0.04755055701239989
6.586708611875737e-05,0.17571862907683802,6.015045826549583e-06,2.1583326387768698
6.594901035522349e-05,0.17550034506556247,1.0554335091974743e-05,0.7039991523483875
6.60309345916896e-05,0.17528260270195756,1.3145275417247284e-05,2.844778269846697
6.611285882815572e-05,0.17506539997246318,1.2275082017276305e-05,2.9662936797676216
6.619478306462184e-05,0.17484873487348734,1.4914595585767724e-05,0.8387760641389854
6.627670730108795e-05,0.1746326054113446,3.089850336419089e-05,-2.5954905356578353
6.635863153755407e-05,0.17441700960219478,1.855867969070913e-05,1.1219212949948567
6.644055577402018e-05,0.17420194547198248,1.298110996186607e-05,2.6317294543835894
6.65224800104863e-05,0.17398741105637658,6.141894849945287e-06,0.536300071001294
6.660440424695241e-05,0.17377340440071068,6.910251204711321e-06,-0.1347232405191067
6.668632848341853e-05,0.17355992355992358,2.0101493440206416e-05,-2.5780861107002453
6.676825271988465e-05,0.17334696659850035,1.2346016132720707e-05,1.8520701311239969
6.685017695635078e-05,0.17313453159041392,9.202768257654489e-06,2.1917901111164286
6.693210119281689e-05,0.17292261661906702,1.6689381322836756e-05,-1.617374274138016
6.701402542928301e-05,0.17271121977723441,1.1947350334160837e-05,-2.144818696933903
6.709594966574912e-05,0.1725003391670058,1.417326455911297e-05,-3.079940773230142
6.717787390221524e-05,0.17228997289972897,1.0683952794019534e-05,-0.11357797930716491
6.725979813868135e-05,0.17208011909595344,1.5538740651688148e-06,2.1690449729608483
6.734172237514747e-05,0.17187077588537442,2.5740572235231104e-05,1.7675646603882313
6.742364661161359e-05,0.17166194140677735,1.5568564068958602e-05,-2.437088877196889
6.75055708480797e-05,0.1714536138079827,1.064873641096447e-05,1.014324348876378
6.758749508454582e-05,0.17124579124579123,3.3224938587659965e-05,3.0640572361678298
6.766941932101193e-05,0.1710384718859295,5.742793186112326e-06,1.6676505716042318
6.775134355747805e-05,0.1708316539029961,1.6177674260266057e-05,2.276807220201634
6.783326779394416e-05,0.17062533548040795,1.0192208005059584e-05,-2.3608992044210955
6.791519203041028e-05,0.17041951481034712,2.6163463192574016e-07,-0.18875977186549572
6.79971162668764e-05,0.17021419009370817,2.3864024826901095e-05,2.052600699533063
6.807904050334251e-05,0.17000935954004545,1.3409224398471687e-05,2.4008512965923967
6.816096473980863e-05,0.16980502136752137,8.420647677168537e-06,0.3373861477606349
6.824288897627474e-05,0.16960117380285447,1.993026531465449e-05,-2.9313093294669095
6.832481321274086e-05,0.16939781508126833,1.554461575226648e-05,-2.771552169560475
6.840673744920697e-05,0.16919494344644045,1.0891403377361029e-05,2.798702908647756
6.848866168567309e-05,0.1689925571504519,1.4972428331255123e-05,0.8633618414472979
6.85705859221392e-05,0.1687906544537369,2.6220760209675476e-05,3.0448712072902424
6.865251015860532e-05,0.16858923362503314,1.0228079573837776e-05,1.0591351866293766
6.873443439507144e-05,0.16838829294133228,1.31998681518146e-05,2.234974589317463
6.881635863153755e-05,0.1681878306878307,1.5172330154853361e-05,-2.6353015239431135
6.889828286800367e-05,0.16798784515788082,1.0271193729254671e-05,3.0854993779267255
6.898020710446978e-05,0.16778833465294274,5.139388677357015e-06,-2.06011124278682
6.90621313409359e-05,0.16758929748253593,2.2429670659937e-05,1.8421837489445767
6.914405557740202e-05,0.16739073196419169,1.640522132689509e-05,1.098145598038629
6.922597981386813e-05,0.16719263642340565,1.0616834158664437e-05,-2.9448668129796625
6.930790405033425e-05,0.16699500919359075,7.051603474204381e-06,-2.0855842425622124
6.938982828680036e-05,0.16679784861603045,2.444695841020635e-05,-2.172217572309676
6.947175252326648e-05,0.16660115303983228,2.5596046597512304e-05,0.24497712256696197
6.955367675973261e-05,0.16640492082188194,2.6734405762160452e-05,2.844734661826854
6.963560099619872e-05,0.16620915032679737,3.7414039545753705e-06,-3.067255202047928
6.971752523266484e-05,0.16601383992688337,2.372500333710223e-05,3.1133623673286968
6.979944946913095e-05,0.16581898800208658,9.773470580367914e-06,2.3556269288268115
6.988137370559707e-05,0.1656245929399505,1.2097811812503896e-05,-2.9372609652992896
6.996329794206319e-05,0.16543065313557115,1.396725568031628e-05,0.9302080608828049
7.00452221785293e-05,0.16523716699155294,2.554592956708879e-05,-0.9878712611665081
7.012714641499542e-05,0.1650441329179647,2.4149056274650645e-05,-2.507120002672815
7.020907065146153e-05,0.16485154933229612,1.7545566696767802e-05,2.961101538617993
7.029099488792765e-05,0.16465941465941467,1.2153889757323688e-05,0.43742997861008137
7.037291912439376e-05,0.16446772733152243,2.4799246264268808e-05,-2.0683180442570155
7.045484336085988e-05,0.16427648578811369,8.909729036994589e-06,1.3392795957301697
7.0536767597326e-05,0.16408568847593238,1.590701895509855e-05,-1.159733286114905
7.061869183379211e-05,0.16389533384893012,5.655010208489367e-06,1.3061990143381172
7.070061607025823e-05,0.16370542036822452,8.426577077431045e-06,2.6055876471704806
7.078254030672434e-05,0.1635159465020576,8.017320469996036e-06,-2.0764919651330067
7.086446454319046e-05,0.16332691072575464,1.1190399509314277e-05,3.113226021060822
7.094638877965657e-05,0.16313831152168334,1.4194987281204001e-05,-1.0809507878772746
7.102831301612269e-05,0.16295014737921312,2.5740309060679634e-05,2.9137428245711114
7.11102372525888e-05,0.16276241679467485,1.1457415157150195e-05,1.2450628933274368
7.119216148905492e-05,0.1625751182713208,7.277377833146621e-06,1.6129013788588913
7.127408572552104e-05,0.1623882503192848,1.716624424626664e-05,-1.152257878230049
7.135600996198715e-05,0.1622018114555428,3.0739100570492324e-06,-1.8504689395105633
7.143793419845327e-05,0.1620158002038736,2.564740069366308e-05,2.648616982755222
7.151985843491938e-05,0.1618302150948199,3.84827407761183e-06,-0.388220601943993
7.16017826713855e-05,0.16164505466564963,1.1805363418541047e-05,3.0132653643797394
7.168370690785162e-05,0.16146031746031747,1.610161597940349e-05,-0.8528933329933295
7.176563114431773e-05,0.16127600202942668,1.4590437363783086e-05,2.054454180031678
7.184755538078385e-05,0.16109210693019133,1.1933668872059403e-05,-3.0340815059096045
7.192947961724996e-05,0.16090863072639838,1.5228349910563912e-05,0.7294360910940997
7.201140385371608e-05,0.16072557198837062,2.364635199262674e-05,2.8562099488046933
7.209332809018221e-05,0.1605429292929293,1.8726660775668506e-05,-0.610899494891033
7.217525232664832e-05,0.16036070122335727,6.056287099213163e-06,1.4175594291822518
7.225717656311444e-05,0.16017888636936253,6.7869329308483975e-06,-0.11746797603105431
7.233910079958056e-05,0.15999748332704164,1.615915519969656e-05,2.451036813466507
7.242102503604667e-05,0.15981649069884363,1.282490101749216e-05,3.1211132017879226
7.250294927251279e-05,0.1596359070935342,1.3991242814815337e-05,-1.979779288191384
7.25848735089789e-05,0.15945573112616002,3.685770988591105e-06,2.980781547114904
7.266679774544502e-05,0.15927596141801326,1.2191650642774962e-05,-2.2177463924306333
7.274872198191113e-05,0.15909659659659658,1.568139336270532e-05,1.599465581168029
7.283064621837725e-05,0.15891763529558806,7.946754900480529e-06,-1.7252542888048152
7.291257045484337e-05,0.15873907615480648,2.1913118286428143e-05,2.9655022400148514
7.299449469130948e-05,0.1585609178201771,3.7279989796084703e-06,-1.8247150252146798
7.30764189277756e-05,0.15838315894369706,1.8856910751131063e-05,1.6304709697872153
7.315834316424171e-05,0.15820579818340175,1.4880148799643209e-05,2.99649824436239
7.324026740070783e-05,0.15802883420333083,1.611269515284535e-05,0.15271007032362305
7.332219163717394e-05,0.15785226567349472,2.393811817035696e-05,-2.309689758050841
7.340411587364006e-05,0.15767609126984125,2.2571602244621172e-05,0.9695518594986801
7.348604011010618e-05,0.1575003096742227,7.713145441038015e-06,2.369627993635968
7.356796434657229e-05,0.1573249195743628,3.17619366254673e-06,-2.3342242408206446
7.364988858303841e-05,0.157149919663824,1.862612454191917e-05,2.246693402169459
7.373181281950452e-05,0.15697530864197531,8.81611807076772e-06,-0.8056225647300618
7.381373705597064e-05,0.1568010852139598,4.3311318786105716e-06,-1.8354103235806023
7.389566129243675e-05,0.15662724809066272,2.3360560103312647e-06,0.3338106870522661
7.397758552890287e-05,0.15645379598867973,1.87938512971424e-06,0.9831234986056242
7.405950976536899e-05,0.15628072763028514,1.9354000800050166e-05,-2.1924267388813243
7.41414340018351e-05,0.15610804174340087,1.526722495826648e-05,-0.8224630454306132
7.422335823830122e-05,0.15593573706156488,1.1309267189074608e-05,-3.06796446438847
7.430528247476733e-05,0.15576381232390055,2.1139975330836347e-05,2.36858231943749
7.438720671123345e-05,0.15559226627508568,5.07559519592182e-06,1.6978185667795158
7.446913094769956e-05,0.15542109766532208,2.4488048835480364e-05,-2.8594775840207842
7.455105518416568e-05,0.15525030525030525,3.897688978692979e-06,-2.0955480276624145
7.46329794206318e-05,0.15507988779119405,1.1586753849475948e-05,1.9009388536208496
7.471490365709791e-05,0.15490984405458091,4.578400144659458e-06,2.851897099412745
7.479682789356404e-05,0.15474017281246197,6.982987165142076e-06,2.7804851562033353
7.487875213003016e-05,0.1545708728422076,1.6218055177892786e-05,2.6663473953822625
7.496067636649627e-05,0.15440194292653306,9.042244943642976e-06,1.406105494589107
7.504260060296239e-05,0.1542333818534692,1.8162011773789253e-05,-1.5039512024930184
7.51245248394285e-05,0.15406518841633343,8.241539935340824e-06,-0.8437733901075637
7.520644907589462e-05,0.15389736141370125,5.989785383719369e-06,1.6178383896576591
7.528837331236073e-05,0.15372989964937733,7.115392523949301e-06,-0.8452946109254027
7.537029754882685e-05,0.15356280193236713,2.1084639230560056e-05,1.6503344287282424
7.545222178529297e-05,0.1533960670768488,5.75384358776417e-06,-2.7681467198824365
7.553414602175908e-05,0.15322969390214508,2.2121357103038584e-05,1.216741349575823
7.56160702582252e-05,0.15306368123269531,1.1822255991349215e-05,1.7883339689480704
7.569799449469131e-05,0.1528980278980279,7.835492625693361e-06,0.6442226735886536
7.577991873115743e-05,0.15273273273273275,3.3854833381209385e-06,2.1305046379432806
7.586184296762354e-05,0.15256779457643388,1.584054721652549e-05,-1.7353930921858525
7.594376720408966e-05,0.15240321227376244,7.739217482970841e-06,-0.10730678521509399
7.602569144055578e-05,0.1522389846743295,2.9975390337265227e-05,-3.1098059524917425
7.610761567702189e-05,0.15207511063269943,4.50594228298187e-06,1.990290041982124
7.618953991348801e-05,0.15191158900836318,1.730903311586654e-05,-3.1024032442991234
7.627146414995412e-05,0.1517484186657119,6.027377229839541e-06,-2.1286882730217616
7.635338838642024e-05,0.1515855984740105,9.711579067087462e-06,0.8649969383039141
7.643531262288635e-05,0.15142312730737167,1.0799491442367518e-05,-2.002854415939285
7.651723685935247e-05,0.15126100404472995,1.3985762313619673e-05,2.614875759603414
7.659916109581859e-05,0.1510992275698158,2.272408076267489e-05,2.7779939068941637
7.66810853322847e-05,0.1509377967711301,1.2587194045205956e-05,1.209487600389702
7.676300956875082e-05,0.15077671054191866,1.3057326212996449e-05,-2.5460135291768116
7.684493380521693e-05,0.15061596778014688,2.4593827883906337e-05,1.2926467472733385
7.692685804168305e-05,0.15045556738847474,1.398398687063332e-05,1.6887532926559352
7.700878227814916e-05,0.1502955082742317,8.650439414980033e-06,-2.377381423477333
7.709070651461528e-05,0.1501357893493919,4.6441257257450495e-06,-1.3673324983627946
7.71726307510814e-05,0.14997640953054966,1.5017838764884374e-05,2.7306069661199466
7.725455498754751e-05,0.14981736773889479,4.055448178796475e-06,1.7609173837343375
7.733647922401364e-05,0.14965866290018828,1.0362487461131352e-05,-2.366901605997055
7.741840346047976e-05,0.14950029394473838,1.203069248355611e-05,2.8268755378412767
7.750032769694587e-05,0.1493422598073761,2.261006472424957e-05,1.0549853761676542
7.758225193341199e-05,0.14918455942743164,1.3530048343340244e-05,-1.4073488577479245
7.76641761698781e-05,0.1490271917487107,5.18222435186098e-06,-3.119435500668183
7.774610040634422e-05,0.14887015571947076,1.5838225323814416e-05,2.8632618664632394
7.782802464281034e-05,0.14871345029239766,7.203379429081406e-06,-0.09203878495564619
7.790994887927645e-05,0.1485570744245823,8.389505647217064e-06,-2.6512627656195216
7.799187311574257e-05,0.14840102707749767,1.312344230052147e-05,1.2708283746836981
7.807379735220868e-05,0.14824530721697562,9.506367086334693e-06,-1.9677668294125552
7.81557215886748e-05,0.14808991381318426,2.89470110160764e-05,3.072110568411047
7.823764582514091e-05,0.147934845840605,1.6655957085936676e-05,1.7289444515912715
7.831957006160703e-05,0.14778010227801022,3.7978619411814175e-06,-1.8373750570335212
7.840149429807315e-05,0.14762568210844074,6.8052693708136085e-06,-0.29276493856839914
7.848341853453926e-05,0.14747158431918347,1.4804736212020316e-05,-1.7938489784661455
7.856534277100538e-05,0.1473178079017495,5.4785238963182544e-06,1.7826765399228026
7.864726700747149e-05,0.14716435185185187,1.9618299811140223e-05,1.1200268127045856
7.872919124393761e-05,0.14701121516938373,1.0192898579105818e-05,2.1197839050134415
7.881111548040372e-05,0.14685839685839686,1.1805584819174673e-05,1.155404275509831
7.889303971686984e-05,0.14670589592707972,4.802554729236515e-06,-0.5648728130133597
7.897496395333596e-05,0.1465537113877363,1.2902503822017151e-05,3.0836465490982747
7.905688818980207e-05,0.14640184225676453,1.051323687276713e-05,-3.0061625995288366
7.913881242626819e-05,0.1462502875546354,9.071562848543054e-06,1.6751752118572205
7.92207366627343e-05,0.14609904630587153,1.0845243114613929e-05,-1.003318630984577
7.930266089920042e-05,0.14594811753902664,2.646211208279284e-05,-3.004852117557573
7.938458513566653e-05,0.14579750028666438,3.5071187092148476e-06,2.1906226863995215
7.946650937213265e-05,0.14564719358533793,2.624818903216598e-05,2.683967072387163
7.954843360859877e-05,0.1454971964755693,1.845766326720109e-05,0.5921310620855951
7.963035784506488e-05,0.145347508001829,4.867843872538107e-06,2.6232232286250063
7.9712282081531e-05,0.1451981272125157,1.4746110815615218e-05,-1.9720916999730125
7.979420631799711e-05,0.1450490531599361,1.2151476205990088e-05,2.778225322208473
7.987613055446323e-05,0.1449002849002849,1.9281323983284025e-05,-2.4878588180280405
7.995805479092934e-05,0.14475182149362478,7.826314526108374e-06,-0.020648049294406695
8.003997902739547e-05,0.1446036620038667,9.325537110310226e-06,-2.6943217426506796
8.012190326386159e-05,0.14445580549875028,5.851788399028814e-06,2.424993350301628
8.02038275003277e-05,0.14430825104982406,1.2775983363783801e-05,2.961007602070023
8.028575173679382e-05,0.14416099773242627,5.658545678437839e-06,-2.066720704786708
8.036767597325994e-05,0.14401404462566542,2.3657839294295366e-05,0.307664188787045
8.044960020972605e-05,0.143867390812401,1.9144646433244256e-05,2.665141293436386
8.053152444619217e-05,0.1437210353792246,1.2554461776683468e-05,-1.998854229918217
8.061344868265828e-05,0.14357497741644082,2.5519455486754245e-05,2.505486297686041
8.06953729191244e-05,0.14342921601804848,1.9367651888338292e-05,0.9706171865890034
8.077729715559051e-05,0.14328375028172188,1.317758710674746e-05,2.778781020605907
8.085922139205663e-05,0.14313857930879206,6.930763370636788e-06,-1.7536970578577546
8.094114562852275e-05,0.14299370220422852,2.2442694666370643e-05,1.5679062450442645
8.102306986498886e-05,0.1428491180766206,5.7467480394251706e-05,-2.8878212011382316
8.110499410145498e-05,0.14270482603815937,1.6832820851554105e-05,2.5325925420417486
8.11869183379211e-05,0.14256082520461935,1.1671953623248183e-05,-2.6352036008516144
8.126884257438721e-05,0.1424171146953405,9.027645631573317e-06,-2.3688123108300516
8.135076681085332e-05,0.14227369363321024,3.154870413276006e-05,-2.9546796215761844
8.143269104731944e-05,0.14213056114464565,1.1520543744503838e-05,-2.6485728333732204
8.151461528378556e-05,0.14198771635957566,2.5461361065337492e-05,-2.510878029191477
8.159653952025167e-05,0.14184515841142348,2.5090171299656905e-05,3.135542045671903
8.167846375671779e-05,0.14170288643708906,8.867942646039723e-06,-0.18621583329143263
8.17603879931839e-05,0.14156089957693163,3.092575135459181e-06,-0.49429934601269143
8.184231222965002e-05,0.14141919697475253,3.938258773888272e-06,2.689781622933885
8.192423646611613e-05,0.14127777777777778,1.9677806280624522e-05,2.699963359384745
8.200616070258225e-05,0.14113664113664115,1.0726773047941343e-05,-1.3748355393909362
8.208808493904837e-05,0.14099578620536704,1.8619807692298452e-05,3.136677456142678
8.217000917551448e-05,0.14085521214135371,4.222810913458612e-06,0.4680357153038278
8.22519334119806e-05,0.14071491810535636,1.8959386555184488e-05,1.2078592894576385
8.233385764844671e-05,0.14057490326147043,1.3026668955712078e-05,-2.86825300075585
8.241578188491283e-05,0.1404351667771151,9.509602914061695e-06,-1.79818447844813
8.249770612137894e-05,0.14029570782301667,2.5381811427805823e-05,2.4604196204471562
8.257963035784507e-05,0.14015652557319222,8.624709871022515e-06,-2.5279324033329615
8.266155459431119e-05,0.14001761920493336,1.1943104127108365e-05,-3.112681204346374
8.27434788307773e-05,0.13987898789878986,1.8460058165754493e-05,-2.6617904683332525
8.282540306724342e-05,0.13974063083855368,1.5630908497746106e-05,-2.4641383187271995
8.290732730370954e-05,0.13960254721124285,5.172528401211379e-06,-0.45886206794542883
8.298925154017565e-05,0.13946473620708566,1.3343335399741652e-05,2.2940818619450063
8.307117577664177e-05,0.13932719701950472,1.2259123796791146e-05,2.210026501365164
8.315310001310788e-05,0.13918992884510126,1.0597696867101764e-05,-2.6787606357084304
8.3235024249574e-05,0.13905293088363954,2.6454142504937363e-05,2.6771060950055
8.331694848604012e-05,0.13891620233803126,2.3127006536885783e-05,-1.519453803284511
8.339887272250623e-05,0.13877974241432,8.748880782779237e-06,3.05237476018537
8.348079695897235e-05,0.13864355032166611,2.4675111951122594e-05,-2.0570957542473334
8.356272119543846e-05,0.13850762527233115,6.871710912814056e-06,0.23457807992390142
8.364464543190458e-05,0.13837196648166286,1.5131646271498385e-05,2.7078758640391065
8.37265696683707e-05,0.13823657316808002,9.866644213115534e-06,-1.6569120661809893
8.380849390483681e-05,0.13810144455305745,2.343275922865545e-05,1.8379852317906715
8.389041814130293e-05,0.1379665798611111,1.1940975894439155e-05,-0.8055497996724474
8.397234237776904e-05,0.1378319783197832,7.43855474701945e-06,2.6634511029002614
8.405426661423516e-05,0.13769763915962746,1.410156521053626e-05,-2.542471643948974
8.413619085070127e-05,0.13756356161419453,7.57255022421394e-06,-0.47536388010386343
8.421811508716739e-05,0.1374297449200173,1.1353612760040756e-05,2.088516775161213
8.43000393236335e-05,0.13729618831659648,2.3069950434341427e-05,-1.7483670164575171
8.438196356009962e-05,0.13716289104638618,1.9700319134256732e-05,2.918315481074943
8.446388779656574e-05,0.1370298523547796,9.992264347436622e-06,3.0419655739970053
8.454581203303185e-05,0.13689707149009475,8.017314535204092e-06,2.9802025638162686
8.462773626949797e-05,0.13676454770356028,7.469672259929758e-06,-0.5342476388775718
8.470966050596408e-05,0.13663228024930152,1.277626302004397e-05,-1.5412153762620469
8.47915847424302e-05,0.13650026838432636,1.964229307096969e-05,-2.9576846386438658
8.487350897889631e-05,0.13636851136851136,1.156880780721841e-05,-2.2716516534355553
8.495543321536243e-05,0.13623700846458803,4.899454715748653e-06,-1.2815441119578486
8.503735745182855e-05,0.13610575893812887,6.313977225464578e-06,1.2859737086065024
8.511928168829466e-05,0.13597476205753395,1.2462295499388617e-05,2.804290407682033
8.520120592476078e-05,0.1358440170940171,7.030147382445435e-06,1.354783886554745
8.52831301612269e-05,0.13571352332159248,1.1103737136227177e-05,-2.0346320784437584
8.536505439769302e-05,0.1355832800170612,1.160344443678171e-05,1.1444437362931679
8.544697863415914e-05,0.13545328645999785,1.1454821229098719e-05,-2.0438437952799866
8.552890287062525e-05,0.13532354193273732,1.7943094044622768e-05,1.3595858596613057
8.561082710709137e-05,0.1351940457203615,2.3145368520883594e-06,2.5218800548457825
8.569275134355748e-05,0.1350647971106862,1.5931020930269267e-05,0.31438932300650346
8.57746755800236e-05,0.1349357953942481,4.119712730345849e-06,-2.2323281879258214
8.585659981648972e-05,0.13480703986429177,4.884729589074565e-06,2.980646732276391
8.593852405295583e-05,0.13467852981675668,1.3339610139604658e-05,2.698274168113255
8.602044828942195e-05,0.13455026455026456,1.1338226983821252e-05,-3.0710346022264066
8.610237252588806e-05,0.13442224336610636,1.1181961217596832e-05,1.759702917712547
8.618429676235418e-05,0.13429446556822983,1.559312968918731e-05,-2.1413625297381897
8.62662209988203e-05,0.13416693046322675,6.42008463304888e-06,1.6026398505118211
8.634814523528641e-05,0.13403963736032046,1.8998185903098976e-05,-2.631486320328515
8.643006947175253e-05,0.13391258557135333,4.1594706973309125e-06,2.991396886854379
8.651199370821864e-05,0.1337857744107744,6.423043265960129e-06,2.611731169717903
8.659391794468476e-05,0.13365920319562702,2.597958701401763e-06,-3.04017520837679
8.667584218115087e-05,0.13353287124553664,1.2160097464231373e-05,1.1283538711602192
8.675776641761699e-05,0.13340677788269856,6.3620880142979536e-06,2.273564380076565
8.68396906540831e-05,0.13328092243186584,5.851597409128022e-06,-0.08179726902982085
8.692161489054922e-05,0.1331553042203372,1.6988939234148958e-06,-1.6038928823750616
8.700353912701534e-05,0.1330299225779452,1.267112750003959e-05,-2.272177708281886
8.708546336348145e-05,0.13290477683704402,1.7462443842992778e-05,2.872752591174527
8.716738759994757e-05,0.13277986633249791,1.1959016628800047e-05,0.9931101441072518
8.724931183641368e-05,0.1326551904016693,7.1172445041923755e-06,-2.0932043725863734
8.73312360728798e-05,0.13253074838440693,1.1388127464792012e-05,3.091274216947592
8.741316030934591e-05,0.13240653962303447,2.4722640591345168e-05,-2.4787549254426327
8.749508454581203e-05,0.13228256346233874,1.2312165399183368e-05,-2.01803825910693
8.757700878227815e-05,0.13215881924955827,1.1752460202651007e-05,2.023033742925011
8.765893301874426e-05,0.13203530633437174,1.2671576870261516e-05,-2.408814291766904
8.774085725521038e-05,0.13191202406888683,8.890526566814957e-06,1.5183004076934397
8.782278149167651e-05,0.1317889718076285,7.479005702831052e-06,-1.9644489055645509
8.790470572814262e-05,0.1316661489075282,4.402424457993361e-06,2.847635237791562
8.798662996460874e-05,0.13154355472791227,7.18392759323618e-06,-0.15795933130783904
8.806855420107485e-05,0.13142118863049096,6.446975278046706e-06,2.5364715316355504
8.815047843754097e-05,0.13129904997934738,1.1759277419266411e-05,0.6565885758282026
8.823240267400709e-05,0.13117713814092644,1.4760009270257053e-05,2.7864790096739718
8.83143269104732e-05,0.13105545248402392,7.399209359583173e-06,-2.6587873367417134
8.839625114693932e-05,0.1309339923797755,8.346876853312806e-06,1.881846815512823
8.847817538340543e-05,0.13081275720164606,8.50832271507832e-06,3.0461504920547537
8.856009961987155e-05,0.13069174632541883,8.17402906727819e-06,-3.0591003055856953
8.864202385633766e-05,0.13057095912918462,1.0854776183817531e-05,-1.038732231797749
8.872394809280378e-05,0.13045039499333128,1.1169607601338457e-05,0.06873810773809713
8.88058723292699e-05,0.130330053300533,8.066023367247816e-06,-2.5675038941756996
8.888779656573601e-05,0.1302099334357399,1.4293761466273916e-05,3.015521342558818
8.896972080220213e-05,0.13009003478616737,7.918837986342837e-06,-2.262800146615421
8.905164503866824e-05,0.1299703567412859,1.213816922431997e-05,-2.8443429991075595
8.913356927513436e-05,0.12985089869281047,6.703783587228246e-06,0.2769423170106546
8.921549351160047e-05,0.12973166003469033,6.764600394503392e-06,1.4204162843726234
8.929741774806659e-05,0.12961264016309887,8.260322415706075e-07,2.0900890152081204
8.93793419845327e-05,0.12949383847642326,1.7145928377240405e-05,2.290383125886165
8.946126622099882e-05,0.12937525437525438,1.5991375831397145e-05,2.2307146725637286
8.954319045746494e-05,0.12925688726237675,7.559343903158648e-06,1.8904957857254292
8.962511469393105e-05,0.12913873654275848,1.8108964005568785e-05,2.393421631968907
8.970703893039717e-05,0.12902080162354135,1.3217141447948078e-05,-0.2362272288749134
8.978896316686328e-05,0.12890308191403083,1.5178633410332119e-05,-1.423185784066484
8.98708874033294e-05,0.12878557682568623,1.4147786494441038e-05,2.0835609865512974
8.995281163979552e-05,0.1286682857721109,1.0485609988421645e-05,1.756061346999875
9.003473587626163e-05,0.12855120816904256,2.1581853222205953e-05,2.2251411748439365
9.011666011272775e-05,0.12843434343434346,9.943262518432785e-06,-2.402981309347634
9.019858434919386e-05,0.12831769098799073,3.4400111143854847e-06,-0.9591034906702965
9.028050858565998e-05,0.12820125025206697,4.915714475153458e-06,0.9820221123171143
9.03624328221261e-05,0.12808502065075048,1.1988572194740817e-05,2.510320139061891
9.044435705859221e-05,0.12796900161030597,9.122217085132829e-06,-1.6922469545596717
9.052628129505834e-05,0.1278531925590749,1.303844015004368e-05,2.4811668869865686
9.060820553152445e-05,0.12773759292746634,1.1118934909749892e-05,2.2430492130227977
9.069012976799057e-05,0.1276222021479474,7.213626767611453e-06,2.002338227000089
9.077205400445669e-05,0.12750701965503408,1.3430051323944594e-05,2.526100754328668
9.08539782409228e-05,0.12739204488528202,1.4355842505199451e-05,0.9430344213365305
9.093590247738892e-05,0.12727727727727728,1.9510380961000716e-05,-1.875914657421961
9.101782671385503e-05,0.12716271627162717,9.009500396723184e-06,-2.839552560086531
9.109975095032115e-05,0.12704836131095124,5.4568455687186525e-06,-1.2184661894900957
9.118167518678726e-05,0.12693421183987222,1.5122799791952774e-05,3.0329794426625214
9.126359942325338e-05,0.12682026730500698,9.618798035486396e-06,2.1887224976894135
9.13455236597195e-05,0.12670652715495764,1.0976051005365348e-05,-2.8309834676781787
9.142744789618561e-05,0.12659299084030268,8.333563329699536e-06,0.8544124254856094
9.150937213265173e-05,0.126479657813588,1.1029142445823973e-05,2.857010677783527
9.159129636911784e-05,0.1263665275293182,2.2399038128992697e-05,0.6906221708039992
9.167322060558396e-05,0.12625359944394796,5.471159107158576e-06,2.8794630301509216
9.175514484205007e-05,0.126140873015873,2.4381616274648263e-06,0.7095308547305348
9.183706907851619e-05,0.12602834770542176,1.3007362648512351e-05,1.4131878303362835
9.19189933149823e-05,0.1259160229748465,2.097547619893273e-05,-1.7781379236734853
9.200091755144842e-05,0.12580389828831504,1.1632924334251075e-05,2.1772868447832856
9.208284178791454e-05,0.12569197311190192,7.221363382710679e-06,2.5097705027977026
9.216476602438065e-05,0.12558024691358025,4.239007721806291e-06,0.0046469467533380585
9.224669026084677e-05,0.12546871916321295,3.7095953610339076e-06,-2.7610515111754594
9.232861449731288e-05,0.12535738933254462,4.291769071340712e-06,1.3848879314464004
9.2410538733779e-05,0.12524625689519306,1.2446581978895587e-05,1.5017224630513983
9.249246297024512e-05,0.12513532132664107,1.7562411683048283e-05,-2.7872802986812086
9.257438720671123e-05,0.12502458210422812,2.2501606278682304e-05,0.2562497931960801
9.265631144317735e-05,0.12491403870714216,2.4778597510193754e-05,3.1200741152307208
9.273823567964346e-05,0.12480369061641147,1.9172206440488644e-05,-0.9572752486289224
9.282015991610958e-05,0.12469353731489653,2.6961182467691117e-06,-1.147509638592912
9.29020841525757e-05,0.12458357828728199,1.2236097637947565e-05,1.77545619360038
9.298400838904181e-05,0.12447381302006853,4.6374142885950246e-06,-0.9274833477536395
9.306593262550794e-05,0.12436424100156494,1.0164346691795294e-05,2.6890725412716363
9.314785686197406e-05,0.12425486172188019,5.060373900228601e-06,0.5506242855844681
9.322978109844017e-05,0.12414567467291544,8.193190276521453e-06,2.612929469425519
9.331170533490629e-05,0.12403667934835626,1.036401799305389e-05,-2.7870649815603987
9.33936295713724e-05,0.12392787524366469,7.968273961527096e-06,0.44940787315707226
9.347555380783852e-05,0.12381926185607166,7.911873287909036e-06,-2.8842446948481757
9.355747804430463e-05,0.12371083868456897,4.332001122151851e-06,0.5975931492632116
9.363940228077075e-05,0.1236026052299018,4.8633012081194315e-06,2.2214637072107912
9.372132651723687e-05,0.12349456099456099,8.398709970966516e-06,1.2445233948583376
9.380325075370298e-05,0.12338670548277533,1.0047672315062464e-05,-1.6085439522072276
9.38851749901691e-05,0.12327903820050416,7.3928534994896485e-06,-2.541072850667853
9.396709922663521e-05,0.12317155865542961,1.548870451040411e-05,-3.016197188880808
9.404902346310133e-05,0.12306426635694928,1.827920429384696e-05,1.7274195732308486
9.413094769956744e-05,0.12295716081616864,1.788004710365341e-05,2.2644410148079954
9.421287193603356e-05,0.1228502415458937,1.1327949690556873e-05,-2.8714570276397455
9.429479617249968e-05,0.12274350806062362,1.3346127080801268e-05,-1.2779260044768126
9.437672040896579e-05,0.12263695987654319,1.1512381092629265e-05,3.1116782587253775
9.445864464543191e-05,0.12253059651151585,8.757399597775365e-06,-2.292434381250751
9.454056888189802e-05,0.12242441748507607,2.7664623942984354e-06,0.5040245122705368
9.462249311836414e-05,0.12231842231842231,9.367977802974741e-06,-3.0972889329272966
9.470441735483025e-05,0.12221261053440984,1.1319363651057724e-05,2.277837014631108
9.478634159129637e-05,0.12210698165754344,1.686377988513263e-05,-1.9549329112991818
9.486826582776249e-05,0.12200153521397045,1.1269579841774173e-05,2.5382270910416973
9.49501900642286e-05,0.1218962707314735,3.5358024148394268e-06,1.609540182596475
9.503211430069472e-05,0.12179118773946361,6.545144294158981e-06,-2.9776715832105536
9.511403853716083e-05,0.1216862857689731,1.6408353426628854e-05,-2.029094833380401
9.519596277362695e-05,0.12158156435264869,1.2075640574210586e-06,2.5909477912941528
9.527788701009306e-05,0.12147702302474445,6.339107718814012e-06,-1.969613879887189
9.535981124655918e-05,0.12137266132111493,3.5866928258308377e-06,-1.699543240693657
9.54417354830253e-05,0.12126847877920839,8.298709771161584e-06,2.99174767940666
9.552365971949141e-05,0.12116447493805985,1.8017108253355726e-05,-2.6114756345845214
9.560558395595753e-05,0.1210606493382843,7.003883827554953e-06,1.5021847385402678
9.568750819242364e-05,0.12095700152207002,1.0060823291385905e-05,-2.5328722742885947
9.576943242888977e-05,0.12085353103317174,1.1241263456384378e-05,-2.7999448261646624
9.585135666535589e-05,0.12075023741690408,6.152729289429857e-06,2.3509238582497085
9.5933280901822e-05,0.12064712022013474,5.547432984660932e-06,-1.1000389139457603
9.601520513828812e-05,0.12054417899127795,3.3384441159069602e-06,1.230769199897418
9.609712937475423e-05,0.12044141328028794,7.707068741205002e-06,2.9136177502815452
9.617905361122035e-05,0.12033882263865227,8.888993759904885e-06,-1.9108967299411805
9.626097784768647e-05,0.12023640661938532,1.6573404713364217e-05,-3.1154460710629555
9.634290208415258e-05,0.1201341647770219,9.57101431906773e-06,-0.9402706202691418
9.64248263206187e-05,0.12003209666761068,4.201958680901828e-06,2.5952566454363715
9.650675055708481e-05,0.11993020184870778,7.805687039652141e-06,-0.1853738262631476
9.658867479355093e-05,0.11982847987937045,3.387043059881986e-06,-2.1737743754022536
9.667059903001704e-05,0.11972693032015065,1.3224505385204886e-05,-2.2354301101118597
9.675252326648316e-05,0.11962555273308872,1.8235064167602012e-06,-0.5588257705058566
9.683444750294928e-05,0.11952434668170707,7.751268893300671e-07,-1.989896179356088
9.691637173941539e-05,0.11942331173100404,1.3522755245849145e-05,-2.5315750146767413
9.699829597588151e-05,0.11932244744744745,9.653120810505053e-06,1.0786747921133613
9.708022021234762e-05,0.1192217533989686,9.10851499768411e-06,-2.0992099795018095
9.716214444881374e-05,0.11912122915495596,8.159714167873122e-06,1.5507736047119898
9.724406868527985e-05,0.11902087428624919,1.139482354243808e-05,-2.7841777692550322
9.732599292174597e-05,0.11892068836513281,6.41942658898321e-06,0.12246041838306902
9.740791715821209e-05,0.11882067096533035,1.6106015212447538e-05,2.9321563184758093
9.74898413946782e-05,0.11872082166199814,1.157511545061262e-06,-2.75050558295066
9.757176563114432e-05,0.11862114003171938,1.521830432798544e-05,2.8518188958406308
9.765368986761043e-05,0.11852162565249814,9.893942325047593e-06,-2.660383135273748
9.773561410407655e-05,0.11842227810375339,2.4070240584140414e-05,2.7950751636600226
9.781753834054266e-05,0.11832309696631306,1.288089612923736e-05,-2.2289225348814568
9.789946257700878e-05,0.11822408182240818,3.5976519548335336e-06,1.663879648767718
9.79813868134749e-05,0.11812523225566704,1.0106543469295096e-05,-2.3683644605681877
9.806331104994101e-05,0.11802654785110926,5.70395526964029e-06,2.5297918442111365
9.814523528640713e-05,0.11792802819514005,6.10290708541911e-06,2.749276907967508
9.822715952287324e-05,0.11782967287554445,7.451404973781733e-06,-1.4967577503049232
9.830908375933937e-05,0.11773148148148146,9.79820424232241e-06,1.9646305850921835
9.839100799580549e-05,0.11763345360347856,1.3253064079156444e-05,2.348818638756146
9.84729322322716e-05,0.11753558883342576,3.573968260327389e-06,-2.5288434683479144
9.855485646873772e-05,0.11743788676457004,7.491427423857209e-06,2.1996092362967405
9.863678070520384e-05,0.11734034699150978,6.4375747941610005e-06,0.7979003891000384
9.871870494166995e-05,0.11724296911018901,7.231322055626619e-06,-2.757991490788402
9.880062917813607e-05,0.117145752717892,5.970308092730908e-06,3.116840501367879
9.888255341460218e-05,0.1170486974132376,1.1278850781878271e-05,2.625762575927773
9.89644776510683e-05,0.11695180279617365,2.1204243531339835e-06,2.417353532977482
9.904640188753441e-05,0.1168550684679717,4.012315984887783e-06,-1.4053221400079898
9.912832612400053e-05,0.1167584940312213,4.409128994464681e-06,2.838947742860821
9.921025036046665e-05,0.11666207908982476,4.191850686901424e-06,-0.4302090553438836
9.929217459693276e-05,0.11656582324899156,4.882778340226918e-06,2.5315538632077708
9.937409883339888e-05,0.11646972611523311,9.39389565316533e-06,0.13359758610584477
9.945602306986499e-05,0.1163737872963573,7.918358658607961e-06,-2.3472422799263177
9.953794730633111e-05,0.1162780064014632,8.3640154938787e-06,-2.433213812643578
9.961987154279722e-05,0.11618238304093567,1.0907628898568043e-05,-1.6555975644422816
9.970179577926334e-05,0.11608691682644025,1.3237684059396938e-05,-2.6406550379354674
9.978372001572946e-05,0.11599160737091771,1.1480107671176457e-05,2.9482734664227648
9.986564425219557e-05,0.11589645428857898,1.101170927968761e-05,2.366514196718049
9.994756848866169e-05,0.11580145719489982,9.425480113475733e-06,2.8645692678798365
0.0001000294927251278,0.11570661570661571,5.5703369030668305e-06,1.2664415793221155
0.00010011141696159392,0.11561192944171667,8.174007628436506e-06,2.4637461839269132
0.00010019334119806003,0.11551739801944218,2.117947831014408e-06,-2.6261964591710347
0.00010027526543452615,0.11542302106027595,7.370920458670632e-06,2.5162982808305023
0.00010035718967099227,0.11532879818594105,5.59683650429076e-06,-0.8279725634177736
0.00010043911390745838,0.11523472901939459,7.337098811405654e-06,2.304136262263154
0.0001005210381439245,0.11514081318482296,9.683458286674108e-06,-1.3753526607054367
0.00010060296238039061,0.11504705030763664,9.068265770422888e-06,1.9734513913505816
0.00010068488661685673,0.11495344001446524,5.526803224952388e-06,-2.7641928136620284
0.00010076681085332284,0.11485998193315267,7.266320279340503e-06,-1.6371448201471457
0.00010084873508978896,0.11476667569275205,1.973042982248441e-06,1.8592228682419936
0.00010093065932625508,0.11467352092352093,3.3844434427397825e-06,-1.241012569708194
0.0001010125835627212,0.11458051725691629,4.436893131687929e-06,1.547677829694947
0.00010109450779918732,0.11448766432558975,8.089935242196863e-06,2.365273108711975
0.00010117643203565344,0.1143949617633828,7.101998535766409e-06,1.6366425831559173
0.00010125835627211955,0.11430240920532181,8.271345349705636e-06,-1.9146486962594866
0.00010134028050858567,0.1142100062876134,7.649010142027403e-06,-1.9213155951135783
0.00010142220474505178,0.11411775264763954,5.546557409872912e-06,2.749493688434959
0.0001015041289815179,0.11402564792395299,4.396155201986857e-06,0.33246380795288566
0.00010158605321798401,0.11393369175627241,1.937402601543127e-06,0.5216226035128918
0.00010166797745445013,0.11384188378547766,1.4548329369592053e-05,2.921937781852378
0.00010174990169091625,0.11375022365360529,1.0773833337251503e-05,2.935384147875977
0.00010183182592738236,0.11365871100384374,1.1959401494345908e-05,2.7275212338563923
0.00010191375016384848,0.11356734548052876,1.553857708686123e-05,-1.6925645725900695
0.0001019956744003146,0.11347612672913877,1.5575589527702218e-05,-3.0260168894206663
0.00010207759863678071,0.11338505439629035,1.3648963771451011e-05,-0.8748367775855642
0.00010215952287324682,0.11329412812973359,3.324357577674977e-06,0.6070314593328288
0.00010224144710971294,0.11320334757834757,6.262967524319664e-06,-2.158854359410386
0.00010232337134617906,0.11311271239213593,7.79071347888404e-06,1.9624838483378373
0.00010240529558264517,0.1130222222222222,1.1468160833766984e-05,2.5741571528265244
0.00010248721981911129,0.11293187672084554,1.0019223822826665e-06,-0.6658660730640833
0.0001025691440555774,0.11284167554135605,1.0868967873452833e-05,-2.088441271212333
0.00010265106829204352,0.11275161833821053,1.1031353578951269e-05,-1.438810606509454
0.00010273299252850963,0.11266170476696792,8.153649125923188e-06,0.5461591802175093
0.00010281491676497575,0.11257193448428508,3.3078001601642656e-06,-2.216663720266773
0.00010289684100144187,0.11248230714791224,7.158907132024426e-06,-1.711584816181558
0.00010297876523790798,0.11239282241668876,4.46210160175549e-06,-0.8328797730749912
0.0001030606894743741,0.11230347995053878,3.16451641892475e-06,-0.923242100205681
0.00010314261371084021,0.11221427941046687,1.7182167512363995e-05,-2.718654758494567
0.00010322453794730633,0.11212522045855379,6.0583617233648235e-06,-1.9673990696588288
0.00010330646218377244,0.11203630275795225,1.0225621252716307e-05,-1.4409718015266189
0.00010338838642023856,0.11194752597288256,4.584285066778067e-06,-1.4523399936730974
0.00010347031065670468,0.11185888976862848,8.413057626152924e-06,1.9813723991260466
0.0001035522348931708,0.11177039381153303,3.627853419211794e-06,-2.885761866923161
0.00010363415912963692,0.11168203776899428,1.0725238994326806e-05,2.753785217430424
0.00010371608336610304,0.1115938213094611,1.2217890455227725e-05,-3.095186346468592
0.00010379800760256915,0.11150574410242918,3.02909506916863e-06,2.597160480000565
0.00010387993183903527,0.11141780581843673,6.3169330309906755e-06,2.916131932603772
0.00010396185607550138,0.11133000612906051,1.099671522877156e-05,-2.329528424964156
0.0001040437803119675,0.11124234470691163,6.073187242677933e-06,0.22235208310138715
0.00010412570454843362,0.11115482122563161,1.0567631206394062e-05,-2.574288697743187
0.00010420762878489973,0.11106743535988818,1.438317964367958e-05,-0.024216478260482822
0.00010428955302136585,0.11098018678537139,1.2477484313530096e-05,1.810922371252135
0.00010437147725783196,0.11089307517878945,1.0037102743069939e-05,-0.5757361997151407
0.00010445340149429808,0.11080610021786493,1.9165596314436778e-06,0.9470439866647306
0.0001045353257307642,0.11071926158133054,1.872501067803061e-05,-2.6428347747223127
0.00010461724996723031,0.11063255894892543,1.0958717606641862e-05,1.1005118484957819
0.00010469917420369643,0.11054599200139105,4.899899496327381e-06,-1.4225725681808916
0.00010478109844016254,0.11045956042046738,5.17279996502254e-07,0.48061534780813087
0.00010486302267662866,0.11037326388888889,9.488071616537072e-06,1.684936697888354
0.00010494494691309477,0.11028710209038077,3.522364352702346e-06,-2.0995182968318176
0.00010502687114956089,0.11020107470965505,9.357968701762765e-06,1.9936493370230604
0.000105108795386027,0.11011518143240669,8.21716497849972e-06,-2.7886076186785056
0.00010519071962249312,0.11002942194530979,6.962242501699714e-06,0.9057486868166158
0.00010527264385895924,0.10994379593601382,1.506514294628753e-05,-3.1221046172496023
0.00010535456809542535,0.10985830309313979,6.4110501301144855e-06,2.3404463531976947
0.00010543649233189147,0.10977294310627643,1.1192115783227768e-05,1.73685127989675
0.00010551841656835758,0.10968771566597653,6.4659949136884405e-06,-1.599587247411654
0.0001056003408048237,0.10960262046375312,6.521393947303709e-06,-2.533920026598888
0.00010568226504128981,0.1095176571920758,1.1745857415389932e-05,-2.259014119025481
0.00010576418927775593,0.109432825544367,6.430279743804258e-06,1.7552295971780738
0.00010584611351422205,0.10934812521499827,7.168038356263807e-06,-3.1179003371608123
0.00010592803775068816,0.10926355589928675,3.8608510662354564e-06,1.5666176244163945
0.00010600996198715428,0.10917911729349133,6.469432663291996e-06,2.4640161464814687
0.00010609188622362039,0.10909480909480909,1.197649702408582e-05,-3.0807968103381342
0.00010617381046008651,0.10901063100137173,1.0665118438588949e-05,2.48101150271681
0.00010625573469655264,0.10892658271224191,5.041493754856354e-06,-2.125419215638144
0.00010633765893301875,0.10884266392740968,4.382377167694967e-06,-1.1167368821536403
0.00010641958316948487,0.10875887434778887,5.4609153318103584e-06,-2.125419468235284
0.00010650150740595098,0.10867521367521367,8.2858942396522e-06,-0.9622719813932413
0.0001065834316424171,0.10859168161243486,1.2120895939927627e-05,-3.114259204689322
0.00010666535587888322,0.10850827786311658,5.1463907714688624e-06,1.087733282614767
0.00010674728011534933,0.10842500213183251,2.538706217197969e-06,2.143576783259432
0.00010682920435181545,0.1083418541240627,5.036458930587331e-06,1.9914523493830352
0.00010691112858828156,0.10825883354618986,6.464805567110263e-06,1.635597647947568
0.00010699305282474768,0.108175940105496,1.0410700497861679e-05,-1.7692510306140792
0.0001070749770612138,0.10809317351015897,4.2819076348748385e-06,1.7119093268758658
0.00010715690129767991,0.10801053346924906,3.612408537811881e-06,-0.7488873873176406
0.00010723882553414603,0.10792801969272556,3.878585170495115e-06,2.437417710561231
0.00010732074977061214,0.10784563189143341,3.9422604848030674e-06,1.6978186795885561
0.00010740267400707826,0.10776336977709976,8.61854530268223e-06,2.94409968284725
0.00010748459824354437,0.10768123306233063,5.493223495960829e-06,2.8278125078871894
0.00010756652248001049,0.10759922146060759,8.068922002616097e-06,-2.9539099643359195
0.0001076484467164766,0.10751733468628445,5.253761066218513e-06,-2.343597629360232
0.00010773037095294272,0.10743557245458385,6.433885974563783e-06,3.0907003341511636
0.00010781229518940884,0.10735393448159405,3.366215827277874e-06,1.118554876269482
0.00010789421942587495,0.1072724204842656,4.9095585483789434e-06,2.3966098706373775
0.00010797614366234107,0.10719103018040801,4.297642927754671e-06,-2.370081356519684
0.00010805806789880718,0.10710976328868671,7.0560873201399415e-06,1.4791743355111209
0.0001081399921352733,0.10702861952861954,1.636171165655358e-05,-2.2997945637757935
0.00010822191637173941,0.10694759862057363,9.23818501086372e-06,2.2173519517719837
0.00010830384060820553,0.10686670028576231,3.7100616466510095e-06,0.8965096073629965
0.00010838576484467165,0.1067859242462417,2.86649418816274e-06,0.5807635295229054
0.00010846768908113776,0.1067052702249077,3.8473121251690985e-06,2.2471877494906183
0.00010854961331760388,0.10662473794549267,6.2533167676482185e-06,1.5891159377374964
0.00010863153755407,0.10654432713256243,5.7800242895927715e-06,2.5348432383147443
0.00010871346179053611,0.10646403751151304,1.588663125944724e-05,2.7683818903686226
0.00010879538602700224,0.10638386880856761,3.312948522856283e-06,-0.14161398121223534
0.00010887731026346835,0.10630382075077334,1.4050436923437047e-05,2.9452617195214272
0.00010895923449993447,0.10622389306599833,7.638795155575336e-06,-1.8308916695527664
0.00010904115873640059,0.10614408548292846,8.752706897765435e-06,2.1840602873701793
0.0001091230829728667,0.10606439773106438,1.2512764734838912e-05,3.0890843188736676
0.00010920500720933282,0.1059848295407185,5.376151117521034e-06,2.3240389086744484
0.00010928693144579893,0.10590538064301183,4.121585931069575e-06,2.2556712405815293
0.00010936885568226505,0.10582605076987098,1.056432409237629e-05,-2.116435285500998
0.00010945077991873116,0.10574683965402527,4.647446421126808e-06,-1.4964960031843255
0.00010953270415519728,0.10566774702900356,1.9132315197848775e-06,-0.8110969063919637
0.0001096146283916634,0.10558877262913137,1.1727090397665254e-05,-2.599959334233489
0.00010969655262812951,0.10550991618952783,1.1891261251121824e-05,2.8655446836941962
0.00010977847686459563,0.10543117744610282,3.640918997738069e-06,1.3530270095653127
0.00010986040110106174,0.10535255613555389,9.079894471007231e-07,2.7669806674407194
0.00010994232533752786,0.10527405199536347,8.356187837020295e-06,-1.2943116091079376
0.00011002424957399397,0.10519566476379581,4.963028421642488e-06,2.28188284218984
0.00011010617381046009,0.10511739417989417,2.065598601678378e-06,-1.0503760376996056
0.0001101880980469262,0.1050392399834779,4.473802987700472e-06,-3.0103791629715806
0.00011027002228339232,0.1049612019151395,1.1257760282100992e-05,-2.893292673550183
0.00011035194651985844,0.10488327971624185,4.515216038939827e-06,2.461921475040405
0.00011043387075632455,0.10480547312891526,2.014507266002376e-06,-2.6614009332282365
0.00011051579499279067,0.1047277818960547,9.463007056500963e-06,-2.5258874738101897
0.00011059771922925678,0.10465020576131687,1.7460472730346475e-05,2.887504157667608
0.0001106796434657229,0.10457274446911752,8.134231022975971e-06,-2.2237697669478913
0.00011076156770218902,0.10449539776462853,2.4437364642915285e-06,0.3978178951902829
0.00011084349193865513,0.10441816539377516,8.546455453614386e-06,2.9412305357745323
0.00011092541617512125,0.10434104710323322,3.4450309301106655e-06,0.4910336744934915
0.00011100734041158736,0.1042640426404264,6.274147593150685e-06,1.3018733773622178
0.00011108926464805348,0.10418715175352344,8.71413413973902e-06,-2.8669109046862613
0.0001111711888845196,0.10411037419143535,1.0038329162802554e-05,-2.9549102251312864
0.00011125311312098571,0.10403370970381279,5.989244250784859e-06,-2.1415544930176242
0.00011133503735745183,0.10395715804104325,6.6882925558424185e-06,-2.010342269592422
0.00011141696159391794,0.10388071895424837,1.2252625855296157e-05,-2.37156407426603
0.00011149888583038407,0.10380439219528124,3.61929211559799e-07,-1.6504186281517315
0.00011158081006685019,0.10372817751672377,5.6612519564213905e-06,-2.8942422198700006
0.0001116627343033163,0.1036520746718839,4.803135714272325e-06,-2.7827267599511756
0.00011174465853978242,0.10357608341479309,5.968240905507485e-06,2.0602256720457626
0.00011182658277624853,0.10350020350020349,5.822079974341409e-06,2.370771374854282
0.00011190850701271465,0.10342443468358549,9.813979021134887e-06,-2.832515936376068
0.00011199043124918076,0.10334877672112491,7.329606216638042e-06,-2.6740226444441797
0.00011207235548564688,0.10327322936972058,8.030671019135943e-06,-1.9040725740698197
0.000112154279722113,0.10319779238698158,7.343155288533119e-06,2.4362304192433095
0.00011223620395857911,0.10312246553122466,2.2755569580925487e-06,2.277047811936074
0.00011231812819504523,0.10304724856147175,1.6534775183765453e-05,2.3321986697744665
0.00011240005243151134,0.10297214123744737,4.476930529472386e-06,-1.7654786479344398
0.00011248197666797746,0.10289714331957595,4.101381513922057e-06,-1.0890930591986783
0.00011256390090444357,0.10282225456897945,1.0268616055248856e-05,2.7275701611229373
0.00011264582514090969,0.10274747474747475,4.1981992688176555e-06,-0.45490830962661943
0.0001127277493773758,0.10267280361757106,9.134392224074262e-06,-2.119779050846199
0.00011280967361384192,0.10259824094246753,1.137983587458284e-05,-2.7966378730839496
0.00011289159785030804,0.10252378648605062,9.959505623756086e-06,2.9403785168744343
0.00011297352208677415,0.10244944001289177,3.610139203742673e-06,-3.0504684251336847
0.00011305544632324027,0.10237520128824477,1.2192246077628189e-05,2.6850245441810445
0.00011313737055970638,0.10230107007804329,1.1555055453627976e-05,2.7681097837056092
0.0001132192947961725,0.10222704614889855,6.48896536054762e-06,-1.075364775612472
0.00011330121903263862,0.10215312926809672,4.3493197893741934e-06,-2.6515076843234735
0.00011338314326910473,0.10207931920359666,2.546259897319619e-06,2.8088345126044394
0.00011346506750557085,0.10200561572402729,5.6970680797533655e-06,2.3774741128774872
0.00011354699174203696,0.10193201859868525,2.598425204208207e-06,-1.47255779061388
0.00011362891597850308,0.10185852759753265,1.0722200343159822e-05,-2.9051827312566694
0.0001137108402149692,0.10178514249119437,1.772822916167532e-06,2.3551350395449373
0.00011379276445143531,0.10171186305095592,5.920328080550267e-06,-0.798868164560271
0.00011387468868790143,0.10163868904876099,3.1637778865866217e-06,-1.777050387651357
0.00011395661292436754,0.10156562025720904,4.041835834279844e-06,-3.0192629310434027
0.00011403853716083367,0.10149265644955299,6.643746270230277e-06,2.8204146718687606
0.00011412046139729979,0.10141979739969688,5.585488180846631e-06,-3.049275873977578
0.0001142023856337659,0.10134704288219352,4.9040393921048565e-06,2.5761144193918604
0.00011428430987023202,0.10127439267224213,7.24889479495294e-06,-2.2715402728195575
0.00011436623410669813,0.10120184654568608,1.7005539495377418e-06,0.6811649979949169
0.00011444815834316425,0.10112940427901056,1.0101497263976027e-05,-2.818615532315459
0.00011453008257963037,0.10105706564934032,4.328457889417773e-06,1.625339304699084
0.00011461200681609648,0.10098483043443728,5.043693663080869e-06,1.953210606492493
0.0001146939310525626,0.10091269841269841,4.747565081591144e-06,1.7495879661659235
0.00011477585528902871,0.1008406693631533,1.0708045126828223e-05,2.6418018520132667
0.00011485777952549483,0.10076874306546202,7.246106239360638e-06,2.428389083238441
0.00011493970376196094,0.10069691929991288,3.289229033666152e-06,0.9282685395471424
0.00011502162799842706,0.10062519784742006,5.510227523201827e-06,-2.1290124458115196
0.00011510355223489318,0.10055357848952155,7.794793689333113e-06,-2.4163836611486977
0.00011518547647135929,0.1004820610083768,9.069770928904342e-06,2.236179461767799
0.00011526740070782541,0.1004106451867646,6.590821847130992e-06,-3.1083318539103955
0.00011534932494429152,0.10033933080808081,1.1458581049014455e-05,2.9312061444297317
0.00011543124918075764,0.10026811765633624,6.8570325775917115e-06,2.9585662099377803
0.00011551317341722375,0.10019700551615444,2.008295303716756e-06,2.7876492448239847
0.00011559509765368987,0.1001259941727695,9.215666053565722e-06,-2.437582422955645
0.00011567702189015599,0.10005508341202392,2.574868416675527e-06,2.5750940014313635
0.0001157589461266221,0.09998427302036644,4.061479281329254e-06,-1.5135227146138093
0.00011584087036308822,0.09991356278484992,1.1686111186765405e-05,0.2660861222409441
0.00011592279459955433,0.09984295249312918,1.2047198328388971e-05,2.675157119174742
0.00011600471883602045,0.09977244193345888,7.80247793494737e-07,-2.3747448049861415
0.00011608664307248656,0.09970203089469144,7.220541988611169e-06,2.596497321636038
0.00011616856730895268,0.09963171916627489,8.183427574051356e-06,-2.3750314633074043
0.0001162504915454188,0.09956150653825072,1.4137008338432069e-05,2.181985953271623
0.00011633241578188491,0.09949139280125195,1.2614984808595245e-06,1.2257535786877833
0.00011641434001835103,0.0994213777465009,5.1730819168480135e-06,-1.5023721228562554
0.00011649626425481714,0.09935146116580715,1.671215224208781e-05,2.9948304290719117
0.00011657818849128326,0.09928164285156556,8.338875638092864e-06,1.2056045617590212
0.00011666011272774937,0.09921192259675406,4.088042171988376e-06,-3.07915314560836
0.0001167420369642155,0.09914230019493177,1.7515327980151157e-05,2.789391710630597
0.00011682396120068162,0.09907277544023686,4.437925137520978e-06,3.0635977614843433
0.00011690588543714773,0.09900334812738457,7.840560135067511e-06,-0.1682515985162405
0.00011698780967361385,0.0989340180516651,2.3141601175003664e-06,-2.321623730718963
0.00011706973391007997,0.09886478500894176,1.465709320824888e-06,1.4274577411148395
0.00011715165814654608,0.0987956487956488,9.544487066993468e-06,-2.5116893205217536
0.0001172335823830122,0.0987266092087895,6.243382241367379e-06,2.430919023307768
0.00011731550661947831,0.09865766604593419,9.729936639725845e-06,-2.763853538095334
0.00011739743085594443,0.09858881910521826,9.201237379461723e-06,1.6442558033887902
0.00011747935509241054,0.09852006818534015,5.520961484598424e-06,-0.748989459965159
0.00011756127932887666,0.09845141308555942,6.26111402422296e-06,-2.9465190046192493
0.00011764320356534278,0.09838285360569483,1.183105426742953e-06,-2.709594152335635
0.00011772512780180889,0.09831438954612233,3.80409955262781e-06,-0.8126158662091232
0.00011780705203827501,0.09824602070777314,9.153658194269338e-06,-1.31361357990472
0.00011788897627474112,0.09817774689213189,7.177215464011357e-06,-2.556084161600458
0.00011797090051120724,0.09810956790123455,1.013753251453294e-05,1.5976063897305044
0.00011805282474767335,0.09804148353766674,5.83561024618623e-06,2.897269411925445
0.00011813474898413947,0.09797349360456156,7.20580827707315e-06,3.027896750598936
0.00011821667322060559,0.0979055979055979,6.470356585483832e-06,1.3135542341401203
0.0001182985974570717,0.09783779624499847,5.496566594600893e-06,2.8486110903357034
0.00011838052169353782,0.09777008842752787,4.204686336222309e-06,1.5547249117821547
0.00011846244593000393,0.09770247425849085,5.64807147604702e-06,-2.700098663432914
0.00011854437016647005,0.09763495354373032,6.159379829810396e-06,1.9967850345207006
0.00011862629440293616,0.09756752608962554,4.351896288987669e-06,2.882924743214577
0.00011870821863940228,0.09750019170309024,8.277382935443392e-06,2.468083389286141
0.0001187901428758684,0.09743295019157089,8.424063755333289e-06,1.718184581291314
0.00011887206711233451,0.09736580136304465,8.102872885680166e-06,-2.295222850492522
0.00011895399134880063,0.09729874502601776,3.7819911675762194e-06,0.048918834567301554
0.00011903591558526674,0.0972317809895236,2.4514404991412038e-06,1.1769954291282942
0.00011911783982173286,0.0971649090631209,3.8707864547415685e-06,2.874509830755706
0.00011919976405819897,0.09709812905689194,5.1133700445668076e-06,1.8038858183693989
0.0001192816882946651,0.09703144078144078,7.081384386743256e-06,-2.789607311464531
0.00011936361253113122,0.0969648440478914,2.5447080655172694e-06,0.7755362273138442
0.00011944553676759734,0.096898338667886,3.924927993522342e-06,-2.7408966898503753
0.00011952746100406345,0.09683192445358312,2.5855417436175686e-07,-1.5596176060970244
0.00011960938524052957,0.09676560121765601,9.032554974257792e-06,-2.8690880781165204
0.00011969130947699568,0.09669936877329073,2.6871580067892947e-06,1.058380723228048
0.0001197732337134618,0.09663322693418451,4.76592391479752e-06,-3.116613864543178
0.00011985515794992791,0.09656717551454391,5.997610250156084e-06,-2.9725708649954425
0.00011993708218639403,0.09650121432908318,5.080339893044108e-06,1.9283305187659647
0.00012001900642286015,0.09643534319302237,2.172005228415812e-06,-2.4333755236681505
0.00012010093065932626,0.09636956192208579,8.408464911449633e-06,2.395425393616642
0.00012018285489579238,0.09630387033250018,7.95269704697694e-06,2.6193423680861176
0.00012026477913225849,0.09623826824099303,5.939784391210159e-06,2.4891233512430966
0.00012034670336872461,0.09617275546479086,3.9025116382475975e-06,2.532194207366016
0.00012042862760519072,0.09610733182161754,1.0851203916115625e-05,-2.694009102593853
0.00012051055184165684,0.09604199712969258,2.932044330282299e-06,-3.1367272747130404
0.00012059247607812296,0.09597675120772947,1.1788953067701866e-05,-2.1496972064035273
0.00012067440031458907,0.09591159387493399,6.775493698145573e-06,2.069057503883385
0.00012075632455105519,0.09584652495100256,4.462835573889762e-06,-2.6030393428539402
0.0001208382487875213,0.09578154425612052,2.1024264308429154e-06,-1.1418733574439888
0.00012092017302398742,0.09571665161096056,4.183269759136435e-06,-3.0475440296123297
0.00012100209726045353,0.09565184683668096,4.5640554373764605e-06,2.972200354733583
0.00012108402149691965,0.09558712975492407,6.0536810490608664e-06,3.0411275774521327
0.00012116594573338577,0.0955225001878146,6.8460044431355e-06,2.5055032295868274
0.00012124786996985188,0.09545795795795797,7.281494450911663e-07,-2.6193654026587745
0.000121329794206318,0.09539350288843873,4.136031421573317e-06,-2.879343880963102
0.00012141171844278411,0.09532913480281903,8.813795101104426e-06,3.0851443732969774
0.00012149364267925023,0.09526485352513674,7.4643832454930775e-06,2.2798325717077206
0.00012157556691571634,0.09520065887990416,1.1251401095896491e-05,1.261692918829924
0.00012165749115218246,0.09513655069210626,5.80484720129873e-06,1.5771326193249608
0.00012173941538864858,0.09507252878719905,2.2967612188461413e-06,-2.5931668401768038
0.00012182133962511469,0.09500859299110813,3.5068893899038043e-06,1.401882504551721
0.00012190326386158081,0.09494474313022701,3.842181674982217e-06,-2.1452201903494976
0.00012198518809804694,0.09488097903141555,8.547413522001735e-07,-2.408812554555073
0.00012206711233451305,0.09481730052199851,6.601521900142444e-06,1.7146422264155774
0.00012214903657097915,0.09475370742976377,4.47544035510981e-06,-0.7649455438236374
0.00012223096080744527,0.09469019958296097,2.470058700365516e-06,2.6652182791618007
0.00012231288504391139,0.09462677681029992,3.6174253296968423e-06,-1.8454884667097786
0.0001223948092803775,0.09456343894094899,4.994849053566186e-07,-0.16445304602648653
0.00012247673351684362,0.09450018580453363,9.95277150368575e-06,-3.0339990289229366
0.00012255865775330973,0.09443701723113489,1.2890422575377888e-06,1.5352153696454958
0.00012264058198977585,0.09437393305128776,7.2837267872017185e-06,2.6700967683952768
0.00012272250622624196,0.09431093309597983,6.8011770152299495e-06,-2.938645248578577
0.00012280443046270808,0.09424801719664963,8.536702305120998e-06,2.5934363920672854
0.0001228863546991742,0.09418518518518519,8.151898633410618e-06,-2.8340462561644295
0.0001229682789356403,0.09412243689392258,9.03531365327615e-06,2.3651159837736717
0.00012305020317210643,0.09405977215564433,4.350192813642205e-06,3.0598515435203075
0.00012313212740857254,0.09399719080357803,4.1841585631139965e-06,1.2338043888854409
0.00012321405164503869,0.09393469267139479,6.30421833784335e-06,2.1054395409428195
0.0001232959758815048,0.0938722775932078,2.2294393658782916e-06,-1.3452006958500253
0.00012337790011797092,0.09380994540357089,4.387686637693443e-06,3.0086571362042207
0.00012345982435443703,0.09374769593747695,3.884410252624011e-06,-1.9051710437463132
0.00012354174859090315,0.0936855290303566,5.033487830835091e-06,3.1162835547167522
0.00012362367282736926,0.0936234445180767,6.930027968616772e-06,-2.7365921881549125
0.00012370559706383538,0.09356144223693892,5.683689111502893e-06,0.11733522149144802
0.0001237875213003015,0.0934995220236782,6.052479929463144e-06,2.225205661051793
0.0001238694455367676,0.09343768371546148,5.1106491982659605e-06,-2.880579511037446
0.00012395136977323373,0.09337592714988616,1.3116871495807705e-05,2.5803663235917993
0.00012403329400969984,0.09331425216497871,8.928301929988762e-06,-2.6485333112406515
0.00012411521824616596,0.09325265859919324,1.0557125608867134e-06,2.2651855750632537
0.00012419714248263207,0.09319114629141013,9.253577848006494e-06,-2.668507571238425
0.0001242790667190982,0.0931297150809346,3.961820886302148e-06,-3.0279451629232796
0.0001243609909555643,0.09306836480749524,8.786972988287554e-06,2.7278763466649663
0.00012444291519203042,0.09300709531124277,6.573501264004097e-06,-0.9398708658443469
0.00012452483942849654,0.09294590643274854,8.739026630178879e-06,2.6753194728262213
0.00012460676366496265,0.09288479801300313,9.004320018491607e-07,-1.6967004101789187
0.00012468868790142877,0.09282376989341509,2.205036879530388e-06,-2.3064548204212927
0.00012477061213789488,0.09276282191580944,1.4763596711575306e-05,-2.942549206742966
0.000124852536374361,0.09270195392242636,3.1754071545877e-06,-2.2461925344087232
0.00012493446061082712,0.09264116575591985,2.6151227617213884e-06,1.4151961314054706
0.00012501638484729323,0.09258045725935633,4.938849228310161e-06,-0.20711658321882417
0.00012509830908375935,0.09251982827621334,7.6137281306185e-06,2.22762347168305
0.00012518023332022546,0.09245927865037812,3.423118797241745e-06,2.633461896724592
0.00012526215755669158,0.09239880822614635,6.6539469007685225e-06,2.458633849315607
0.0001253440817931577,0.09233841684822076,8.645885722374933e-06,2.6383968199145293
0.0001254260060296238,0.09227810436170984,4.500530952803443e-06,2.9353565189785713
0.00012550793026608993,0.09221787061212648,6.262374629210054e-06,2.9435207092530624
0.00012558985450255604,0.09215771544538667,6.557357357606635e-06,-0.6235464336851461
0.00012567177873902216,0.0920976387078082,5.157758899815128e-06,2.080202364499007
0.00012575370297548827,0.0920376402461093,5.069059188373288e-06,1.5079227844311707
0.0001258356272119544,0.09197771990740741,1.4605478238688965e-06,-0.8152929890460109
0.0001259175514484205,0.09191787753921782,1.1047517134353288e-05,2.959608641479416
0.00012599947568488662,0.09185811298945239,1.7290205614036737e-06,0.9445273377081131
0.00012608139992135274,0.09179842610641831,6.736803392707627e-06,-3.0154588469280625
0.00012616332415781885,0.09173881673881673,4.253235533081786e-06,-1.3851509546931484
0.00012624524839428497,0.09167928473574158,2.8106991518767088e-06,2.599330865993789
0.00012632717263075108,0.0916198299466782,3.173690570856642e-06,-1.7547262597279547
0.0001264090968672172,0.09156045222150212,7.474580622752713e-06,2.771875043058211
0.00012649102110368331,0.09150115141047784,6.2593908721900976e-06,-2.550358937477356
0.00012657294534014943,0.09144192736425746,2.6143463067374935e-06,-2.462989498213006
0.00012665486957661555,0.09138277993387955,4.376039887651248e-06,2.9359047130821496
0.00012673679381308166,0.09132370897076779,4.955422456761306e-06,1.2293280411276302
0.00012681871804954778,0.09126471432672982,7.589271954176198e-06,-2.4234589138984415
0.0001269006422860139,0.09120579585395595,7.661013039208526e-07,-2.99265229585737
0.00012698256652248,0.09114695340501792,6.722055014674102e-06,1.3871737380374933
0.00012706449075894612,0.09108818683286769,7.400690245225013e-06,1.5534699519296635
0.00012714641499541224,0.09102949599083619,3.470903340899585e-07,0.4435718765435996
0.00012722833923187836,0.09097088073263218,2.6575669852493375e-06,2.8202964932606123
0.00012731026346834447,0.0909123409123409,1.2155877819712197e-06,-2.9767434997155013
0.0001273921877048106,0.09085387638442302,7.626456078004021e-06,2.7385043405685265
0.0001274741119412767,0.09079548700371323,5.57773747877069e-06,2.4909322498860127
0.00012755603617774282,0.09073717262541925,5.603252830281767e-06,2.2962792066425375
0.00012763796041420893,0.09067893310512053,2.6980978338313045e-06,-1.6897017234010925
0.00012771988465067505,0.09062076829876702,2.564275311949718e-06,-1.8672684062173543
0.00012780180888714117,0.09056267806267806,4.500920252386603e-06,-2.014089781427653
0.00012788373312360728,0.09050466225354119,6.937347456785601e-06,3.0736963356171993
0.0001279656573600734,0.09044672072841087,8.044448422642612e-06,2.7052074913877093
0.0001280475815965395,0.09038885334470748,3.0893120853097133e-06,-1.4544807362557568
0.00012812950583300563,0.09033105996021598,9.410411076952724e-06,-1.6867095557781369
0.00012821143006947174,0.09027334043308484,8.331263239142141e-06,2.700485197902305
0.00012829335430593786,0.0902156946218249,4.6491326471673445e-06,-2.8489633367511566
0.00012837527854240398,0.0901581223853081,5.575217704515928e-06,2.041701672174792
0.0001284572027788701,0.09010062358276644,1.057106001153874e-05,-3.046371711614333
0.00012853912701533623,0.0900431980737908,5.286767755827386e-07,0.8304669963761875
0.00012862105125180235,0.08998584571832978,7.1080071560916715e-06,-2.5669786065727074
0.00012870297548826847,0.08992856637668857,1.960566662118958e-06,1.7587159679413995
0.00012878489972473458,0.08987135990952784,5.194367365599202e-06,-2.8841389018354895
0.0001288668239612007,0.08981422617786253,6.737573951869924e-06,-1.1677061822903547
0.0001289487481976668,0.08975716504306083,6.409735571049959e-06,2.57912997671808
0.00012903067243413293,0.08970017636684303,4.350865721329847e-06,-2.9441402862968165
0.00012911259667059904,0.08964326001128031,1.9786627878905594e-06,0.04597550837563516
0.00012919452090706516,0.08958641583879376,4.517986733717059e-06,-2.7929265313073195
0.00012927644514353128,0.0895296437121532,4.864999801302922e-06,-1.8823053353153305
0.0001293583693799974,0.08947294349447611,1.003753347228237e-05,2.2755849015491436
0.0001294402936164635,0.08941631504922642,1.1334863426974785e-06,2.5726881299940016
0.00012952221785292962,0.08935975824021364,2.357569139226635e-06,2.567769592648249
0.00012960414208939574,0.0893032729315915,4.882058787256317e-06,2.5851605270183478
0.00012968606632586185,0.08924685898785709,2.9358420555236037e-06,1.110525670184956
0.00012976799056232797,0.0891905162738496,1.250871675666232e-05,-2.9666965780454917
0.00012984991479879409,0.08913424465474938,8.713127812166115e-06,1.8872414779997986
0.0001299318390352602,0.08907804399607677,5.8835398898504e-06,1.3119141019512108
0.00013001376327172632,0.0890219141636911,3.656368128597547e-06,-0.8932666433071683
0.00013009568750819243,0.08896585502378952,4.406155672624279e-06,-1.406819959938113
0.00013017761174465855,0.08890986644290608,5.8394602894764255e-06,-1.4304588434007528
0.00013025953598112466,0.08885394828791054,3.6663181196432005e-06,-2.674768355840133
0.00013034146021759078,0.0887981004260074,3.4903042589898667e-06,3.128933467990948
0.0001304233844540569,0.08874232272473477,3.748072336938509e-06,-1.8340050234269745
0.000130505308690523,0.08868661505196344,9.717927707016747e-06,-3.0095213486523225
0.00013058723292698913,0.08863097727589572,2.448068064445001e-06,-0.33235634894605703
0.00013066915716345524,0.08857540926506444,4.627939077586049e-06,2.8947238726030555
0.00013075108139992136,0.08851991088833194,9.575236469924202e-06,-3.0034026128773377
0.00013083300563638747,0.08846448201488903,6.887655180492996e-06,2.505425941637371
0.0001309149298728536,0.08840912251425392,9.787364662766713e-06,-2.8815636987001843
0.0001309968541093197,0.08835383225627128,3.813191210866774e-06,3.0550888670694905
0.00013107877834578582,0.0882986111111111,1.0089919424424496e-06,0.6623717614724127
0.00013116070258225194,0.08824345894926781,4.687689718121043e-06,-2.6571379298634232
0.00013124262681871805,0.08818837564155917,3.678552823258945e-06,2.6696768247689855
0.00013132455105518417,0.08813336105912525,5.5234931098038995e-06,2.9156537323755782
0.00013140647529165028,0.08807841507342754,3.2087908623186853e-06,1.3888000646456362
0.0001314883995281164,0.08802353755624782,1.915373128379665e-06,2.5169699877541474
0.00013157032376458252,0.08796872837968728,1.2959092975875507e-06,1.1486056129668045
0.00013165224800104863,0.08791398741616538,8.704879554885276e-06,-2.867263722241366
0.00013173417223751475,0.08785931453841901,7.3431092773406975e-06,-3.1122931962576508
0.00013181609647398086,0.08780470961950142,3.959529267515728e-06,1.484584899697452
0.00013189802071044698,0.08775017253278124,5.400863340463123e-06,2.3709938252675826
0.0001319799449469131,0.08769570315194151,2.086265273924799e-06,2.9309639875329965
0.0001320618691833792,0.08764130135097878,9.850434790307328e-06,-2.8398067706466903
0.00013214379341984533,0.08758696700420197,5.249917382841649e-06,2.4403274416179226
0.00013222571765631144,0.08753269998623159,5.517811420021839e-06,2.7769070160569007
0.00013230764189277756,0.08747850017199862,7.87227894614206e-06,-2.8195373875870064
0.00013238956612924367,0.08742436743674367,6.783390117524814e-06,2.5732267125874744
0.0001324714903657098,0.08737030165601595,3.7479239125529555e-06,2.3689018222624916
0.0001325534146021759,0.0873163027056723,1.5336829123303542e-06,-2.584385994616125
0.00013263533883864202,0.08726237046187633,5.470348784946708e-06,2.778621879107891
0.00013271726307510814,0.08720850480109739,6.384562955985832e-06,0.0038587845741672134
0.00013279918731157425,0.08715470560010967,5.8865355108810995e-06,2.022483062341013
0.00013288111154804037,0.08710097273599124,8.38450107644061e-06,-2.200544027368424
0.00013296303578450648,0.08704730608612309,2.3123425924899825e-06,1.4891324497493041
0.0001330449600209726,0.08699370552818829,2.1180338468312604e-06,-3.081304857767133
0.00013312688425743871,0.08694017094017095,1.4264587292176232e-06,0.7525194983040929
0.00013320880849390483,0.08688670220035534,7.728620751112431e-06,3.1410655748507463
0.00013329073273037095,0.086833299187325,5.7087210714573825e-06,-3.023092112370223
0.00013337265696683706,0.08677996177996179,6.36272443378132e-06,2.2695888832661915
0.00013345458120330318,0.08672668985744492,1.3054574027234661e-05,-2.611708688454957
0.0001335365054397693,0.08667348329925018,4.258750367433491e-06,1.7116817640855542
0.0001336184296762354,0.08662034198514885,4.026856561579752e-06,2.795683738226229
0.00013370035391270155,0.08656726579520696,5.458483036094672e-06,2.3190094051694397
0.00013378227814916767,0.0865142546097843,9.246124785948568e-06,3.1295907936387466
0.00013386420238563378,0.08646130830953351,3.6891610867168942e-06,-2.0198285109012484
0.0001339461266220999,0.08640842677539924,9.013811522342176e-06,3.034794109862215
0.00013402805085856601,0.08635560988861721,5.040562511488149e-06,2.684580320471892
0.00013410997509503213,0.08630285753071336,3.824161849941871e-06,-2.3494488055383274
0.00013419189933149825,0.0862501695835029,5.67326681045933e-06,-2.843632134977752
0.00013427382356796436,0.08619754592908954,6.3636616403113874e-06,-3.1290077334039545
0.00013435574780443048,0.08614498644986449,2.9441159937595092e-06,3.047895981431022
0.0001344376720408966,0.08609249102850565,1.7308035213366706e-06,2.9959533069185795
0.0001345195962773627,0.08604005954797672,4.323463779553615e-06,2.6481221326117166
0.00013460152051382882,0.08598769189152633,5.48078539469407e-06,-2.9540233088702994
0.00013468344475029494,0.08593538794268721,5.694736111254419e-06,2.855354227703418
0.00013476536898676106,0.08588314758527524,6.184141011968625e-06,3.0243809830212856
0.00013484729322322717,0.08583097070338867,7.65581891679309e-06,-2.9938912391096557
0.0001349292174596933,0.08577885718140726,6.277604474398412e-06,-2.716682762076774
0.0001350111416961594,0.08572680690399136,7.701705727655774e-06,2.2549120524496473
0.00013509306593262552,0.08567481975608111,4.982301455353167e-06,2.6949191625178552
0.00013517499016909163,0.08562289562289561,5.50700262273193e-06,3.0851963542107628
0.00013525691440555775,0.08557103438993202,2.465328896438776e-06,-2.971954534060435
0.00013533883864202387,0.08551923594296475,5.466897763385224e-06,-2.5055717393298074
0.00013542076287848998,0.08546750016804464,1.928947779950515e-06,2.8252561966402765
0.0001355026871149561,0.08541582695149805,5.21960883442507e-06,-1.2772837985007939
0.0001355846113514222,0.08536421617992615,2.5434499043986762e-06,2.511854471526165
0.00013566653558788833,0.08531266774020398,9.448853700766456e-07,1.6440814806311463
0.00013574845982435444,0.08526118151947965,6.657978653326726e-06,2.591965914752138
0.00013583038406082056,0.08520975740517356,5.293940655128836e-06,-2.5201363666651893
0.00013591230829728668,0.08515839528497755,3.0990397482981265e-06,2.5437392490246324
0.0001359942325337528,0.08510709504685408,9.09106129144859e-06,-2.545662260069279
0.0001360761567702189,0.08505585657903539,9.304562272018915e-06,2.461101053068785
0.00013615808100668502,0.08500467977002273,4.852736334199245e-06,-1.8154610607869814
0.00013624000524315114,0.08495356450858556,3.664716867616559e-06,2.517209844563775
0.00013632192947961725,0.08490251068376069,8.028420288036458e-06,2.0886945596778648
0.00013640385371608337,0.08485151818485152,3.0315790760568497e-06,-2.5830877611054914
0.00013648577795254949,0.08480058690142724,6.1525162996357684e-06,-1.576265311906668
0.0001365677021890156,0.084749716723322,5.13863898549816e-06,0.7745946731632184
0.00013664962642548172,0.08469890754063417,8.413893825037448e-06,2.937779482293188
0.00013673155066194783,0.08464815924372544,5.590126077221375e-06,2.9173303994345594
0.00013681347489841395,0.08459747172322023,3.62389625684829e-06,-2.9403050488631495
0.00013689539913488006,0.08454684487000466,4.993998329742877e-06,2.270769620424942
0.00013697732337134618,0.08449627857522594,7.5455065390828205e-06,3.012178318622442
0.0001370592476078123,0.08444577273029155,4.02529085661093e-06,2.278046108571234
0.0001371411718442784,0.08439532722686845,6.3472657122946806e-06,2.914147727520359
0.00013722309608074453,0.08434494195688225,5.901098209317607e-06,2.871183106140579
0.00013730502031721064,0.08429461681251657,7.149658713410914e-06,-2.27834582961044
0.00013738694455367676,0.08424435168621215,5.827759408120304e-06,2.304648770544002
0.00013746886879014287,0.08419414647066614,3.4585342654946114e-06,2.523661443795557
0.000137550793026609,0.08414400105883131,9.968868401570253e-06,-2.8541978930016083
0.0001376327172630751,0.08409391534391535,3.5805334711110107e-06,-2.3848610060711897
0.00013771464149954122,0.08404388921938,6.698031807403659e-06,2.8221291227401584
0.00013779656573600734,0.08399392257894041,8.263415340983505e-06,-2.9072127812661406
0.00013787848997247345,0.08394401531656434,6.596143532493671e-06,3.12120365896441
0.00013796041420893957,0.08389416732647137,9.991200375701212e-07,-2.9911616461071806
0.00013804233844540568,0.08384437850313221,6.945376272856826e-06,-1.8586896758182911
0.0001381242626818718,0.08379464874126796,9.18027135750054e-06,2.4945429170203526
0.00013820618691833792,0.08374497793584931,8.621347766128368e-06,2.8802786966725544
0.00013828811115480403,0.08369536598209584,5.614964246607421e-07,-2.066372209059144
0.00013837003539127015,0.08364581277547531,6.773538531904575e-06,2.6603577239276732
0.00013845195962773626,0.08359631821170282,4.538520520758604e-06,-2.5046986456710068
0.00013853388386420238,0.08354688218674027,5.784731693082131e-06,-2.9094213083841294
0.0001386158081006685,0.08349750459679538,6.449184235556728e-06,-1.247518983041653
0.0001386977323371346,0.0834481853383212,4.800353448569697e-06,-2.9094677263584727
0.00013877965657360073,0.08339892430801522,1.276422286971641e-05,-2.5623074991740293
0.00013886158081006684,0.08334972140281875,9.806428910545758e-06,-2.7910238343357863
0.00013894350504653296,0.08330057651991614,6.306391018612135e-06,2.9858561989448997
0.0001390254292829991,0.08325148955673409,5.505679208089442e-06,1.917407936448631
0.00013910735351946522,0.08320246041094097,6.651144573653761e-06,2.761754175577009
0.00013918927775593133,0.083153488980446,5.8848043997576646e-06,-1.5657749969377224
0.00013927120199239745,0.08310457516339868,2.8529920014122223e-06,-1.839417314064621
0.00013935312622886356,0.083055718858188,5.39322879651474e-06,-0.10764411639416575
0.00013943505046532968,0.08300691996344169,6.226603044274704e-06,3.1032864397607414
0.0001395169747017958,0.0829581783780257,1.0901806929531486e-06,2.8895233611477398
0.0001395988989382619,0.08290949400104329,5.186080547487724e-06,2.885043738342691
0.00013968082317472803,0.08286086673183446,1.0810440095683688e-05,3.0000653509716613
0.00013976274741119414,0.08281229646997525,5.245414214615644e-06,-0.1194735123417656
0.00013984467164766026,0.08276378311527695,4.78331391182081e-06,-2.033972581371755
0.00013992659588412637,0.08271532656778557,4.5159083801139765e-06,3.0030334753725136
0.0001400085201205925,0.08266692672778102,4.135320142929738e-06,1.9639414869349239
0.0001400904443570586,0.08261858349577647,7.006672562424025e-06,2.614256421718133
0.00014017236859352472,0.08257029677251769,4.620590418447448e-06,3.00815455162444
0.00014025429282999084,0.08252206645898234,5.749403840543562e-06,1.8280969198435604
0.00014033621706645695,0.08247389245637932,3.8083485756442983e-06,2.9059031858533895
0.00014041814130292307,0.08242577466614806,1.0408110661249698e-05,3.023788431167026
0.00014050006553938918,0.08237771298995789,2.1908198714268005e-06,1.3094852203943994
0.0001405819897758553,0.08232970732970733,1.95779266697511e-06,-2.096017085565291
0.00014066391401232141,0.08228175758752346,3.2038977344713903e-06,2.432252293914602
0.00014074583824878753,0.08223386366576121,5.114450378780871e-06,-2.188164578190045
0.00014082776248525365,0.08218602546700278,2.4915824950459957e-06,2.2350833404396586
0.00014090968672171976,0.08213824289405684,6.626090950543242e-06,2.6800944436513556
0.00014099161095818588,0.08209051584995802,2.939508476464659e-06,2.204308330023159
0.000141073535194652,0.08204284423796619,2.2870655021820724e-06,-3.1038926167417875
0.0001411554594311181,0.08199522796156573,9.110731927906358e-06,2.148817906257144
0.00014123738366758422,0.08194766692446506,7.565791909693551e-06,3.0991103924594903
0.00014131930790405034,0.08190016103059582,3.035677168237744e-06,-2.206832245306406
0.00014140123214051646,0.08185271018411226,2.942437370812097e-07,-2.903934386251995
0.00014148315637698257,0.08180531428939072,7.997400235021692e-06,-3.1281069308865814
0.0001415650806134487,0.0817579732510288,9.387762100561957e-06,-2.6900391413814093
0.0001416470048499148,0.08171068697384487,3.5852652200645344e-06,-1.7285573849168987
0.00014172892908638092,0.08166345536287732,8.151621288254249e-06,-3.0033880190167825
0.00014181085332284703,0.08161627832338404,9.257716127028404e-06,1.85605688052897
0.00014189277755931315,0.08156915576084167,5.441454983211348e-06,-2.4658981875411197
0.00014197470179577927,0.08152208758094505,5.749276673978315e-06,1.5916915758740324
0.00014205662603224538,0.08147507368960656,5.699404315579504e-06,2.58132163060108
0.0001421385502687115,0.08142811399295549,2.4763775276036486e-06,2.1674098253388174
0.0001422204745051776,0.08138120839733742,7.327872286216785e-06,2.9504953101575646
0.00014230239874164373,0.08133435680931363,3.997971953771584e-06,-1.489399215862211
0.00014238432297810984,0.0812875591356604,3.8846382411215655e-06,-2.4717780837857966
0.00014246624721457596,0.08124081528336848,2.9263886369583436e-06,-2.3050801851933804
0.00014254817145104208,0.0811941251596424,2.1190233756332263e-06,-2.322353806869104
0.0001426300956875082,0.08114748867189993,2.081648878526798e-06,1.9492996508934017
0.0001427120199239743,0.0811009057277714,1.2313616636567047e-07,-2.3727776017178757
0.00014279394416044042,0.08105437623509913,8.340797200636327e-06,-2.822708505706096
0.00014287586839690654,0.0810079001019368,6.947403053627833e-06,-2.8142333454719246
0.00014295779263337265,0.08096147723654887,6.785706425505167e-06,2.805104773300377
0.00014303971686983877,0.08091510754740995,9.31553103409528e-07,2.5679834289030783
0.00014312164110630489,0.08086879094320423,6.87767821013908e-06,2.9424383855447562
0.000143203565342771,0.08082252733282481,3.6609468912773524e-06,-3.0550032972880614
0.00014328548957923712,0.08077631662537323,6.062529857516209e-06,2.478757410494862
0.00014336741381570323,0.08073015873015874,1.0028879085439655e-06,2.195107599805919
0.00014344933805216935,0.08068405355669776,4.229155363770131e-06,-2.009985830766016
0.00014353126228863546,0.08063800101471334,2.3187212190476315e-06,2.4339273508922163
0.00014361318652510158,0.0805920010141345,6.190008749123486e-06,3.0943238706854768
0.0001436951107615677,0.08054605346509566,1.8582086130476867e-06,0.6022952064064451
0.0001437770349980338,0.08050015827793607,7.814423829546147e-06,2.955841412582779
0.00014385895923449993,0.08045431536319919,5.8325048153522605e-06,2.0760960738706307
0.00014394088347096604,0.08040852463163221,3.648953162051408e-06,1.0624736348061348
0.00014402280770743216,0.08036278599418531,1.725957328600527e-06,1.5099210085713775
0.00014410473194389827,0.08031709936201126,5.659608861446773e-06,2.9261099272968356
0.00014418665618036442,0.08027146464646465,1.792858788086798e-06,2.4302822884551154
0.00014426858041683053,0.0802258817591015,8.341638504043261e-06,-2.8866371457527773
0.00014435050465329665,0.08018035061167864,7.032840950782905e-06,0.8298252274605397
0.00014443242888976276,0.08013487111615301,8.135219978109232e-06,2.8201611181628214
0.00014451435312622888,0.08008944318468127,5.565322803784807e-06,2.965831470378977
0.000144596277362695,0.08004406672961913,7.743500445471049e-06,1.9533693302439818
0.0001446782015991611,0.07999874166352082,4.236462923834929e-06,2.51978526978191
0.00014476012583562723,0.07995346789913851,4.820063970477608e-06,2.8915105784796156
0.00014484205007209334,0.07990824534942181,4.5207119609635524e-06,-2.897017746051848
0.00014492397430855946,0.07986307392751711,3.61028430434916e-06,1.098788206443985
0.00014500589854502557,0.0798179535467671,7.283064269895144e-06,2.2416477015410616
0.0001450878227814917,0.07977288412071021,7.93535123690334e-06,-1.384131912941983
0.0001451697470179578,0.07972786556308001,5.067863544765368e-06,3.128968255059757
0.00014525167125442392,0.07968289778780473,3.556596048135121e-06,-2.6705809706610877
0.00014533359549089004,0.07963798070900663,6.900326597788036e-06,-2.921583060888019
0.00014541551972735615,0.07959311424100156,5.8398893483734396e-06,2.740845319187137
0.00014549744396382227,0.07954829829829829,1.3020999700807107e-06,2.0343438992128924
0.00014557936820028838,0.07950353279559808,5.598932691846384e-06,2.8094586046389685
0.0001456612924367545,0.07945881764779403,6.520095298241273e-06,-2.4569419491702917
0.00014574321667322062,0.07941415276997064,3.088695928169395e-06,1.9646789598751007
0.00014582514090968673,0.07936953807740324,7.162358273874783e-06,2.3578545985387054
0.00014590706514615285,0.07932497348555742,6.744509665823918e-06,3.094000247112613
0.00014598898938261896,0.07928045891008854,4.639295101362188e-06,-3.0467787350459945
0.00014607091361908508,0.07923599426684115,4.8139132706632935e-06,1.7886112605404494
0.0001461528378555512,0.07919157947184853,6.2539397007539415e-06,1.5530679241694103
0.0001462347620920173,0.07914721444133209,3.911990670711909e-06,2.9288458076627193
0.00014631668632848343,0.07910289909170087,3.2326258474382528e-06,2.8866885369107442
0.00014639861056494954,0.07905863333955107,3.905405278335727e-06,-2.918525296012549
0.00014648053480141566,0.07901441710166542,3.712380651802362e-06,-2.9913143852892903
0.00014656245903788177,0.07897025029501273,6.169885178701006e-06,-2.9127981261676097
0.0001466443832743479,0.07892613283674736,3.96431777400858e-06,-2.953364968345593
0.000146726307510814,0.07888206464420869,5.679475408967989e-06,-2.746813670328518
0.00014680823174728012,0.07883804563492063,6.980656020365617e-06,-2.6066488730716406
0.00014689015598374624,0.07879407572659106,2.9188972863716258e-06,1.5649944750985796
0.00014697208022021235,0.07875015483711136,6.615176205812653e-06,-3.1048161662867106
0.00014705400445667847,0.07870628288455586,7.832648453450055e-06,2.0357316676918717
0.00014713592869314458,0.0786624597871814,8.032026494187885e-06,2.328849760619322
0.0001472178529296107,0.0786186854634267,4.226350474303204e-06,-2.8739171159226498
0.00014729977716607681,0.078574959831912,1.5140179858912827e-06,2.0100661900847685
0.00014738170140254293,0.07853128281143845,2.3135533431097306e-06,2.322938202115776
0.00014746362563900905,0.07848765432098766,4.981533015942904e-06,2.8631874486129703
0.00014754554987547516,0.07844407427972115,4.9438295464910905e-06,2.4619945451637792
0.00014762747411194128,0.0784005426069799,5.183115554312643e-06,1.9605555404395236
0.0001477093983484074,0.07835705922228385,1.3799794593026212e-06,-2.7370146240237583
0.0001477913225848735,0.07831362404533136,2.032530005006983e-06,1.967764726685657
0.00014787324682133962,0.07827023699599876,3.5132354167473632e-06,-1.177584962204638
0.00014795517105780574,0.07822689799433986,1.3465268993806471e-05,-2.5371791436065543
0.00014803709529427186,0.07818360696058538,5.887564982727178e-06,2.078214985839828
0.00014811901953073797,0.07814036381514257,5.287322102749535e-06,-3.0729302926367272
0.0001482009437672041,0.07809716847859469,8.567299312598028e-06,2.5826138941805237
0.0001482828680036702,0.07805402087170044,4.733256045697014e-06,2.760690344921109
0.00014836479224013632,0.07801092091539358,4.4445786013179766e-06,-2.3342755667093473
0.00014844671647660243,0.07796786853078244,1.0203651152661276e-05,2.8261345193416427
0.00014852864071306855,0.07792486363914936,4.12262623398393e-06,1.8882071473240005
0.00014861056494953467,0.07788190616195027,4.092198933660516e-06,1.7771510861044435
0.00014869248918600078,0.0778389960208142,4.412634296706043e-06,-2.920527507107333
0.0001487744134224669,0.07779613313754284,4.65505032440565e-06,2.3561339274017334
0.000148856337658933,0.07775331743410994,8.395002017625103e-06,2.874864475925511
0.00014893826189539913,0.07771054883266104,6.3432577551823205e-06,-1.5263649068781218
0.00014902018613186524,0.0776678272555128,4.5761875745276705e-06,2.787978881263893
0.00014910211036833136,0.07762515262515263,3.1106795730572912e-06,-2.565746893379469
0.00014918403460479748,0.07758252486423822,5.602694113241727e-06,2.0933376366468806
0.0001492659588412636,0.07753994389559703,2.7902840046521165e-06,-2.2195121542602236
0.0001493478830777297,0.07749740964222589,3.21528091259739e-06,2.2160087219622695
0.00014942980731419582,0.07745492202729046,7.008471092616774e-06,-3.090298797768458
0.00014951173155066197,0.0774124809741248,5.186459089129805e-06,-2.712003802060943
0.00014959365578712808,0.07737008640623098,1.0019360012593654e-05,3.0899172484983586
0.0001496755800235942,0.07732773824727847,2.1704851644451944e-06,2.4165635688529346
0.0001497575042600603,0.0772854364211038,5.635485561079857e-06,-1.5268338978560347
0.00014983942849652643,0.0772431808517101,5.254995376990773e-06,-2.6816311470840946
0.00014992135273299254,0.07720097146326653,8.616357438502325e-06,2.7515828928427752
0.00015000327696945866,0.07715880818010801,2.9804985594311386e-06,2.431756448934275
0.00015008520120592478,0.0771166909267346,2.1025208740902042e-06,-2.787111058342932
0.0001501671254423909,0.07707461962781112,2.2122479120908463e-06,-2.7047763557295372
0.000150249049678857,0.07703259420816672,4.0127258010930165e-06,1.8907429897427166
0.00015033097391532312,0.07699061459279442,5.839454037967825e-06,2.792451061433952
0.00015041289815178924,0.07694868070685063,6.220126342912848e-06,2.6901935575648093
0.00015049482238825535,0.07690679247565475,3.472583382068747e-06,2.6449694096054572
0.00015057674662472147,0.07686494982468867,7.000218915955986e-06,2.5280994450497265
0.00015065867086118759,0.0768231526795964,3.320641301048806e-07,-2.869382410494372
0.0001507405950976537,0.07678140096618356,5.862534851856021e-06,-3.1141714766262836
0.00015082251933411982,0.07673969461041705,7.3857563907445945e-06,-2.7783262538765046
0.00015090444357058593,0.0766980335384244,4.9806394701705455e-06,-2.688042664318547
0.00015098636780705205,0.07665641767649364,2.463118284663034e-06,1.2637674513362158
0.00015106829204351816,0.07661484695107254,4.8523690044469184e-06,-2.8061135978989196
0.00015115021627998428,0.07657332128876844,5.53433205532706e-06,2.934478631394737
0.0001512321405164504,0.07653184061634766,2.1587888017951335e-06,-3.0884724443212295
0.0001513140647529165,0.07649040486073512,2.268670124991623e-06,-2.522664257253291
0.00015139598898938263,0.07644901394901395,6.381662096294609e-06,3.115844987894082
0.00015147791322584874,0.07640766780842496,4.774190123366217e-06,-2.276493447462954
0.00015155983746231486,0.07636636636636637,6.787406875195952e-06,-3.0005172939456437
0.00015164176169878097,0.07632510955039318,3.9004894502548365e-06,-1.8982784682859282
0.0001517236859352471,0.07628389728821694,2.6405716932884993e-06,1.7576306271635198
0.0001518056101717132,0.07624272950770522,6.638726905029975e-06,-2.526752983396453
0.00015188753440817932,0.07620160613688122,1.0180731146460057e-05,2.5303905811480054
0.00015196945864464544,0.07616052710392333,2.1510136787179825e-06,1.3134386349228944
0.00015205138288111155,0.07611949233716475,5.4846297178885554e-06,-2.877811323311921
0.00015213330711757767,0.07607850176509304,3.7829731725925628e-06,2.606804064361322
0.00015221523135404378,0.07603755531634972,6.514188322343775e-06,-2.007807458901471
0.0001522971555905099,0.07599665291972985,2.731055944905858e-06,-2.694690167129344
0.00015237907982697602,0.07595579450418159,1.8261605654651799e-06,-2.9175016527973385
0.00015246100406344213,0.0759149799988059,6.125256229345907e-06,2.418794686885955
0.00015254292829990825,0.07587420933285595,3.581924410679749e-06,2.505587331704786
0.00015262485253637436,0.07583348243573687,1.8829133825579343e-06,2.153675340673598
0.00015270677677284048,0.07579279923700526,7.68467477934356e-06,2.776649702310526
0.0001527887010093066,0.07575215966636879,1.0905032420393655e-06,-2.62235902503561
0.0001528706252457727,0.07571156365368584,7.335671586419047e-06,-2.6345885449513413
0.00015295254948223883,0.07567101112896507,5.113881798620545e-06,-1.8451026618417479
0.00015303447371870494,0.07563050202236497,6.487937676325386e-06,1.8746490680991517
0.00015311639795517106,0.07559003626419357,8.691825571994709e-07,-2.6684737153604265
0.00015319832219163717,0.0755496137849079,2.4752423970393667e-06,-2.7977111840021154
0.0001532802464281033,0.07550923451511372,8.85926233881169e-06,2.6860443991411396
0.0001533621706645694,0.07546889838556504,1.8657963867276737e-06,-1.8268088094304546
0.00015344409490103552,0.07542860532716379,4.3132995418438335e-06,-2.4849278485334385
0.00015352601913750164,0.07538835527095933,6.373438469606459e-06,-2.854411661951107
0.00015360794337396775,0.07534814814814815,7.756462797562336e-06,-3.030346886548791
0.00015368986761043387,0.07530798389007344,2.830495548176026e-06,-2.535872028827896
0.00015377179184689998,0.07526786242822471,1.6080735043879328e-06,-0.6925981115535333
0.0001538537160833661,0.07522778369423737,8.32786887619422e-06,2.6610934941748123
0.00015393564031983221,0.07518774761989237,2.764619956563591e-06,2.487099226768009
0.00015401756455629833,0.07514775413711584,6.47414808060677e-06,2.7387666918357563
0.00015409948879276445,0.07510780317797862,5.869750228051212e-06,-2.9154737517882823
0.00015418141302923056,0.07506789467469595,3.281403593643747e-06,1.394697663152822
0.00015426333726569668,0.07502802855962708,6.441780734001351e-06,2.0822790861834806
0.0001543452615021628,0.07498820476527483,2.6256692293353333e-06,-0.9181195911712056
0.0001544271857386289,0.0749484232242853,1.6789023512242724e-06,-2.6892955721683114
0.00015450910997509502,0.07490868386944739,1.5512075278322554e-06,-2.3238824971579244
0.00015459103421156114,0.07486898663369251,4.118370866426181e-06,2.8664501346370774
0.00015467295844802728,0.07482933145009414,5.479430584195052e-06,-1.9601279877545674
0.0001547548826844934,0.07478971825186753,6.483989790413227e-06,-2.2549313810082023
0.00015483680692095951,0.07475014697236919,5.311609685475963e-06,-3.075804277475245
0.00015491873115742563,0.07471061754509664,3.877021273862231e-06,2.884391820309802
0.00015500065539389175,0.07467112990368804,5.297375453609766e-06,3.1351113458872897
0.00015508257963035786,0.0746316839819217,1.8070963057135832e-06,2.912281886434204
0.00015516450386682398,0.07459227971371582,7.780024917049064e-06,-2.835811246174118
0.0001552464281032901,0.07455291703312811,5.528703329528975e-06,3.0054260935361303
0.0001553283523397562,0.07451359587435535,3.1992641128389762e-06,2.5069093795800717
0.00015541027657622232,0.07447431617173314,2.600092995819109e-06,2.874435999838642
0.00015549220081268844,0.07443507785973538,2.195521956388092e-06,2.914258628493141
0.00015557412504915456,0.07439588087297407,6.469059581236292e-06,2.8362592981104378
0.00015565604928562067,0.07435672514619883,2.037640584085576e-06,-0.8448630194808121
0.0001557379735220868,0.07431761061429656,8.084709428429655e-06,2.932750855483051
0.0001558198977585529,0.07427853721229115,6.311040302331804e-06,3.068650104413826
0.00015590182199501902,0.07423950487534302,2.3459252926636957e-06,-2.9231903680761473
0.00015598374623148513,0.07420051353874883,5.593569415462642e-06,3.1250269917464837
0.00015606567046795125,0.07416156313794108,2.7569901334325845e-06,1.797707762825802
0.00015614759470441737,0.07412265360848781,1.9984136661012166e-06,1.2368544053633916
0.00015622951894088348,0.07408378488609217,1.003907379530809e-05,-2.6615859212295043
0.0001563114431773496,0.07404495690659213,5.4784469125592135e-06,-3.0306531326893804
0.0001563933674138157,0.07400616960596007,2.546668592853513e-06,2.8627099094803974
0.00015647529165028183,0.0739674229203025,2.857724213210663e-06,-2.2622449948134964
0.00015655721588674794,0.07392871678585963,3.3175882428989177e-06,2.9949693569547446
0.00015663914012321406,0.07389005113900511,2.4666379245198175e-06,-2.8934128237960293
0.00015672106435968018,0.07385142591624556,2.8321154808252902e-06,2.7679481508330186
0.0001568029885961463,0.07381284105422037,3.3603149684739072e-06,2.993053936086275
0.0001568849128326124,0.07377429648970119,9.783667995677584e-06,2.594685817431352
0.00015696683706907852,0.07373579215959174,2.4215509291938024e-06,2.9404588156981926
0.00015704876130554464,0.07369732800092736,2.097264467625391e-06,-3.0929500156223453
0.00015713068554201075,0.07365890395087475,1.0011539710506809e-05,-2.948399182141953
0.00015721260977847687,0.07362051994673151,1.3733706614742582e-06,1.2868861639409588
0.00015729453401494299,0.07358217592592593,2.788560090152332e-06,-2.6681248850103283
0.0001573764582514091,0.07354387182601654,4.006699306312693e-06,1.5219261641068216
0.00015745838248787522,0.07350560758469186,3.7107598717829222e-06,-2.789907750233948
0.00015754030672434133,0.07346738313977004,4.387596735959e-06,2.8395944261676935
0.00015762223096080745,0.07342919842919843,8.444741304379763e-06,2.757089851889388
0.00015770415519727356,0.0733910533910534,8.087460607847925e-06,2.7625264143956616
0.00015778607943373968,0.07335294796353986,3.232672152448285e-06,2.6392347079310086
0.0001578680036702058,0.07331488208499107,6.342067956399841e-06,-2.4608648290688593
0.0001579499279066719,0.07327685569386815,5.2304518549544894e-06,2.7394305018674414
0.00015803185214313803,0.07323886872875986,3.1319252204060113e-06,2.5202738741618935
0.00015811377637960414,0.07320092112838227,7.248043277462288e-06,-2.84111963453128
0.00015819570061607026,0.07316301283157835,6.1553902327620075e-06,2.498669764511881
0.00015827762485253637,0.0731251437773177,4.381021097065051e-06,3.0030250091703383
0.0001583595490890025,0.07308731390469621,5.381958629971157e-06,1.7997185146953905
0.0001584414733254686,0.07304952315293577,6.132215499885038e-06,-2.6770511897521443
0.00015852339756193472,0.07301177146138386,8.019895297587675e-07,1.3863085836520486
0.00015860532179840084,0.07297405876951332,2.933388906863102e-06,2.593817583564167
0.00015868724603486695,0.07293638501692193,5.836936222617984e-06,2.6845978697130475
0.00015876917027133307,0.07289875014333219,5.8423942954066575e-06,2.618105237222704
0.00015885109450779918,0.07286115408859091,5.168453482625296e-06,-1.7818942618039584
0.0001589330187442653,0.07282359679266896,1.1396476478724833e-06,1.7504753214593953
0.00015901494298073142,0.0727860781956609,6.624059368438334e-06,-2.76816935393193
0.00015909686721719753,0.07274859823778465,5.391107219297145e-06,2.430491968305581
0.00015917879145366365,0.07271115685938126,4.858582674992067e-06,3.112984216725927
0.00015926071569012976,0.0726737540009145,6.4367472106938755e-06,-2.631388587373821
0.00015934263992659588,0.07263638960297059,4.361265619552026e-06,2.3567274840761625
0.000159424564163062,0.07259906360625785,3.602879962271865e-06,-2.9605099476721475
0.0001595064883995281,0.07256177595160646,8.150029683433205e-06,-2.907579627806034
0.00015958841263599423,0.07252452657996805,5.330180583412149e-06,-2.316895930084727
0.00015967033687246034,0.07248731543241549,3.7780414219872625e-06,2.6777920097550605
0.00015975226110892646,0.07245014245014245,4.629257383574164e-06,2.735321743625791
0.00015983418534539257,0.07241300757446324,1.4453261497400887e-05,3.130655428249014
0.0001599161095818587,0.07237591074681239,5.975602417813226e-06,1.8330936132985967
0.00015999803381832483,0.07233885190874438,6.286684279176188e-07,0.6058727907109018
0.00016007995805479095,0.07230183100193335,2.180056077219608e-06,-2.949511937212597
0.00016016188229125706,0.07226484796817277,3.896537509403414e-06,-2.3137159285067717
0.00016024380652772318,0.07222790274937514,5.150261500329608e-06,2.7807055922889177
0.0001603257307641893,0.07219099528757167,1.5406377220914693e-06,-1.695563393162516
0.0001604076550006554,0.07215412552491203,5.854756028740903e-06,-2.294221220131685
0.00016048957923712153,0.072117293403664,1.6959393340895275e-06,-2.5385735458947343
0.00016057150347358764,0.07208049886621314,6.189313076107348e-06,3.04368755513936
0.00016065342771005376,0.0720437418550626,1.3595874571640101e-06,1.7795342159784084
0.00016073535194651987,0.07200702231283271,4.857434092902708e-06,-2.481637565349859
0.000160817276182986,0.0719703401822607,4.376742418044062e-06,-2.784893944221304
0.0001608992004194521,0.0719336954062005,5.593772547471883e-06,-1.9750592439433494
0.00016098112465591822,0.07189708792762227,5.037472151952884e-06,-2.0727541329910197
0.00016106304889238434,0.0718605176896123,9.891801652017257e-06,2.721614248891018
0.00016114497312885045,0.07182398463537253,2.1315095500385078e-06,2.0654748993422203
0.00016122689736531657,0.07178748870822041,7.146528372486261e-06,-2.7340239810695945
0.00016130882160178268,0.0717510298515885,6.381151651236285e-06,2.8308947440227286
0.0001613907458382488,0.07171460800902424,1.5003814062458055e-06,0.45583205412615807
0.00016147267007471491,0.07167822312418964,1.726861468812114e-06,-2.680845538456101
0.00016155459431118103,0.07164187514086094,1.0657565919284175e-05,2.964123046297758
0.00016163651854764715,0.07160556400292842,1.872504812759894e-06,2.768025136759297
0.00016171844278411326,0.07156928965439603,5.876948888533741e-06,3.1079522819672056
0.00016180036702057938,0.07153305203938115,3.365030563004664e-06,-2.6559863216504436
0.0001618822912570455,0.07149685110211426,9.405159721904408e-06,2.210099425218036
0.0001619642154935116,0.07146068678693869,8.936465621116058e-06,-2.442608008434268
0.00016204613972997772,0.0714245590383103,3.6814410129382518e-06,-2.3928193816932204
0.00016212806396644384,0.07138846780079726,8.147409640616184e-06,-3.0743540756235257
0.00016220998820290996,0.07135241301907969,1.4039942564398692e-06,0.6701472979822156
0.00016229191243937607,0.0713163946379494,1.3860928345993332e-06,-1.3909645836154154
0.0001623738366758422,0.07128041260230968,1.1492007875125345e-06,-2.7596126618835495
0.0001624557609123083,0.07124446685717487,6.582526335995272e-06,2.6194862594426818
0.00016253768514877442,0.07120855734767025,3.5740312175791457e-06,2.4360446802557325
0.00016261960938524053,0.07117268401903162,7.44242127020723e-06,-2.9994020893563147
0.00016270153362170665,0.07113684681660512,5.663362233689793e-06,2.657788124164056
0.00016278345785817277,0.0711010456858469,2.5776678034832485e-06,2.1176551216473642
0.00016286538209463888,0.07106528057232282,3.644008338640948e-06,-2.724850462614968
0.000162947306331105,0.07102955142170829,4.173167316741271e-06,-2.658996646286805
0.0001630292305675711,0.07099385817978783,5.4791639088183125e-06,2.4509249556221357
0.00016311115480403723,0.07095820079245493,3.887385083623434e-06,-2.3807234018820154
0.00016319307904050334,0.07092257920571174,5.6621263566134076e-06,3.021330553634435
0.00016327500327696946,0.07088699336566873,9.401915482441703e-06,-2.751714059328827
0.00016335692751343558,0.07085144321854453,4.952354620444058e-06,2.705924726666272
0.0001634388517499017,0.07081592871066555,3.5636442319996044e-06,3.0678118385320166
0.0001635207759863678,0.07078044978846582,1.6946114266773468e-06,3.0590564717994972
0.00016360270022283392,0.07074500639848662,3.1326771201973656e-06,2.2045877977065875
0.00016368462445930004,0.07070959848737626,5.2305748644470325e-06,3.114983602011542
0.00016376654869576615,0.07067422600188983,7.909863021539066e-06,2.789225386597691
0.00016384847293223227,0.07063888888888889,4.692383298712818e-06,2.1732369048091638
0.00016393039716869839,0.07060358709534122,4.9113554236759245e-06,2.9775114854505293
0.0001640123214051645,0.07056832056832057,4.036369962678712e-06,-1.6847265298734009
0.00016409424564163062,0.07053308925500637,5.0793542986977765e-06,-2.351508191856947
0.00016417616987809673,0.07049789310268352,6.281387525538685e-07,2.321587865601241
0.00016425809411456285,0.07046273205874204,3.136843920225522e-06,-2.554662330383198
0.00016434001835102896,0.07042760607067686,6.5027474769169634e-06,2.5904983099403767
0.00016442194258749508,0.07039251508608758,2.3699508374276784e-06,-2.774344122927775
0.0001645038668239612,0.07035745905267818,3.1936459056721602e-06,2.6045855649990943
0.0001645857910604273,0.07032243791825674,5.1660806652650544e-06,-1.2726085547212203
0.00016466771529689343,0.07028745163073521,4.365554374221264e-06,-2.439458825570457
0.00016474963953335954,0.07025250013812918,6.50361252585266e-06,2.59780368344607
0.00016483156376982566,0.07021758338855755,6.969351738822627e-06,3.107978685268847
0.00016491348800629177,0.07018270133024232,5.652132438836537e-06,2.7912089448693185
0.0001649954122427579,0.07014785391150834,3.2597405936272983e-06,2.380338306326362
0.000165077336479224,0.07011304108078302,3.1822971939083872e-06,0.8011222944406344
0.00016515926071569015,0.07007826278659611,4.646280061506134e-06,-1.3212674942403977
0.00016524118495215626,0.07004351897757946,7.12128936009546e-06,2.470887928115128
0.00016532310918862238,0.07000880960246668,4.511591967336839e-07,-0.9757289277758452
0.0001654050334250885,0.069974134610093,1.4362593678835032e-06,-1.9769075374353684
0.0001654869576615546,0.06993949394939493,7.84643417750287e-06,2.504812644798609
0.00016556888189802073,0.06990488756941007,4.463728856325493e-06,3.0959891481815007
0.00016565080613448684,0.06987031541927684,9.663087087364857e-06,-2.903564595668008
0.00016573273037095296,0.06983577744823419,2.794419869836495e-06,-2.6546874936134026
0.00016581465460741907,0.06980127360562143,2.137971537443552e-06,-0.7330794359749049
0.0001658965788438852,0.06976680384087791,1.8868687917416875e-06,2.587572067009012
0.0001659785030803513,0.06973236810354283,5.092236826964448e-06,2.906663829223646
0.00016606042731681742,0.06969796634325494,7.83182002303706e-06,2.9955898800800824
0.00016614235155328354,0.06966359850975236,5.268754504297544e-06,2.6850690699879207
0.00016622427578974965,0.06962926455287224,4.407786643858029e-06,2.6647813145076094
0.00016630620002621577,0.06959496442255063,4.9860400840244135e-06,-2.9380518086976855
0.00016638812426268188,0.06956069806882213,2.221918644177794e-06,2.739895257037416
0.000166470048499148,0.06952646544181977,2.4927392198640167e-06,-2.6527423290181003
0.00016655197273561412,0.0694922664917746,3.9508962004329214e-06,3.083885671339182
0.00016663389697208023,0.06945810116901563,3.4532468026198803e-06,2.654979472992852
0.00016671582120854635,0.06942396942396942,4.753779049513036e-06,1.6395942137344068
0.00016679774544501246,0.06938987120716,5.596950523245107e-06,2.5385836570474085
0.00016687966968147858,0.06935580646920853,6.011117696656664e-06,-2.3248812361162203
0.0001669615939179447,0.06932177516083306,5.112260071225823e-06,-2.9773048922674983
0.0001670435181544108,0.06928777723284835,4.899755017973089e-06,-2.6745552828037447
0.00016712544239087693,0.06925381263616558,2.4977016126356666e-06,2.9805519421800244
0.00016720736662734304,0.06921988132179215,7.360149073799212e-06,2.626230320286568
0.00016728929086380916,0.06918598324083143,4.606127565631637e-06,1.72626849981779
0.00016737121510027527,0.06915211834448251,1.4458386969082274e-06,-2.957323975961261
0.0001674531393367414,0.06911828658404001,1.6754252748842648e-06,2.586812310477029
0.0001675350635732075,0.06908448791089378,8.024877406823056e-06,2.2017916592217484
0.00016761698780967362,0.06905072227652873,4.701445180344821e-06,2.247250210658731
0.00016769891204613974,0.06901698963252456,1.4772594881566177e-06,2.9629674442113982
0.00016778083628260585,0.06898328993055555,1.0903020367080537e-05,2.794077031253649
0.00016786276051907197,0.06894962312239032,1.099335613965776e-06,3.014417141905311
0.00016794468475553808,0.0689159891598916,4.158437267071431e-06,2.290908906013109
0.0001680266089920042,0.06888238799501598,3.0624519172506293e-06,3.136062144909966
0.00016810853322847031,0.06884881957981373,4.818004972059365e-06,2.687469696826043
0.00016819045746493643,0.06881528386642853,5.8306790816141825e-06,2.1035859735431703
0.00016827238170140255,0.06878178080709726,1.516269867824456e-06,-0.7374539029743158
0.00016835430593786866,0.06874831035414977,3.7105066962284554e-06,-2.905288997442581
0.00016843623017433478,0.06871487246000865,7.336749757007971e-07,0.10632354526338923
0.0001685181544108009,0.068681467077189,1.5772668189667863e-06,-2.843044180728962
0.000168600078647267,0.06864809415829824,4.947250177640092e-06,-2.1553421521013174
0.00016868200288373312,0.06861475365603582,4.729811581961994e-06,1.3491033978816143
0.00016876392712019924,0.06858144552319309,8.675484987415067e-06,3.0681282176735074
0.00016884585135666536,0.06854816971265297,2.195784520554364e-06,-2.522302881067339
0.00016892777559313147,0.0685149261773898,4.747822928323894e-06,2.4511553784082207
0.0001690096998295976,0.06848171487046911,3.6095738360389606e-06,-1.9374871296864382
0.0001690916240660637,0.06844853574504738,7.633061901213067e-06,2.5211856212945425
0.00016917354830252982,0.06841538875437181,4.55832649411194e-06,2.0635845023771395
0.00016925547253899593,0.06838227385178014,4.076794682164151e-06,3.123027968413816
0.00016933739677546205,0.06834919099070043,4.5616148465069665e-06,-3.1182709738336616
0.00016941932101192817,0.06831614012465076,2.1934841313111537e-06,2.8816138181559614
0.00016950124524839428,0.06828312120723914,5.916343959273344e-06,-2.875280245343883
0.0001695831694848604,0.06825013419216318,7.818788468427354e-06,-2.8676814429974167
0.0001696650937213265,0.06821717903320994,5.611349521449677e-06,1.6934659142597994
0.00016974701795779263,0.06818425568425568,5.588463078967813e-06,-2.8346606342878706
0.00016982894219425874,0.0681513640992657,1.567244597331181e-06,-2.489668247158638
0.00016991086643072486,0.06811850423229401,5.059691586005237e-06,2.454444652766678
0.00016999279066719098,0.06808567603748326,4.2657093748387185e-06,3.024014721662307
0.0001700747149036571,0.06805287946906444,4.027353683541995e-06,-3.1244183111184216
0.0001701566391401232,0.06802011448135666,1.8274160911852062e-06,2.0449540235766164
0.00017023856337658932,0.06798738102876697,6.591522576657712e-06,2.591740531197418
0.00017032048761305544,0.06795467906579018,5.049235931885232e-06,2.2899605514636674
0.00017040241184952155,0.06792200854700856,5.095262146667443e-06,2.8189347095249686
0.0001704843360859877,0.06788936942709167,4.589851489672196e-06,-3.0101831878420957
0.0001705662603224538,0.06785676166079624,3.3617254471969746e-06,2.5974609058256743
0.00017064818455891993,0.0678241852029658,3.2010403914371584e-06,-2.5592108185082205
0.00017073010879538604,0.0677916400085306,5.694041906101609e-06,2.983407077069784
0.00017081203303185216,0.06775912603250732,4.494520007033e-07,-3.088394588775749
0.00017089395726831828,0.06772664322999893,4.983710484454597e-06,-2.619178785190495
0.0001709758815047844,0.06769419155619442,5.0760816636706795e-06,3.1073949164354033
0.0001710578057412505,0.06766177096636866,3.573829963442317e-06,2.8548254596380356
0.00017113972997771662,0.06762938141588212,9.988500566326726e-06,-2.9933916351009544
0.00017122165421418274,0.06759702286018075,5.2453739851865105e-06,3.1300340072307637
0.00017130357845064885,0.06756469525479568,2.3908160151424195e-06,-2.8186410607822667
0.00017138550268711497,0.0675323985553431,3.963171308337431e-06,2.4529253153400563
0.00017146742692358109,0.06750013271752402,2.417782593535396e-06,-2.6415488367743216
0.0001715493511600472,0.06746789769712405,1.5053788144310845e-06,-2.050731860258392
0.00017163127539651332,0.06743569345001325,6.645801565718437e-06,-3.0115463675858307
0.00017171319963297943,0.06740351993214588,1.954650806394587e-06,1.8833885198379903
0.00017179512386944555,0.06737137709956022,4.3772998748911834e-06,2.5373459176954425
0.00017187704810591166,0.06733926490837834,8.119917559325247e-06,-3.041397479280979
0.00017195897234237778,0.06730718331480598,4.748317594556745e-06,2.2809912339305067
0.0001720408965788439,0.06727513227513228,6.1273325332330306e-06,-3.0693504605061235
0.00017212282081531,0.06724311174572954,4.675030933913757e-06,2.2424890446958186
0.00017220474505177613,0.06721112168305318,2.929688260739403e-06,1.5628198445020933
0.00017228666928824224,0.06717916204364136,1.1726412392456038e-06,1.2671509611681102
0.00017236859352470836,0.06714723278411491,3.828214582280014e-06,-2.493963723260449
0.00017245051776117447,0.06711533386117709,6.533758292004188e-06,2.859794349930793
0.0001725324419976406,0.06708346523161338,4.9417337983577076e-06,1.983189704882399
0.0001726143662341067,0.0670516268522913,4.4020892569690774e-06,2.9286261930056154
0.00017269629047057282,0.06701981868016023,2.0420627881015216e-06,1.6715605680393806
0.00017277821470703894,0.0669880406722512,7.664144732928607e-06,3.0763795124465396
0.00017286013894350505,0.06695629278567666,4.0093297892920005e-06,2.459651270265526
0.00017294206317997117,0.0669245749776304,5.5427164338637865e-06,2.8220077643552495
0.00017302398741643728,0.0668928872053872,9.086722949305483e-06,-3.048402177753808
0.0001731059116529034,0.06686122942630278,3.2563993943935696e-06,2.9069099068564763
0.00017318783588936952,0.06682960159781351,1.1675070703791116e-05,-2.7918213407662256
0.00017326976012583563,0.0667980036774363,7.527109889062421e-06,2.3624247501784006
0.00017335168436230175,0.06676643562276832,6.160507136898159e-06,2.366460494387256
0.00017343360859876786,0.0667348973914869,1.9598345341173564e-06,-1.7854212711593582
0.00017351553283523398,0.06670338894134928,8.629465704512866e-06,2.694552486979627
0.0001735974570717001,0.06667191023019244,6.865150913030249e-06,-2.2820449170109502
0.0001736793813081662,0.06664046121593292,6.131449947064508e-06,2.8586630295279183
0.00017376130554463233,0.0666090418565666,4.4057974218554e-06,-2.7076422931311233
0.00017384322978109844,0.0665776521101686,1.1248777830301408e-06,1.1474467718351749
0.00017392515401756456,0.06654629193489298,2.511201450241262e-06,2.4094222573702235
0.00017400707825403067,0.0665149612889726,3.930073793827584e-06,-3.0420869132760564
0.0001740890024904968,0.06648366013071895,6.388937873905948e-06,2.422449322523013
0.0001741709267269629,0.06645238841852201,5.899328775961591e-06,2.4442529208423966
0.00017425285096342902,0.06642114611084991,4.491328142876291e-06,2.7363354958556774
0.00017433477519989514,0.06638993316624896,8.096198362978046e-06,2.645175642420359
0.00017441669943636125,0.06635874954334325,5.430825416973241e-06,-2.7963346992317835
0.00017449862367282737,0.06632759520083464,5.090844042168272e-06,-2.9951630464724417
0.00017458054790929348,0.06629647009750247,5.5423874772393265e-06,3.0929396085202074
0.0001746624721457596,0.06626537419220346,4.1842822302021715e-06,1.8444047030491815
0.00017474439638222571,0.06623430744387143,3.6977784537280456e-06,2.491666329188434
0.00017482632061869183,0.06620326981151724,2.6139911428790276e-06,-2.1215423793317076
0.00017490824485515795,0.06617226125422847,8.015292532090848e-07,2.60902687716133
0.00017499016909162406,0.06614128173116937,3.637763887860652e-06,-2.2889733968271426
0.00017507209332809018,0.06611033120158062,8.714826755772695e-06,-2.421066385543273
0.0001751540175645563,0.06607940962477914,4.466765588589162e-06,-2.1507780939938383
0.0001752359418010224,0.06604851696015791,3.0964924408109566e-07,-1.1953854429066308
0.00017531786603748852,0.06601765316718587,6.1636232687320904e-06,-2.300601791360486
0.00017539979027395464,0.06598681820540765,4.102886643755414e-06,2.7501520549768923
0.00017548171451042076,0.06595601203444341,6.283264381148609e-06,-2.8805502089589052
0.00017556363874688687,0.06592523461398869,4.529289702185475e-06,-2.97545307735648
0.00017564556298335301,0.06589448590381425,5.69828306712071e-06,-3.0627383749923682
0.00017572748721981913,0.06586376586376586,5.22159242794398e-06,-1.5566761811268879
0.00017580941145628525,0.0658330744537641,6.094573411635249e-06,2.5646003585101247
0.00017589133569275136,0.06580241163380426,1.4505947410318338e-06,2.4782110424932817
0.00017597325992921748,0.06577177736395613,1.3616415114359066e-06,-0.8188655123353966
0.0001760551841656836,0.06574117160436378,3.1553833018719135e-06,1.0600532116985169
0.0001761371084021497,0.06571059431524548,7.173777700716671e-06,2.164754165811679
0.00017621903263861582,0.06568004545689343,5.267841043456776e-06,2.841898603276258
0.00017630095687508194,0.06564952498967369,1.7975130230680153e-06,2.973845067163525
0.00017638288111154806,0.0656190328740259,6.090390808185986e-06,-2.525885849005284
0.00017646480534801417,0.06558856907046322,4.823667983499599e-06,2.733219251825222
0.0001765467295844803,0.06555813353957206,3.0966008012400068e-06,2.430051599774848
0.0001766286538209464,0.06552772624201196,3.7026618446557265e-06,2.972612031394056
0.00017671057805741252,0.06549734713851542,6.470064088205188e-06,-2.8974433856336455
0.00017679250229387863,0.06546699618988774,5.334251303277634e-06,2.66928982644748
0.00017687442653034475,0.06543667335700684,5.5573211231762055e-06,-2.0013321412580063
0.00017695635076681087,0.06540637860082303,8.04796008872559e-06,-2.976778582379019
0.00017703827500327698,0.06537611188235899,3.450012461880225e-06,2.805656875387908
0.0001771201992397431,0.06534587316270941,3.88349501442145e-06,2.4909790674482766
0.0001772021234762092,0.06531566240304104,5.718762136510699e-06,3.0986538841352265
0.00017728404771267533,0.06528547956459231,4.6100511605784574e-06,-1.8969985478573144
0.00017736597194914144,0.06525532460867334,2.9914526844327923e-06,3.001823751079393
0.00017744789618560756,0.06522519749666564,5.129400731616295e-06,-2.593676646025697
0.00017752982042207368,0.06519509819002205,3.9941858986414785e-06,2.141915573554725
0.0001776117446585398,0.0651650266502665,2.739231886450169e-06,-2.9934420550113265
0.0001776936688950059,0.0651349828389939,3.948305280829605e-06,3.0581993474460494
0.00017777559313147202,0.06510496671786994,4.706171451941855e-06,-2.961742008052307
0.00017785751736793814,0.06507497824863094,6.525626666504381e-06,3.101225295932957
0.00017793944160440425,0.06504501739308369,7.196890330896424e-06,2.899566443133437
0.00017802136584087037,0.06501508411310528,4.55688518299046e-06,-2.920310724627403
0.00017810329007733649,0.06498517837064295,5.982240525926312e-06,2.4643669940516104
0.0001781852143138026,0.06495530012771392,4.212587592946777e-06,-2.7816695938844935
0.00017826713855026872,0.06492544934640523,5.6368131022457965e-06,2.8895814075064807
0.00017834906278673483,0.06489562598887358,5.297620464590384e-06,2.117564768970315
0.00017843098702320095,0.06486583001734517,5.093357166799003e-06,-2.4131480319092904
0.00017851291125966706,0.06483606139411555,6.718626002586577e-06,2.2020809519115856
0.00017859483549613318,0.06480632008154943,2.136071497647305e-06,2.808468351781269
0.0001786767597325993,0.06477660604208059,4.3577431609525416e-06,-2.9977821444348463
0.0001787586839690654,0.06474691923821163,2.4085410075067935e-06,-2.7813072111450916
0.00017884060820553153,0.06471725963251387,6.608409041708613e-06,-2.5018339108717904
0.00017892253244199764,0.06468762718762719,5.509262821771052e-06,2.815302996533851
0.00017900445667846376,0.06465802186625985,1.5877884589696644e-06,-2.358553442370835
0.00017908638091492987,0.06462844363118837,1.6211315939511237e-06,2.6990819763669633
0.000179168305151396,0.06459889244525732,5.590721087442159e-06,-2.2853527004608116
0.0001792502293878621,0.06456936827137924,5.255651216571916e-06,-2.423688383411347
0.00017933215362432822,0.0645398710725344,2.206856249111886e-06,-2.796003912345757
0.00017941407786079434,0.06451040081177067,5.2739991991487246e-06,3.0745763098643795
0.00017949600209726045,0.06448095745220346,8.585603980782837e-06,2.9738607916888298
0.00017957792633372657,0.06445154095701541,1.1932962353064142e-06,0.1413179715871255
0.00017965985057019268,0.06442215128945634,5.073781067286364e-06,2.7006094404172614
0.0001797417748066588,0.06439278841284311,6.517938769856814e-06,2.976056486341393
0.00017982369904312492,0.06436345229055936,3.4001586985655554e-06,2.1462949843547356
0.00017990562327959103,0.06433414288605545,6.070087177445199e-06,-2.1857976925786007
0.00017998754751605715,0.06430486016284832,1.4085275254485458e-06,-1.842597857789153
0.00018006947175252326,0.06427560408452128,3.740190502161984e-06,2.6068757745488558
0.00018015139598898938,0.06424637461472386,2.582313705543862e-06,0.8801744811380884
0.0001802333202254555,0.06421717171717173,6.639033209393443e-06,2.3242157903095517
0.0001803152444619216,0.06418799535564643,3.874154382749713e-06,-2.839214844041141
0.00018039716869838773,0.06415884549399536,9.728438278115591e-06,2.1209610044153484
0.00018047909293485384,0.06412972209613153,6.094035872167814e-06,-2.4207490357312778
0.00018056101717131996,0.06410062512603348,5.0934595980847344e-06,2.7394381786681348
0.00018064294140778607,0.06407155454774502,5.8800609375508635e-06,-2.790034792585656
0.0001807248656442522,0.06404251032537524,3.789013384392296e-06,2.703630718556793
0.0001808067898807183,0.06401349242309823,6.087207868341425e-06,-2.88447538916485
0.00018088871411718442,0.06398450080515299,1.5114349868452636e-06,2.524469864680881
0.00018097063835365056,0.06395553543584326,5.627214248856598e-06,2.696364330187377
0.00018105256259011668,0.06392659627953745,5.283722215168868e-06,2.780268024197979
0.0001811344868265828,0.06389768330066836,3.3967248424220623e-06,-3.1210921814083954
0.0001812164110630489,0.06386879646373317,2.8865389000646226e-06,2.038119109398761
0.00018129833529951503,0.06383993573329316,4.204927806828242e-06,2.686577993014008
0.00018138025953598114,0.0638111010739737,7.440985822912217e-06,3.107600694751113
0.00018146218377244726,0.063782292450464,3.478541572072526e-06,-1.8055538716836066
0.00018154410800891337,0.06375350982751704,2.4364420111487387e-06,-3.0881652604094607
0.0001816260322453795,0.06372475316994937,1.9454433929339088e-06,-2.675628756220481
0.0001817079564818456,0.06369602244264101,1.5497777224574048e-07,-2.117329282986034
0.00018178988071831172,0.06366731761053528,7.126637518237037e-06,-3.092112335659087
0.00018187180495477784,0.06363863863863864,3.550910507256154e-06,-2.3851248870608748
0.00018195372919124395,0.0636099854920206,5.947814382100081e-06,2.9949273652354695
0.00018203565342771007,0.06358135813581359,2.324399973920573e-06,-3.104295805427179
0.00018211757766417618,0.06355275653521267,2.8978264481978697e-06,1.9561628139783553
0.0001821995019006423,0.06352418065547562,4.255086438548563e-06,-2.7323494223477893
0.00018228142613710841,0.06349563046192258,4.24378076834461e-06,2.9553655309757185
0.00018236335037357453,0.06346710591993611,6.968413651360426e-06,3.054756032515968
0.00018244527461004065,0.06343860699496083,4.753506417587751e-06,2.8125607343417376
0.00018252719884650676,0.06341013365250349,3.262519337798494e-06,2.486027547387501
0.00018260912308297288,0.0633816858581327,3.3267438360317926e-06,-2.957732909964993
0.000182691047319439,0.06335326357747882,2.3733606715637404e-06,1.377202040053398
0.0001827729715559051,0.06332486677623386,5.196159104153536e-06,1.2070912404240028
0.00018285489579237122,0.06329649542015134,1.5938170669875474e-06,-2.2693942003221994
0.00018293682002883734,0.06326814947504603,3.2770693108093436e-06,2.9676410882467774
0.00018301874426530346,0.063239828906794,5.434895282798562e-06,0.7570306356161903
0.00018310066850176957,0.06321153368133234,7.346754499601457e-06,2.906262284606378
0.0001831825927382357,0.0631832637646591,4.7100766990352386e-06,3.018187562883922
0.0001832645169747018,0.06315501912283315,5.241099232101623e-06,-1.8267991454191046
0.00018334644121116792,0.06312679972197398,3.984320968921224e-06,3.092759567504806
0.00018342836544763403,0.06309860552826163,5.079561451847615e-06,2.6400951011649187
0.00018351028968410015,0.0630704365079365,3.2771401238512833e-06,-1.4995365737692723
0.00018359221392056627,0.06304229262729932,1.5475034491052338e-06,-2.3321125356392165
0.00018367413815703238,0.06301417385271088,6.369165393700782e-06,2.038860822289087
0.0001837560623934985,0.06298608015059196,7.636454440685436e-06,3.021937232552868
0.0001838379866299646,0.06295801148742325,7.985889804855236e-06,2.2633392469754434
0.00018391991086643073,0.06292996782974511,6.5472531516961924e-06,2.5834662758159936
0.00018400183510289684,0.06290194914415752,5.481683316133303e-06,1.2170402996458918
0.00018408375933936296,0.06287395539731988,4.1502292414025365e-06,-2.7754095918138995
0.00018416568357582908,0.06284598655595096,3.957872540004039e-06,3.1329113127879533
0.0001842476078122952,0.06281804258682872,3.5827591656738916e-06,-3.041636381724416
0.0001843295320487613,0.06279012345679012,5.597518439384165e-06,-2.7597026220648053
0.00018441145628522742,0.06276222913273113,6.148975856521504e-06,-2.454357474812693
0.00018449338052169354,0.06273435958160647,3.81278055293997e-06,2.6241296939725967
0.00018457530475815965,0.06270651477042954,6.406257130125142e-06,2.365742803591849
0.00018465722899462577,0.06267869466627231,5.425365023278293e-06,-2.509682966077388
0.00018473915323109189,0.06265089923626509,5.683157099844996e-06,-2.9463834201727495
0.000184821077467558,0.06262312844759653,4.631059366765868e-06,-3.105038567168255
0.00018490300170402412,0.06259538226751342,8.705042355088036e-06,2.9312549486365462
0.00018498492594049023,0.06256766066332053,7.394096349762734e-06,2.873492761816462
0.00018506685017695635,0.06253996360238061,3.5797463524029766e-06,-1.1725544964566623
0.00018514877441342246,0.06251229105211406,9.253904279271095e-06,2.068883225393363
0.00018523069864988858,0.062484642979999026,5.201743838427165e-06,-2.142096641663451
0.0001853126228863547,0.06245701935357108,4.700100084064401e-06,2.1029005843931063
0.0001853945471228208,0.062429420140423235,2.809506865124357e-06,2.920157431960513
0.00018547647135928693,0.062401845308205736,3.726275406683945e-06,-2.618895864298548
0.00018555839559575304,0.062374294824625955,2.950725459429976e-06,3.1082996841254116
0.00018564031983221916,0.062346768657448266,2.462686388471729e-06,-2.239339232331361
0.00018572224406868527,0.06231926677449395,5.207434439493622e-06,-3.1265616332522206
0.0001858041683051514,0.062291789143640995,6.2806809950886704e-06,-2.7682313113511774
0.0001858860925416175,0.062264335732824055,1.5018831102851173e-06,0.20164044038907655
0.00018596801677808362,0.062236906510034266,5.7493772297713944e-06,-2.8055262367514646
0.00018604994101454974,0.062209501443319146,6.510536976653823e-06,-2.8367407191321377
0.00018613186525101588,0.06218212050078247,3.799531438395336e-06,2.4424492773871718
0.000186213789487482,0.062154763650584144,7.855917737855798e-06,-2.162557972618381
0.0001862957137239481,0.062127430860940094,5.747756748653302e-06,-3.0923279415232416
0.00018637763796041423,0.0621001221001221,4.577461751023187e-06,-2.8292704281199863
0.00018645956219688034,0.06207283733645772,4.530323977636898e-06,2.2164853551943335
0.00018654148643334646,0.06204557653833015,3.963684611023617e-06,2.828294101946146
0.00018662341066981257,0.06201833967417813,6.59776034894873e-06,2.8308233601804402
0.0001867053349062787,0.06199112671249573,1.262779246401393e-06,-2.3900673768135117
0.0001867872591427448,0.061963937621832346,4.392730978140929e-06,3.0606083204859296
0.00018686918337921092,0.06193677237079253,2.5906677317517667e-06,0.46285302783394155
0.00018695110761567704,0.06190963092803583,2.0190394580037497e-06,-2.90412652754132
0.00018703303185214315,0.06188251326227672,5.29028717715431e-06,2.780255090353811
0.00018711495608860927,0.06185541934228449,3.942098688233644e-06,3.0831994182138813
0.00018719688032507538,0.06182834913688305,6.2054893637563985e-06,-2.725872487880285
0.0001872788045615415,0.0618013026149509,5.9074693963823694e-06,2.8752979978372335
0.00018736072879800762,0.061774279745420976,1.707863993296099e-06,1.4316428482640458
0.00018744265303447373,0.061747280497280496,6.6618152420909785e-06,2.7784401072690765
0.00018752457727093985,0.061720304839570896,2.3263937853152026e-06,2.9832079113600636
0.00018760650150740596,0.061693352741387666,2.8936502475404133e-06,-2.369713454598285
0.00018768842574387208,0.061666424171880306,6.099434411126642e-07,-0.10828784268765515
0.0001877703499803382,0.06163951910025208,4.485327785706961e-06,-3.06468051553705
0.0001878522742168043,0.061612637495760035,5.589647206660507e-06,-2.860964491963828
0.00018793419845327043,0.06158577932771481,1.0190388528500436e-05,2.8238139937699245
0.00018801612268973654,0.061558944565480514,3.933542619291271e-06,2.4902405894020743
0.00018809804692620266,0.06153213317847464,2.134153617142268e-06,-2.076154669448614
0.00018817997116266877,0.06150534513616794,3.3194669538764216e-06,-2.8318222877714843
0.0001882618953991349,0.06147858040808432,4.360454830188714e-06,-3.018238682443831
0.000188343819635601,0.06145183896380068,4.921492221216138e-06,-3.0040070333233055
0.00018842574387206712,0.06142512077294685,7.215648742378264e-06,3.062600311027429
0.00018850766810853324,0.06139842580520547,5.13618047700431e-06,2.8505343662253715
0.00018858959234499935,0.06137175403031181,8.726002817281675e-06,-2.825352592797005
0.00018867151658146547,0.06134510541805375,6.207827870203011e-06,-2.8187838380023784
0.00018875344081793158,0.061318479938271594,4.89070519059841e-06,2.615294029019769
0.0001888353650543977,0.061291877560858035,2.603379294045876e-06,-2.7782539027231556
0.00018891728929086381,0.061265298255757925,5.853699716591757e-06,2.8862811771268997
0.00018899921352732993,0.06123874199296826,5.141537823322891e-06,2.5556308017640834
0.00018908113776379605,0.061212208742538035,3.332954776798466e-06,-2.6610136172702923
0.00018916306200026216,0.06118569847456812,1.3190877811170407e-06,-2.4643588101569023
0.00018924498623672828,0.061159211159211156,1.1520628697971826e-06,2.4136731515724263
0.0001893269104731944,0.06113274676667147,2.10510245198077e-06,-2.9448643316730325
0.0001894088347096605,0.06110630526720492,6.569894452995183e-06,2.60961193046773
0.00018949075894612662,0.061079886631118796,1.8224477183515972e-06,2.6206890144194324
0.00018957268318259274,0.06105349082877172,4.534123621659499e-06,2.8229484358856975
0.00018965460741905886,0.06102711783057355,2.577574998105459e-06,-2.569006581050569
0.00018973653165552497,0.06100076760698522,5.958824017788503e-06,2.8276653555399314
0.0001898184558919911,0.06097444012851867,5.26509167638532e-06,-2.8325849272792887
0.0001899003801284572,0.06094813536573675,4.685810387317667e-06,2.9399869266152114
0.00018998230436492332,0.06092185328925303,5.187549097432761e-06,-2.7880427065378672
0.00019006422860138943,0.060895593869731805,7.910241083589714e-06,-2.7521566069229086
0.00019014615283785555,0.06086935707788788,1.824678528828197e-06,0.8745524189103778
0.00019022807707432167,0.06084314288448655,3.496501559789504e-06,3.1203824848350736
0.00019031000131078778,0.06081695126034343,3.1386958840384206e-06,-2.326338203054041
0.0001903919255472539,0.060790782176324346,3.4135807909590024e-06,1.8046583364776703
0.00019047384978372,0.06076463560334528,6.517236313492558e-06,2.937843345014265
0.00019055577402018613,0.06073851151237222,2.8452899301232867e-06,1.8609695020770352
0.00019063769825665224,0.060712409874421044,4.3887140336627884e-06,3.1332628443951567
0.00019071962249311836,0.060686330660557466,5.560310292915616e-06,2.293242454319902
0.00019080154672958448,0.060660273841896865,4.690492544728011e-06,2.9911824322301435
0.0001908834709660506,0.060634239389604196,6.043511747762041e-06,2.592861403444127
0.0001909653952025167,0.06060822727489394,2.6710077426649186e-06,1.9379169026942824
0.00019104731943898282,0.06058223746902992,2.133684013700536e-06,2.3867659596465267
0.00019112924367544894,0.06055626994332523,4.3679687903140925e-06,-2.9366918429285342
0.00019121116791191505,0.06053032466914215,3.1847648244715757e-06,2.3986917260026432
0.00019129309214838117,0.06050440161789198,4.17162690586023e-06,-3.078127496909377
0.00019137501638484729,0.06047850076103501,3.838574626187494e-06,3.042103366620435
0.00019145694062131343,0.06045262207008034,2.5770401430013295e-06,-2.645948398834585
0.00019153886485777954,0.06042676551658587,5.654274395835982e-06,-2.54657537665435
0.00019162078909424566,0.06040093107215808,8.092629941159271e-07,2.410803291624016
0.00019170271333071178,0.06037511870845204,2.916255505149284e-06,-2.8303129157999076
0.0001917846375671779,0.0603493283971712,4.358242872876683e-06,-3.0304414376286752
0.000191866561803644,0.06032356011006737,3.751260586150687e-06,2.6070445041272783
0.00019194848604011012,0.060297813818940574,5.365985388517548e-06,2.126398535882285
0.00019203041027657624,0.060272089495638975,3.4916244339605834e-06,2.1989717940594207
0.00019211233451304235,0.06024638711205875,6.512211737647074e-06,-2.988153565643946
0.00019219425874950847,0.06022070664014397,4.084086631384848e-06,2.7767415579590526
0.00019227618298597459,0.06019504805188656,6.041677925540507e-06,3.074349446367902
0.0001923581072224407,0.060169411319326134,1.363292154932837e-06,-2.06085498121993
0.00019244003145890682,0.06014379641454992,5.194368627744468e-06,-2.9077562590873582
0.00019252195569537293,0.06011820330969266,4.964181277947318e-06,-2.6269179227219563
0.00019260387993183905,0.060092631976936525,2.9318919864185175e-06,-2.1767873468798116
0.00019268580416830516,0.06006708238851095,5.664406979025799e-06,-2.6245660653882372
0.00019276772840477128,0.06004155451669263,5.516754338641379e-06,-3.1032887322078344
0.0001928496526412374,0.06001604833380534,4.821601957498835e-06,-2.830964272076971
0.0001929315768777035,0.05999056381221986,3.042973388251184e-06,-2.7030457956541203
0.00019301350111416963,0.05996510092435389,2.841831380957771e-06,2.082272014669773
0.00019309542535063574,0.05993965964267194,3.188784455963737e-06,2.9572615675873752
0.00019317734958710186,0.05991423993968523,4.577887353376579e-06,-2.0303203140314974
0.00019325927382356797,0.05988884178795158,3.539703476376626e-06,-2.9187082339210932
0.0001933411980600341,0.059863465160075326,3.2257018001361555e-06,-2.706725353638359
0.0001934231222965002,0.05983811002870723,6.7370857466281105e-06,2.6989054430579817
0.00019350504653296632,0.05981277636654436,2.847966591809078e-06,-0.4794585383894516
0.00019358697076943244,0.059787464146329995,6.7376195614543745e-06,2.9977760578526125
0.00019366889500589855,0.059762173340853535,5.920452863408534e-06,2.8465464126481046
0.00019375081924236467,0.05973690392295043,3.4627199505713047e-06,2.3823635925563615
0.00019383274347883078,0.05971165586550202,5.5001393393516675e-06,2.6860623453763077
0.0001939146677152969,0.05968642914143548,5.581521430300118e-06,-2.146107630122944
0.00019399659195176302,0.059661223723723726,6.532465282307014e-06,2.9149533287896072
0.00019407851618822913,0.0596360395853853,3.0622559871197336e-06,-2.599415607471543
0.00019416044042469525,0.0596108766994843,8.087412077821438e-06,2.934440031559036
0.00019424236466116136,0.05958573503913023,6.44905303120002e-06,-2.9283902722561717
0.00019432428889762748,0.05956061457747798,2.66066486195302e-06,1.1273888409204256
0.0001944062131340936,0.05953551528772767,1.3981694764085566e-06,1.8645690857533421
0.0001944881373705597,0.059510437143124595,4.3568200730602535e-06,-0.8345423382910885
0.00019457006160702583,0.05948538011695907,4.123222904769573e-06,3.0818306106418767
0.00019465198584349194,0.059460344182566405,4.161445944150275e-06,1.7911388175688354
0.00019473391007995806,0.05943532931332678,5.72992160718553e-06,-3.0122468100530146
0.00019481583431642417,0.05941033548266517,4.816287394618872e-06,2.9377594780931635
0.0001948977585528903,0.059385362664051186,5.6851111495493725e-06,-2.9403766974742886
0.0001949796827893564,0.05936041083099907,3.566489587762975e-06,-2.8317902714782788
0.00019506160702582252,0.05933547995706752,2.8548670269405255e-06,2.3823219053298446
0.00019514353126228864,0.05931057001585969,3.0460236299746594e-06,2.8584068655552004
0.00019522545549875475,0.059285680981022985,2.519074444184422e-06,2.4115094944435924
0.00019530737973522087,0.05926081282624907,8.71714944612841e-06,2.707208619865334
0.00019538930397168698,0.059235965525273694,4.895832563988835e-07,2.3563731103586063
0.0001954712282081531,0.05921113905187669,4.547661621785206e-06,2.1561405667584066
0.00019555315244461921,0.059186333379881766,7.75729572202657e-06,2.991910412675684
0.00019563507668108533,0.05916154848315653,4.449977099353453e-06,-2.7878632233841025
0.00019571700091755145,0.0591367843356123,3.4740687911342584e-06,2.9515592289394963
0.00019579892515401756,0.05911204091120409,3.393773096485752e-06,-1.999122538773
0.00019588084939048368,0.05908731818393048,3.3522391690333883e-06,2.523370643045952
0.0001959627736269498,0.05906261612783352,4.590178546201182e-06,3.037714099212227
0.0001960446978634159,0.059037934716998655,5.7062725181968966e-06,2.9776162420035446
0.00019612662209988202,0.05901327392555463,3.3918054028440745e-06,-2.4570376211258917
0.00019620854633634814,0.0589886337276734,5.118942395614888e-06,2.7959511729562707
0.00019629047057281426,0.058964014097570024,4.448292897381416e-06,2.5788761897872567
0.00019637239480928037,0.05893941500950262,4.4331568657281475e-06,2.42258109474127
0.0001964543190457465,0.058914836437772226,3.89914861977675e-06,2.1072470125209315
0.0001965362432822126,0.05889027835672271,2.41872449951683e-06,-2.9830217918620194
0.00019661816751867875,0.05886574074074073,2.508107849734611e-06,2.878218554126836
0.00019670009175514486,0.05884122356425563,3.641507423967449e-06,2.996679565557193
0.00019678201599161098,0.05881672680173928,9.316086237316852e-06,1.4520076738660708
0.0001968639402280771,0.0587922504277061,7.495127018980385e-06,3.016392920746315
0.0001969458644645432,0.05876779441671288,3.1096180394937615e-06,2.541890722393759
0.00019702778870100932,0.05874335874335874,4.800344517702369e-06,1.2206958933578147
0.00019710971293747544,0.05871894338228502,6.2812416752207865e-06,-3.0395852525669995
0.00019719163717394156,0.05869454830817523,3.228946158001779e-06,2.34812028843644
0.00019727356141040767,0.05867017349575489,3.1245553517604353e-06,2.467554294928215
0.0001973554856468738,0.058645818919791516,5.536197183899722e-06,2.541875468007284
0.0001974374098833399,0.05862148455509451,3.1206992650451933e-06,-2.6202179179182172
0.00019751933411980602,0.058597170376515045,2.3811669836506364e-06,-1.081854737295258
0.00019760125835627213,0.058572876358946,2.7634342861229635e-06,2.9977966546781945
0.00019768318259273825,0.05854860247732191,3.0957214445928745e-06,2.7860927156627833
0.00019776510682920437,0.0585243487066188,1.7348792180512829e-06,-3.041737832053449
0.00019784703106567048,0.05850011502185415,2.7063624438008754e-06,-2.686553618828086
0.0001979289553021366,0.058475901398086824,4.018191667124544e-06,-2.8545862536926596
0.0001980108795386027,0.05845170781041695,7.393249929626152e-06,2.1219654851438814
0.00019809280377506883,0.05842753423398585,3.2880088003007554e-06,2.262813157002355
0.00019817472801153494,0.05840338064397593,2.3705279479414626e-06,0.2780581134860408
0.00019825665224800106,0.05837924701561065,5.41662951410139e-06,-1.8146049358249312
0.00019833857648446718,0.05835513332415439,2.3162410980200935e-06,2.482507130956581
0.0001984205007209333,0.05833103954491238,3.0164370985889163e-06,-2.63223129828933
0.0001985024249573994,0.05830696565323062,5.053459948678377e-06,2.3977756069964626
0.00019858434919386552,0.05828291162449578,1.8074865095211374e-06,3.08153264761826
0.00019866627343033164,0.05825887743413516,7.290844878968707e-06,-2.9361594121999413
0.00019874819766679775,0.058234863057616555,2.7933821924264646e-06,1.3282922793359142
0.00019883012190326387,0.05821086847044819,3.6772398675307568e-06,2.6019114667597134
0.00019891204613972999,0.05818689364817865,2.2549036322872647e-06,2.1219071844460946
0.0001989939703761961,0.05816293856639678,6.211128375436005e-06,-2.897426224470742
0.00019907589461266222,0.0581390032007316,2.618996440258775e-06,2.018285010672189
0.00019915781884912833,0.05811508752685224,5.646500870679519e-06,-2.894397795828456
0.00019923974308559445,0.058091191520467836,5.487963739910927e-06,-2.9870942798389617
0.00019932166732206056,0.058067315157327486,4.11608675232232e-06,2.9350079314590234
0.00019940359155852668,0.058043458413220124,4.680884612904585e-06,-2.993852384473865
0.0001994855157949928,0.05801962126397444,1.279933153495514e-06,2.701869292945304
0.0001995674400314589,0.057995803685458855,4.9516589796935064e-06,-2.9684309677065084
0.00019964936426792503,0.05797200565358136,3.980627999198975e-06,3.0148617315524158
0.00019973128850439114,0.05794822714428949,1.8953545921207286e-06,2.5725565418053753
0.00019981321274085726,0.05792446813357022,7.0619402203331235e-06,-3.0629408631757613
0.00019989513697732337,0.05790072859744991,4.0990253439934606e-06,3.020102488223638
0.0001999770612137895,0.05787700851199418,4.6035093254782804e-06,-2.412851892357744
0.0002000589854502556,0.057853307853307855,4.279333623536404e-06,3.024782133440293
0.00020014090968672172,0.057829626597534906,4.986854685412374e-06,2.2948660276952513
0.00020022283392318784,0.05780596472085833,2.456997385243682e-06,2.0262619824152948
0.00020030475815965395,0.05778232219950012,6.9311049368601955e-06,-2.9343029221866748
0.00020038668239612007,0.05775869900972109,1.7903232717535178e-06,2.187369189758357
0.00020046860663258618,0.057735095127820914,3.332008448695481e-06,3.1199921271095987
0.0002005505308690523,0.057711510530137976,6.669056334513294e-06,3.1107359249148754
0.00020063245510551842,0.05768794519304932,4.003996427053278e-06,2.470147267747927
0.00020071437934198453,0.057664399092970525,5.0757575023473055e-06,-2.686260476639604
0.00020079630357845065,0.05764087220635568,4.055902524566368e-06,1.3868223808560995
0.00020087822781491676,0.057617364509697296,3.397125680215641e-06,-2.914267114397863
0.00020096015205138288,0.057593875979526206,8.445615026133457e-06,-2.858145590736768
0.000201042076287849,0.05757040659241148,2.78406365022547e-06,2.4512352338064107
0.0002011240005243151,0.057546956324960395,5.299371774810583e-06,-2.8038344826817747
0.00020120592476078123,0.05752352515381832,6.54631976465397e-06,3.037006147975028
0.00020128784899724734,0.05750011305566861,5.86105531265256e-06,2.7167585507286627
0.00020136977323371346,0.05747672000723262,4.449671012555446e-06,2.9121890867222175
0.00020145169747017957,0.057453345985269536,6.397445005420151e-06,-2.666432997216269
0.0002015336217066457,0.05742999096657633,3.979952838737026e-06,2.917790473730422
0.0002016155459431118,0.05740665492798772,5.106627011754501e-06,2.5279820098473698
0.00020169747017957792,0.057383337846376024,4.098529446780915e-06,-2.7128621401960475
0.00020177939441604404,0.05736003969865115,8.761010048336532e-06,2.2986829369530697
0.00020186131865251015,0.057336760461760464,7.005079679249753e-06,2.923342195508877
0.0002019432428889763,0.057313500112688744,1.2309094928308443e-06,3.134220684942227
0.0002020251671254424,0.05729025862845814,4.121196496317882e-06,-2.973611584600348
0.00020210709136190853,0.057267035986128,6.413604799618521e-06,2.9096293015225267
0.00020218901559837464,0.057243832162794876,2.3485769002300583e-06,2.6576519517556267
0.00020227093983484076,0.057220647135592446,6.9908371155454995e-06,-2.941509595828877
0.00020235286407130687,0.0571974808816914,5.21472785095517e-06,2.6478650689489327
0.000202434788307773,0.057174333378299386,4.309686540072985e-06,-3.05681099680604
0.0002025167125442391,0.057151204602660904,5.350886576299422e-06,3.0355762169104064
0.00020259863678070522,0.057128094532057326,5.107942462389386e-06,2.9064748180478124
0.00020268056101717134,0.0571050031438067,3.7522408366489028e-06,3.059424335760488
0.00020276248525363745,0.057081930415263736,1.2438267368320496e-06,0.4452615972916561
0.00020284440949010357,0.05705887632381977,2.5732945420032944e-06,-3.107078227531273
0.00020292633372656968,0.057035840846902615,4.864285528506055e-06,3.1250948681940467
0.0002030082579630358,0.057012823961976496,4.468010384932079e-06,-2.200238280614002
0.00020309018219950191,0.056989825646542064,7.869477512656988e-06,2.8179830395183174
0.00020317210643596803,0.056966845878136205,4.532134639765835e-06,2.9465222908328257
0.00020325403067243415,0.05694388463433204,2.7401535845620375e-06,-2.6316483030449622
0.00020333595490890026,0.05692094189273883,2.687321986111777e-06,1.779133306104879
0.00020341787914536638,0.056898017631001926,3.0121485252184495e-06,3.0407010445058376
0.0002034998033818325,0.056875111826802646,2.767742739012126e-06,-2.815552893333806
0.0002035817276182986,0.05685222445785826,6.315634626186521e-06,2.890754491368978
0.00020366365185476472,0.05682935550192187,3.321236985435295e-06,-3.069167854142094
0.00020374557609123084,0.056806504936782375,3.6861203588696137e-06,2.665415742620791
0.00020382750032769696,0.05678367274026438,4.358900172282166e-06,2.7076578559442384
0.00020390942456416307,0.05676085889022811,1.2438066063280358e-06,1.7097248282896054
0.0002039913488006292,0.05673806336456939,4.199125582550367e-06,-3.0759768915508636
0.0002040732730370953,0.0567152861412195,2.521221683244096e-06,2.6129287368702174
0.00020415519727356142,0.05669252719814517,5.724242938492001e-06,2.4640208487868502
0.00020423712151002753,0.05666978651334849,3.2676131460592448e-06,-2.7174513009241354
0.00020431904574649365,0.056647064064866796,5.632147518634746e-06,2.7808322265303484
0.00020440096998295977,0.05662435983077266,8.320478846259283e-06,-2.9451999300509004
0.00020448289421942588,0.05660167378917379,3.827623831643195e-06,1.6676221015278712
0.000204564818455892,0.05657900591821297,2.7345113983195155e-06,-2.8403504395373065
0.0002046467426923581,0.05655635619606796,4.163381558898899e-06,2.9283156141574294
0.00020472866692882423,0.05653372460095149,5.779305097367866e-06,-2.7545106155194565
0.00020481059116529034,0.0565111111111111,4.00210471805473e-06,2.991417383065995
0.00020489251540175646,0.056488515704829184,5.889213534263443e-06,2.503581490423601
0.00020497443963822258,0.05646593836042277,2.094942140737971e-06,2.079807251406816
0.0002050563638746887,0.056443379056243616,7.840259873143242e-06,-2.7607965023608
0.0002051382881111548,0.05642083777067802,6.585135147370023e-06,3.0139288798756247
0.00020522021234762092,0.056398314482146814,5.229473980004412e-06,2.610123432845299
0.00020530213658408704,0.05637580916910526,2.813158245741093e-06,-2.9934538909712334
0.00020538406082055315,0.05635332181004299,3.0006580529713674e-06,2.2820291627900766
0.00020546598505701927,0.05633085238348396,7.205765782577721e-06,2.074653437877965
0.00020554790929348539,0.056308400867986365,2.6111096956246817e-06,3.0274714789242223
0.0002056298335299515,0.05628596724214254,4.9540314100610776e-06,2.9217115881481197
0.00020571175776641762,0.05626355148457896,2.439092370349637e-06,-2.7914360324998286
0.00020579368200288373,0.05624115357395612,3.1489829419180635e-06,3.112063624791637
0.00020587560623934985,0.056218773488968476,8.021227957112334e-06,2.9380771728069983
0.00020595753047581596,0.05619641120834438,3.138175934623446e-06,1.8971401885893135
0.00020603945471228208,0.056174066710846036,6.386726542625486e-06,3.0488307243171353
0.0002061213789487482,0.05615173997526939,4.023072072474358e-06,-2.198988892326478
0.0002062033031852143,0.056129430980444095,4.415784687360015e-06,2.5022171151675767
0.00020628522742168043,0.056107139705233434,3.3825869928037985e-06,3.0833776663176455
0.00020636715165814654,0.05608486612853425,3.740654781313631e-06,2.678331984695037
0.00020644907589461266,0.056062610229276895,4.806396500829067e-06,-2.568715680699404
0.00020653100013107877,0.056040371986425135,3.227893049545439e-06,1.9580100764281747
0.0002066129243675449,0.05601815137897612,1.832497908112598e-06,-2.736608035995115
0.000206694848604011,0.05599594838596028,4.1324018720265245e-06,-2.767304606961716
0.00020677677284047712,0.05597376298644128,6.436089892817898e-06,2.6955242927432463
0.00020685869707694324,0.055951595159515956,1.5928022856444768e-06,3.0293929309492187
0.00020694062131340935,0.05592944488431424,5.944230012396819e-06,2.1878377670000586
0.00020702254554987547,0.055907312139999124,5.744392267831807e-06,3.0725009594967263
0.0002071044697863416,0.055885196905766515,3.562406518507505e-06,2.5541685570418258
0.00020718639402280773,0.055863099160845295,6.493809351804474e-06,2.6913630529393027
0.00020726831825927384,0.05584101888449714,4.2575549003063955e-06,-2.66529812425273
0.00020735024249573996,0.05581895605601651,3.6861188496342335e-06,3.055273921857581
0.00020743216673220607,0.05579691065473055,3.154560774154893e-06,-3.1408001429734433
0.0002075140909686722,0.05577488265999912,4.583129606623221e-06,-2.365300000674819
0.0002075960152051383,0.05575287205121459,2.874488867846425e-06,-2.809149635659496
0.00020767793944160442,0.05573087880780188,3.991111185382821e-06,1.8572573218329005
0.00020775986367807054,0.055708902909218365,1.7243052813180123e-06,1.6297769791393093
0.00020784178791453665,0.05568694433495379,5.001388204304541e-06,-2.715106902495416
0.00020792371215100277,0.055665003064530254,2.5653452132209513e-06,1.8088570476323997
0.00020800563638746888,0.05564307907750208,3.473573806435512e-06,2.9659983866854036
0.000208087560623935,0.05562117235345582,5.806137530540785e-06,2.899117906901309
0.00020816948486040112,0.05559928287201014,1.109520067960755e-06,2.95790012451043
0.00020825140909686723,0.055577410612815806,6.238194322569828e-06,2.694864602465268
0.00020833333333333335,0.05555555555555555,6.2388152981025805e-06,-2.9164526953965644
0.00020841525756979946,0.05553371767994409,1.3445668178070024e-06,1.6369766997582083
0.00020849718180626558,0.055511896965728,3.250737942001744e-06,2.066260630855528
0.0002085791060427317,0.055490093392685694,1.0070296936623447e-06,0.2508912078391958
0.0002086610302791978,0.055468306940627314,3.4179233389261874e-06,-2.7857215652454337
0.00020874295451566393,0.055446537589394725,6.024197297580665e-06,2.9624547352321473
0.00020882487875213004,0.05542478531886142,3.950672761170727e-06,-2.7832236121728258
0.00020890680298859616,0.05540305010893246,7.653204235449766e-06,2.817269382069737
0.00020898872722506227,0.055381331939544406,9.55168566828705e-07,-2.753943182527551
0.0002090706514615284,0.05535963079066527,2.42614586795331e-06,-2.6417307300670676
0.0002091525756979945,0.05533794664229447,3.647753443198621e-06,-2.9237907511539425
0.00020923449993446062,0.055316279474462715,6.817053482919428e-06,2.948181948386815
0.00020931642417092674,0.055294629267232005,4.8463580222695795e-06,-2.505392079080189
0.00020939834840739285,0.055272996000695525,1.6526831699780119e-06,2.684430099406595
0.00020948027264385897,0.055251379654977624,4.200346083498342e-06,2.4312795039512123
0.00020956219688032508,0.05522978021023369,3.417744346377284e-06,2.2130272271515548
0.0002096441211167912,0.055208197646650164,5.069833965541931e-06,3.139648718305136
0.00020972604535325731,0.055186631944444446,4.648735415118375e-06,2.6859645019855596
0.00020980796958972343,0.0551650830838648,4.457306886398077e-06,3.11944922725022
0.00020988989382618955,0.055143551045190385,4.343787851571437e-06,2.642069668572733
0.00020997181806265566,0.05512203580873108,3.3724786762344583e-06,-2.560485912625233
0.00021005374229912178,0.055100537354827527,3.965810569054066e-06,3.1240918122718475
0.0002101356665355879,0.05507905566385098,5.949075456604782e-06,-2.8987785951390794
0.000210217590772054,0.05505759071620334,5.899416458422578e-06,2.63731334608535
0.00021029951500852012,0.05503614249231702,2.278874522939348e-06,-2.7900808332224853
0.00021038143924498624,0.055014710972654896,1.704886849882139e-06,-2.3839640031607257
0.00021046336348145236,0.054993296137710306,8.118804688832169e-06,2.5866296383174774
0.00021054528771791847,0.05497189796800691,6.1453353893949535e-06,3.021921789325419
0.0002106272119543846,0.05495051644409871,2.796226603499127e-06,-3.136084543708661
0.0002107091361908507,0.054929151546569896,3.828305874989382e-06,2.9910533173354104
0.00021079106042731682,0.05490780325603489,2.8645289021045364e-06,3.110502216908522
0.00021087298466378293,0.054886471553138215,2.703688661768606e-06,2.1573343673589096
0.00021095490890024905,0.054865156418554474,2.5236754029493935e-06,-2.544814326926479
0.00021103683313671517,0.054843857832988265,6.229084928356373e-06,-2.9400195625733496
0.00021111875737318128,0.05482257577717415,4.33734097820244e-06,2.745204928744032
0.0002112006816096474,0.05480131023187656,3.6367766005649764e-06,2.803226563264651
0.0002112826058461135,0.0547800611778898,5.384303212750651e-06,-2.8268179783322944
0.00021136453008257963,0.0547588285960379,6.223034796770353e-06,2.9054083284644308
0.00021144645431904574,0.05473761246717465,6.00354825401178e-06,-2.656857238708525
0.00021152837855551186,0.0547164127721835,1.7254364121404006e-06,2.769910981386781
0.00021161030279197798,0.05469522949197746,4.080231441658749e-06,2.8895809707265694
0.0002116922270284441,0.05467406260749914,2.31603804112314e-06,2.992142189433259
0.0002117741512649102,0.05465291209972061,4.450023282846294e-06,2.6165183588837633
0.00021185607550137632,0.05463177794964338,4.360414456780557e-06,3.141054827155062
0.00021193799973784244,0.05461066013829833,4.4886206578948475e-06,2.7830688700080994
0.00021201992397430855,0.05458955864674567,2.0029784482873317e-06,2.556754288790809
0.00021210184821077467,0.054568473456074844,1.8633924349141267e-06,-1.768586425303782
0.00021218377244724079,0.054547404547404546,1.9741061360471964e-06,-2.9645402166681265
0.0002122656966837069,0.05452635190188258,3.3468406965808055e-06,2.9912283337747154
0.00021234762092017302,0.054505315500685866,2.5231317494119667e-06,-3.127631252651685
0.00021242954515663916,0.05448429532502035,2.4827822314685666e-06,2.896573974598784
0.00021251146939310528,0.054463291356120956,3.441854164636018e-06,3.0095627104235296
0.0002125933936295714,0.05444230357525155,5.812830069553953e-06,-2.506494543837458
0.0002126753178660375,0.05442133196370484,5.056798193993959e-06,2.5291623824717573
0.00021275724210250362,0.05440037650280237,6.012809961590757e-06,-2.9205427515529565
0.00021283916633896974,0.054379437173894436,3.6403608989416005e-06,-2.114696210637679
0.00021292109057543585,0.054358513958360055,5.534093373738635e-06,-2.878788665931592
0.00021300301481190197,0.054337606837606835,4.95448588626218e-06,-2.8367827401458046
0.00021308493904836809,0.054316715793071034,3.771543324296862e-06,2.9848670057671285
0.0002131668632848342,0.05429584080621743,3.0983368166863586e-06,2.3072129141769664
0.00021324878752130032,0.05427498185853929,4.617746155775052e-06,1.8879688933017755
0.00021333071175776643,0.05425413893155829,3.4903526934404973e-06,-2.5568461105469273
0.00021341263599423255,0.05423331200682448,6.866071404564241e-06,2.892476655490532
0.00021349456023069866,0.054212501065916255,3.5888027469679336e-06,2.7980505641301687
0.00021357648446716478,0.054191706090440266,2.9807848118149e-06,-2.447520074579038
0.0002136584087036309,0.05417092706203135,5.7526590024643385e-06,3.1385386195066953
0.000213740332940097,0.05415016396235253,3.016247864415043e-06,2.9645636043270915
0.00021382225717656313,0.05412941677309493,1.0903388591727742e-06,1.3717284394072347
0.00021390418141302924,0.0541086854759777,6.733251544102316e-06,-2.9783822849402615
0.00021398610564949536,0.054087970052748,3.0862704135030204e-06,1.997865815829752
0.00021406802988596147,0.054067270485180924,6.218969873118026e-06,2.8976420068387685
0.0002141499541224276,0.054046586755079486,5.489998015636886e-06,3.0410674693533246
0.0002142318783588937,0.054025918844274476,3.601183192569487e-06,-2.7409359261087674
0.00021431380259535982,0.05400526673462453,4.475923122700724e-06,2.5610361585061847
0.00021439572683182594,0.05398463040801597,2.634019935124806e-06,2.9407790873328197
0.00021447765106829205,0.05396400984636278,3.417504490155304e-06,2.5714548280161043
0.00021455957530475817,0.053943405031606634,6.047568935523222e-06,2.9930041053741916
0.00021464149954122428,0.053922815945716705,4.620196237265086e-06,2.9490343991760093
0.0002147234237776904,0.05390224257068973,2.8438092316783704e-06,-2.994660796091006
0.00021480534801415652,0.05388168488854988,3.882654871598755e-06,2.614386861951775
0.00021488727225062263,0.053861142881348745,1.3239759659917662e-06,2.7658978182723866
0.00021496919648708875,0.053840616531165314,2.0800958802480118e-06,-2.7941720215998793
0.00021505112072355486,0.053820105820105824,7.481316201982822e-06,-3.064578229275974
0.00021513304496002098,0.053799610730303794,3.85035746948363e-06,2.305527684955918
0.0002152149691964871,0.05377913124391998,2.3446698936978502e-06,2.6837863452752453
0.0002152968934329532,0.053758667343142226,4.226434979250732e-06,2.40079392592478
0.00021537881766941933,0.053738219010185544,5.2837571139602905e-06,2.4402706097728446
0.00021546074190588544,0.053717786227291925,1.82629915710029e-06,-3.025681480674816
0.00021554266614235156,0.05369736897673044,5.948368877368521e-06,-2.848131466053611
0.00021562459037881767,0.05367696724079703,6.983568169661268e-06,-3.1280884767352233
0.0002157065146152838,0.05365658100181458,4.202513036903709e-06,2.627243419270281
0.0002157884388517499,0.0536362102421328,3.8631845246830405e-06,-2.973386817387832
0.00021587036308821602,0.05361585494412818,2.346505167837368e-06,2.404418618390291
0.00021595228732468214,0.05359551509020401,2.3184586006202514e-06,2.337553082151617
0.00021603421156114825,0.053575190662790206,5.480252882670525e-06,2.953712818423019
0.00021611613579761437,0.053554881644343355,5.346232050582346e-06,3.1020325725481883
0.00021619806003408048,0.05353458801734664,2.102287820310176e-06,1.5883968725979913
0.0002162799842705466,0.05351430976430977,3.3162456292767366e-06,2.4894443531774293
0.00021636190850701271,0.05349404686776894,5.920574194245654e-06,-2.6602648777904485
0.00021644383274347883,0.05347379931028681,2.5123047929267914e-06,-1.2723451402536272
0.00021652575697994495,0.05345356707445243,3.1354183505868112e-06,2.861903224858947
0.00021660768121641106,0.053433350142881156,3.3640755688604843e-06,2.9443212714464218
0.00021668960545287718,0.053413148498214665,4.98222379053922e-06,2.6866150893629404
0.0002167715296893433,0.05339296212312085,5.0152637687900504e-06,2.660275337264442
0.0002168534539258094,0.05337279100029384,2.8813678680199535e-06,-3.0703953518077602
0.00021693537816227552,0.05335263511245385,4.205511653475428e-06,2.8588617631236994
0.00021701730239874164,0.05333249444234722,4.561052349047766e-06,-3.1279623605381355
0.00021709922663520776,0.053312368972746334,4.029710899885931e-06,2.540580307186265
0.00021718115087167387,0.053292258686449566,4.696156473672412e-06,-3.032928647212459
0.00021726307510814,0.053272163566281214,4.823861554048377e-06,2.2561301662946662
0.0002173449993446061,0.053252083595091516,4.03436193683216e-06,2.9160397016631365
0.00021742692358107222,0.05323201875575652,6.50250363250633e-06,2.8668856963647205
0.00021750884781753833,0.05321196903117807,4.542840472108475e-06,2.988350121743973
0.00021759077205400448,0.053191934404283804,3.824954713203721e-06,2.4951032773350335
0.0002176726962904706,0.05317191485802701,3.6537109238899133e-06,2.596631544598918
0.0002177546205269367,0.05315191037538667,4.208943796047514e-06,-3.1385048249563394
0.00021783654476340282,0.05313192093936734,4.891117908796756e-06,2.9107035732469644
0.00021791846899986894,0.053111946532999166,3.2769543318203016e-06,3.029642308422656
0.00021800039323633506,0.05309198713933776,4.684125144612065e-06,2.7420498121067713
0.00021808231747280117,0.05307204274146423,2.042311894464206e-06,2.7997054451161274
0.0002181642417092673,0.05305211332248508,2.8991751652332053e-06,2.959474772414114
0.0002182461659457334,0.05303219886553219,7.101146739274314e-06,2.3440771667162563
0.00021832809018219952,0.05301229935376277,3.9702455602496695e-06,2.9160623743532237
0.00021841001441866563,0.05299241477035925,2.657379990225367e-06,3.0233651001311137
0.00021849193865513175,0.05297254509852935,4.714050456031115e-06,-3.097049382228132
0.00021857386289159787,0.052952690321505916,4.087082080041011e-06,-2.911524924941849
0.00021865578712806398,0.05293285042254694,4.021380252259175e-06,3.0232656462946492
0.0002187377113645301,0.05291302538493549,3.533928995627834e-06,2.255643594513626
0.0002188196356009962,0.052893215191979696,3.2243838604525336e-06,-2.9633125035081505
0.00021890155983746233,0.05287341982701264,3.5419060923738545e-06,3.1268581259706925
0.00021898348407392844,0.05285363927339235,4.337341368137114e-06,3.1023058981795746
0.00021906540831039456,0.05283387351450178,6.143323624341316e-06,2.170514963884001
0.00021914733254686068,0.052814122533748696,5.00105284729064e-06,-2.962493365966063
0.0002192292567833268,0.052794386314565685,5.8275960273454726e-06,-2.875130581609953
0.0002193111810197929,0.052774664840410074,3.3113209818481745e-06,-2.912400133878844
0.00021939310525625902,0.05275495809476392,6.556163473552091e-06,2.676042066301105
0.00021947502949272514,0.05273526606113392,2.9081351710366985e-06,2.80823962605936
0.00021955695372919125,0.05271558872305141,3.351348322064573e-06,2.93974624840776
0.00021963887796565737,0.05269592606407227,6.6829084508596325e-06,3.135639198134783
0.00021972080220212349,0.052676278067776944,3.381610066418685e-06,2.9284937456134785
0.0002198027264385896,0.052656644717770325,2.265733812578737e-06,2.466667890817701
0.00021988465067505572,0.05263702599768173,4.2334338224090585e-06,-3.1120628865061284
0.00021996657491152183,0.0526174218911649,7.219719524422629e-06,2.7911912275377104
0.00022004849914798795,0.052597832381897906,7.297495150218793e-06,2.907645224542932
0.00022013042338445406,0.0525782574535831,2.304758721223283e-06,2.9978925035291755
0.00022021234762092018,0.052558697089947086,4.8436963220726906e-06,3.072072457826547
0.0002202942718573863,0.05253915127474071,6.04131422828701e-06,2.905321154643931
0.0002203761960938524,0.05251961999173895,6.707559867857143e-06,2.5494814170770783
0.00022045812033031853,0.0525001032247409,3.4696756774640425e-06,2.873500375904538
0.00022054004456678464,0.05248060095756975,2.8705746446738503e-06,2.5430725281873054
0.00022062196880325076,0.05246111317407269,2.5824607261647025e-06,-3.0192675204403328
0.00022070389303971687,0.05244163985812093,3.484141656178948e-06,2.7707119631374364
0.000220785817276183,0.05242218099360956,3.2765346861684564e-06,2.9475920309932055
0.0002208677415126491,0.05240273656445763,5.357465589887488e-06,2.9475382152866567
0.00022094966574911522,0.052383306554607996,4.910966740733574e-06,2.7249819066237766
0.00022103158998558134,0.05236389094802735,8.50971008927326e-06,2.7322235855011345
0.00022111351422204745,0.0523444897287061,3.563993691440675e-06,2.615454220729901
0.00022119543845851357,0.05232510288065843,4.347992963707385e-06,2.8354553541529506
0.00022127736269497968,0.05230573038792216,2.7953066555287085e-06,-2.7670542190183505
0.0002213592869314458,0.05228637223455876,5.887806982628652e-06,2.82044972870275
0.00022144121116791192,0.05226702840465327,6.083369354918393e-06,3.0696031339657006
0.00022152313540437803,0.052247698882314265,4.373051080277184e-06,2.1349319630702426
0.00022160505964084415,0.05222838365167385,6.0158066695901605e-06,-3.1351308002910128
0.00022168698387731026,0.05220908269688758,3.973782274967507e-06,2.445911338557985
0.00022176890811377638,0.052189796002134387,2.097728979347539e-06,3.021495392046883
0.0002218508323502425,0.05217052355161661,2.904474047087978e-06,2.816173663676944
0.0002219327565867086,0.05215126532955991,5.139290403918305e-06,3.026193588339229
0.00022201468082317473,0.0521320213202132,6.35103914365571e-06,2.575626321933092
0.00022209660505964084,0.052112791507848685,4.25137847582821e-06,-2.9699459703289572
0.00022217852929610696,0.05209357587676172,4.768542287224763e-06,2.9875509135265905
0.00022226045353257307,0.052074374411270836,3.6821837430457704e-06,-2.775430569140412
0.0002223423777690392,0.05205518709571767,2.325157595537533e-06,2.3383477872695164
0.0002224243020055053,0.05203601391446696,5.481668192288645e-06,-2.9840265348286446
0.00022250622624197142,0.052016854851906394,2.087240797011189e-06,2.5197231540316145
0.00022258815047843754,0.05199770989244674,3.339502364100748e-06,3.1029203898283475
0.00022267007471490365,0.05197857902052162,2.541920391932293e-06,2.462666764644559
0.00022275199895136977,0.051959462220587636,4.879136814339857e-06,2.7241693422841102
0.00022283392318783588,0.051940359477124186,1.8205030810308492e-06,-1.7087542924270012
0.00022291584742430203,0.0519212707746335,2.105209695316139e-06,-2.7021271227239465
0.00022299777166076814,0.05190219609764062,5.0707187665519556e-06,3.092669589080848
0.00022307969589723426,0.05188313543069327,1.3585311866592712e-06,-3.0208485660915922
0.00022316162013370037,0.05186408875836188,6.89585087756946e-07,2.2876696563475245
0.0002232435443701665,0.05184505606523954,5.759958961862232e-06,-3.0349066300444623
0.0002233254686066326,0.05182603733594195,4.993056688905144e-06,-2.6448020854550416
0.00022340739284309872,0.05180703255510735,4.423394946649449e-06,2.4470973156233446
0.00022348931707956484,0.051788041707396544,3.7407748516416073e-06,2.4750024419328605
0.00022357124131603095,0.05176906477749277,2.976045398552297e-06,-2.876991475158384
0.00022365316555249707,0.051750101750101744,6.650976765782514e-06,2.5206831344481015
0.00022373508978896318,0.051731152609951585,3.6325452373091857e-06,2.919629603098801
0.0002238170140254293,0.051712217341792745,3.7028027450442325e-06,-2.6867955524084564
0.00022389893826189541,0.05169329593039801,5.932618804558311e-06,2.829701807844557
0.00022398086249836153,0.05167438836056246,3.7878524621288425e-06,-2.7430351715335486
0.00022406278673482765,0.051655494617103385,5.93944264296654e-06,3.060790715917514
0.00022414471097129376,0.05163661468486029,5.619223672065908e-06,2.460361583126554
0.00022422663520775988,0.05161774854869484,2.34109427227797e-06,3.07849450164577
0.000224308559444226,0.05159889619349079,1.6552181439004747e-06,-1.8109613449767017
0.0002243904836806921,0.05158005760415398,5.519017430277134e-06,2.8740956830192084
0.00022447240791715822,0.05156123276561233,4.905270624683724e-06,2.8194915615807514
0.00022455433215362434,0.05154242166281568,5.20997638559734e-06,2.2456161449433982
0.00022463625639009046,0.051523624280735876,2.55245451447403e-06,-3.0988797308535494
0.00022471818062655657,0.051504840604366664,5.1632496896100815e-06,2.6166163622689993
0.0002248001048630227,0.051486070618723685,5.832992238086375e-06,2.6884744507508698
0.0002248820290994888,0.05146731430884436,2.6604710101487016e-06,2.3612897148655225
0.00022496395333595492,0.05144857165978797,9.011271761063203e-07,3.119378836069022
0.00022504587757242103,0.05142984265663552,4.475092960980967e-06,2.6294924281789402
0.00022512780180888715,0.051411127284489724,2.460575568935329e-06,-3.130839752135446
0.00022520972604535327,0.051392425528475,5.016289980343565e-06,-2.669093991731523
0.00022529165028181938,0.05137373737373738,4.533281563553129e-06,-2.896926584350139
0.0002253735745182855,0.05135506280544448,3.5279937565738053e-06,-3.0863842280358007
0.0002254554987547516,0.05133640180878553,3.894929785549166e-06,2.237892869734304
0.00022553742299121773,0.05131775436897122,4.01224242818564e-06,2.7053928591454484
0.00022561934722768384,0.051299120471233764,3.4545632261373664e-06,2.578840697454886
0.00022570127146414996,0.05128050010082678,7.33453796804726e-06,2.942313025740378
0.00022578319570061608,0.05126189324302531,2.15196860169685e-06,2.5429105986031457
0.0002258651199370822,0.05124329988312578,6.418355678228656e-06,2.7166474969355097
0.0002259470441735483,0.05122472000644589,4.763716862367401e-06,2.9189702161247597
0.00022602896841001442,0.05120615359832467,4.843717376931104e-06,-2.8555126285645196
0.00022611089264648054,0.05118760064412239,3.124585664689785e-06,1.9969878156016845
0.00022619281688294665,0.05116906112922048,3.5715139727769544e-06,2.6744714378330174
0.00022627474111941277,0.051150535039021644,4.7713469457164026e-06,1.9837438532868334
0.00022635666535587889,0.051132022358949605,3.4133893961584285e-06,-2.649507017663717
0.000226438589592345,0.051113523074449274,3.7679514855671795e-06,2.881156812706052
0.00022652051382881112,0.05109503717098653,3.0058912947321802e-06,2.873806142894654
0.00022660243806527723,0.05107656463404836,3.7536021189626345e-06,2.3086077581515827
0.00022668436230174335,0.05105810544914268,4.269253550626204e-06,2.649383172703637
0.00022676628653820946,0.05103965960179833,1.9175758081380846e-06,-2.2733292660193194
0.00022684821077467558,0.0510212270775651,4.940810595438703e-06,2.794585900642164
0.0002269301350111417,0.051002807862013645,3.513961117510658e-06,2.977024484114055
0.0002270120592476078,0.0509844019407354,4.6338778755481185e-06,2.614842417817064
0.00022709398348407393,0.05096600929934263,1.8740637253439644e-06,3.041357522147284
0.00022717590772054004,0.05094762992346836,3.876461895394723e-06,3.0208292853763337
0.00022725783195700616,0.050929263798766326,6.426728394746525e-06,2.8775511025999423
0.00022733975619347227,0.050910910910910906,5.90674633068712e-06,2.767127307581682
0.0002274216804299384,0.050892571245597186,3.090248905315897e-06,0.9684279421772699
0.0002275036046664045,0.050874244788540794,5.840418030151389e-06,2.9887701786650047
0.00022758552890287062,0.05085593152547796,2.529839349371573e-06,-2.7055091506210647
0.00022766745313933674,0.050837631442165444,3.1712642394748806e-06,2.9017424715486397
0.00022774937737580285,0.05081934452438049,4.918824509966248e-06,2.953769229185699
0.00022783130161226897,0.05080107075792081,5.236485875539502e-06,-3.0049884745272424
0.00022791322584873508,0.05078281012860452,5.884153942484399e-06,2.9683108894204486
0.0002279951500852012,0.05076456262227014,8.967957363764156e-07,2.4166599907369224
0.00022807707432166734,0.050746328224776496,4.374390530415715e-06,-2.8152578481051487
0.00022815899855813346,0.05072810692200279,2.65140533169156e-06,2.5482518610603737
0.00022824092279459957,0.05070989869984844,2.8591874858253814e-06,2.4304612769628853
0.0002283228470310657,0.050691703544233135,3.7264927702534514e-06,-2.9435448502080774
0.0002284047712675318,0.05067352144109676,4.0052095296818695e-06,-2.364859740317497
0.00022848669550399792,0.05065535237639934,4.7489792241531425e-06,2.9526046649930007
0.00022856861974046404,0.050637196336121064,3.7351214258717004e-06,2.8591928494718495
0.00022865054397693015,0.050619053306262186,5.173196346432718e-06,-3.011209218139404
0.00022873246821339627,0.05060092327284304,2.2449929980383095e-06,3.0789204186424133
0.00022881439244986238,0.05058280622190397,4.519629149585975e-06,2.0278805814204794
0.0002288963166863285,0.05056470213950528,3.871493241478686e-06,-3.098687482376861
0.00022897824092279462,0.05054661101172729,6.3951579301961346e-06,2.958752371553048
0.00022906016515926073,0.05052853282467016,3.3181718459303163e-06,-3.1296573594526547
0.00022914208939572685,0.05051046756445397,4.179410835569886e-06,3.1269671266926022
0.00022922401363219296,0.05049241521721864,4.586803726781551e-06,-3.050076649935433
0.00022930593786865908,0.05047437576912389,6.204270467084833e-06,2.834393682798839
0.0002293878621051252,0.050456349206349206,3.233409052142929e-06,3.02318369978392
0.0002294697863415913,0.05043833551509381,4.469562629213554e-06,2.9259030108921995
0.00022955171057805743,0.05042033468157665,5.8209216657641065e-06,-2.679620586937308
0.00022963363481452354,0.05040234669203631,5.6349372030594155e-06,2.4555117906310215
0.00022971555905098966,0.05038437153273101,5.197194756729745e-06,-3.141080592216406
0.00022979748328745577,0.050366409189938594,5.7175988877069676e-06,-3.061510195788327
0.0002298794075239219,0.05034845964995644,5.0371088045991595e-06,2.7198429591772557
0.000229961331760388,0.05033052289910145,6.0348025686459645e-06,2.68726916365321
0.00023004325599685412,0.05031259892371003,1.7368873829725277e-06,-1.454036123463228
0.00023012518023332024,0.05029468771013805,4.454361326708023e-06,-2.832685505190873
0.00023020710446978635,0.050276789244760776,5.402678669669366e-06,2.7610627389650086
0.00023028902870625247,0.050258903513972886,7.383865483183769e-07,-2.531700372457505
0.00023037095294271858,0.0502410305041884,5.12168200717415e-06,-3.0701775377885068
0.0002304528771791847,0.05022317020184066,6.889325183479544e-06,2.730457631135159
0.00023053480141565081,0.0502053225933823,3.5835830027347183e-06,2.751073905056267
0.00023061672565211693,0.05018748766528518,2.8892629871102715e-06,2.754523102543646
0.00023069864988858305,0.05016966540404041,5.481830534907768e-06,2.913268307978262
0.00023078057412504916,0.05015185579615824,2.0388286677072956e-06,-3.035429869618469
0.00023086249836151528,0.05013405882816812,2.703771978350243e-06,-3.063962657186421
0.0002309444225979814,0.050116274486618574,5.1362725027505235e-06,2.8384678790152025
0.0002310263468344475,0.05009850275807722,3.244040364387839e-06,2.8462109257056394
0.00023110827107091362,0.050080743629130724,2.843872641617921e-06,2.462271891058902
0.00023119019530737974,0.05006299708638475,3.873962859686498e-06,2.894502724624054
0.00023127211954384586,0.05004526311646396,4.962115346699034e-06,-3.0629845575476335
0.00023135404378031197,0.05002754170601196,3.162972074718131e-06,2.921383622113621
0.0002314359680167781,0.05000983284169125,7.715008693401952e-06,2.7850610228888955
0.0002315178922532442,0.04999213651018322,1.1828377284382752e-06,-0.25859039152655067
0.00023159981648971032,0.049974452698188114,3.091717696170995e-06,2.667928708384466
0.00023168174072617643,0.04995678139242496,5.94715005501617e-06,2.9675861014127287
0.00023176366496264255,0.04993912257963159,3.96017958079814e-06,2.9593838643005603
0.00023184558919910867,0.04992147624656459,2.541612944513137e-06,-2.9668366092769958
0.00023192751343557478,0.049903842379999216,5.095149414217898e-06,-3.1080761660016125
0.0002320094376720409,0.04988622096672944,4.523162493405338e-06,3.087449156482545
0.000232091361908507,0.049868611993567874,4.857768008855762e-06,2.54846549914386
0.00023217328614497313,0.04985101544734572,2.9251973852736837e-06,3.0829488560052205
0.00023225521038143924,0.0498334313149128,2.52929784713322e-06,-2.6349997555827436
0.00023233713461790536,0.049815859583137445,3.980316565370576e-06,-3.015453361175096
0.00023241905885437148,0.04979830023890651,2.8445570381364765e-06,2.77073972275325
0.0002325009830908376,0.04978075326912536,5.512017316208437e-06,2.741821033122106
0.0002325829073273037,0.049763218660717784,5.044273509478537e-06,2.6033689365888253
0.00023266483156376982,0.049745696400625976,2.3765400887282867e-06,2.942111290123212
0.00023274675580023594,0.04972818647581056,3.7683375418521652e-06,-3.0191654739542115
0.00023282868003670205,0.04971068887325045,3.1471708320423662e-06,2.638832689361848
0.00023291060427316817,0.04969320357994294,4.1387785919774625e-06,2.2231555548587965
0.00023299252850963429,0.049675730582903574,6.284508998919754e-06,2.820159910188662
0.0002330744527461004,0.04965826986916618,5.282389615857658e-06,-2.8396921407363176
0.00023315637698256652,0.04964082142578278,3.587813162193198e-06,2.3134526880734936
0.00023323830121903263,0.04962338523982359,3.975973465702313e-06,2.6224571139008153
0.00023332022545549875,0.04960596129837703,6.119712513891237e-06,2.5844069901104714
0.0002334021496919649,0.04958854958854959,3.699150637188853e-06,-2.725956761950913
0.000233484073928431,0.049571150097465884,1.9715002432598746e-06,-2.8418419369795274
0.00023356599816489712,0.0495537628122686,4.422049816920817e-06,-2.776085714505957
0.00023364792240136324,0.04953638772011843,3.7838564837825357e-06,3.011720585079008
0.00023372984663782935,0.0495190248081941,5.360218600835537e-06,2.7511689252763936
0.00023381177087429547,0.04950167406369228,5.26768780279938e-06,2.4966699348502215
0.00023389369511076159,0.049484335473827586,2.850986675261681e-06,-2.8290568075911753
0.0002339756193472277,0.04946700902583255,4.540675017530769e-06,2.8688103685310313
0.00023405754358369382,0.049449694706957564,3.03128106541436e-06,1.8437435907267727
0.00023413946782015993,0.04943239250447088,4.782166760117011e-06,2.4166329564282565
0.00023422139205662605,0.049415102405658544,8.062307222113406e-06,2.3437965133818843
0.00023430331629309216,0.0493978243978244,4.046784392322333e-06,2.82722176535348
0.00023438524052955828,0.04938055846829003,1.588764728032503e-06,-2.964851902702423
0.0002344671647660244,0.04936330460439475,3.4112839697758793e-06,3.1401589195060065
0.0002345490890024905,0.04934606279349556,4.946436621719941e-06,2.6927015018882434
0.00023463101323895663,0.049328833022967096,4.448033642342586e-06,2.6712922799630228
0.00023471293747542274,0.049311615280201664,5.723998491354172e-06,2.7623269610892422
0.00023479486171188886,0.04929440955260913,1.0275435976328632e-06,2.3245076322148344
0.00023487678594835497,0.04927721582761694,2.856132071592959e-06,-2.998951272349781
0.0002349587101848211,0.049260034092670074,4.372196283723114e-06,2.651266596936843
0.0002350406344212872,0.04924286433523101,3.975403081359514e-06,2.9674064785305845
0.00023512255865775332,0.04922570654277971,6.6755546860124804e-06,-2.9965917420093424
0.00023520448289421944,0.04920856070281358,3.288350471885153e-06,2.93139133862728
0.00023528640713068555,0.04919142680284742,5.249184095987083e-06,2.738951752650742
0.00023536833136715167,0.04917430483041343,3.4101604485922836e-06,2.5233173675486924
0.00023545025560361778,0.049157194773061165,5.177661633926264e-06,3.0313526305514507
0.0002355321798400839,0.049140096618357484,5.759513552372516e-06,2.6899261515835278
0.00023561410407655002,0.04912301035388657,4.365632510610859e-06,2.11891286644036
0.00023569602831301613,0.04910593596724984,1.1532660448080407e-06,-2.944107385201838
0.00023577795254948225,0.049088873446065946,4.5904689929653115e-06,-2.437912593909869
0.00023585987678594836,0.04907182277797074,5.889393352616314e-06,2.83100877228887
0.00023594180102241448,0.04905478395061728,6.239754977013578e-06,2.3375456182726477
0.0002360237252588806,0.04903775695167573,6.612752023448612e-06,2.7521970993952958
0.0002361056494953467,0.04902074176883337,5.5302757464427536e-06,2.9055379627052678
0.00023618757373181283,0.049003738389794584,2.300020753804531e-06,1.8796973419669107
0.00023626949796827894,0.04898674680228078,3.141136502319803e-06,-3.0274471844612196
0.00023635142220474506,0.04896976699403043,4.2866521793227215e-06,2.5393255903658103
0.00023643334644121117,0.04895279895279895,2.201572968973592e-06,-3.1120770740199806
0.0002365152706776773,0.048935842666358774,3.0878142372219243e-07,-1.6369944356125574
0.0002365971949141434,0.048918898122499235,5.884368173812379e-06,2.5071042286511327
0.00023667911915060952,0.04890196530902657,6.031432949915167e-06,-3.0862496281781127
0.00023676104338707564,0.04888504421376393,4.6255222880427535e-06,2.62665096042786
0.00023684296762354175,0.04886813482455129,6.456576122824866e-06,2.270923710471876
0.00023692489186000787,0.048851237129245426,3.5168834001015754e-06,3.1023359435234323
0.00023700681609647398,0.04883435111571994,4.860932774669551e-06,2.6604452253266437
0.0002370887403329401,0.04881747677186516,3.5177283806810922e-06,2.521193312795193
0.00023717066456940621,0.048800614085588175,3.809210330160913e-06,-2.5426595405816395
0.00023725258880587233,0.04878376304481277,3.3130143012499793e-06,3.03041912609196
0.00023733451304233845,0.048766923637479385,3.032885749622893e-06,2.8266840456994338
0.00023741643727880456,0.04875009585154512,3.047831950514431e-06,2.6707128209327418
0.00023749836151527068,0.04873327967498371,2.6504393781991124e-06,2.168111672950137
0.0002375802857517368,0.048716475095785444,4.245691976873469e-06,2.8947231404917653
0.0002376622099882029,0.04869968210195717,4.643494774170533e-06,-2.828786570518778
0.00023774413422466902,0.048682900681522326,2.7708337028593677e-06,-2.6560976021199085
0.00023782605846113514,0.04866613082252076,2.69957772176937e-06,2.8947126059088792
0.00023790798269760126,0.04864937251300888,3.3663394665917953e-06,2.35739646652295
0.00023798990693406737,0.04863262574105947,1.511737475825974e-06,-3.0855245132815843
0.0002380718311705335,0.0486158904947618,7.336490697022127e-07,1.919108768210825
0.0002381537554069996,0.048599166762221466,3.595155167148376e-06,2.5915533543037164
0.00023823567964346572,0.04858245453156045,3.28236408022746e-06,-2.439832988250783
0.00023831760387993183,0.04856575379091708,4.512014445034498e-06,2.520465458731988
0.00023839952811639795,0.04854906452844597,3.0533174913630816e-06,2.7079559729582523
0.00023848145235286407,0.04853238673231802,2.442427767799691e-06,-3.054777548226127
0.0002385633765893302,0.04851572039072039,2.7554668029798767e-06,-2.675008824209901
0.00023864530082579632,0.048499065491856425,4.905394842724174e-06,-3.055890622992385
0.00023872722506226244,0.0484824220239457,6.008041552583457e-06,2.472580293607775
0.00023880914929872856,0.04846578997522393,4.0514690242113885e-06,-3.036265148354228
0.00023889107353519467,0.048449169333943,2.811836962523996e-06,-2.1457102696995025
0.0002389729977716608,0.04843256008837085,6.522137705973067e-07,-2.8058652785122615
0.0002390549220081269,0.04841596222679156,3.830792847899009e-06,3.0364245670308194
0.00023913684624459302,0.04839937573750523,5.438183915127961e-06,2.3960827566947716
0.00023921877048105913,0.048382800608828005,4.962410773346573e-06,-2.862535029658163
0.00023930069471752525,0.04836623682909201,1.9896706198566692e-06,-2.6982822156934465
0.00023938261895399137,0.048349684386645365,4.1895303902360314e-06,-2.7923311294108015
0.00023946454319045748,0.04833314326985212,3.4267280583115583e-06,-2.556776934910914
0.0002395464674269236,0.048316613467092255,4.253637604779317e-06,-2.565710091090936
0.0002396283916633897,0.04830009496676163,2.9834647795892488e-06,2.4106189005431053
0.00023971031589985583,0.048283587757271956,2.901952669228045e-06,3.0243408876899043
0.00023979224013632194,0.04826709182705082,2.052040138338583e-06,2.765454044976349
0.00023987416437278806,0.04825060716454159,5.085171510271345e-06,2.7642761929036026
0.00023995608860925418,0.0482341337582034,1.2910236396953153e-06,-2.7403841693560724
0.0002400380128457203,0.048217671596511184,1.5752697618815047e-06,1.6789982070181109
0.0002401199370821864,0.04820122066795557,4.039503118624095e-06,2.8825688935597396
0.00024020186131865252,0.048184780961042895,3.945843533379435e-06,2.846339241025954
0.00024028378555511864,0.04816835246429518,5.8679213135026165e-06,2.977031245407943
0.00024036570979158475,0.04815193516625009,6.025134697644788e-06,-2.6957807027790017
0.00024044763402805087,0.04813552905546092,4.534768155620241e-06,3.086266547919374
0.00024052955826451699,0.048119134120496516,5.598330822361026e-06,-2.5750332824398465
0.0002406114825009831,0.04810275034994135,1.8538470223209163e-06,2.707041191121209
0.00024069340673744922,0.04808637773239543,4.4172306198419305e-06,-2.862414147845222
0.00024077533097391533,0.04807001625647424,3.7204942095018813e-06,3.113269678999796
0.00024085725521038145,0.04805366591080877,5.898202229980471e-06,2.983198419679993
0.00024093917944684756,0.04803732668404549,2.9771895386358405e-06,2.9509984092510955
0.00024102110368331368,0.04802099856484629,4.504703156762277e-06,2.74789715747027
0.0002411030279197798,0.04800468154188848,5.423663348492335e-06,2.3927182524031756
0.0002411849521562459,0.047988375603864736,4.071108516508437e-06,2.8902989745083327
0.00024126687639271203,0.047972080739483114,3.984209201107893e-06,-2.488697670789204
0.00024134880062917814,0.047955796937466995,2.717218694687978e-06,3.139817642269778
0.00024143072486564426,0.04793952418655506,2.370106144414298e-06,2.617096636663559
0.00024151264910211037,0.04792326247550128,5.888389392462225e-06,3.0755362067803342
0.0002415945733385765,0.04790701179307487,3.7668571818026424e-06,2.706313513985574
0.0002416764975750426,0.04789077212806026,4.659800655723371e-06,2.737007781462945
0.00024175842181150872,0.04787454346925713,5.308883511138432e-06,2.544228642063967
0.00024184034604797484,0.04785832580548028,4.330948127205832e-06,2.925771823366023
0.00024192227028444095,0.0478421191255597,2.1843784535863796e-06,1.7180511476282947
0.00024200419452090707,0.04782592341834048,3.922378999221089e-06,2.7586368131396513
0.00024208611875737318,0.04780973867268283,3.4260499121949854e-06,2.443916536087979
0.0002421680429938393,0.04779356487746204,4.185266848925212e-06,2.9186099941192545
0.00024224996723030542,0.04777740202156841,3.2352062947730104e-06,-2.444171766822562
0.00024233189146677153,0.0477612500939073,5.691215835856444e-06,2.4703406143955426
0.00024241381570323765,0.04774510908339904,3.5416525601685403e-06,-2.8329941896304436
0.00024249573993970376,0.047728978978978986,2.477414326148507e-06,-3.1077365332224747
0.00024257766417616988,0.04771285976959736,5.308977722897415e-06,2.8352704734159353
0.000242659588412636,0.047696751444219365,3.564066267145002e-06,2.9340931944433373
0.0002427415126491021,0.0476806539918251,4.921140369449313e-06,2.747790459998357
0.00024282343688556823,0.047664567401409515,2.3716647307315305e-06,-3.0482509322653675
0.00024290536112203434,0.04764849166198239,2.137429637014698e-06,3.0560893229414194
0.00024298728535850046,0.04763242676256837,3.604005642312838e-06,3.0640653202439885
0.00024306920959496657,0.047616372692206865,2.5885814662810963e-06,0.8027526397133777
0.0002431511338314327,0.04760032943995208,3.6872873098419536e-06,2.757427104074581
0.0002432330580678988,0.047584296994872946,4.5681079570810775e-06,-2.674972336874675
0.00024331498230436492,0.04756827534605313,6.220736946275365e-06,2.923910903588739
0.00024339690654083104,0.04755226448259097,4.946419457659175e-06,2.1946505427208005
0.00024347883077729715,0.04753626439359952,3.752936312829499e-06,2.328847589827459
0.00024356075501376327,0.04752027506820645,4.7937485527210515e-06,2.71516902776072
0.00024364267925022938,0.047504296495554064,2.4722566608570944e-06,-2.8422604605879918
0.0002437246034866955,0.04748832866479925,3.408892534113836e-06,2.8071877849511155
0.00024380652772316161,0.047472371565113504,5.037366729498747e-06,-3.0673147276218797
0.00024388845195962776,0.04745642518568282,2.8813697732924064e-06,-3.109098562689602
0.00024397037619609387,0.04744048951570778,2.755518610708515e-06,-2.9873093734983485
0.00024405230043256,0.047424564544403414,2.4945654978128068e-06,2.810678269040394
0.0002441342246690261,0.047408650260999254,5.409601431699451e-06,3.00126670437628
0.0002442161489054922,0.047392746654739276,7.058246093353197e-06,2.765351473463394
0.0002442980731419583,0.047376853714881886,4.868317597255551e-06,2.924312020271638
0.00024437999737842445,0.04736097143069989,2.9408941524341197e-06,2.132608039647423
0.00024446192161489054,0.04734509979148049,5.223181207172403e-06,-3.1303292045692444
0.0002445438458513567,0.047329238786525216,3.318677894826751e-06,2.6844047525306793
0.00024462577008782277,0.04731338840514996,2.353739974972381e-06,2.6416917011677747
0.0002447076943242889,0.04729754863668489,6.366987997644272e-06,2.641283319796149
0.000244789618560755,0.04728171947047449,2.162978806139081e-06,2.37318456332547
0.00024487154279722115,0.04726590089587747,3.603320570476818e-06,2.4649452548117603
0.00024495346703368723,0.04725009290226682,5.460269843044344e-06,-2.6026525823065794
0.0002450353912701534,0.04723429547902968,4.89889944149105e-06,2.8959860710755216
0.00024511731550661947,0.047218508615567444,2.955703722796462e-06,-2.6574927042561467
0.0002451992397430856,0.04720273230129561,2.5069977423738875e-06,2.241385149889645
0.0002452811639795517,0.04718696652564388,4.885450532889623e-06,2.1950610589053183
0.00024536308821601784,0.04717121127805601,4.124951587166855e-06,-2.762521319376072
0.00024544501245248393,0.04715546654798992,4.455374250500397e-06,2.864519286248516
0.00024552693668895007,0.047139732324917506,1.589523335312928e-06,2.1259338072996066
0.00024560886092541616,0.047124008598324815,8.06204200309461e-06,-2.954304294139301
0.0002456907851618823,0.04710829535771183,1.1257356804337521e-07,2.6873297385312176
0.0002457727093983484,0.047092592592592596,3.819557638110792e-06,2.8237041645565712
0.00024585463363481453,0.04707690029249509,3.7799778301594184e-06,-2.1438451206137232
0.0002459365578712806,0.04706121844696129,1.0997796650803287e-06,2.2600086278081135
0.00024601848210774677,0.047045547045547045,5.296476175211698e-06,-3.1350325316911367
0.00024610040634421285,0.047029886077822165,3.2586830775590974e-06,2.9270778997396114
0.000246182330580679,0.04701423553337031,3.1601513278207326e-06,-3.047300942850122
0.0002462642548171451,0.046998595401789016,7.322206837262057e-06,2.463618555844282
0.00024634617905361123,0.04698296567268965,2.0854263892954585e-06,2.51692910359321
0.00024642810329007737,0.046967346335697394,3.456146412341865e-06,2.8106036236431247
0.00024651002752654346,0.04695173738045123,4.162523366386953e-06,-2.4729278687424965
0.0002465919517630096,0.0469361387966039,4.416570090435766e-06,2.019235054523503
0.0002466738759994757,0.04692055057382191,2.0903174735266583e-06,-3.110523489947761
0.00024675580023594183,0.046904972701785445,4.8588389600927135e-06,3.13738320833829
0.0002468377244724079,0.04688940517018844,2.8293382465366286e-06,2.224979565183635
0.00024691964870887407,0.046873847968738475,4.632858687434766e-06,2.9075949303097053
0.00024700157294534015,0.04685830108715681,1.974970486785471e-06,2.6770564530419523
0.0002470834971818063,0.0468427645151783,2.6231951321549467e-06,2.8331449621321187
0.0002471654214182724,0.046827238242551465,6.056498482187541e-06,3.121806430546775
0.00024724734565473853,0.04681172225903835,5.674679366136593e-06,2.7823520326057714
0.0002473292698912046,0.046796216554414634,5.7311038544681185e-06,2.7853279466626377
0.00024741119412767076,0.04678072111846946,4.500744092176222e-06,2.5562610174739038
0.00024749311836413685,0.046765235941005553,2.332142438740271e-06,-2.793812604597775
0.000247575042600603,0.0467497610118391,5.064391948451495e-06,2.7685115214581617
0.0002476569668370691,0.04673429632079979,3.947831089240592e-06,-2.9979892920760287
0.0002477388910735352,0.04671884185773074,8.130037493564843e-06,2.819809324454982
0.0002478208153100013,0.046703397612488526,4.2724159259806e-06,2.5074811423603243
0.00024790273954646745,0.04668796357494308,5.1337205087887816e-06,2.5129636277298264
0.00024798466378293354,0.04667253973497779,5.449725569637728e-06,2.124091333850863
0.0002480665880193997,0.046657126082489356,2.0888356711634042e-06,1.8628717691536043
0.0002481485122558658,0.046641722607387845,3.233897630720694e-06,2.4826563703130775
0.0002482304364923319,0.04662632929959662,4.345732637197524e-06,2.4964260504062765
0.000248312360728798,0.04661094614905239,5.52005065246606e-06,2.597564133357232
0.00024839428496526415,0.04659557314570507,3.2119855093932674e-06,1.312944274066928
0.00024847620920173024,0.04658021027951789,1.7863818127620603e-06,-3.094885307271657
0.0002485581334381964,0.0465648575404673,5.524665951843412e-06,3.114361816308981
0.00024864005767466247,0.04654951491854293,1.8517508941823632e-06,-2.9822939592918947
0.0002487219819111286,0.04653418240374762,3.3478147765636028e-06,-2.944935360451549
0.0002488039061475947,0.046518859986097394,2.4061510069841725e-06,2.2501475076776516
0.00024888583038406084,0.04650354765562138,2.950034519146669e-06,-3.078715870673077
0.00024896775462052693,0.04648824540236189,3.554302307574227e-06,-2.8149371885820265
0.0002490496788569931,0.04647295321637427,7.2959204736309785e-06,-2.9479485982225544
0.00024913160309345916,0.04645767108772699,5.61108344974793e-06,2.5697033241606353
0.0002492135273299253,0.046442399006501565,8.688653890173988e-07,-2.3855523583198606
0.0002492954515663914,0.04642713696279257,4.181625629680233e-06,-2.945797096411586
0.00024937737580285754,0.046411884946707546,2.238378860958641e-06,2.5563695928716026
0.0002494593000393236,0.04639664294836709,2.6914571386910253e-06,2.8007320202954746
0.00024954122427578977,0.04638141095790472,1.705959606564337e-06,3.0841010855764877
0.00024962314851225586,0.046366188965466945,5.606674732933135e-06,-2.9475217828070512
0.000249705072748722,0.04635097696121318,7.657394342936075e-06,-3.0705373228405426
0.0002497869969851881,0.04633577493531577,5.433599822499761e-06,-3.0197725821529766
0.00024986892122165423,0.046320582877959926,4.893432799700342e-06,-3.140735538145528
0.0002499508454581203,0.04630540077934375,3.3677618866667286e-06,-3.119692385150213
0.00025003276969458646,0.046290228629678166,2.0717468645167796e-06,-2.551461989309662
0.00025011469393105255,0.04627506641918696,4.16360713486156e-06,2.415445529866908
0.0002501966181675187,0.04625991413810667,4.715654323999985e-06,2.849650714549163
0.0002502785424039848,0.04624477177668667,1.974957737956919e-06,2.7337064391474533
0.0002503604666404509,0.04622963932518906,2.709524171503633e-06,3.134269527467078
0.000250442390876917,0.04621451677388871,4.1534956807479145e-06,2.747337630662705
0.00025052431511338316,0.046199404113073175,3.838273113402339e-06,2.7357014193609026
0.00025060623934984925,0.04618430133304276,5.34967933542872e-06,2.7325418467519644
0.0002506881635863154,0.04616920842411038,4.1635194024018535e-06,2.2269095714146765
0.0002507700878227815,0.0461541253766017,5.330525741654209e-06,2.0454261451484084
0.0002508520120592476,0.04613905218085492,4.7513146277856234e-06,-3.061108739693297
0.0002509339362957137,0.046123988827220956,7.648259588605323e-06,-2.5727371139039157
0.00025101586053217985,0.04610893530606324,4.483630951413487e-06,3.0846629145743782
0.00025109778476864594,0.04609389160775784,4.111948371714138e-06,3.1012007058093576
0.0002511797090051121,0.04607885772269334,4.438393017122266e-06,2.809588672751529
0.00025126163324157817,0.04606383364127088,1.9187367655730756e-06,-2.836310729998123
0.0002513435574780443,0.0460488193539041,1.7569627781711379e-06,1.644820703760824
0.0002514254817145104,0.04603381485101916,4.931675669296085e-06,-3.1295689583946262
0.00025150740595097655,0.04601882012305465,6.390149643433296e-06,3.0503970941308354
0.00025158933018744263,0.04600383516046167,6.73900872391734e-06,2.587076743053052
0.0002516712544239088,0.045988859953703706,4.836189415990114e-06,2.8146238080016484
0.0002517531786603749,0.04597389449325667,1.1937900951402922e-06,2.7218171242558054
0.000251835102896841,0.04595893876960891,3.689187924730552e-06,3.0396060841249843
0.00025191702713330715,0.04594399277326106,2.8644367026697625e-07,1.846820001161057
0.00025199895136977324,0.04592905649472619,4.6093144516204805e-06,3.0051140643605536
0.0002520808756062394,0.04591412992452966,3.8767375998407685e-06,2.8677599475001117
0.00025216279984270547,0.045899213053209154,8.422915159740208e-06,2.9640138350037755
0.0002522447240791716,0.04588430587131464,3.6240270631128e-06,-2.809071057507322
0.0002523266483156377,0.045869408369408365,3.943579810475851e-06,2.9750393203155117
0.00025240857255210385,0.04585452053806483,4.458326310791735e-06,3.0827963178333833
0.00025249049678856993,0.04583964236787079,3.4180719507978136e-06,2.3935296936289
0.0002525724210250361,0.045824773849425154,7.249914076681048e-06,-2.6416161948741976
0.00025265434526150217,0.0458099149733391,3.0873571233569853e-06,-3.1405993396172693
0.0002527362694979683,0.0457950657302359,2.649456775370329e-06,2.7198504852396534
0.0002528181937344344,0.04578022611075106,1.7507111011758546e-06,-2.996023365099412
0.00025290011797090054,0.04576539610553216,4.440427114575957e-06,3.1303818967529953
0.00025298204220736663,0.04575057570523892,2.545392837961753e-06,2.7652013839933365
0.00025306396644383277,0.045735764900543145,5.307754429359688e-06,2.5783818776680323
0.00025314589068029886,0.04572096368212873,6.245254769281474e-06,2.655111063295011
0.000253227814916765,0.045706172040691606,4.382961914606336e-06,2.8591587300081356
0.0002533097391532311,0.04569138996693978,3.7157955305282277e-06,-2.2227101075183326
0.00025339166338969723,0.0456766174515932,3.852171396033412e-06,-2.6636465153190483
0.0002534735876261633,0.045661854485383895,3.7187429150191175e-06,-3.088159255148023
0.00025355551186262947,0.04564710105905582,3.95059561645298e-06,-2.5480996291953595
0.00025363743609909555,0.04563235716336491,5.3501363649300464e-06,3.094632244024008
0.0002537193603355617,0.045617622789079035,1.1498109377501203e-06,2.8741669809728774
0.0002538012845720278,0.04560289792697798,2.8311624261613792e-06,2.8821268478473026
0.00025388320880849393,0.04558818256785343,5.981653028163378e-06,2.690456034519495
0.00025396513304496,0.04557347670250896,4.5354099437356456e-06,2.5771299029958787
0.00025404705728142616,0.04555878032176,5.605051788696035e-06,-3.1029273393458974
0.00025412898151789225,0.045544093416433847,4.855783198195211e-06,-2.9720025130736865
0.0002542109057543584,0.045529415977369564,4.092604172772324e-06,-2.6623152525013873
0.0002542928299908245,0.045514747995418096,2.225986371336074e-06,2.764026644558473
0.0002543747542272906,0.045500089461442114,2.9456357716883e-06,-2.911858060532463
0.0002544566784637567,0.04548544036631609,5.637052732609263e-06,2.613203552154375
0.00025453860270022285,0.045470800700926226,4.106007972943692e-06,2.608785966744811
0.00025462052693668894,0.04545617045617045,8.439457081384127e-06,-2.6951305425368273
0.0002547024511731551,0.04544154962295843,3.384998527708415e-06,3.0552466534684632
0.0002547843754096212,0.04542693819221151,5.058285449046191e-06,2.3529835517953845
0.0002548662996460873,0.04541233615486267,4.244992265987223e-06,2.3420958167739228
0.0002549482238825534,0.045397743501856616,4.586971963249531e-06,2.853747239014568
0.00025503014811901955,0.04538316022414962,6.113050989574061e-06,3.1313138001513825
0.00025511207235548564,0.045368586312709624,4.3957148439588115e-06,-3.0123541073408444
0.0002551939965919518,0.04535402175851614,1.8326529127383858e-06,1.7802259111940877
0.00025527592082841787,0.04533946655256026,4.9077861858226045e-06,-2.8945797885221847
0.000255357845064884,0.04532492068584465,5.053470866109645e-06,-3.019966847486351
0.0002554397693013501,0.04531038414938351,4.787745212957658e-06,2.435028657612179
0.00025552169353781624,0.04529585693420255,4.090752864187395e-06,-3.0516847431119514
0.00025560361777428233,0.04528133903133903,2.4261584123992656e-06,2.8599808902782
0.0002556855420107485,0.04526683043184165,2.2566996286037747e-06,-2.0386699096138217
0.00025576746624721456,0.045252331126770594,6.58954252517501e-06,2.480777602171965
0.0002558493904836807,0.04523784110719749,5.887731810170579e-06,2.8000653698554823
0.0002559313147201468,0.045223360364205434,3.3748182787590447e-06,2.0998027948391185
0.00025601323895661294,0.04520888888888889,6.650717266564299e-06,2.6474072914424367
0.000256095163193079,0.04519442667235374,3.3706852224908295e-06,2.660856604565997
0.00025617708742954517,0.045179973705717226,1.8799490835974948e-06,2.7116129345767255
0.00025625901166601126,0.04516552998010799,3.763473069658718e-06,2.948994148527962
0.0002563409359024774,0.04515109548666595,4.68920020003516e-06,2.830227595354615
0.0002564228601389435,0.04513667021654242,4.9855065292234e-06,2.5391621651292753
0.00025650478437540963,0.04512225416089996,2.108965596869155e-06,2.83885680331937
0.0002565867086118757,0.04510784731091245,3.3699950077784514e-06,1.8297662451742975
0.00025666863284834186,0.04509344965776501,5.343103213639506e-06,-2.9654046290724603
0.00025675055708480795,0.04507906119265405,5.438958326098048e-06,2.9349238475168486
0.0002568324813212741,0.04506468190678717,4.1912285881816315e-06,2.434925530590832
0.0002569144055577402,0.04505031179138322,8.721865223534354e-07,2.279798456426603
0.0002569963297942063,0.04503595083767223,1.7059279435292032e-06,2.663520290480906
0.00025707825403067247,0.0450215990368954,3.696135508209761e-06,-2.254042398900521
0.00025716017826713856,0.04500725638030512,3.038129932708062e-06,3.06453205626547
0.0002572421025036047,0.04499292285916489,5.758454160140943e-06,2.885171460855162
0.0002573240267400708,0.04497859846474937,4.497633932954299e-06,2.9666118245813236
0.00025740595097653693,0.044964283188344285,4.5350508668022e-06,3.0657309469969185
0.000257487875213003,0.04494997702124651,7.2155124630660395e-06,2.6825605771771497
0.00025756979944946916,0.04493567995476392,3.3797952142889954e-06,2.2573488280041776
0.00025765172368593525,0.044921391980215504,4.009734302399246e-06,-2.600185966720632
0.0002577336479224014,0.044907113088931264,2.6993003767311743e-06,2.616408373669402
0.0002578155721588675,0.044892843272252236,1.6727093324506229e-06,2.6847527132700213
0.0002578974963953336,0.044878582521530416,3.3229400362257016e-06,-3.0983033221907155
0.0002579794206317997,0.04486433082812886,2.2876663971813664e-06,3.0842536891297123
0.00025806134486826586,0.04485008818342152,2.5543378981055707e-06,3.0180959464607366
0.00025814326910473195,0.04483585457879333,4.611512183746814e-06,2.9692211177794285
0.0002582251933411981,0.044821630005640156,6.4583573235713815e-06,1.9526521948921278
0.0002583071175776642,0.04480741445536879,5.466519160926381e-06,-2.6390020915280905
0.0002583890418141303,0.04479320791939688,5.702468546305603e-06,3.1368717476262695
0.0002584709660505964,0.04477901038915302,4.4809403040058295e-06,2.660378248666598
0.00025855289028706255,0.0447648218560766,6.537764016600051e-06,2.942264211679618
0.00025863481452352864,0.04475064231161792,6.5783411122030866e-06,2.7940654613064844
0.0002587167387599948,0.044736471747238056,5.750226542514986e-06,2.666176400924243
0.00025879866299646087,0.04472231015440892,5.134413403308158e-06,2.8735351968850162
0.000258880587232927,0.04470815752461321,4.911109487502051e-06,-3.0021247826981567
0.0002589625114693931,0.04469401384934444,2.5409398238411052e-06,3.110662596553823
0.00025904443570585925,0.04467987912010682,4.1539664479309065e-06,3.110583246873125
0.00025912635994232533,0.04466575332841536,6.61271963809645e-06,-3.1256819691782716
0.0002592082841787915,0.04465163646579575,4.907880867613005e-06,2.87072978134074
0.00025929020841525757,0.04463752852378445,4.522284255585115e-06,-2.764920348110867
0.0002593721326517237,0.04462342949392854,4.015267935659057e-06,2.958812735961868
0.0002594540568881898,0.04460933936778585,2.6078577925862013e-06,2.273999211121933
0.00025953598112465594,0.0445952581369248,3.040746001545162e-06,-3.070372693172824
0.00025961790536112203,0.04458118579292451,5.727538195916337e-06,-3.0601921168314736
0.00025969982959758817,0.04456712232737469,3.067908448727855e-06,2.6434380610159334
0.00025978175383405426,0.04455306773187568,3.864275144531325e-06,2.621738919902501
0.0002598636780705204,0.044539021998038386,6.88241174134998e-06,2.75542509388944
0.0002599456023069865,0.04452498511748433,6.34342009639667e-06,2.914037610461334
0.00026002752654345263,0.04451095708184555,5.231791397756291e-06,-2.857799379949996
0.0002601094507799187,0.04449693788276466,2.338794833598066e-06,2.4139617587674045
0.00026019137501638487,0.04448292751189476,4.358762288142435e-06,-2.9549677035252566
0.00026027329925285095,0.04446892596089952,4.834978784505832e-06,-3.0474436974498618
0.0002603552234893171,0.04445493322145304,4.706650424261089e-06,3.104107419200943
0.0002604371477257832,0.04444094928523995,6.023381551024392e-06,3.02715935669146
0.00026051907196224933,0.04442697414395527,2.6404158004040905e-06,3.0138201098478143
0.0002606009961987154,0.04441300778930456,3.781599773159664e-06,2.7977689469616736
0.00026068292043518156,0.0443990502130037,3.7096886997174894e-06,2.0543350657769732
0.00026076484467164765,0.04438510140677907,4.557103472885484e-06,2.978612040085629
0.0002608467689081138,0.044371161362367385,3.646304299078379e-06,-2.9654401172914153
0.0002609286931445799,0.04435723007151579,4.441378560946907e-06,-3.091394314026484
0.000261010617381046,0.04434330752598172,5.604372191811411e-06,2.8116507792776657
0.0002610925416175121,0.044329393717533035,2.9233501883744012e-06,2.8474841379677653
0.00026117446585397825,0.04431548863794786,5.727601023976459e-06,2.8052817641366388
0.00026125639009044434,0.04430159227901467,4.330198341194819e-06,2.455354353407617
0.0002613383143269105,0.04428770463253222,2.327715415640931e-06,-2.8421084263046974
0.0002614202385633766,0.044273825690309555,3.1110313833167695e-06,-2.732499520805054
0.0002615021627998427,0.04425995544416597,2.7265242339252804e-06,-3.029677962586403
0.0002615840870363088,0.04424609388593103,3.0579383164897075e-06,2.3016758182394033
0.00026166601127277495,0.044232241007444516,3.2764704599205067e-06,2.4602943960722197
0.00026174793550924104,0.04421839680055643,3.1408940104693134e-06,-3.0210488589165743
0.0002618298597457072,0.04420456125712696,3.873730039091843e-06,2.461388827631155
0.00026191178398217327,0.04419073436902652,7.1626029296362e-06,3.112652734491714
0.0002619937082186394,0.04417691612813564,3.9202365410592615e-06,-2.8519782155128652
0.0002620756324551055,0.044163106526345045,2.455317567945835e-06,-2.8863139082056684
0.00026215755669157164,0.04414930555555555,4.687112685331362e-06,-2.9404776251527336
0.0002622394809280378,0.044135513207678154,4.365154755111073e-06,2.6254710043337273
0.0002623214051645039,0.04412172947463391,3.4393259937465926e-06,-2.660561820743597
0.00026240332940097,0.04410795434835397,4.646505963695817e-06,2.7520078779049215
0.0002624852536374361,0.04409418782077958,1.96740493710238e-06,1.6564645878792599
0.00026256717787390225,0.044080429883862016,4.585234620065616e-06,-2.1589089161806156
0.00026264910211036834,0.04406668052956263,3.064133571844521e-06,2.9121321951046855
0.0002627310263468345,0.04405293974985274,4.431231412198974e-06,2.674265029093937
0.00026281295058330057,0.04403920753671377,5.097372566779397e-06,2.4286476639614882
0.0002628948748197667,0.04402548388213704,1.8080141008698906e-06,2.7229296263634177
0.0002629767990562328,0.04401176877812391,3.521292099133258e-06,2.9061104639327078
0.00026305872329269894,0.04399806221668569,4.534674474665067e-06,2.944231422923258
0.00026314064752916503,0.04398436418984364,4.893474516540765e-06,2.925894245241218
0.0002632225717656312,0.04397067468962893,3.5263664366287755e-06,3.1278490668827823
0.00026330449600209726,0.04395699370808269,4.504803886720222e-06,-3.1296462927257993
0.0002633864202385634,0.04394332123725591,2.17858660598471e-06,-3.1296979504619937
0.0002634683444750295,0.043929657269209506,4.842249321045541e-06,2.8535107229983665
0.00026355026871149564,0.04391600179601422,6.865770170428808e-06,2.9800444309046354
0.0002636321929479617,0.04390235480975071,4.086669778618953e-06,-1.761218629882849
0.00026371411718442787,0.0438887163025094,2.0699151702649706e-06,-2.9250227317079593
0.00026379604142089396,0.04387508626639062,4.969329748997222e-06,-3.132799252857776
0.0002638779656573601,0.04386146469350443,3.5729033690296436e-06,-3.1165703665245164
0.0002639598898938262,0.04384785157597076,1.9353147328554355e-06,-2.951373756449778
0.00026404181413029233,0.04383424690591926,9.107744407222876e-07,2.8571043033977834
0.0002641237383667584,0.04382065067548939,5.263896955962304e-06,2.3634688186280153
0.00026420566260322456,0.04380706287683032,2.453172623516465e-06,-2.1537609625196055
0.00026428758683969065,0.04379348350210099,2.440413493183369e-06,1.8573679004889034
0.0002643695110761568,0.04377991254347002,6.309550879992228e-06,2.591762626577221
0.0002644514353126229,0.043766349993115794,3.6828390772046253e-06,-2.8205262708582866
0.000264533359549089,0.04375279584322631,3.377107898341177e-06,3.001240194362782
0.0002646152837855551,0.04373925008599931,1.3371569401689104e-06,-2.861384326450009
0.00026469720802202126,0.043725712713642145,4.9577104204525935e-06,-3.084102858094685
0.00026477913225848735,0.043712183718371836,4.419672913919682e-06,-2.7136393448863165
0.0002648610564949535,0.043698663092415026,4.373517444282547e-06,2.728652048618506
0.0002649429807314196,0.043685150828007974,4.718114643542777e-06,2.7586951706294616
0.0002650249049678857,0.04367164691739653,3.714115237022252e-06,-3.048395908679948
0.0002651068292043518,0.04365815135283615,3.7632974827423524e-06,2.7675726971316554
0.00026518875344081795,0.043644664126591834,5.133182706897079e-06,2.4158855768830603
0.00026527067767728404,0.04363118523093817,3.3530468479021084e-06,-2.785638949918199
0.0002653526019137502,0.04361771465815924,3.7820650007038825e-06,2.776817327905321
0.00026543452615021627,0.043604252400548695,6.606378777591392e-06,-2.8716954303212714
0.0002655164503866824,0.04359079845040968,4.035932165485967e-06,2.9412000861019356
0.0002655983746231485,0.043577352800054835,5.215514439556335e-06,2.8840017355603904
0.00026568029885961465,0.04356391544180628,4.1350556305541525e-06,2.9515628739171818
0.00026576222309608073,0.04355048636799562,3.2844671598658956e-06,2.8151966491693483
0.0002658441473325469,0.04353706557096387,3.909457500071404e-06,3.1224117440157952
0.00026592607156901297,0.04352365304306154,4.609027343816738e-06,2.416674085839413
0.0002660079958054791,0.043510248776648525,4.540992394928633e-06,2.5520420919818023
0.0002660899200419452,0.043496852764094145,2.569086486687853e-06,2.134523046012973
0.00026617184427841134,0.04348346499777709,8.555927330250348e-06,2.301270150531105
0.00026625376851487743,0.043470085470085476,3.7503307574181573e-06,-2.5592686893474386
0.00026633569275134357,0.043456714173416726,5.1621433043975325e-06,-2.9598772783460987
0.00026641761698780966,0.04344335110017767,3.488571724414281e-06,2.685779467064106
0.0002664995412242758,0.04342999624278444,4.083959107315628e-06,2.848032411313664
0.0002665814654607419,0.0434166495936625,6.875594111805507e-06,3.0962065622619357
0.00026666338969720803,0.04340331114524663,4.779861788742844e-06,2.2075438058122416
0.0002667453139336741,0.043389980889980896,4.810724439679631e-06,-2.98185650160863
0.00026682723817014027,0.043376658820318624,1.746136422895929e-06,2.84735185894694
0.00026690916240660635,0.04336334492872246,3.291022056813467e-06,2.689797123372449
0.0002669910866430725,0.04335003920766424,3.691065214218546e-06,2.893488320882222
0.0002670730108795386,0.04333674164962509,4.142262972348574e-06,-3.0931982705130836
0.00026715493511600473,0.0433234522470953,4.221895600852975e-06,-3.059100589334689
0.0002672368593524708,0.04331017099257443,2.0074138900082626e-06,2.8992099166542076
0.00026731878358893696,0.04329689787857118,3.207703435102783e-06,-2.5401729675607023
0.0002674007078254031,0.04328363289760348,3.54601782300386e-06,2.9089525464095805
0.0002674826320618692,0.0432703760421984,4.062794548114278e-06,2.8858004957456207
0.00026756455629833533,0.04325712730489215,3.997217423000649e-06,2.934441281894771
0.0002676464805348014,0.04324388667823011,4.902103636579378e-06,2.430755985949746
0.00026772840477126757,0.043230654154766755,2.971545150330177e-06,2.7095878816400485
0.00026781032900773365,0.0432174297270657,3.2854197551526918e-06,2.291296019099779
0.0002678922532441998,0.04320421338769962,3.893141770603839e-06,2.6196741824441765
0.0002679741774806659,0.04319100512925031,4.706951374331068e-06,2.796616258918214
0.00026805610171713203,0.043177804944308604,4.685789890397225e-06,2.8275123067987047
0.0002681380259535981,0.04316461282547442,3.4949226856609837e-06,-3.1111478098857983
0.00026821995019006426,0.04315142876535668,5.314970466918097e-06,2.691905575815559
0.00026830187442653035,0.04313825275657337,4.302439426944549e-06,-3.080940688504929
0.0002683837986629965,0.04312508479175145,2.7221560092187098e-06,2.8799169216519793
0.0002684657228994626,0.04311192486352693,4.4137126370567366e-06,2.721305551910433
0.0002685476471359287,0.04309877296454477,4.315549557547323e-06,2.879004016775617
0.0002686295713723948,0.043085629087458915,5.191983236155294e-06,3.1164468889921815
0.00026871149560886095,0.04307249322493224,5.262350553483583e-06,2.7918631784369268
0.00026879341984532704,0.04305936536963663,1.7521140442566949e-06,2.823540371893931
0.0002688753440817932,0.043046245514252825,5.323658126926059e-06,3.040584537447758
0.0002689572683182593,0.04303313365147054,3.5897885538032217e-06,2.5063359968776586
0.0002690391925547254,0.04302002977398836,2.980492007907667e-06,2.5748417153533767
0.0002691211167911915,0.043006933874513785,4.173731675205922e-06,2.517839874860837
0.00026920304102765765,0.042993845945763165,4.636770092979926e-06,-3.080043132991975
0.00026928496526412374,0.04298076598046175,5.608193501868039e-06,2.8563355405878013
0.0002693668895005899,0.042967693971343604,1.5342701950864328e-06,2.0151263484747144
0.00026944881373705597,0.04295462991115165,3.378816739511086e-06,-2.813019633040003
0.0002695307379735221,0.04294157379263762,3.4530329682548912e-06,2.9966509455278483
0.0002696126622099882,0.04292852560856207,5.7313522116023025e-06,2.5273804620207945
0.00026969458644645434,0.04291548535169434,3.4144829729488753e-06,3.068883469493799
0.00026977651068292043,0.04290245301481257,3.7958565498258217e-06,3.115973208007362
0.0002698584349193866,0.04288942859070363,4.615287441758349e-06,3.1180429412906987
0.00026994035915585266,0.04287641207216321,4.8463619420999635e-06,2.960235553896829
0.0002700222833923188,0.04286340345199568,5.105332592298025e-06,2.74583029832911
0.0002701042076287849,0.042850402723014186,3.3684796372065187e-06,3.13485657400331
0.00027018613186525104,0.04283740987804056,3.8124670998672543e-06,2.696099626108205
0.0002702680561017171,0.04282442490990536,4.144402808997104e-06,2.7430043289579853
0.00027034998033818327,0.04281144781144781,2.2607491349608182e-06,3.044016716507194
0.00027043190457464936,0.04279847857551584,4.590577918705423e-06,2.957431268210246
0.0002705138288111155,0.04278551719496601,4.41081587431483e-06,2.845196091794492
0.0002705957530475816,0.04277256366266357,3.893325895309454e-06,-3.07368983659927
0.00027067767728404773,0.042759617971482373,4.202968285153371e-06,3.056871271649756
0.0002707596015205138,0.04274668011430493,3.3974348878834387e-06,2.3884905900120446
0.00027084152575697996,0.04273375008402232,4.988658414196131e-06,2.9820770408255868
0.00027092344999344605,0.042720827873534255,4.171755478939652e-06,3.1256347868026078
0.0002710053742299122,0.042707913475749024,4.684177565246104e-06,2.67521908593754
0.0002710872984663783,0.04269500688358349,4.62912044423786e-06,-2.910540374344271
0.0002711692227028444,0.042682108089963075,2.6778713189837938e-06,2.881853103459438
0.0002712511469393105,0.04266921708782174,3.6393476317237263e-06,3.0044684584418437
0.00027133307117577666,0.04265633387010199,4.085549307807771e-06,-3.051672717066451
0.00027141499541224275,0.04264345842975484,1.8841882766057975e-06,2.2165550120167947
0.0002714969196487089,0.04263059075973982,4.666241217989573e-06,3.0334483881014935
0.000271578843885175,0.04261773085302498,3.0372394517818914e-06,2.797177989260678
0.0002716607681216411,0.04260487870258678,3.890642691370194e-06,2.81381567631481
0.0002717426923581072,0.042592034301410245,2.6720232012421767e-06,2.4793790880751247
0.00027182461659457335,0.04257919764248878,2.741422175556377e-06,2.865177441931171
0.00027190654083103944,0.04256636871882428,1.7463804863826538e-06,1.7863321323347916
0.0002719884650675056,0.04255354752342704,4.372696687195256e-06,-2.995790111806465
0.00027207038930397167,0.042540734049315805,1.6089285515212587e-06,2.1227415164039303
0.0002721523135404378,0.042527928289517694,5.528903116549291e-06,2.5423170747986665
0.0002722342377769039,0.042515130237068245,3.252344033942838e-06,-2.594515158257943
0.00027231616201337005,0.04250233988501136,4.152010712282008e-06,3.0245050770836546
0.00027239808624983613,0.042489557226399334,3.94822589733223e-06,2.1232692970690463
0.0002724800104863023,0.04247678225429278,4.631190577933728e-06,3.0245907383653474
0.00027256193472276837,0.042464014961760686,5.558151740785566e-06,-2.533328771851843
0.0002726438589592345,0.042451255341880344,2.969637290670705e-06,-2.620483465930691
0.00027272578319570065,0.042438503387737386,2.4360300266345292e-06,2.412165259750915
0.00027280770743216674,0.04242575909242576,2.5687205261957783e-06,3.1196488193335785
0.0002728896316686329,0.04241302244904766,4.030062610101587e-06,2.719790724446471
0.00027297155590509897,0.04240029345071362,3.0416205981529832e-06,-3.014057288061955
0.0002730534801415651,0.042387572090542384,5.2374465372227466e-06,2.3925608819589983
0.0002731354043780312,0.042374858361661,6.203632536818566e-06,2.5717344105330913
0.00027321732861449735,0.04236215225720473,1.9715244369819956e-06,2.73016531210707
0.00027329925285096343,0.04234945377031708,3.731664213016921e-06,-2.701537148040602
0.0002733811770874296,0.04233676289414977,6.4311958996009775e-06,2.7395496034766356
0.00027346310132389567,0.04232407962186272,3.0011485587184823e-06,-2.9083238783057053
0.0002735450255603618,0.04231140394662407,7.0208321272093916e-06,2.445128253606503
0.0002736269497968279,0.042298735861610114,3.5422851831778444e-06,2.9299392008164045
0.00027370887403329404,0.04228607536000532,6.697728076956679e-07,-2.37204432505927
0.00027379079826976013,0.04227342243500233,4.157057340114799e-06,3.1384364008734984
0.00027387272250622627,0.0422607770798019,4.272418789857516e-06,2.593083217658596
0.00027395464674269236,0.04224813928761297,2.311758203961865e-06,2.3188735922153922
0.0002740365709791585,0.04223550905165255,3.1698138510099434e-06,2.447811010752125
0.0002741184952156246,0.042222886365145776,4.275907112690209e-06,2.865248425110189
0.00027420041945209073,0.042210271221325896,4.013915799749728e-06,2.638711428162804
0.0002742823436885568,0.04219766361343422,3.7379519175175e-06,2.5674592271108434
0.00027436426792502297,0.042185063534720145,4.61081338839964e-06,3.0854036832793845
0.00027444619216148905,0.04217247097844112,1.7202988740310298e-06,-3.078380947685748
0.0002745281163979552,0.04215988593786266,3.7255621853959154e-06,3.020613677068492
0.0002746100406344213,0.042147308406258285,4.89973912673447e-06,2.5399019016278146
0.00027469196487088743,0.042134738376909564,4.96980545608943e-06,2.9882861168738724
0.0002747738891073535,0.042122175843106076,3.6779642853885697e-06,2.490400886384207
0.00027485581334381966,0.042109620798145384,3.0357635133800665e-06,2.8410796672570715
0.00027493773758028575,0.04209707323533307,6.1890452675039435e-06,-2.709274857683411
0.0002750196618167519,0.042084533147982654,5.219515840254321e-06,2.91430427158437
0.000275101586053218,0.042072000529415655,3.5284086126209826e-06,2.6341987999463914
0.0002751835102896841,0.04205947537296153,3.4221928649045693e-06,2.718757448986534
0.0002752654345261502,0.04204695767195767,3.2552659812979796e-06,-3.037151395223521
0.00027534735876261635,0.04203444741974941,4.197684053193181e-06,2.445111745683819
0.00027542928299908244,0.04202194460969,4.4062307835088735e-06,3.094193475272156
0.0002755112072355486,0.04200944923514058,1.352485987559631e-06,2.032463526817601
0.0002755931314720147,0.041996961289470204,8.809244162784748e-07,2.071585552765389
0.0002756750557084808,0.0419844807660558,6.697599130554257e-06,2.8237075114698995
0.0002757569799449469,0.04197200765828217,3.1608244465302734e-06,2.887053495515361
0.00027583890418141305,0.041959541959541956,5.9537451930608265e-06,-3.081016248317629
0.00027592082841787914,0.041947083663235685,4.5200790663816944e-06,2.5867043687917373
0.0002760027526543453,0.04193463276277168,2.9755206248279997e-06,-3.0084934780578574
0.00027608467689081137,0.04192218925156611,1.2252029748737885e-06,2.8826063731864946
0.0002761666011272775,0.041909753123042945,4.070774068632457e-06,3.0285512489792112
0.0002762485253637436,0.04189732437063398,4.207846536918709e-06,-3.0712956776718876
0.00027633044960020974,0.04188490298777876,5.31870900906688e-06,-2.5065689178997665
0.00027641237383667583,0.041872488967924656,5.950769588308417e-06,-3.0443474776037
0.000276494298073142,0.041860082304526744,5.238580891646542e-06,2.7722037792073646
0.00027657622230960806,0.04184768299104792,6.835356686142217e-06,2.9945238390405806
0.0002766581465460742,0.04183529102095877,4.101955243632845e-06,2.7616673119927184
0.0002767400707825403,0.041822906387737654,1.6329662949983361e-06,2.309305106801786
0.00027682199501900644,0.0418105290848706,3.4707169072423324e-06,-2.862905712678003
0.0002769039192554725,0.04179815910585141,4.543008310027041e-06,-3.1084582511679524
0.00027698584349193867,0.04178579644418154,4.304926108038519e-06,1.8483219349448452
0.00027706776772840476,0.04177344109337013,3.1735197005012085e-06,2.5820730453535345
0.0002771496919648709,0.04176109304693402,4.819323145736919e-06,-2.8078673684647164
0.000277231616201337,0.04174875229839769,4.15068843965355e-06,-2.960124534891951
0.00027731354043780313,0.04173641884129328,5.6851290720596095e-06,2.720596330626962
0.0002773954646742692,0.0417240926691606,1.4330485134873688e-06,2.5236249082234905
0.00027747738891073536,0.04171177377554702,5.730437784637339e-06,-2.997733225297707
0.00027755931314720145,0.04169946215400761,2.5554660688426996e-06,-2.8543009499870706
0.0002776412373836676,0.04168715779810497,2.9246719535195894e-06,3.1192742813372765
0.0002777231616201337,0.041674860701409376,8.534025499079474e-07,-2.407166526868223
0.0002778050858565998,0.0416625708574986,4.343859992937511e-06,3.0526279551209647
0.0002778870100930659,0.04165028825995807,2.153851541952465e-06,-2.8446600652031764
0.00027796893432953206,0.041638012902380714,2.797878945893807e-06,-2.616523905930018
0.0002780508585659982,0.041625744778367044,2.079852528590451e-06,-3.0384539053915627
0.0002781327828024643,0.041613483881525117,5.120394841681591e-06,2.816741734092773
0.00027821470703893043,0.041601230205470484,2.7483646790490687e-06,3.1262374751685504
0.0002782966312753965,0.041588983743826254,6.467337866366276e-06,3.0876208334361332
0.00027837855551186266,0.041576744490223,5.313514726403207e-06,2.5394407595391666
0.00027846047974832875,0.041564512438298847,3.283267947645086e-06,2.487712803554284
0.0002785424039847949,0.04155228758169934,1.9810065242708084e-06,2.8464133341185476
0.000278624328221261,0.04154006991407756,2.8556568509083204e-06,1.8754433690619126
0.0002787062524577271,0.041527859429094,4.390308352399774e-06,-2.8747624676410792
0.0002787881766941932,0.041515656120416626,4.360012883416995e-06,2.580597665103542
0.00027887010093065936,0.04150345998172084,4.032824132840601e-06,2.4512967632506704
0.00027895202516712545,0.041491271006689506,4.9066477627572856e-06,2.621265050459365
0.0002790339494035916,0.04147908918901285,4.215832356032119e-06,2.9776231331319734
0.0002791158736400577,0.04146691452238854,4.3724782692838745e-06,-2.647827929359647
0.0002791977978765238,0.041454747000521645,1.982001583038308e-06,2.0796707546560174
0.0002792797221129899,0.041442586617124605,5.351513071715839e-06,2.918416680453116
0.00027936164634945605,0.04143043336591723,7.089484498590573e-06,3.0559276644905395
0.00027944357058592214,0.04141828724062673,4.257579972610885e-06,2.2128077707469034
0.0002795254948223883,0.04140614823498762,5.757769865765233e-06,2.7315455818785046
0.00027960741905885437,0.041394016342741806,3.934967537699638e-06,2.1440515748919897
0.0002796893432953205,0.041381891557638474,3.134310741283235e-06,3.0175442450445007
0.0002797712675317866,0.0413697738734342,2.5394002552946137e-06,2.755030693127411
0.00027985319176825275,0.04135766328389279,3.456891495329074e-06,2.436261952613666
0.00027993511600471883,0.04134555978278542,3.2929314065267842e-06,-2.7830251671371427
0.000280017040241185,0.04133346336389051,3.642324738780045e-06,2.6606124174966723
0.00028009896447765107,0.04132137402099379,3.7915309444698793e-06,2.6031324495844324
0.0002801808887141172,0.041309291747888235,1.0442687433684455e-06,2.871376672165202
0.0002802628129505833,0.04129721653837409,5.9130572791299e-06,-3.1265175876664326
0.00028034473718704944,0.041285148386258845,5.488110013872581e-06,2.767683917234994
0.00028042666142351553,0.041273087285357224,4.644000327516777e-06,2.4138359860741385
0.00028050858565998167,0.04126103322949117,2.8695376606837534e-06,2.2835906432041617
0.00028059050989644776,0.04124898621248986,2.3200497758318025e-06,2.6322071937519733
0.0002806724341329139,0.04123694622818966,4.497437700093191e-06,-3.02794168350384
0.00028075435836938,0.041224913270434135,7.184806676571148e-06,2.9198666487658556
0.00028083628260584613,0.04121288733307403,3.446822430945723e-06,2.839759553096867
0.0002809182068423122,0.04120086840996727,5.021735695694058e-06,2.724620100179754
0.00028100013107877837,0.04118885649497894,3.8231111159426245e-06,2.490500226207527
0.00028108205531524445,0.04117685158198128,3.5515887578877276e-06,2.802116614191239
0.0002811639795517106,0.041164853664853666,4.581579823512369e-06,2.7886099820746195
0.0002812459037881767,0.04115286273748261,2.5137872808805145e-06,-2.6053561491153627
0.00028132782802464283,0.04114087879376173,2.578332044394927e-06,2.688150240487391
0.0002814097522611089,0.04112890182759178,2.7146574964793186e-06,-2.2550922039606442
0.00028149167649757506,0.04111693183288061,3.3411896587478207e-06,3.0162704098065993
0.00028157360073404115,0.04110496880354315,5.564848000829614e-06,2.917185397169916
0.0002816555249705073,0.04109301273350139,3.139235944320025e-06,2.902294080015154
0.0002817374492069734,0.04108106361668444,1.2456649912480309e-06,2.187590794514035
0.0002818193734434395,0.04106912144702842,2.410333454388433e-06,3.12948221798875
0.0002819012976799056,0.041057186218476545,3.694575884729916e-06,3.0808396507703435
0.00028198322191637175,0.04104525792497901,3.0980658126284706e-06,-3.010757611269964
0.00028206514615283784,0.041033336560493114,1.8515408591222017e-06,2.44053546820128
0.000282147070389304,0.041021422118983096,3.7548383507569116e-06,3.0980183250069446
0.0002822289946257701,0.04100951459442026,3.8032140453167546e-06,2.5011187338608583
0.0002823109188622362,0.04099761398078287,4.35129972391799e-06,2.2506538430715253
0.0002823928430987023,0.04098572027205622,1.3633250859057738e-06,1.9943129349535855
0.00028247476733516845,0.04097383346223253,4.214270090281155e-06,2.786513404057127
0.00028255669157163454,0.04096195354531104,3.6579413726502844e-06,2.8837096512030733
0.0002826386158081007,0.04095008051529791,6.058491679365902e-06,3.09474717811522
0.00028272054004456677,0.04093821436620625,2.9787844285842626e-06,2.8797205144864053
0.0002828024642810329,0.04092635509205613,1.3746336170455778e-06,-2.2492343758369495
0.000282884388517499,0.040914502686874535,6.229942533464613e-06,2.4806379713346787
0.00028296631275396514,0.04090265714469536,1.9125902518958856e-06,-2.8587666466349733
0.00028304823699043123,0.04089081845955942,2.1385684313838725e-06,2.728037452826416
0.0002831301612268974,0.0408789866255144,2.2163316969630757e-06,2.938282391948306
0.0002832120854633635,0.04086716163661491,4.8966744559082025e-06,2.860765819048564
0.0002832940096998296,0.040855343486922435,5.5855935884040554e-06,-2.977959143574773
0.00028337593393629575,0.04084353217050528,9.281758532053644e-07,-2.5283621831851586
0.00028345785817276184,0.04083172768143866,4.381248744390216e-06,2.953947748710289
0.000283539782409228,0.04081993001380461,6.641843752722312e-06,2.930203087627851
0.00028362170664569407,0.04080813916169202,3.506040373834082e-06,2.401391754301673
0.0002837036308821602,0.04079635511919658,4.055756477397531e-06,-2.4270910773319008
0.0002837855551186263,0.040784577880420836,4.139907536283404e-06,-2.8039409529998904
0.00028386747935509244,0.0407728074394741,5.224157030450768e-06,-3.1164413707416476
0.00028394940359155853,0.040761043790472525,4.991720119863221e-06,3.0537910272479376
0.0002840313278280247,0.040749286927539013,6.047515762951047e-06,-2.927040640023543
0.00028411325206449076,0.04073753684480328,3.519297265391479e-06,2.9519405891485886
0.0002841951763009569,0.04072579353640177,2.087118505512903e-06,3.1359948311393167
0.000284277100537423,0.040714056996477746,4.6115921272664985e-06,2.6638889362344274
0.00028435902477388914,0.04070232721918114,6.870158574558694e-06,-3.052674595949718
0.0002844409490103552,0.04069060419866871,4.873652905708242e-06,-3.0060255518735337
0.00028452287324682137,0.040678887929103874,3.7332969011937296e-06,-3.090850631784227
0.00028460479748328746,0.04066717840465681,3.8772968912628995e-06,-2.972724755615068
0.0002846867217197536,0.04065547561950439,3.997849278302802e-06,-2.6997542873238976
0.0002847686459562197,0.0406437795678302,5.043964517786483e-06,2.8550198863637735
0.00028485057019268583,0.04063209024382449,5.2832951877606215e-06,2.5173734849196605
0.0002849324944291519,0.04062040764168424,4.333873824525481e-06,2.8470491010251684
0.00028501441866561806,0.04060873175561304,3.7423339852664966e-06,1.8983030853606977
0.00028509634290208415,0.0405970625798212,3.566463092764757e-06,2.644436602212765
0.0002851782671385503,0.04058540010852564,6.117539203238063e-06,-2.7241064596458733
0.0002852601913750164,0.040573744335949964,3.43088582478009e-06,2.0405169755453727
0.0002853421156114825,0.040562095256324364,7.115306416292308e-06,-2.9385589463799002
0.0002854240398479486,0.0405504528638857,3.5740235736388626e-06,2.9551208357341685
0.00028550596408441476,0.0405388171528774,4.609090537565899e-06,2.636547761288224
0.00028558788832088085,0.040527188117549566,2.7414771869388657e-06,3.0014666594069093
0.000285669812557347,0.04051556575215881,5.978761442483529e-06,2.881203098832449
0.0002857517367938131,0.0405039500509684,3.6995371833466438e-06,3.014995159260844
0.0002858336610302792,0.04049234100824814,3.758087653046411e-06,2.8169135736912327
0.0002859155852667453,0.040480738618274434,3.1456342417259145e-06,-2.746337529174886
0.00028599750950321145,0.04046914287533021,4.5655353461907085e-06,-2.9356440495154694
0.00028607943373967754,0.040457553773704975,2.0089003330756487e-06,2.7446064524198532
0.0002861613579761437,0.040445971307694756,6.260102605990916e-06,2.696463638722014
0.00028624328221260977,0.040434395471602116,4.929253611412281e-06,3.003045869042283
0.0002863252064490759,0.040422826259736123,4.698350476316446e-06,2.829208768133165
0.000286407130685542,0.04041126366641241,2.9640320505048913e-06,2.4022854078975215
0.00028648905492200815,0.04039970768595304,4.396943342703519e-06,2.5252105321515916
0.00028657097915847423,0.04038815831268661,5.353009219849809e-06,2.954579182472411
0.0002866529033949404,0.0403766155409482,2.0414454565911703e-06,2.824290716149396
0.00028673482763140647,0.04036507936507937,4.915537164059472e-06,2.677600977334565
0.0002868167518678726,0.040353549779428094,3.6117692681974504e-06,-2.475768621827238
0.0002868986761043387,0.04034202677834888,2.9789432407859184e-06,2.0020202215717218
0.00028698060034080484,0.04033051035620262,1.1140182331316901e-06,2.7123544256062244
0.00028706252457727093,0.04031900050735667,3.6909312928159567e-06,2.4917726114063137
0.00028714444881373707,0.04030749722618481,2.475487087980297e-06,1.4864785919658416
0.00028722637305020316,0.04029600050706725,2.176125011308072e-06,2.5117362255747437
0.0002873082972866693,0.04028451034439058,1.4205392330960098e-06,2.7843861848622695
0.0002873902215231354,0.04027302673254783,3.3938136731843664e-06,-2.9188859003782923
0.00028747214575960153,0.040261549665938375,6.549022773413954e-06,-3.055509177097917
0.0002875540699960676,0.04025007913896803,3.6083797195484863e-06,-3.046027864080421
0.00028763599423253377,0.04023861514604892,4.96983856493129e-06,2.6795089408567834
0.00028771791846899985,0.040227157681599596,4.398799354395594e-06,-2.730415761715462
0.000287799842705466,0.04021570674004491,3.1384146238087086e-06,1.7131015255275621
0.0002878817669419321,0.04020426231581611,1.8256729668912118e-06,2.7594428161253353
0.00028796369117839823,0.040192824403350716,5.985761332647264e-06,2.8918609117541343
0.0002880456154148643,0.040181392997092655,2.752362807269367e-06,-2.6522020186766473
0.00028812753965133046,0.04016996809149211,3.0314030036801267e-06,-2.9785490919933952
0.00028820946388779655,0.04015854968100563,5.08838002094951e-06,3.0071549624271574
0.0002882913881242627,0.040147137760095986,3.4015854377419845e-06,1.7988431478191584
0.00028837331236072883,0.04013573232323232,2.299975048958904e-06,-2.7800938276725056
0.0002884552365971949,0.04012433336489002,1.2437540476568714e-06,3.0809949437766466
0.00028853716083366107,0.04011294087955075,5.190933380484204e-06,2.312531234227311
0.00028861908507012715,0.040101554861702464,2.747873974306316e-06,2.8515962491025015
0.0002887010093065933,0.04009017530583932,2.122631470930015e-06,-2.7754567984692256
0.0002887829335430594,0.04007880220646178,4.4950365758406924e-06,2.586227123767097
0.00028886485777952553,0.04006743555807651,6.143817129555228e-06,2.563811373878665
0.0002889467820159916,0.04005607535519642,3.57257478082088e-06,2.4392404026107184
0.00028902870625245776,0.04004472159234063,2.731623350158598e-06,-3.091217970089672
0.00028911063048892385,0.04003337426403451,2.9715174124772513e-06,2.654181837902816
0.00028919255472539,0.04002203336480956,2.7235204373070085e-06,3.0950451963565024
0.0002892744789618561,0.04001069888920356,3.1936177461077663e-06,2.860467533961468
0.0002893564031983222,0.03999937083176041,5.4171364168752385e-06,-2.2874794658235373
0.0002894383274347883,0.03998804918703022,3.353975100699743e-06,1.9586652746106323
0.00028952025167125445,0.03997673394956926,2.942399035095692e-06,-2.916645332352966
0.00028960217590772054,0.03996542511393997,4.667042940134957e-06,2.9241848078744215
0.0002896841001441867,0.03995412267471091,3.14959026577548e-06,2.077024789450274
0.0002897660243806528,0.03994282662645682,2.726400116760016e-06,3.0416931064434207
0.0002898479486171189,0.039931536963758556,5.54727372510528e-06,2.9766152596606563
0.000289929872853585,0.039920253681203104,4.249089838542539e-06,3.020620939632024
0.00029001179709005115,0.03990897677338355,5.323658810288929e-06,2.58173687899682
0.00029009372132651724,0.03989770623489912,1.0605359523281709e-06,-0.6803120998990528
0.0002901756455629834,0.039886442060355104,4.949946484626485e-06,-2.4856860359277726
0.00029025756979944947,0.039875184244362906,3.308200522803229e-06,2.9635416836368957
0.0002903394940359156,0.039863932781540004,3.5167195252646556e-06,2.7975034570220427
0.0002904214182723817,0.03985268766650995,2.7455005750458006e-06,-3.1217218640019215
0.00029050334250884784,0.03984144889390236,3.998949020968714e-06,2.8528038511581344
0.00029058526674531393,0.03983021645835291,3.233843814345412e-06,-2.9852176612964825
0.0002906671909817801,0.039818990354503314,6.004147724566742e-06,2.9296775538850555
0.00029074911521824616,0.03980777057700135,3.7232315572083716e-06,2.7101386259877644
0.0002908310394547123,0.03979655712050078,5.774941117172885e-06,-2.8949706772363015
0.0002909129636911784,0.03978534997966144,2.4516826237119637e-06,2.558578622529705
0.00029099488792764454,0.039774149149149146,2.824497184826282e-06,-2.9890977941391585
0.0002910768121641106,0.039762954623635736,2.3606569081516965e-06,-2.405219080101564
0.00029115873640057677,0.03975176639779904,2.2626825222850637e-06,2.61276730537838
0.00029124066063704286,0.039740584466322865,2.812157200080596e-06,-2.725312470877244
0.000291322584873509,0.039729408823897014,4.047566016407339e-06,2.795959790031716
0.0002914045091099751,0.039718239465217256,6.563888362379901e-06,2.9582758107344542
0.00029148643334644123,0.03970707638498532,2.9608680886069387e-06,2.7916454758009364
0.0002915683575829073,0.039695919577908904,8.163033909789847e-06,2.692422915075717
0.00029165028181937346,0.03968476903870162,6.264273934255161e-06,-2.7138671680341333
0.00029173220605583955,0.03967362476208306,4.170186805332064e-06,2.720110636612408
0.0002918141302923057,0.03966248674277871,3.60393361963268e-06,1.7706112197945103
0.0002918960545287718,0.039651354975520005,2.819041672253231e-06,-2.716419652353099
0.0002919779787652379,0.03964022945504427,5.424765871149689e-06,2.372328285826896
0.000292059903001704,0.03962911017609475,3.7257321110128024e-06,-2.9941265558857704
0.00029214182723817016,0.039617997133420575,2.9949203179755374e-06,2.679155749633151
0.00029222375147463625,0.039606890321776785,4.441915499633515e-06,2.8091068928424314
0.0002923056757111024,0.039595789735924265,3.6358024721159296e-06,2.9479977475884276
0.0002923875999475685,0.03958469537062981,5.232422432587857e-06,2.5954530976864874
0.0002924695241840346,0.039573607220666045,3.781463390762155e-06,2.974622235031308
0.0002925514484205007,0.03956252528081148,3.4873763541485897e-06,2.5967909147500876
0.00029263337265696685,0.03955144954585044,3.4760859075775887e-06,2.2888047633677235
0.00029271529689343294,0.039540380010573126,3.986524130457351e-06,2.114310029320656
0.0002927972211298991,0.039529316669775535,4.692833014451692e-06,2.168982245568071
0.00029287914536636517,0.03951825951825952,4.777361324807077e-06,3.0742157304224658
0.0002929610696028313,0.03950720855083271,3.0244933879890895e-06,2.5310592817552897
0.0002930429938392974,0.03949616376230858,4.0335296554867755e-06,-3.0906298330507425
0.00029312491807576355,0.039485125147506364,3.9803050221530305e-06,-2.8204117626978973
0.00029320684231222963,0.03947409270125113,5.266315113944532e-06,2.679140063851363
0.0002932887665486958,0.03946306641837368,4.537998751261234e-06,2.2097764880385107
0.00029337069078516187,0.03945204629371064,1.990047806684579e-06,2.822490529587859
0.000293452615021628,0.039441032322104344,3.1871630438137124e-06,2.580460104843272
0.0002935345392580941,0.03943002449840296,6.9721364764528826e-06,2.585529903372149
0.00029361646349456024,0.03941902281746031,2.497294992225365e-06,-2.5508904636727467
0.0002936983877310264,0.03940802727413605,3.552497920260536e-06,2.9467821625120614
0.00029378031196749247,0.03939703786329553,2.6422452672122883e-06,-2.7574624914122396
0.0002938622362039586,0.0393860545798098,4.298970975477874e-06,2.6053530544193326
0.0002939441604404247,0.03937507741855568,5.903253302636827e-06,2.4864940451164124
0.00029402608467689085,0.03936410637441565,3.0797028663044e-06,2.143305861574887
0.00029410800891335693,0.03935314144227793,2.3904281467001484e-06,2.6339283252533496
0.0002941899331498231,0.03934218261703641,6.082644711030414e-06,2.4082904397663016
0.00029427185738628917,0.0393312298935907,2.485392535284927e-06,-2.9129568102483097
0.0002943537816227553,0.03932028326684602,2.9310494283860057e-06,-3.0649640072541997
0.0002944357058592214,0.03930934273171335,2.684254336689246e-06,2.841933246047246
0.00029451763009568754,0.03929840828310925,2.6583970192164962e-06,2.4522071250847817
0.00029459955433215363,0.039287479915956,2.8512838355325144e-06,3.0325100073968714
0.00029468147856861977,0.03927655762518147,3.667649952458949e-06,2.1321574561274623
0.00029476340280508586,0.039265641405719226,2.8131185030911616e-06,2.8307343039916866
0.000294845327041552,0.03925473125250841,3.202116284493614e-06,-3.1263397008582965
0.0002949272512780181,0.03924382716049383,3.1566813864624938e-06,-2.680825351537633
0.00029500917551448423,0.03923292912462587,4.154465522685632e-06,2.754133257963289
0.0002950910997509503,0.039222037139860576,1.8965810864431587e-06,3.0196453776544954
0.00029517302398741647,0.039211151201159526,5.1963958823604905e-06,2.291408309292372
0.00029525494822388255,0.03920027130348995,1.981890501341665e-06,2.662011234527661
0.0002953368724603487,0.039189397441824626,2.7129105801556285e-06,2.830528456658368
0.0002954187966968148,0.039178529611141925,6.915503081248811e-06,2.796063925488476
0.00029550072093328093,0.03916766780642578,2.458197142787066e-06,-2.7386316219434987
0.000295582645169747,0.03915681202266568,6.608075904298445e-06,2.3956414913368507
0.00029566456940621316,0.039145962254856684,3.045872631204207e-06,-2.701568889153462
0.00029574649364267925,0.03913511849799938,3.1170191592456105e-06,2.968303648262528
0.0002958284178791454,0.03912428074709991,2.194699287893249e-06,2.4359823939812135
0.0002959103421156115,0.03911344899716993,3.7176387733094564e-06,-2.5455898552680494
0.0002959922663520776,0.039102623243226615,2.557916624049145e-06,-3.010129318724342
0.0002960741905885437,0.03909180348029269,2.5644133637934232e-06,2.5010601127636916
0.00029615611482500985,0.03908098970339634,7.590563887622867e-06,2.860018189577766
0.00029623803906147594,0.039070181907571284,3.9913063407658e-06,2.401217353825828
0.0002963199632979421,0.03905938008785673,3.672983253411145e-06,-3.052130351839624
0.0002964018875344082,0.03904858423929734,2.3791444201878202e-06,2.1917850350288437
0.0002964838117708743,0.03903779435694329,4.119400723045406e-06,3.0480575972081874
0.0002965657360073404,0.03902701043585022,6.063070958800943e-06,2.409827396985497
0.00029664766024380655,0.039016232471079194,4.202144231209984e-06,3.023311866956272
0.00029672958448027264,0.03900546045769679,6.67058307172444e-06,2.69893786418375
0.0002968115087167388,0.038994694390774985,4.715174608944243e-06,3.054591572649994
0.00029689343295320487,0.03898393426539122,8.294587197821407e-06,3.020982602857569
0.000296975357189671,0.03897318007662835,4.117609617766621e-06,2.995634849030721
0.0002970572814261371,0.03896243181957468,2.069073142524588e-07,-2.708500419891097
0.00029713920566260324,0.0389516894893239,3.963070492801941e-06,2.9754169756727826
0.00029722112989906933,0.03894095308097514,1.0098575906326476e-06,2.694739469722898
0.0002973030541355355,0.0389302225896329,3.424978164026395e-06,-3.097752430158477
0.00029738497837200156,0.0389194980104071,2.2131545610508936e-06,3.051562274001498
0.0002974669026084677,0.038908779338413045,2.5562579516373644e-06,2.4404471754449717
0.0002975488268449338,0.03889806656877142,5.075282705748009e-06,-3.077546870298003
0.00029763075108139994,0.03888735969660825,6.640530269608017e-06,2.46455183678396
0.000297712675317866,0.03887665871705497,4.776184742242189e-06,3.0783770013042817
0.00029779459955433217,0.038865963625248356,5.066611502387685e-06,3.0503625819493054
0.00029787652379079826,0.03885527441633052,2.3031071951697322e-06,2.7953606525397845
0.0002979584480272644,0.03884459108544894,1.3423178993008516e-06,3.0438654651365535
0.0002980403722637305,0.0388339136277564,2.2390233046062913e-06,-3.0993266639631556
0.00029812229650019663,0.03882324203841104,3.5294493906410653e-06,2.8195026079793455
0.0002982042207366627,0.03881257631257631,3.4728403266624297e-06,2.385993993867577
0.00029828614497312886,0.03880191644542098,4.923410586258238e-06,2.8832760912450017
0.00029836806920959495,0.03879126243211911,1.4709342485381002e-06,2.5559242925124326
0.0002984499934460611,0.03878061426785006,3.6603596513075234e-06,2.992541517485001
0.0002985319176825272,0.038769971947798514,2.958167853589076e-06,-2.6035806706548894
0.0002986138419189933,0.0387593354671544,4.172191870218674e-06,2.8376641660419577
0.0002986957661554594,0.03874870482111294,4.187196866104558e-06,2.9882348384893307
0.00029877769039192556,0.03873808000487463,4.261060378977945e-06,2.1473178682053162
0.00029885961462839165,0.03872746101364523,2.2904999313303685e-06,2.722669158455897
0.0002989415388648578,0.03871684784263573,7.020693354107088e-06,2.5934688227053035
0.00029902346310132393,0.0387062404870624,6.168017217418874e-06,2.7323526196353876
0.00029910538733779,0.03869563894214675,3.398425065367816e-06,2.8732135131824603
0.00029918731157425616,0.03868504320311549,2.144169407448861e-06,-2.996609116558744
0.00029926923581072225,0.038674453265200595,1.3017146183002832e-06,2.8915661211192845
0.0002993511600471884,0.038663869123639234,2.5682212817157207e-06,-2.389705605690343
0.0002994330842836545,0.03865329077367381,4.043258157019175e-06,-3.1234001559707325
0.0002995150085201206,0.0386427182105519,2.8761133782682777e-06,2.813835265183996
0.0002995969327565867,0.03863215142952633,3.5542319395840217e-06,2.7333098759492067
0.00029967885699305286,0.03862159042585505,3.7525908254912325e-06,2.1638572055442844
0.00029976078122951895,0.03861103519480125,3.0948224564339923e-06,-3.00412017106882
0.0002998427054659851,0.038600485731633265,4.133800348166881e-06,2.663102370839955
0.0002999246297024512,0.03858994203162463,3.1448115741589896e-06,2.9372891706152404
0.0003000065539389173,0.038579404090054004,4.407684532927548e-06,2.685764422162007
0.0003000884781753834,0.03856887190220524,2.198135872430765e-06,2.0554686412348637
0.00030017040241184955,0.0385583454633673,3.5424507700964016e-06,-2.9434222197055138
0.00030025232664831564,0.038547824768834324,3.6486626466671576e-06,2.419780313139498
0.0003003342508847818,0.03853730981390556,3.7480494651848502e-06,-2.808051626112294
0.00030041617512124787,0.038526800593885406,5.37741078549258e-06,-2.8688484621881827
0.000300498099357714,0.03851629710408336,3.521968265726205e-06,-3.1291804940219428
0.0003005800235941801,0.03850579933981406,3.139921160241486e-06,2.988684620156084
0.00030066194783064625,0.03849530729639721,5.188669763424197e-06,2.773528161126613
0.00030074387206711233,0.03848482096915767,1.5529261930474853e-06,2.05961037511885
0.0003008257963035785,0.03847434035342531,4.159669722436981e-06,2.66949876963783
0.00030090772054004457,0.0384638654445352,5.415783892142488e-06,2.6843658668491597
0.0003009896447765107,0.03845339623782738,3.16556627861798e-06,-3.139104105012385
0.0003010715690129768,0.03844293272864702,4.02460120722735e-06,2.6829129544574397
0.00030115349324944294,0.03843247491234433,5.452794467771381e-06,2.7442308109492437
0.00030123541748590903,0.03842202278427462,3.409214908215822e-06,-2.9717201851078876
0.00030131734172237517,0.0384115763397982,3.949294573966629e-06,2.6301300119534794
0.00030139926595884126,0.03840113557428045,3.6486222574887573e-06,2.8382074279419314
0.0003014811901953074,0.03839070048309178,4.34496677925306e-06,2.75453783558151
0.0003015631144317735,0.03838027106160766,3.9108753624354676e-06,-2.8798083020222336
0.00030164503866823963,0.038369847305208524,5.769904087416777e-06,-3.031089332824573
0.0003017269629047057,0.03835942920927988,5.779995738809016e-06,2.7247354637045422
0.00030180888714117187,0.0383490167692122,4.273956829390015e-06,-2.8583609309819105
0.00030189081137763795,0.03833860998040103,4.565066888969602e-06,-2.5711983128781917
0.0003019727356141041,0.03832820883824682,1.7995134804959751e-06,2.2984832893512293
0.0003020546598505702,0.03831781333815508,2.1691129770303285e-06,2.6323217734031843
0.00030213658408703633,0.03830742347553627,1.6974987452143955e-06,2.5480097246963904
0.0003022185083235024,0.038297039245805846,2.809722587246529e-06,1.9521508679967285
0.00030230043255996856,0.03828666064438422,3.7110386499160217e-06,-2.6028191235022127
0.00030238235679643465,0.03827628766669677,3.248496451565304e-06,2.5008177756898067
0.0003024642810329008,0.03826592030817383,4.637583093979888e-06,2.99592947384429
0.0003025462052693669,0.03825555856425068,2.368721835634234e-06,2.029235970775711
0.000302628129505833,0.03824520243036756,3.2812032925924395e-06,-2.7550833370625245
0.0003027100537422991,0.03823485190196963,5.077945591906332e-06,2.6290633681458253
0.00030279197797876525,0.038224506974506973,2.591995508673579e-06,2.884604621668208
0.00030287390221523134,0.03821416764343462,3.3384109044994397e-06,2.6981406832271486
0.0003029558264516975,0.03820383390421248,4.430500431999872e-06,3.0449454075126767
0.0003030377506881636,0.03819350575230543,3.3860697263705826e-06,2.5590973195324054
0.0003031196749246297,0.038183183183183186,3.833932887999584e-06,3.065728060901619
0.0003032015991610958,0.038172866192320395,7.328784011726632e-06,2.8966945515000178
0.00030328352339756195,0.03816255477519659,2.371431675568487e-06,2.672362719138077
0.00030336544763402804,0.038152248927296184,3.8086348179689047e-06,-2.9683977241479282
0.0003034473718704942,0.03814194864410847,3.274592068191019e-06,3.0280955521759503
0.00030352929610696027,0.038131653921127606,3.531295570545496e-06,2.811363068493584
0.0003036112203434264,0.03812136475385261,3.3852510289247895e-06,2.115821182219224
0.0003036931445798925,0.03811108113778738,4.005699130310202e-06,2.496881895742242
0.00030377506881635864,0.03810080306844061,3.437431494872935e-06,-3.129749827284402
0.00030385699305282473,0.038090530541325905,4.443825479462071e-06,2.5668412611955955
0.0003039389172892909,0.03808026355196167,2.1073713382918286e-06,1.1056975130472784
0.00030402084152575696,0.038070002095871136,2.441136468084454e-06,-3.0129656311842385
0.0003041027657622231,0.038059746168582376,4.929008817241645e-06,3.077025978934176
0.00030418468999868925,0.038049495765628265,1.7488274415627416e-06,1.283973584982806
0.00030426661423515534,0.03803925088254652,4.5446713800681e-06,2.995169803704154
0.0003043485384716215,0.03802901151487961,2.643648538757746e-06,2.0128194489513236
0.00030443046270808757,0.03801877765817486,4.275401168939387e-06,2.8387859694621476
0.0003045123869445537,0.03800854930798433,2.534665039070285e-06,2.968872253801552
0.0003045943111810198,0.03799832645986492,4.867707488724346e-06,-3.0296591058572413
0.00030467623541748594,0.03798810910937826,2.958768441459475e-06,2.128240783830522
0.00030475815965395203,0.037977897252090796,2.1021607235349817e-06,-2.7157675943008477
0.0003048400838904182,0.037967690883573706,3.603023437517233e-06,2.842609102133455
0.00030492200812688426,0.03795748999940295,2.891004440157105e-06,2.908324497565267
0.0003050039323633504,0.03794729459515922,2.6440486250694577e-06,2.7131541814810785
0.0003050858565998165,0.037937104666427975,2.3890860810415664e-06,2.6554478694190222
0.00030516778083628264,0.037926920208799404,4.244795583388284e-06,-2.47267127923851
0.0003052497050727487,0.037916741217868435,3.215848289352575e-06,3.003959616653244
0.00030533162930921487,0.03790656768923471,5.355677145892452e-06,-3.021203099791341
0.00030541355354568096,0.03789639961850263,5.057166611746909e-06,3.0993450338186737
0.0003054954777821471,0.03788623700128125,6.718377779711419e-06,2.888071934613727
0.0003055774020186132,0.037876079833184396,3.303522694159639e-06,2.8412793237519445
0.00030565932625507933,0.03786592810983055,3.149050721838752e-06,2.4723656755596197
0.0003057412504915454,0.03785578182684292,6.690958298102416e-06,2.7598872845978777
0.00030582317472801156,0.03784564097984938,3.0220166500270357e-06,2.8229987814207647
0.00030590509896447765,0.037835505564482536,2.3599824807191744e-06,3.064513937808584
0.0003059870232009438,0.037825375576379584,1.4890883174942883e-06,2.9347263896959848
0.0003060689474374099,0.03781525101118249,4.5957644734710565e-06,-2.451982395254347
0.000306150871673876,0.0378051318645378,4.386665987154503e-06,-3.099859217609919
0.0003062327959103421,0.037795018132096785,3.434143019631994e-06,2.7755084077359675
0.00030631472014680826,0.037784909809515314,3.5014506078189978e-06,3.1289032584932635
0.00030639664438327435,0.03777480689245395,5.997836944670483e-06,2.9751676045569937
0.0003064785686197405,0.03776470937657786,4.853699082650112e-06,-2.964607497425932
0.0003065604928562066,0.03775461725755686,3.7329100780967106e-06,2.439710044842185
0.0003066424170926727,0.03774453053106539,3.038771489519467e-06,2.8373142098740614
0.0003067243413291388,0.03773444919278252,4.442154490981057e-06,-2.915257690179002
0.00030680626556560495,0.03772437323839193,1.1713500688745537e-06,-2.7774491355153996
0.00030688818980207104,0.037714302663581896,4.34482731455448e-06,-3.068437279560136
0.0003069701140385372,0.03770423746404531,5.784480406959721e-06,-2.8859473095039974
0.00030705203827500327,0.037694177635479664,4.090711584777319e-06,2.5198032335122327
0.0003071339625114694,0.03768412317358703,1.6523368939331488e-06,2.9673805201896224
0.0003072158867479355,0.037674074074074075,4.437405841945861e-06,2.2910521408679587
0.00030729781098440165,0.03766403033265203,5.964468966212069e-06,2.5692779426881422
0.00030737973522086773,0.03765399194503672,3.0081299457744297e-06,2.445292260854517
0.0003074616594573339,0.037643958906948514,3.850420561586044e-06,2.5843327644987384
0.00030754358369379997,0.037633931214112355,1.0454812171541159e-06,2.342617903443341
0.0003076255079302661,0.03762390886225773,4.041564980337948e-06,2.1260026369064486
0.0003077074321667322,0.037613891847118684,3.0067549133827886e-06,-2.736148237863858
0.00030778935640319834,0.0376038801644338,3.2901682078021375e-06,2.7451261922970014
0.00030787128063966443,0.037593873809946186,5.884160397730278e-07,-2.634432334771823
0.00030795320487613057,0.037583872779403504,3.5494903271470684e-06,2.7156854720462777
0.00030803512911259666,0.03757387706855792,3.4275404938562936e-06,2.8090947103571238
0.0003081170533490628,0.03756388667316612,3.4993626278518775e-06,2.798859717477907
0.0003081989775855289,0.03755390158898931,2.7338704915868685e-06,-3.0527011417157133
0.00030828090182199503,0.03754392181179319,3.3162162236507007e-06,2.946546655030566
0.0003083628260584611,0.037533947337347974,2.6738120370101704e-06,3.0747289662169166
0.00030844475029492727,0.037523978161428356,3.6575010543265786e-06,3.1205480565282038
0.00030852667453139335,0.03751401427981354,4.698306383519457e-06,-3.069719426667463
0.0003086085987678595,0.03750405568828717,3.4911251223136963e-06,-3.0515311823518014
0.0003086905230043256,0.037494102382637416,8.568790945062738e-07,-0.9087102722863369
0.00030877244724079173,0.03748415435865688,6.562376699596962e-06,-3.0451819147431984
0.0003088543714772578,0.03747421161214265,1.7874122181978551e-06,3.1118887463856484
0.00030893629571372396,0.037464274138896254,4.9379771684087715e-06,2.808856527102417
0.00030901821995019005,0.037454341934723696,2.521794042782753e-06,2.174561485226797
0.0003091001441866562,0.0374444149954354,3.906590842870458e-06,2.7370229265172066
0.0003091820684231223,0.03743449331684626,4.993550121081493e-06,2.9652171461463253
0.0003092639926595884,0.03742457689477557,6.303836630616808e-06,2.946686929577125
0.00030934591689605457,0.03741466572504707,5.696964895715738e-06,2.190459649236648
0.00030942784113252065,0.03740475980348895,6.935032257937991e-06,2.778071201101965
0.0003095097653689868,0.037394859125933766,5.8285550297064126e-06,2.9880457904461983
0.0003095916896054529,0.03738496368821852,3.3074571341495943e-06,2.044611950056448
0.00030967361384191903,0.037375073486184594,1.2885608974632935e-06,1.8983327009366584
0.0003097555380783851,0.0373651885156778,6.25418965615253e-06,2.607234394811424
0.00030983746231485126,0.03735530877254832,2.852760772210374e-06,2.6588027225868305
0.00030991938655131735,0.03734543425265075,1.678463978889247e-06,0.688683668890177
0.0003100013107877835,0.03733556495184402,4.881599037202742e-06,2.565665547570221
0.0003100832350242496,0.03732570086599149,3.0179669595135195e-06,-2.3865785952567564
0.0003101651592607157,0.03731584199096085,6.160276882498693e-06,2.4789054213432578
0.0003102470834971818,0.03730598832262418,3.5139198231276664e-06,2.7288093423628292
0.00031032900773364795,0.03729613985685791,3.726363545525531e-06,2.6274102073354606
0.00031041093197011404,0.03728629658954283,2.951906777878099e-06,2.5166735782450087
0.0003104928562065802,0.037276458516564054,2.221324355825344e-06,-3.083897716867971
0.0003105747804430463,0.03726662563381108,2.4878455834990515e-06,1.6546938561927609
0.0003106567046795124,0.03725679793717768,5.286777202538154e-06,-3.0408740109916925
0.0003107386289159785,0.03724697542256203,1.7161132742966985e-06,-2.6069644255984334
0.00031082055315244465,0.03723715808586657,4.3633789978994765e-06,3.000141163726942
0.00031090247738891074,0.0372273459229981,5.298658501027351e-06,2.785428269088631
0.0003109844016253769,0.03721753892986769,3.852183063010944e-06,-2.873740998104182
0.00031106632586184297,0.037207737102390774,4.49085270900306e-06,2.80905528898199
0.0003111482500983091,0.03719794043648703,3.462478246134471e-06,-3.071047426139095
0.0003112301743347752,0.037188148928080485,3.875800852630657e-06,2.2224442996637563
0.00031131209857124134,0.037178362573099415,2.1893057732582362e-06,3.093722840778072
0.00031139402280770743,0.037168581367476396,5.660451160585906e-06,3.016216162539563
0.0003114759470441736,0.03715880530714828,4.717930713156272e-06,2.6608505897117958
0.00031155787128063966,0.03714903438805622,5.266877485126471e-06,2.2643870683820593
0.0003116397955171058,0.037139268606145574,7.296598581040911e-06,2.6488406962414177
0.0003117217197535719,0.03712950795736604,2.849013663157757e-06,2.4548126434656354
0.00031180364399003804,0.03711975243767151,6.484888143634684e-06,2.415063955350846
0.0003118855682265041,0.03711000204302017,3.5948913641752453e-06,2.8356340782998712
0.00031196749246297027,0.037100256769374416,1.1268602163564184e-06,3.0817282759049345
0.00031204941669943636,0.037090516612700915,4.417432710801701e-06,2.520766917623234
0.0003121313409359025,0.03708078156897054,5.5501542608120695e-06,-2.0998949293495426
0.0003122132651723686,0.037071051634158435,2.3794214124557437e-06,2.8145347407894046
0.00031229518940883473,0.037061326804243906,3.7883127389005032e-06,2.17201610490201
0.0003123771136453008,0.03705160707521054,2.628529964973274e-06,2.3330693150476063
0.00031245903788176696,0.037041892443046086,4.14922793314814e-06,2.3617261250097523
0.00031254096211823305,0.037032182903742536,1.2044224297298457e-06,2.645246368634917
0.0003126228863546992,0.037022478453296065,5.8068611494631735e-06,2.8086787694401383
0.0003127048105911653,0.037012779087707046,6.1841651562664065e-06,-2.7917765695069883
0.0003127867348276314,0.037003084802980035,3.941697916237459e-06,-2.8061546145112515
0.0003128686590640975,0.036993395595123796,3.4723824319160906e-06,-3.091278125522593
0.00031295058330056366,0.03698371146015125,3.094141063940269e-06,2.767172100168414
0.00031303250753702975,0.0369740323940795,3.821637124693165e-06,2.965748519328067
0.0003131144317734959,0.036964358392929816,5.172830246070469e-06,3.043027230194802
0.000313196356009962,0.036954689452727646,4.112518962072997e-06,3.0500549379117605
0.0003132782802464281,0.036945025569502556,2.3242047820688865e-06,-2.920366387164481
0.0003133602044828942,0.03693536673928831,2.9724253122443275e-06,2.570599873171793
0.00031344212871936035,0.03692571295812278,3.857074879650103e-06,-2.9636394378948077
0.00031352405295582644,0.036916064222048024,2.1411634757911903e-06,2.892271070460878
0.0003136059771922926,0.036906420527110184,3.787292201893627e-06,2.6325918054738486
0.00031368790142875867,0.03689678186935957,4.418955575630976e-06,3.088446100106394
0.0003137698256652248,0.03688714824485059,3.5725220365080936e-06,-3.1150623868437344
0.0003138517499016909,0.03687751964964182,5.566021142571138e-06,2.7159510841453307
0.00031393367413815705,0.03686789607979587,5.716158789870151e-06,2.840137885731208
0.00031401559837462313,0.036858277531379546,3.1304767288929703e-06,3.065627105123633
0.0003140975226110893,0.03684866400046368,3.366933015245779e-06,3.074344413511397
0.00031417944684755537,0.03683905548312328,5.483319800323303e-06,-2.9315767602271197
0.0003142613710840215,0.036829451975437376,3.231470197298949e-06,2.8440562324039904
0.0003143432953204876,0.03681985347348913,4.308666481968582e-06,2.329819304434174
0.00031442521955695374,0.036810259973365754,1.3778979020297984e-06,-2.745782235579591
0.00031450714379341983,0.03680067147115858,2.5856261558451407e-06,2.887352894473522
0.00031458906802988597,0.036791087962962966,2.8324807034107085e-06,2.6607289689172684
0.0003146709922663521,0.03678150944487835,3.3669801383611146e-06,2.0847074702131345
0.0003147529165028182,0.03677193591300827,5.001323098394259e-06,2.388519300400652
0.00031483484073928435,0.03676236736346025,2.661141708742108e-06,2.453939776689491
0.00031491676497575043,0.03675280379234593,6.048221389272277e-06,-2.9361288549523863
0.0003149986892122166,0.03674324519578095,5.505057826988147e-06,2.5734252390056787
0.00031508061344868267,0.03673369156988502,4.32970389592884e-06,3.0165338961970933
0.0003151625376851488,0.03672414291078185,3.68052963799106e-06,3.0152383310934363
0.0003152444619216149,0.036714599214599214,3.834682733774917e-06,2.586780192707839
0.00031532638615808104,0.03670506047746889,1.4455399744722271e-06,0.9502045298656281
0.00031540831039454713,0.0366955266955267,1.7995982458234587e-06,1.2730740055179925
0.00031549023463101327,0.03668599786491243,1.9955407836763978e-06,-2.9054979206000167
0.00031557215886747936,0.03667647398176993,4.4108135624097954e-06,3.068773478849005
0.0003156540831039455,0.03666695504224702,5.911476694861789e-06,-2.8589006703654563
0.0003157360073404116,0.036657441042495534,4.717825919758234e-06,-3.136153373293967
0.00031581793157687773,0.03664793197867128,2.7809290333123816e-06,-3.016472063720657
0.0003158998558133438,0.03663842784693407,6.499148315548028e-06,-2.697654669794918
0.00031598178004980997,0.036628928643447696,2.8978326334212686e-06,3.0894817384346185
0.00031606370428627605,0.03661943436437993,4.5832224019942564e-06,2.4943306837248924
0.0003161456285227422,0.036609945005902506,4.585564463226724e-06,2.3569980551753944
0.0003162275527592083,0.03660046056419113,4.756909973574742e-06,-2.950961626295427
0.00031630947699567443,0.03659098103542548,4.517613147458707e-06,2.7886141406737113
0.0003163914012321405,0.036581506415789174,5.475867899868034e-06,2.691717679259869
0.00031647332546860666,0.03657203670146978,5.067685830314328e-06,2.9242209325919823
0.00031655524970507275,0.03656257188865885,2.893080728169219e-06,-2.498111193074215
0.0003166371739415389,0.036553111973551815,4.197387998166564e-06,3.001535787843574
0.000316719098178005,0.036543656952348104,4.45347631127158e-06,2.9130518406209394
0.0003168010224144711,0.03653420682125104,6.142036296458171e-06,-2.8696591877254836
0.0003168829466509372,0.03652476157646788,4.037925895453762e-06,2.6898441941071076
0.00031696487088740335,0.03651532121420981,3.2989777172262485e-06,2.1621785159152074
0.00031704679512386944,0.03650588573069193,2.149737618487456e-06,-2.9787045100150005
0.0003171287193603356,0.03649645512213324,4.757132055662283e-06,-2.9417730202910266
0.0003172106435968017,0.03648702938475666,8.2132651428469e-07,2.1196458162239757
0.0003172925678332678,0.036477608514789,2.242579893831836e-06,0.8994983579094831
0.0003173744920697339,0.036468192508460964,3.4774754860110737e-06,-2.6522914084613123
0.00031745641630620005,0.03645878136200717,4.633609776524989e-06,2.5332589272630472
0.00031753834054266614,0.036449375071666096,4.702732010746622e-06,2.447624150126193
0.0003176202647791323,0.03643997363368011,2.89327281531152e-06,2.9579466157819487
0.00031770218901559837,0.036430577044295455,3.8597915642800445e-06,2.5377628064629256
0.0003177841132520645,0.03642118529976225,6.200414520077722e-06,2.9523751049075413
0.0003178660374885306,0.03641179839633448,5.478519134796936e-06,-3.0322433030045257
0.00031794796172499674,0.03640241633026998,5.301178945254863e-06,-2.6508397996255537
0.00031802988596146283,0.03639303909783045,3.626360364908748e-06,1.9454171935291171
0.000318111810197929,0.036383666695281425,4.63836583252619e-06,-3.102336175926008
0.00031819373443439506,0.036374299118892325,4.6283659393728984e-06,2.6877743894321804
0.0003182756586708612,0.03636493636493636,2.6279744646489647e-06,-2.938253321995903
0.0003183575829073273,0.03635557842969063,6.448781952069169e-06,2.8419157104300945
0.00031843950714379344,0.036346225309436014,3.447977263719658e-06,-3.008475003200217
0.0003185214313802595,0.03633687700045725,3.4403972941803916e-06,2.2583434506314046
0.00031860335561672567,0.036327533499042886,5.190453728852162e-06,2.6726604100205757
0.00031868527985319176,0.03631819480148529,2.5617490223388345e-06,2.8569626273216118
0.0003187672040896579,0.03630886090408064,3.926964268911318e-06,2.944706772099028
0.000318849128326124,0.03629953180312893,5.472626871569415e-06,3.10637283340183
0.00031893105256259013,0.036290207494933925,2.1825336902706286e-06,1.9873296989386495
0.0003190129767990562,0.03628088797580323,2.948958761653187e-06,2.181974246175838
0.00031909490103552236,0.03627157324204821,3.848328426845146e-06,-2.5674254281583053
0.00031917682527198845,0.036262263289984026,5.935176566053345e-06,2.897294643790449
0.0003192587495084546,0.03625295811592963,3.895964116159174e-06,2.828796066865808
0.0003193406737449207,0.036243657716207744,2.3101120415890073e-06,2.654752266691171
0.0003194225979813868,0.03623436208714485,3.4908574681950583e-06,2.9881017223838473
0.0003195045222178529,0.03622507122507122,4.863651735049997e-06,-3.0407436399499534
0.00031958644645431906,0.036215785126320885,3.8101897446512426e-06,2.7409171420582705
0.00031966837069078515,0.03620650378723162,3.13139436943092e-06,2.7924336200275826
0.0003197502949272513,0.03619722720414496,3.96372903187615e-06,-2.4352432704646536
0.0003198322191637174,0.036187955373406196,6.033058222412169e-06,3.1318424077101277
0.0003199141434001835,0.03617868829136434,2.8670977858640756e-06,-3.108946468206775
0.00031999606763664966,0.03616942595437219,4.92387274521323e-06,3.1317451082772485
0.00032007799187311575,0.03616016835878622,4.211750407861015e-06,2.075514387602124
0.0003201599161095819,0.03615091550096668,3.081481038409001e-06,3.0401024196266544
0.000320241840346048,0.03614166737727751,6.348003602439275e-06,2.9756155054163
0.0003203237645825141,0.036132423984086386,5.70015558505872e-06,2.581156090990568
0.0003204056888189802,0.036123185317764706,4.920979820066314e-06,2.41277813090252
0.00032048761305544636,0.03611395137468757,3.636274742838607e-06,-2.942393117503095
0.00032056953729191245,0.03610472215123378,6.372858770738143e-06,-3.0576367401831304
0.0003206514615283786,0.036095497643785834,2.396747509845584e-06,-3.007324537023333
0.0003207333857648447,0.036086277848729954,7.123706509570163e-06,3.0930327440424046
0.0003208153100013108,0.036077062762456015,3.927728182606422e-06,2.7475268047327814
0.0003208972342377769,0.03606785238135762,4.557388169617805e-06,-2.8438602935154003
0.00032097915847424305,0.036058646701832,3.03867350475614e-06,2.4172543826865907
0.00032106108271070914,0.03604944572028012,9.954229653206354e-07,2.5899410093190207
0.0003211430069471753,0.03604024943310657,5.7221540010993234e-06,2.295054845936652
0.00032122493118364137,0.03603105783671966,4.297171754990268e-06,2.7485253519356414
0.0003213068554201075,0.0360218709275313,1.98094869276528e-06,-2.8515410502280267
0.0003213887796565736,0.03601268870195712,4.5105447450094455e-06,2.688141570603124
0.00032147070389303975,0.036003511156416354,3.5790759903830276e-06,2.2034006501955594
0.00032155262812950583,0.035994338287331916,3.7244566019153323e-06,-2.8036514504066092
0.000321634552365972,0.03598517009113035,5.040601398441809e-06,2.4491700266121312
0.00032171647660243807,0.03597600656424186,6.409140017677056e-06,3.13374703587096
0.0003217984008389042,0.03596684770310025,3.938140259312291e-06,-3.0802096735593443
0.0003218803250753703,0.03595769350414298,3.992563302091655e-06,2.9034917468182146
0.00032196224931183644,0.035948543963811135,5.489193264527952e-06,2.8279074193350535
0.00032204417354830253,0.03593939907854942,5.090488905912404e-06,2.2556169032975504
0.00032212609778476867,0.03593025884480615,4.380579937282288e-06,-2.8825781746447907
0.00032220802202123476,0.03592112325903325,3.894723475817216e-06,-2.9904735613964775
0.0003222899462577009,0.03591199231768626,6.77616427197528e-06,2.59181862031096
0.000322371870494167,0.03590286601722434,4.95023891791734e-06,2.522145651824488
0.00032245379473063313,0.035893744354110205,5.14596568208244e-06,2.8655652992041185
0.0003225357189670992,0.03588462732481021,4.11739687233033e-06,2.981541409194072
0.00032261764320356537,0.03587551492579425,3.966178488980237e-06,2.9102406285203375
0.00032269956744003145,0.03586640715353587,4.572241064608952e-06,-2.8717457985866743
0.0003227814916764976,0.03585730400451212,3.047527488166828e-06,2.436538795776087
0.0003228634159129637,0.0358482054752037,4.43157128014197e-06,2.8802050542462383
0.00032294534014942983,0.03583911156209482,5.465775148344123e-06,-2.711091477023802
0.0003230272643858959,0.03583002226167329,2.738557426817957e-06,-2.5913054007320455
0.00032310918862236206,0.03582093757043047,4.95448704059819e-06,2.925907249935725
0.00032319111285882815,0.035811857484861286,5.32990889955264e-06,2.895899109362895
0.0003232730370952943,0.03580278200146421,3.9254952973978125e-06,-3.0727218221643535
0.0003233549613317604,0.03579371111674127,3.704027506536378e-06,2.8838628975227576
0.0003234368855682265,0.035784644827198016,4.442774947842206e-06,2.7522470205416316
0.0003235188098046926,0.03577558312934358,2.7690580834769274e-06,3.054467742300319
0.00032360073404115875,0.035766526019690575,3.1850577090462103e-06,-3.0638727412991975
0.00032368265827762484,0.0357574734947552,2.369656867999679e-06,2.8312128683574205
0.000323764582514091,0.03574842555105713,2.3405926536624653e-06,2.838799512971489
0.0003238465067505571,0.0357393821851196,4.263462367032849e-06,2.920346034864061
0.0003239284309870232,0.035730343393469345,5.399344801345183e-06,-2.9037883157456057
0.0003240103552234893,0.035721309172636606,3.6901458342855578e-06,-2.967639434929923
0.00032409227945995545,0.03571227951915515,6.501709167798097e-06,3.0785789921899314
0.00032417420369642154,0.035703254429562244,2.781964311874726e-06,-2.8793459487523765
0.0003242561279328877,0.03569423390039863,3.954288750796189e-06,2.9433181361354737
0.00032433805216935377,0.035685217928208585,2.7825144601710435e-06,2.297490931875769
0.0003244199764058199,0.03567620650953984,3.3533935380196965e-06,2.8634750685050085
0.000324501900642286,0.03566719964094364,1.3897848227353083e-06,-2.576166753192618
0.00032458382487875214,0.0356581973189747,2.4791662587037303e-06,-3.112720613837542
0.00032466574911521823,0.03564919954019121,4.712461844067949e-06,-3.0818955844048044
0.0003247476733516844,0.03564020630115484,1.4889580430478915e-06,-2.9648347915691966
0.00032482959758815046,0.035631217598430714,6.418039137264824e-06,-2.985775221073843
0.0003249115218246166,0.03562223342858743,9.40311768915787e-07,2.4580463664482806
0.0003249934460610827,0.03561325378819707,4.686987530863829e-06,2.9474524662675274
0.00032507537029754884,0.03560427867383512,3.5733120500212546e-06,3.084173562023087
0.000325157294534015,0.035595308082080564,5.472109626522234e-06,2.675742303861608
0.00032523921877048107,0.03558634200951581,2.6210463718216064e-06,1.8503744661648127
0.0003253211430069472,0.03557738045272671,5.126151274574614e-06,2.8305174002211455
0.0003254030672434133,0.03556842340830256,3.7883061186211667e-06,-2.9263330506495775
0.00032548499147987944,0.035559470872836084,2.3930566465215157e-06,3.0917408111516695
0.00032556691571634553,0.03555052284292345,5.767852210517886e-06,-2.806124557748939
0.0003256488399528117,0.03554157931516422,6.063903030665523e-06,2.6127144504611475
0.00032573076418927776,0.03553264028616141,3.4479067015899895e-06,2.7238174270737328
0.0003258126884257439,0.03552370575252144,4.457509986845005e-06,-2.759007542364421
0.00032589461266221,0.035514775710854145,1.560515075568101e-06,2.883876386051472
0.00032597653689867614,0.035505850157772745,2.6076414043360824e-06,3.097061449061736
0.0003260584611351422,0.035496929089893915,3.2061705988092915e-06,-2.8376921278352136
0.00032614038537160837,0.03548801250383767,4.487749608643041e-06,3.0142807902065627
0.00032622230960807446,0.03547910039622747,2.648251293540679e-06,2.6688040759814475
0.0003263042338445406,0.03547019276369012,6.410767899358472e-06,2.8552485125001463
0.0003263861580810067,0.03546128960285587,3.041937508364604e-06,-2.9828742239593757
0.00032646808231747283,0.03545239091035828,5.151569204892813e-06,2.7230217377187635
0.0003265500065539389,0.03544349668283436,5.803626018646449e-06,-2.435437254178629
0.00032663193079040506,0.035434606916924447,3.5453316487444926e-06,2.5225402752461346
0.00032671385502687115,0.035425721609272265,3.0283369313651763e-06,2.753260163247894
0.0003267957792633373,0.03541684075652489,3.355263949292399e-06,2.844992828506816
0.0003268777034998034,0.03540796435533278,1.7286693797199732e-06,2.893265830889988
0.0003269596277362695,0.03539909240234973,4.181427090035984e-06,2.8187371978023106
0.0003270415519727356,0.03539022489423291,4.148737313359702e-06,3.1266557494521012
0.00032712347620920176,0.035381361827642815,6.637865489350677e-06,2.8530875620701974
0.00032720540044566785,0.03537250319924331,3.247284086757283e-06,2.515299102287048
0.000327287324682134,0.03536364900570157,4.161212750563446e-06,2.744209558835911
0.0003273692489186001,0.03535479924368813,5.756133209624087e-06,2.730868587600649
0.0003274511731550662,0.03534595390987685,4.8692222796248265e-06,-2.9658908928938157
0.0003275330973915323,0.035337113000944914,6.004879139978425e-06,3.0727149187774305
0.00032761502162799845,0.035328276513572836,3.864040891566833e-06,2.9526786789486117
0.00032769694586446454,0.035319444444444445,4.332663878986216e-06,-2.56405080885673
0.0003277788701009307,0.035310616790246885,3.9798593145613645e-06,2.7188235915188947
0.00032786079433739677,0.03530179354767061,4.5133415617332315e-06,-3.0785518726273415
0.0003279427185738629,0.035292974713409385,1.0032693508661244e-06,-3.1179495644208908
0.000328024642810329,0.03528416028416029,3.054631477123477e-06,-2.9294745303398
0.00032810656704679515,0.035275350256623664,3.7727790955934124e-06,3.087438216501863
0.00032818849128326123,0.035266544627503185,1.8296481851889534e-06,-2.6300646119129607
0.0003282704155197274,0.035257743393505805,4.284227935956367e-06,-3.1188534185432157
0.00032835233975619347,0.03524894655134176,3.883064774848845e-06,2.8525090571945286
0.0003284342639926596,0.03524015409772456,9.778351942861103e-07,2.4976860183173164
0.0003285161882291257,0.03523136602937102,3.683864602666089e-06,-3.1124841933965963
0.00032859811246559184,0.03522258234300119,2.411691891899927e-06,2.663227140680563
0.00032868003670205793,0.03521380303533843,1.8610918899592044e-06,-3.071520644499592
0.00032876196093852407,0.03520502810310933,3.6522974127300146e-06,2.8815185238345715
0.00032884388517499016,0.03519625754304379,2.579502337915611e-06,3.065987015715795
0.0003289258094114563,0.03518749135187491,6.405741143661911e-06,2.5014471365425606
0.0003290077336479224,0.03517872952633909,3.7056332544054394e-06,-2.829451197035959
0.00032908965788438853,0.035169972063175944,4.072759657840308e-06,-3.085141370116551
0.0003291715821208546,0.03516121895912837,1.9457362140569623e-06,-2.439695862236598
0.00032925350635732077,0.03515247021094246,2.548957855860296e-06,2.860549034872776
0.00032933543059378685,0.03514372581536761,5.141228174318069e-06,3.013275367763668
0.000329417354830253,0.03513498576915637,4.6566973877324e-06,2.7305153191546414
0.0003294992790667191,0.03512625006906459,5.557917743842057e-06,2.5793926046885
0.00032958120330318523,0.0351175187118513,2.9631143977355855e-06,-2.775341845824196
0.0003296631275396513,0.035108791694278774,2.8056255141819413e-06,2.790225055637646
0.00032974505177611746,0.03510006901311249,4.077622346649343e-06,-2.4456688848199017
0.00032982697601258355,0.03509135066512116,4.0811173514737825e-06,-2.422759850282832
0.0003299089002490497,0.03508263664707668,3.7074681864993912e-06,2.8429391278058156
0.0003299908244855158,0.03507392695575417,4.502564512258629e-06,2.7596163266813902
0.0003300727487219819,0.03506522158793193,2.731503626259771e-06,2.927791051530617
0.000330154672958448,0.03505652054039151,1.427937657675561e-06,2.448390536096747
0.00033023659719491415,0.03504782380991758,5.46646164108871e-06,2.828079067953458
0.0003303185214313803,0.035039131393298055,4.009368277322878e-06,2.687216919445057
0.0003304004456678464,0.03503044328732402,4.650207254673495e-06,-3.1384596988264635
0.00033048236990431253,0.03502175948878973,6.359955543986619e-06,-2.9094353758312974
0.0003305642941407786,0.03501307999449264,4.3838749669920675e-06,3.008118845252206
0.00033064621837724476,0.03500440480123334,4.336319550031655e-06,2.3079183547677777
0.00033072814261371085,0.03499573390581565,3.7630736658858327e-06,-2.869738159083973
0.000330810066850177,0.0349870673050465,3.2843233707607964e-06,2.7255368477164277
0.0003308919910866431,0.03497840499573602,2.555697370507144e-06,2.9640999052933705
0.0003309739153231092,0.034969746974697465,7.3028796038712545e-06,2.9895361573104307
0.0003310558395595753,0.034961093238747284,2.017625180683587e-06,1.6421259347602577
0.00033113776379604145,0.03495244378470504,6.313000408638096e-06,3.1075156875218215
0.00033121968803250754,0.034943798609393464,2.193707238730632e-06,1.9704631286894068
0.0003313016122689737,0.03493515770963842,3.3249097720285416e-06,3.0743677993166814
0.0003313835365054398,0.03492652108226892,4.459578206440718e-06,2.636584136271568
0.0003314654607419059,0.034917888724117094,3.898689440972026e-06,2.6877931830710975
0.000331547384978372,0.03490926063201823,3.468692002371787e-06,2.485659162888056
0.00033162930921483815,0.03490063680281071,3.1236254947939146e-06,2.820184847074634
0.00033171123345130424,0.03489201723333608,2.8432664929585257e-06,2.32558771014552
0.0003317931576877704,0.034883401920438956,9.089884769772503e-07,-2.492732311305975
0.00033187508192423647,0.03487479086096711,3.2134192062785985e-06,-2.451245860663741
0.0003319570061607026,0.034866184051771415,4.181780652695569e-06,2.5827928251526804
0.0003320389303971687,0.034857581489705844,5.171736247357763e-06,2.6611950132386784
0.00033212085463363484,0.03484898317162747,6.610855550970601e-06,3.112375863436303
0.00033220277887010093,0.03484038909439649,2.4852784885086772e-06,2.936567916584743
0.0003322847031065671,0.03483179925487618,4.441868446373299e-06,2.789380319900104
0.00033236662734303316,0.0348232136499329,1.88990882265506e-06,-3.0996190416148344
0.0003324485515794993,0.03481463227643612,2.560697524149414e-06,3.0650748408236463
0.0003325304758159654,0.03480605513125839,5.3299642868545724e-06,-3.0088554737148967
0.00033261240005243154,0.034797482211275314,2.947839274196829e-06,2.3193943198641844
0.0003326943242888976,0.03478891351336562,4.875645210299605e-06,2.1215182082234723
0.00033277624852536377,0.034780349034411066,4.183480723302386e-06,2.88581473544482
0.00033285817276182986,0.034771788771296525,2.246526884618862e-06,-1.5809305969686893
0.000332940096998296,0.034763232720909885,8.025128787302161e-07,0.5064027839381815
0.0003330220212347621,0.034754680880142136,5.393508096914651e-06,-3.125244395065051
0.00033310394547122823,0.0347461332458873,5.4078550467093225e-06,-2.973758021076309
0.0003331858697076943,0.034737589815042484,2.6317778094751247e-06,2.067335044265184
0.00033326779394416046,0.034729050584507815,4.255930123388985e-06,2.6221286607692194
0.00033334971818062655,0.03472051555118648,3.2714990877275273e-06,2.939314629571706
0.0003334316424170927,0.03471198471198471,4.169999419284554e-06,2.7643645761010593
0.0003335135666535588,0.03470345806381178,4.780416825256125e-06,3.0036230804977526
0.0003335954908900249,0.03469493560358,4.265944910370687e-06,2.4898248910663634
0.000333677415126491,0.03468641732820471,2.3002021243618776e-06,-2.7677148074478914
0.00033375933936295716,0.03467790323460426,1.6220681807862489e-06,2.2893392659539575
0.00033384126359942325,0.03466939331970007,2.701558757539559e-07,2.498965397563481
0.0003339231878358894,0.03466088758041653,5.180496369447175e-06,-2.686938665212622
0.0003340051120723555,0.034652386013681084,4.5255178974375655e-06,3.0559274615269514
0.0003340870363088216,0.03464388861642417,5.1114102687632015e-06,3.0307521136607747
0.0003341689605452877,0.034635395385579255,4.707067325197312e-06,2.408234049515939
0.00033425088478175385,0.03462690631808279,3.100098697816265e-06,2.242457281959922
0.00033433280901821994,0.03461842141087424,4.508969033440814e-06,2.4924792935125235
0.0003344147332546861,0.03460994066089607,1.5231348081338491e-06,3.1361888672081384
0.00033449665749115217,0.03460146406509375,4.419627043704675e-06,-2.989014721499315
0.0003345785817276183,0.034592991620415715,4.483300644155403e-06,2.7979734288866185
0.0003346605059640844,0.034584523323813406,5.719408327396181e-06,-3.1283085330063662
0.00033474243020055055,0.034576059172241255,4.552589144359045e-06,1.8916664606973361
0.00033482435443701663,0.03456759916265666,9.982365654912628e-07,-2.1547639100275315
0.0003349062786734828,0.034559143292020006,1.829214355253064e-06,1.8774290685838981
0.00033498820290994887,0.03455069155729464,2.6352207868649206e-06,-3.107082466212482
0.000335070127146415,0.03454224395544689,4.16839302739373e-06,2.938032427868562
0.0003351520513828811,0.03453380048344605,4.2955621611112e-06,2.687817602613791
0.00033523397561934724,0.03452536113826436,4.043557551005885e-06,3.124710825610464
0.00033531589985581333,0.03451692591687706,3.884727588455598e-07,-0.8659638863974202
0.00033539782409227947,0.03450849481626228,2.5762594456826547e-06,2.6296704530232757
0.00033547974832874556,0.03450006783340117,3.3420254943808356e-06,-2.8601378306747596
0.0003355616725652117,0.034491644965277776,3.2927478421280125e-06,2.9541156110257187
0.00033564359680167784,0.03448322620887912,5.778054694794494e-06,2.3539598640048647
0.00033572552103814393,0.03447481156119516,1.6493775228025813e-06,1.1166908092597376
0.0003358074452746101,0.03446640101921877,3.883040162689411e-06,3.066194178316644
0.00033588936951107617,0.0344579945799458,1.981461845044998e-06,-2.959680449884845
0.0003359712937475423,0.03444959224037497,2.8135272628005455e-06,2.7486613907705415
0.0003360532179840084,0.03444119399750799,2.3169006002503527e-06,1.83439711530796
0.00033613514222047454,0.03443279984834944,2.0569170280609712e-06,-3.004667043979518
0.00033621706645694063,0.034424409789906865,5.747913162285997e-06,2.9228311714148605
0.00033629899069340677,0.034416023819190684,3.492760320226782e-06,2.9224845903799537
0.00033638091492987286,0.034407641933214266,4.785476833404071e-06,2.7174065752368466
0.000336462839166339,0.034399264128993856,2.886766855852862e-06,-2.8332484420069606
0.0003365447634028051,0.03439089040354863,2.3695610156383794e-06,2.463493636461712
0.00033662668763927123,0.03438252075390065,2.8882421041942996e-06,3.0829377851809996
0.0003367086118757373,0.034374155177074886,4.8071992011572765e-06,3.1050203427803273
0.00033679053611220346,0.03436579367009919,3.343126274463339e-06,2.367852244922199
0.00033687246034866955,0.034357436230004326,1.984659046981549e-06,-2.305975134903511
0.0003369543845851357,0.03434908285382392,3.540081477787134e-06,2.7569133360370377
0.0003370363088216018,0.0343407335385945,3.1801690765756827e-06,2.915565000494366
0.00033711823305806793,0.03433238828135547,3.060111712479852e-06,2.517860964854545
0.000337200157294534,0.03432404707914912,3.5462876772263364e-06,2.296764515865133
0.00033728208153100016,0.03431570992902059,5.009518612630149e-06,-3.1045578339941153
0.00033736400576746625,0.03430737682801791,5.052039632950472e-06,-3.052046997142337
0.0003374459300039324,0.03429904777319198,1.8308542320040786e-06,2.8457489875898654
0.0003375278542403985,0.034290722761596545,4.630131228063413e-06,2.57597490521527
0.0003376097784768646,0.03428240179028822,4.993653566760222e-06,-3.0330030506831682
0.0003376917027133307,0.034274084856326485,5.076736100388754e-06,-2.9595169806553785
0.00033777362694979685,0.03426577195677365,6.566671301530941e-06,-2.936191017107663
0.00033785555118626294,0.0342574630886949,2.5897247945412595e-06,-1.8747859313318493
0.0003379374754227291,0.034249158249158244,4.174562295719451e-06,2.4917673272999474
0.0003380193996591952,0.034240857435234556,1.1824731980255108e-06,-2.729599532400241
0.0003381013238956613,0.034232560643997524,2.9730926448212653e-06,-2.205024196767424
0.0003381832481321274,0.03422426787252369,2.9353700778739263e-06,-2.9544391115147737
0.00033826517236859355,0.03421597911789241,7.779772828382081e-07,2.099889015749889
0.00033834709660505964,0.034207694377185904,4.935515034134785e-06,-3.1117309331750205
0.0003384290208415258,0.03419941364748917,7.669766603538754e-06,-3.004279207089745
0.00033851094507799187,0.03419113692589007,2.174343932331524e-06,1.506473585178013
0.000338592869314458,0.034182864209479254,6.140353024736901e-06,2.757291337903355
0.0003386747935509241,0.034174595495350214,5.207318036567955e-06,-2.972250977581534
0.00033875671778739024,0.03416633078059922,3.5138969791620227e-06,-2.413237642249395
0.00033883864202385633,0.03415807006232538,2.9681976875947632e-06,1.7534328098243823
0.0003389205662603225,0.03414981333763059,1.277153804199135e-06,-2.570826357125539
0.00033900249049678856,0.03414156060361957,2.8950089797955497e-06,3.033400690967707
0.0003390844147332547,0.0341333118573998,4.401757723838517e-06,2.9057968732691792
0.0003391663389697208,0.03412506709608159,4.435634125054537e-06,-2.5429838764147576
0.00033924826320618694,0.034116826316778016,5.291702076027385e-06,3.1073229972651544
0.000339330187442653,0.03410858951660497,2.759940407495821e-06,2.2893799055303083
0.00033941211167911917,0.03410035669268109,1.6470568244670273e-07,-2.400564005095553
0.00033949403591558526,0.03409212784212784,5.0766810672142715e-06,2.799945625807178
0.0003395759601520514,0.03408390296206943,3.6211672514688713e-06,2.7267078532441866
0.0003396578843885175,0.03407568204963285,3.4423408891269157e-06,2.9987371345983695
0.00033973980862498363,0.03406746510194786,3.119078342037974e-06,2.407903313544902
0.0003398217328614497,0.03405925211614701,5.087669904816838e-06,-2.8788196053620876
0.00033990365709791586,0.034051043089365574,3.506562388606274e-06,2.332354158218802
0.00033998558133438195,0.03404283801874163,2.9250264536358144e-06,1.918761618669195
0.0003400675055708481,0.03403463690141599,2.308735792342965e-06,3.0739299975153447
0.0003401494298073142,0.03402643973453222,6.587203424139799e-06,2.8525780036333943
0.0003402313540437803,0.03401824651523664,4.113215458315551e-06,1.5361601900923376
0.0003403132782802464,0.03401005724067833,4.5680323653593306e-06,2.5205193458807735
0.00034039520251671256,0.034001871908009094,8.18716763203054e-06,2.828001060127321
0.00034047712675317865,0.03399369051438349,2.2032569310819935e-06,-2.836015431777536
0.0003405590509896448,0.03398551305695881,3.180501827594535e-06,2.4170092948601583
0.0003406409752261109,0.03397733953289509,2.7430502666609723e-06,2.8532662802225244
0.000340722899462577,0.03396916993935508,4.28160607445512e-06,-3.129715637017444
0.0003408048236990431,0.03396100427350428,3.3678380384776058e-06,2.6802312101242705
0.00034088674793550925,0.03395284253251088,3.6458696448467645e-06,2.4616448119809924
0.0003409686721719754,0.033944684713545836,4.008913423105331e-06,2.343787371248528
0.0003410505964084415,0.0339365308137828,4.207534361883985e-06,2.79158181441195
0.0003411325206449076,0.03392838083039812,2.3077045152089896e-06,2.5561263600052793
0.0003412144448813737,0.0339202347605709,4.920793586643912e-06,2.7345905462249496
0.00034129636911783986,0.0339120926014829,3.854146576500349e-06,2.713434560220034
0.00034137829335430595,0.033903954350318635,5.44464931242211e-06,2.828661187794467
0.0003414602175907721,0.0338958200042653,2.088181694957688e-06,-2.8469880503971328
0.0003415421418272382,0.03388768956051278,1.5463138369824423e-06,2.4670723171025033
0.0003416240660637043,0.03387956301625366,2.110071008980684e-06,-3.06778172988586
0.0003417059903001704,0.03387144036868324,4.737253546385676e-06,2.721108892678706
0.00034178791453663655,0.03386332161499946,4.238935694967234e-06,-3.0896831038984263
0.00034186983877310264,0.033855206752403014,4.868787644505216e-06,2.9402085685949952
0.0003419517630095688,0.03384709577809721,4.5458167120581524e-06,-3.0891542541918566
0.00034203368724603487,0.03383898868928809,2.4636384095794797e-06,-3.035129428258281
0.000342115611482501,0.03383088548318433,2.652655686361469e-06,2.505358297213676
0.0003421975357189671,0.03382278615699731,4.748610171656439e-06,2.9686431477380046
0.00034227945995543324,0.03381469070794106,3.914927426528087e-06,2.7064843666879796
0.00034236138419189933,0.0338065991332323,2.712093874502748e-06,2.6286800576725624
0.0003424433084283655,0.033798511430090376,2.8155549223792005e-06,2.999515056785722
0.00034252523266483157,0.03379042759573733,3.917928683813795e-06,-2.670590892560949
0.0003426071569012977,0.03378234762739784,3.524874660248277e-06,-3.0777731905470893
0.0003426890811377638,0.033774271522299254,4.54728370365083e-06,2.9289238286699035
0.00034277100537422994,0.03376619927767155,3.2760166392913907e-06,2.952745676971422
0.00034285292961069603,0.03375813089074738,5.08796290814552e-06,2.907828272325108
0.00034293485384716217,0.03375006635876201,5.130933092241721e-06,2.459104206624754
0.00034301677808362826,0.03374200567895338,1.8180815890751706e-06,2.1025696547089385
0.0003430987023200944,0.033733948848562026,1.5998776060563694e-06,2.4399780019727992
0.0003431806265565605,0.03372589586483117,6.170953819873944e-06,2.739428295818502
0.00034326255079302663,0.03371784672500663,7.467062384740689e-06,3.1025315636444626
0.0003433444750294927,0.03370980142633686,3.6434193195244134e-06,2.2605205456185553
0.00034342639926595886,0.03370175996607294,4.635869893519849e-06,2.090851686681744
0.00034350832350242495,0.033693722341468585,3.882659908380352e-06,-3.1236130558222994
0.0003435902477388911,0.03368568854978011,4.808501727720773e-06,2.989650705375482
0.0003436721719753572,0.033677658588266456,4.7180228450095225e-06,2.718017515306843
0.00034375409621182333,0.03366963245418917,3.7183248079250823e-06,3.064922580321312
0.0003438360204482894,0.03366161014481243,5.219876279931215e-06,2.4299919266929635
0.00034391794468475556,0.03365359165740299,2.851610669236318e-06,2.133750570882397
0.00034399986892122165,0.03364557698923024,4.133550961808563e-06,3.1026254928583366
0.0003440817931576878,0.03363756613756614,5.258388784552447e-06,2.729585876930017
0.0003441637173941539,0.033629559099685256,1.7440778850721692e-06,2.6587540058217063
0.00034424564163062,0.03362155587286477,3.241655742904328e-06,-2.783319286568713
0.0003443275658670861,0.033613556454384436,7.5604509965152175e-06,3.0601210442063462
0.00034440949010355225,0.03360556084152659,2.5128865723233854e-06,2.8316358715294396
0.00034449141434001834,0.033597569031576166,5.754175915193963e-06,2.6044459257676627
0.0003445733385764845,0.03358958102182068,4.488719729327804e-06,-2.552396989521102
0.0003446552628129506,0.033581596809550224,4.248379721267295e-06,-3.0694266062509312
0.0003447371870494167,0.033573616392057457,4.169366214043926e-06,-3.1274286288213102
0.0003448191112858828,0.03356563976663763,7.937971313787973e-06,2.5699673009282624
0.00034490103552234895,0.033557666930588544,3.943995211501947e-06,2.8649976232837577
0.00034498295975881504,0.03354969788121059,2.9407666974888253e-06,-2.533729450461456
0.0003450648839952812,0.03354173261580669,5.1984152874617475e-06,2.967252418796137
0.00034514680823174727,0.03353377113168236,3.5427081061704886e-06,2.624179551521161
0.0003452287324682134,0.03352581342614565,3.303953983209655e-06,2.6244763852080077
0.0003453106567046795,0.03351785949650719,4.89476283410183e-06,-2.753367421169204
0.00034539258094114564,0.033509909340080114,5.145514175565625e-06,2.635387682133775
0.00034547450517761173,0.033501962954180176,2.98319872148739e-06,-2.865247585623486
0.0003455564294140779,0.0334940203361256,2.347524081015016e-06,2.350756583965637
0.00034563835365054396,0.03348608148323721,1.2438103271127777e-06,3.1211449969357608
0.0003457202778870101,0.03347814639283833,2.769854549814972e-06,-2.897329174911535
0.0003458022021234762,0.033470215062254866,2.756019689457046e-06,2.998175151890545
0.00034588412635994234,0.0334622874888152,4.3658363741497815e-06,2.901127841071097
0.0003459660505964084,0.033454363669850294,3.172382731256259e-06,2.8142995464502025
0.00034604797483287457,0.0334464436026936,1.8131615052086478e-06,2.7125727609195023
0.0003461298990693407,0.03343852728468112,2.8363500535195154e-06,2.3615889685293747
0.0003462118233058068,0.03343061471315139,4.344768007641435e-06,-2.9822389432347483
0.00034629374754227294,0.033422705885445415,3.997373331904048e-06,-2.053856151858706
0.00034637567177873903,0.033414800798906755,5.139039844175153e-06,2.548571059122643
0.0003464575960152052,0.033406899450881475,2.7724592349326983e-06,-2.63123412700264
0.00034653952025167126,0.03339900183871815,2.430973044994466e-06,2.42515752664162
0.0003466214444881374,0.033391107959767845,3.3111611784223926e-06,3.003486735860384
0.0003467033687246035,0.03338321781138416,2.263478742791472e-06,-2.7688081143178334
0.00034678529296106964,0.03337533139092317,7.626316389253956e-06,2.8606146873464766
0.0003468672171975357,0.03336744869574345,2.845702966381186e-06,2.2103165005695264
0.00034694914143400187,0.033359569723206084,4.0158748286315365e-06,2.067090722696834
0.00034703106567046796,0.03335169447067464,5.174997880716507e-06,2.849666147874112
0.0003471129899069341,0.03334382293551517,1.9562632032654396e-06,2.4233885926015786
0.0003471949141434002,0.03333595511509622,4.877475006110618e-06,-2.9550505153606266
0.00034727683837986633,0.03332809100678881,5.312343972756155e-06,-3.1332537403542693
0.0003473587626163324,0.03332023060796646,4.87670991998012e-06,2.482017922260354
0.00034744068685279856,0.03331237391600513,4.3695200920195325e-06,2.98386305519611
0.00034752261108926465,0.0333045209282833,1.7418988211595436e-06,3.108670504551102
0.0003476045353257308,0.03329667164218189,3.2401729190890312e-06,3.08741903714059
0.0003476864595621969,0.0332888260550843,4.73312004740836e-06,2.8238273339202076
0.000347768383798663,0.03328098416437639,2.7009382794418047e-06,2.856760052613184
0.0003478503080351291,0.03327314596744649,3.2556785940536838e-06,-2.708669694679824
0.00034793223227159526,0.03326531146168537,4.792022380372923e-06,2.8620672277260457
0.00034801415650806135,0.0332574806444863,4.026144064930243e-06,2.7564888319948766
0.0003480960807445275,0.033249653513244944,4.505137451815014e-06,2.6633755539700146
0.0003481780049809936,0.033241830065359475,5.388339010811815e-06,2.6320132894999704
0.0003482599292174597,0.033234010298230476,2.5036698807032477e-06,3.080791150628545
0.0003483418534539258,0.033226194209261005,2.755338203525866e-06,-2.725102708259716
0.00034842377769039195,0.03321838179585652,3.810122682327739e-06,2.779227773175673
0.00034850570192685804,0.033210573055424956,4.3435198013010196e-06,2.3635821640564085
0.0003485876261633242,0.03320276798537668,2.642967970849431e-06,-2.7681599794018816
0.00034866955039979027,0.03319496658312448,3.570278614468639e-06,2.689893214423867
0.0003487514746362564,0.033187168846083574,2.6226034143528294e-06,-2.4511613036496054
0.0003488333988727225,0.03317937477167163,4.828803758218003e-06,2.4479489727874277
0.00034891532310918864,0.0331715843573087,2.2432604711228944e-06,-2.885466153672175
0.00034899724734565473,0.03316379760041732,5.737318256919251e-06,2.7560075408179108
0.0003490791715821209,0.033156014498422384,4.98176999222212e-06,2.5464142854663137
0.00034916109581858697,0.03314823504875124,2.8173240292538434e-06,2.2632975763706766
0.0003492430200550531,0.03314045924883363,5.749528041868398e-06,2.824113232452769
0.0003493249442915192,0.03313268709610173,4.285834584957886e-06,-3.074284466726013
0.00034940686852798534,0.0331249185879901,4.22490006070881e-06,-3.0148110226880984
0.00034948879276445143,0.033117153721935716,6.734183287772193e-06,-3.128502641933338
0.00034957071700091757,0.03310939249537797,3.921154496894034e-06,2.7018566169944584
0.00034965264123738366,0.03310163490575862,5.626890034623549e-06,2.6144413800243704
0.0003497345654738498,0.03309388095052185,5.069198442346246e-06,2.5503820564240747
0.0003498164897103159,0.033086130627114234,2.000148251797936e-06,-2.8206644723090197
0.00034989841394678203,0.03307838393298473,5.085298991952112e-06,2.766679722001161
0.0003499803381832481,0.033070640865584686,2.2248006624425408e-06,-2.5732272512902745
0.00035006226241971426,0.03306290142236784,3.3832378717205234e-06,-3.0331029685234916
0.00035014418665618035,0.03305516560079031,3.963449141227648e-06,2.413259772689166
0.0003502261108926465,0.03304743339831059,2.020084521601436e-06,2.950285914618379
0.0003503080351291126,0.03303970481238957,3.13025659369715e-06,2.0620270499950326
0.00035038995936557873,0.03303197984049048,5.709856718046847e-07,-1.0801109439379124
0.0003504718836020448,0.03302425848007896,5.075617310063679e-06,-2.928454700898791
0.00035055380783851096,0.033016540728622985,2.920870088997221e-06,2.7901606325313444
0.00035063573207497705,0.033008826583592936,5.8282230733359355e-06,-3.117553721910593
0.0003507176563114432,0.03300111604246152,2.1131035190869754e-06,2.4080652980416732
0.0003507995805479093,0.032993409102703826,3.3649475267687773e-06,2.9856533863863013
0.0003508815047843754,0.03298570576179729,4.0982645153748954e-06,1.8050526603722175
0.0003509634290208415,0.03297800601722171,4.061405237573415e-06,-2.9900383562139923
0.00035104535325730765,0.03297030986645922,2.064888762195105e-06,3.061456682685132
0.00035112727749377374,0.032962617306994346,3.15124763922479e-06,-3.080217089822949
0.0003512092017302399,0.032954928336313916,2.080239229246336e-06,2.8793873830761836
0.00035129112596670603,0.032947242951907124,4.250503150198963e-06,3.0741161791689757
0.0003513730502031721,0.03293956115126551,3.7322880900624196e-06,-3.0394788890814666
0.00035145497443963826,0.03293188293188293,4.514181585221346e-06,2.4902662921243226
0.00035153689867610435,0.0329242082912556,2.6958479238349326e-06,-2.5877798118847624
0.0003516188229125705,0.03291653722688205,1.654395158219754e-06,1.9980768026120441
0.0003517007471490366,0.03290886973626317,2.801846219035085e-06,3.0707229880516858
0.0003517826713855027,0.03290120581690213,3.760591457200134e-06,2.583743563749697
0.0003518645956219688,0.03289354546630449,3.2453104579520724e-06,-3.106527648707777
0.00035194651985843495,0.032885888681978066,2.4610747295792928e-06,-2.5878347617127275
0.00035202844409490104,0.032878235461433036,5.646238849321133e-06,2.442597263419254
0.0003521103683313672,0.03287058580218189,4.613226035934217e-06,2.8191019384215426
0.0003521922925678333,0.03286293970173942,2.787884983033339e-06,2.4802283976390265
0.0003522742168042994,0.03285529715762274,5.677190325539265e-06,2.8707009218464283
0.0003523561410407655,0.03284765816735126,3.4496631707766786e-06,-3.0100574971300285
0.00035243806527723165,0.032840022728446716,3.061157717880339e-06,-2.5836722528069838
0.00035251998951369774,0.03283239083843313,3.8782145374055205e-06,2.0627921300501018
0.0003526019137501639,0.032824762494836845,2.7457702122604224e-06,-2.586354794281077
0.00035268383798662997,0.032817137695186474,2.3471622922767313e-06,2.731265780091424
0.0003527657622230961,0.03280951643701295,3.5598570213579107e-06,2.80596642106631
0.0003528476864595622,0.0328018987178495,5.5246579086647904e-06,3.015692725284082
0.00035292961069602834,0.03279428453523161,5.88683000081125e-06,3.001425529642161
0.00035301153493249443,0.03278667388669709,3.192049784391494e-06,2.0484695522112917
0.0003530934591689606,0.03277906676978603,2.733383701516203e-06,2.503379255124239
0.00035317538340542666,0.03277146318204077,2.7617115981307875e-06,2.586226242519191
0.0003532573076418928,0.03276386312100598,3.560588638006144e-06,-2.797250375574597
0.0003533392318783589,0.03275626658422856,2.9628076315151016e-06,-2.6844260596286227
0.00035342115611482504,0.03274867356925771,4.285051890365365e-06,2.8476036511423204
0.0003535030803512911,0.03274108407364491,1.691408031522034e-06,-3.015133111190206
0.00035358500458775727,0.03273349809494387,1.8594836191160769e-06,1.9802166852502348
0.00035366692882422336,0.03272591563071063,3.1237215908708824e-06,-3.1047832764899805
0.0003537488530606895,0.03271833667850342,4.4094447134739145e-06,-2.9426619704190276
0.0003538307772971556,0.03271076123588279,1.7347985915888348e-06,-2.994519104027317
0.00035391270153362173,0.032703189300411516,5.3385958099643635e-06,-2.944639261222074
0.0003539946257700878,0.032695620869654655,7.167990079876868e-06,2.6252999569645135
0.00035407655000655396,0.032688055941179496,5.357035323052386e-06,2.7603382349449563
0.00035415847424302005,0.03268049451255558,9.739087657874482e-07,3.135101049249477
0.0003542403984794862,0.03267293658135471,4.2086481918872186e-06,2.9429432198384387
0.0003543223227159523,0.03266538214515093,4.4285021185929445e-06,-2.8863768573002107
0.0003544042469524184,0.03265783120152052,2.101274557390067e-06,2.1991999123642523
0.0003544861711888845,0.03265028374804201,5.721931980272082e-06,2.518573389053858
0.00035456809542535066,0.032642739782296155,6.958615413010372e-06,2.7777192282374115
0.00035465001966181675,0.032635199301865966,2.781828692792219e-06,2.2424825410919382
0.0003547319438982829,0.03262766230433667,2.2572066268819306e-06,2.793413557319056
0.000354813868134749,0.03262012878729573,4.56640773056003e-06,2.0348149151150094
0.0003548957923712151,0.03261259874833282,2.505337950640761e-06,2.723293145194269
0.0003549777166076812,0.03260507218503988,2.5808713887220987e-06,2.811832469633003
0.00035505964084414735,0.03259754909501102,2.5734374179949968e-06,1.5573957597912782
0.00035514156508061344,0.03259002947584263,3.916304384613245e-06,2.3967133751609437
0.0003552234893170796,0.03258251332513325,3.25758636850694e-06,2.536018492154562
0.00035530541355354567,0.032575000640483694,4.810138787160809e-06,2.742362278761012
0.0003553873377900118,0.03256749141949695,5.994905072155556e-06,3.093808211572518
0.0003554692620264779,0.03255998565977824,2.4677465448879374e-06,-2.4639226668392973
0.00035555118626294404,0.03255248335893497,1.6290593964830083e-06,-3.131325506891144
0.00035563311049941013,0.032544984514576776,4.654271803589394e-06,2.841366701653986
0.0003557150347358763,0.03253748912431547,2.511680665967361e-06,2.710753677890385
0.00035579695897234237,0.03252999718576509,1.7042381910057775e-06,-1.9183101216785399
0.0003558788832088085,0.032522508696541844,8.501280210201399e-07,2.2101651328325578
0.0003559608074452746,0.03251502365426416,6.220424511062018e-07,1.865373199578573
0.00035604273168174074,0.03250754205655264,1.0390751293826122e-06,1.7663859343113018
0.00035612465591820683,0.032500063901030087,2.705493738799348e-06,-2.7040564009573367
0.00035620658015467297,0.032492589185321476,4.774135445252373e-06,3.061071400112829
0.00035628850439113906,0.03248511790705399,4.282054579632501e-06,2.9572629927559078
0.0003563704286276052,0.03247765006385696,5.072146684247813e-06,2.91263591039579
0.0003564523528640713,0.03247018565336193,2.8909987905196488e-06,3.112658099217282
0.00035653427710053743,0.03246272467320262,4.940037535631931e-06,2.5164238910062657
0.0003566162013370036,0.032455267121014875,1.8978990015762212e-06,-2.666089966614224
0.00035669812557346966,0.03244781299443679,2.396924979332287e-06,1.916032381432064
0.0003567800498099358,0.032440362291108554,4.513663339399104e-06,2.957660277808422
0.0003568619740464019,0.03243291500867258,3.268526341766678e-06,2.031899818977632
0.00035694389828286804,0.03242547114477341,3.638874983326962e-06,-3.0118511134427965
0.00035702582251933413,0.03241803069705777,5.370346991355804e-06,2.860678590296671
0.00035710774675580027,0.03241059366317453,1.4807707808531133e-06,2.3391745189164577
0.00035718967099226636,0.03240316004077472,3.412178992979775e-06,-2.4807807326084323
0.0003572715952287325,0.03239572982751153,4.1482606042071194e-06,2.905108363793905
0.0003573535194651986,0.032388303021040295,3.816047786574777e-06,-2.820413177988388
0.00035743544370166473,0.03238087961901851,4.441530607734161e-06,-2.777146528789265
0.0003575173679381308,0.032373459619105815,4.121240730154438e-06,3.0624775174159757
0.00035759929217459696,0.03236604301896398,5.464489738840902e-06,2.692350336758072
0.00035768121641106305,0.03235862981625694,2.898013135058168e-06,-3.005906187652347
0.0003577631406475292,0.03235122000865073,1.975234895698088e-06,-2.9150725614305006
0.0003578450648839953,0.032343813593813595,5.373814195876166e-06,-2.344021971202448
0.00035792698912046143,0.03233641056941583,3.3038933411950714e-06,-2.5165410879947663
0.0003580089133569275,0.032329010933129926,2.7807811303004427e-06,2.3920997618977484
0.00035809083759339366,0.032321614682630465,1.824969181014888e-06,-2.657214872847733
0.00035817276182985975,0.03231422181559419,4.513556625516126e-06,-3.0674294130756103
0.0003582546860663259,0.03230683232969992,3.566350754709269e-06,-3.0600075007612406
0.000358336610302792,0.03229944622262866,5.7902169727050255e-06,-3.098843368391521
0.0003584185345392581,0.03229206349206349,1.9928511944275287e-06,2.1011735493692667
0.0003585004587757242,0.03228468413568962,1.6889684701452691e-06,-2.853613365930399
0.00035858238301219035,0.032277308151194374,4.6634170639296185e-06,-3.0649078892867188
0.00035866430724865644,0.0322699355362672,3.891463491861405e-06,-3.0392974650173246
0.0003587462314851226,0.03226256628859962,6.588372847985565e-07,2.0827961723751764
0.0003588281557215887,0.03225520040588534,2.7065207434704758e-06,2.023443792196054
0.0003589100799580548,0.032247837885820085,4.436475265201595e-06,-2.688030305872747
0.0003589920041945209,0.03224047872610173,4.698536362062389e-06,3.115925527679253
0.00035907392843098705,0.032233122924430244,5.182548570410618e-06,2.89666901614849
0.00035915585266745314,0.032225770478507706,2.4983470462905446e-06,2.199532035952512
0.0003592377769039193,0.03221842138603826,2.2545332386748018e-06,-2.413632201007327
0.00035931970114038537,0.03221107564472817,4.308807686738327e-06,3.1364394843423264
0.0003594016253768515,0.032203733252285795,3.2522343444532927e-06,2.2985508139031534
0.0003594835496133176,0.03219639420642156,2.9484989264759685e-06,2.7665916465536666
0.00035956547384978374,0.032189058504847975,4.958529004252028e-06,2.9330033298900746
0.00035964739808624983,0.03218172614527968,4.135326694545109e-06,2.1848909404702512
0.000359729322322716,0.03217439712543334,3.344159126250074e-06,2.478588251859651
0.00035981124655918206,0.032167071443027724,1.91280893829179e-06,2.612395113644104
0.0003598931707956482,0.032159749095783695,2.926781877335277e-06,2.2277702501241934
0.0003599750950321143,0.03215243008142416,3.024010176986396e-06,-3.034391429294327
0.00036005701926858044,0.032145114397674125,3.5413776208065914e-07,-2.672672485854282
0.0003601389435050465,0.03213780204226064,3.1673786480284726e-06,2.9767871106178188
0.00036022086774151267,0.03213049301291284,4.696329989066104e-07,3.099086917320881
0.00036030279197797876,0.03212318730736193,3.312088783672443e-06,3.080933836924784
0.0003603847162144449,0.03211588492334116,4.29576834435351e-06,2.4230749535320135
0.000360466640450911,0.032108585858585864,3.7795735190943463e-06,2.8835171413202727
0.00036054856468737713,0.032101290110833396,4.34272733952041e-06,3.1064579716532807
0.0003606304889238432,0.03209399767782321,1.302272417625788e-06,2.7713523787292833
0.00036071241316030936,0.03208670855729679,2.3737604368645908e-06,2.3828175895106702
0.00036079433739677545,0.03207942274699768,7.170231819366277e-06,2.589313633922989
0.0003608762616332416,0.032072140244671456,5.182819970199133e-06,2.6536033918948245
0.0003609581858697077,0.03206486104806577,3.073258162771971e-06,2.6047096057803643
0.0003610401101061738,0.03205758515493029,3.1341926240878923e-06,2.5693051291231437
0.0003611220343426399,0.03205031256301674,4.188863681214031e-06,2.5109158504478786
0.00036120395857910606,0.032043043270078876,2.087069675659855e-06,2.4670020321709623
0.00036128588281557215,0.03203577727387251,3.4229140097798655e-06,2.3527091355637806
0.0003613678070520383,0.03202851457215547,4.0363596523698914e-06,-3.020866915325471
0.0003614497312885044,0.03202125516268762,2.9425588256426685e-06,-3.077459834381359
0.0003615316555249705,0.03201399904323086,5.917375616211893e-06,-3.099834117380461
0.0003616135797614366,0.032006746211549114,2.6059489101648547e-06,2.615302925803645
0.00036169550399790275,0.031999496665408335,2.3608602380398187e-06,2.653653432882403
0.00036177742823436884,0.03199225040257649,4.123228346468724e-06,2.9709812731485847
0.000361859352470835,0.03198500742082359,4.603168635960431e-06,2.525058780919542
0.0003619412767073011,0.03197776771792163,5.572745221747921e-06,3.117322526728442
0.0003620232009437672,0.03197053129164466,5.267284251843211e-06,-3.028680406441146
0.00036210512518023336,0.031963298139768725,1.5927976018067177e-06,2.5586704433185314
0.00036218704941669944,0.03195606826007188,4.55806364036926e-06,3.0404556560297236
0.0003622689736531656,0.03194884165033418,3.289852735787e-06,2.8673186988012924
0.0003623508978896317,0.03194161830833773,6.743418527393197e-06,2.7841385137944465
0.0003624328221260978,0.031934398231866584,2.034869565936854e-06,1.4905225452819513
0.0003625147463625639,0.03192718141870684,2.11301979104789e-06,2.083652601584724
0.00036259667059903005,0.03191996786664658,6.206359924532951e-06,2.680055757875345
0.00036267859483549614,0.03191275757347589,1.742619727413225e-06,-2.604737394166412
0.0003627605190719623,0.03190555053698685,3.435710719878266e-06,2.7130771347687435
0.00036284244330842837,0.03189834675497353,2.3640893981489285e-06,3.0315657830296616
0.0003629243675448945,0.031891146225232,4.314507186552553e-06,2.760174210366963
0.0003630062917813606,0.03188394894556032,1.2613382867931702e-06,-2.822416699285081
0.00036308821601782674,0.03187675491375852,3.7640853265462956e-06,2.5279855473680155
0.00036317014025429283,0.03186956412762864,1.9136476316037302e-06,-2.772407982278768
0.000363252064490759,0.031862376584974685,4.16444180878294e-06,-3.0525706773614054
0.00036333398872722506,0.03185519228360265,2.693556108028985e-06,-3.1207123644297514
0.0003634159129636912,0.031848011221320506,3.3753131193534566e-06,2.21579814139355
0.0003634978372001573,0.0318408333959382,4.176322238183532e-06,-2.4489944957721677
0.00036357976143662344,0.03183365880526764,4.268067089494438e-06,2.965798496650979
0.00036366168567308953,0.03182648744712273,5.145061149360207e-06,-2.3681258699328724
0.00036374360990955567,0.03181931931931932,4.381694606371619e-06,2.7562996956792745
0.00036382553414602176,0.03181215441967525,4.992676179195512e-06,-2.9175041438130283
0.0003639074583824879,0.0318049927460103,2.0296545386406062e-06,1.89766165492922
0.000363989382618954,0.03179783429614625,5.894706777858859e-06,2.3025021258247613
0.00036407130685542013,0.031790679067906794,2.2373490817512803e-06,2.9199607338238143
0.0003641532310918862,0.03178352705911761,2.0759945188190884e-06,-3.10465127817948
0.00036423515532835236,0.031776378267606334,5.163560005868731e-06,-3.0415452062383057
0.00036431707956481845,0.03176923269120256,3.3477426646717076e-06,2.950149912939626
0.0003643990038012846,0.03176209032773781,4.563528248771883e-06,3.0809569470410487
0.0003644809280377507,0.03175495117504558,1.8499753134402972e-06,-1.7156880754011739
0.00036456285227421683,0.03174781523096129,5.168397860135146e-06,2.9689398313430955
0.0003646447765106829,0.031740682493322354,3.800591698620104e-06,2.793687512781195
0.00036472670074714906,0.031733552959968055,4.590900854842738e-06,2.246314504286375
0.00036480862498361515,0.03172642662873968,5.4300348382899725e-06,-2.9107869296324296
0.0003648905492200813,0.031719303497480415,3.3161569871314045e-06,2.2787247857679755
0.0003649724734565474,0.03171218356403542,2.3229137464951517e-06,2.7306444484908505
0.0003650543976930135,0.031705066826251745,4.6365184267083535e-06,2.5309101953797604
0.0003651363219294796,0.03169795328197841,3.383061727325562e-06,2.894645904102282
0.00036521824616594575,0.03169084292906635,5.363417655780323e-06,2.9271401882808705
0.00036530017040241184,0.03168373576536842,3.0663578129786515e-06,2.6098906394881176
0.000365382094638878,0.03167663178873941,3.3017512029743574e-06,3.0959715217687167
0.0003654640188753441,0.031669530997036045,4.466787672351893e-06,2.7820037353394076
0.0003655459431118102,0.03166243338811693,2.5452910398723514e-06,3.045765966420618
0.0003656278673482763,0.03165533895984266,3.309646729767354e-06,2.7580262514146896
0.00036570979158474245,0.03164824771007567,4.189724554076617e-06,2.8032580997709244
0.00036579171582120854,0.031641159636680356,3.087800685796744e-06,2.9707719929763874
0.0003658736400576747,0.03163407473752301,2.789029293764983e-06,-3.0352898739641567
0.00036595556429414077,0.03162699301047186,2.6387649544894827e-06,-2.576718260790135
0.0003660374885306069,0.031619914453397,4.032801300983114e-06,3.054481764772941
0.000366119412767073,0.03161283906417046,3.854058105233331e-06,2.9045524178980444
0.00036620133700353914,0.03160576684066617,4.636324303179657e-06,2.818813476434496
0.00036628326124000523,0.03159869778075996,5.762084783604021e-06,2.6545636494773097
0.0003663651854764714,0.03159163188232955,4.546755723791529e-06,2.1153250167512136
0.00036644710971293746,0.03158456914325459,3.782196197892812e-06,-3.045973171374954
0.0003665290339494036,0.03157750956141658,1.5794917688868218e-06,-1.8205704549597594
0.0003666109581858697,0.031570453134698945,4.579008364444989e-06,2.825612557425676
0.00036669288242233584,0.03156339986098699,3.3253080727499115e-06,2.2621649130155204
0.0003667748066588019,0.03155634973816793,4.041038752593088e-06,2.9443771092747117
0.00036685673089526807,0.031549302764130815,5.610003124844664e-06,2.149030508715569
0.00036693865513173416,0.03154225893676664,3.394372960985827e-06,2.254869531079965
0.0003670205793682003,0.03153521825396825,4.339921832812613e-06,-2.865467358285939
0.00036710250360466644,0.03152818071363039,4.696326736677801e-06,-3.0749502420380876
0.00036718442784113253,0.03152114631364966,2.679861551609477e-06,-3.141251818177337
0.0003672663520775987,0.03151411505192455,4.26995204319358e-06,3.0660741719280664
0.00036734827631406476,0.03150708692635544,3.0210551334524303e-06,2.6773162451432375
0.0003674302005505309,0.03150006193484454,6.025622317795673e-06,2.69072246477296
0.000367512124786997,0.03149304007529598,2.735250356144638e-06,2.7962199701361166
0.00036759404902346314,0.031486021345615726,4.080387499328362e-06,2.5473098739166358
0.0003676759732599292,0.031479005743711624,1.7819069520098244e-06,-3.004179676631173
0.00036775789749639537,0.03147199326749338,2.585205603692988e-06,2.6411922722965757
0.00036783982173286146,0.031464983914872555,3.160976519952464e-06,2.8890819218227324
0.0003679217459693276,0.03145797768376258,3.4242440762474886e-06,-2.798734230167577
0.0003680036702057937,0.03145097457207876,3.7604469754361265e-06,-3.0456655733859623
0.00036808559444225983,0.03144397457773821,2.246881357804242e-06,2.5672327501569265
0.0003681675186787259,0.03143697769865994,2.140442900464885e-06,2.8297822045807077
0.00036824944291519206,0.0314299839327648,3.4343573999492417e-06,-2.546247060486569
0.00036833136715165815,0.03142299327797548,5.6582461956881485e-06,2.4538683850426986
0.0003684132913881243,0.031416005732216534,3.820534803793998e-06,2.2027074530730073
0.0003684952156245904,0.03140902129341436,3.0166258410043653e-06,2.1696075117658893
0.0003685771398610565,0.03140203995949717,2.9194526657902143e-06,-2.969394491152165
0.0003686590640975226,0.03139506172839506,2.7267106198268682e-06,-2.1936306615338834
0.00036874098833398876,0.03138808659803994,3.506999931025603e-06,3.1126299614891324
0.00036882291257045484,0.03138111456636557,5.274836924979619e-06,-2.9611924211004896
0.000368904836806921,0.031374145631307526,4.4665910797153634e-06,-3.0179563931353797
0.0003689867610433871,0.03136717979080324,5.868113696162223e-06,2.510847097636729
0.0003690686852798532,0.03136021704279196,3.0577705606632265e-06,2.408625367903801
0.0003691506095163193,0.03135325738521477,1.732784160943784e-06,2.7056711457920537
0.00036923253375278545,0.03134630081601459,3.549827823830065e-06,-2.827933893037586
0.00036931445798925154,0.031339347333136154,6.423404285879418e-06,3.054478000526601
0.0003693963822257177,0.03133239693452601,4.751335689023829e-06,2.852402308779311
0.00036947830646218377,0.03132544961813254,5.21494952318166e-06,2.708701588718006
0.0003695602306986499,0.031318505381905955,4.318979583698603e-06,3.1200686635946013
0.000369642154935116,0.031311564223798265,8.897805058707862e-07,2.5054721429879265
0.00036972407917158214,0.0313046261417633,4.540897459284749e-06,2.369405730455457
0.00036980600340804823,0.03129769113375671,2.2991848753396084e-06,1.9571174040385912
0.0003698879276445144,0.03129075919773594,2.170782619779575e-06,2.96103992015766
0.00036996985188098046,0.03128383033166027,3.4135122338170736e-06,-2.0342933665430034
0.0003700517761174466,0.03127690453349076,2.8530145817713543e-06,2.6395336779733363
0.0003701337003539127,0.031269981801190304,1.8440888383191624e-06,-2.9669534988974653
0.00037021562459037884,0.03126306213272356,1.0524276649791634e-06,-2.049339067493168
0.00037029754882684493,0.03125614552605703,1.6788848572134194e-06,2.4936595545322735
0.00037037947306331107,0.031249231979158985,3.115247121319561e-06,3.1076044715681594
0.00037046139729977716,0.031242321489999513,4.322375151652686e-06,1.8665660768217323
0.0003705433215362433,0.03123541405655047,5.6849328974391855e-06,-3.082368878486238
0.0003706252457727094,0.03122850967678554,4.119694747756917e-06,3.0071607940955394
0.00037070717000917553,0.03122160834868017,4.452164659486205e-06,2.4570955885237393
0.0003707890942456416,0.031214710070211617,2.8271110252126397e-06,2.8246500193631343
0.00037087101848210776,0.03120781483935891,1.8036254953516724e-06,2.866498501573608
0.00037095294271857385,0.031200922654102868,3.379888407295226e-06,-2.7019768057975533
0.00037103486695504,0.03119403351242609,5.554039893855275e-06,2.99596105497652
0.0003711167911915061,0.031187147412312977,4.691035781877501e-06,2.4777006026170585
0.00037119871542797223,0.031180264351749674,2.7859365352691565e-06,2.634524204125544
0.0003712806396644383,0.031173384328724133,2.719122955010497e-06,3.0428310079110066
0.00037136256390090446,0.03116650734122607,4.7001689010980916e-06,-3.056911190018287
0.00037144448813737055,0.031159633387246977,1.6460399614795517e-06,-2.5523576182622785
0.0003715264123738367,0.031152762464780104,3.7821763898319386e-06,2.8394903343639863
0.0003716083366103028,0.031145894571820498,2.6040246262614818e-06,-2.6906859460526946
0.0003716902608467689,0.031139029706364948,4.233095080714236e-06,3.053308244702287
0.000371772185083235,0.031132167866412028,4.328452988518177e-06,2.8485916911913867
0.00037185410931970115,0.031125309049962056,2.025059467827791e-06,2.5104314157218193
0.00037193603355616724,0.031118453255017133,1.8079133283129672e-06,1.2465931143712587
0.0003720179577926334,0.0311116004795811,5.921762202682273e-06,2.828484537068575
0.0003720998820290995,0.031104750721659573,2.959654827220404e-06,2.5793725244387056
0.0003721818062655656,0.031097903979259912,2.65904578732875e-06,2.5360007245119554
0.00037226373050203176,0.031091060250391236,5.954398834802385e-06,2.7475965872949795
0.00037234565473849785,0.03108421953306442,1.2613484641948482e-06,2.692499958454262
0.000372427578974964,0.031077381825292072,2.1349840467928197e-06,2.3898864929787345
0.0003725095032114301,0.03107054712508858,1.66416972576638e-06,1.6411217498597075
0.0003725914274478962,0.031063715430470047,5.622137552660813e-06,-2.981205416890722
0.0003726733516843623,0.031056886739454337,3.6450655768161824e-06,2.5844322575128
0.00037275527592082845,0.03105006105006105,5.473708660520577e-06,1.6978326499844394
0.00037283720015729454,0.03104323836031153,1.7977001195210814e-06,-2.887005577703525
0.0003729191243937607,0.03103641866822886,2.8191769531953357e-06,2.1803765656070078
0.0003730010486302268,0.031029601971837857,3.4365218650251603e-06,-2.9655013584306738
0.0003730829728666929,0.031022788269165075,4.190886023715279e-06,-2.8543589977524806
0.000373164897103159,0.03101597755823881,3.4977544216858857e-06,-3.0550066112317054
0.00037324682133962515,0.031009169837089064,1.676077881932118e-06,-2.995836164768182
0.00037332874557609124,0.03100236510374759,4.947981726361612e-06,-2.730830576774158
0.0003734106698125574,0.030995563356247865,4.158360311137124e-06,-3.0191829151099734
0.00037349259404902347,0.03098876459262509,2.949810395181627e-06,2.1981670903203123
0.0003735745182854896,0.030981968810916173,5.4228523092049505e-06,2.7706265081174317
0.0003736564425219557,0.030975176009159788,3.4142194386836e-06,2.5915302514207847
0.00037373836675842184,0.030968386185396265,2.891713019933378e-06,-2.9932586042757414
0.00037382029099488793,0.030961599337667713,1.9321077413676505e-06,2.097478416387979
0.0003739022152313541,0.030954815464017914,3.160008975758332e-06,1.7345006339401663
0.00037398413946782016,0.030948034562492392,4.857351025482963e-06,3.0185669740877756
0.0003740660637042863,0.03094125663113836,1.3731496345930972e-06,1.9845173272500964
0.0003741479879407524,0.03093448166800477,8.149182708502787e-07,1.1591543695932849
0.00037422991217721854,0.030927709671142244,6.0596650414368245e-06,-2.994774703526038
0.0003743118364136846,0.030920940638603147,2.16006997122852e-06,2.8990268721303476
0.00037439376065015077,0.030914174568441526,3.99860099024303e-06,2.83900190198547
0.00037447568488661686,0.03090741145871314,5.052627659523596e-06,3.034547201222126
0.000374557609123083,0.03090065130747545,3.4917730101687073e-06,2.8319608114366206
0.0003746395333595491,0.030893894112787618,3.0030266574515883e-06,-3.0892648012976656
0.00037472145759601523,0.030887139872710488,5.90926871150925e-06,2.684180599193977
0.0003748033818324813,0.03088038858530662,5.252803941754829e-06,2.5768478750531365
0.00037488530606894746,0.030873640248640248,3.841699432399799e-06,3.130131322532991
0.00037496723030541355,0.030866894860777316,5.032566751742092e-06,2.3690104575684163
0.0003750491545418797,0.030860152419785448,4.194995860677776e-06,2.975857709732211
0.0003751310787783458,0.030853412923733958,1.22866306705569e-06,3.0103653380672415
0.0003752130030148119,0.030846676370693833,1.954766757711723e-06,2.5518824983042068
0.000375294927251278,0.030839942758737783,3.5588546860288153e-06,3.0526133044985366
0.00037537685148774416,0.030833212085940153,3.556966251676706e-06,3.0165621104809555
0.00037545877572421024,0.030826484350377,6.617720758561861e-06,-2.947906902038259
0.0003755406999606764,0.03081975955012604,4.242858302144797e-06,1.9166722710908355
0.0003756226241971425,0.03081303768326669,5.31425192667494e-06,2.900258736838071
0.0003757045484336086,0.030806318747880018,3.966470753323861e-06,2.5182177192882738
0.0003757864726700747,0.030799602742048786,3.870627535887825e-06,2.1053169722835254
0.00037586839690654085,0.030792889663857403,2.6591099184707837e-06,-3.0184669496673853
0.00037595032114300694,0.030786179511391978,3.830996585661739e-06,3.0409223024711243
0.0003760322453794731,0.030779472282740257,4.449341574959507e-06,3.095729100279597
0.00037611416961593917,0.030772767975991672,3.3126297733730525e-06,2.955574397990851
0.0003761960938524053,0.03076606658923732,5.121883408449842e-06,-2.9037424040062563
0.0003762780180888714,0.030759368120569952,5.092398791833276e-06,3.110116665649258
0.00037635994232533754,0.03075267256808397,4.190133971073651e-06,-2.844926271084753
0.00037644186656180363,0.030745979929875468,2.7815030667539104e-06,-3.069670935129572
0.0003765237907982698,0.03073929020404216,5.225203408479823e-06,2.89576221382442
0.00037660571503473586,0.03073260338868344,3.1907078364249122e-06,2.913927282002226
0.000376687639271202,0.03072591948190034,3.626602584209571e-06,2.132013000689056
0.0003767695635076681,0.03071923848179556,4.554707524889789e-06,2.8511960585592178
0.00037685148774413424,0.030712560386473426,3.69187251820591e-06,-3.121782239710471
0.00037693341198060033,0.030705885194039943,6.29655078242002e-06,2.50140973717043
0.00037701533621706647,0.030699212902602736,2.79544436197865e-06,-2.8697552966916167
0.00037709726045353256,0.03069254351027108,5.490521233409317e-06,2.6605376788041144
0.0003771791846899987,0.030685877015155905,3.75905970079041e-06,-2.7651568593382434
0.0003772611089264648,0.030679213415369767,3.456435126265512e-06,2.4692465852240586
0.00037734303316293093,0.030672552709026874,2.699764976719373e-06,2.78594862767062
0.000377424957399397,0.03066589489424306,5.380213278689589e-06,-2.9848459181756635
0.00037750688163586316,0.030659239969135797,5.6616962001166865e-06,2.654562852588616
0.0003775888058723293,0.030652587931824207,3.79061696113822e-06,-2.455947941979734
0.0003776707301087954,0.030645938780429018,4.063633010959229e-06,2.644345734109295
0.00037775265434526154,0.030639292513072604,9.961534625403478e-07,-2.8804807292891934
0.00037783457858172763,0.030632649127878962,2.2845406848994716e-06,-2.0061855486516764
0.00037791650281819377,0.030626008622973717,3.6822073376867594e-06,3.0125315987931316
0.00037799842705465986,0.03061937099648413,3.820619202670696e-06,2.6488837660860156
0.000378080351291126,0.03061273624653906,5.279898795198141e-06,-2.8869965419069
0.0003781622755275921,0.030606104371269018,2.603934741860158e-06,-2.97991674567101
0.00037824419976405823,0.0305994753688061,3.961669460001676e-06,2.5364206845906416
0.0003783261240005243,0.03059284923728406,3.417021450141909e-06,-2.7456958999468224
0.00037840804823699046,0.03058622597483823,3.1577793489210794e-06,2.964213242230023
0.00037848997247345655,0.030579605579605578,4.8391081671800034e-06,2.8116523498336763
0.0003785718967099227,0.03057298804972468,2.78724506180687e-06,-2.8965441397159073
0.0003786538209463888,0.030566373383335736,3.6157652418274578e-06,2.8589881926712057
0.00037873574518285493,0.03055976157858052,6.242015393951818e-06,2.531166203791239
0.000378817669419321,0.03055315263360246,2.920833513722875e-06,2.6226992720001285
0.00037889959365578716,0.030546546546546545,6.7734220864960285e-06,2.817321769577804
0.00037898151789225325,0.030539943315559398,5.363035908965448e-06,2.9732238691280646
0.0003790634421287194,0.030533342938789232,2.7777014053853445e-06,-3.08917780164326
0.0003791453663651855,0.03052674541438586,5.2057297387842814e-06,2.390264050511542
0.0003792272906016516,0.030520150740500705,3.591241920543758e-06,-3.0995318868415596
0.0003793092148381177,0.030513558915286777,5.4636611561263545e-06,3.0611269326644823
0.00037939113907458385,0.030506969936898675,4.961779263366048e-06,2.758631911587329
0.00037947306331104994,0.03050038380349261,2.713763458436467e-06,-3.140970894822632
0.0003795549875475161,0.03049380051322637,1.171305645856243e-06,-2.088842091954169
0.0003796369117839822,0.030487220064259336,3.04773992066752e-06,2.7650331784677764
0.0003797188360204483,0.030480642454752488,4.840762336054623e-06,2.4665119192927696
0.0003798007602569144,0.030474067682868373,3.73175124677914e-06,2.552403623492098
0.00037988268449338055,0.030467495746771135,4.69249915005077e-06,3.0769948677038026
0.00037996460872984664,0.030460926644626515,3.2181881900206076e-06,-2.814781949705178
0.0003800465329663128,0.030454360374601804,1.7688959343783594e-06,1.9130507412301736
0.00038012845720277887,0.030447796934865903,3.8126349420285904e-06,2.5402895501347613
0.000380210381439245,0.030441236323589263,2.500387848910471e-06,2.615670003468093
0.0003802923056757111,0.03043467853894394,5.908187526888962e-06,3.110138269352913
0.00038037422991217724,0.030428123579103548,4.414197643835605e-06,2.8239297550787854
0.00038045615414864333,0.030421571442243275,2.1097889860253006e-06,3.141312709894446
0.0003805380783851095,0.030415022126539883,3.927285090242366e-06,3.138937005126375
0.00038062000262157556,0.030408475630171714,5.089437094446747e-06,2.8148549568948567
0.0003807019268580417,0.030401931951318652,1.662346925801134e-06,-3.0477320821089777
0.0003807838510945078,0.030395391088162173,4.555231676444336e-06,-2.8420945737935073
0.00038086577533097394,0.0303888530388853,4.252498225824817e-06,3.126955922580859
0.00038094769956744,0.03038231780167264,2.5446253144244743e-06,2.8123314531211365
0.00038102962380390617,0.030375785374710335,4.6394074238752895e-06,2.883826330961346
0.00038111154804037226,0.03036925575618611,4.289437368639555e-06,2.71001897880286
0.0003811934722768384,0.030362728944289225,6.542618784284247e-06,-3.0835295316329696
0.0003812753965133045,0.030356204937210522,6.349983832565148e-06,-2.972505603191479
0.00038135732074977063,0.03034968373314238,3.85418529496936e-06,2.595200561975375
0.0003814392449862367,0.030343165330278733,3.352167553424279e-06,2.965338841368146
0.00038152116922270286,0.030336649726815067,4.674391583408601e-06,2.4024698807256035
0.00038160309345916895,0.030330136920948433,1.6434845522344559e-06,2.7145306989242126
0.0003816850176956351,0.030323626910877394,2.6019378428116874e-06,1.4806564935772273
0.0003817669419321012,0.030317119694802098,4.795297568975949e-06,2.902743235704703
0.0003818488661685673,0.030310615270924216,3.738318250615566e-06,-2.8073191629913734
0.0003819307904050334,0.03030411363744697,2.9224738222190335e-06,-3.131656248234073
0.00038201271464149956,0.030297614792575117,4.571461632429802e-06,-2.7628366245902485
0.00038209463887796564,0.03029111873451496,2.9436220171819666e-06,2.8925503693149914
0.0003821765631144318,0.030284625461474333,2.2830401401722047e-06,-2.4400521982649743
0.0003822584873508979,0.030278134971662617,3.4935748584030983e-06,2.758428680618986
0.000382340411587364,0.030271647263290718,6.5863331932270366e-06,3.043078577176622
0.0003824223358238301,0.030265162334571074,2.5336692410961837e-06,3.0297667237915027
0.00038250426006029625,0.030258680183717662,2.680107386954446e-06,-2.9369640238962997
0.00038258618429676234,0.03025220080894599,4.233755120143787e-06,2.7638183899921147
0.0003826681085332285,0.030245724208473084,2.7256472318518904e-06,2.973292515261231
0.00038275003276969457,0.030239250380517505,4.1163064579395305e-06,2.568747418191563
0.0003828319570061607,0.03023277932329933,2.9067438254885878e-06,2.0955794512018655
0.00038291388124262686,0.03022631103504017,3.242534693000278e-06,-2.8344521709856165
0.00038299580547909294,0.030219845513963162,4.38448661011265e-06,-3.1063017243193753
0.0003830777297155591,0.030213382758292936,3.453978764385636e-06,-3.083503328439033
0.0003831596539520252,0.030206922766255674,2.8645810392993046e-06,-3.058308269992444
0.0003832415781884913,0.03020046553607904,2.9592306966753618e-06,2.063862769697496
0.0003833235024249574,0.03019401106599226,3.5800340545684435e-06,2.7208644908024575
0.00038340542666142355,0.03018755935422602,3.586551622109168e-06,2.4626961516617096
0.00038348735089788964,0.030181110399012556,6.154491506711472e-06,-3.072219921194431
0.0003835692751343558,0.0301746641985856,1.6567629854859473e-06,2.3289226422892755
0.00038365119937082187,0.03016822075118039,4.899297005917271e-06,2.3166361370183854
0.000383733123607288,0.030161780055033685,5.083908614656833e-06,3.0364274955554524
0.0003838150478437541,0.03015534210838373,8.957715458821336e-07,-2.0303764562604014
0.00038389697208022024,0.030148906909470287,4.082046351398871e-06,2.5742531054314908
0.00038397889631668633,0.030142474456534625,3.738738008956761e-06,2.965563024917769
0.0003840608205531525,0.030136044747819488,2.3330340135144073e-06,-2.569496606696016
0.00038414274478961856,0.030129617781569158,1.026468004863081e-06,2.118277944941253
0.0003842246690260847,0.030123193556029375,4.904287035612791e-06,2.797471300748267
0.0003843065932625508,0.030116772069447403,4.180744916241156e-06,2.793035165590949
0.00038438851749901694,0.030110353320071986,1.8139112296775504e-06,3.1024919384019545
0.00038447044173548303,0.030103937306153374,1.6770602307073538e-06,2.0045158479941474
0.00038455236597194917,0.03009752402594328,5.081666626926891e-06,-2.835952955684631
0.00038463429020841526,0.030091113477694945,4.0592477793594094e-06,2.1641419645270514
0.0003847162144448814,0.030084705659663067,1.7147540243705792e-06,1.4882343340303712
0.0003847981386813475,0.03007830057010385,3.7490884481329116e-06,-3.025784915525449
0.00038488006291781363,0.03007189820727496,2.1098623505705596e-06,2.8683836741944813
0.0003849619871542797,0.030065498569435578,3.607030546469536e-06,-2.901866435868252
0.00038504391139074586,0.03005910165484633,5.376157550929336e-06,-3.1195596559697645
0.00038512583562721195,0.03005270746176936,4.912012177115284e-06,-3.036363783564044
0.0003852077598636781,0.030046315988468263,4.4312122746202165e-06,2.4463220734107693
0.0003852896841001442,0.03003992723320812,3.9222933730963205e-06,2.2897127924949467
0.00038537160833661033,0.030033541194255477,3.6015671926414317e-06,-3.072454615767116
0.0003854535325730764,0.030027157869878376,4.38408056988182e-06,2.2974828329684387
0.00038553545680954256,0.030020777258346315,5.530141224135069e-06,2.8550732202509193
0.00038561738104600865,0.03001439935793027,5.734602709028312e-06,2.9458432672894004
0.0003856993052824748,0.03000802416690267,4.802781729294025e-06,2.2560731744619864
0.0003857812295189409,0.030001651683537432,3.95308192133116e-06,-3.0371876697165603
0.000385863153755407,0.02999528190610993,4.524891025240491e-06,2.87665353269586
0.0003859450779918731,0.029988914832897003,3.9580482526384724e-06,-3.093025936057702
0.00038602700222833925,0.029982550462176946,6.256532233463328e-06,2.738060576776606
0.00038610892646480534,0.02997618879222953,2.0429121116976828e-06,2.5240313036004105
0.0003861908507012715,0.02996982982133597,4.367621709770648e-06,2.365048294289589
0.0003862727749377376,0.029963473547778955,3.6279162846251813e-06,2.9540847211718413
0.0003863546991742037,0.029957119969842613,2.9955091488106437e-06,-3.0071614457118856
0.0003864366234106698,0.029950769085812543,2.9337204029490967e-06,2.7458368944476974
0.00038651854764713595,0.02994442089397579,2.527404326691125e-06,2.5842829417578534
0.00038660047188360204,0.029938075392620847,3.4993813001430772e-06,-2.7541565333481506
0.0003866823961200682,0.029931732580037663,3.061402029651238e-06,1.8735782657707862
0.00038676432035653427,0.02992539245451764,3.148332423996787e-06,2.797583306101974
0.0003868462445930004,0.029919055014353615,3.1087103249724554e-06,2.8900137134975354
0.0003869281688294665,0.02991272025783989,2.672669993621675e-06,2.691471075692208
0.00038701009306593264,0.02990638818327218,3.3093414871243724e-06,2.5630460325617013
0.00038709201730239873,0.029900058788947678,3.3648048044119553e-06,2.8606001670398244
0.0003871739415388649,0.029893732073164998,1.9882684947709257e-06,-2.37152391073371
0.00038725586577533096,0.029887408034224197,2.846811606205907e-07,-2.406498026864226
0.0003873377900117971,0.029881086670426767,4.992380078219432e-06,-2.6977391660999808
0.0003874197142482632,0.02987476798007566,4.984993073821042e-06,-3.0625585141277987
0.00038750163848472934,0.029868451961475216,5.425545636889946e-06,2.74019523074503
0.0003875835627211954,0.029862138612931258,2.881623882210542e-06,2.5663364674537963
0.00038766548695766157,0.02985582793275101,2.3000349852078566e-06,2.770685747050255
0.00038774741119412766,0.02984951991924314,3.548694920781407e-06,-2.823142826348305
0.0003878293354305938,0.02984321457071774,2.2412795566421636e-06,-2.3701126084652375
0.0003879112596670599,0.02983691188548633,2.695934780372141e-06,-2.4107990429872475
0.00038799318390352603,0.029830611861861863,2.0837554520621477e-06,2.8121952134715733
0.0003880751081399922,0.029824314498158703,5.206418816156848e-06,2.2023663372866062
0.00038815703237645826,0.02981801979269265,2.7531533851299196e-06,2.6345645497159462
0.0003882389566129244,0.02981172774378092,7.164223740053117e-07,2.997613777885255
0.0003883208808493905,0.02980543834974215,4.055806212140087e-06,2.430730437818803
0.00038840280508585664,0.029799151608896388,5.304879462532578e-06,-3.047583692645445
0.0003884847293223227,0.029792867519565114,3.3642762249311317e-06,2.7987049950552167
0.00038856665355878887,0.029786586080071214,3.850174646019542e-06,3.0636865703948573
0.00038864857779525496,0.02978030728873899,4.530656272884649e-06,-3.1124225217547767
0.0003887305020317211,0.029774031143894156,3.828409382481727e-06,-3.045638671906588
0.0003888124262681872,0.029767757643863836,5.050543776436015e-06,2.572264433118783
0.00038889435050465333,0.029761486786976567,5.2188894595443424e-06,2.9119882180985814
0.0003889762747411194,0.029755218571562297,3.658463040566352e-06,2.849765010238353
0.00038905819897758556,0.02974895299595236,3.2338993786270336e-06,3.061331899600023
0.00038914012321405165,0.029742690058479536,4.5118466319261314e-06,2.8097081604827445
0.0003892220474505178,0.029736429757477957,4.483747022509434e-06,2.8542234654399086
0.0003893039716869839,0.029730172091283202,3.895909124090517e-06,3.0226387338114478
0.00038938589592345,0.029723917058232227,1.135693379502506e-06,1.2356207579282135
0.0003894678201599161,0.02971766465666339,3.6977995673381447e-06,-3.079675993399234
0.00038954974439638226,0.02971141488491646,4.173775450236736e-06,-2.8477750905584713
0.00038963166863284834,0.029705167741332587,4.080741677021132e-06,2.242097201465451
0.0003897135928693145,0.029698923224254315,4.531277938910083e-06,2.632121874373611
0.0003897955171057806,0.029692681332025593,2.173904446123857e-06,2.8590585010342666
0.0003898774413422467,0.029686442062991755,4.534215539322072e-06,2.627610583273288
0.0003899593655787128,0.029680205415499535,2.7704615599711533e-06,2.2046431024413877
0.00039004128981517895,0.02967397138789703,3.1967806054937722e-06,-2.970200294825024
0.00039012321405164504,0.02966773997853376,7.282219387019103e-07,1.0958279721661575
0.0003902051382881112,0.02966151118576061,4.099424491426033e-06,3.084291726083986
0.00039028706252457727,0.029655285007929844,5.7888110416908e-06,-2.915523967312882
0.0003903689867610434,0.029649061443395127,3.1329470960298455e-06,3.0893804340508044
0.0003904509109975095,0.029642840490511493,3.228492417711329e-06,2.6807096892169984
0.00039053283523397564,0.02963662214763536,5.323476472000773e-06,2.589520126793259
0.00039061475947044173,0.029630406413124536,2.2782530342752505e-06,3.1138397606664414
0.0003906966837069079,0.029624193285338177,5.342105812278021e-06,2.4506790322589556
0.00039077860794337396,0.029617982762636847,3.3052496258957882e-06,2.9833252693664933
0.0003908605321798401,0.02961177484338247,2.5865705627673175e-06,2.520619045416127
0.0003909424564163062,0.029605569525938347,2.898797567208529e-06,2.2297730892787473
0.00039102438065277234,0.029599366808669134,4.021347824102377e-06,2.577870193678723
0.00039110630488923843,0.029593166689940883,2.324234541769313e-06,2.6792143909793626
0.00039118822912570457,0.029586969168121,3.816074431960127e-06,2.9739704030704175
0.00039127015336217066,0.029580774241578265,3.298578422109338e-06,2.402669920662355
0.0003913520775986368,0.02957458190868281,2.515813467862924e-06,-3.11064227814426
0.0003914340018351029,0.02956839216780615,5.0087507414417964e-06,2.364897530550203
0.00039151592607156903,0.02956220501732115,1.2868994660055922e-06,2.709243825367221
0.0003915978503080351,0.029556020455602044,4.3104607792108746e-06,-3.0337806607642377
0.00039167977454450126,0.02954983848102442,4.591406270840328e-06,-3.0729326683042957
0.00039176169878096735,0.02954365909196524,3.164558001813586e-06,2.862136150780417
0.0003918436230174335,0.029537482286802797,1.890942244438923e-06,-1.9106560875036314
0.0003919255472538996,0.02953130806391676,4.263212161758048e-06,2.6942091531876504
0.00039200747149036573,0.029525136421688147,2.7668249275002935e-06,-2.3862674086749336
0.0003920893957268318,0.029518967358499328,1.8537066545619125e-06,-2.6568518343752947
0.00039217131996329796,0.029512800872734023,6.069789051557145e-06,3.0733000363437406
0.00039225324419976405,0.029506636962777315,5.462818255520466e-06,2.822092849349737
0.0003923351684362302,0.029500475627015615,6.4200652602900736e-06,-2.5813452617084685
0.0003924170926726963,0.0294943168638367,3.018986568645684e-06,2.844096507676583
0.0003924990169091624,0.029488160671629675,4.122880346457635e-06,2.964819649795392
0.0003925809411456285,0.029482007048785012,2.7077034487322606e-06,3.0447907780638594
0.00039266286538209465,0.029475855993694507,2.912689200159073e-06,-2.690208915333774
0.00039274478961856074,0.02946970750475131,1.6141876814962898e-06,3.1231254923002365
0.0003928267138550269,0.029463561580349903,2.502736718859e-06,2.108650200779651
0.000392908638091493,0.029457418218886113,5.9153770062456675e-06,2.782060254846907
0.0003929905623279591,0.029451277418757093,4.557787393719136e-06,3.0994267233855477
0.0003930724865644252,0.029445139178361356,2.4832776578830655e-06,-2.860352180014765
0.00039315441080089135,0.029439003496098723,4.87848464723468e-06,2.9510813576537864
0.0003932363350373575,0.029432870370370366,5.207183466245557e-06,2.8933450710641155
0.0003933182592738236,0.029426739799578792,4.275701297045943e-06,-2.753118527804282
0.0003934001835102897,0.029420611782127817,3.1317370650186272e-06,3.128727515224528
0.0003934821077467558,0.029414486316422607,4.397430358751654e-06,2.6832692930877444
0.00039356403198322195,0.02940836340086964,5.123988244041121e-06,3.0819759945621676
0.00039364595621968804,0.029402243033876747,3.8271292233779164e-06,-3.071253343164558
0.0003937278804561542,0.02939612521385305,5.932880073653863e-06,2.3562826025070898
0.0003938098046926203,0.029390009939209025,3.985207841941814e-06,2.4985065766688255
0.0003938917289290864,0.02938389720835644,2.7763235519894725e-06,2.488769619993964
0.0003939736531655525,0.029377787019708414,6.488317496497923e-06,2.8325539076578945
0.00039405557740201865,0.02937167937167937,4.517560148897733e-06,2.7690044540675127
0.00039413750163848474,0.029365574262685053,2.9951300268124712e-06,2.5649285797707413
0.0003942194258749509,0.02935947169114251,6.476009645969965e-06,2.9860067637039323
0.00039430135011141697,0.02935337165547014,4.1281834392295894e-06,2.3307251821314074
0.0003943832743478831,0.029347274154087614,1.1253474566667621e-06,0.6353696275507427
0.0003944651985843492,0.029341179185415945,2.594581038744647e-06,3.12729240289979
0.00039454712282081534,0.029335086747877444,2.7585266999419797e-06,2.6425965383818597
0.00039462904705728143,0.02932899683989574,2.825661227575965e-06,2.098459878240878
0.0003947109712937476,0.029322909459895758,1.857266648966019e-06,-2.5067843860556884
0.00039479289553021366,0.02931682460630375,4.378266371944615e-06,2.0091680616447865
0.0003948748197666798,0.029310742277547253,3.428344592134511e-06,2.417286462495225
0.0003949567440031459,0.02930466247205513,5.45250114962728e-06,2.869731362290683
0.00039503866823961204,0.029298585188257523,3.6818472980379245e-06,2.4280458312969104
0.0003951205924760781,0.029292510424585895,3.4862083204883017e-06,2.4433354844820143
0.00039520251671254427,0.029286438179473,2.2594410113731258e-06,1.551443891719704
0.00039528444094901036,0.029280368451352907,5.449379522635115e-06,2.865796792394649
0.0003953663651854765,0.029274301238660955,4.319952035553625e-06,2.650963156385825
0.0003954482894219426,0.029268236539833806,3.5471220630515157e-06,2.5658898098308907
0.00039553021365840873,0.0292621743533094,2.792017054771259e-06,2.28859202017291
0.0003956121378948748,0.029256114677526975,6.12679343649559e-06,3.13470228151117
0.00039569406213134096,0.029250057510927074,4.041789796261973e-06,2.577697696779271
0.00039577598636780705,0.029244002851951514,2.6430010105418986e-06,3.120114499530282
0.0003958579106042732,0.029237950699043412,1.4755662512712943e-06,2.35446810509765
0.0003959398348407393,0.029231901050647168,4.965536831247424e-06,2.9136132440619944
0.0003960217590772054,0.029225853905208474,3.1544724888089336e-06,2.161608268191152
0.0003961036833136715,0.029219809261174307,3.891698663995154e-06,3.0142152381988487
0.00039618560755013766,0.029213767116992924,2.509621501785321e-06,-1.8807731626853097
0.00039626753178660374,0.029207727471113866,4.533678837410005e-06,-3.1087346048694915
0.0003963494560230699,0.029201690321987966,4.480494362008231e-06,2.8170490900888487
0.000396431380259536,0.029195655668067325,3.5091121198552106e-06,-2.856396767899784
0.0003965133044960021,0.029189623507805323,7.34071180918402e-06,-3.0994670360902083
0.0003965952287324682,0.029183593839656637,2.611270499467325e-06,2.354399842779479
0.00039667715296893435,0.029177566662077194,3.951535574167182e-06,2.9183001382442604
0.00039675907720540044,0.02917154197352422,5.3785271242707185e-06,3.0687335028466753
0.0003968410014418666,0.02916551977245619,6.911396090994731e-06,2.408741771517785
0.00039692292567833267,0.029159500057332876,4.0884016656048265e-06,-3.124005011283939
0.0003970048499147988,0.02915348282661531,1.6256181116856377e-06,2.699921964377761
0.0003970867741512649,0.02914746807876579,3.3548799650799026e-06,2.9103620653573503
0.00039716869838773104,0.02914145581224789,4.968717624348576e-06,2.4182215034750185
0.00039725062262419713,0.029135446025526455,3.6600868098058136e-06,-2.6661867091980422
0.0003973325468606633,0.02912943871706758,4.783188708453906e-06,3.013772556105218
0.00039741447109712936,0.029123433885338647,5.554782886099199e-06,3.1339178182746954
0.0003974963953335955,0.029117431528808278,4.400287690995613e-06,3.0763673279762718
0.0003975783195700616,0.029111431645946383,3.6406168041450856e-06,-2.795459575583618
0.00039766024380652774,0.029105434235224097,1.1670241830033989e-06,2.9815853638571674
0.00039774216804299383,0.029099439295113858,3.2647752674439116e-06,-3.059478780858601
0.00039782409227945997,0.029093446824089327,3.2123578195160607e-06,2.9095762672037995
0.00039790601651592606,0.029087456820625444,1.443427878040178e-06,-2.441835494230068
0.0003979879407523922,0.02908146928319839,1.543315284020931e-06,-2.7871431955157857
0.0003980698649888583,0.02907548421028561,1.54408159207612e-06,-2.000829967064188
0.00039815178922532443,0.0290695016003658,2.740400632224903e-06,-3.065013667224198
0.0003982337134617905,0.029063521451918903,6.35745290606367e-06,3.0312802883697714
0.00039831563769825666,0.02905754376342612,2.93308996284494e-06,2.4702011050050268
0.00039839756193472275,0.029051568533369893,2.3429907855944776e-06,2.6602631055215857
0.0003984794861711889,0.029045595760233918,2.029513898531821e-06,2.8668558396969943
0.00039856141040765504,0.029039625442503138,4.296660453817453e-06,-2.7782854002801955
0.00039864333464412113,0.029033657578663743,1.642612296509881e-06,2.5316603687200585
0.00039872525888058727,0.029027692167203155,6.149331962316214e-06,2.0820817581555464
0.00039880718311705336,0.029021729206610062,2.972984462478023e-06,-2.686131462661167
0.0003988891073535195,0.029015768695374363,4.101360190936152e-06,2.3826832236786752
0.0003989710315899856,0.02900981063198722,7.044429657995037e-06,2.771273652946672
0.00039905295582645173,0.029003855014941033,1.0188742909801516e-06,2.863764867095083
0.0003991348800629178,0.028997901842729427,2.7974250292327458e-06,1.7684850464956334
0.00039921680429938396,0.028991951113847274,3.736976151386589e-06,2.9036387044329666
0.00039929872853585005,0.02898600282679068,2.8531483498045866e-06,2.7710216216719368
0.0003993806527723162,0.02898005698005698,1.6695796359265643e-06,3.109846552050556
0.0003994625770087823,0.028974113572144744,3.088254517055219e-06,2.5478829764615707
0.00039954450124524843,0.028968172601553776,3.255339704948095e-06,2.3575011753164565
0.0003996264254817145,0.02896223406678511,2.7312719212533477e-06,-2.240136669962457
0.00039970834971818066,0.028956297966341006,4.43988458205576e-06,2.8624678569388196
0.00039979027395464675,0.028950364298724954,2.4717347211151186e-06,2.8212686129538
0.0003998721981911129,0.028944433062441665,3.054783851943163e-06,2.4593691743355497
0.000399954122427579,0.02893850425599709,3.2272780403716907e-06,3.0623524596974487
0.0004000360466640451,0.028932577877898373,3.269935723198259e-06,3.066511746540606
0.0004001179709005112,0.028926653926653927,3.0973572379351714e-06,2.8746003400161113
0.00040019989513697735,0.02892073240077334,2.0379734400209454e-06,-3.0237003374941636
0.00040028181937344344,0.028914813298767453,2.7090054510344605e-06,3.0303738030040246
0.0004003637436099096,0.02890889661914831,2.516464562984917e-06,2.608844211681624
0.0004004456678463757,0.028902982360429166,4.740806850118724e-06,2.9978048539764943
0.0004005275920828418,0.02889707052112452,3.5378679805005058e-06,2.370225028152062
0.0004006095163193079,0.02889116109975006,2.9293058152390828e-06,2.7126583056777758
0.00040069144055577405,0.028885254094822687,3.129896004790706e-06,-2.8682601254758375
0.00040077336479224014,0.028879349504860544,3.879423573733731e-06,2.6356208575039854
0.0004008552890287063,0.02887344732838295,5.193226185894219e-06,2.454505919389198
0.00040093721326517237,0.028867547563910457,3.8501313149352875e-06,2.442267454008992
0.0004010191375016385,0.028861650209964815,3.7771076916617803e-06,1.8667717199872897
0.0004011010617381046,0.028855755265068988,5.5086898374285595e-06,2.2865030070392005
0.00040118298597457074,0.028849862727747144,3.628091585330135e-06,2.9135782510711854
0.00040126491021103683,0.02884397259652466,5.021779091083189e-06,2.9378502231654777
0.000401346834447503,0.0288380848699281,5.726209298338382e-06,-2.9271038602487507
0.00040142875868396906,0.028832199546485263,3.886479810750931e-06,2.909539745106919
0.0004015106829204352,0.02882631662472511,3.5810145406575186e-06,-2.876148173297891
0.0004015926071569013,0.02882043610317784,2.541614899406268e-06,2.9807938382911714
0.00040167453139336744,0.028814557980374824,1.7397679023723803e-06,1.9898401475206768
0.0004017564556298335,0.028808682254848648,2.1495387186395353e-06,2.1758026689110896
0.00040183837986629967,0.028802808925133084,5.7866235694580645e-06,2.5826642326827085
0.00040192030410276576,0.028796937989763103,2.648809266119741e-06,3.0916664782290586
0.0004020022283392319,0.02879106944727487,3.08978594971151e-06,2.092060776855859
0.000402084152575698,0.02878520329620574,3.83687034255063e-06,3.052277490597949
0.00040216607681216413,0.028779339535094272,5.391326776515671e-06,2.2173136642751032
0.0004022480010486302,0.028773478162480198,4.344847142970553e-06,2.5893996232648258
0.00040232992528509636,0.02876761917690445,3.424718473600717e-06,2.191463605984647
0.00040241184952156245,0.02876176257690916,4.54438232540004e-06,-3.128256334748277
0.0004024937737580286,0.02875590836103761,5.694774111219724e-07,-1.0217602177622287
0.0004025756979944947,0.028750056527834304,4.8199119962372015e-06,-3.0773045342937904
0.0004026576222309608,0.028744207075844918,3.9429424562348075e-06,-2.9190812588005883
0.0004027395464674269,0.02873836000361631,3.251142228695639e-06,2.742087603665548
0.00040282147070389306,0.02873251530969652,9.93402769898795e-07,1.9387540698822259
0.00040290339494035914,0.028726672992634768,3.1751084279556468e-06,-3.1158948556319266
0.0004029853191768253,0.028720833050981456,4.538068845266565e-06,3.1355643908447375
0.0004030672434132914,0.028714995483288167,7.660270064888896e-07,-2.878685007703071
0.0004031491676497575,0.028709160288107657,2.9853673148625955e-06,2.479039677593437
0.0004032310918862236,0.02870332746399386,4.741844976885864e-06,3.0664262569367033
0.00040331301612268975,0.02869749700950188,4.513064617984771e-06,2.8237718295084857
0.00040339494035915584,0.028691668923188012,2.384157771946532e-06,2.351614099972916
0.000403476864595622,0.0286858432036097,5.138237421421172e-06,3.0007768794518714
0.00040355878883208807,0.028680019849325576,2.009525363056474e-06,2.92431245182038
0.0004036407130685542,0.02867419885889543,1.9968119619121204e-06,-2.637284792886617
0.0004037226373050203,0.028668380230880232,5.172246999414012e-06,3.031106048211015
0.00040380456154148644,0.028662563963842112,6.458986984858802e-07,2.11053278119515
0.0004038864857779526,0.028656750056344372,6.184169402980281e-06,2.5030826207648063
0.0004039684100144187,0.02865093850695148,4.4528536138919235e-06,2.4692735992025816
0.0004040503342508848,0.02864512931422907,2.4965891735845865e-06,2.857921835613751
0.0004041322584873509,0.02863932247674392,3.1906594364258886e-06,-3.0552099800791925
0.00040421418272381705,0.028633517993064,3.7529675661854818e-06,3.0395753920801623
0.00040429610696028314,0.028627715861758416,3.861583393510888e-06,2.5717043954564254
0.0004043780311967493,0.028621916081397438,3.188669041723033e-06,2.624644439299338
0.00040445995543321537,0.028616118650552518,3.617668488583683e-06,2.2241776286401445
0.0004045418796696815,0.028610323567796223,3.061403701743708e-06,3.0714298347911213
0.0004046238039061476,0.028604530831702325,5.398653059585279e-06,2.703616311193801
0.00040470572814261374,0.0285987404408457,5.6369280558965945e-06,2.6428140253385792
0.00040478765237907983,0.028592952393802423,3.3845113203669875e-06,2.647184488241291
0.000404869576615546,0.028587166689149693,3.137447648409599e-06,2.580386439049842
0.00040495150085201206,0.028581383325465868,3.039704608510446e-06,2.8360463716623205
0.0004050334250884782,0.028575602301330452,4.235801064675231e-06,2.8679319154625063
0.0004051153493249443,0.02856982361532412,2.3330492308669505e-06,-2.7367914990885995
0.00040519727356141044,0.028564047266028663,3.2608123094216325e-06,2.1407484993452477
0.00040527919779787653,0.028558273252027044,4.716454946329652e-06,-2.764264293249063
0.00040536112203434267,0.02855250157190335,2.89297345541812e-06,-2.870259753194003
0.00040544304627080876,0.02854673222424283,4.043908489406545e-06,1.5200712199260975
0.0004055249705072749,0.028540965207631868,4.478214008077683e-06,-2.999542373118024
0.000405606894743741,0.028535200520658006,3.0945492434132735e-06,2.777199244959226
0.00040568881898020713,0.028529438161909886,2.918675740557155e-06,2.608724887335729
0.0004057707432166732,0.028523678129977345,1.175007517125665e-06,-2.5075338942699155
0.00040585266745313936,0.028517920423451307,3.5561787001434914e-06,3.0358355363309033
0.00040593459168960545,0.02851216504092387,4.203041727027222e-06,-3.1017737545090647
0.0004060165159260716,0.028506411980988248,5.236313719354684e-06,2.928305724962492
0.0004060984401625377,0.02850066124223881,3.6130081793663033e-06,2.7335106907125466
0.00040618036439900383,0.028494912823271032,3.3070931893771213e-06,2.820695403319222
0.0004062622886354699,0.028489166722681546,5.534606751277152e-06,2.9519154784204527
0.00040634421287193606,0.028483422939068102,4.152448838096104e-06,-2.9757207355683435
0.00040642613710840215,0.028477681471029588,5.484501772178182e-06,2.986111572102122
0.0004065080613448683,0.02847194231716602,2.470725823397727e-06,-2.9121645947566406
0.0004065899855813344,0.028466205476078536,2.781822435535085e-06,-3.0649364692306267
0.0004066719098178005,0.028460470946369415,3.384913540256129e-06,2.272908481698432
0.0004067538340542666,0.02845473872664205,1.942918072275338e-06,2.960273470008074
0.00040683575829073275,0.028449008815500963,1.6501612638509385e-06,2.4063990959267505
0.00040691768252719884,0.0284432812115518,2.9009433433861524e-06,3.0871664509879317
0.000406999606763665,0.028437555913401323,3.098583143725278e-06,2.682236807372892
0.0004070815310001311,0.028431832919657434,4.251642707677645e-06,3.1337454384935546
0.0004071634552365972,0.02842611222892913,2.922528567083242e-06,-3.0553983027787255
0.0004072453794730633,0.028420393839826547,6.278597240015615e-06,-2.963554640829077
0.00040732730370952945,0.028414677750960935,2.202508178940928e-06,3.0075707594926904
0.00040740922794599554,0.028408963960944656,3.4903373886090285e-06,2.706581661408422
0.0004074911521824617,0.028403252468391187,1.245533325354022e-06,2.7438638802327335
0.00040757307641892777,0.02839754327191513,4.425341600421789e-06,2.5915455810917836
0.0004076550006553939,0.02839183637013219,5.158072563486213e-06,3.0609690325797487
0.00040773692489186,0.02838613176165919,3.288073774189914e-06,3.03284378285925
0.00040781884912832614,0.028380429445114055,5.058113001024009e-06,2.444917577895453
0.00040790077336479223,0.02837472941911584,2.4357854191760175e-06,-3.0662496576312597
0.0004079826976012584,0.028369031682284693,2.513143848090378e-06,2.833825877013552
0.00040806462183772446,0.028363336233241877,4.935530465318913e-06,2.8184592901327297
0.0004081465460741906,0.02835764307060975,5.837584434968602e-06,2.4844928840249025
0.0004082284703106567,0.028351952193011797,2.943940082472463e-06,-3.1262335871159346
0.00040831039454712284,0.028346263599072587,2.4654845026887537e-06,-1.8786068895747499
0.0004083923187835889,0.028340577287417807,4.038688310337498e-06,2.701981799072784
0.00040847424302005507,0.028334893256674244,4.931777735973729e-06,2.7867972442368543
0.00040855616725652116,0.02832921150546978,2.6232873775734013e-06,2.4065700594710457
0.0004086380914929873,0.028323532032433398,2.3151441086153453e-06,-2.927791488884492
0.0004087200157294534,0.028317854836195186,5.811848861134669e-06,-2.986112791556238
0.00040880193996591953,0.02831217991538633,3.5579516727520243e-06,-2.6627133824041476
0.0004088838642023856,0.028306507268639106,4.09708678974736e-06,-2.677503396283002
0.00040896578843885176,0.028300836894586893,3.1789616030374415e-06,2.8565617320776977
0.0004090477126753179,0.028295168791864164,4.215363168799765e-06,2.6008929083040035
0.000409129636911784,0.028289502959106486,3.9819854495672234e-08,1.6563221011653637
0.00040921156114825014,0.028283839394950504,2.81515035891054e-06,2.726954920527856
0.0004092934853847162,0.02827817809803398,6.751467837222942e-06,-2.9883270596740665
0.00040937540962118237,0.02827251906699575,7.778075892143928e-07,1.3062510509439438
0.00040945733385764846,0.028266862300475745,3.2337576018486653e-06,2.4870951309811047
0.0004095392580941146,0.028261207797114978,3.3942072096099737e-06,3.080599300751734
0.0004096211823305807,0.02825555555555555,2.260631540439747e-06,3.0844626069166083
0.00040970310656704683,0.028249905574440664,2.1795327558059137e-06,2.995973419293569
0.0004097850308035129,0.028244257852414592,1.3910721908425513e-06,2.615612405273754
0.00040986695503997906,0.028238612388122676,3.060219288315789e-06,2.544486624623883
0.00040994887927644515,0.028232969180211384,2.3269045608251746e-06,-3.1175154622382246
0.0004100308035129113,0.028227328227328225,3.3884752946101024e-06,-2.388265193878591
0.0004101127277493774,0.028221689528121808,4.588641554406172e-06,2.706140248324213
0.0004101946519858435,0.028216053081241813,2.9270084371187948e-06,2.9968408216877807
0.0004102765762223096,0.02821041888533901,3.0117102857571173e-06,2.1819906432090366
0.00041035850045877576,0.028204786939065234,3.839806645662998e-06,-2.8625988179041073
0.00041044042469524184,0.028199157241073407,5.909078983176825e-06,1.9889132938780207
0.000410522348931708,0.028193529790017515,2.013262008882429e-06,2.4668381210058543
0.0004106042731681741,0.02818790458455263,4.311766836542243e-06,2.6810265377004927
0.0004106861974046402,0.028182281623334884,4.634306728505396e-06,-2.964013236696746
0.0004107681216411063,0.028176660905021494,3.4265902567557687e-06,2.444469773444947
0.00041085004587757245,0.028171042428270742,4.846335603451021e-06,-2.9672831531432724
0.00041093197011403854,0.02816542619174198,4.77518608739597e-06,3.038824222990446
0.0004110138943505047,0.028159812194095628,2.124400061134367e-06,2.319192310391387
0.00041109581858697077,0.028154200433993182,3.1427749875579273e-06,-2.7143020913400058
0.0004111777428234369,0.028148590910097183,3.4167985614776446e-06,2.8886804221857765
0.000411259667059903,0.02814298362107127,4.523282120980155e-06,2.7980332360198963
0.00041134159129636914,0.02813737856558012,4.836222513228796e-06,-2.5930328689219815
0.00041142351553283523,0.02813177574228948,4.880033441584175e-07,0.5462840282253258
0.0004115054397693014,0.02812617514986617,1.9548358056891516e-06,2.8201117441490458
0.00041158736400576746,0.02812057678697806,2.071548390782348e-06,2.0768605140795002
0.0004116692882422336,0.02811498065229408,3.851973170695666e-06,-2.8470350727224925
0.0004117512124786997,0.028109386744484238,2.201034560034061e-06,-2.8705832919161915
0.00041183313671516584,0.028103795062219567,2.809840902786319e-06,3.045392355562895
0.00041191506095163193,0.02809820560417219,3.450655817090084e-06,-2.953739871416089
0.00041199698518809807,0.028092618369015266,2.7871377471783044e-06,2.3071713661778177
0.00041207890942456416,0.028087033355423018,3.4659400791106318e-06,-2.6426459994222307
0.0004121608336610303,0.028081450562070714,2.60109472940996e-06,2.9056056298690147
0.0004122427578974964,0.028075869987634696,5.6074374442421605e-06,2.9668425230393756
0.00041232468213396253,0.028070291630792322,3.859127818433753e-06,2.815226753460208
0.0004124066063704286,0.028064715490222047,1.79644026905551e-06,2.591606867889474
0.00041248853060689476,0.028059141564603332,5.311556076588815e-06,-2.5524443150665217
0.00041257045484336085,0.028053569852616717,1.1370233151705427e-06,-2.8327843122978713
0.000412652379079827,0.028048000352943768,2.7555477754474815e-06,3.075322503766933
0.0004127343033162931,0.028042433064267125,1.65904168525842e-06,2.746402585968719
0.00041281622755275923,0.02803686798527044,2.898778658295726e-06,2.502174746729902
0.0004128981517892253,0.028031305114638447,1.5808841755128571e-06,2.420028998839552
0.00041298007602569146,0.028025744451056888,3.781924160449304e-06,-2.877624548737335
0.00041306200026215755,0.028020185993212567,2.559147504132491e-06,2.683778991834216
0.0004131439244986237,0.028014629739793333,4.3472045492833376e-06,2.7863103233563984
0.0004132258487350898,0.02800907568948806,3.348284016434446e-06,3.0098142523481846
0.0004133077729715559,0.02800352384098667,5.690711698713053e-06,2.8674153130617572
0.000413389697208022,0.02799797419298014,1.5577747817222125e-06,2.483755485507971
0.00041347162144448815,0.027992426744160446,3.5499554249779126e-06,-2.770256211083258
0.00041355354568095424,0.02798688149322064,5.213104744092047e-06,-3.0625064891388205
0.0004136354699174204,0.02798133843885478,4.386689160267977e-06,-2.8953406487617457
0.0004137173941538865,0.027975797579757978,2.475524725339264e-06,-3.128298667384366
0.0004137993183903526,0.027970258914626362,4.002577633237407e-06,2.9158294745156517
0.0004138812426268187,0.02796472244215712,4.195965416952512e-06,1.9433760974211292
0.00041396316686328485,0.02795918816104844,3.5631849500660866e-06,2.892440026382035
0.00041404509109975094,0.027953656069999562,3.703353377212791e-06,2.9388872888190045
0.0004141270153362171,0.027948126167710734,5.1812661043201926e-06,2.868751099657461
0.0004142089395726832,0.027942598452883258,2.34838744943048e-06,2.6314469074117732
0.0004142908638091493,0.027937072924219455,3.0390481271748143e-06,2.8816193467960307
0.00041437278804561545,0.027931549580422647,2.0589468751978535e-06,2.6454614091399957
0.00041445471228208154,0.027926028420197226,4.8712331938372875e-06,2.5925588654017098
0.0004145366365185477,0.02792050944224857,1.8593801971994544e-06,-2.398988904353925
0.0004146185607550138,0.0279149926452831,2.885044063198664e-06,2.6763773539162727
0.0004147004849914799,0.027909478028008253,1.4774559216558283e-06,2.523907351748968
0.000414782409227946,0.02790396558913249,4.859157453441151e-06,2.889698682497568
0.00041486433346441215,0.027898455327365276,1.9010218311620135e-06,2.373993190352836
0.00041494625770087824,0.027892947241417134,3.1982943307694497e-06,2.4708111535403066
0.0004150281819373444,0.02788744132999956,3.7384462258181304e-06,3.0596274213015375
0.00041511010617381047,0.0278819375918251,2.415151428229404e-06,2.68270229545085
0.0004151920304102766,0.027876436025607295,5.614221502229841e-06,2.8679737417249416
0.0004152739546467427,0.027870936630060718,4.552527440258169e-06,-2.9352995569094578
0.00041535587888320884,0.02786543940390094,2.1959021569168333e-06,2.2964874672233564
0.00041543780311967493,0.027859944345844562,3.3039153859985337e-06,2.818744659844256
0.0004155197273561411,0.027854451454609182,1.5334526304131578e-06,2.3928347898880613
0.00041560165159260716,0.02784896072891342,3.2661073041420794e-06,2.369580135460104
0.0004156835758290733,0.027843472167476895,4.136923339495784e-06,2.4091701139565442
0.0004157655000655394,0.02783798576902025,2.7498256726923947e-06,2.512869724441122
0.00041584742430200554,0.027832501532265127,5.246838911717154e-06,-2.655769977612601
0.0004159293485384716,0.027827019455934167,5.101848210201101e-06,2.910423034924162
0.00041601127277493777,0.02782153953875104,3.671152722188163e-06,2.9648505296576793
0.00041609319701140386,0.027816061779440397,2.898588705690474e-06,-3.0931968920987365
0.00041617512124787,0.02781058617672791,1.5232653312722057e-06,2.969514600788424
0.0004162570454843361,0.027805112729340244,3.0235309584185438e-06,2.762089906678287
0.00041633896972080223,0.02779964143600507,2.7076849230996157e-06,2.353682373538011
0.0004164208939572683,0.027794172295451065,4.185704683219454e-06,2.7990890176928667
0.00041650281819373446,0.027788705306407903,1.769189572369088e-06,2.8470669302475105
0.00041658474243020055,0.027783240467606246,4.283008621141528e-06,-2.9705770292375635
0.0004166666666666667,0.027777777777777776,5.821441936262709e-06,2.5606156955696053
0.0004167485909031328,0.027772317235655156,6.174265046787743e-06,-3.133063533088572
0.0004168305151395989,0.027766858839972045,1.1286204714460324e-06,2.393423905872677
0.000416912439376065,0.02776140258946311,3.0409137889623218e-06,2.874066196906074
0.00041699436361253116,0.027755948482864,6.753669247477656e-06,-2.9081875287695005
0.00041707628784899724,0.02775049651891137,5.112818268843737e-06,2.3630672798272774
0.0004171582120854634,0.027745046696342847,1.84689343110772e-06,2.6293247941659494
0.0004172401363219295,0.027739599013897068,4.58891093186307e-06,-2.9942080959623323
0.0004173220605583956,0.027734153470313657,3.5448153388240147e-06,-2.8912203950248223
0.0004174039847948617,0.027728710064333226,2.7513879670302413e-06,2.957060433474549
0.00041748590903132785,0.027723268794697362,4.573387377559575e-06,2.893291253424443
0.00041756783326779394,0.02771782966014867,4.960109952522012e-06,3.087397515858216
0.0004176497575042601,0.02771239265943071,4.548572927162658e-06,-3.055641310945676
0.00041773168174072617,0.027706957791288053,4.4948602161201606e-06,3.001696596562523
0.0004178136059771923,0.02770152505446623,6.37229454025685e-06,-2.6967364021191815
0.0004178955302136584,0.02769609444771178,5.010696629733263e-06,2.3569291209502725
0.00041797745445012454,0.027690665969772203,3.2671116942210115e-06,3.0844169550511875
0.00041805937868659063,0.027685239619395997,1.3118025555285303e-06,-2.448117375499555
0.0004181413029230568,0.027679815395332635,4.826889136487784e-06,-2.7873631791751743
0.00041822322715952286,0.02767439329633257,4.442861219061224e-06,2.375179098305567
0.000418305151395989,0.027668973321147233,4.492695094737001e-06,2.2888073349252713
0.0004183870756324551,0.027663555468529038,3.5827453649856633e-06,3.034838014141471
0.00041846899986892124,0.027658139737231358,3.436663170317412e-06,-2.6755759832298804
0.00041855092410538733,0.027652726126008567,5.291215250616548e-06,3.084562315252311
0.00041863284834185347,0.027647314633616003,1.927708856046978e-06,-3.0142388881264277
0.00041871477257831956,0.027641905258809978,1.974647573072228e-06,1.9809059104415028
0.0004187966968147857,0.027636498000347762,3.2194830631904853e-06,2.357876027313907
0.0004188786210512518,0.027631092856987633,2.02384085876541e-06,-2.9014291854910548
0.00041896054528771793,0.027625689827488812,4.116398501216458e-06,2.631876626974479
0.000419042469524184,0.027620288910611492,3.5801313685981866e-06,2.4204870973482158
0.00041912439376065016,0.027614890105116845,2.1357108596464605e-06,2.6384210293864947
0.00041920631799711625,0.02760949340976701,3.2102775016254716e-06,-2.4249475392055797
0.0004192882422335824,0.027604098823325082,2.982108206132948e-06,2.427828330153353
0.0004193701664700485,0.027598706344555145,5.3892990334532046e-06,2.2339932638052646
0.00041945209070651463,0.027593315972222223,4.485713882572725e-06,-3.06812386754878
0.00041953401494298077,0.027587927705092316,1.3532164388230148e-06,-2.3142590082650343
0.00041961593917944686,0.0275825415419324,4.532492947185885e-06,2.6226192343745347
0.000419697863415913,0.0275771574815104,4.685251105989286e-06,-2.9514652866774758
0.0004197797876523791,0.027571775522595193,2.676419736920734e-06,2.768109985996193
0.00041986171188884523,0.027566395663956637,5.701666690549445e-06,2.8326655955922595
0.0004199436361253113,0.02756101790436554,4.7650491438832955e-06,2.8826583945714326
0.00042002556036177746,0.027555642242593676,3.418782618019806e-06,2.8913106519311276
0.00042010748459824355,0.027550268677413763,5.09085889423447e-06,2.5647308056659197
0.0004201894088347097,0.027544897207599485,7.0789546122447345e-06,2.7404825258093592
0.0004202713330711758,0.02753952783192549,2.8125876044425873e-06,-2.624184619099676
0.00042035325730764193,0.02753416054916737,4.014775889019237e-06,2.5136797555079156
0.000420435181544108,0.02752879535810167,4.266164823710971e-06,-2.8706510088514148
0.00042051710578057416,0.027523432257505896,4.622488776316549e-06,-2.9579832007315154
0.00042059903001704025,0.02751807124615851,4.748661998309658e-06,-3.0357775781402823
0.0004206809542535064,0.027512712322838907,3.435028610772151e-06,2.793770354936181
0.0004207628784899725,0.027507355486327448,5.804489736312723e-06,2.954459501190019
0.0004208448027264386,0.027502000735405444,6.1045920065205305e-06,2.5123103979653156
0.0004209267269629047,0.027496648068855153,4.019211311388652e-06,2.283896834490384
0.00042100865119937085,0.02749129748545977,2.824844468924933e-06,3.0474806520472404
0.00042109057543583694,0.027485948984003455,4.9446036088031325e-06,2.9357248082923593
0.0004211724996723031,0.027480602563271304,3.3708909477493816e-06,-2.7659001807586456
0.0004212544239087692,0.027475258222049354,5.472342961903403e-06,2.9148181118918552
0.0004213363481452353,0.02746991595912459,3.3092083240356153e-06,3.0404321198956925
0.0004214182723817014,0.027464575773284948,2.994188419108919e-06,2.692801489954866
0.00042150019661816755,0.027459237663319293,5.122766980464439e-06,2.312011269126516
0.00042158212085463364,0.027453901628017446,3.115020311945963e-06,2.561946923839774
0.0004216640450910998,0.02744856766617015,5.47726322207632e-06,2.9381707688588117
0.00042174596932756587,0.027443235776569107,3.1881899999158087e-06,2.7127400555986356
0.000421827893564032,0.027437905958006947,4.140750287517131e-06,-2.813305295202496
0.0004219098178004981,0.027432578209277237,5.269168150385163e-06,-3.104724750561771
0.00042199174203696424,0.02742725252917448,3.8067320550612043e-06,1.7093129200267074
0.00042207366627343033,0.027421928916494132,2.5171773968569635e-06,2.7667670138340097
0.0004221555905098965,0.02741660737003256,2.743926067556315e-06,2.9916884265757613
0.00042223751474636256,0.027411287888587075,6.621263066366717e-07,2.790941966644229
0.0004223194389828287,0.027405970470955922,3.2367304580390372e-06,2.5020041805525155
0.0004224013632192948,0.02740065511593828,3.763357658940208e-06,2.81405748619222
0.00042248328745576094,0.027395341822334256,2.03576572988189e-06,-2.6762352445598863
0.000422565211692227,0.0273900305889449,3.419538472567149e-06,3.113007802690986
0.00042264713592869317,0.02738472141457216,4.994809667012729e-06,2.9636150531369183
0.00042272906016515926,0.02737941429801895,2.8341509349879797e-06,2.6384790884959277
0.0004228109844016254,0.027374109238089084,5.264408360208818e-06,2.7692142048365587
0.0004228929086380915,0.027368806233587326,1.862123556744219e-06,1.9098951000090598
0.00042297483287455763,0.027363505283319347,3.1325925777463266e-06,2.5115225330227156
0.0004230567571110237,0.02735820638609175,4.954178087272498e-06,2.82231517657978
0.00042313868134748986,0.027352909540712053,1.6112405253931087e-06,2.5857496356328666
0.00042322060558395595,0.02734761474598873,3.6550423682113556e-06,-2.9791394327384477
0.0004233025298204221,0.027342322000731136,1.36456173219724e-06,-2.056621793994607
0.0004233844540568882,0.02733703130374957,2.6725372747096223e-06,2.4900716321179286
0.0004234663782933543,0.027331742653855243,6.840344044665601e-06,2.672896292869577
0.0004235483025298204,0.027326456049860306,2.8735764915796296e-06,2.073041024156128
0.00042363022676628656,0.027321171490577795,2.3000994179860955e-06,2.6357572171125496
0.00042371215100275264,0.02731588897482169,3.977150667234929e-06,2.1063655796556486
0.0004237940752392188,0.027310608501406874,5.101633029610197e-06,3.111068263609565
0.0004238759994756849,0.027305330069149165,3.728791496574939e-06,2.9646832023616208
0.000423957923712151,0.027300053676865273,2.649637509699185e-06,1.2071567521677196
0.0004240398479486171,0.027294779323372834,4.114428781351911e-06,-3.1107697289786103
0.00042412177218508325,0.027289507007490395,5.08214655970632e-06,2.0957498685231646
0.00042420369642154934,0.027284236728037422,3.4324479295362215e-06,2.510971711158716
0.0004242856206580155,0.027278968483834286,4.056307176053919e-06,2.8634542576125366
0.00042436754489448157,0.027273702273702273,4.312015799816251e-06,2.461262846821029
0.0004244494691309477,0.027268438096463572,1.0992675368580954e-06,2.310776168287955
0.0004245313933674138,0.02726317595094129,2.252681921971898e-06,-2.995433339207683
0.00042461331760387994,0.02725791583595944,6.081631529819165e-06,2.7656067131650004
0.00042469524184034603,0.027252657750342933,2.5817546736502674e-06,3.0679985437327786
0.0004247771660768122,0.027247401692917603,6.0813104171490495e-06,-2.974637739103359
0.0004248590903132783,0.027242147662510176,3.280175400131058e-06,-2.723817413401355
0.0004249410145497444,0.027236895657948287,3.41319907109219e-06,2.6768085595563593
0.00042502293878621055,0.027231645678060478,3.7761895778300293e-06,2.409174630795232
0.00042510486302267664,0.027226397721676197,4.381839783723157e-06,2.942245531280363
0.0004251867872591428,0.027221151787625776,2.9059730563741487e-06,2.999001258726616
0.00042526871149560887,0.027215907874740472,1.5696607071063353e-07,0.5524316430324733
0.000425350635732075,0.02721066598185242,3.2541683241238036e-06,3.0415140532674525
0.0004254325599685411,0.02720542610779468,3.977038434757089e-06,-2.697507846844213
0.00042551448420500724,0.027200188251401185,2.193282688552222e-06,-2.1116086075183094
0.00042559640844147333,0.027194952411506792,1.5302906035833263e-06,3.0580442604553393
0.0004256783326779395,0.027189718586947218,3.2958170248599665e-06,-2.3169731568756204
0.00042576025691440556,0.027184486776559123,5.7040271168102425e-06,2.834153347922705
0.0004258421811508717,0.027179256979180028,9.360521843004856e-07,-0.48432361426516274
0.0004259241053873378,0.027174029193648353,1.8509815945671388e-06,2.5879211628426426
0.00042600602962380394,0.027168803418803417,5.566759714856183e-06,3.1104321352802904
0.00042608795386027003,0.02716357965348544,4.554138427643754e-06,2.7845926409445987
0.00042616987809673617,0.027158357896535517,3.8137265778645087e-06,2.909140518398657
0.00042625180233320226,0.02715313814679565,2.9874245799695235e-06,2.762476399413007
0.0004263337265696684,0.027147920403108716,4.021709655582639e-06,2.4921973798127905
0.0004264156508061345,0.027142704664318496,5.036438471876622e-06,-3.100513252235249
0.00042649757504260063,0.027137490929269644,5.2781558502000305e-06,3.021092094138461
0.0004265794992790667,0.027132279196807715,1.7504975382508911e-06,-2.3569761444853614
0.00042666142351553286,0.027127069465779145,2.9227566995680147e-06,2.8043391626455527
0.00042674334775199895,0.027121861735031248,1.790735248610457e-06,2.1084115411670545
0.0004268252719884651,0.02711665600341224,3.1975241112410327e-06,3.1252654861686953
0.0004269071962249312,0.027111452269771207,1.3333899248526031e-06,2.871182854978353
0.00042698912046139733,0.027106250532958127,2.45470815870877e-06,-3.0496770288757626
0.0004270710446978634,0.027101050791823858,1.1514339009113615e-06,-2.353850123680143
0.00042715296893432956,0.027095853045220133,2.122366268527353e-06,2.653276529049297
0.00042723489317079565,0.027090657291999574,3.1047065714352114e-06,1.9729436793641346
0.0004273168174072618,0.027085463531015676,3.682354193703793e-06,2.5091110023313616
0.0004273987416437279,0.027080271761122827,2.6056882279302303e-06,3.058139503031906
0.000427480665880194,0.027075081981176266,3.987069874800179e-06,2.3539882969426587
0.0004275625901166601,0.027069894190032147,4.755748815760751e-06,-2.4668023144863014
0.00042764451435312625,0.027064708386547464,4.06351101519743e-06,2.777094066264269
0.00042772643858959234,0.027059524569580114,5.134701495462925e-06,2.778102634701893
0.0004278083628260585,0.02705434273798885,3.761817133530043e-06,2.6855679238313908
0.0004278902870625246,0.02704916289063331,1.7699567628312966e-06,2.94022455813138
0.0004279722112989907,0.027043985026374,5.184282812482172e-06,2.8224873754685302
0.0004280541355354568,0.027038809144072303,4.388134253148918e-06,-2.7407748412658255
0.00042813605977192295,0.027033635242590462,2.7345998206695027e-06,2.579298735361285
0.00042821798400838904,0.027028463320791615,1.9132598072657608e-06,2.05335684409953
0.0004282999082448552,0.027023293377539743,2.243593805468655e-06,-2.1876854427757695
0.00042838183248132127,0.02701812541169971,4.172225659516711e-07,1.6612829703105074
0.0004284637567177874,0.027012959422137238,4.803505098588385e-06,-3.1189127563946824
0.0004285456809542535,0.02700779540771894,1.4169740803226238e-06,-2.0651512655333857
0.00042862760519071964,0.027002633367312266,2.1047679764716237e-06,2.8897298752705387
0.00042870952942718573,0.026997473299785548,2.5196897773529615e-06,2.816980024690737
0.0004287914536636519,0.026992315204007983,4.096163720070821e-06,3.013299165122335
0.00042887337790011796,0.02698715907884962,2.8537197272418436e-06,2.5778761833917923
0.0004289553021365841,0.02698200492318139,3.88816573818316e-06,-2.7880054155541414
0.0004290372263730502,0.02697685273587508,3.6821651925036695e-06,1.8790418003219598
0.00042911915060951634,0.026971702515803317,1.7806448564928074e-06,-3.070739567711978
0.0004292010748459824,0.026966554261839623,5.815012879557977e-06,2.6613314841829965
0.00042928299908244857,0.026961407972858353,2.9777715419305878e-06,2.4329898287173006
0.00042936492331891466,0.026956263647734745,4.190783059936242e-06,2.6206406540185156
0.0004294468475553808,0.026951121285344864,2.9983963119754336e-06,2.258076438884114
0.0004295287717918469,0.026945980884565665,3.2687132906217174e-06,1.8607088876719486
0.00042961069602831303,0.02694084244427494,2.2627034703687575e-06,3.031768421704258
0.0004296926202647791,0.026935705963351344,4.5149933543617155e-06,2.257910345349391
0.00042977454450124526,0.026930571440674372,1.7784086405202817e-06,-2.762120745706427
0.00042985646873771135,0.026925438875124413,3.5518026318703153e-06,2.2839480520712026
0.0004299383929741775,0.026920308265582657,1.267418983031353e-06,2.311268692300456
0.00043002031721064364,0.02691517961093118,1.7128401340607463e-06,3.058734511640385
0.0004301022414471097,0.026910052910052912,4.523047907777503e-06,-2.797835958788068
0.00043018416568357587,0.026904928161831605,3.083223499483124e-06,2.2273676997095553
0.00043026608992004196,0.026899805365151897,3.780190495285374e-06,2.3696747158063673
0.0004303480141565081,0.026894684518899252,3.7345532524104176e-06,2.5942986505496317
0.0004304299383929742,0.02688956562195999,3.359685475473865e-06,-2.188884038989095
0.00043051186262944033,0.026884448673221272,3.0439415428464298e-06,2.841538645058897
0.0004305937868659064,0.026879333671571113,3.751961800459979e-06,2.7074800134615145
0.00043067571110237256,0.026874220615898375,3.4988078402464907e-06,2.669502245828178
0.00043075763533883865,0.026869109505092772,6.131878240347712e-07,-1.8076252894426363
0.0004308395595753048,0.02686400033804483,3.050128557259516e-06,2.318058729444619
0.0004309214838117709,0.026858893113645962,3.0626437618702467e-06,2.6767525831898396
0.000431003408048237,0.0268537878307884,3.2820513160274078e-06,-2.9743301503370585
0.0004310853322847031,0.02684868448836522,2.960365548469061e-06,-2.803643216426987
0.00043116725652116926,0.026843583085270333,1.6163793110150347e-06,2.88928599042528
0.00043124918075763534,0.026838483620398514,3.6360926184078132e-06,2.614226774032677
0.0004313311049941015,0.02683338609264535,4.8478969365414435e-06,1.9935628677652286
0.0004314130292305676,0.02682829050090729,2.4118900901137214e-06,1.5435499812803783
0.0004314949534670337,0.026823196844081597,1.7536438666936619e-06,-3.0965551077412217
0.0004315768777034998,0.0268181051210664,1.1677629916449457e-06,2.8195207968106755
0.00043165880193996595,0.026813015330760633,3.991175407819572e-06,2.86836366593444
0.00043174072617643204,0.02680792747206409,1.9726092354511693e-06,-2.894881833627085
0.0004318226504128982,0.026802841543877395,3.769154450134157e-06,2.3472143903360005
0.00043190457464936427,0.026797757545102004,2.3470395868525115e-06,1.5430280325897034
0.0004319864988858304,0.026792675474640197,3.901254574947137e-06,2.932633620570797
0.0004320684231222965,0.026787595331395103,2.939176341319946e-06,-2.311844088309332
0.00043215034735876264,0.026782517114270665,1.9914951247918776e-06,1.6784510991433732
0.00043223227159522873,0.026777440822171678,2.095431053295332e-06,2.4274449841412475
0.0004323141958316949,0.026772366454003743,4.061271131271477e-06,-2.4536398970404627
0.00043239612006816096,0.02676729400867332,5.496715265312745e-06,3.1127909759392427
0.0004324780443046271,0.026762223485087663,2.204410821322828e-06,3.056489348854561
0.0004325599685410932,0.026757154882154886,3.928428976617101e-06,-2.966566345017917
0.00043264189277755934,0.026752088198783896,4.812206561180975e-06,-3.0297178131436935
0.00043272381701402543,0.02674702343388447,1.9787911398838557e-06,2.265800055672363
0.00043280574125049157,0.026741960586367172,2.592333196309526e-06,3.010524705498028
0.00043288766548695766,0.026736899655143406,3.472152173261023e-06,1.9826608526215381
0.0004329695897234238,0.026731840639125405,2.2432467493983075e-06,-2.7309907315713904
0.0004330515139598899,0.026726783537226215,3.9887324155982365e-06,-2.8180109585269046
0.00043313343819635603,0.02672172834835971,4.339646455343938e-06,2.9274188495574913
0.0004332153624328221,0.026716675071440578,2.5443611084500774e-06,2.375221997370581
0.00043329728666928826,0.026711623705384338,4.206809324467488e-06,3.11232780611621
0.00043337921090575435,0.026706574249107332,3.849907821205644e-06,2.7568155606387714
0.0004334611351422205,0.026701526701526698,3.5737523625482977e-06,2.6985587340636643
0.0004335430593786866,0.026696481061560424,4.785842216367735e-06,2.826951950199414
0.00043362498361515273,0.026691437328127295,2.364945341229267e-06,2.298413781001148
0.0004337069078516188,0.02668639550014692,4.239148740974855e-06,2.5616300277782877
0.00043378883208808496,0.026681355576539712,4.34297340164015e-06,-2.8987984221672467
0.00043387075632455105,0.026676317556226924,4.177293556802122e-06,-2.5713016213471134
0.0004339526805610172,0.026671281438130596,1.3668929670101189e-06,-2.8309129195946636
0.0004340346047974833,0.02666624722117361,1.8366994996833886e-06,-2.9751654065080055
0.0004341165290339494,0.02666121490427963,2.98230733279905e-06,3.0712478975571145
0.0004341984532704155,0.026656184486373167,4.244653834750302e-06,2.000297311480753
0.00043428037750688165,0.02665115596637951,1.3867493323977538e-06,-2.3595205902945797
0.00043436230174334774,0.026646129343224783,5.258667849296583e-06,-3.0267619704462962
0.0004344442259798139,0.0266411046158359,4.54327669698867e-06,2.8887372785403906
0.00043452615021628,0.026636081783140607,5.511408501899111e-06,2.8402786373909974
0.0004346080744527461,0.02663106084406744,5.048091525306422e-06,2.70233088873797
0.0004346899986892122,0.026626041797545758,3.4459093709679056e-06,2.4954395924934567
0.00043477192292567835,0.02662102464250571,3.5738193807892987e-06,2.1082564144046967
0.00043485384716214444,0.02661600937787826,1.6641352832832638e-06,-2.958901815794833
0.0004349357713986106,0.026610996002595172,5.66681741150768e-06,2.9367098642322125
0.00043501769563507667,0.026605984515589036,7.984581711733981e-07,0.057891737414490795
0.0004350996198715428,0.026600974915793215,2.9426445757457088e-06,2.8742204465360097
0.00043518154410800895,0.026595967202141902,2.3746865931272496e-06,2.2748349948615094
0.00043526346834447504,0.026590961373570067,3.6040330624241496e-06,-2.410761129767453
0.0004353453925809412,0.026585957429013506,5.079667102377801e-06,-2.824976226691236
0.0004354273168174073,0.0265809553674088,3.829590252856273e-06,3.0542029142173086
0.0004355092410538734,0.026575955187693335,3.2426460393136532e-06,-3.085182439690365
0.0004355911652903395,0.026570956888805296,4.042348902327886e-06,-2.7338489995268636
0.00043567308952680565,0.02656596046968367,5.8621461286447435e-06,2.5482490881265725
0.00043575501376327174,0.02656096592926824,4.164520901200944e-06,2.491909663664058
0.0004358369379997379,0.026555973266499583,1.3573142058504576e-06,3.123245361777371
0.00043591886223620397,0.02655098248031907,2.751156048053467e-06,2.3418602037637637
0.0004360007864726701,0.02654599356966888,2.5408359891223407e-06,2.644869554074923
0.0004360827107091362,0.026541006533491975,2.894715746912668e-06,1.7675836376485112
0.00043616463494560234,0.026536021370732115,2.849813416720597e-06,2.3942198247660516
0.00043624655918206843,0.026531038080333854,3.2238069161309145e-06,-2.976449726129906
0.0004363284834185346,0.02652605666124254,1.9060256877856624e-06,2.5728711757027973
0.00043641040765500066,0.026521077112404312,1.5889853455826687e-06,2.8083964531091437
0.0004364923318914668,0.026516099432766095,1.912374070142402e-06,-2.8498904568138475
0.0004365742561279329,0.02651112362127562,3.4507088106577637e-06,2.323358654324695
0.00043665618036439904,0.026506149676881384,5.344240458203207e-06,2.192049848504018
0.0004367381046008651,0.026501177598532693,5.349639948228914e-06,2.696586019649135
0.00043682002883733127,0.026496207385179625,3.6276799160167573e-06,-3.027592449946453
0.00043690195307379736,0.02649123903577307,2.6275655769878637e-06,2.9028526418914993
0.0004369838773102635,0.026486272549264674,3.4836214357579517e-06,-2.9434109117879252
0.0004370658015467296,0.026481307924606894,5.037198615279672e-06,2.254465740907266
0.00043714772578319573,0.026476345160752958,3.685692366232663e-06,2.7370250000835417
0.0004372296500196618,0.02647138425665688,4.784068423117841e-06,-2.768783225334219
0.00043731157425612796,0.02646642521127347,3.4110109762289547e-06,2.92179937028006
0.00043739349849259405,0.026461468023558303,4.06707389417829e-06,3.129508618698605
0.0004374754227290602,0.026456512692467744,3.291054596079676e-06,2.561213385629736
0.0004375573469655263,0.026451559216958954,2.134347781801323e-06,2.9312223388743175
0.0004376392712019924,0.026446607595989848,3.1279837931242753e-06,2.761227103267155
0.0004377211954384585,0.02644165782851914,2.6253950440426533e-06,2.7767630881650716
0.00043780311967492466,0.02643670991350632,1.82310138901195e-06,-2.656382956628464
0.00043788504391139074,0.026431763849911652,3.4695772902159606e-06,2.272190803131933
0.0004379669681478569,0.026426819636696176,5.077114026465314e-06,2.765245900403967
0.000438048892384323,0.026421877272821727,2.992892443096211e-06,2.8198613133124235
0.0004381308166207891,0.02641693675725089,3.5228276326329947e-06,-2.8813938019853125
0.0004382127408572552,0.026411998088947054,4.963883667905174e-06,-3.097564084068239
0.00043829466509372135,0.026407061266874348,3.337440440938157e-06,2.9297731679023618
0.00043837658933018744,0.026402126289997715,4.1339007382860314e-06,2.2551162362911166
0.0004384585135666536,0.026397193157282842,3.627155078071367e-06,-3.037015634071859
0.00043854043780311967,0.026392261867696203,4.033218479996041e-06,-2.8875457565445446
0.0004386223620395858,0.026387332420205037,4.600687880415203e-06,2.894073600801048
0.0004387042862760519,0.02638240481377736,3.5653083712153594e-06,-3.069215935081526
0.00043878621051251804,0.02637747904738196,2.4891683079967644e-06,2.4660067277790594
0.00043886813474898413,0.026372555119988386,3.891398372064254e-06,2.8342799705498525
0.0004389500589854503,0.02636763303056696,4.928420474849976e-07,2.707172913410716
0.00043903198322191636,0.02636271277808878,1.844971389479088e-06,-2.98462833829642
0.0004391139074583825,0.026357794361525706,4.542519357759306e-06,2.193781495471256
0.0004391958316948486,0.026352877779850358,4.568649580103415e-06,-3.128764754931579
0.00043927775593131474,0.026347963032036136,2.2686148505671166e-06,2.6750022334769623
0.00043935968016778083,0.026343050117057204,1.1429737023410373e-06,2.7860627713182553
0.00043944160440424697,0.026338139033888472,3.1486285339507414e-06,-2.794185758899472
0.00043952352864071306,0.026333229781505648,3.211009475013921e-06,-2.261315415200735
0.0004396054528771792,0.026328322358885162,5.649099773663388e-06,2.7506775797151257
0.0004396873771136453,0.026323416765004243,1.6673818962917083e-06,2.8761946227661563
0.00043976930135011143,0.026318512998840866,2.464943340036192e-06,2.27945728073433
0.0004398512255865775,0.026313611059373774,4.3966979204516895e-06,2.088080729543513
0.00043993314982304366,0.02630871094558245,2.670688310520471e-06,2.142189830283523
0.00044001507405950975,0.026303812656447177,2.8035089039709303e-06,2.972634248530321
0.0004400969982959759,0.026298916190948953,4.208062486295491e-06,-2.8623987592906546
0.000440178922532442,0.02629402154806957,5.886510707422872e-06,2.258130748040644
0.00044026084676890813,0.02628912872679155,2.8518058862015514e-06,3.0101659873372966
0.0004403427710053742,0.02628423772609819,3.4394951777598233e-06,2.834389807247211
0.00044042469524184036,0.026279348544973543,2.607210633269292e-06,3.0443156704410166
0.0004405066194783065,0.02627446118240241,3.843298527790571e-06,2.578401945404787
0.0004405885437147726,0.026269575637370354,4.440725443968373e-06,3.0372643219958833
0.00044067046795123873,0.02626469190886369,3.754605978947106e-06,2.2028757848217158
0.0004407523921877048,0.026259809995869476,2.436895930219282e-06,2.801508332974165
0.00044083431642417096,0.026254929897375538,6.715693989872448e-06,3.0056128388983625
0.00044091624066063705,0.02625005161237045,5.476430273747296e-06,2.4852964865400673
0.0004409981648971032,0.02624517513984354,3.891848501212798e-06,2.1522997384927978
0.0004410800891335693,0.026240300478784874,3.059178585719662e-06,2.759081610099816
0.00044116201337003543,0.026235427628185284,2.9438672359904277e-06,2.9846722432998027
0.0004412439376065015,0.026230556587036345,4.2181391591104715e-06,-3.0620409409803586
0.00044132586184296766,0.026225687354330385,3.0890261496629014e-06,2.7402190012549195
0.00044140778607943375,0.026220819929060463,1.5598282051011406e-06,-3.1361342532863383
0.0004414897103158999,0.026215954310220408,4.347030248716481e-06,2.508875791759636
0.000441571634552366,0.02621109049680478,4.8670337760252076e-06,-2.8479939029533505
0.0004416535587888321,0.0262062284878089,2.921804344932799e-06,-2.6663409676631407
0.0004417354830252982,0.026201368282228816,4.220935094816373e-06,2.6231186592751046
0.00044181740726176435,0.02619650987906133,2.3616807397674054e-06,-2.771235797104594
0.00044189933149823044,0.026191653277303998,3.56573242051305e-06,-2.9623262378913036
0.0004419812557346966,0.0261867984759551,1.285050431852054e-06,1.6192055516093584
0.0004420631799711627,0.026181945474013674,3.554964341306498e-06,3.0900084194113053
0.0004421451042076288,0.026177094270479484,2.3777637193348505e-06,3.1221184029981197
0.0004422270284440949,0.02617224486435305,1.9168576360974912e-06,2.7983708901856947
0.00044230895268056105,0.02616739725463563,1.9055076326637208e-06,2.566430761279831
0.00044239087691702714,0.026162551440329217,5.546504266464066e-06,2.744282671414054
0.0004424728011534933,0.026157707420436542,4.22189235809766e-06,-2.9883321730957113
0.00044255472538995937,0.02615286519396108,3.882468878157307e-06,2.9862577755641992
0.0004426366496264255,0.026148024759907046,3.564244081532576e-06,2.599941226127128
0.0004427185738628916,0.02614318611727938,3.888341999901693e-06,2.4976396864917167
0.00044280049809935774,0.02613834926508377,2.0490419402333253e-06,-3.0999442285913066
0.00044288242233582383,0.026133514202326635,3.5683807045731295e-06,2.8277624545254456
0.00044296434657229,0.02612868092801512,4.577539994494252e-06,2.6412164605573314
0.00044304627080875606,0.026123849441157133,4.213340228514649e-06,3.0142201446424113
0.0004431281950452222,0.02611901974076128,3.2597571873279105e-06,2.7670049472261504
0.0004432101192816883,0.026114191825836925,2.833327465316791e-06,3.0396356291694655
0.00044329204351815444,0.02610936569539415,3.20691150684974e-06,2.7303778023225287
0.0004433739677546205,0.02610454134844379,3.235527155701097e-06,-2.816075757972259
0.00044345589199108667,0.026099718783997368,5.128677536766477e-06,2.6558766051485834
0.00044353781622755276,0.026094898001067193,3.266379691046875e-06,2.171647309145451
0.0004436197404640189,0.026090078998666257,4.506196504695786e-06,-2.9669747687797448
0.000443701664700485,0.026085261775808305,1.6279915708660135e-06,-2.9879924436565157
0.00044378358893695113,0.026080446331507804,3.7194974816725317e-06,3.0457391818081643
0.0004438655131734172,0.026075632664779955,4.3176937196583224e-06,2.9478604170412517
0.00044394743740988336,0.026070820774640666,4.581453245783791e-06,2.5310039192629974
0.00044402936164634945,0.0260660106601066,5.325651792294188e-06,2.384569142091145
0.0004441112858828156,0.026061202320195122,3.6990150249551596e-06,2.198899285255194
0.0004441932101192817,0.026056395753924343,4.198291622751836e-06,-3.037577552493982
0.0004442751343557478,0.02605159096031307,3.1097418033985737e-06,3.042628115501898
0.0004443570585922139,0.02604678793838086,5.607187474871211e-06,2.804094031008013
0.00044443898282868006,0.026041986687147974,3.436878053364443e-06,2.9291612876179296
0.00044452090706514614,0.026037187205635418,3.1717354482524526e-06,2.9333521358920125
0.0004446028313016123,0.02603238949286489,4.03793105079706e-06,2.7219559325448275
0.0004446847555380784,0.026027593547858836,4.383385804614294e-06,2.715567964135632
0.0004447666797745445,0.026022799369640408,4.747076632015014e-06,-2.6960567575847985
0.0004448486040110106,0.02601800695723348,4.1940886756748505e-06,2.2036743557100347
0.00044493052824747675,0.026013216309662635,3.2575805874172975e-06,-2.5408330371221743
0.00044501245248394284,0.026008427425953197,4.6686034114594996e-06,-3.0088033961648164
0.000445094376720409,0.026003640305131193,2.525174459255303e-06,-1.7482865076010727
0.00044517630095687507,0.02599885494622337,2.486471541915646e-06,2.636236665958311
0.0004452582251933412,0.02599407134825718,3.0738742598278208e-06,2.4468018182995386
0.0004453401494298073,0.02598928951026081,3.624513044026169e-06,-2.849520989855749
0.00044542207366627344,0.025984509431263157,1.9687757303790303e-06,2.0919593307009015
0.00044550399790273953,0.025979731110293818,4.5765707594063055e-06,2.7770252472031105
0.0004455859221392057,0.025974954546383117,3.6895839404049868e-06,-3.1324476414727926
0.00044566784637567176,0.025970179738562093,1.1160873166062396e-06,2.7491335483337638
0.0004457497706121379,0.025965406685862485,3.13493309475764e-06,2.821119455728666
0.00044583169484860405,0.02596063538731675,3.817282665556651e-06,2.759611854013933
0.00044591361908507014,0.02595586584195807,2.196290229398314e-06,2.093822086553625
0.0004459955433215363,0.02595109804882031,7.460608039232931e-07,-2.7898442411366977
0.00044607746755800237,0.025946332006938064,1.0749568442162175e-06,-2.9611081792901346
0.0004461593917944685,0.025941567715346635,2.9322122215087727e-06,3.1411592542696876
0.0004462413160309346,0.02593680517308202,2.907365939724334e-06,-2.680350497754178
0.00044632324026740074,0.02593204437918094,4.429966367635863e-06,3.1355216879504155
0.00044640516450386683,0.025927285332680818,4.9406955361009145e-06,2.996039905586148
0.000446487088740333,0.02592252803261977,2.152623141300917e-06,2.7184494174705023
0.00044656901297679906,0.02591777247803665,4.7387240151663365e-06,-2.7044200340296305
0.0004466509372132652,0.025913018667970977,4.4082522277468165e-06,2.311277761697872
0.0004467328614497313,0.025908266601463007,9.489309693622051e-07,3.005251624902331
0.00044681478568619744,0.025903516277553676,3.0038554662942353e-06,2.71156625474069
0.00044689670992266353,0.025898767695284652,2.935325927845762e-06,2.6660793183538183
0.00044697863415912967,0.025894020853698272,3.247755776820689e-06,-2.6969176111631694
0.00044706055839559576,0.025889275751837595,3.319271034208782e-06,-2.849390920387788
0.0004471424826320619,0.025884532388746384,5.196372399839229e-06,1.9682413837780361
0.000447224406868528,0.02587979076346909,4.797878243197353e-06,2.8046105049369983
0.00044730633110499413,0.025875050875050872,6.244231119582239e-06,2.850048052143553
0.0004473882553414602,0.02587031272253759,3.128728264326968e-06,2.8581887874387863
0.00044747017957792636,0.025865576304975792,3.272502364286092e-06,-3.1328652685784952
0.00044755210381439245,0.025860841621412733,5.775677241506997e-06,2.748788446197691
0.0004476340280508586,0.025856108670896372,2.4111775397258173e-06,2.754798736577282
0.0004477159522873247,0.025851377452475347,1.280990151965313e-06,-2.570934404185166
0.00044779787652379083,0.025846647965199004,5.773938079730032e-06,2.645020522055394
0.0004478798007602569,0.02584192020811739,4.5047632747649335e-06,2.847691907609616
0.00044796172499672306,0.02583719418028123,3.4287003699136884e-06,2.53144672887415
0.00044804364923318915,0.025832469880741962,4.308423150065984e-06,3.005555680339645
0.0004481255734696553,0.025827747308551693,5.6694222228273215e-06,2.9274341055801876
0.0004482074977061214,0.025823026462763254,2.1990244388607057e-06,2.166529738814849
0.0004482894219425875,0.025818307342430145,1.0539815795259054e-06,2.5523777706552258
0.0004483713461790536,0.025813589946606576,4.119310475565659e-06,2.9358864357996164
0.00044845327041551975,0.02580887427434742,3.913866759304572e-06,2.669288339393814
0.00044853519465198584,0.025804160324708267,4.051566074096136e-06,2.7153448972162377
0.000448617118888452,0.025799448096745396,2.0239420589096284e-06,-2.603506766872903
0.0004486990431249181,0.025794737589515754,2.719393449521522e-06,2.402966841795939
0.0004487809673613842,0.02579002880207699,3.2805448230923277e-06,-2.0927595695619985
0.0004488628915978503,0.025785321733487458,1.7744787790848372e-06,-2.4108013326435844
0.00044894481583431645,0.025780616382806164,4.984940978647132e-06,3.0636920945248907
0.00044902674007078254,0.025775912749092827,3.92180539716799e-06,2.824371945154908
0.0004491086643072487,0.02577121083140784,5.686076454387418e-06,2.8431366255452075
0.00044919058854371477,0.025766510628812286,3.6841444519173477e-06,2.428580705223535
0.0004492725127801809,0.025761812140367938,3.1336414667032294e-06,2.8844919894737395
0.000449354437016647,0.025757115365137244,3.646336399086992e-06,2.964451971982202
0.00044943636125311314,0.025752420302183332,1.2482058099599987e-06,3.0088593346220325
0.00044951828548957923,0.02574772695057003,2.911158422144616e-06,2.57971447044443
0.0004496002097260454,0.025743035309361843,3.2117372720112336e-06,-2.6782442062745457
0.00044968213396251146,0.02573834537762393,3.084296333977962e-06,2.5910079482162818
0.0004497640581989776,0.02573365715442218,4.6275775916352655e-06,-3.018294605170486
0.0004498459824354437,0.025728970638823127,3.248943492681072e-06,2.8424242989413013
0.00044992790667190984,0.025724285829893986,3.5483926183318056e-06,2.859396488749351
0.0004500098309083759,0.025719602726702675,2.900065812384653e-06,2.5229466338814923
0.00045009175514484207,0.02571492132831776,1.8625826986787215e-06,-2.7111622874235377
0.00045017367938130816,0.025710241633808514,2.1611268308828845e-06,2.554052406476823
0.0004502556036177743,0.025705563642244862,3.078389380165924e-06,-3.0153077622729327
0.0004503375278542404,0.02570088735269743,3.181619252046115e-06,2.7863805998685525
0.00045041945209070653,0.0256962127642375,2.2250071534116782e-06,2.4949926598938257
0.0004505013763271726,0.02569153987593704,3.5603512332175586e-06,2.1792719616470015
0.00045058330056363876,0.02568686868686869,4.90852512062347e-06,2.5113460965352488
0.00045066522480010485,0.025682199196105756,3.6291497836027677e-06,2.956613077841781
0.000450747149036571,0.02567753140272224,4.439944325006775e-06,-2.931105548536124
0.0004508290732730371,0.0256728653057928,5.06694446316372e-06,2.439620118917526
0.0004509109975095032,0.025668200904392764,3.2281146161800535e-06,2.9686041062545363
0.00045099292174596937,0.025663538197598142,2.0487910661603605e-06,2.686086309585137
0.00045107484598243546,0.02565887718448561,3.2809407780712106e-06,3.0249873878193
0.0004511567702189016,0.02565421786413252,1.54503226254756e-06,1.2863713109159556
0.0004512386944553677,0.025649560235616882,3.597759130335989e-06,-2.8332951751362945
0.00045132061869183383,0.02564490429801738,2.9377478083276874e-06,2.8022204113193263
0.0004514025429282999,0.02564025005041339,3.1751370827180785e-06,-2.96329262619022
0.00045148446716476606,0.025635597491884914,2.913933280184759e-06,2.263903500239521
0.00045156639140123215,0.025630946621512656,3.3120716182586464e-06,2.7403335890087357
0.0004516483156376983,0.025626297438377976,1.404050685517395e-06,2.1229827176842075
0.0004517302398741644,0.02562164994156289,1.9804271061137807e-06,-3.0352739920379794
0.0004518121641106305,0.025617004130150094,2.108165290234603e-06,-2.981185082720689
0.0004518940883470966,0.025612360003222943,1.0067015065096642e-06,-0.5322351538438371
0.00045197601258356276,0.025607717559865465,4.688981335023225e-06,2.9240036409789014
0.00045205793682002884,0.025603076799162336,1.6405907137881348e-06,1.7960727839193131
0.000452139861056495,0.02559843772019891,4.68382940481767e-06,2.662742012267939
0.0004522217852929611,0.025593800322061194,4.656767342527203e-06,2.9102289931530443
0.0004523037095294272,0.02558916460383586,6.768632300984763e-06,2.7519190575597086
0.0004523856337658933,0.02558453056461024,3.0829115779851727e-06,2.508664527179961
0.00045246755800235945,0.025579898203472347,3.299945769025637e-06,2.8692384205785486
0.00045254948223882554,0.025575267519510822,2.4783269298136702e-06,-3.04622837207983
0.0004526314064752917,0.02557063851181498,4.139310834104015e-06,-2.584608148822289
0.00045271333071175777,0.025566011179474803,3.4759127567356817e-06,2.6658494678064364
0.0004527952549482239,0.025561385521580927,2.1494092693380544e-06,2.559629378990782
0.00045287717918469,0.025556761537224637,5.208469254442509e-06,2.8568440307512404
0.00045295910342115614,0.02555213922549788,3.9179733527851795e-06,-3.043254236038025
0.00045304102765762223,0.025547518585493267,3.2604050886600233e-06,1.9587996090494677
0.0004531229518940884,0.025542899616304064,2.7251443485204402e-06,1.9992082058771272
0.00045320487613055446,0.02553828231702418,4.668533573867625e-06,2.365933345523829
0.0004532868003670206,0.025533666686748193,3.91861959915558e-06,-2.7329292968229937
0.0004533687246034867,0.02552905272457134,3.809316202928637e-06,2.5154038245376387
0.00045345064883995284,0.02552444042958948,3.48033144038692e-06,2.3734908209775076
0.00045353257307641893,0.025519829800899164,5.112136349741991e-06,2.6487612469295856
0.00045361449731288507,0.025515220837597576,2.866800565421506e-06,2.5002963681008796
0.00045369642154935116,0.02551061353878255,3.149547657219678e-06,2.6973349514415896
0.0004537783457858173,0.025506007903552584,1.2281866135326812e-06,2.21226396528437
0.0004538602700222834,0.025501403931006823,3.653749595666037e-06,2.478639555375751
0.00045394219425874953,0.02549680162024504,3.591495687757441e-06,3.1224509997879983
0.0004540241184952156,0.0254922009703677,3.887970064132339e-06,2.7351049970620447
0.00045410604273168176,0.025487601980475876,3.3056866501349286e-06,1.9449985738827988
0.00045418796696814785,0.025483004649671313,4.406509009946599e-06,2.7275620400081406
0.000454269891204614,0.025478408977056402,3.8350362161951104e-06,2.3711254049903365
0.0004543518154410801,0.02547381496173418,1.2367989711585647e-06,-2.831407601409072
0.00045443373967754623,0.025469222602808324,5.174659340272577e-06,-3.0359114444305444
0.0004545156639140123,0.025464631899383163,2.855341466078882e-06,2.618056353518429
0.00045459758815047846,0.025460042850563663,2.9071032255988318e-06,2.893353651893955
0.00045467951238694455,0.025455455455455453,2.711219513485749e-06,3.1313095988596267
0.0004547614366234107,0.025450869713164792,2.693777140701012e-06,2.235806288624925
0.0004548433608598768,0.025446285622798593,4.577008001422805e-06,-3.138713002944045
0.0004549252850963429,0.025441703183464393,3.7606483099412775e-06,2.5078550113606686
0.000455007209332809,0.025437122394270397,4.549035367278918e-06,2.983120115720084
0.00045508913356927515,0.02543254325432543,4.082844500570116e-06,2.842022462274839
0.00045517105780574124,0.02542796576273898,4.992012421735231e-06,2.8817566115072393
0.0004552529820422074,0.025423389918621156,1.8629168095009326e-06,2.6037477137202507
0.0004553349062786735,0.025418815721082722,2.2906422497399442e-06,-3.0785364384262395
0.0004554168305151396,0.025414243169235073,6.747686672129099e-07,-0.5022402421791401
0.0004554987547516057,0.025409672262190246,2.0365289095839937e-06,2.872134202766023
0.00045558067898807185,0.02540510299906092,3.092023012573523e-06,-2.9914592075195174
0.00045566260322453794,0.025400535378960407,3.1641015339296287e-06,2.612015023184941
0.0004557445274610041,0.02539596940100266,3.7375551082811944e-06,2.3343393224757105
0.00045582645169747017,0.02539140506430226,4.72421069249157e-06,3.0646086484087953
0.0004559083759339363,0.025386842367974442,4.041107674910613e-06,2.428042315749362
0.0004559903001704024,0.02538228131113507,4.879475296325899e-06,-3.0212096522775527
0.00045607222440686854,0.025377721892900624,3.6863843610906362e-06,2.976798479135841
0.0004561541486433347,0.025373164112388248,6.486341268547972e-06,3.0544864158418443
0.0004562360728798008,0.02536860796871571,3.0495773043619777e-06,3.0963506242840926
0.0004563179971162669,0.025364053461001394,3.8024562448260817e-06,2.712787732647716
0.000456399921352733,0.025359500588364347,2.995767335034359e-06,2.8470934006305786
0.00045648184558919915,0.02535494934992422,3.4594909680129396e-06,-3.047588835107836
0.00045656376982566524,0.02535039974480132,3.118756433201554e-06,-2.774815752534186
0.0004566456940621314,0.025345851772116568,4.5407529023381544e-06,-3.131885860332013
0.00045672761829859747,0.025341305430991532,1.2946417540667925e-06,2.5205048485181685
0.0004568095425350636,0.02533676072054838,2.5128634431308604e-06,2.8438855519889894
0.0004568914667715297,0.02533221763990995,1.5507847723174138e-06,2.3288295363722553
0.00045697339100799584,0.02532767618819967,4.3562275760319806e-06,-3.123598481991192
0.00045705531524446193,0.025323136364541636,4.257882705741261e-06,2.516634946113669
0.0004571372394809281,0.025318598168060532,2.1600741785484064e-06,2.3004754286619398
0.00045721916371739416,0.0253140615978817,1.932321544503606e-06,-1.2896539186550058
0.0004573010879538603,0.025309526653131093,2.1466857077846757e-06,-2.9880371149883227
0.0004573830121903264,0.0253049933329353,1.5525510429097937e-06,2.3765721495744128
0.00045746493642679254,0.02530046163642152,3.497719056110805e-06,2.971277762865743
0.0004575468606632586,0.025295931562717595,2.316029536952829e-06,2.575474083858287
0.00045762878489972477,0.025291403110951984,3.954165710411227e-06,2.5920066941084077
0.00045771070913619086,0.025286876280253764,4.554770875449686e-06,2.4499011929589876
0.000457792633372657,0.02528235106975264,4.373057625163784e-06,2.840456328540339
0.0004578745576091231,0.025277827478578953,1.9999492726578144e-06,3.1178905008535556
0.00045795648184558923,0.025273305505863645,4.272822346642895e-06,2.792057309668294
0.0004580384060820553,0.02526878515073829,5.181993893627108e-06,-3.139670937574872
0.00045812033031852146,0.02526426641233508,5.093953956633473e-06,-3.1078937131349167
0.00045820225455498755,0.025259749289786835,6.974125372407661e-07,-3.0337066677128703
0.0004582841787914537,0.025255233782226987,2.6768264141285976e-06,2.813822822653776
0.0004583661030279198,0.025250719888789595,1.6044688222756157e-06,1.5488908637832406
0.0004584480272643859,0.02524620760860932,3.3298244924844493e-06,3.073222239432272
0.000458529951500852,0.02524169694082147,2.1023934279514623e-06,-2.9183682152520167
0.00045861187573731816,0.025237187884561946,2.702794382603141e-06,2.2937230703373017
0.00045869379997378424,0.025232680438967276,1.5248107710120349e-06,2.713280489135327
0.0004587757242102504,0.025228174603174603,2.226000052903121e-06,2.463518198159368
0.0004588576484467165,0.025223670376321686,2.2356045456817566e-06,2.6357571520412626
0.0004589395726831826,0.025219167757546904,5.7029183921791295e-06,2.734731276283665
0.0004590214969196487,0.025214666745989253,2.5899377633423888e-06,2.8035477331434002
0.00045910342115611485,0.025210167340788327,3.2032953503091435e-06,-2.3568284504112342
0.00045918534539258094,0.02520566954108435,2.169584190171447e-06,-2.8045137226604178
0.0004592672696290471,0.025201173346018155,3.0388561058299497e-06,-3.080465720297971
0.00045934919386551317,0.02519667875473119,2.495148104788076e-06,2.3418383805665455
0.0004594311181019793,0.025192185766365505,2.3864361106996687e-06,-2.944041363067308
0.0004595130423384454,0.025187694380063786,1.1695786741769044e-06,-2.2869401276539127
0.00045959496657491154,0.025183204594969297,4.204301572492173e-06,2.2157352766579628
0.00045967689081137763,0.025178716410225944,2.296596557494312e-06,2.856460346706332
0.0004597588150478438,0.02517422982497822,6.149841514820022e-06,2.7856763980928876
0.00045984073928430986,0.02516974483837124,5.9098881022099864e-06,-3.0752738487921025
0.000459922663520776,0.025165261449550724,2.8267130482445506e-06,-2.1640478943769983
0.0004600045877572421,0.025160779657663005,6.306193195580297e-06,2.0312334347598298
0.00046008651199370824,0.025156299461855016,3.939199211285864e-06,2.6711869410561797
0.00046016843623017433,0.025151820861274307,3.122533482231731e-06,2.9948515845438894
0.00046025036046664047,0.025147343855069025,6.189942160560071e-06,-2.421230892809449
0.00046033228470310656,0.025142868442387934,4.860412308700888e-06,-2.8219586813160205
0.0004604142089395727,0.025138394622380388,3.7687029147229725e-06,2.547343015360236
0.0004604961331760388,0.025133922394196366,2.27931254634641e-06,-3.0898696530546323
0.00046057805741250493,0.025129451756986443,2.0858421507636254e-06,3.0398517731204353
0.000460659981648971,0.02512498270990179,2.7484503351607948e-06,-3.13580914179242
0.00046074190588543716,0.0251205152520942,5.248267884173404e-06,2.6230961441995513
0.00046082383012190325,0.025116049382716048,4.654976507557572e-06,-2.4056992958994075
0.0004609057543583694,0.02511158510092033,1.2897986542220343e-06,2.541782910185605
0.0004609876785948355,0.02510712240586063,3.7027152692924055e-06,-2.7561725528391783
0.00046106960283130163,0.02510266129669115,5.409188887735945e-06,2.4681380166150824
0.0004611515270677677,0.025098201772566667,1.9016587989174605e-06,2.17367801013446
0.00046123345130423386,0.02509374383264259,3.4803439950608487e-06,2.7253374172494564
0.00046131537554069995,0.025089287476074904,3.537810737926117e-06,-3.0139056020224624
0.0004613972997771661,0.025084832702020204,3.6512400761660794e-06,2.8671755633031504
0.00046147922401363223,0.025080379509635674,1.2057287311087939e-06,-2.4488210839027937
0.0004615611482500983,0.02507592789807912,4.865782866965785e-06,3.0945054284517832
0.00046164307248656446,0.025071477866508922,2.2972230395707325e-06,0.775054338373658
0.00046172499672303055,0.02506702941408406,3.2602257708050123e-06,2.4915033824519575
0.0004618069209594967,0.025062582539964122,5.113945344884869e-06,2.461417608484802
0.0004618888451959628,0.025058137243309287,8.488014101616522e-07,2.088256243659026
0.00046197076943242893,0.025053693523280327,4.1392630152528915e-06,2.2750302874135766
0.000462052693668895,0.02504925137903861,3.1065080427951848e-06,2.280002753282826
0.00046213461790536116,0.0250448108097461,5.357136480008994e-06,-3.0678349104342617
0.00046221654214182725,0.025040371814565362,5.564665426688888e-06,2.9721737348567623
0.0004622984663782934,0.025035934392659536,4.118676516239751e-06,2.8852389146138973
0.0004623803906147595,0.025031498543192376,1.5374357537540832e-06,3.102323601771262
0.0004624623148512256,0.025027064265328212,2.2640700052706516e-06,3.0706788330144614
0.0004625442390876917,0.02502263155823198,4.3485552820302555e-06,2.852594648039334
0.00046262616332415785,0.025018200421069198,1.9172417682498485e-07,1.8729586230295254
0.00046270808756062394,0.02501377085300598,3.9697299619498086e-06,-2.928400570595503
0.0004627900117970901,0.02500934285320902,3.1412796973564592e-06,3.0302738948890173
0.0004628719360335562,0.025004916420845624,3.834402484453172e-06,-2.86218529362259
0.0004629538602700223,0.025000491555083663,4.458451567065089e-07,2.7604981110534674
0.0004630357845064884,0.02499606825509161,2.0995259223508247e-06,-2.9780382691228664
0.00046311770874295455,0.024991646520038522,9.195337583699681e-07,3.074832543355862
0.00046319963297942064,0.024987226349094057,4.143459416865914e-06,2.1975272984266665
0.0004632815572158868,0.02498280774142843,3.959948319445744e-06,-2.954884310059279
0.00046336348145235287,0.02497839069621248,2.7670756135248564e-06,2.75468409873358
0.000463445405688819,0.024973975212617603,5.504139506694703e-06,3.0485660041687126
0.0004635273299252851,0.024969561289815794,7.381310680813833e-07,-2.4421439913645995
0.00046360925416175124,0.024965148926979635,1.1033808529437676e-06,1.8992853488713015
0.00046369117839821733,0.024960738123282294,2.328074857646001e-06,-2.2044952543340024
0.0004637731026346835,0.0249563288778975,4.181098056024566e-06,2.6803661687374176
0.00046385502687114956,0.024951921189999608,3.6054058893431715e-06,2.585315887630883
0.0004639369511076157,0.024947515058763515,2.9572327731176e-06,2.616586664674731
0.0004640188753440818,0.02494311048336472,4.033689148776938e-06,2.5034284205673507
0.00046410079958054794,0.024938707462979305,4.488197957644998e-06,2.7319208262347807
0.000464182723817014,0.024934305996783937,1.4550027058928138e-06,2.9515652165386013
0.00046426464805348017,0.024929906083955844,4.587124249623894e-06,-2.168075266232763
0.00046434657228994626,0.02492550772367286,4.126400974391949e-06,-3.0243366114322883
0.0004644284965264124,0.024921110915113384,4.584101697620686e-06,2.6836013536638323
0.0004645104207628785,0.0249167156574564,3.122502210366547e-06,-3.132566744010047
0.00046459234499934463,0.024912321949881463,4.851293512722721e-06,2.9964349028526294
0.0004646742692358107,0.024907929791568723,4.434350397432019e-06,3.045995470969448
0.00046475619347227686,0.024903539181698884,2.7117425155442568e-06,-3.0723213035336645
0.00046483811770874295,0.024899150119453255,4.209001464865005e-06,2.6514978156523386
0.0004649200419452091,0.0248947626040137,4.016658279223543e-06,2.1754807357949386
0.0004650019661816752,0.02489037663456268,3.923312029967027e-06,3.040932951379462
0.0004650838904181413,0.024885992210283207,3.932555627604272e-06,2.4923786682722797
0.0004651658146546074,0.024881609330358892,3.986596913340377e-06,2.862250585731359
0.00046524773889107356,0.0248772279939739,2.4775654650807224e-06,2.7888620530345727
0.00046532966312753964,0.024872848200312988,3.4332181222459774e-06,-3.054074824274218
0.0004654115873640058,0.02486846994856148,3.789534468500233e-06,2.453328692878536
0.0004654935116004719,0.02486409323790528,5.44417561573682e-06,3.033218563992835
0.000465575435836938,0.024859718067530838,4.121616422812569e-06,2.2241928918009646
0.0004656573600734041,0.024855344436625224,2.70298935951177e-06,2.5767262468159866
0.00046573928430987025,0.024850972344376037,3.261510521131929e-06,2.408053329018788
0.00046582120854633634,0.02484660178997147,3.550552818765075e-06,2.7218884009515274
0.0004659031327828025,0.024842232772600278,4.135443297366719e-06,-3.01336262024609
0.00046598505701926857,0.024837865291451787,3.6750812628562057e-06,2.8910088592551575
0.0004660669812557347,0.024833499345715906,3.364331977932688e-06,-2.9508837881007834
0.0004661489054922008,0.02482913493458309,6.120896767735463e-06,3.095946546853204
0.00046623082972866694,0.02482477205724438,2.027973491244071e-06,-2.845050114946257
0.00046631275396513303,0.02482041071289139,4.260247505549049e-06,3.0167118167073284
0.0004663946782015992,0.024816050900716282,1.994235659400056e-06,2.8710651746892535
0.00046647660243806526,0.024811692619911795,4.542773165264906e-06,-2.832850386335216
0.0004665585266745314,0.02480733586967125,3.6723113573035482e-06,2.941064601514358
0.0004666404509109975,0.024802980649188514,3.946867269281725e-06,-2.9890623396981644
0.00046672237514746364,0.024798626957658023,3.520405806965707e-06,2.346855611990259
0.0004668042993839298,0.024794274794274793,3.568470218374405e-06,2.2866643600468164
0.00046688622362039587,0.024789924158234385,5.013429165840721e-06,2.61524862131099
0.000466968147856862,0.024785575048732942,3.414135569054813e-06,2.6354939352468456
0.0004670500720933281,0.024781227464967158,1.9471963071999104e-06,3.0272996425389316
0.00046713199632979424,0.0247768814061343,3.891962063475542e-06,2.843100328693919
0.00046721392056626033,0.02477253687143219,2.550468412830377e-06,-3.0696269848821536
0.0004672958448027265,0.024768193860059216,2.48937535139666e-06,2.391194423807241
0.00046737776903919256,0.024763852371214336,4.2905049990212096e-06,-2.693604110863286
0.0004674596932756587,0.02475951240409705,3.617499096343348e-06,-3.056244968942318
0.0004675416175121248,0.024755173957907443,3.941507638365583e-06,2.6486792786694364
0.00046762354174859094,0.02475083703184614,5.387464117101259e-06,-3.0855819698382736
0.00046770546598505703,0.02474650162511434,4.387761919403668e-06,2.8184421833635147
0.00046778739022152317,0.024742167736913793,5.073191235014475e-06,2.918190351568099
0.00046786931445798926,0.02473783536644682,2.5633146325940867e-06,-3.0724204599004317
0.0004679512386944554,0.024733504512916275,2.6337787201827495e-06,-2.8111903483744998
0.0004680331629309215,0.024729175175525604,4.315763696247907e-06,2.877299767363404
0.00046811508716738763,0.024724847353478782,4.7608388224482017e-07,0.40367728822122045
0.0004681970114038537,0.024720521045980364,5.925936059020735e-06,2.364141607219413
0.00046827893564031986,0.02471619625223544,6.488168579708072e-06,2.4922741782846525
0.00046836085987678595,0.024711872971449673,3.098743209905262e-06,-2.4394591806265935
0.0004684427841132521,0.024707551202829272,3.042180996908625e-06,1.9286511092055982
0.0004685247083497182,0.024703230945581005,2.7364801103769403e-06,2.4872597001191923
0.00046860663258618433,0.0246989121989122,6.246640227282473e-06,2.9328310155720776
0.0004686885568226504,0.024694594962030726,5.027098921726536e-06,-2.9934469398819386
0.00046877048105911656,0.024690279234145015,4.83888974663104e-06,-3.1290377763167943
0.00046885240529558265,0.024685965014464052,1.8160763877785574e-06,2.695389406380452
0.0004689343295320488,0.024681652302197377,2.6391039476796045e-06,2.1974594203062363
0.0004690162537685149,0.02467734109655507,5.088775704025693e-06,3.126024030158612
0.000469098178004981,0.02467303139674778,2.029970560004628e-06,2.666957116840151
0.0004691801022414471,0.02466872320198669,4.842308023917909e-06,-3.043258576576775
0.00046926202647791325,0.024664416511483548,3.762086726501726e-06,2.6037492392220685
0.00046934395071437934,0.024660111324450652,4.131589499514797e-06,2.2308847054589225
0.0004694258749508455,0.024655807640100832,4.13701227023332e-06,-2.9830103360370317
0.0004695077991873116,0.024651505457647493,5.46594202037536e-06,2.4593706826136175
0.0004695897234237777,0.024647204776304565,5.948644472279562e-06,-2.9860342378946263
0.0004696716476602438,0.024642905595286545,2.7289302762379688e-06,-2.9867675214323324
0.00046975357189670995,0.02463860791380847,3.825527249554757e-06,2.6251639067565837
0.00046983549613317604,0.024634311731085923,1.6203996802033564e-06,2.188388188594052
0.0004699174203696422,0.024630017046335037,5.0288378582400076e-06,-2.147554096493975
0.00046999934460610827,0.02462572385877249,2.8870955907119326e-06,2.7890613002479507
0.0004700812688425744,0.024621432167615503,3.219087580653836e-06,2.128291668607916
0.0004701631930790405,0.024617141972081858,1.3603854500971016e-06,2.2225167925562004
0.00047024511731550664,0.024612853271389856,1.466098638247853e-06,1.1249136770357617
0.00047032704155197273,0.024608566064758367,2.5392884554244517e-06,3.0111687929558517
0.0004704089657884389,0.02460428035140679,4.160467473870412e-06,2.356334660741729
0.00047049089002490496,0.02459999613055507,4.847669053813686e-06,-3.061628925040267
0.0004705728142613711,0.02459571340142371,1.4354148447816167e-06,1.4600426537866091
0.0004706547384978372,0.02459143216323373,3.4460008885716748e-06,-3.031726904200681
0.00047073666273430334,0.024587152415206714,1.0762339472392597e-06,3.0342325957783975
0.0004708185869707694,0.024582874156564776,5.136673197389248e-06,2.9069649785906475
0.00047090051120723557,0.024578597386530582,1.2112093078640313e-06,2.559087835406454
0.00047098243544370166,0.02457432210432732,5.93421107006735e-06,-3.00099363266089
0.0004710643596801678,0.024570048309178742,5.188643884319538e-06,-2.9432276458294746
0.0004711462839166339,0.024565776000309125,4.7347195182562195e-06,-3.06693522793608
0.00047122820815310003,0.024561505176943284,4.767558143188868e-06,2.608390324940871
0.0004713101323895661,0.024557235838306584,2.7171524640737363e-06,2.651734826269623
0.00047139205662603226,0.02455296798362492,2.2033057475205656e-06,-2.938193975305996
0.00047147398086249835,0.024548701612124725,5.172205919263074e-06,2.8654702013187254
0.0004715559050989645,0.024544436723032973,2.5725099250464524e-06,2.737800535711353
0.0004716378293354306,0.024540173315577174,3.034765338238049e-06,2.0671906043299817
0.0004717197535718967,0.02453591138898537,2.5954485782508475e-06,2.239442917890502
0.0004718016778083628,0.02453165094248616,5.36277065394307e-06,2.763077142635573
0.00047188360204482896,0.02452739197530864,2.421666165125091e-06,-2.620067122997625
0.0004719655262812951,0.024523134486682478,3.894993192453335e-06,2.451340116794667
0.0004720474505177612,0.024518878475837867,2.104564542235542e-06,-2.8606752670695648
0.00047212937475422733,0.024514623942005515,1.335486723168745e-06,2.6306677724178917
0.0004722112989906934,0.024510370884416686,3.6501579867518714e-06,2.4826308476563335
0.00047229322322715956,0.02450611930230317,4.492757581386815e-06,2.9457101359118516
0.00047237514746362565,0.024501869194897292,3.4814544747142655e-06,-2.7382110820222634
0.0004724570717000918,0.024497620561431902,5.271926987576324e-06,2.7931151277374178
0.0004725389959365579,0.02449337340114039,6.918801332095658e-06,2.8063217266088887
0.000472620920173024,0.024489127713256675,2.068350560983241e-06,-2.968665776747156
0.0004727028444094901,0.024484883497015216,7.011773267953965e-06,2.9786929905129336
0.00047278476864595626,0.024480640751650972,3.0595794547593677e-06,-2.68635210017312
0.00047286669288242234,0.024476399476399475,3.047056348149188e-06,-2.319669379815414
0.0004729486171188885,0.024472159670496756,4.2332109152945365e-06,2.9009617121096514
0.0004730305413553546,0.024467921333179387,2.047121968028215e-06,2.0750076091492837
0.0004731124655918207,0.024463684463684462,3.9443916251917804e-06,2.341854900966383
0.0004731943898282868,0.024459449061249618,4.3196838909060865e-06,3.071648141179431
0.00047327631406475295,0.024455215125112995,3.199165363290244e-06,2.5610361045956336
0.00047335823830121904,0.024450982654513283,1.7481805680087052e-06,-2.1901133639703723
0.0004734401625376852,0.0244467516486897,3.15789366374966e-06,2.810431203349899
0.00047352208677415127,0.024442522106881966,2.6463359653132657e-06,-2.847160382544567
0.0004736040110106174,0.02443829402833035,4.5911959426601115e-06,3.0786069442310042
0.0004736859352470835,0.024434067412275644,2.692588752970494e-06,2.7723934062330104
0.00047376785948354964,0.02442984225795915,4.582487362484017e-06,2.513017354256878
0.00047384978372001573,0.024425618564622713,1.8441359718182868e-06,2.1715436979921465
0.0004739317079564819,0.02442139633150869,3.845114796789414e-06,2.8864376311393336
0.00047401363219294796,0.02441717555785997,2.6689682751874497e-06,2.3420158657319807
0.0004740955564294141,0.024412956242919955,4.43570229886819e-06,-2.849151291285927
0.0004741774806658802,0.02440873838593258,7.517339482335989e-07,2.870086756944599
0.00047425940490234634,0.0244045219861423,2.0139224595821053e-06,2.8570476764457413
0.00047434132913881243,0.024400307042794087,2.5705570569460325e-06,-3.1059612007013855
0.00047442325337527857,0.02439609355513344,3.32780132725804e-06,2.6459495941935014
0.00047450517761174466,0.024391881522406386,5.72403600946839e-06,-3.1324542436960137
0.0004745871018482108,0.024387670943859446,1.4859093655905419e-06,-2.820650515507664
0.0004746690260846769,0.024383461818739693,4.444321053137799e-06,2.227818144255661
0.00047475095032114303,0.024379254146294698,4.075587802114914e-06,2.7914791607878593
0.0004748328745576091,0.02437504792577256,2.299722545259685e-06,2.6285517423951963
0.00047491479879407526,0.024370843156421903,3.924234400886593e-06,2.9597247747313666
0.00047499672303054135,0.024366639837491856,8.36018269378797e-07,2.6789443593617395
0.0004750786472670075,0.024362437968232068,1.9672248721667295e-06,2.2454151384292502
0.0004751605715034736,0.024358237547892722,2.947253249853901e-06,2.3841911810560017
0.00047524249573993973,0.024354038575724487,2.4093473601559653e-06,-2.909552236266713
0.0004753244199764058,0.024349841050978586,5.315500609038199e-06,-2.80355494096167
0.00047540634421287196,0.024345644972906734,3.0030033005091794e-06,-2.904910149863939
0.00047548826844933805,0.024341450340761163,2.2386474668393365e-06,2.5525505715923664
0.0004755701926858042,0.02433725715379462,4.064997787525147e-06,2.5263505813832805
0.0004756521169222703,0.02433306541126038,3.837664325250547e-06,2.880557698483217
0.0004757340411587364,0.02432887511241222,2.5632351970277826e-06,-3.0965303326689306
0.0004758159653952025,0.02432468625650444,2.5349613656021636e-06,3.093724191492891
0.00047589788963166865,0.024320498842791832,3.6081387217522796e-06,3.0770862754889197
0.00047597981386813474,0.024316312870529735,1.1342578957008892e-06,2.6580721574914667
0.0004760617381046009,0.024312128338973976,2.099797661776528e-06,2.84961052679848
0.000476143662341067,0.0243079452473809,4.70228404479914e-06,2.4400514806054163
0.0004762255865775331,0.02430376359500736,4.117045414138728e-06,2.979135475613695
0.0004763075108139992,0.024299583381110733,1.9300040215818983e-06,-2.5644317404467
0.00047638943505046535,0.024295404604948886,2.540528722386045e-06,2.4464181551859925
0.00047647135928693144,0.024291227265780226,2.1956289519368526e-06,2.4111246334286798
0.0004765532835233976,0.024287051362863635,1.1082603199691387e-06,-2.0770236868136487
0.00047663520775986367,0.02428287689545854,5.206811985625748e-07,-2.2748878088159716
0.0004767171319963298,0.02427870386282485,1.9495955007926235e-06,3.046967117361532
0.0004767990562327959,0.024274532264222985,4.26169142027074e-06,2.964397690529402
0.00047688098046926204,0.024270362098913895,2.9045147767016937e-06,2.679778153438164
0.00047696290470572813,0.02426619336615901,2.884749304063863e-06,-2.430604841754578
0.0004770448289421943,0.024262026065220297,3.554454692032542e-06,2.5513995178792546
0.0004771267531786604,0.024257860195360196,3.387316588096519e-06,-2.9499308433394362
0.0004772086774151265,0.02425369575584168,5.791164392074071e-06,2.6415730689253776
0.00047729060165159265,0.024249532745928212,8.409452076103011e-07,-3.0246565084022152
0.00047737252588805874,0.024245371164883782,5.492925571205913e-06,3.0105365698623627
0.0004774544501245249,0.02424121101197285,3.0845474534638733e-06,2.5431142975849497
0.00047753637436099097,0.02423705228646042,3.076184607794475e-06,-2.754179192025179
0.0004776182985974571,0.024232894987611966,5.16379044034597e-06,2.9124634810748224
0.0004777002228339232,0.024228739114693493,1.943328838454604e-06,2.8526642122237567
0.00047778214707038934,0.0242245846669715,3.837460917118747e-06,-2.869662372296318
0.00047786407130685543,0.024220431643712976,2.596207263984093e-06,2.918316695743504
0.0004779459955433216,0.024216280044185426,1.2799903061641914e-06,2.7453833740856433
0.00047802791977978766,0.024212129867656862,5.613709030002396e-06,2.5471631183417967
0.0004781098440162538,0.02420798111339578,1.6362526313787647e-06,2.5721149921451616
0.0004781917682527199,0.024203833780671195,4.1328780092235346e-06,1.7275518996708623
0.00047827369248918604,0.024199687868752616,3.584503646120051e-06,2.6941151292304437
0.0004783556167256521,0.02419554337691005,4.2188218308173994e-06,2.8701666512032955
0.00047843754096211827,0.024191400304414003,3.115675416049238e-06,-2.911954340831588
0.00047851946519858436,0.024187258650535486,3.4410693029362202e-06,3.11353305072804
0.0004786013894350505,0.024183118414546005,2.3501441837023123e-06,-1.7610354519344495
0.0004786833136715166,0.02417897959571757,3.5880580811602585e-06,2.6329037040545997
0.00047876523790798273,0.024174842193322683,2.949358219951151e-06,2.4238517365798575
0.0004788471621444488,0.024170706206634352,1.5659758058884867e-06,2.8604121199336436
0.00047892908638091496,0.02416657163492606,2.3092182679745747e-06,3.0652810656202343
0.00047901101061738105,0.024162438477471827,2.3803092544153627e-06,1.6971802367862026
0.0004790929348538472,0.024158306733546128,1.6341760524825378e-06,2.0120581450648873
0.0004791748590903133,0.02415417640242397,3.884381735775835e-06,2.3784396430011427
0.0004792567833267794,0.024150047483380815,2.489151589950364e-06,1.847853153455584
0.0004793387075632455,0.024145919975692664,2.5315065919013884e-06,-2.9018454155350577
0.00047942063179971166,0.024141793878635978,3.009813366522558e-06,-2.5893548032910507
0.00047950255603617774,0.024137669191487746,8.291591363170162e-07,1.799730238576086
0.0004795844802726439,0.02413354591352541,3.6943079271205425e-06,3.0487440213937305
0.00047966640450911,0.02412942404402695,3.619487754975833e-06,3.0562013240835206
0.0004797483287455761,0.024125303582270795,2.132986848040607e-06,2.0956230543437067
0.0004798302529820422,0.024121184527535904,2.977113606471571e-06,-3.1015388703379707
0.00047991217721850835,0.0241170668791017,2.9587607600136177e-06,2.6937103196293806
0.00047999410145497444,0.024112950636248128,3.919502325818518e-06,2.5946549474945138
0.0004800760256914406,0.024108835798255592,1.2170254784672512e-06,1.8288661698873694
0.00048015794992790667,0.024104722364405015,3.94056824480164e-06,2.225419917369643
0.0004802398741643728,0.024100610333977784,5.794380542775963e-06,2.080828925909141
0.0004803217984008389,0.024096499706255804,4.230033812127835e-06,3.089215857245067
0.00048040372263730504,0.024092390480521447,3.6706967120894054e-06,-3.0569428682198323
0.00048048564687377113,0.024088282656057593,2.173879774097646e-06,2.323489007533974
0.0004805675711102373,0.02408417623214759,2.6386140509836013e-06,2.3852026416303227
0.00048064949534670336,0.0240800712080753,4.258036869366804e-06,2.7032371128646413
0.0004807314195831695,0.024075967583125045,3.2653717837881975e-06,-2.5633882207871426
0.0004808133438196356,0.024071865356581665,3.607834038509487e-06,2.405392490778226
0.00048089526805610174,0.02406776452773046,4.168087111137243e-06,2.9814371009357705
0.00048097719229256783,0.024063665095857226,3.4089139643832455e-06,2.308694544694702
0.00048105911652903397,0.024059567060248258,3.5148584552562734e-06,-2.6845323571606503
0.00048114104076550006,0.024055470420190326,4.0036586714438326e-06,2.733468926969581
0.0004812229650019662,0.024051375174970677,3.7262345024219474e-06,-2.3594733044029383
0.0004813048892384323,0.024047281323877068,4.022126766378523e-06,2.8648328605940088
0.00048138681347489843,0.024043188866197714,2.22172686782498e-06,2.726986138691126
0.0004814687377113645,0.024039097801221335,1.5216367611925812e-06,-2.724052029063366
0.00048155066194783066,0.02403500812823712,1.4543370513330197e-06,2.9482598701805043
0.00048163258618429675,0.024030919846534746,3.2126858861123123e-06,-2.4821293780398226
0.0004817145104207629,0.024026832955404386,2.7241888436408672e-06,2.4874738956547313
0.000481796434657229,0.024022747454136673,1.4131409793236527e-06,-2.7498156463695893
0.00048187835889369513,0.024018663342022746,4.178741305619408e-06,-2.730158351855294
0.0004819602831301612,0.024014580618354205,1.828028767489152e-06,2.1338259931009382
0.00048204220736662736,0.024010499282423145,1.7859376909420324e-06,-2.9943722583672305
0.00048212413160309345,0.024006419333522135,3.0393545455158077e-06,-1.9827089925477974
0.0004822060558395596,0.02400234077094424,5.634088119755917e-06,2.5022575588748115
0.0004822879800760257,0.023998263593982976,9.775421255582872e-07,2.9086375087377294
0.0004823699043124918,0.023994187801932368,3.940079067596482e-06,2.7743450386715747
0.00048245182854895796,0.023990113394086902,4.28618457475387e-06,2.2884041493544323
0.00048253375278542405,0.023986040369741557,3.680732720281231e-06,2.732885530793386
0.0004826156770218902,0.023981968728191777,4.7249930384239764e-06,2.654650575645366
0.0004826976012583563,0.023977898468733497,3.1767969471637677e-06,3.065697038970421
0.00048277952549482243,0.02397382959066312,2.200874228061982e-06,-2.3737214007282064
0.0004828614497312885,0.02396976209327753,3.5218551447605323e-06,2.934049864655679
0.00048294337396775466,0.023965695975874092,1.7587952212211825e-06,3.0481505030689804
0.00048302529820422075,0.02396163123775064,3.102574688461016e-06,3.1315869444955253
0.0004831072224406869,0.02395756787820549,2.2086387145930827e-06,3.049860099725242
0.000483189146677153,0.023953505896537435,1.5103660007380553e-06,-2.920775462535813
0.0004832710709136191,0.02394944529204573,4.060800144670641e-06,2.202433729204701
0.0004833529951500852,0.02394538606403013,3.5039459523499126e-06,2.424858856559174
0.00048343491938655135,0.02394132821179084,4.710226789382086e-06,-2.948573717946299
0.00048351684362301744,0.023937271734628566,2.7440205945219187e-06,-2.5829019162270823
0.0004835987678594836,0.02393321663184445,4.4107959373544496e-06,-2.897921465532073
0.0004836806920959497,0.02392916290274014,2.9152738087742043e-06,2.7841423518153543
0.0004837626163324158,0.023925110546617744,4.302358329896182e-06,2.728480434850319
0.0004838445405688819,0.02392105956277985,3.0251147687205305e-06,3.1151239435415237
0.00048392646480534805,0.023917009950529502,5.616972052192041e-06,3.1175959035327945
0.00048400838904181414,0.02391296170917024,4.859571022263795e-06,2.9628996051289334
0.0004840903132782803,0.023908914838006053,3.5114533773918547e-06,2.8760283333344794
0.00048417223751474637,0.023904869336341415,3.40536615350025e-06,3.0244148842370553
0.0004842541617512125,0.023900825203481267,3.392522550513985e-06,2.541309496864668
0.0004843360859876786,0.02389678243873102,2.884917944657007e-06,2.891231219720946
0.00048441801022414474,0.023892741041396545,2.6279126463016282e-06,-2.301963731975878
0.00048449993446061083,0.023888701010784205,4.83029627044976e-06,-3.108544316427188
0.000484581858697077,0.023884662346200805,4.088772063138881e-06,2.591106559302569
0.00048466378293354306,0.02388062504695365,2.5256984448430164e-06,1.9496861356850153
0.0004847457071700092,0.023876589112350476,1.972021791702717e-06,2.930841640812652
0.0004848276314064753,0.02387255454169952,1.1919861700200277e-06,-2.900008239429138
0.00048490955564294144,0.02386852133430947,3.015691560509757e-06,2.3813013425423994
0.0004849914798794075,0.023864489489489493,2.64193220451677e-06,2.7388873748817217
0.00048507340411587367,0.02386045900654919,5.931658648831923e-06,3.068076837493116
0.00048515532835233976,0.02385642988479868,2.2940980370667705e-06,2.830434736965003
0.0004852372525888059,0.023852402123548503,3.5612157683799158e-06,1.9390867278450066
0.000485319176825272,0.023848375722109683,6.152038188690457e-06,3.0766588230694483
0.00048540110106173813,0.023844350679793715,5.360081644994047e-06,3.001365521111418
0.0004854830252982042,0.02384032699591255,1.7202962281830942e-06,2.792868669714807
0.00048556494953467036,0.0238363046697786,4.464284940797147e-06,2.6507830224821864
0.00048564687377113645,0.023832283700704757,9.185057743083249e-07,1.8514172449407478
0.0004857287980076026,0.023828264088004345,3.539147753631933e-06,3.0156523221464084
0.0004858107222440687,0.023824245830991193,4.176224626339179e-06,-3.0514066255942343
0.0004858926464805348,0.023820228928979562,3.170823335787513e-06,2.80895523674546
0.0004859745707170009,0.023816213381284184,5.35544432616824e-06,2.3932535217244917
0.00048605649495346706,0.023812199187220256,3.573578052316186e-06,2.472559934005025
0.00048613841918993314,0.023808186346103433,3.4989982202123713e-06,2.6074105319052885
0.0004862203434263993,0.023804174857249834,2.141846919430795e-06,2.6568262570791585
0.0004863022676628654,0.02380016471997604,2.142231158486509e-06,2.725197647440001
0.0004863841918993315,0.023796155933599083,6.464414916951748e-07,1.5620280678167522
0.0004864661161357976,0.023792148497436473,4.03958300006002e-06,2.512941824741743
0.00048654804037226375,0.023788142410806155,3.415093945121324e-06,2.576400445711474
0.00048662996460872984,0.023784137673026565,4.106734359739784e-06,2.7065302006074927
0.000486711888845196,0.02378013428341656,4.850746988015004e-06,2.7726560421319646
0.00048679381308166207,0.023776132241295485,1.6836833125069334e-06,-2.721099771731673
0.0004868757373181282,0.023772131545983132,3.234586991345646e-06,-1.9853617102078094
0.0004869576615545943,0.02376813219679976,4.1300061243443765e-06,-2.7001803529268167
0.00048703958579106044,0.023764134193066066,3.9748361914121986e-06,-3.1371954964415267
0.00048712151002752653,0.023760137534103224,9.918926773372555e-07,2.885768622398164
0.0004872034342639927,0.02375614221923285,2.7700580814893456e-06,2.7651461699568287
0.00048728535850045876,0.023752148247777032,1.9767742305511057e-06,1.8944637395380677
0.0004873672827369249,0.02374815561905829,3.235818977204774e-06,3.1063531431650437
0.000487449206973391,0.023744164332399623,2.338824909966819e-06,3.009329175118078
0.00048753113120985714,0.023740174387124478,4.165899897113973e-06,2.1541194367957712
0.00048761305544632323,0.023736185782556752,1.2062385184204601e-06,1.9200123373571931
0.00048769497968278937,0.023732198518020792,3.155923621189271e-06,2.4283612450167813
0.0004877769039192555,0.02372821259284141,2.4327149314306634e-06,3.0328583932864768
0.0004878588281557216,0.023724228006343873,5.86110194875883e-06,2.817982385433264
0.00048794075239218774,0.02372024475785389,4.020864758445421e-06,-3.074564813505056
0.00048802267662865383,0.02371626284669763,1.9765162596592464e-06,-2.1180813692942375
0.00048810460086512,0.023712282272201707,2.077617331042589e-06,2.2439538699213433
0.00048818652510158606,0.0237083030336932,3.381521762222906e-06,2.3811408881507403
0.0004882684493380522,0.023704325130499627,2.9980049578510377e-06,2.232010944686559
0.0004883503735745184,0.023700348561948963,3.462706503807915e-06,-2.2461311757222053
0.0004884322978109844,0.023696373327369638,4.572254312163092e-06,2.903531942556317
0.0004885142220474505,0.02369239942609052,1.546079549458941e-06,-3.035641987809914
0.0004885961462839166,0.023688426857440943,3.559307933591357e-06,2.3858639143106695
0.0004886780705203828,0.02368445562075067,4.25838947835102e-06,-2.529339021489238
0.0004887599947568489,0.023680485715349944,3.423558543913748e-06,3.073943016554136
0.000488841918993315,0.02367651714056943,6.562333033771173e-06,2.677800966304787
0.0004889238432297811,0.023672549895740243,3.773963912957785e-06,2.364226645285474
0.0004890057674662473,0.023668583980193964,3.572223664633536e-06,2.4341851447725453
0.0004890876917027134,0.023664619393262608,2.1792327986124993e-06,-2.782224701663568
0.0004891696159391795,0.023660656134278642,5.542522126805794e-06,3.0927157790889224
0.0004892515401756455,0.02365669420257498,3.640498158289713e-06,2.476647743641059
0.0004893334644121117,0.023652733597484973,3.90246239892256e-06,2.8661633429939593
0.0004894153886485778,0.023648774318342444,4.492266337239362e-06,3.13661633091235
0.0004894973128850439,0.02364481636448164,2.7150814424816694e-06,3.042377839791071
0.00048957923712151,0.023640859735237246,3.1943167897178874e-06,2.6266257995860625
0.0004896611613579762,0.023636904429944414,3.74223281696419e-06,-3.1191027619671456
0.0004897430855944423,0.023632950447938735,1.3084734533839594e-06,2.8969505049022835
0.0004898250098309084,0.023628997788556243,2.2673451138097185e-06,2.5470489894445283
0.0004899069340673745,0.02362504645113341,2.910208925668079e-06,2.3475058005942104
0.0004899888583038407,0.02362109643500715,2.6972164451839968e-06,2.960184329435752
0.0004900707825403068,0.02361714773951484,3.6329919700322797e-06,3.1255659057915786
0.0004901527067767728,0.02361320036399428,5.452854695423091e-06,2.5603095434071093
0.0004902346310132389,0.023609254307783722,3.5906489757033993e-06,2.6083229168136826
0.0004903165552497051,0.023605309570221847,3.202624644614054e-06,-2.569672501033684
0.0004903984794861712,0.023601366150647805,5.31704688858502e-06,2.7057512159802717
0.0004904804037226373,0.023597424048401164,3.6211378418280445e-06,-2.670697119236706
0.0004905623279591034,0.02359348326282194,4.149288218279129e-06,2.5191917043135827
0.0004906442521955696,0.023589543793250588,3.448405395830006e-06,3.0677071497162935
0.0004907261764320357,0.023585605639028007,3.7554528496936936e-06,2.70605194907207
0.0004908081006685018,0.02358166879949554,4.946578005577988e-06,-2.9661848917454323
0.0004908900249049679,0.02357773327399496,4.052902880149935e-06,3.0556738133109356
0.000490971949141434,0.02357379906186847,2.8052750404049043e-06,2.559465197039665
0.0004910538733779001,0.023569866162458753,2.366211113316883e-06,2.8831337278475373
0.0004911357976143662,0.023565934575108888,3.26057824672288e-06,3.114465783144084
0.0004912177218508323,0.023562004299162408,2.8909683150104197e-06,2.5969509479143387
0.0004912996460872985,0.023558075333963275,3.0061873269779776e-06,-3.0271579063275933
0.0004913815703237646,0.023554147678855913,3.4587546692961384e-06,-2.550496981988144
0.0004914634945602307,0.023550221333185163,8.089150899438926e-07,1.6674993936506413
0.0004915454187966968,0.023546296296296298,2.7875813321684577e-06,-2.3918977929325846
0.000491627343033163,0.02354237256753504,1.1739307392888015e-06,2.4786605014241134
0.0004917092672696291,0.023538450146247544,2.446436291522074e-06,2.7162472623587437
0.0004917911915060952,0.023534529031780407,8.687869995611023e-07,-2.7377797696619393
0.0004918731157425612,0.023530609223480645,2.7149650347105707e-06,-2.7065346249368476
0.0004919550399790274,0.023526690720695714,2.4864693071795388e-06,2.8139344687281143
0.0004920369642154935,0.023522773522773523,1.4765572297689307e-06,2.3889962958697515
0.0004921188884519596,0.02351885762906239,2.8749987399083223e-06,-2.767252019351651
0.0004922008126884257,0.023514943038911083,2.2658734405245154e-06,2.832310599819533
0.0004922827369248919,0.023511029751668792,2.156486910503326e-06,-2.638258333637292
0.000492364661161358,0.023507117766685154,1.5138708214470885e-06,-0.41431972415046664
0.0004924465853978241,0.02350320708331023,3.435527221592468e-06,2.7303034751724566
0.0004925285096342902,0.023499297700894508,2.0082423085164324e-06,3.029139265461833
0.0004926104338707564,0.023495389618788918,1.7674714918148578e-06,2.246451609113019
0.0004926923581072225,0.023491482836344824,3.0252276351070195e-06,2.407950299675684
0.0004927742823436885,0.023487577352914013,2.4584958784850144e-06,-2.9410475982210635
0.0004928562065801547,0.023483673167848697,4.609329262606262e-06,3.100832159835038
0.0004929381308166208,0.02347977028050154,4.325912464709971e-06,3.008605744427862
0.0004930200550530869,0.023475868690225617,2.527401452868997e-06,-2.7051501230689903
0.000493101979289553,0.023471968396374443,2.247455858376461e-06,-2.0113846699122018
0.0004931839035260192,0.02346806939830195,2.554648404937332e-06,-2.530292357078311
0.0004932658277624853,0.023464171695362527,4.922717294409138e-06,2.952197962122375
0.0004933477519989514,0.023460275286910956,3.7789477560485866e-06,-2.863020232708183
0.0004934296762354175,0.02345638017230247,3.069803393995007e-06,2.2003429529509897
0.0004935116004718837,0.023452486350892723,3.398942924983827e-06,2.3138721872718264
0.0004935935247083498,0.023448593822037803,3.2004319937543e-06,2.92537186344768
0.0004936754489448158,0.02344470258509422,3.3395485677351476e-06,-2.745641456551843
0.0004937573731812819,0.023440812639418912,3.2150980165629537e-06,2.3598652659095727
0.0004938392974177481,0.023436923984369237,3.456838335435351e-06,3.025657772300397
0.0004939212216542142,0.023433036619302995,4.020080956790961e-06,3.0245207225989637
0.0004940031458906803,0.023429150543578404,3.9655554353627105e-06,-2.786691773211583
0.0004940850701271464,0.0234252657565541,2.8345452506310033e-06,3.0176990515839934
0.0004941669943636126,0.02342138225758915,3.2531345128979655e-06,-2.916076890103638
0.0004942489186000787,0.02341750004604306,1.3415606681158682e-06,2.3435404445493804
0.0004943308428365448,0.023413619121275733,4.912706882369412e-06,-3.0025079435326076
0.0004944127670730109,0.023409739482647518,4.651715230494333e-06,3.011835188816076
0.0004944946913094771,0.023405861129519177,3.4182289292600437e-06,1.7120610643135226
0.0004945766155459431,0.023401984061251907,4.130954222343669e-06,2.874192258364581
0.0004946585397824092,0.023398108277207317,4.763343415765047e-06,2.653082425611446
0.0004947404640188753,0.023394233776747438,4.756008796215289e-06,-2.9248016127798846
0.0004948223882553415,0.02339036055923473,1.885711111113252e-06,2.0223698520282096
0.0004949043124918076,0.023386488624032073,6.547474865918179e-07,-1.9971179230991916
0.0004949862367282737,0.023382617970502777,2.056931544604205e-06,2.134779375841496
0.0004950681609647398,0.023378748598010556,2.2362910874857967e-06,-2.506865967411105
0.000495150085201206,0.02337488050591955,1.9709183552145584e-06,3.002643552549297
0.0004952320094376721,0.023371013693594338,3.0307991300107847e-06,2.335147113936024
0.0004953139336741382,0.023367148160399896,5.4478691137173734e-06,2.8816965754272625
0.0004953958579106042,0.023363283905701634,1.2602377243469914e-06,-2.8796063149763658
0.0004954777821470704,0.02335942092886537,3.5580647862760703e-06,2.667134300544998
0.0004955597063835365,0.02335555922925736,8.751388079897514e-07,1.8166017975061677
0.0004956416306200026,0.023351698806244263,4.087287641655469e-06,2.208132687013408
0.0004957235548564687,0.023347839659193154,3.2401947391131195e-06,-3.012936062371866
0.0004958054790929349,0.02334398178747154,5.450057060759744e-06,3.0450346554135583
0.000495887403329401,0.023340125190447345,9.37350522050925e-07,2.3755509185961072
0.0004959693275658671,0.023336269867488896,2.2559026597304667e-06,2.474215222226339
0.0004960512518023332,0.02333241581796495,4.8546178856581095e-06,-3.0147611279688062
0.0004961331760387994,0.023328563041244678,1.299887810294774e-06,2.5437859693686935
0.0004962151002752655,0.023324711536697667,3.6453059427344803e-06,-2.8389595820378672
0.0004962970245117315,0.023320861303693922,4.022861860930636e-06,2.582090632052841
0.0004963789487481976,0.02331701234160386,3.3517508528328327e-06,2.574092365937088
0.0004964608729846638,0.02331316464979831,4.072525888555495e-06,2.9462027270861624
0.0004965427972211299,0.023309318227648534,3.850876899910033e-06,-2.247149805914376
0.000496624721457596,0.023305473074526194,7.074429300496685e-07,2.648744261869616
0.0004967066456940621,0.023301629189803365,2.8754049937389005e-06,3.127114434149179
0.0004967885699305283,0.023297786572852534,7.139896451449735e-06,2.953536009195691
0.0004968704941669944,0.023293945223046623,4.078938404633898e-06,-2.727471975368331
0.0004969524184034605,0.023290105139758946,4.102479328570968e-06,-3.0947723127679736
0.0004970343426399266,0.023286266322363244,1.603130515021533e-06,-1.2832972347039666
0.0004971162668763928,0.02328242877023365,3.2489188890363506e-06,-2.9393568846849933
0.0004971981911128588,0.02327859248274473,3.095442864698951e-07,-0.05822752274515979
0.0004972801153493249,0.023274757459271465,4.333906554121709e-06,-3.1025962971351775
0.000497362039585791,0.023270923699189226,3.7794172469025253e-06,-2.7981432479577815
0.0004974439638222572,0.02326709120187381,1.939156561012766e-06,2.779252929346236
0.0004975258880587233,0.02326325996670143,4.202148381094363e-06,-3.1097609854602126
0.0004976078122951894,0.023259429993048697,2.9279195511541196e-06,2.9566125302022344
0.0004976897365316555,0.02325560128029264,1.404414797962098e-06,3.1199509012806383
0.0004977716607681217,0.02325177382781069,5.156289859629398e-06,2.7838027093085747
0.0004978535850045878,0.02324794763498071,3.834944202625135e-06,2.762141623898122
0.0004979355092410539,0.023244122701180946,4.605156529451897e-06,2.6245684072324065
0.00049801743347752,0.023240299025790064,3.008454810658361e-06,-2.9807312787129057
0.0004980993577139861,0.023236476608187135,5.001246021971093e-06,2.163434793015896
0.0004981812819504522,0.02323265544775165,3.719545882918047e-06,2.9366034122356766
0.0004982632061869183,0.023228835543863496,5.468803298076384e-06,2.7363953868497566
0.0004983451304233845,0.023225016895902968,3.4323029123102433e-06,-2.9302215861759353
0.0004984270546598506,0.023221199503250783,1.6144523617226189e-06,-2.972826981867509
0.0004985089788963167,0.023217383365288047,3.7986861310856324e-06,2.614491598779832
0.0004985909031327828,0.023213568481396284,4.408842853552494e-06,2.916706047920231
0.000498672827369249,0.02320975485095741,2.5975206191480347e-06,-3.0144088822830306
0.0004987547516057151,0.023205942473353773,2.807171607301151e-06,3.092837434612856
0.0004988366758421812,0.023202131347968103,1.4360243330265248e-06,1.89143061591788
0.0004989186000786473,0.023198321474183544,2.7456162493491067e-06,2.6570918317788346
0.0004990005243151134,0.02319451285138364,3.1197194591041104e-06,3.0267895746872266
0.0004990824485515795,0.02319070547895236,2.1469204094698356e-06,2.6515320655522774
0.0004991643727880456,0.02318689935627405,3.3149714104167214e-06,2.709522719563966
0.0004992462970245117,0.023183094482733473,3.4661007256146983e-06,2.9582580475602405
0.0004993282212609779,0.023179290857715796,5.006950089653782e-06,3.139244443118846
0.000499410145497444,0.02317548848060659,3.6645998267496966e-06,-2.393798527050131
0.0004994920697339101,0.023171687350791826,3.889080135420057e-06,2.7264533080329927
0.0004995739939703762,0.023167887467657886,2.3561287572204367e-06,3.1019003476839218
0.0004996559182068424,0.023164088830591532,2.4747747054429318e-06,2.273231855469422
0.0004997378424433085,0.023160291438979963,1.785454736020306e-06,3.045707428519994
0.0004998197666797746,0.023156495292210748,3.199323852169449e-06,-2.9784245921872965
0.0004999016909162406,0.023152700389671876,2.719457272223016e-06,2.0177296424129305
0.0004999836151527068,0.023148906730751723,3.6104035791679545e-06,2.915727483724857
0.0005000655393891729,0.023145114314839083,3.964216879945357e-06,-2.9602158040432527
0.000500147463625639,0.02314132314132314,3.2718418512796852e-06,2.6564182829994283
0.0005002293878621051,0.02313753320959348,2.0558556713239896e-06,2.8920001840070593
0.0005003113120985713,0.02313374451904008,1.930763487427808e-06,2.9834728772142673
0.0005003932363350374,0.023129957069053336,3.3450097493191576e-06,2.941453141080616
0.0005004751605715035,0.023126170859024027,3.7502407335117756e-06,-2.6797929251295596
0.0005005570848079696,0.023122385888343335,2.353407080132226e-06,2.512622561096249
0.0005006390090444358,0.02311860215640284,4.688745756960835e-06,-3.115418977633311
0.0005007209332809019,0.02311481966259453,4.195593182316382e-06,2.474716512943169
0.0005008028575173679,0.023111038406310777,3.6517204544240713e-06,2.7579558270105613
0.000500884781753834,0.023107258386944354,1.5255568027236906e-06,1.543919733530266
0.0005009667059903002,0.023103479603888432,5.227340321399913e-06,3.0718308580912095
0.0005010486302267663,0.023099702056536588,2.2503168047194713e-06,2.7533939452193334
0.0005011305544632324,0.02309592574428278,2.3469884937415627e-06,-3.0715022371350216
0.0005012124786996985,0.02309215066652138,3.544445672426827e-06,2.743400703237159
0.0005012944029361647,0.023088376822647125,2.7499446545019904e-06,3.024542903194997
0.0005013763271726308,0.02308460421205519,2.5250311656380634e-06,2.692345275172892
0.0005014582514090969,0.02308083283414112,2.3215132646330995e-06,2.356284523745292
0.000501540175645563,0.02307706268830085,3.3285971638383663e-06,2.4492499072624714
0.0005016220998820292,0.023073293773930713,6.329477561583572e-06,2.850037385994562
0.0005017040241184952,0.02306952609042746,2.5121058720952647e-06,2.6955680928794377
0.0005017859483549613,0.023065759637188207,2.0924870397701685e-06,2.469665165770601
0.0005018678725914274,0.023061994413610478,5.744900145692374e-06,-2.9257022567504567
0.0005019497968278936,0.023058230419092177,4.656746978971355e-06,-3.1377988734485744
0.0005020317210643597,0.02305446765303162,3.7557767013767973e-06,3.1013780261573407
0.0005021136453008258,0.023050706114827506,3.3994756473035784e-06,-2.6428272412232268
0.0005021955695372919,0.02304694580387892,3.637511808255262e-06,2.5906670648273833
0.0005022774937737581,0.023043186719585346,2.645056023613204e-06,2.959786749753237
0.0005023594180102242,0.02303942886134667,3.0149804847938967e-06,2.557101427498331
0.0005024413422466903,0.023035672228563148,4.273741562998963e-06,3.0809182500423504
0.0005025232664831563,0.02303191682063544,2.4358342182696613e-06,2.6426736866080724
0.0005026051907196225,0.02302816263696459,2.2773288539556045e-06,-2.869508069888324
0.0005026871149560886,0.02302440967695205,1.9749713059824703e-06,3.1028599938084227
0.0005027690391925547,0.023020657939999637,2.4691475105975563e-06,2.942750594944339
0.0005028509634290208,0.02301690742550958,4.82877953223528e-06,2.8579519343050346
0.000502932887665487,0.02301315813288447,2.372584796432016e-06,2.6529103040998874
0.0005030148119019531,0.023009410061527326,2.975377145355741e-06,2.574225715660579
0.0005030967361384192,0.02300566321084152,3.676290163313271e-06,-2.8031378050864437
0.0005031786603748853,0.023001917580230836,1.9810387888388157e-06,-2.680468465585168
0.0005032605846113515,0.022998173169099426,1.0034707707954068e-06,3.0623152995331333
0.0005033425088478176,0.022994429976851853,4.758575632314558e-06,2.7029840694943092
0.0005034244330842836,0.02299068800289305,1.998526407534545e-06,2.6655579877981777
0.0005035063573207498,0.022986947246628336,2.2988630886819666e-06,-2.3158169696066935
0.0005035882815572159,0.02298320770746344,1.954623878496135e-06,-2.3366432683529514
0.000503670205793682,0.022979469384804455,3.6626304426965436e-06,-3.129735375202718
0.0005037521300301481,0.02297573227805786,5.95202843006348e-06,2.6458403988163086
0.0005038340542666143,0.02297199638663053,1.1207754085135862e-06,-1.8442714900728232
0.0005039159785030804,0.02296826170992973,2.939205619133876e-06,-2.7513411233423466
0.0005039979027395465,0.022964528247363097,3.6162465977079363e-06,2.6623999808320415
0.0005040798269760126,0.02296079599833866,4.049591473667503e-06,2.500018215719652
0.0005041617512124788,0.02295706496226483,4.095780417523649e-06,2.681852502488446
0.0005042436754489449,0.02295333513855041,1.921984210290966e-06,2.9557092378780334
0.0005043255996854109,0.022949606526604577,9.939631384803128e-07,2.537441827037863
0.000504407523921877,0.0229458791258369,3.346990716530272e-06,-2.7880276480852966
0.0005044894481583432,0.02294215293565732,3.196793031714897e-06,2.696766356942109
0.0005045713723948093,0.022938427955476175,3.9051507763311506e-06,2.8900127243631357
0.0005046532966312754,0.022934704184704183,5.987628901652275e-06,2.260140707356977
0.0005047352208677415,0.02293098162275244,3.3251146626902427e-06,2.6285367669497823
0.0005048171451042077,0.022927260269032416,2.4317103685409566e-06,2.8625881866736176
0.0005048990693406738,0.022923540122955992,1.4209388623343372e-06,2.4466899194027523
0.0005049809935771399,0.022919821183935395,2.4646775998970948e-06,2.141470211285782
0.000505062917813606,0.022916103451383257,3.662626229045015e-07,-2.5668806803141373
0.0005051448420500722,0.022912386924712577,2.124612620127778e-06,-3.0938986701797613
0.0005052267662865382,0.022908671603336754,8.104915787434433e-07,1.325715946213864
0.0005053086905230043,0.02290495748666955,1.8458050089831278e-06,2.1334656823213294
0.0005053906147594704,0.022901244574125106,1.9840732313023113e-06,-2.804899296090551
0.0005054725389959366,0.02289753286511795,4.915436330283401e-06,2.4457651827157703
0.0005055544632324027,0.022893822359063,2.8027019871226775e-06,2.6848591190639395
0.0005056363874688688,0.02289011305537553,3.3003474651294344e-06,3.0067717176651363
0.0005057183117053349,0.02288640495347121,1.52586776402538e-06,-2.464361252734218
0.0005058002359418011,0.02288269805276608,4.6586578845009896e-06,2.8325981793755313
0.0005058821601782672,0.022878992352676562,3.2835882530435238e-06,3.0939747132932816
0.0005059640844147333,0.02287528785261946,2.054896813228104e-06,2.858379939900349
0.0005060460086511993,0.022871584552011943,3.503993519320809e-06,2.1556793677564876
0.0005061279328876655,0.022867882450271573,3.6123215208704986e-06,2.503104792523953
0.0005062098571241316,0.022864181546816277,3.1400690622829586e-06,2.8921453271264324
0.0005062917813605977,0.022860481841064366,3.042508159904406e-07,1.6934243113994594
0.0005063737055970638,0.022856783332434523,2.435331083014087e-06,2.237052934488462
0.00050645562983353,0.022853086020345803,2.2112585743850864e-06,2.7636216947554844
0.0005065375540699961,0.022849389904217657,2.593517602655362e-06,2.5937349478616767
0.0005066194783064622,0.02284569498346989,3.6175328846789206e-06,-2.7533825186502505
0.0005067014025429283,0.02284200125752268,5.791888503384858e-06,-3.0096101815821115
0.0005067833267793945,0.0228383087257966,3.2280618213955656e-06,2.6109592388999743
0.0005068652510158606,0.022834617387712586,5.055884963917913e-06,2.3569374177095566
0.0005069471752523266,0.022830927242691947,4.379114349216195e-06,2.885182854375615
0.0005070290994887927,0.022827238290156374,4.403495698324492e-06,2.534647106677239
0.0005071110237252589,0.02282355052952791,4.026589750523835e-06,-2.8816251162476143
0.000507192947961725,0.022819863960229007,4.943578189219836e-06,3.1336531976488
0.0005072748721981911,0.022816178581682455,3.170534722961158e-06,-3.0935284366290485
0.0005073567964346572,0.022812494393311445,1.0582023994513735e-06,2.9486626026834553
0.0005074387206711234,0.022808811394539517,5.431394005369377e-06,2.6035712811715164
0.0005075206449075895,0.0228051295847906,6.388373657887503e-07,-2.060453249059738
0.0005076025691440556,0.02280144896348899,3.0185122284827053e-06,-2.8643259295999015
0.0005076844933805217,0.02279776953005935,3.873566440086427e-06,-2.3283333342447503
0.0005077664176169879,0.022794091283926714,3.4286589417727917e-06,2.7403688667046433
0.0005078483418534539,0.022790414224516498,2.539456914896332e-06,2.75902043948274
0.00050793026608992,0.02278673835125448,2.9154142897936933e-06,2.345486715169658
0.0005080121903263861,0.02278306366356681,3.0953902078902263e-06,-2.881280981585742
0.0005080941145628523,0.02277939016088,3.2777290517057847e-06,2.725083218337042
0.0005081760387993184,0.022775717842620953,2.8996602934951613e-06,2.833000659798325
0.0005082579630357845,0.022772046708216923,3.95579039426201e-06,2.6661081318633046
0.0005083398872722506,0.022768376757095532,3.179053247636996e-06,3.011852645200129
0.0005084218115087168,0.022764707988684782,5.111956333411382e-06,2.9762750436720586
0.0005085037357451829,0.022761040402413047,1.858278917494303e-06,1.9753950907193405
0.000508585659981649,0.022757373997709048,3.4651029289996565e-06,2.3939922487399783
0.0005086675842181152,0.02275370877400189,3.3699252406747267e-06,2.3638845647923894
0.0005087495084545812,0.022750044730721057,1.6450056856620538e-06,-2.9141352029409653
0.0005088314326910473,0.022746381867296373,1.8102073274498914e-06,2.8562592457910148
0.0005089133569275134,0.022742720183158045,2.2341010580159714e-06,2.44677514552374
0.0005089952811639796,0.022739059677736644,1.2284651589158239e-06,3.1027085424211314
0.0005090772054004457,0.022735400350463113,6.051691085535094e-06,2.35066453783159
0.0005091591296369118,0.022731742200768748,1.8304913575433568e-06,2.4075683084149357
0.0005092410538733779,0.022728085228085226,2.4390299839657208e-06,2.7634679252168155
0.0005093229781098441,0.022724429431844582,3.965771740981121e-06,-2.895115376205084
0.0005094049023463102,0.022720774811479216,3.155002995831959e-06,3.0982606937035477
0.0005094868265827763,0.022717121366421896,3.5711498891967175e-06,2.532025570912325
0.0005095687508192423,0.022713469096105755,1.6788438752256184e-06,-2.999355091440138
0.0005096506750557085,0.022709817999964275,1.9502904767572605e-06,2.777673804115378
0.0005097325992921746,0.022706168077431334,2.206787685165581e-06,2.8687960166856055
0.0005098145235286407,0.022702519327941147,2.9252737173494634e-06,2.6571078755265845
0.0005098964477651068,0.022698871750928308,3.5504648941134025e-06,2.6681364362939863
0.000509978372001573,0.02269522534582775,5.177719456630341e-06,2.6229509325478797
0.0005100602962380391,0.02269158011207481,3.3123129793942204e-06,-2.7945198882355538
0.0005101422204745052,0.022687936049105153,2.887812592716469e-06,-2.5235153860858874
0.0005102241447109713,0.022684293156354812,3.389740777650995e-06,-3.085114860945425
0.0005103060689474375,0.022680651433260195,3.1074911435953173e-06,2.242114934421592
0.0005103879931839036,0.02267701087925807,4.137435716975755e-06,3.126627322821837
0.0005104699174203696,0.022673371493785552,2.4859696075389175e-06,-2.215590648646717
0.0005105518416568357,0.02266973327628013,3.6377799132778946e-06,-3.139890444564378
0.0005106337658933019,0.02266609622617965,1.639351250492012e-06,2.75828756647505
0.000510715690129768,0.022662460342922325,3.7367643356096633e-06,-2.5369485563971526
0.0005107976143662341,0.022658825625946715,4.676509948783986e-06,2.748408856092275
0.0005108795386027002,0.022655192074691754,1.936489475701104e-06,-1.9028167804652
0.0005109614628391664,0.022651559688596723,4.3102217845671e-06,2.9128207329833296
0.0005110433870756325,0.022647928467101276,3.608668404259955e-06,-2.3544559107514
0.0005111253113120986,0.022644298409645422,2.8535846679673993e-06,-2.8837370766980435
0.0005112072355485647,0.022640669515669516,2.116237111535153e-06,2.7284715547792464
0.0005112891597850309,0.022637041784614287,3.2249502159910184e-06,-2.782614085989609
0.000511371084021497,0.022633415215920823,5.777764550638926e-06,3.04677141897406
0.000511453008257963,0.02262978980903056,2.4598892486300086e-06,-3.055541225579382
0.0005115349324944291,0.022626165563385297,8.34198589686903e-07,-0.49531931311588423
0.0005116168567308953,0.022622542478427186,3.4307311342781814e-06,2.6229948194641053
0.0005116987809673614,0.022618920553598744,1.327534083394583e-06,-3.102174929258482
0.0005117807052038275,0.022615299788342848,3.7998620355080972e-06,2.124391641164283
0.0005118626294402936,0.022611680182102717,2.205390759862885e-06,2.7476815744248273
0.0005119445536767598,0.022608061734321932,4.01983776735796e-06,2.4917850463452944
0.0005120264779132259,0.022604444444444444,3.694144576781378e-06,2.2646208181895755
0.000512108402149692,0.02260082831191454,4.4106205701932095e-06,2.4202174833409495
0.000512190326386158,0.02259721333617687,2.2978136380755875e-06,-3.005877547673766
0.0005122722506226242,0.022593599516676437,4.191172152126362e-06,2.8866136689634185
0.0005123541748590903,0.022589986852858613,3.80344094022549e-06,2.0983574378909347
0.0005124360990955564,0.02258637534416911,2.7075021304098663e-06,2.419823435229465
0.0005125180233320225,0.022582764990053995,2.278049387852588e-06,-3.007000335460153
0.0005125999475684887,0.022579155789959688,2.1291348602333723e-06,-2.8183152436533545
0.0005126818718049548,0.022575547743332976,3.0436848282779596e-06,2.5387391195612117
0.0005127637960414209,0.02257194084962099,4.643832610519603e-06,2.5967795818710764
0.000512845720277887,0.02256833510827121,3.4460403551687583e-06,2.6530354524710797
0.0005129276445143532,0.022564730518731473,4.947060858274726e-06,-3.1296287237799416
0.0005130095687508193,0.02256112708044998,3.0037951865896417e-06,-2.9177541992117586
0.0005130914929872854,0.022557524792875264,1.5878183010212254e-06,2.1293854632124787
0.0005131734172237514,0.022553923655456224,1.457113518901718e-06,1.69714595954817
0.0005132553414602176,0.022550323667642102,1.6743770834951551e-06,2.637968398937987
0.0005133372656966837,0.022546724828882505,5.503193139214871e-06,2.6064565032560782
0.0005134191899331498,0.022543127138627377,3.229887342847904e-06,2.7480634041617664
0.0005135011141696159,0.022539530596327025,3.949103812235372e-06,2.9211134350460295
0.0005135830384060821,0.022535935201432086,4.80011608673587e-06,2.883886512293076
0.0005136649626425482,0.022532340953393584,5.363084803184824e-06,2.1312890998971725
0.0005137468868790143,0.02252874785166286,4.733782028099539e-06,3.032426808786881
0.0005138288111154804,0.02252515589569161,3.064897022940087e-06,-3.0727363296979755
0.0005139107353519466,0.022521565084931895,2.668863895251591e-06,2.4740851632042244
0.0005139926595884127,0.022517975418836114,1.9836630444952144e-06,-2.64141639902272
0.0005140745838248787,0.022514386896857017,1.5505592668502234e-06,-2.6024386246816453
0.0005141565080613449,0.0225107995184477,4.893778187416064e-06,-2.9851359147999097
0.000514238432297811,0.022507213283061614,3.47692043251242e-06,2.9149936849316913
0.0005143203565342771,0.02250362819015256,2.554953011212918e-06,2.594641601711362
0.0005144022807707432,0.022500044239174677,3.78910806168348e-06,3.112751020486148
0.0005144842050072094,0.022496461429582445,1.7838725041765593e-06,2.7211956224217464
0.0005145661292436755,0.02249287976083072,6.794979946620808e-06,3.0646512242279704
0.0005146480534801416,0.022489299232374686,2.73179705145725e-06,2.6922383743228595
0.0005147299777166077,0.022485719843669868,3.175531398897836e-06,-3.0970711813619283
0.0005148119019530739,0.022482141594172143,2.321608848536402e-06,2.871570415902449
0.00051489382618954,0.02247856448333775,2.6764471151117485e-06,2.5406275660217803
0.000514975750426006,0.022474988510623253,2.4051555447642833e-06,3.0825740413940856
0.0005150576746624721,0.02247141367548557,2.6925947937329625e-06,-2.2271354428626746
0.0005151395988989383,0.02246783997738196,4.37028719869087e-06,-2.698468399970035
0.0005152215231354044,0.02246426741577004,4.090688382082487e-06,-3.1140250241888507
0.0005153034473718705,0.022460695990107752,3.2597416382574044e-06,-2.9342203582369257
0.0005153853716083366,0.022457125699853406,2.494124519758676e-06,-2.698272298694514
0.0005154672958448028,0.022453556544465632,1.7989123786591014e-06,2.838730566722923
0.0005155492200812689,0.022449988523403425,5.05150050657441e-06,2.7652711043085407
0.000515631144317735,0.022446421636126118,4.457967763515415e-06,2.8160602386947766
0.000515713068554201,0.022442855882093375,5.427334508066099e-07,-1.8494344361339068
0.0005157949927906673,0.022439291260765208,2.087525371938697e-06,-2.6068960920003668
0.0005158769170271333,0.022435727771601997,4.218125595674851e-06,1.8483688886337786
0.0005159588412635994,0.02243216541406443,2.708617330615314e-06,2.7563287627286366
0.0005160407655000655,0.022428604187613558,4.168638271235054e-06,2.8934503690046247
0.0005161226897365317,0.02242504409171076,4.644373376251008e-06,2.921761241144779
0.0005162046139729978,0.02242148512581777,3.950632266447062e-06,2.8707655974825026
0.0005162865382094639,0.022417927289396664,2.8248914757179044e-06,-2.4602995942002104
0.00051636846244593,0.02241437058190985,4.004106779621486e-06,-2.624034143356547
0.0005164503866823962,0.022410815002820078,4.813850822838557e-06,-3.0094678183631474
0.0005165323109188623,0.02240726055159045,9.65416240785154e-07,-2.3185089701878168
0.0005166142351553284,0.022403707227684394,3.2794571891466423e-06,3.057053502125057
0.0005166961593917944,0.022400155030565687,3.3202367843244784e-06,2.6618744166963975
0.0005167780836282606,0.02239660395969844,3.420530173564939e-06,-2.756461230436624
0.0005168600078647267,0.02239305401454712,5.098873987942216e-06,2.552153065575687
0.0005169419321011928,0.02238950519457651,3.5823787114810658e-06,2.541221315849805
0.0005170238563376589,0.02238595749925175,5.523280617866113e-06,3.0611198566521214
0.0005171057805741251,0.0223824109280383,1.663134182892103e-06,-2.4518630520552898
0.0005171877048105912,0.02237886548040199,2.880755712938323e-06,2.776696849368132
0.0005172696290470573,0.02237532115580896,1.0642697510036274e-06,1.7792352207161208
0.0005173515532835234,0.022371777953725698,1.391990226427653e-06,2.5561611273491764
0.0005174334775199896,0.022368235873619028,2.3017759067620224e-06,-2.9592380211551137
0.0005175154017564557,0.022364694914956112,2.182417807911526e-06,-3.096232220862424
0.0005175973259929217,0.02236115507720446,4.3043704084922395e-07,1.884155712414044
0.0005176792502293878,0.0223576163598319,2.0722114345857415e-06,-3.1071002033243906
0.000517761174465854,0.022354078762306606,2.257580058284619e-06,-3.0775742953016176
0.0005178430987023201,0.0223505422840971,1.497976021187707e-06,-2.9205120390792683
0.0005179250229387862,0.02234700692467222,2.354200185672397e-06,2.416513809779502
0.0005180069471752523,0.02234347268350115,3.0731875877557656e-06,2.388863853669012
0.0005180888714117185,0.02233993956005341,2.9608376908198595e-06,2.777771848214916
0.0005181707956481846,0.022336407553798857,1.5881690234580657e-06,2.58798955914846
0.0005182527198846507,0.02233287666420768,4.800015828529411e-06,2.253790270534519
0.0005183346441211168,0.0223293468907504,3.857099318136835e-06,2.9088802255968953
0.000518416568357583,0.022325818232897875,4.257468985965853e-06,-2.5374557728258487
0.000518498492594049,0.02232229069012131,2.974594683396848e-06,2.831151946788945
0.0005185804168305151,0.022318764261892225,2.2515502653195517e-06,2.9195052403312625
0.0005186623410669812,0.022315238947682482,4.090780140671948e-06,2.9499007731783284
0.0005187442653034474,0.02231171474696427,4.356691155032861e-06,2.8966541001261623
0.0005188261895399135,0.022308191659210136,3.065844557420478e-06,-2.108558717217041
0.0005189081137763796,0.022304669683892924,2.628014205564693e-06,2.889514428499954
0.0005189900380128457,0.02230114882048584,9.401153949052413e-07,2.5559541529861427
0.0005190719622493119,0.0222976290684624,6.560443010464006e-06,2.3110291885930234
0.000519153886485778,0.02229411042729648,2.4070168863587354e-06,2.239491531301883
0.0005192358107222441,0.022290592896462257,5.290275377927344e-06,-3.018868306269996
0.0005193177349587103,0.022287076475434257,1.83762537713071e-06,-2.9855383362009054
0.0005193996591951763,0.022283561163687345,2.9187974672821574e-06,3.0009774819867077
0.0005194815834316424,0.0222800469606967,3.3874000800783826e-06,2.6171765180608872
0.0005195635076681085,0.02227653386593784,1.4369175449131857e-06,3.0612992472126725
0.0005196454319045747,0.02227302187888661,5.974308274440653e-06,2.5519882162305585
0.0005197273561410408,0.022269510999019193,5.271135840115451e-06,-2.8646195001284536
0.0005198092803775069,0.0222660012258121,1.9800718315262543e-06,-2.831222221957724
0.000519891204613973,0.022262492558742165,2.1447362317544033e-06,-3.038193189453982
0.0005199731288504392,0.022258984997286554,1.0994169336799389e-06,2.723210628377166
0.0005200550530869053,0.022255478540922774,3.6200423379676096e-06,2.598762508893621
0.0005201369773233714,0.022251973189128645,3.874724630201877e-06,-2.2350358736501086
0.0005202189015598374,0.02224846894138233,2.0759779864098594e-06,-3.108414235873403
0.0005203008257963036,0.022244965797162296,3.4397627382460807e-06,2.2334624795788036
0.0005203827500327697,0.02224146375594738,2.303514283819831e-06,3.067172272539017
0.0005204646742692358,0.02223796281721671,3.949957216451526e-06,1.5784625179120924
0.0005205465985057019,0.02223446298044976,2.3073755973654884e-06,2.152132343857405
0.0005206285227421681,0.02223096424512632,4.310575242635899e-06,3.0642170453196416
0.0005207104469786342,0.02222746661072652,3.1095084094859864e-06,2.6267789041826624
0.0005207923712151003,0.022223970076730812,2.1559291096177526e-06,2.045351877888823
0.0005208742954515664,0.022220474642619975,4.133233177348477e-06,2.523172878650615
0.0005209562196880326,0.0222169803078751,3.7533182886333223e-06,1.7125747173108574
0.0005210381439244987,0.022213487071977636,4.102339106028201e-06,2.8314596976749207
0.0005211200681609647,0.022209994934409335,2.1467999248489045e-06,2.8774200512109145
0.0005212019923974308,0.02220650389465228,4.866711007131542e-06,2.9381292322793318
0.000521283916633897,0.022203013952188867,4.005268069701873e-06,3.0229737624174975
0.0005213658408703631,0.02219952510650185,3.7627168681959575e-06,2.694911728120998
0.0005214477651068292,0.022196037357074278,4.745862871607715e-06,2.773708334185177
0.0005215296893432953,0.022192550703389536,4.969578074328797e-06,-3.023914866230466
0.0005216116135797615,0.022189065144931328,2.9308655374256014e-06,2.464350625326822
0.0005216935378162276,0.022185580681183693,9.499857838113518e-07,2.91866055422032
0.0005217754620526937,0.02218209731163099,3.718874712731585e-06,3.1262402626598695
0.0005218573862891598,0.022178615035757895,3.848778811755171e-06,1.9141612571493194
0.000521939310525626,0.022175133853049405,2.4459987063718328e-06,2.4650286427675794
0.000522021234762092,0.02217165376299086,2.903543487910985e-06,2.415836958581866
0.0005221031589985581,0.022168174765067907,4.060282328729143e-06,2.712598860683679
0.0005221850832350242,0.022164696858766517,1.6029395458182022e-06,2.763053203603067
0.0005222670074714904,0.02216122004357298,4.031884299785507e-06,2.8798195434528266
0.0005223489317079565,0.02215774431897393,1.3664032576105744e-06,-3.1399210063340086
0.0005224308559444226,0.022154269684456294,3.340391693673808e-06,3.0011719032512953
0.0005225127801808887,0.022150796139507337,1.3900404209543752e-06,2.068496412581127
0.0005225947044173549,0.022147323683614637,4.209995487476344e-06,-2.9444693576223244
0.000522676628653821,0.02214385231626611,3.6360256260776733e-06,1.9603401091440098
0.0005227585528902871,0.02214038203694997,3.7285243504814696e-06,-2.8093801534026435
0.0005228404771267531,0.022136912845154778,5.270477695265228e-06,-2.9071637428159316
0.0005229224013632193,0.02213344474036938,6.498165500133597e-06,-3.079247653351654
0.0005230043255996854,0.022129977722082986,2.6348887983484806e-06,3.1044286897865265
0.0005230862498361515,0.022126511789785086,2.697020094639148e-06,-1.8039385659838516
0.0005231681740726176,0.022123046942965515,4.535455897300231e-06,-2.90181756784385
0.0005232500983090838,0.022119583181114413,2.5318194845924708e-06,3.041957547823584
0.0005233320225455499,0.022116120503722258,3.7669493612517256e-06,2.7778591234046517
0.000523413946782016,0.02211265891027982,6.287961680066551e-06,-3.0555041927172195
0.0005234958710184821,0.022109198400278213,8.901985371339866e-07,1.6381197152059475
0.0005235777952549483,0.02210573897320885,3.2546226076292973e-06,-2.949051985908172
0.0005236597194914144,0.02210228062856348,6.485911794010655e-07,-3.1026343282687683
0.0005237416437278804,0.022098823365834158,3.28797943219399e-06,2.851169267088139
0.0005238235679643465,0.02209536718451326,3.3228415297036434e-06,-2.0704241053906864
0.0005239054922008127,0.022091912084093474,3.208238741946067e-06,2.6225541170358153
0.0005239874164372788,0.02208845806406782,5.354400667847209e-06,2.9217740459367856
0.0005240693406737449,0.02208500512392962,5.372833983756747e-06,2.719308004854218
0.000524151264910211,0.022081553263172522,3.434561833942562e-06,-3.0682483986871385
0.0005242331891466772,0.022078102481290475,7.239278516920658e-06,-3.1068952042523628
0.0005243151133831433,0.022074652777777776,3.489551376069327e-06,2.4247654851008473
0.0005243970376196094,0.022071204152129008,3.3739542933220537e-06,2.684187797021775
0.0005244789618560756,0.022067756603839077,2.6509696653396904e-06,-2.8585196154470873
0.0005245608860925417,0.02206431013240321,4.19656433961562e-06,2.4399304647914626
0.0005246428103290077,0.022060864737316953,3.1216775925569955e-06,3.071475909615065
0.0005247247345654738,0.022057420418076155,3.275509803245324e-06,-2.8729643086886365
0.00052480665880194,0.022053977174176984,5.038611984954158e-06,2.8555026708471902
0.0005248885830384061,0.022050535005115928,3.319223236548017e-06,-3.100024014595472
0.0005249705072748722,0.02204709391038979,4.941291217356168e-06,3.140304701489268
0.0005250524315113383,0.022043653889495675,2.11555144651579e-06,2.1292140060286817
0.0005251343557478045,0.022040214941931008,1.5934223794270006e-06,-2.899072050470771
0.0005252162799842706,0.02203677706719354,2.3013774192032486e-06,-3.011130956682241
0.0005252982042207367,0.022033340264781313,4.175604326810181e-06,2.605390025625514
0.0005253801284572028,0.0220299045341927,4.73131796090633e-06,-2.684095143313943
0.000525462052693669,0.02202646987492637,2.443098085651028e-06,2.791244059468643
0.000525543976930135,0.022023036286481334,1.9705970458003267e-06,-2.9130722686988184
0.0005256259011666011,0.022019603768356884,2.005854996257821e-06,2.648663131431985
0.0005257078254030672,0.022016172320052638,4.445202610127569e-06,2.890812060477138
0.0005257897496395334,0.02201274194106852,2.2954778240948964e-06,2.367402300859641
0.0005258716738759995,0.022009312630904776,3.8165708007225995e-06,2.963331299318471
0.0005259535981124656,0.022005884389061956,1.920708040615383e-06,2.913072028498911
0.0005260355223489317,0.022002457215040926,1.313047396097843e-06,-1.403361127213885
0.0005261174465853979,0.021999031108342844,4.783283630653028e-06,-2.9893871287085334
0.000526199370821864,0.021995606068469217,1.9248634274438368e-06,2.777901097370643
0.0005262812950583301,0.02199218209492182,5.254950158206955e-06,2.859355150609953
0.0005263632192947962,0.021988759187202767,4.353381395637752e-06,2.9924398743091722
0.0005264451435312623,0.021985337344814466,1.5307906566376655e-06,3.0344398354992714
0.0005265270677677284,0.02198191656725965,4.164525320661102e-06,2.653751997669255
0.0005266089920041945,0.021978496854041345,3.2714349395246725e-06,2.9785019728596405
0.0005266909162406606,0.0219750782046629,2.0317939122739484e-06,-2.3958385884955438
0.0005267728404771268,0.021971660618627955,2.2676008097949044e-06,2.762198474246572
0.0005268547647135929,0.021968244095440487,4.574456341352741e-06,2.274604029254994
0.000526936688950059,0.021964828634604753,2.319197702553512e-06,-3.1273470528532528
0.0005270186131865251,0.021961414235625334,2.6872267052780255e-06,-2.3323211254941127
0.0005271005374229913,0.02195800089800711,3.3960369906652575e-06,2.2987593311775325
0.0005271824616594574,0.021954588621255287,4.250485706117472e-06,2.571900957418556
0.0005272643858959235,0.021951177404875354,6.457235427400993e-06,2.4256160532515607
0.0005273463101323895,0.02194776724837312,4.280184937070043e-06,2.6510302545633544
0.0005274282343688557,0.0219443581512547,4.889506628174794e-06,-3.0043620067686545
0.0005275101586053218,0.021940950113026523,3.364167706331348e-06,2.6821999739464477
0.0005275920828417879,0.02193754313319531,3.639099605831088e-06,-2.572890394714801
0.000527674007078254,0.021934137211268093,3.991096500616282e-06,3.0829882773077486
0.0005277559313147202,0.021930732346752215,5.618316544118289e-06,2.583666017822539
0.0005278378555511863,0.021927328539155327,3.377003871286455e-06,2.8560051433425993
0.0005279197797876524,0.02192392578798538,3.16194902830776e-06,-3.125109401047023
0.0005280017040241185,0.021920524092750627,1.8646108191486751e-06,2.2983990501275717
0.0005280836282605847,0.02191712345295963,1.6516972695145335e-06,-2.8094742364262
0.0005281655524970508,0.021913723868121262,3.6340510437896304e-06,3.0613618742970408
0.0005282474767335168,0.021910325337744695,2.54191144601397e-06,2.9663817864922017
0.0005283294009699829,0.0219069278613394,3.869179832738904e-06,2.5216195766826193
0.0005284113252064491,0.02190353143841516,2.1442035194010785e-06,-2.3659767118205846
0.0005284932494429152,0.02190013606848206,1.1598612825997322e-06,-1.857700752839628
0.0005285751736793813,0.021896741751050493,3.1058140846486644e-06,1.9184957358714143
0.0005286570979158474,0.021893348485631146,6.412559964282677e-06,-2.9392703844299084
0.0005287390221523136,0.02188995627173501,2.4065220231073997e-06,2.339118808782463
0.0005288209463887797,0.021886565108873397,2.874775997814272e-06,-2.565939789325563
0.0005289028706252458,0.021883174996557897,4.690777258440843e-06,-3.0052020781359827
0.0005289847948617119,0.021879785934300417,4.377112840061393e-06,2.8773286964247036
0.000529066719098178,0.021876397921613156,4.722053675288548e-06,2.4989578872114606
0.0005291486433346441,0.021873010958008633,2.439094683820369e-06,-2.7302548037650385
0.0005292305675711102,0.021869625042999656,2.912615327208676e-06,2.838600761467209
0.0005293124918075763,0.02186624017609933,3.549426432441723e-06,3.076960761173193
0.0005293944160440425,0.021862856356821073,4.910155317373777e-06,2.51940086319074
0.0005294763402805086,0.021859473584678598,3.120645258547071e-06,2.1286972500572294
0.0005295582645169747,0.021856091859185918,8.992058021095729e-07,-1.9533987940425948
0.0005296401887534409,0.021852711179857348,2.796315591687717e-06,2.834636192906236
0.000529722112989907,0.021849331546207513,4.123839699334688e-06,2.637725161995524
0.0005298040372263731,0.021845952957751318,3.659734433348581e-06,2.6788842326623206
0.0005298859614628392,0.021842575414003987,2.380000754720287e-06,2.548888229448385
0.0005299678856993054,0.021839198914481026,4.338351622335659e-06,2.3749778240055583
0.0005300498099357714,0.021835823458698264,3.6519979503445475e-06,-2.884089927369434
0.0005301317341722375,0.021832449046171806,5.760290807665917e-06,2.763837787589513
0.0005302136584087036,0.021829075676418074,4.310052922562925e-06,2.389184116297763
0.0005302955826451698,0.02182570334895377,2.5523497699314225e-06,-2.58984975662786
0.0005303775068816359,0.021822332063295917,3.312888048178516e-06,-3.0015560519071753
0.000530459431118102,0.02181896181896182,3.332299532881413e-06,-2.627052520136658
0.0005305413553545681,0.021815592615469084,2.651022959440076e-06,3.0660835418062473
0.0005306232795910343,0.021812224452335615,2.510155747283818e-06,2.490701683362652
0.0005307052038275004,0.02180885732907962,1.7912702170696816e-06,3.009370716356763
0.0005307871280639665,0.021805491245219598,4.813418108278184e-06,-2.7951902237977615
0.0005308690523004325,0.021802126200274347,1.1606666270040125e-06,1.8288096777076808
0.0005309509765368987,0.021798762193762963,3.747194488122324e-06,3.035918612520371
0.0005310329007733648,0.02179539922520484,1.7822712608653564e-06,2.7161996052456683
0.0005311148250098309,0.021792037294119663,5.345604778139378e-06,2.0972215764552784
0.000531196749246297,0.021788676400027417,5.580854135174693e-07,3.0088934896073947
0.0005312786734827632,0.021785316542448384,4.422889989706681e-06,3.082856354385125
0.0005313605977192293,0.02178195772090314,5.349095437281539e-06,2.743228976434797
0.0005314425219556954,0.02177859993491256,3.0642855273674884e-06,2.876042338074313
0.0005315244461921615,0.02177524318399781,1.7145981118538218e-06,-3.0833991510748073
0.0005316063704286277,0.021771887467680346,3.6134497364921325e-06,2.636677151321172
0.0005316882946650938,0.021768532785481937,5.737111012371623e-07,1.0633736687679562
0.0005317702189015598,0.02176517913692463,2.4328458332516297e-06,-2.6504318776868874
0.0005318521431380259,0.02176182652153077,3.7070203155562393e-06,1.842092894901208
0.0005319340673744921,0.021758474938823002,3.186257843746535e-06,2.262142871220741
0.0005320159916109582,0.021755124388324262,2.3362954807892044e-06,2.9419899261772375
0.0005320979158474243,0.021751774869557778,1.344213583047601e-06,-2.8181374504891745
0.0005321798400838904,0.021748426382047072,3.00523093186438e-06,-3.061937510840499
0.0005322617643203566,0.021745078925315957,3.0818148772878205e-06,2.5600659367086904
0.0005323436885568227,0.021741732498888545,1.6192960285050219e-06,-1.4097186794452556
0.0005324256127932888,0.02173838710228924,3.6603467936501356e-06,2.536131546153674
0.0005325075370297549,0.021735042735042738,2.7662137885568267e-06,-2.891566512175448
0.000532589461266221,0.021731699396674013,4.2872404873149915e-06,2.2269088336706333
0.0005326713855026871,0.021728357086708363,4.190632732074296e-06,2.371506970088147
0.0005327533097391532,0.02172501580467135,3.931698311932573e-06,2.5602133735270374
0.0005328352339756193,0.021721675550088835,4.866889873461873e-06,3.1168578617635108
0.0005329171582120855,0.021718336322486976,3.1710092877453887e-06,2.790749778861673
0.0005329990824485516,0.02171499812139222,2.4474390472191176e-06,2.8121320458082626
0.0005330810066850177,0.021711660946331302,2.4896721977222852e-06,2.7355753385119073
0.0005331629309214838,0.02170832479683125,3.050456831751958e-06,3.1056260672258618
0.00053324485515795,0.02170498967241938,5.4214692115696855e-06,2.8576502453235837
0.0005333267793944161,0.021701655572623314,3.1912038958300998e-06,2.6119593102979395
0.0005334087036308822,0.02169832249697094,4.800725555633814e-06,-2.9892956814380067
0.0005334906278673482,0.021694990444990448,3.4195974875557177e-06,3.0551167208988588
0.0005335725521038144,0.02169165941621031,1.5485366576915151e-06,-2.022462359210131
0.0005336544763402805,0.021688329410159312,4.183043396482246e-06,3.0836023919383444
0.0005337364005767466,0.021685000426366504,3.985149304076631e-06,2.966208984452319
0.0005338183248132127,0.02168167246436123,1.6886215201233315e-06,2.548502131166736
0.0005339002490496789,0.021678345523673124,4.649068609082424e-06,-2.9755244295002194
0.000533982173286145,0.02167501960383212,3.023255811864192e-06,-2.4307949381255796
0.0005340640975226111,0.02167169470436843,4.302584238856677e-06,-2.4777205308505947
0.0005341460217590772,0.021668370824812544,5.320614423437873e-06,2.206395002889514
0.0005342279459955434,0.021665047964695254,2.0391813147016818e-06,2.723736780276913
0.0005343098702320095,0.02166172612354765,5.157903938745313e-07,1.8087605606235706
0.0005343917944684755,0.021658405300901084,1.7210450577512113e-06,2.885877174302126
0.0005344737187049416,0.021655085496287214,3.208988021641809e-06,-2.917523752727276
0.0005345556429414078,0.02165176670923797,4.241921681973321e-06,2.458955597443561
0.0005346375671778739,0.02164844893928559,3.5339554580109944e-06,3.093640711550119
0.00053471949141434,0.021645132185962583,1.1653208027054595e-07,2.190974494617571
0.0005348014156508062,0.02164181644880174,1.5229576098947573e-06,-3.0533290098025163
0.0005348833398872723,0.021638501727336154,2.56631804907611e-06,2.5173168999503566
0.0005349652641237384,0.0216351880210992,3.0636220646048923e-06,-3.038395714206953
0.0005350471883602045,0.021631875329624527,3.659807454678516e-06,2.572900885541324
0.0005351291125966707,0.021628563652446076,3.7706620924016807e-06,-3.124531842848325
0.0005352110368331368,0.021625252989098082,1.6645883032730687e-06,0.9284274321860104
0.0005352929610696028,0.021621943339115057,3.719745647707595e-06,-2.757703614774443
0.0005353748853060689,0.021618634702031795,2.740214320387948e-06,2.6715110332355385
0.0005354568095425351,0.021615327077383378,8.623279087994141e-07,2.0560049908831313
0.0005355387337790012,0.021612020464705183,3.434637661898811e-06,1.8872275708428379
0.0005356206580154673,0.02160871486353285,3.600089180925489e-06,2.9206652374211073
0.0005357025822519334,0.021605410273402324,4.088610895116924e-06,3.0955622362881643
0.0005357845064883996,0.02160210669384981,3.4655813290539143e-06,2.2155518496927127
0.0005358664307248657,0.021598804124411827,5.884283072084335e-06,2.995258161222876
0.0005359483549613318,0.021595502564625155,3.885942384374586e-06,2.97382623122369
0.0005360302791977979,0.021592202014026868,4.4304011336093264e-06,-3.0453037977760937
0.0005361122034342641,0.021588902472154302,2.537166253059347e-06,3.125584546183689
0.0005361941276707301,0.021585603938545115,3.6227651399643505e-06,-3.07768634555865
0.0005362760519071962,0.02158230641273721,3.772536397274889e-06,2.6704568816460985
0.0005363579761436623,0.02157900989426879,2.0457813733523446e-06,-2.642374003957319
0.0005364399003801285,0.02157571438267834,3.7329195487902577e-06,2.891541049609308
0.0005365218246165946,0.02157241987750462,6.22928782373818e-06,2.967453235480729
0.0005366037488530607,0.021569126378286684,3.7533926862560143e-06,2.674895517185874
0.0005366856730895268,0.021565833884563852,3.5383315543483236e-06,2.9085604806995606
0.000536767597325993,0.021562542395875725,5.985843668929268e-06,-2.8161844418897077
0.0005368495215624591,0.02155925191176221,2.4898001605101896e-06,-1.9167160512335386
0.0005369314457989252,0.021555962431763467,4.982370855161775e-06,2.2828982989477375
0.0005370133700353912,0.021552673955419953,2.3286566936222416e-06,3.112707973711713
0.0005370952942718574,0.021549386482272385,4.777593479840693e-06,2.658122885283266
0.0005371772185083235,0.02154610001186179,3.333091079208028e-06,2.6458658254093352
0.0005372591427447896,0.021542814543729458,7.096543176482853e-07,-2.496440921808683
0.0005373410669812557,0.021539530077416952,4.626683366897915e-06,2.825278082456026
0.0005374229912177219,0.02153624661246612,4.8143722681606625e-06,-2.9092638563113082
0.000537504915454188,0.02153296414841911,4.401918821123589e-06,3.097095593922011
0.0005375868396906541,0.021529682684818315,3.6228665143219974e-06,-3.033954559570159
0.0005376687639271202,0.021526402221206428,3.6366776757457e-06,-2.848576456343673
0.0005377506881635864,0.021523122757126412,1.966576194290827e-06,2.884210402979937
0.0005378326124000525,0.02151984429212152,4.471601674859428e-06,2.375348252432951
0.0005379145366365185,0.02151656682573527,1.7397057313025284e-06,-2.53731635167634
0.0005379964608729846,0.021513290357511466,2.3283144733922077e-06,2.361470560676182
0.0005380783851094508,0.02151001488699418,3.303072787709165e-06,2.0252225846409
0.0005381603093459169,0.021506740413727778,3.0524631956590814e-06,2.993762100772907
0.000538242233582383,0.021503466937256892,2.185032599908032e-06,2.756352214059192
0.0005383241578188491,0.02150019445712643,6.6453415295461e-06,2.762000963442297
0.0005384060820553153,0.021496922972881582,2.424563477465726e-06,2.5645437220489318
0.0005384880062917814,0.02149365248406782,2.3669817284125696e-06,2.216365103490655
0.0005385699305282475,0.021490382990230875,4.278029836517691e-06,-3.110071638774892
0.0005386518547647136,0.021487114490916774,1.5858898063145158e-06,-3.066002294799071
0.0005387337790011798,0.021483846985671802,3.322585291459419e-06,2.681588021589385
0.0005388157032376458,0.021480580474042537,2.0831378181461117e-06,-2.524020414460116
0.0005388976274741119,0.021477314955575824,1.3640367068342308e-06,2.630499862318361
0.000538979551710578,0.021474050429818783,4.827299748206646e-06,2.8807264843307965
0.0005390614759470442,0.02147078689631881,2.416755363211484e-06,-2.83993952984353
0.0005391434001835103,0.02146752435462358,3.3624566070538487e-06,2.213570065945708
0.0005392253244199764,0.021464262804281035,4.382677834696702e-06,-2.976660400098492
0.0005393072486564425,0.021461002244839402,1.8491500123446477e-06,-2.702213064250965
0.0005393891728929087,0.02145774267584717,1.926886231170287e-06,2.9344424406569325
0.0005394710971293748,0.021454484096853115,3.7898741718816443e-06,2.8619645076289464
0.0005395530213658409,0.021451226507406284,2.6710300534085524e-06,3.0689251947255776
0.000539634945602307,0.021447969907055987,5.807787415214963e-06,3.037555006085582
0.0005397168698387731,0.021444714295351816,2.7612813073437097e-06,2.802567965398579
0.0005397987940752392,0.021441459671843646,2.880897846861057e-06,2.4970729256221147
0.0005398807183117053,0.021438206036081604,4.5644460991385554e-06,3.105501119076147
0.0005399626425481714,0.02143495338761611,1.8619304647793515e-06,2.5896938724603142
0.0005400445667846376,0.02143170172599784,1.1055632514296183e-06,-2.6138619524425017
0.0005401264910211037,0.02142845105077776,2.545207648627085e-06,-3.093541532942648
0.0005402084152575698,0.021425201361507093,6.814957935044701e-06,2.6943066528347717
0.000540290339494036,0.02142195265773734,4.411056055519961e-06,-3.0949063093683518
0.0005403722637305021,0.02141870493902028,3.69439844579463e-06,2.642244122271132
0.0005404541879669682,0.021415458204907954,3.116388911251657e-06,2.7398950561036095
0.0005405361122034343,0.02141221245495268,8.299843374283143e-07,2.637022352093697
0.0005406180364399004,0.02140896768870704,2.7296889640768522e-06,-1.815338110394934
0.0005406999606763665,0.021405723905723904,4.221396181462688e-06,2.984232471345102
0.0005407818849128326,0.021402481105556394,4.0886497682613616e-06,-2.1350269973315665
0.0005408638091492987,0.02139923928775792,2.5449814472376134e-06,2.469907380718016
0.0005409457333857649,0.02139599845188214,3.427763162327792e-06,-2.71753842152457
0.000541027657622231,0.021392758597483005,7.206316235552e-07,2.9544752567809383
0.0005411095818586971,0.02138951972411473,1.4497437444032353e-06,-2.3151090844909095
0.0005411915060951632,0.021386281831331785,2.945880452009393e-06,2.876774827976712
0.0005412734303316294,0.02138304491868893,2.6113753018191268e-06,-2.2842590560995664
0.0005413553545680955,0.021379808985741187,3.323853445528745e-07,1.6599033273664372
0.0005414372788045616,0.021376574032043846,3.0397361166031552e-06,2.565142651200423
0.0005415192030410276,0.021373340057152464,2.0930040412968057e-06,2.6139829103524392
0.0005416011272774938,0.021370107060622867,5.153965606436486e-06,2.8716183479434196
0.0005416830515139599,0.02136687504201116,3.2317101263616195e-06,2.2212775450894644
0.000541764975750426,0.021363644000873698,1.014349386579175e-06,2.73627311392084
0.0005418468999868921,0.021360413936767127,6.375209947501106e-06,3.0508516921938615
0.0005419288242233583,0.02135718484924834,4.012309240512776e-06,-2.8158823692809634
0.0005420107484598244,0.021353956737874512,4.125344781633463e-06,2.812048068431246
0.0005420926726962905,0.021350729602203078,7.061202625635178e-07,-1.9363159240387557
0.0005421745969327566,0.021347503441791746,4.7534608361215095e-06,2.6936989205173916
0.0005422565211692228,0.021344278256198484,4.0409448130273934e-06,-3.127262455351806
0.0005423384454056889,0.021341054044981538,6.364689321546074e-06,2.9591510959086573
0.0005424203696421549,0.02133783080769941,4.875344578219355e-06,3.040178958134478
0.000542502293878621,0.02133460854391087,1.324725743818638e-06,-2.1259625207264006
0.0005425842181150872,0.02133138725317496,2.2724704396002997e-06,2.858570728942667
0.0005426661423515533,0.021328166935050994,7.945563014768166e-07,-2.7426912234880696
0.0005427480665880194,0.02132494758909853,5.087730550675932e-06,2.748049923887487
0.0005428299908244855,0.02132172921487742,2.231522048032525e-06,2.850632429952308
0.0005429119150609517,0.021318511811947754,1.752203680956542e-06,2.20670399632547
0.0005429938392974178,0.02131529537986991,2.2885036431076515e-06,-2.944218219914101
0.0005430757635338839,0.02131207991820452,3.7792358200180648e-06,2.8790444995336903
0.00054315768777035,0.02130886542651249,2.5981119320579415e-06,-2.5543869932586545
0.0005432396120068162,0.021305651904354964,4.096307566072848e-07,-2.1693415271372696
0.0005433215362432822,0.02130243935129339,1.2290080209464544e-06,-2.019724601817381
0.0005434034604797483,0.02129922776688946,1.526867568008173e-06,-2.7223170794987848
0.0005434853847162144,0.021296017150705122,1.611688783511959e-06,2.4048682803181904
0.0005435673089526806,0.0212928075023026,2.477395401526019e-06,2.442307683579192
0.0005436492331891467,0.02128959882124439,4.901234622453191e-06,2.7094510780822705
0.0005437311574256128,0.021286391107093232,1.4441122244053876e-06,2.642094259973271
0.0005438130816620789,0.02128318435941214,3.473766176105556e-06,3.0209957107208605
0.0005438950058985451,0.021279978577764386,3.728975736120168e-06,-2.9890308308089724
0.0005439769301350112,0.02127677376171352,6.163775385490738e-07,0.49270630369828994
0.0005440588543714773,0.021273569910823336,2.43276775301793e-06,-3.0379234992429387
0.0005441407786079433,0.021270367024657903,3.506109572364952e-06,2.9647942533858265
0.0005442227028444095,0.021267165102781538,4.228516649244992e-06,2.8599528250773347
0.0005443046270808756,0.021263964144758847,2.30947057924934e-06,2.546810133002532
0.0005443865513173417,0.021260764150154668,2.534548883666375e-06,2.68717197358599
0.0005444684755538078,0.021257565118534123,2.6827501958855537e-06,-2.3453069369072135
0.000544550399790274,0.02125436704946258,3.123476341978155e-06,-3.1285665124869917
0.0005446323240267401,0.02125116994250568,3.127237777596247e-06,1.6927071090294001
0.0005447142482632062,0.021247973797229324,7.368636421105549e-07,2.367153219973275
0.0005447961724996723,0.021244778613199667,1.5096606847066258e-06,-3.0153070792665324
0.0005448780967361385,0.021241584389983123,4.844636197360773e-06,2.8944794612382676
0.0005449600209726046,0.02123839112714639,3.645384647753988e-06,2.443874119888264
0.0005450419452090706,0.021235198824256393,2.0152474152612867e-06,2.7564297159647673
0.0005451238694455367,0.021232007480880343,3.711049035909072e-06,-2.8344065604809723
0.0005452057936820029,0.02122881709658569,2.591221906214739e-06,2.8884589003527967
0.000545287717918469,0.021225627670940172,2.517678136846468e-06,2.6546903135545428
0.0005453696421549351,0.02122243920351176,4.206381239392845e-06,2.84394587404898
0.0005454515663914013,0.021219251693868693,4.839619192760055e-06,3.102172442728182
0.0005455334906278674,0.02121606514157948,3.6977266884979305e-06,-2.8755106369780163
0.0005456154148643335,0.02121287954621288,3.977888524329827e-06,2.883775999230634
0.0005456973391007996,0.021209694907337904,9.489172707739703e-07,-2.480666512261269
0.0005457792633372658,0.02120651122452383,4.16511143919871e-06,2.9486848915399024
0.0005458611875737319,0.021203328497340204,3.0861499210266114e-06,2.8595065503026444
0.0005459431118101979,0.02120014672535681,1.2118965842900178e-06,-1.876708311558364
0.000546025036046664,0.0211969659081437,4.660219021936069e-06,2.826862621260176
0.0005461069602831302,0.021193786045271192,2.158842187010288e-06,2.5845154436114908
0.0005461888845195963,0.02119060713630985,3.0151470390948916e-06,-2.3749861457708565
0.0005462708087560624,0.0211874291808305,1.897633652704784e-06,3.1064705025338113
0.0005463527329925285,0.021184252178404226,1.756500751631554e-06,-3.0376680386880657
0.0005464346572289947,0.021181076128602365,5.17091972816117e-06,-2.731199918027
0.0005465165814654608,0.021177901030996517,2.6785905098478222e-06,-2.7394842020537955
0.0005465985057019269,0.02117472688515854,1.7526276775033975e-06,-1.7880399454638458
0.000546680429938393,0.02117155369066054,3.851985020805758e-06,2.8857004166123845
0.0005467623541748592,0.021168381447074884,3.826887420421372e-06,2.883063818624154
0.0005468442784113252,0.021165210153974198,3.665993117127341e-06,-2.8822556408874447
0.0005469262026477913,0.02116203981093136,4.545437988708356e-06,2.8993970464562797
0.0005470081268842574,0.021158870417519512,2.4391149079704453e-06,2.954208746507617
0.0005470900511207236,0.021155701973312034,2.1916308223662106e-06,2.3701067181045645
0.0005471719753571897,0.021152534477882585,3.4351362446848055e-06,-2.8607421301535734
0.0005472538995936558,0.021149367930805057,3.0411569890682204e-06,-2.8860283728420937
0.0005473358238301219,0.02114620233165361,3.925664342256411e-06,-3.035351796014502
0.0005474177480665881,0.02114303768000266,1.7591141064656887e-06,-2.1904763277554595
0.0005474996723030542,0.021139873975426868,2.906344391904374e-06,-2.5583387995562563
0.0005475815965395203,0.021136711217501165,1.0487577895593087e-06,1.0632066042422539
0.0005476635207759863,0.021133549405800714,3.0528973423276157e-06,2.9480226532665843
0.0005477454450124525,0.02113038853990095,1.382673294409173e-06,-2.541701478897707
0.0005478273692489186,0.021127228619377564,2.3429514419863607e-06,-3.091658771575956
0.0005479092934853847,0.021124069643806486,2.267431500789421e-06,1.7802420447381284
0.0005479912177218508,0.021120911612763908,3.7788005878192764e-06,2.223294552237158
0.000548073141958317,0.021117754525826274,2.218473283496384e-06,2.8480238652002066
0.0005481550661947831,0.021114598382570283,3.5264611152261897e-06,2.1580605203156433
0.0005482369904312492,0.021111443182572888,2.596152396819861e-06,-2.771511244592677
0.0005483189146677153,0.021108288925411292,3.494258184899967e-06,2.2873191494617373
0.0005484008389041815,0.021105135610662948,2.8230071519965903e-06,-2.98570018094966
0.0005484827631406476,0.021101983237905568,3.8998175582818145e-06,2.5862548431732093
0.0005485646873771136,0.02109883180671711,1.5538365071206275e-06,-3.136414232879646
0.0005486466116135797,0.021095681316675795,4.235632188249015e-06,2.4013363083187884
0.0005487285358500459,0.021092531767360072,4.7210743145848155e-06,-2.9235170620649176
0.000548810460086512,0.021089383158348674,2.2380396352980136e-06,2.5634575498563636
0.0005488923843229781,0.02108623548922056,5.184476078758978e-06,-3.063891683804325
0.0005489743085594442,0.02108308875955496,5.245620944013858e-06,3.0122400010585038
0.0005490562327959104,0.02107994296893133,3.1656509225264925e-06,-2.97340755410861
0.0005491381570323765,0.0210767981169294,3.733802833737967e-07,1.7726141203141053
0.0005492200812688426,0.021073654203129143,2.398371166308601e-06,-1.9328038973873949
0.0005493020055053087,0.02107051122711078,3.2295633305882666e-06,2.210853582101528
0.0005493839297417749,0.021067369188454782,1.3123406933452862e-06,3.1094759202145585
0.0005494658539782409,0.02106422808674188,1.6725422379942141e-06,2.929885258868047
0.000549547778214707,0.021061087921553038,3.648000772496789e-06,-3.0296302275986533
0.0005496297024511731,0.021057948692469488,4.762420940841023e-06,-2.7412923861149063
0.0005497116266876393,0.021054810399072692,2.546305016093625e-06,3.1313841252818255
0.0005497935509241054,0.021051673040944387,2.334367313675641e-06,3.137922121340504
0.0005498754751605715,0.021048536617666536,4.351443517993075e-06,-3.0572038563915163
0.0005499573993970376,0.02104540112882136,4.479916095088816e-06,-2.9326647286211314
0.0005500393236335038,0.021042266573991327,2.477937789873728e-06,2.722775927628143
0.0005501212478699699,0.021039132952759162,8.53135890167751e-07,2.6133896152587726
0.000550203172106436,0.021036000264707828,3.703524041346361e-06,-2.9046839193679115
0.000550285096342902,0.021032868509420544,4.764315833217585e-06,2.591852729596591
0.0005503670205793682,0.021029737686480764,2.0100882838640024e-06,2.65508695525405
0.0005504489448158343,0.021026607795472208,2.3902878468401398e-06,2.6633251027652656
0.0005505308690523004,0.021023478835978836,1.6763101658816851e-06,2.8841759255189263
0.0005506127932887666,0.021020350807584846,2.3408483130608126e-06,-2.8432884907670744
0.0005506947175252327,0.021017223709874706,2.2147590233344786e-06,-3.088190337462061
0.0005507766417616988,0.021014097542433104,2.784129137066941e-06,2.472313594412925
0.0005508585659981649,0.021010972304845,2.7542131862530003e-06,2.610777048539606
0.0005509404902346311,0.021007847996695576,4.401970589611452e-06,-2.7636616241182375
0.0005510224144710972,0.02100472461757029,3.823970044054739e-06,2.43575891970063
0.0005511043387075633,0.02100160216705482,3.0092598131141e-06,2.750136442270268
0.0005511862629440293,0.020998480644735102,4.6885704437944304e-06,2.741699408932802
0.0005512681871804955,0.02099536005019732,2.2439123985012793e-06,-2.3830922925627624
0.0005513501114169616,0.0209922403830279,4.134314097007659e-06,-2.989944093658716
0.0005514320356534277,0.020989121642813514,1.2088699784734843e-06,2.74593169283071
0.0005515139598898938,0.020986003829141085,1.678716947966744e-06,2.6195622105657606
0.00055159588412636,0.020982886941597768,2.5655836912041225e-06,-2.9552534240900123
0.0005516778083628261,0.020979770979770978,5.500919637260357e-06,2.653469939564185
0.0005517597325992922,0.02097665594324837,3.995518218884828e-06,1.8511541524365893
0.0005518416568357583,0.020973541831617842,3.5889280118926483e-06,-2.9959572100629153
0.0005519235810722245,0.02097042864446753,6.166151812273006e-06,2.7562334122507313
0.0005520055053086906,0.02096731638138584,2.4711968315321673e-06,-2.2811302380014253
0.0005520874295451566,0.020964205041961385,3.902447986519628e-06,-2.9016792830294262
0.0005521693537816227,0.020961094625783053,1.9795949848297595e-06,2.1176324349782103
0.0005522512780180889,0.020957985132439957,2.4839847139176333e-06,2.641544918775976
0.000552333202254555,0.020954876561521472,4.242374087179151e-06,2.642994076045299
0.0005524151264910211,0.0209517689126172,1.2637686074258738e-06,-3.09720537191779
0.0005524970507274872,0.02094866218531699,1.8337367137714857e-06,-2.369081210536149
0.0005525789749639534,0.020945556379210934,1.80557393647829e-06,-2.9576919846513565
0.0005526608992004195,0.02094245149388938,3.7318162266222323e-06,2.133107005778099
0.0005527428234368856,0.020939347528942904,2.259056264671627e-06,2.654903239549445
0.0005528247476733517,0.020936244483962328,4.0384035473394014e-06,2.4171637404482085
0.0005529066719098179,0.02093314235853871,4.458283520477936e-06,-3.0985067088953193
0.000552988596146284,0.020930041152263372,1.189539340298182e-06,1.0104305600467494
0.00055307052038275,0.02092694086472786,3.1498286649292296e-06,-3.057091007294926
0.0005531524446192161,0.02092384149552396,3.5274501070384698e-06,2.5577944956773684
0.0005532343688556823,0.020920743044243708,1.4495870938821274e-06,-2.80872026107342
0.0005533162930921484,0.020917645510479387,2.7194753950218545e-06,2.909343348031041
0.0005533982173286145,0.020914548893823506,1.598600443601897e-06,2.0767487099673114
0.0005534801415650806,0.020911453193868827,2.60441607083874e-06,3.056779430393194
0.0005535620658015468,0.02090835841020834,4.761225520678626e-06,2.980665105713995
0.0005536439900380129,0.0209052645424353,3.840572001126628e-06,2.889530224248019
0.000553725914274479,0.020902171590143185,2.7179374241181e-06,2.569956036213945
0.000553807838510945,0.020899079552925706,2.691261173562534e-06,2.3563083849269244
0.0005538897627474112,0.020895988430376832,3.410124635588028e-06,2.680953996702789
0.0005539716869838773,0.02089289822209077,4.078254482927754e-06,3.130605120661494
0.0005540536112203434,0.02088980892766195,3.869909211741928e-06,2.8644804197731157
0.0005541355354568095,0.020886720546685066,2.761455621682173e-06,-2.6583962800959737
0.0005542174596932757,0.02088363307875503,3.189931293872193e-06,2.9415974548827077
0.0005542993839297418,0.02088054652346701,2.4382313141733657e-06,2.654012139447221
0.0005543813081662079,0.0208774608804164,2.5912596473147044e-06,2.6843230293584095
0.000554463232402674,0.020874376149198844,2.4976250370493508e-06,-2.385172624298209
0.0005545451566391402,0.020871292329410217,6.648379000615624e-06,2.961662889989987
0.0005546270808756063,0.02086820942064664,3.0221145575594953e-06,-3.037953340896183
0.0005547090051120724,0.020865127422504473,2.5666281119832224e-06,2.4641095609683816
0.0005547909293485384,0.0208620463345803,1.6663050898830547e-06,2.312057733323855
0.0005548728535850046,0.020858966156470954,4.895545348469935e-06,3.0187994020547957
0.0005549547778214707,0.02085588688777351,2.9258947030770624e-06,2.7303354821127543
0.0005550367020579368,0.02085280852808528,2.7179595218875885e-06,-2.3295499699269926
0.0005551186262944029,0.020849731077003806,3.3267165235899214e-06,2.744860018346135
0.0005552005505308691,0.020846654534126863,2.0466139591791987e-06,3.09494881563096
0.0005552824747673352,0.020843578899052487,2.252461515683125e-06,-2.5793958779222614
0.0005553643990038013,0.02084050417137893,2.3778302589365565e-06,2.055751154655117
0.0005554463232402674,0.020837430350704688,2.719181567913406e-06,-2.777785079363386
0.0005555282474767336,0.020834357436628488,2.7388899149221393e-07,3.061263032840488
0.0005556101717131997,0.0208312854287493,4.024365160148434e-06,2.7139760716222225
0.0005556920959496657,0.020828214326666337,2.5757076920417313e-06,2.5062081922970574
0.0005557740201861318,0.020825144129979035,3.794059849119718e-06,-3.1280274066251175
0.000555855944422598,0.020822074838287068,2.142790857014102e-06,3.0998704881407373
0.0005559378686590641,0.020819006451190357,3.2317886622376214e-06,2.801909906188719
0.0005560197928955302,0.02081593896828905,3.882700512017195e-06,-3.1290370503198637
0.0005561017171319964,0.020812872389183522,3.269924578678558e-06,2.7394354776247813
0.0005561836413684625,0.020809806713474408,3.15625255873462e-06,2.5970046386759136
0.0005562655656049286,0.020806741940762558,5.606039953010609e-06,3.074323840798345
0.0005563474898413947,0.020803678070649062,3.827775425916156e-06,-2.834429829252175
0.0005564294140778609,0.020800615102735242,3.5726874511832632e-06,2.8635850152501505
0.000556511338314327,0.020797553036622667,3.6326469277799816e-06,3.0136644237298036
0.000556593262550793,0.020794491871913127,3.714750031085168e-06,-2.5958610891589133
0.0005566751867872591,0.02079143160820865,2.337010544109769e-06,2.1275444937362846
0.0005567571110237253,0.0207883722451115,2.805498638287015e-06,3.0832167458431874
0.0005568390352601914,0.02078531378222418,2.869563169648627e-06,-2.3788591094586202
0.0005569209594966575,0.020782256219149423,3.0560735138880846e-06,2.5508485924513518
0.0005570028837331236,0.020779199555490187,1.814465279624259e-06,-2.319578522000677
0.0005570848079695898,0.02077614379084967,8.681574162171901e-07,2.9383907133777982
0.0005571667322060559,0.020773088924831314,4.047019567674434e-07,-0.21137247216296393
0.000557248656442522,0.02077003495703878,3.4679970577145336e-06,3.094016480773197
0.000557330580678988,0.020766981887075965,2.309693235290763e-06,1.8976460059793878
0.0005574125049154543,0.020763929714547,5.666365553718405e-06,2.9015019732159435
0.0005574944291519203,0.02076087843905625,2.9639645041936448e-06,2.762052752668225
0.0005575763533883864,0.020757828060208313,2.9336899112515594e-06,-3.102284868301918
0.0005576582776248525,0.02075477857760802,2.8716295733047686e-06,-2.8170826378377765
0.0005577402018613187,0.02075172999086042,1.7720354595703678e-06,2.427779876826778
0.0005578221260977848,0.020748682299570827,3.475796768461901e-07,2.2486849920026115
0.0005579040503342509,0.020745635503344753,3.3246286183551225e-06,3.068801325326241
0.000557985974570717,0.02074258960178796,2.9591697880794035e-06,2.4783730841125813
0.0005580678988071832,0.020739544594506425,2.954823799289926e-06,3.1052465977600536
0.0005581498230436493,0.02073650048110638,4.141341301518839e-06,2.376063043796517
0.0005582317472801154,0.02073345726119427,3.062085849105193e-06,2.610591751911135
0.0005583136715165814,0.020730414934376783,2.137179515965784e-06,2.3441607746026336
0.0005583955957530476,0.020727373500260823,3.0749449858539117e-06,2.9824367252078305
0.0005584775199895137,0.02072433295845354,1.5233966825483612e-06,1.1421400947081797
0.0005585594442259798,0.020721293308562302,3.241340695901863e-06,2.470289790190762
0.0005586413684624459,0.020718254550194718,4.196186641483153e-06,-3.1383799173522933
0.0005587232926989121,0.020715216682958615,3.111663896782826e-06,2.299947123390725
0.0005588052169353782,0.02071217970646207,2.799696502061779e-06,2.5375299214957066
0.0005588871411718443,0.020709143620313366,2.344692459718934e-06,-2.406807806952124
0.0005589690654083104,0.020706108424121027,2.191791630562482e-06,2.4191695803902595
0.0005590509896447766,0.02070307411749381,4.444386069050078e-06,3.0790203121340514
0.0005591329138812427,0.020700040700040702,7.679143990332507e-07,-2.6670923251704517
0.0005592148381177087,0.020697008171370903,4.1728108640614155e-06,-2.233812010704202
0.0005592967623541748,0.02069397653109386,3.3100418118803614e-06,2.7098426317174185
0.000559378686590641,0.020690945778819237,7.579754420460378e-07,2.9023670800284584
0.0005594606108271071,0.020687915914156946,3.548789207907885e-06,2.884946558296288
0.0005595425350635732,0.0206848869367171,3.445634487464991e-06,2.8358254946664077
0.0005596244593000393,0.020681858846110054,4.557791260624734e-06,-2.955907290478515
0.0005597063835365055,0.020678831641946394,4.184196664374888e-06,2.8411369492964793
0.0005597883077729716,0.020675805323836935,1.4516121952595748e-06,1.4957922645569908
0.0005598702320094377,0.02067277989139271,4.718000320445833e-06,-2.894335983570591
0.0005599521562459038,0.020669755344224987,1.1790029616365134e-06,2.626669977059753
0.00056003408048237,0.020666731681945254,1.56557219589763e-06,2.4290445867987795
0.000560116004718836,0.020663708904165242,1.3808265169421901e-06,1.886727680784799
0.0005601979289553021,0.020660687010496896,2.7753710787838613e-06,3.098378680711501
0.0005602798531917682,0.02065766600055239,2.460055455110854e-06,1.838821236130532
0.0005603617774282344,0.020654645873944118,7.594791549490266e-07,2.155415120376344
0.0005604437016647005,0.02065162663028472,4.313380733542273e-06,3.0744708619813443
0.0005605256259011666,0.020648608269187047,2.3041503305270454e-06,2.1307244409502117
0.0005606075501376327,0.020645590790264182,3.342756512637651e-06,-3.0269191091170256
0.0005606894743740989,0.020642574193129423,6.940566741062605e-07,-2.529685688617651
0.000560771398610565,0.020639558477396316,4.258882334807225e-06,3.0852188400773723
0.0005608533228470311,0.020636543642678612,2.867630730794936e-06,2.9633534278265024
0.0005609352470834971,0.0206335296885903,2.6272995879324445e-06,-2.94055484830938
0.0005610171713199633,0.020630516614745586,2.4511971763712646e-06,2.665063520598503
0.0005610990955564294,0.02062750442075891,2.3344182575673474e-06,-2.9771080975857322
0.0005611810197928955,0.02062449310624493,4.758684409136275e-06,2.6699357432670645
0.0005612629440293617,0.02062148267081853,4.4844349760730986e-06,2.8419597049300296
0.0005613448682658278,0.02061847311409483,2.968405310146514e-06,-2.9350957708899474
0.0005614267925022939,0.020615464435689155,1.7481473909237471e-07,2.337790114205902
0.00056150871673876,0.020612456635217068,3.690100340095469e-06,-2.947352134779632
0.0005615906409752262,0.02060944971229435,2.26344623931907e-06,2.8787167685858606
0.0005616725652116923,0.020606443666537015,1.7149840089162894e-06,-2.841624282526886
0.0005617544894481584,0.020603438497561292,3.6203674705410394e-06,1.673649444105619
0.0005618364136846244,0.020600434204983635,2.012684347943043e-06,-2.694223288912716
0.0005619183379210906,0.020597430788420724,4.271599225230421e-06,-2.9287875112449457
0.0005620002621575567,0.02059442824748947,3.916826597556605e-06,-3.128643581494416
0.0005620821863940228,0.02059142658180699,3.6068961028996966e-06,2.7692780757284567
0.0005621641106304889,0.02058842579099064,3.4082517850181133e-06,2.779323599016511
0.0005622460348669551,0.020585425874657986,1.557050572123653e-06,-3.047145205805475
0.0005623279591034212,0.020582426832426833,1.662428963502805e-06,1.6834983021194683
0.0005624098833398873,0.02057942866391519,3.3954014721811994e-06,2.9436277874632495
0.0005624918075763534,0.020576431368741304,4.227097204302482e-06,2.9771788634028407
0.0005625737318128196,0.02057343494652363,1.265831723730507e-06,2.696792508248
0.0005626556560492857,0.020570439396880864,4.2021457273200086e-06,3.04105759748087
0.0005627375802857517,0.020567444719431907,4.451912063141192e-06,1.9600121673117517
0.0005628195045222178,0.02056445091379589,2.2947563630053014e-06,2.634710918480243
0.000562901428758684,0.020561457979592163,2.512835390542883e-06,2.710827084772036
0.0005629833529951501,0.020558465916440304,6.06809948246049e-06,2.7512207986059125
0.0005630652772316162,0.0205554747239601,3.5414996092742346e-06,2.883102167601096
0.0005631472014680823,0.020552484401771574,6.72615813860986e-06,2.2159040399835725
0.0005632291257045485,0.020549494949494946,1.0021517560112535e-06,2.8832859550871652
0.0005633110499410146,0.020546506366750695,4.8038685947082916e-06,2.6377457574259493
0.0005633929741774807,0.020543518653159485,5.336000554060522e-06,-2.8102846276287945
0.0005634748984139468,0.02054053180834222,4.168841190009539e-06,2.3378981785771598
0.000563556822650413,0.020537545831920013,3.709478363902925e-06,2.673131738667164
0.000563638746886879,0.02053456072351421,3.247419686742948e-06,2.6912608838107195
0.0005637206711233451,0.020531576482746373,3.789560497632873e-06,3.130676439751062
0.0005638025953598112,0.020528593109238272,4.0913225840228876e-06,-2.9868303207634854
0.0005638845195962774,0.020525610602611908,1.651073158791358e-06,2.9071470972240356
0.0005639664438327435,0.020522628962489506,4.1871116775513134e-06,2.7242213217797113
0.0005640483680692096,0.020519648188493503,1.9481981653273065e-06,1.821657582910799
0.0005641302923056757,0.020516668280246557,4.3119590758390194e-06,2.970983356403683
0.0005642122165421419,0.020513689237371534,4.118228289747123e-06,3.0790368150487155
0.000564294140778608,0.020510711059491548,1.4816918175132535e-06,2.885277218641793
0.0005643760650150741,0.020507733746229898,3.138708708933644e-06,2.3930202940917753
0.0005644579892515401,0.02050475729721013,1.8680737603704558e-06,3.116163122435378
0.0005645399134880063,0.02050178171205598,3.5012595157725275e-06,2.8081033526064405
0.0005646218377244724,0.020498806990391433,3.2353220100215944e-06,2.0250679560553313
0.0005647037619609385,0.020495833131840675,7.147346483461346e-06,2.87121036748075
0.0005647856861974046,0.02049286013602811,5.3100711057890805e-06,2.7175227439916636
0.0005648676104338708,0.020489888002578355,4.153025959140522e-06,3.012869722629682
0.0005649495346703369,0.020486916731116266,2.7048617470888702e-06,2.4906016414817396
0.000565031458906803,0.020483946321266898,3.586865346411858e-06,-2.9432709175330465
0.0005651133831432691,0.02048097677265552,2.390154021187364e-06,2.8687505876730177
0.0005651953073797353,0.020478008084907635,4.84111931439454e-06,2.7051251182109146
0.0005652772316162014,0.020475040257648954,3.986329447637531e-06,2.926160296543295
0.0005653591558526674,0.020472073290505405,3.8056861367328605e-06,-2.775157264239814
0.0005654410800891335,0.020469107183103127,4.470867042679707e-06,-2.840236099741031
0.0005655230043255997,0.020466141935068485,3.580268107335738e-06,-2.9335014842310465
0.0005656049285620658,0.020463177546028066,1.8054955084028365e-06,-3.0428089382444563
0.0005656868527985319,0.020460214015608658,2.8087763666629987e-06,2.6595933992060243
0.000565768777034998,0.020457251343437267,3.858124399220388e-06,2.5024658521597534
0.0005658507012714642,0.020454289529141127,7.334625945589246e-07,-1.8738983759428174
0.0005659326255079303,0.02045132857234768,2.7619575481432e-06,2.8836800656858492
0.0005660145497443964,0.020448368472684584,1.2074400136824365e-06,2.3064380407176235
0.0005660964739808625,0.02044540922977971,2.679081567659369e-06,2.6575266501137254
0.0005661783982173287,0.020442450843261146,4.117106836601285e-06,2.887244198576563
0.0005662603224537947,0.0204394933127572,1.172252414989931e-06,3.0716332048429127
0.0005663422466902608,0.020436536637896397,3.2313698338665726e-06,3.0185515013907906
0.000566424170926727,0.020433580818307456,9.664949107459628e-07,-2.0944251565370915
0.0005665060951631931,0.020430625853619343,3.2397497875774913e-06,-2.709764868888835
0.0005665880193996592,0.020427671743461218,3.3337934890967974e-06,2.481560499139566
0.0005666699436361253,0.02042471848746245,3.1880428346927213e-06,2.2145604236595022
0.0005667518678725915,0.02042176608525264,2.814180770061373e-06,3.13320279444914
0.0005668337921090576,0.020418814536461594,1.5115818556341706e-06,2.2901733310053363
0.0005669157163455237,0.02041586384071933,1.523718635948455e-06,2.815108335413435
0.0005669976405819898,0.020412913997656087,2.785110539617066e-06,2.4650594427873593
0.000567079564818456,0.020409965006902304,5.950375260804438e-06,2.554235170920817
0.000567161489054922,0.020407016868088657,5.465215490129756e-06,2.988531818799908
0.0005672434132913881,0.02040406958084601,1.794373781429638e-06,2.6837167085845732
0.0005673253375278542,0.020401123144805456,5.4131571613957304e-06,2.9114921032376144
0.0005674072617643204,0.02039817755959829,2.141156611413053e-06,2.458530541429053
0.0005674891860007865,0.020395232824856037,5.609026502639944e-06,2.668828331384604
0.0005675711102372526,0.020392288940210418,5.851943496969477e-06,-2.9397369091930727
0.0005676530344737187,0.020389345905293375,2.9072187823791565e-06,2.9376036925457405
0.0005677349587101849,0.02038640371973705,3.5066986908375334e-06,-2.931482339192249
0.000567816882946651,0.020383462383173824,9.430583110847955e-07,2.3990260326161135
0.0005678988071831171,0.020380521895236262,4.191532285881314e-06,2.9097390813940187
0.0005679807314195832,0.020377582255557157,4.626789564237785e-06,3.1107018438529144
0.0005680626556560493,0.020374643463769507,2.847243150690233e-06,-2.340096849306704
0.0005681445798925154,0.02037170551950653,2.398615379619253e-06,2.4059158116242885
0.0005682265041289815,0.02036876842240164,1.2706397125309205e-06,2.349773210793508
0.0005683084283654476,0.02036583217208848,3.3358178738392862e-06,2.9919506405569147
0.0005683903526019138,0.020362896768200887,3.86967968440252e-06,2.930589225541781
0.0005684722768383799,0.02035996221037293,4.197524236055962e-06,2.418029946353882
0.000568554201074846,0.020357028498238873,2.824409353013839e-06,-2.959977386260109
0.0005686361253113121,0.020354095631433193,2.8597171978435914e-06,2.5718653028402425
0.0005687180495477783,0.02035116360959057,3.4395545242833243e-06,2.3881464099383907
0.0005687999737842444,0.020348232432345927,4.968447639290811e-06,2.604047714974506
0.0005688818980207105,0.020345302099334356,3.567173597864451e-06,2.7203705621124636
0.0005689638222571765,0.020342372610191187,2.626486329662244e-06,-3.013772253651994
0.0005690457464936427,0.020339443964551937,2.5192019945050254e-06,2.714884689471972
0.0005691276707301088,0.020336516162052364,9.951550035834e-07,-1.9487811404782212
0.0005692095949665749,0.020333589202328407,2.978493105811754e-06,2.634973181802323
0.000569291519203041,0.02033066308501623,3.89025532774528e-06,-2.8251063248998745
0.0005693734434395072,0.020327737809752194,2.7692905578181405e-06,-2.738589102618584
0.0005694553676759733,0.020324813376172892,2.4300679015130874e-06,2.5779874769538362
0.0005695372919124394,0.0203218897839151,2.2740884456127177e-06,3.0238273245296843
0.0005696192161489055,0.020318967032615817,3.444319820518528e-06,2.965672171402782
0.0005697011403853717,0.020316045121912246,4.653545396046149e-06,3.113755578987725
0.0005697830646218378,0.020313124051441808,2.6310225836457235e-06,-3.1131894459590574
0.0005698649888583038,0.02031020382084212,3.1155566436661235e-06,2.1841672210057883
0.0005699469130947699,0.02030728442975101,3.828758038267725e-06,2.243992149845136
0.0005700288373312361,0.02030436587780652,3.431564658151409e-06,2.4685248849123615
0.0005701107615677022,0.0203014481646469,3.3229043470757897e-06,2.8525905953702795
0.0005701926858041683,0.0202985312899106,4.3129423330233315e-06,2.960910252128191
0.0005702746100406344,0.020295615253236286,2.062480722259529e-06,2.3747057888271463
0.0005703565342771006,0.02029270005426282,4.708784120320464e-06,2.5511417060125563
0.0005704384585135667,0.020289785692629295,3.115805808812519e-06,2.6162118022499388
0.0005705203827500328,0.020286872167974982,5.544173026060519e-06,-3.0647455575026172
0.0005706023069864989,0.02028395947993938,2.2623657732743035e-06,2.739760487906557
0.000570684231222965,0.020281047628162182,6.320216644585745e-06,-2.7880948945370134
0.0005707661554594311,0.020278136612283303,2.364186417603412e-06,2.6244098846563606
0.0005708480796958972,0.02027522643194285,8.486995549388786e-07,2.6321032197574286
0.0005709300039323633,0.020272317086781143,3.7040352624902134e-06,-2.8618655615690956
0.0005710119281688295,0.0202694085764387,1.990347158174823e-06,2.679155575296137
0.0005710938524052956,0.02026650090055627,4.481972241027073e-06,-2.9818949527298737
0.0005711757766417617,0.020263594058774783,2.555147998622468e-06,-2.213131313782998
0.0005712577008782278,0.020260688050735377,3.8388856433744575e-06,2.9850223299786394
0.000571339625114694,0.020257782876079405,4.309339846237038e-06,2.8563902635252116
0.0005714215493511601,0.020254878534448427,2.497555361891816e-06,2.5007179718729895
0.0005715034735876262,0.0202519750254842,3.4693280813957966e-06,3.10522724132771
0.0005715853978240924,0.020249072348828688,3.1251673037077124e-06,2.533543749149549
0.0005716673220605584,0.02024617050412407,3.3902362682262357e-06,3.008906279863253
0.0005717492462970245,0.02024326949101272,4.550902839008913e-06,2.690814127861128
0.0005718311705334906,0.020240369309137217,3.0980155499713043e-06,2.756599424455328
0.0005719130947699568,0.02023746995814035,1.203011087433463e-06,2.4609146694474195
0.0005719950190064229,0.020234571437665105,3.1779966256181768e-06,2.6909189471189174
0.000572076943242889,0.020231673747354684,2.8288101809455145e-06,-2.8768471719314626
0.0005721588674793551,0.020228776886852488,4.685777393988794e-06,2.6260743621507574
0.0005722407917158213,0.020225880855802115,5.069961835987815e-06,-3.135437804588165
0.0005723227159522874,0.020222985653847378,2.769298920328197e-06,-2.9632438156843244
0.0005724046401887535,0.020220091280632287,3.564069325742025e-06,-3.117214095610616
0.0005724865644252195,0.020217197735801058,5.64878817196539e-06,2.8572920968261672
0.0005725684886616857,0.020214305018998107,3.0385720255479254e-06,-2.6896870652215483
0.0005726504128981518,0.020211413129868062,3.474053618108984e-06,2.793850926802637
0.0005727323371346179,0.020208522068055755,4.2756919004381645e-06,2.665178247951353
0.000572814261371084,0.020205631833206204,8.672941938300117e-07,-2.7747874207424124
0.0005728961856075502,0.020202742424964646,2.649979479581952e-06,-2.1360095121862654
0.0005729781098440163,0.02019985384297652,5.328730072360067e-07,0.3654542779368952
0.0005730600340804824,0.02019696608688746,3.5365265202078835e-06,1.848736068935261
0.0005731419583169485,0.020194079156343307,5.049074502046731e-06,2.963605893210946
0.0005732238825534147,0.020191193050990104,3.869717686913762e-06,2.879170675198278
0.0005733058067898808,0.0201883077704741,1.7468249586302919e-06,2.4277518394718878
0.0005733877310263468,0.020185423314441744,4.497737124066954e-06,-2.8903749146074738
0.0005734696552628129,0.020182539682539684,1.856685728492298e-06,2.8625182298519545
0.0005735515794992791,0.020179656874414763,5.33483609266184e-06,3.092048030473037
0.0005736335037357452,0.020176774889714047,2.9745456801790574e-06,2.39466080835748
0.0005737154279722113,0.02017389372808479,1.4934663644566945e-06,2.671445026866377
0.0005737973522086774,0.02017101338917444,3.406406971052953e-06,-2.3732216897832346
0.0005738792764451436,0.020168133872630657,1.6882550343117004e-06,2.428666811395053
0.0005739612006816097,0.02016525517810131,1.5645205287061169e-06,1.6392507083739805
0.0005740431249180758,0.020162377305234448,4.279720943020197e-06,2.402493055908112
0.0005741250491545419,0.020159500253678336,1.7433631572333762e-06,2.232898295594306
0.000574206973391008,0.020156624023081434,5.558275105246077e-06,2.7958952734402693
0.0005742888976274741,0.020153748613092406,3.799664426305912e-06,-3.0430370170219003
0.0005743708218639402,0.020150874023360115,2.375085440681928e-06,2.460030202431463
0.0005744527461004063,0.020148000253533624,3.3418934718017064e-06,2.236211330547094
0.0005745346703368725,0.020145127303262192,1.152020080244178e-06,-2.5520231531884567
0.0005746165945733386,0.02014225517219529,2.2915788144857885e-06,2.440205209852094
0.0005746985188098047,0.020139383859982575,1.6994751447384059e-06,2.683108577927631
0.0005747804430462708,0.020136513366273916,4.303671973418683e-06,3.1059883877934644
0.000574862367282737,0.020133643690719363,2.2393976541050743e-06,-3.111451046684313
0.0005749442915192031,0.020130774832969187,3.7345591964433235e-06,2.6228062519539677
0.0005750262157556692,0.02012790679267385,1.8802433597181218e-06,-3.0982162164178737
0.0005751081399921352,0.020125039569484016,2.4211650157107467e-06,2.3426270561739244
0.0005751900642286014,0.020122173163050528,5.502677199430583e-06,-2.7502842082629164
0.0005752719884650675,0.02011930757302446,2.4870095074821023e-06,-2.4052483415911152
0.0005753539127015336,0.020116442799057065,2.2690006463836346e-06,1.9099701511079719
0.0005754358369379997,0.020113578840799798,3.041769848225621e-06,2.729179814534589
0.0005755177611744659,0.02011071569790431,4.542022826695876e-06,2.666607929079503
0.000575599685410932,0.020107853370022456,1.4723336819692013e-06,3.0213343400027504
0.0005756816096473981,0.020104991856806288,2.266001569926306e-06,3.134785868337124
0.0005757635338838642,0.020102131157908053,4.277550778380441e-06,2.968315676778824
0.0005758454581203304,0.02009927127298019,4.69938312059644e-06,-3.130162899148997
0.0005759273823567965,0.020096412201675358,1.3241845994184873e-06,2.9522586231893704
0.0005760093065932625,0.02009355394364639,3.2784731468060935e-06,2.486586076098225
0.0005760912308297286,0.020090696498546327,3.6164484727757194e-06,2.731624971104925
0.0005761731550661948,0.0200878398660284,2.1085051728440844e-06,2.7239793174989018
0.0005762550793026609,0.020084984045746056,3.33958490194849e-06,2.692477599689803
0.000576337003539127,0.02008212903735292,4.4371736807875025e-06,-2.7464868951273402
0.0005764189277755931,0.020079274840502814,4.111315041515192e-06,-2.419760434495217
0.0005765008520120593,0.020076421454849763,2.742449780570098e-06,2.561919021356433
0.0005765827762485254,0.020073568880047993,4.155737756563293e-06,2.318206891227825
0.0005766647004849915,0.020070717115751924,3.4043780454016764e-06,2.945802604037829
0.0005767466247214577,0.02006786616161616,2.868749743917874e-06,-3.1215245972229186
0.0005768285489579238,0.02006501601729552,3.072791568210911e-06,2.78603575804256
0.0005769104731943898,0.02006216668244501,9.186708959821557e-07,-2.4159347531215016
0.0005769923974308559,0.020059318156719835,3.6978651463023838e-06,2.745555764886617
0.0005770743216673221,0.020056470439775376,3.3025952740001427e-06,2.487365574508893
0.0005771562459037882,0.02005362353126725,1.7009597438298512e-06,2.9329422234500058
0.0005772381701402543,0.020050777430851232,1.114662313075724e-06,-2.540586221427645
0.0005773200943767204,0.02004793213818331,2.4853878791437997e-06,3.073533610420144
0.0005774020186131866,0.02004508765291966,5.611218591909386e-06,-2.874045865021741
0.0005774839428496527,0.020042243974716663,1.4096559072698785e-06,-3.0072715467584628
0.0005775658670861188,0.02003940110323089,3.874241435570961e-06,-3.098583348428227
0.0005776477913225849,0.0200365590381191,2.7987107827090343e-06,2.9573127653787825
0.0005777297155590511,0.020033717779038254,4.62448580836412e-06,3.03979801102785
0.0005778116397955171,0.02003087732564551,2.3312755302564722e-06,2.096109975022977
0.0005778935640319832,0.02002803767759821,1.8071165142187801e-06,2.718023207639941
0.0005779754882684493,0.020025198834553903,4.583995165459388e-06,3.1280476955345295
0.0005780574125049155,0.020022360796170317,4.088657010671848e-06,-2.597294691352726
0.0005781393367413816,0.020019523562105394,1.107156155647089e-06,1.168901249023276
0.0005782212609778477,0.020016687132017257,4.0483420641667155e-06,2.474922358782415
0.0005783031852143138,0.020013851505564215,1.0235067586568774e-06,-3.0713326574348594
0.00057838510945078,0.02001101668240478,4.058763895217542e-06,2.3468341687088032
0.0005784670336872461,0.020008182662197675,3.363737635920783e-06,2.868238977810529
0.0005785489579237122,0.02000534944460178,2.472550701499934e-06,3.102388006999928
0.0005786308821601782,0.020002517029276197,2.0797018225354297e-06,3.0544140517681657
0.0005787128063966444,0.019999685415880205,1.784462816043111e-06,2.600371735012226
0.0005787947306331105,0.019996854604073286,3.202705514524919e-06,2.8426733619827615
0.0005788766548695766,0.01999402459351511,2.8370066326636097e-06,2.635871230058231
0.0005789585791060427,0.019991195383865543,4.754656314937116e-06,2.885664531714143
0.0005790405033425089,0.01998836697478463,3.49333853130231e-06,2.726366024143119
0.000579122427578975,0.01998553936593263,5.6828510158803045e-06,-3.1396100470638117
0.0005792043518154411,0.019982712556969984,2.1797173049255742e-06,-2.7548453428696313
0.0005792862760519072,0.019979886547557314,4.675118641175308e-06,-2.9165662575455022
0.0005793682002883734,0.019977061337355453,2.1675027190158275e-06,2.4231384812626664
0.0005794501245248395,0.019974236926025415,2.769067888419886e-06,3.1173489744803495
0.0005795320487613055,0.01997141331322841,3.778104539786404e-06,-2.9663483585656873
0.0005796139729977716,0.019968590498625833,2.5002251973097134e-06,2.430768137972066
0.0005796958972342378,0.019965768481879278,2.148956607318526e-06,3.0530494295174444
0.0005797778214707039,0.019962947262650525,3.1912765255649105e-06,2.9693669866541774
0.00057985974570717,0.019960126840601552,1.4422501624905773e-06,2.69961070112603
0.0005799416699436361,0.019957307215394515,3.905827165547122e-06,-2.608801885586767
0.0005800235941801023,0.019954488386691775,1.514900566452919e-06,-1.9286561051095314
0.0005801055184165684,0.019951670354155876,1.8041416893569496e-06,2.7711888114565904
0.0005801874426530345,0.01994885311744956,3.2278782565346234e-06,2.6555704730841683
0.0005802693668895006,0.019946036676235745,4.560099229888784e-06,3.062032462169054
0.0005803512911259668,0.019943221030177552,1.7903154575699226e-06,2.5755140749292895
0.0005804332153624328,0.01994040617893829,3.426124450270146e-06,-2.7195923624464577
0.0005805151395988989,0.019937592122181453,2.738113970520508e-06,-2.4522150376542022
0.000580597063835365,0.019934778859570734,2.0046586906997436e-06,-2.4483359603572765
0.0005806789880718312,0.019931966390770002,4.00862996705437e-06,2.9729097149881216
0.0005807609123082973,0.01992915471544333,3.837896124212664e-06,2.848499457739875
0.0005808428365447634,0.019926343833254975,3.087266996050001e-06,-2.228911911920121
0.0005809247607812295,0.01992353374386938,1.1342877973277069e-06,2.1888273465492936
0.0005810066850176957,0.01992072444695118,1.5804034967016394e-06,-3.0005078126770655
0.0005810886092541618,0.0199179159421652,3.6992046690727745e-06,2.3102058548833493
0.0005811705334906279,0.019915108229176456,2.8944088751963967e-06,2.9714543367038546
0.000581252457727094,0.019912301307650145,4.4095900805816115e-06,-2.925291816792954
0.0005813343819635601,0.019909495177251657,4.669989402532105e-06,-3.070489943165394
0.0005814163062000262,0.01990668983764658,3.7385535148225086e-06,2.227984818213069
0.0005814982304364923,0.019903885288500674,2.430171970550687e-06,1.779106355574852
0.0005815801546729584,0.019901081529479895,2.879371537564072e-06,-3.0915037768862375
0.0005816620789094246,0.01989827856025039,4.258332440706046e-06,-2.257129795648085
0.0005817440031458907,0.019895476380478495,1.0957259274094204e-06,2.2889690582854647
0.0005818259273823568,0.01989267498983072,1.9023733387393575e-06,-3.0943068908716373
0.0005819078516188229,0.019889874387973783,3.7062849750530474e-06,2.319637781726513
0.0005819897758552891,0.019887074574574573,6.717384685461578e-06,3.126832728241738
0.0005820717000917552,0.01988427554930018,1.7916582260968678e-06,2.9796097568832285
0.0005821536243282213,0.019881477311817868,4.419424899743323e-06,-3.04867786600029
0.0005822355485646874,0.019878679861795097,2.3033972765376755e-06,2.8510283415195854
0.0005823174728011535,0.01987588319889952,2.5983293737412494e-06,3.08855155888608
0.0005823993970376196,0.019873087322798955,7.769802192292062e-07,-2.555609913850577
0.0005824813212740857,0.019870292233161432,3.109691289673977e-06,2.8143952769644347
0.0005825632455105519,0.019867497929655146,8.048308411816556e-07,-2.722867689379941
0.000582645169747018,0.019864704411948507,4.146175597755212e-06,2.0993694124349016
0.0005827270939834841,0.019861911679710076,9.258569715738124e-07,-2.516972414660046
0.0005828090182199502,0.019859119732608628,2.9689562199651135e-06,3.078925245057591
0.0005828909424564164,0.01985632857031311,3.170174750512455e-06,2.4621456480410377
0.0005829728666928825,0.01985353819249266,2.5365384366441337e-06,2.9970689380886286
0.0005830547909293486,0.019850748598816605,1.0817813692811455e-06,2.7377703549996
0.0005831367151658146,0.019847959788954452,3.7165504156766645e-06,2.709515521608729
0.0005832186394022808,0.01984517176257589,3.859891039062268e-06,-2.8953154417366607
0.0005833005636387469,0.01984238451935081,4.577777364421663e-06,2.307958678252157
0.000583382487875213,0.019839598058949276,4.51717250862013e-06,-2.9341471067010967
0.0005834644121116791,0.01983681238104153,2.178183778234153e-06,-2.751808836085147
0.0005835463363481453,0.019834027485298014,1.6863785108289937e-06,1.3973881806490254
0.0005836282605846114,0.019831243371389355,4.108479266327631e-06,2.558481769877253
0.0005837101848210775,0.019828460038986355,1.664843494855433e-06,-2.557629814007401
0.0005837921090575436,0.019825677487760002,3.045902707547335e-06,2.902763470059286
0.0005838740332940098,0.019822895717381474,2.2428093280339176e-06,2.365827364549421
0.0005839559575304759,0.019820114727522136,3.1394739000530467e-06,-3.008761123960475
0.0005840378817669419,0.019817334517853523,4.047461524598856e-06,-2.924088627760426
0.000584119806003408,0.019814555088047376,1.7005625500819415e-06,-1.8843571257509948
0.0005842017302398742,0.019811776437775597,4.839494201157918e-06,-2.8981187131060104
0.0005842836544763403,0.019808998566710288,2.675026336055734e-06,2.758081047134607
0.0005843655787128064,0.01980622147452373,2.2578753337469202e-06,2.5164661887070965
0.0005844475029492725,0.019803445160888392,2.8789828185754035e-06,-2.7459528681089735
0.0005845294271857387,0.019800669625476913,3.3150104148593597e-06,-2.533404476491998
0.0005846113514222048,0.019797894867962133,2.220084886775436e-06,2.250381148320446
0.0005846932756586709,0.019795120888017062,3.0674703163386727e-06,-2.8293190918134625
0.000584775199895137,0.019792347685314904,2.8574449423426474e-06,2.981987260222916
0.0005848571241316032,0.019789575259529034,4.549368772285222e-06,-3.0427555513864
0.0005849390483680692,0.019786803610333022,3.4883073872081396e-06,2.5812944308905714
0.0005850209726045353,0.019784032737400613,1.3387445411530325e-06,2.130223719669603
0.0005851028968410014,0.01978126264040574,4.398335426458563e-06,-2.9822939447242782
0.0005851848210774676,0.019778493319022507,3.4347737336755435e-06,3.010756134890199
0.0005852667453139337,0.01977572477292522,3.6891570585190936e-06,2.974296741013162
0.0005853486695503998,0.019772957001788355,2.768912731447039e-06,-2.924574010486716
0.0005854305937868659,0.019770190005286563,2.8908953139716365e-06,-2.8523274268155143
0.0005855125180233321,0.019767423783094693,1.3764420577637987e-06,2.952506967524451
0.0005855944422597982,0.019764658334887768,4.324489353317577e-06,3.0685283031320885
0.0005856763664962643,0.019761893660340996,4.1094889073367234e-06,1.9972467200288926
0.0005857582907327303,0.01975912975912976,2.9144920957818877e-06,-2.4909380870229825
0.0005858402149691965,0.01975636663092963,3.4292523290404777e-06,3.0623009117855773
0.0005859221392056626,0.019753604275416354,4.214735390435631e-06,2.7804180753020633
0.0005860040634421287,0.01975084269226587,4.564362083406361e-06,2.9067773370997285
0.0005860859876785948,0.01974808188115429,4.147506347086262e-06,3.0726870497387244
0.000586167911915061,0.0197453218417579,2.3715866411573525e-06,-2.6373540223508845
0.0005862498361515271,0.019742562573753182,2.784661448433983e-06,2.8738605089759344
0.0005863317603879932,0.019739804076816792,5.176424824713525e-06,2.5909875067223407
0.0005864136846244593,0.019737046350625564,1.3379739538275628e-06,2.1165713461974924
0.0005864956088609255,0.01973428939485651,5.069019716568656e-06,-2.8728322870370917
0.0005865775330973916,0.01973153320918684,2.6185936828596914e-06,-2.324738069078514
0.0005866594573338576,0.019728777793293923,1.7692157276753662e-06,2.471295318869393
0.0005867413815703237,0.01972602314685532,3.3295756294721716e-06,2.7558839533529995
0.0005868233058067899,0.01972326926954876,1.0333635676109392e-06,2.0387135041707847
0.000586905230043256,0.019720516161052172,2.569312915485136e-06,-2.8125531607441427
0.0005869871542797221,0.019717763821043652,3.2741108525496732e-06,3.076279148287579
0.0005870690785161882,0.01971501224920148,3.058590561393132e-06,2.92069116263777
0.0005871510027526544,0.019712261445204098,5.609795328308246e-06,2.7880844976116834
0.0005872329269891205,0.019709511408730156,2.6590504780971282e-06,2.9831774008928846
0.0005873148512255866,0.019706762139458472,2.2180039843705268e-06,2.1414878594894837
0.0005873967754620528,0.019704013637068026,1.94325119224411e-06,2.960108212937966
0.0005874786996985189,0.019701265901238007,5.192224234841708e-06,-3.1279341543382375
0.0005875606239349849,0.019698518931647764,2.0790769813321555e-06,1.7674725712662145
0.000587642548171451,0.01969577272797683,3.2844947160645265e-06,3.132260795912318
0.0005877244724079172,0.0196930272899049,5.0825437110663175e-06,2.4351140251035126
0.0005878063966443833,0.019690282617111882,3.1095256977497575e-06,2.353000439699788
0.0005878883208808494,0.01968753870927784,4.1388769306745485e-06,-3.0964525233167985
0.0005879702451173155,0.019684795566083015,2.2983074218394975e-06,1.9009612440668464
0.0005880521693537817,0.019682053187207824,2.1142739971895366e-06,-2.8329862245330997
0.0005881340935902478,0.019679311572332884,3.2798827878835054e-06,-2.8955098700942066
0.0005882160178267139,0.019676570721138965,3.3980734637391943e-06,3.0146497362710494
0.00058829794206318,0.019673830633307028,4.170509904027737e-06,-3.0603804051674324
0.0005883798662996462,0.019671091308518206,3.2592790997641143e-06,-2.358591092125607
0.0005884617905361122,0.019668352746453815,2.6279691221560765e-06,2.2797574700120933
0.0005885437147725783,0.01966561494679535,1.5688784268066994e-06,-2.369141113784446
0.0005886256390090444,0.019662877909224465,2.3048749051371563e-06,2.7478887091512214
0.0005887075632455106,0.01966014163342301,4.57185464331754e-06,2.398655461434358
0.0005887894874819767,0.019657406119073014,5.6265044606877305e-06,-2.8392686869634574
0.0005888714117184428,0.019654671365856673,3.0642082181492974e-06,2.635509327608229
0.0005889533359549089,0.01965193737345636,3.854855006399398e-06,-2.8916753589999633
0.0005890352601913751,0.019649204141554626,1.1821825518368455e-06,-2.6390010404922615
0.0005891171844278412,0.019646471669834204,2.3707558590515817e-06,2.571544748055906
0.0005891991086643073,0.019643739957978,2.1749583410377306e-06,2.310288923412917
0.0005892810329007733,0.01964100900566909,3.6910319327291638e-06,-3.086465677713195
0.0005893629571372395,0.019638278812590736,2.637613598047904e-06,-3.0790410253063776
0.0005894448813737056,0.019635549378426376,2.5740038898336353e-06,-2.6387380249921284
0.0005895268056101717,0.019632820702859613,3.4625243843407963e-06,2.121361095480201
0.0005896087298466378,0.019630092785574236,3.094157228897966e-06,-1.846623206194551
0.000589690654083104,0.019627365626254206,5.241060436561365e-06,2.9670835522199734
0.0005897725783195701,0.01962463922458366,4.884300480161606e-06,2.5905899044368694
0.0005898545025560362,0.019621913580246914,4.308560873960619e-06,2.951649071136804
0.0005899364267925023,0.019619188692928453,1.7484384324383947e-06,2.625342249717086
0.0005900183510289685,0.019616464562312936,4.72064867431509e-06,-2.5518813334801136
0.0005901002752654346,0.01961374118808521,7.556725282470091e-07,2.990843612569558
0.0005901821995019006,0.019611018569930288,2.6420665560975514e-06,3.087183763371899
0.0005902641237383667,0.01960829670753335,3.453060457434557e-06,2.9847914589709785
0.0005903460479748329,0.019605575600579763,1.1995800857189567e-06,-2.795150811777052
0.000590427972211299,0.019602855248755068,4.567255214039278e-06,-3.0912522176051698
0.0005905098964477651,0.019600135651744975,1.8880632587487213e-06,-2.326077947709884
0.0005905918206842312,0.019597416809235373,2.877731276244889e-06,2.702269260086223
0.0005906737449206974,0.019594698720912313,3.5621059513967865e-06,2.1357336488526286
0.0005907556691571635,0.01959198138646204,3.93273125003188e-06,2.7286526729037983
0.0005908375933936296,0.019589264805570963,4.399808052682337e-06,2.8442438440031808
0.0005909195176300957,0.01958654897792566,4.529418869231497e-06,-2.775720011764905
0.0005910014418665619,0.01958383390321289,2.494333750936651e-06,2.323764811522132
0.0005910833661030279,0.01958111958111958,2.8244594326198003e-06,2.744975696584675
0.000591165290339494,0.01957840601133284,4.718177184866938e-06,3.041830180148808
0.0005912472145759601,0.019575693193539943,2.8645669092046383e-06,3.082187574890809
0.0005913291388124263,0.019572981127428342,1.8875521363126311e-06,2.8661409774875177
0.0005914110630488924,0.01957026981268566,3.5963546261268766e-06,-3.1318120554105624
0.0005914929872853585,0.01956755924899969,3.5805229446357576e-06,-2.76709278808496
0.0005915749115218246,0.01956484943605841,1.9642017463656065e-06,2.5642278972566688
0.0005916568357582908,0.019562140373549954,2.5723596989156005e-06,-2.599448158983415
0.0005917387599947569,0.019559432061162643,1.4543667490579432e-06,2.3683750939363186
0.000591820684231223,0.019556724498584966,4.693840198515142e-06,2.7058059828391476
0.000591902608467689,0.019554017685505576,4.2245741504606095e-06,2.7781579651466757
0.0005919845327041552,0.019551311621613308,2.8832635723695956e-06,-2.789478060573522
0.0005920664569406213,0.019548606306597174,3.1017296199513504e-06,2.5805039173263533
0.0005921483811770874,0.019545901740146344,3.8043028315981094e-06,3.0290767235115683
0.0005922303054135535,0.01954319792195017,3.067657552309658e-06,-2.7540788246652816
0.0005923122296500197,0.01954049485169817,3.774134151877264e-06,2.6952220359956978
0.0005923941538864858,0.019537792529080042,3.7064101504787354e-06,-2.8881648374835605
0.0005924760781229519,0.019535090953785642,2.851910771179911e-06,2.6783095223511104
0.0005925580023594181,0.019532390125505013,1.713341720466463e-06,2.6959407143192218
0.0005926399265958842,0.019529690043928363,2.8882966027883193e-06,2.915621442822036
0.0005927218508323503,0.019526990708746066,2.636744517342453e-06,3.001364858016457
0.0005928037750688163,0.01952429211964867,1.730110223357636e-06,3.117312809507944
0.0005928856993052825,0.0195215942763269,4.272890939747402e-06,2.6285259712028504
0.0005929676235417486,0.019518897178471644,1.1797073796157359e-06,2.620098597407842
0.0005930495477782147,0.01951620082577397,3.7841619209152484e-06,2.9794801941733358
0.0005931314720146808,0.01951350521792511,3.5921853442495404e-06,2.622405261799894
0.000593213396251147,0.019510810354616458,1.6151275399318197e-06,3.1257344917964693
0.0005932953204876131,0.019508116235539597,2.038030429218117e-06,2.8101610974854525
0.0005933772447240792,0.01950542286038627,4.4396098718533185e-06,2.744933546720792
0.0005934591689605453,0.019502730228848394,8.177156784382196e-07,3.046020394723629
0.0005935410931970115,0.01950003834061805,2.6671105740823844e-06,2.73628266678661
0.0005936230174334776,0.019497347195387493,4.4701836852523514e-06,-2.6918800207704496
0.0005937049416699436,0.01949465679284915,1.1529639955322827e-06,2.2366333652496224
0.0005937868659064097,0.01949196713269561,2.4502660011198635e-06,-3.1211277985775423
0.0005938687901428759,0.01948927821461964,2.3498501101274846e-06,2.909646332763709
0.000593950714379342,0.019486590038314176,1.1712663858687827e-06,-3.121400176790154
0.0005940326386158081,0.019483902603472318,3.1026221625800103e-06,1.9258689538748885
0.0005941145628522742,0.01948121590978734,2.0785862957670483e-06,3.021426878182576
0.0005941964870887404,0.019478529956952675,2.066594964187556e-06,2.4367898734199196
0.0005942784113252065,0.01947584474466195,3.111056185873709e-06,2.6030408770305913
0.0005943603355616726,0.019473160272608928,3.486651976015022e-06,2.976835872876843
0.0005944422597981387,0.01947047654048757,4.581540196213339e-06,2.791737880187754
0.0005945241840346049,0.019467793547991975,3.7491944303128228e-06,-2.6730851481513547
0.000594606108271071,0.01946511129481645,2.8932664489391556e-06,-2.8744345305882386
0.000594688032507537,0.019462429780655432,1.5949160787063726e-06,-3.0517991045047537
0.0005947699567440031,0.01945974900520355,1.7691554405921468e-06,2.1508881871625825
0.0005948518809804693,0.01945706896815559,3.285205130630509e-06,2.840176711455363
0.0005949338052169354,0.019454389669206523,2.6766065525631418e-06,2.5033396487323816
0.0005950157294534015,0.019451711108051464,1.358144811337109e-06,2.3010461074400266
0.0005950976536898676,0.01944903328438571,2.5041590049538565e-06,-3.1411921799564713
0.0005951795779263338,0.01944635619790472,2.8354640573389976e-06,2.644478555264977
0.0005952615021627999,0.019443679848304123,1.644964199266066e-06,1.8407518684957853
0.000595343426399266,0.019441004235279728,3.1427695954105367e-06,2.45153206333583
0.000595425350635732,0.019438329358527486,3.0430229601883e-07,3.085624056058047
0.0005955072748721982,0.019435655217743535,4.235836994575871e-06,2.7569237950805023
0.0005955891991086643,0.019432981812624178,4.708379934681489e-06,2.936761369346223
0.0005956711233451304,0.019430309142865875,1.3532676657234457e-06,2.6344117293242575
0.0005957530475815965,0.01942763720816526,3.2230062765003405e-06,3.100115226172351
0.0005958349718180627,0.019424966008219136,1.7489648280798329e-06,-2.486199659700438
0.0005959168960545288,0.01942229554272447,8.837373919835015e-07,2.4101739839404734
0.0005959988202909949,0.019419625811378387,3.015893524685812e-06,2.667318097227262
0.000596080744527461,0.0194169568138782,2.6835056767797722e-06,2.662145952802651
0.0005961626687639272,0.019414288549921364,8.622466809440013e-07,1.9439451899616431
0.0005962445930003933,0.01941162101920552,1.9068328347704703e-06,-2.498675399560743
0.0005963265172368594,0.019408954221428465,4.3418490694510015e-06,2.656711777231144
0.0005964084414733254,0.019406288156288157,2.3797596112606737e-06,2.761789639351867
0.0005964903657097916,0.019403622823482732,4.96274945321203e-06,2.6765051845589265
0.0005965722899462577,0.01940095822271049,3.1661317890240486e-06,2.482474020201612
0.0005966542141827238,0.019398294353669885,2.839870277499804e-06,-2.92714138225232
0.0005967361384191899,0.019395631216059556,4.110594086746203e-06,-3.076916243388334
0.0005968180626556561,0.01939296880957828,2.1349035363265094e-06,3.114527907265057
0.0005968999868921222,0.01939030713392503,1.6500501519070135e-06,-2.4215526310570756
0.0005969819111285883,0.019387646188798926,2.7822454951861704e-06,2.4570481375742363
0.0005970638353650544,0.019384985973899257,1.8857770975347245e-06,2.3691958809275175
0.0005971457596015206,0.01938232648892547,3.8089892609674136e-06,2.914628174108776
0.0005972276838379867,0.0193796677335772,3.5590901447251743e-06,2.7281808125228513
0.0005973096080744527,0.019377009707554214,5.563003427204016e-06,-2.4076230232538496
0.0005973915323109188,0.01937435241055647,3.1792911542005135e-06,2.969590133356061
0.000597473456547385,0.019371695842284077,1.7954329409976026e-06,1.929412193441853
0.0005975553807838511,0.019369040002437315,2.197273734375427e-06,2.5616238419886104
0.0005976373050203172,0.019366384890716626,3.587532800694068e-06,2.3501263685902534
0.0005977192292567833,0.019363730506822614,1.6369639958476279e-06,-2.7894364516045087
0.0005978011534932495,0.019361076850456044,3.096448018431643e-06,2.8161887464454747
0.0005978830777297156,0.019358423921317865,6.879984124084628e-07,-0.3987422446107398
0.0005979650019661817,0.019355771719109165,1.5959703344025541e-06,2.3529056621658646
0.0005980469262026479,0.0193531202435312,2.552798178377325e-06,2.8703008641672345
0.000598128850439114,0.019350469494285406,2.6839385266826273e-06,2.059821261610515
0.00059821077467558,0.019347819471073373,4.3765663057732005e-07,3.01449166706683
0.0005982926989120461,0.019345170173596847,2.6266195511238903e-06,3.0036038731073185
0.0005983746231485123,0.019342521601557746,9.164266215730515e-07,1.6570016845474147
0.0005984565473849784,0.01933987375465815,3.4595597055910805e-06,2.8074362725494493
0.0005985384716214445,0.019337226632600298,2.3863898162610425e-06,2.530255934786868
0.0005986203958579106,0.0193345802350866,3.902741789101554e-06,2.345210033705535
0.0005987023200943768,0.019331934561819617,3.1756019174052957e-06,2.608062148501515
0.0005987842443308429,0.01932928961250209,2.483174077325631e-06,2.7814840735644384
0.000598866168567309,0.019326645386836906,3.826290202000837e-06,2.7148296895373805
0.000598948092803775,0.01932400188452712,3.850543560796667e-06,-3.0986460582874478
0.0005990300170402413,0.01932135910527595,1.991811564245148e-06,2.7557678601801086
0.0005991119412767073,0.019318717048786786,3.0331528927695208e-06,-3.133110465297514
0.0005991938655131734,0.019316075714763164,2.1349404131545196e-06,2.5480088764210826
0.0005992757897496395,0.019313435102908786,6.093939824995289e-07,2.364724772918083
0.0005993577139861057,0.019310795212927525,4.460106300679249e-06,-2.766797085643877
0.0005994396382225718,0.019308156044523406,3.393398011733641e-07,1.7008111386175615
0.0005995215624590379,0.019305517597400627,2.8121822416402974e-06,3.0671090646374592
0.000599603486695504,0.01930287987126353,3.75709767850508e-06,2.502595664587816
0.0005996854109319702,0.019300242865816632,3.295134158822873e-06,2.8648898606861346
0.0005997673351684363,0.01929760658076462,3.2969791633650325e-06,2.7250544452173893
0.0005998492594049024,0.019294971015812314,1.8421374686722366e-06,2.9118204224744257
0.0005999311836413684,0.019292336170664726,3.623936406296164e-06,2.9853446954258143
0.0006000131078778346,0.019289702045027002,5.0592593277581965e-06,-3.0503609207210727
0.0006000950321143007,0.019287068638604472,1.3739283882668723e-06,-2.3120986918918383
0.0006001769563507668,0.01928443595110262,1.923526248134152e-06,2.4847564422361437
0.0006002588805872329,0.019281803982227074,4.0408577111943204e-07,-0.6928816871749984
0.0006003408048236991,0.01927917273168365,5.456652582921765e-06,2.8116265763332673
0.0006004227290601652,0.0192765421991783,4.4621119464541765e-06,2.962621066991925
0.0006005046532966313,0.019273912384417162,1.4116278231336285e-06,0.8235820864996617
0.0006005865775330974,0.019271283287106505,4.303041672357892e-06,-3.073066162798988
0.0006006685017695636,0.01926865490695278,2.933522115415748e-06,-2.8386868459541397
0.0006007504260060297,0.019266027243662588,2.736485275304774e-06,-2.6448903595616335
0.0006008323502424957,0.019263400296942703,3.3711015676979044e-06,2.820847886241504
0.0006009142744789618,0.01926077406650004,1.206586031523932e-06,2.0421627536653615
0.000600996198715428,0.01925814855204168,2.1656685273607972e-06,1.7031508109317028
0.0006010781229518941,0.019255523753274877,1.6629462736914923e-06,2.615075992909672
0.0006011600471883602,0.01925289966990703,3.5353358812374444e-06,2.295284063935248
0.0006012419714248263,0.019250276301645698,2.189683483391528e-06,2.354212081864147
0.0006013238956612925,0.019247653648198606,3.923886792030505e-06,2.853647922581852
0.0006014058198977586,0.01924503170927364,3.1849713084359946e-06,-2.8631529891117484
0.0006014877441342247,0.019242410484578833,2.362801524512611e-06,2.4287619535123217
0.0006015696683706908,0.019239789973822388,6.188842217949191e-06,-3.019818587148244
0.000601651592607157,0.019237170176712656,5.4645369513663085e-06,2.5180153699289036
0.000601733516843623,0.01923455109295817,1.3623727615872992e-06,2.9458207344065666
0.0006018154410800891,0.0192319327222676,2.2470604938622408e-06,2.798211995797551
0.0006018973653165552,0.019229315064349776,3.3815287662182606e-06,2.8844660289399053
0.0006019792895530214,0.01922669811891369,3.830100503566283e-06,-2.229218806107898
0.0006020612137894875,0.019224081885668497,1.588324474140298e-06,2.69330108444639
0.0006021431380259536,0.01922146636432351,3.0039087581371363e-06,3.0549946801184364
0.0006022250622624197,0.01921885155458819,4.469193096036407e-06,3.043027276654679
0.0006023069864988859,0.019216237456172167,1.557281583885521e-06,2.275077980422946
0.000602388910735352,0.019213624068785226,4.204035283489216e-06,2.9602384478653705
0.0006024708349718181,0.01921101139213731,5.549940610186986e-06,2.720738253425252
0.0006025527592082841,0.019208399425938518,4.048379222033793e-06,-2.680804688696559
0.0006026346834447503,0.0192057881698991,4.148269755737228e-06,2.7976029698972504
0.0006027166076812164,0.019203177623729476,3.773248671286251e-06,2.221088627636439
0.0006027985319176825,0.019200567787140226,2.5356853326301e-06,2.978082192874288
0.0006028804561541486,0.019197958659842067,3.1269984434023435e-06,2.7444576537353083
0.0006029623803906148,0.01919535024154589,2.6433262151084406e-06,2.823905806513637
0.0006030443046270809,0.019192742531962747,3.6843602992029405e-06,-2.4246994326693465
0.000603126228863547,0.01919013553080383,4.04172703989641e-07,2.322952965243332
0.0006032081531000132,0.01918752923778049,2.638214923580956e-06,-2.74430447038133
0.0006032900773364793,0.019184923652604262,1.6400613216927721e-06,2.5521456611195914
0.0006033720015729454,0.0191823187749868,1.9439924883951796e-06,-2.141003356228285
0.0006034539258094114,0.01917971460463994,4.931770493166007e-06,-3.1393030271477773
0.0006035358500458776,0.019177111141275658,4.322191842738098e-06,2.553673916130508
0.0006036177742823437,0.0191745083846061,4.582758172134871e-06,2.7320255747191706
0.0006036996985188098,0.01917190633434357,1.1531912011722695e-06,2.3103294717977767
0.0006037816227552759,0.019169304990200513,5.24634721924428e-06,-3.0637094166714403
0.0006038635469917421,0.019166704351889535,5.107346782793282e-06,-2.585487131652978
0.0006039454712282082,0.01916410441912341,3.829066193278756e-06,2.4675941712388085
0.0006040273954646743,0.019161505191615053,5.585655541724183e-06,-2.9015496790411985
0.0006041093197011404,0.01915890666907754,2.948519381276531e-06,2.49052684099753
0.0006041912439376066,0.019156308851224102,7.651171545943256e-07,-2.3094712232550276
0.0006042731681740727,0.019153711737768135,3.2644418916306385e-06,2.9522402883299916
0.0006043550924105387,0.019151115328423177,2.5257791339154275e-06,-3.038341087559531
0.0006044370166470048,0.019148519622902923,5.7747377917036205e-06,2.694108891666004
0.000604518940883471,0.01914592462092123,3.3198691272488774e-06,-2.873924506066612
0.0006046008651199371,0.01914333032219211,2.394623088874303e-06,-2.730061628312094
0.0006046827893564032,0.01914073672642972,2.941405613301816e-06,-2.5340879020161586
0.0006047647135928693,0.019138143833348387,2.8364304971185393e-06,2.530721368672409
0.0006048466378293355,0.01913555164266257,2.578232350778259e-06,2.34545951108373
0.0006049285620658016,0.019132960154086914,1.9712282198343608e-06,3.018569172243492
0.0006050104863022677,0.01913036936733619,2.487134437608102e-06,2.2033926482720845
0.0006050924105387338,0.01912777928212534,2.5770750422924285e-06,-2.986370765275515
0.0006051743347752,0.019125189898169456,3.3692002079720875e-06,3.016488106827286
0.000605256259011666,0.01912260121518378,1.7478612102624162e-06,-2.093195204659481
0.0006053381832481321,0.019120013232883717,3.596269708740046e-06,-3.0589061232129935
0.0006054201074845982,0.019117425950984816,2.8026707184996484e-06,3.1051051933281344
0.0006055020317210644,0.019114839369202784,1.8462023068833392e-06,3.026092892331353
0.0006055839559575305,0.019112253487253487,2.059488641353117e-06,3.0198801510650877
0.0006056658801939966,0.019109668304852938,4.950277360812236e-06,-2.89677464209618
0.0006057478044304627,0.01910708382171731,1.218040330892457e-06,-3.0953183241444155
0.0006058297286669289,0.019104500037562915,3.7488862478347815e-06,2.975633663121369
0.000605911652903395,0.01910191695210624,4.0448493538880135e-07,-2.8013678653632548
0.0006059935771398611,0.019099334565063915,4.055367839804723e-06,2.6894772287676862
0.0006060755013763271,0.019096752876152714,1.867028456636748e-06,2.337670210713104
0.0006061574256127933,0.019094171885089575,3.6883534055412163e-06,2.3441388796301994
0.0006062393498492594,0.019091591591591593,2.6553666827236313e-06,2.341294546981231
0.0006063212740857255,0.019089011995376,3.948504449386573e-06,1.656213744366585
0.0006064031983221916,0.019086433096160198,2.043675982541748e-06,2.1818182536734754
0.0006064851225586578,0.01908385489366173,1.7033407371330868e-06,2.4256131585743725
0.0006065670467951239,0.019081277387598294,3.4779289353485903e-06,2.5507497970358366
0.00060664897103159,0.01907870057768775,4.105146591340526e-06,-2.839708885962132
0.0006067308952680561,0.019076124463648092,3.072916844920529e-06,2.551380228544346
0.0006068128195045223,0.019073549045197483,9.20052227602131e-07,-2.928037232199961
0.0006068947437409884,0.019070974322054235,1.2134425946276826e-06,2.443709118563541
0.0006069766679774544,0.019068400293936805,5.474679286521326e-06,3.0544424606566425
0.0006070585922139205,0.019065826960563803,4.102554615806194e-06,2.9651108245855045
0.0006071405164503867,0.019063254321653997,1.4820541547335855e-06,-2.877180518754126
0.0006072224406868528,0.019060682376926305,5.690369656109005e-06,2.833129697750782
0.0006073043649233189,0.019058111126099796,4.3109638560408796e-06,2.354068554845229
0.000607386289159785,0.01905554056889369,5.391042324744845e-06,2.693431113894966
0.0006074682133962512,0.019052970705027344,3.387583991665245e-06,3.0176143026179854
0.0006075501376327173,0.019050401534220305,2.023275043961566e-06,-3.1332869356793824
0.0006076320618691834,0.01904783305619223,3.2818890626238417e-06,3.0799792120392993
0.0006077139861056495,0.019045265270662953,4.695769466349622e-06,2.7888476489568723
0.0006077959103421157,0.019042698177352442,2.7265028202954397e-06,-2.741668275960949
0.0006078778345785817,0.019040131775980833,4.41538606733482e-06,-2.9643386825347413
0.0006079597588150478,0.019037566066268396,4.767318366184705e-06,-2.772168447275389
0.0006080416830515139,0.019035001047935568,4.950023845236855e-06,2.105197278691901
0.0006081236072879801,0.019032436720702917,1.7517580598136818e-06,-2.962301463720262
0.0006082055315244462,0.019029873084291188,1.571362119147461e-06,-2.116646465557119
0.0006082874557609123,0.019027310138421252,3.3489786510600917e-06,2.765764385538067
0.0006083693799973785,0.019024747882814132,3.4604671535778627e-06,3.0080812089239823
0.0006084513042338446,0.019022186317191027,1.8665546153024063e-06,-2.1286395826764832
0.0006085332284703107,0.01901962544127326,2.3829319314477496e-06,-2.465212947772987
0.0006086151527067768,0.01901706525478231,8.481444651997073e-07,2.7060510867788192
0.000608697076943243,0.019014505757439806,4.015728173569758e-06,2.07752929879963
0.000608779001179709,0.01901194694896754,3.6635663525974097e-06,2.3710432842531404
0.0006088609254161751,0.01900938882908743,1.7620823609394718e-06,3.123081312511271
0.0006089428496526412,0.019006831397521563,3.4017983843687637e-06,3.1188396991611747
0.0006090247738891074,0.019004274653992164,2.865531220643007e-06,2.317715666928679
0.0006091066981255735,0.019001718598221622,5.172132141098095e-06,3.0715058355559193
0.0006091886223620396,0.01899916322993246,1.6145489459787355e-06,-2.9051840800535844
0.0006092705465985057,0.018996608548847355,3.8770295874311755e-06,2.735878872214879
0.0006093524708349719,0.01899405455468913,2.8900164659582037e-06,-3.07121587884278
0.000609434395071438,0.018991501247180773,2.5447554754863474e-06,2.2128131215195888
0.0006095163193079041,0.018988948626045398,4.0798624769128994e-06,-2.9847876960712436
0.0006095982435443702,0.01898639669100629,3.1198339924325533e-06,2.7975368418122666
0.0006096801677808363,0.018983845441786853,2.677159268039571e-06,3.116045110554951
0.0006097620920173024,0.018981294878110677,4.2527285016714395e-06,3.0557038356696533
0.0006098440162537685,0.018978744999701477,1.338994553161847e-06,-2.5299345882165603
0.0006099259404902346,0.018976195806283114,4.398117430227909e-06,2.709491579444611
0.0006100078647267008,0.01897364729757961,3.891366299710017e-06,2.4362963869780145
0.0006100897889631669,0.01897109947331513,4.4679216870530755e-06,3.115039595841818
0.000610171713199633,0.018968552333213987,1.1609104061491034e-06,1.9426360643621228
0.0006102536374360991,0.018966005877000643,5.081212981195277e-06,2.9760203890770525
0.0006103355616725653,0.018963460104399702,1.8139875389962787e-06,-2.729163436764685
0.0006104174859090314,0.018960915015135926,3.362668113350491e-06,3.031161979860183
0.0006104994101454975,0.018958370608934218,2.05281083005101e-06,2.5217561646882944
0.0006105813343819635,0.018955826885519625,9.852441790349145e-07,-1.3845297345226542
0.0006106632586184297,0.018953283844617357,2.855741368728531e-06,2.1730328235016616
0.0006107451828548958,0.01895074148595275,3.5365244992531675e-06,3.0515274684709186
0.0006108271070913619,0.018948199809251314,5.358868075218692e-06,3.102934641963108
0.000610909031327828,0.018945658814238674,1.9035868877998507e-06,-2.7668187404067335
0.0006109909555642942,0.018943118500640625,3.744722827247729e-06,3.1295705532606037
0.0006110728798007603,0.018940578868183105,4.470809752122867e-06,2.7010912414898582
0.0006111548040372264,0.018938039916592198,6.665169680781866e-06,-3.066667891828687
0.0006112367282736925,0.018935501645594127,5.136911943304276e-06,2.550084727217075
0.0006113186525101587,0.018932964054915274,3.5520003127947104e-06,2.840814315262148
0.0006114005767466248,0.018930427144282162,1.8464128353951755e-06,-2.490732419367958
0.0006114825009830908,0.01892789091342146,1.2053968235646105e-06,-2.79712912102434
0.0006115644252195569,0.018925355362059984,4.070837227154276e-06,2.5516650629801565
0.0006116463494560231,0.01892282048992469,3.3765565083701705e-06,-2.652692972874508
0.0006117282736924892,0.018920286296742705,4.747996382041436e-06,2.660694628701141
0.0006118101979289553,0.018917752782241268,3.0313886386289715e-06,2.7213023247800203
0.0006118921221654214,0.018915219946147782,3.707398902220309e-06,-3.1197403163944215
0.0006119740464018876,0.018912687788189792,4.11508351025494e-06,2.827311456340116
0.0006120559706383537,0.018910156308095005,3.426850761280151e-06,3.1147098571269862
0.0006121378948748198,0.018907625505591243,3.7910683814270037e-06,3.087812213787236
0.0006122198191112859,0.0189050953804065,2.4994380786153707e-06,2.320997397070272
0.000612301743347752,0.0189025659322689,2.450802588851301e-06,-2.7458997727029395
0.0006123836675842181,0.018900037160906723,4.207090956594766e-06,2.7200502812394363
0.0006124655918206842,0.018897509066048392,3.3859341057638742e-06,2.600565939245988
0.0006125475160571503,0.018894981647422465,4.8230015956148606e-06,-2.469940555722339
0.0006126294402936165,0.018892454904757657,1.9636579305381357e-06,2.5598967848662424
0.0006127113645300826,0.01888992883778283,4.079089541943097e-06,2.16829975146686
0.0006127932887665487,0.018887403446226976,2.365844427590094e-06,-3.0728999959066043
0.0006128752130030148,0.018884878729819247,3.3124892810040675e-06,2.9351450650562585
0.000612957137239481,0.01888235468828893,5.249753195177398e-06,2.540810489245303
0.0006130390614759471,0.018879831321365465,3.422877523584746e-06,2.8648859102263082
0.0006131209857124132,0.01887730862877843,5.73563559170312e-06,2.4619054675172247
0.0006132029099488792,0.018874786610257554,4.2846108755552015e-06,-2.2000735823171578
0.0006132848341853454,0.018872265265532696,5.11629585908146e-06,2.8278425660566033
0.0006133667584218115,0.01886974459433388,2.548115593886105e-06,-2.1784084301939495
0.0006134486826582776,0.01886722459639126,2.896116203216903e-06,2.7401741051131596
0.0006135306068947438,0.01886470527143514,3.2180884357550852e-06,2.64415599559338
0.0006136125311312099,0.018862186619195965,3.2916986525728687e-06,2.5948878452951156
0.000613694455367676,0.01885966863940432,2.5632971751896444e-06,-2.6214705488904637
0.0006137763796041421,0.018857151331790948,2.393529881178532e-06,-2.7164078215345118
0.0006138583038406083,0.018854634696086715,4.063681911804028e-06,1.9166550399241074
0.0006139402280770744,0.018852118732022655,2.0638133279533697e-06,2.647979792060396
0.0006140221523135405,0.018849603439329923,4.499611217822668e-06,3.009501160704829
0.0006141040765500065,0.018847088817739832,3.797637669965131e-06,-2.9275177777950145
0.0006141860007864727,0.018844574866983828,3.6085748307541283e-06,-2.630563539196791
0.0006142679250229388,0.018842061586793513,4.191970076649497e-06,2.4765888597273134
0.0006143498492594049,0.018839548976900624,3.6890387757814924e-06,3.1082004651732236
0.000614431773495871,0.018837037037037038,2.997553793551748e-06,2.1581225822274415
0.0006145136977323372,0.018834525766934777,5.031870822986166e-06,2.6540467069906373
0.0006145956219688033,0.018832015166326016,1.3433163701997382e-06,2.8767965193290364
0.0006146775462052694,0.018829505234943058,1.594896870780741e-06,-2.1033078538059757
0.0006147594704417355,0.01882699597251836,3.853485760356021e-06,1.9888186978381588
0.0006148413946782017,0.01882448737878451,2.8485656388481407e-06,2.8358207370845614
0.0006149233189146678,0.018821979453474257,2.462980277283604e-06,2.360691380723803
0.0006150052431511338,0.01881947219632047,2.926093723648066e-06,2.4458230490446033
0.0006150871673875999,0.018816965607056178,4.966330243689182e-07,2.619523711048115
0.0006151690916240661,0.01881445968541454,3.3526886039212143e-06,-2.998755183751315
0.0006152510158605322,0.018811954431128864,4.8768870539312875e-06,2.5616301208166714
0.0006153329400969983,0.018809449843932603,2.4028577591710618e-06,2.960668952812221
0.0006154148643334644,0.018806945923559342,2.9686295944947717e-06,-2.8353608827375623
0.0006154967885699306,0.018804442669742814,2.5541660951455986e-06,2.9794790999683824
0.0006155787128063967,0.0188019400822169,2.3824932227938997e-06,-2.9146598487691704
0.0006156606370428628,0.018799438160715606,2.684673937508568e-06,2.9762918470023174
0.0006157425612793289,0.018796936904973093,2.6447855506340067e-06,2.874852821491927
0.000615824485515795,0.01879443631472366,1.4170388722836922e-06,-2.9148894817524598
0.0006159064097522611,0.018791936389701752,3.1014180148169624e-06,-3.034474934623981
0.0006159883339887272,0.018789437129641946,1.8947088537714243e-06,2.4633886730794092
0.0006160702582251933,0.01878693853427896,3.085777780200812e-06,2.953357936026028
0.0006161521824616595,0.01878444060334766,3.7936102020479666e-06,2.240984306999362
0.0006162341066981256,0.01878194333658306,2.6972500737421284e-06,2.8326141023071063
0.0006163160309345917,0.018779446733720295,5.335662644056617e-06,2.8685528596396725
0.0006163979551710578,0.018776950794494655,2.204062327519264e-06,2.599543444605269
0.000616479879407524,0.018774455518641563,8.373434491092306e-07,1.7370422270426642
0.0006165618036439901,0.018771960905896595,4.240396782312066e-06,2.5026171192306537
0.0006166437278804562,0.01876946695599545,4.648504560064135e-06,2.9171678778663916
0.0006167256521169222,0.018766973668673987,2.4290410001042067e-06,-1.997864175816349
0.0006168075763533884,0.018764481043668183,3.598133363115234e-06,-2.9113463422132684
0.0006168895005898545,0.018761989080714178,1.1539944566746879e-06,2.660321977001303
0.0006169714248263206,0.01875949777954824,3.6818440614879237e-06,2.9576722463480856
0.0006170533490627867,0.01875700713990677,2.431305828487373e-06,2.2792558690534244
0.0006171352732992529,0.018754517161526322,2.324885699331705e-06,-2.5901272758359717
0.000617217197535719,0.018752027844143586,1.4508926900692196e-06,1.2184026968390156
0.0006172991217721851,0.018749539187495393,2.8281959092154832e-06,2.679414993419033
0.0006173810460086512,0.018747051191318708,1.7399927507495696e-06,2.8374883956704133
0.0006174629702451174,0.01874456385535064,3.891131710206259e-06,-2.826647951756207
0.0006175448944815835,0.01874207717932844,2.5061420374195832e-06,2.7913403160086743
0.0006176268187180495,0.018739591162989493,4.035453476204505e-06,-2.9805370819959958
0.0006177087429545156,0.018737105806071325,4.253859425663827e-06,3.0955737681067577
0.0006177906671909818,0.0187346211083116,4.226396891698501e-06,-2.955637880876804
0.0006178725914274479,0.018732137069448127,4.175767879931247e-06,2.8849241454384944
0.000617954515663914,0.01872965368921885,4.1776927218800494e-06,2.9237974905627784
0.0006180364399003801,0.018727170967361848,3.838469898865237e-06,1.7781752860219133
0.0006181183641368463,0.018724688903615342,2.8311043755557847e-06,2.7942675702869852
0.0006182002883733124,0.0187222074977177,2.646614495526667e-06,2.5718711293376573
0.0006182822126097785,0.018719726749407417,3.2938498275021564e-06,2.999325619104524
0.0006183641368462446,0.01871724665842313,1.4026854676449438e-06,2.546438800163448
0.0006184460610827108,0.01871476722450361,9.63320231083499e-07,3.0348979695293132
0.0006185279853191768,0.018712288447387784,2.1658846093668096e-06,2.3571288620993327
0.0006186099095556429,0.018709810326814697,4.904209578998524e-06,-2.949202800883425
0.0006186918337921091,0.018707332862523535,3.842603231606399e-06,-3.1068753738967905
0.0006187737580285752,0.018704856054253642,8.869569222037171e-07,-2.3756416408169376
0.0006188556822650413,0.018702379901744476,1.8089671400723698e-06,3.092315239522088
0.0006189376065015074,0.018699904404735644,1.937365569224178e-06,3.0493876276703733
0.0006190195307379736,0.018697429562966883,2.5064084370819105e-06,-2.316538848545439
0.0006191014549744397,0.018694955376178084,3.0559091053448954e-06,2.8532820610582577
0.0006191833792109058,0.01869248184410926,4.8073769282712005e-06,2.394229405917458
0.0006192653034473719,0.018690008966500565,3.3732473554085186e-06,2.2122398325037405
0.0006193472276838381,0.018687536743092297,1.8836379087238965e-06,-2.599795899711778
0.0006194291519203041,0.01868506517362489,2.254363628805088e-06,-2.9236131511437247
0.0006195110761567702,0.0186825942578389,5.937447143688071e-06,2.544630671745208
0.0006195930003932363,0.018680123995475046,1.338055910883531e-06,2.4489806969084835
0.0006196749246297025,0.01867765438627416,4.599231726784764e-06,2.4119197490594395
0.0006197568488661686,0.01867518542997723,2.715303818953769e-07,2.963481380106382
0.0006198387731026347,0.018672717126325376,1.894410362199467e-06,3.094948030341343
0.0006199206973391008,0.01867024947505984,2.062984638412792e-06,1.7973623393349418
0.000620002621575567,0.01866778247592201,1.40830134434744e-06,-2.7302701795409443
0.0006200845458120331,0.018665316128653422,4.540085046567372e-06,2.776328578353416
0.0006201664700484992,0.018662850432995745,2.7450706223752307e-06,-2.7824837056514675
0.0006202483942849652,0.018660385388690765,2.7500995272495124e-06,3.0647933356713732
0.0006203303185214314,0.018657920995480425,3.233204253091782e-06,3.0105611547959974
0.0006204122427578975,0.018655457253106796,2.6779618617469857e-06,2.9988136430008487
0.0006204941669943636,0.01865299416131209,2.263924045497532e-06,2.662908732739035
0.0006205760912308297,0.018650531719838652,2.3127064674972974e-06,2.7098894091363905
0.0006206580154672959,0.018648069928428955,1.3091274111352977e-06,2.1640651665653583
0.000620739939703762,0.018645608786825627,3.1871036494213993e-06,2.6557008460116487
0.0006208218639402281,0.018643148294771414,4.250016995626146e-06,-2.7971452564443
0.0006209037881766942,0.018640688452009207,3.8033430306094636e-06,-3.106754977822589
0.0006209857124131604,0.018638229258282027,3.611486275135993e-06,-2.426780694395615
0.0006210676366496265,0.018635770713333038,4.727505462711244e-06,2.7015546097046657
0.0006211495608860925,0.01863331281690554,2.932992355715254e-06,2.195299238180717
0.0006212314851225586,0.018630855568742947,4.438957839730736e-06,-2.8317534618512847
0.0006213134093590248,0.01862839896858884,1.4357468854661146e-06,-2.9968976916786874
0.0006213953335954909,0.01862594301618692,2.1473937704878965e-06,-2.5260774835887876
0.000621477257831957,0.018623487711281014,4.787359245550131e-06,2.2881524347327136
0.0006215591820684231,0.018621033053615104,2.80504934755472e-06,-2.9375682907290126
0.0006216411063048893,0.018618579042933285,1.220542148815718e-06,0.5573637752992515
0.0006217230305413554,0.018616125678979807,3.0061691028177303e-06,3.0788275787720965
0.0006218049547778215,0.01861367296149905,3.7474418962131214e-06,2.593552624658849
0.0006218868790142876,0.018611220890235515,4.7784670014430034e-06,2.9914227420217814
0.0006219688032507538,0.018608769464933846,3.9655925333892215e-06,-2.969675544884034
0.0006220507274872198,0.018606318685338834,3.5799359260505136e-06,-2.9902568345665195
0.0006221326517236859,0.018603868551195387,2.0263349933815496e-06,2.8317020923294884
0.000622214575960152,0.018601419062248558,2.07903587528654e-06,2.9814880346398627
0.0006222965001966182,0.018598970218243516,2.2804019798682823e-06,2.9273311947825795
0.0006223784244330843,0.018596522018925598,3.5607145279507825e-06,1.927135594461114
0.0006224603486695504,0.018594074464040242,1.9168182209452816e-06,-2.7071000250110626
0.0006225422729060165,0.018591627553333042,1.9308645839631073e-06,1.7364101645743546
0.0006226241971424827,0.018589181286549707,2.8604165023464213e-06,-2.7296936104644836
0.0006227061213789488,0.018586735663436098,3.1826215361267136e-06,3.0488314525161617
0.0006227880456154149,0.018584290683738198,2.5626216232002335e-06,-2.4617029969976474
0.000622869969851881,0.018581846347202127,2.5397629334747564e-06,2.6014320667266433
0.0006229518940883471,0.01857940265357414,5.113271094538082e-06,3.025297065532644
0.0006230338183248132,0.018576959602600626,3.257985673923786e-07,-2.9026001447820633
0.0006231157425612793,0.01857451719402811,4.137124867438841e-06,-2.41196932570975
0.0006231976667977454,0.01857207542760323,1.0169456226413334e-06,2.527568803101955
0.0006232795910342116,0.018569634303072787,1.1956887934023918e-06,0.8111317675020232
0.0006233615152706777,0.0185671938201837,1.911072254528163e-06,2.3212478235889407
0.0006234434395071438,0.01856475397868302,2.8321772672730864e-06,2.4610938350417113
0.0006235253637436099,0.018562314778317934,2.4182629268690594e-06,3.0072109929024156
0.0006236072879800761,0.018559876218835755,1.0755421550554026e-06,2.6072134135764657
0.0006236892122165422,0.018557438299983943,1.152447056299222e-06,1.159278644541045
0.0006237711364530083,0.018555001021510083,2.3488217344223778e-06,2.4645575568559863
0.0006238530606894743,0.018552564383161888,3.8713839807248084e-06,-3.094628268725945
0.0006239349849259405,0.018550128384687208,2.6477979968781383e-06,-2.612169446026146
0.0006240169091624066,0.018547693025834026,3.9263852396773305e-06,2.76467484750995
0.0006240988333988727,0.018545258306350457,3.0794819988863565e-06,-2.9722179613105517
0.0006241807576353389,0.018542824225984744,2.0542314870110772e-06,2.407491973661168
0.000624262681871805,0.01854039078448527,3.676839064167088e-06,2.884676664163145
0.0006243446061082711,0.018537957981600548,1.2026553692006622e-06,3.0146287569699433
0.0006244265303447372,0.018535525817079217,3.14794581273054e-06,2.6911194149709683
0.0006245084545812034,0.018533094290670047,3.0475642427252743e-07,1.9896895552151215
0.0006245903788176695,0.018530663402121953,2.3338693633112263e-06,-3.000446694980097
0.0006246723030541356,0.01852823315118397,2.7793342482486837e-06,1.9749197937856862
0.0006247542272906016,0.01852580353760527,4.109166749221268e-06,2.6966366422290386
0.0006248361515270678,0.018523374561135147,1.2923566824198407e-06,-3.0927317832545653
0.0006249180757635339,0.018520946221523043,4.07413806656255e-06,2.6514335434173435
0.000625,0.018518518518518517,2.1754367240846196e-06,-2.7144485514567696
0.0006250819242364661,0.018516091451871268,5.701200204661111e-06,2.379078045215929
0.0006251638484729323,0.018513665021331116,3.706352973100115e-06,-3.0191963138156725
0.0006252457727093984,0.018511239226648032,2.2648552090043382e-06,-2.9349877673465534
0.0006253276969458645,0.01850881406757209,4.102138288273018e-06,2.932594917744076
0.0006254096211823306,0.018506389543853523,4.522826436226119e-06,2.3955687445394958
0.0006254915454187968,0.018503965655242666,2.7777425292270003e-06,2.771556100756917
0.0006255734696552629,0.018501542401490018,2.442630362433521e-06,2.593147497413225
0.0006256553938917289,0.01849911978234618,1.4449310956658259e-06,-3.0834227627498674
0.000625737318128195,0.018496697797561898,3.411744024479768e-06,2.297058712148555
0.0006258192423646612,0.018494276446888044,9.56798460042147e-07,1.911773638401617
0.0006259011666011273,0.018491855730075626,3.778218872501671e-06,-2.959247434962209
0.0006259830908375934,0.018489435646875774,2.64423389063844e-06,2.726711470322642
0.0006260650150740595,0.01848701619703975,4.114787894190958e-06,-2.7814058111647917
0.0006261469393105257,0.018484597380318952,4.816786302876325e-06,2.7255218850982583
0.0006262288635469918,0.018482179196464908,1.3888910993523737e-06,-2.5331832140255957
0.0006263107877834579,0.01847976164522927,2.1580948399675367e-06,2.997757287600345
0.000626392712019924,0.018477344726363823,6.0441896490788856e-06,2.783293940206015
0.0006264746362563902,0.018474928439620474,3.8446948416636216e-06,-2.698564460421632
0.0006265565604928562,0.018472512784751278,2.9664378975855283e-06,2.99483693843392
0.0006266384847293223,0.018470097761508403,4.4944721529115655e-06,2.7441538978831606
0.0006267204089657884,0.018467683369644154,5.489221182500286e-06,2.5740755393030796
0.0006268023332022546,0.018465269608910963,1.5955185318982674e-06,-2.6818340994442336
0.0006268842574387207,0.01846285647906139,2.3563340059171573e-06,1.8130181770060012
0.0006269661816751868,0.018460443979848137,1.1259719214004272e-06,-2.8618565135037373
0.0006270481059116529,0.018458032111024012,3.5847717276188922e-06,2.502606269503933
0.0006271300301481191,0.018455620872341965,3.7491450095071677e-06,-2.9686548026911397
0.0006272119543845852,0.018453210263555092,1.238942117256688e-06,2.6138527329505106
0.0006272938786210513,0.018450800284416584,4.171713818212664e-06,-2.6739605305616436
0.0006273758028575173,0.018448390934679783,2.028880783630217e-06,2.5349568561265823
0.0006274577270939835,0.018445982214098152,4.0025006131128136e-06,3.1302261190284515
0.0006275396513304496,0.018443574122425296,3.683954666770038e-06,2.710212456822538
0.0006276215755669157,0.018441166659414927,3.7197841269178926e-07,-2.789441721878393
0.0006277034998033818,0.01843875982482091,2.172308360563168e-06,-2.524190942724071
0.000627785424039848,0.018436353618397204,3.2772363976386585e-06,-3.0951466570526955
0.0006278673482763141,0.018433948039897934,4.483181836343356e-06,2.6151849496560926
0.0006279492725127802,0.018431543089077334,2.209539067040046e-06,2.879179154115788
0.0006280311967492463,0.018429138765689773,2.107628025163939e-06,2.716631677819386
0.0006281131209857125,0.018426735069489733,2.124489632572444e-06,-2.675745336286917
0.0006281950452221786,0.01842433200023184,2.7519999786541134e-06,-3.0097607186672293
0.0006282769694586446,0.018421929557670854,2.578090179438105e-06,-2.868270197699506
0.0006283588936951107,0.01841952774156164,3.447835053716137e-06,3.0615704404449815
0.0006284408179315769,0.018417126551659207,2.2337757582689605e-06,3.0296336028031114
0.000628522742168043,0.018414725987718688,5.601633180190947e-06,-3.0581501316384623
0.0006286046664045091,0.018412326049495345,3.4924290607695593e-06,3.0421191326196944
0.0006286865906409752,0.018409926736744565,2.8232612101709467e-06,-2.881957252801406
0.0006287685148774414,0.01840752804922186,8.521676387804211e-07,1.1085824715847394
0.0006288504391139075,0.018405129986682877,2.0865964859970098e-06,3.0623189435998013
0.0006289323633503736,0.018402732548883388,3.956022841784567e-06,2.122293357478678
0.0006290142875868397,0.01840033573557929,3.795407251093276e-06,1.7269763839710899
0.0006290962118233059,0.0183979395465266,2.222780188164851e-06,2.493574092826043
0.0006291781360597719,0.018395543981481483,4.025027786749176e-06,2.7362631502460513
0.000629260060296238,0.018393149040200205,3.0838482110789863e-06,2.568657085144363
0.0006293419845327042,0.018390754722439177,3.266056243970196e-06,-2.6182093842249
0.0006294239087691703,0.018388361027954936,4.894603851451731e-06,2.928700453271121
0.0006295058330056364,0.018385967956504136,1.9285547547377035e-06,2.8350588777811248
0.0006295877572421025,0.01838357550784356,2.5996921364384087e-06,-2.7441584899303084
0.0006296696814785687,0.018381183681730126,4.173021173718083e-06,2.2463812661382763
0.0006297516057150348,0.018378792477920874,1.4691145462641374e-06,-2.790968177325376
0.0006298335299515009,0.018376401896172966,3.7840177021668068e-06,-3.097715110310187
0.000629915454187967,0.018374011936243696,3.3972062995945205e-06,1.7629891383809881
0.0006299973784244332,0.018371622597890474,3.4055944680289803e-06,2.9045378706494978
0.0006300793026608992,0.018369233880870858,1.3340141294279648e-06,2.467357928068417
0.0006301612268973653,0.01836684578494251,2.592227113240313e-06,2.6697398098983482
0.0006302431511338314,0.018364458309863222,3.145028737669019e-06,3.038596614171383
0.0006303250753702976,0.018362071455390924,3.369490064644768e-06,2.730483554879481
0.0006304069996067637,0.01835968522128366,2.8163953313307485e-06,2.954780767621943
0.0006304889238432298,0.018357299607299607,8.195409796291025e-07,1.257291679976288
0.0006305708480796959,0.018354914613197063,2.2703127061624633e-06,-2.803340664780698
0.0006306527723161621,0.018352530238734444,1.989888537852446e-06,-2.5878600903275206
0.0006307346965526282,0.018350146483670317,2.9890884408132896e-06,2.701974897968545
0.0006308166207890943,0.01834776334776335,2.4056104904501976e-06,2.49196817842614
0.0006308985450255603,0.018345380830772338,1.3188949934809755e-06,-2.533647146865672
0.0006309804692620265,0.018342998932456216,1.8785091119499818e-06,3.0962059369595165
0.0006310623934984926,0.018340617652574033,2.6336075765202083e-06,2.6580551133692736
0.0006311443177349587,0.018338236990884965,3.774002135238083e-06,-2.7045590356927787
0.0006312262419714248,0.018335856947148316,2.6176756282615736e-06,3.1222008722386905
0.000631308166207891,0.01833347752112351,3.013692573862823e-06,2.514347539971123
0.0006313900904443571,0.0183310987125701,6.273071262954891e-07,1.2781041276331409
0.0006314720146808232,0.018328720521247767,7.355676085775837e-07,2.9583744627709967
0.0006315539389172893,0.018326342946916305,2.8339727753346876e-06,2.651612686975688
0.0006316358631537555,0.01832396598933564,1.9731896203097177e-06,-2.752895371064467
0.0006317177873902216,0.018321589648265826,4.160950913236794e-06,2.6651454667129904
0.0006317997116266876,0.018319213923467036,3.7822869805887476e-06,-3.094682143297814
0.0006318816358631537,0.01831683881469957,1.314763933580907e-06,2.7001959417810393
0.0006319635600996199,0.018314464321723848,3.341403992419754e-06,2.4683835239188454
0.000632045484336086,0.018312090444300422,3.390800732674176e-06,2.9570085265239827
0.0006321274085725521,0.018309717182189964,2.7074666219221803e-06,2.7045692291983325
0.0006322093328090182,0.018307344535153272,2.3908807438308605e-06,2.7069308857268175
0.0006322912570454844,0.018304972502951253,2.986274849865376e-06,2.9696846914617336
0.0006323731812819505,0.018302601085344962,2.5099898098453942e-06,-3.112535132420888
0.0006324551055184166,0.018300230282095566,4.891119403870854e-06,2.700348015374993
0.0006325370297548827,0.018297860092964354,4.309676319906506e-06,2.9002448666892096
0.0006326189539913489,0.01829549051771274,1.840815269950364e-06,2.58010151442846
0.0006327008782278149,0.018293121556102264,2.9590049068400574e-06,-2.323396707760192
0.000632782802464281,0.018290753207894587,9.225251464183821e-07,3.0903945594560023
0.0006328647267007471,0.01828838547285149,8.889378704838266e-07,-1.6608236260613036
0.0006329466509372133,0.01828601835073489,4.050816545944449e-06,2.937831306155786
0.0006330285751736794,0.018283651841306817,4.442372914367613e-06,3.0907537380079146
0.0006331104994101455,0.018281285944329425,3.199251653949823e-06,2.774372463218908
0.0006331924236466116,0.018278920659564987,1.5600377410611656e-06,2.3443396210382623
0.0006332743478830778,0.018276555986775907,4.862911635712146e-06,2.554743257198926
0.0006333562721195439,0.018274191925724714,1.9949919673943533e-06,1.7721144492556113
0.00063343819635601,0.018271828476174052,4.4503461292554324e-06,-2.675429393449599
0.000633520120592476,0.018269465637886693,4.190437840272035e-06,3.137574467219524
0.0006336020448289422,0.01826710341062552,2.1461999108135122e-06,1.8042432741573902
0.0006336839690654083,0.018264741794153556,2.9184781142077214e-06,2.4824153185452236
0.0006337658933018744,0.01826238078823394,2.966073129746247e-06,-2.3136896506129383
0.0006338478175383405,0.018260020392629934,3.724936652418492e-06,3.029221988314385
0.0006339297417748067,0.018257660607104906,2.0963664100508333e-06,2.176690192849921
0.0006340116660112728,0.018255301431422375,2.659410148902265e-06,-2.63294460299625
0.0006340935902477389,0.018252942865345966,4.9937449290361945e-06,2.6990635386140984
0.000634175514484205,0.018250584908639424,3.1863497965062844e-06,2.8831335947501064
0.0006342574387206712,0.01824822756106662,4.507115031594891e-06,2.839415207218109
0.0006343393629571373,0.018245870822391548,3.509195334498847e-06,-3.00781136009088
0.0006344212871936033,0.01824351469237833,2.223419912950711e-06,-2.200390135980346
0.0006345032114300695,0.01824115917079119,2.8035410409274898e-06,2.8602945280634797
0.0006345851356665356,0.0182388042573945,1.4467164492491722e-06,3.1137174079009258
0.0006346670599030017,0.018236449951952727,4.6755946758205115e-06,2.6523033124187827
0.0006347489841394678,0.018234096254230482,3.938657295184728e-06,-2.694785976657572
0.000634830908375934,0.018231743163992484,5.8660757844597575e-06,-2.6546174867011083
0.0006349128326124001,0.018229390681003585,1.6839929733247102e-06,-2.715260229654667
0.0006349947568488662,0.018227038805028743,2.6848482565222177e-06,-2.7387567145433898
0.0006350766810853323,0.018224687535833048,3.0716793160201824e-06,2.376445366552162
0.0006351586053217985,0.018222336873181706,2.6896771286856676e-06,-2.520044248888409
0.0006352405295582646,0.018219986816840054,2.5669802081419203e-07,1.7641275667527363
0.0006353224537947306,0.018217637366573537,4.2731622406318555e-06,2.8745918648873254
0.0006354043780311967,0.018215288522147727,3.2813417423564177e-06,-2.961241581058078
0.0006354863022676629,0.018212940283328316,2.900423114854756e-06,2.666867496822917
0.000635568226504129,0.018210592649881126,2.4998573943541824e-06,-3.0758394286126816
0.0006356501507405951,0.01820824562157208,1.893423322526954e-06,-2.209779365525184
0.0006357320749770612,0.01820589919816724,2.7316665058280153e-06,-2.986744668349693
0.0006358139992135274,0.018203553379432774,4.641438503965126e-06,2.1513423917852386
0.0006358959234499935,0.01820120816513499,4.775792337434079e-06,1.9694085818608873
0.0006359778476864596,0.01819886355504029,1.528419534051348e-06,2.026536459378721
0.0006360597719229257,0.018196519548915224,3.164347738432378e-06,-2.8686664057368594
0.0006361416961593919,0.018194176146526433,3.672267837104724e-06,2.258845725489874
0.000636223620395858,0.018191833347640712,3.4652353279617396e-06,2.8572759591038395
0.000636305544632324,0.01818949115202495,4.013020868983873e-06,2.3918306488480634
0.0006363874688687901,0.018187149559446163,4.312491954165259e-06,-3.0689675603639537
0.0006364693931052563,0.018184808569671484,4.377300725889865e-06,3.0267035524771866
0.0006365513173417224,0.01818246818246818,4.28771433635864e-06,-3.0560362274845376
0.0006366332415781885,0.018180128397603624,5.099003300912826e-06,-3.0890420108590777
0.0006367151658146546,0.018177789214845315,3.2151763662894724e-06,3.0974138527734745
0.0006367970900511208,0.018175450633960862,1.8940193684731424e-06,-2.93983671137937
0.0006368790142875869,0.018173112654718007,3.9631715587325945e-06,-2.4374196267223414
0.000636960938524053,0.018170775276884602,2.8831169363211458e-06,-2.5921973973729338
0.000637042862760519,0.018168438500228624,4.977575782496253e-06,-3.1262302740838344
0.0006371247869969852,0.018166102324518166,2.1531202435414565e-06,-2.612126722722221
0.0006372067112334513,0.018163766749521443,4.826120414116563e-06,2.757529744205756
0.0006372886354699174,0.018161431775006783,2.4849736244768274e-06,2.8354829118712854
0.0006373705597063835,0.018159097400742646,2.1644631951970213e-06,-1.9368453980430713
0.0006374524839428497,0.018156763626497593,3.2451433216225578e-06,1.8171624345744384
0.0006375344081793158,0.01815443045204032,7.98328615656902e-07,3.1272995081153536
0.0006376163324157819,0.018152097877139634,2.0153250243392483e-06,1.8805345280135655
0.000637698256652248,0.018149765901564464,1.5100011279368042e-06,-3.115514859691151
0.0006377801808887142,0.01814743452508385,1.5545382312143972e-06,2.464303801793822
0.0006378621051251803,0.018145103747466963,3.706147881666687e-06,-2.781319641677431
0.0006379440293616464,0.018142773568483084,4.1092495209605155e-06,-2.7516215862491613
0.0006380259535981124,0.018140443987901614,2.489635477686484e-06,-2.4299813320380634
0.0006381078778345786,0.018138115005492072,1.17928268221368e-06,3.1148081938064034
0.0006381898020710447,0.018135786621024105,1.3847281808992902e-06,1.7317546323760389
0.0006382717263075108,0.01813345883426746,3.6759093683810246e-06,1.8990690309810805
0.0006383536505439769,0.018131131644992013,4.42203917504647e-06,2.0915179562452857
0.0006384355747804431,0.018128805052967763,3.6633668901430756e-06,2.445974407133003
0.0006385174990169092,0.018126479057964814,2.4216253383434465e-06,3.004135270675229
0.0006385994232533753,0.018124153659753405,5.0012589310693975e-06,2.5800720130705947
0.0006386813474898414,0.018121828858103872,2.7841117199579676e-06,-2.8783903994584796
0.0006387632717263076,0.018119504652786684,1.8319457201711303e-06,2.4692740344477193
0.0006388451959627737,0.018117181043572426,5.8258387887829006e-06,2.759445606527009
0.0006389271201992397,0.018114858030231797,4.85761544147958e-06,-2.75768870755828
0.0006390090444357058,0.01811253561253561,1.7733187296408184e-06,2.234707148760373
0.000639090968672172,0.01811021379025481,4.521904823412108e-06,2.681872496322318
0.0006391728929086381,0.018107892563160442,3.103249070276072e-06,2.9450140774332296
0.0006392548171451042,0.018105571931023683,1.9722456840247982e-06,-2.5636334184396503
0.0006393367413815703,0.01810325189361581,5.034549281751196e-06,3.136618807092511
0.0006394186656180365,0.018100932450708235,2.5601453469314608e-06,2.901458341416129
0.0006395005898545026,0.01809861360207248,1.7916651515933979e-06,-2.750687725868157
0.0006395825140909687,0.018096295347480182,3.919316324181863e-06,2.1791976492470644
0.0006396644383274348,0.018093977686703098,2.577653052343384e-06,2.4063900559653466
0.000639746362563901,0.018091660619513096,2.478282365403672e-06,-2.6368920390442288
0.000639828286800367,0.01808934414568217,1.251796166636005e-06,-2.9633633949912697
0.0006399102110368331,0.01808702826498243,2.2541067994034866e-06,2.735213895230646
0.0006399921352732993,0.018084712977186095,4.671321354782314e-06,2.59994978645493
0.0006400740595097654,0.018082398282065502,3.429415997998032e-06,-2.964363158854563
0.0006401559837462315,0.01808008417939311,3.3060145480960235e-06,-2.3961343550520517
0.0006402379079826976,0.018077770668941496,2.9310752024017446e-06,3.031042587004692
0.0006403198322191638,0.01807545775048334,1.6022042176736303e-06,2.3831074329108297
0.0006404017564556299,0.018073145423791452,4.2729010759260255e-06,-3.0938561991546414
0.000640483680692096,0.018070833688638755,4.87956751236268e-06,-2.754757975590899
0.000640565604928562,0.018068522544798283,2.965032409878638e-06,2.2240454891658663
0.0006406475291650283,0.018066211992043193,4.805975370829272e-06,2.52925911980626
0.0006407294534014943,0.018063902030146756,1.1671179599249814e-06,-2.642405591224607
0.0006408113776379604,0.018061592658882353,4.376288419276687e-06,-2.8946860082305172
0.0006408933018744265,0.018059283878023493,3.2734462729062884e-06,-2.9588231316580935
0.0006409752261108927,0.018056975687343785,2.92411755781897e-06,2.831517646150106
0.0006410571503473588,0.018054668086616966,2.8074836417267645e-06,-1.96687750848851
0.0006411390745838249,0.01805236107561689,2.879609655748924e-06,-2.5021107186764455
0.000641220998820291,0.018050054654117513,2.797728901803806e-06,1.0146146318037146
0.0006413029230567572,0.018047748821892917,5.333342588723368e-06,-3.128538243485204
0.0006413848472932233,0.0180454435787173,1.654828278200463e-06,-1.8058314922596066
0.0006414667715296894,0.018043138924364977,2.1791972338679736e-06,-1.5707346980002244
0.0006415486957661554,0.018040834858610365,2.8837561216550468e-06,-2.770952924016851
0.0006416306200026216,0.018038531381228008,4.5782674293904536e-06,2.758607117698798
0.0006417125442390877,0.018036228491992566,2.376245772625685e-06,2.8120773355295143
0.0006417944684755538,0.01803392619067881,2.9672541257945168e-06,-2.7937585917736922
0.0006418763927120199,0.01803162447706162,2.6432015395837863e-06,-2.7758300207220348
0.0006419583169484861,0.018029323350916,4.994368200799219e-06,2.9407875924808793
0.0006420402411849522,0.01802702281201707,1.535450932533489e-06,3.00411924186045
0.0006421221654214183,0.01802472286014006,2.175936845089119e-06,3.107240153743173
0.0006422040896578844,0.01802242349506031,4.279716211374879e-06,2.848592940257436
0.0006422860138943506,0.018020124716553284,2.289127621279407e-06,-2.424215957364319
0.0006423679381308167,0.018017826524394563,3.2642233858651116e-06,-2.843052512292359
0.0006424498623672827,0.01801552891835983,3.7872947045298504e-06,-3.048699348206299
0.0006425317866037488,0.018013231898224884,1.1053133482068365e-06,-2.944989557652851
0.000642613710840215,0.01801093546376565,5.518834967366769e-06,3.04283104430696
0.0006426956350766811,0.01800863961475816,3.130648645417227e-06,2.536709525946736
0.0006427775593131472,0.01800634435097856,3.7636605197811665e-06,3.059618818071764
0.0006428594835496133,0.018004049672203107,5.526301036525796e-06,-2.9603227849039477
0.0006429414077860795,0.018001755578208177,2.3483641641572676e-06,2.839535048600768
0.0006430233320225456,0.01799946206877026,2.83462178607192e-06,3.0754704570368885
0.0006431052562590117,0.017997169143665958,1.6813482941764359e-06,2.3949232786185584
0.0006431871804954778,0.01799487680267199,2.8519460671530666e-06,-2.9281718163672052
0.000643269104731944,0.017992585045565175,3.913755013052832e-06,2.9441868143186336
0.00064335102896841,0.017990293872122472,2.97137261454051e-06,2.2145891408669622
0.0006434329532048761,0.01798800328212093,1.6018442765962178e-06,2.138300367125401
0.0006435148774413422,0.01798571327533772,1.5834030375237311e-06,-1.4444248275117109
0.0006435968016778084,0.017983423851550124,4.368750235086507e-06,-3.0765182412435386
0.0006436787259142745,0.017981135010535543,2.3139120361637162e-06,2.563761491942121
0.0006437606501507406,0.01797884675207149,3.5529869751499803e-06,-2.781968896321523
0.0006438425743872067,0.017976559075935587,2.6046493183592694e-06,2.769762588384754
0.0006439244986236729,0.017974271981905567,5.402826360178241e-06,2.8741613098104373
0.000644006422860139,0.01797198546975929,1.905594975534612e-06,3.1306874891685856
0.0006440883470966051,0.01796969953927471,1.895925077119307e-06,2.2877927924791197
0.0006441702713330711,0.01796741419022991,4.126426138612948e-06,2.8184707531227122
0.0006442521955695373,0.017965129422403074,2.60942942836755e-06,2.564204668263642
0.0006443341198060034,0.017962845235572508,2.3749403218308317e-06,1.7655209040513975
0.0006444160440424695,0.017960561629516626,1.2759307168430652e-06,-1.0837524117868642
0.0006444979682789356,0.017958278604013955,2.703214032383001e-06,1.8404456747519973
0.0006445798925154018,0.01795599615884313,2.7051269912269243e-06,2.860519837632872
0.0006446618167518679,0.017953714293782917,4.0680105117577095e-06,3.0848002580097207
0.000644743740988334,0.01795143300861217,4.077847717107499e-06,3.0184813334257052
0.0006448256652248001,0.01794915230310987,6.74567759853793e-07,2.711443814793595
0.0006449075894612663,0.017946872177055102,1.6497746347632228e-06,2.6661192895623094
0.0006449895136977324,0.017944592630227078,1.7252177616387886e-06,2.247445023870414
0.0006450714379341984,0.017942313662405104,3.155031875550465e-06,2.5221717171570557
0.0006451533621706646,0.017940035273368602,3.903471163751045e-06,2.9730002126428
0.0006452352864071307,0.017937757462897125,4.115638551092098e-06,-2.330961392433067
0.0006453172106435968,0.017935480230770316,4.205613572844932e-06,3.031711239073727
0.0006453991348800629,0.017933203576767934,2.7465687493907767e-06,-2.9569913347239907
0.0006454810591165291,0.017930927500669852,2.6644904324417816e-06,3.054713595053419
0.0006455629833529952,0.01792865200225606,3.097135000364274e-06,2.755104977364655
0.0006456449075894613,0.017926377081306656,3.2239598578403168e-06,-2.9048022825695416
0.0006457268318259274,0.01792410273760185,4.206759882094385e-06,2.592200347971288
0.0006458087560623936,0.017921828970921955,3.5193786303946114e-06,-2.5984841783019714
0.0006458906802988597,0.01791955578104741,3.6282647553714928e-06,2.9725467619818753
0.0006459726045353257,0.017917283167758754,3.91347136252296e-06,-2.892995446872387
0.0006460545287717918,0.017915011130836645,2.347655100502554e-06,-3.0014431798221146
0.000646136453008258,0.017912739670061843,1.9272615645131487e-06,2.810422716134866
0.0006462183772447241,0.017910468785215235,2.152308036555755e-06,3.048124505293754
0.0006463003014811902,0.017908198476077802,1.704248825831636e-06,-3.087343751430163
0.0006463822257176563,0.017905928742430643,2.5832726934116375e-06,-2.729784727652216
0.0006464641499541225,0.01790365958405497,4.626577253248505e-06,-2.9117906033938734
0.0006465460741905886,0.017901391000732104,2.3308071355774443e-06,1.8155313416091021
0.0006466279984270547,0.01789912299224348,3.870455481182074e-06,-3.0512542347061498
0.0006467099226635208,0.017896855558370634,2.9005083698713028e-06,-2.960208796156005
0.000646791846899987,0.01789458869889522,1.8167754566932861e-06,2.649672011361637
0.000646873771136453,0.017892322413599008,9.71498042439576e-07,2.136311666610452
0.0006469556953729191,0.01789005670226387,1.8009014956925818e-06,2.0370576165233523
0.0006470376196093852,0.01788779156467179,2.5090813619063747e-06,2.175283541884252
0.0006471195438458514,0.017885527000604858,1.3410252765819378e-06,2.1853784664004396
0.0006472014680823175,0.017883263009845288,4.6839559095849165e-06,2.853716474425683
0.0006472833923187836,0.01788099959217539,3.926807670867649e-06,-3.125023459024462
0.0006473653165552497,0.0178787367473776,2.9073522701106214e-06,-2.8159207111211852
0.0006474472407917159,0.01787647447523444,2.851080224359326e-06,2.294387951348485
0.000647529165028182,0.017874212775528565,4.2033787980790085e-06,2.77431838119908
0.0006476110892646481,0.017871951648042728,3.904393382410078e-06,2.9229073218036183
0.0006476930135011141,0.0178696910925598,3.210781481518372e-06,2.6943109316463407
0.0006477749377375803,0.017867431108862752,4.358538171864054e-06,2.4055888546879176
0.0006478568619740464,0.017865171696734673,3.4119244203414046e-06,-2.612258440062297
0.0006479387862105125,0.017862912855958753,3.83210112308976e-06,2.7142799707895016
0.0006480207104469786,0.017860654586318303,2.245167496286989e-06,1.8793006377515762
0.0006481026346834448,0.017858396887596734,3.553187173623034e-06,2.761676240479752
0.0006481845589199109,0.017856139759577574,2.6773712757799107e-06,3.0111487285396223
0.000648266483156377,0.017853883202044455,3.298198927552895e-06,-2.184042686975424
0.0006483484073928431,0.017851627214781122,3.7574183321226498e-06,2.8677710911357384
0.0006484303316293093,0.017849371797571418,3.853681677728704e-06,2.7634832522961768
0.0006485122558657754,0.017847116950199315,1.8493267028717196e-06,2.058691199224828
0.0006485941801022414,0.01784486267244888,3.2189598258167167e-06,-2.2644013871377457
0.0006486761043387075,0.017842608964104292,3.503727843534224e-06,2.950261526369968
0.0006487580285751737,0.01784035582494984,1.5187353263358932e-06,2.955177438882738
0.0006488399528116398,0.01783810325476992,3.371055708934835e-06,2.832694873424564
0.0006489218770481059,0.017835851253349043,3.1658587767406634e-06,2.3494553550359645
0.000649003801284572,0.01783359982047182,1.800823339590323e-06,-2.674010495321031
0.0006490857255210382,0.01783134895592298,2.781231371067875e-06,-3.130833957402986
0.0006491676497575043,0.01782909865948735,2.528731451990928e-06,2.734386456863786
0.0006492495739939704,0.017826848930949876,6.49551766116926e-06,-3.0922057695547434
0.0006493314982304365,0.017824599770095605,3.209654504291338e-06,-2.9958204348320003
0.0006494134224669027,0.0178223511767097,3.745298221011112e-06,1.9895153165195982
0.0006494953467033687,0.01782010315057742,2.972045648037902e-07,3.0272628887852737
0.0006495772709398348,0.017817855691484145,1.969818847929982e-06,-2.7736744195585454
0.0006496591951763009,0.017815608799215357,3.691205360733153e-06,2.1560408061995706
0.0006497411194127671,0.017813362473556648,4.856760962527585e-06,-3.131791306159981
0.0006498230436492332,0.017811116714293716,3.340269439324334e-06,2.6243945167660176
0.0006499049678856993,0.017808871521212376,4.117609491352114e-06,-2.9822890779910547
0.0006499868921221654,0.017806626894098534,5.84500154727425e-07,2.3937813313541207
0.0006500688163586316,0.01780438283273822,4.277506828077704e-06,2.5029230184356326
0.0006501507405950977,0.01780213933691756,3.0374553924448995e-06,-2.808243523747618
0.0006502326648315638,0.0177998964064228,4.1348002632868574e-06,-2.3740789353864202
0.00065031458906803,0.017797654041040282,3.730080723185151e-06,2.7918141906576754
0.000650396513304496,0.017795412240556464,4.112258013991055e-06,2.8880824836262824
0.0006504784375409621,0.017793171004757906,3.4925541298543612e-06,-3.125985819143014
0.0006505603617774282,0.01779093033343128,4.393516993223801e-06,2.877924217162024
0.0006506422860138944,0.017788690226363355,2.025437068146393e-06,2.6833104619353274
0.0006507242102503605,0.017786450683341025,3.169759868573919e-06,2.731847520959721
0.0006508061344868266,0.01778421170415128,1.6127553307035663e-06,2.8132342169794176
0.0006508880587232927,0.017781973288581217,1.0175739121183098e-06,-2.6028333293812835
0.0006509699829597589,0.017779735436418042,1.883181704981024e-06,-2.8509929827755247
0.000651051907196225,0.017777498147449073,3.886957019974602e-06,-3.077023225426417
0.0006511338314326911,0.017775261421461724,5.0835187273635105e-06,2.825798662203208
0.0006512157556691572,0.017773025258243525,3.4109792305726894e-06,-3.0120023189066507
0.0006512976799056233,0.01777078965758211,4.9710322630519496e-06,2.8700406897865856
0.0006513796041420894,0.01776855461926522,3.0257246199627065e-06,2.8481944470499223
0.0006514615283785555,0.017766320143080706,1.1598856744027106e-06,0.8331347686047325
0.0006515434526150216,0.01776408622881652,5.449781514422634e-06,-3.023842159457171
0.0006516253768514878,0.01776185287626072,2.5213073537768154e-06,-2.6104452723588385
0.0006517073010879539,0.01775962008520148,1.3490765588245944e-06,2.9505934125829927
0.00065178922532442,0.017757387855427072,3.0686509430509287e-06,-3.063144005001578
0.0006518711495608861,0.017755156186725875,3.243458405970486e-06,2.804050647320662
0.0006519530737973523,0.017752925078886372,3.949635204864568e-06,-3.0641954643504037
0.0006520349980338184,0.01775069453169717,2.858209415159548e-06,2.9449774569764346
0.0006521169222702845,0.017748464544946958,3.5945743579931495e-07,-2.2101202972109038
0.0006521988465067505,0.01774623511842454,2.2348119017931164e-06,-2.4028503142722957
0.0006522807707432167,0.017744006251918836,3.204602582373506e-06,3.135046791540274
0.0006523626949796828,0.01774177794521886,5.858850850205787e-07,-2.6560833067067926
0.0006524446192161489,0.017739550198113734,2.8949913635701357e-06,2.7864578962555924
0.000652526543452615,0.01773732301039269,4.560394497014872e-06,2.7554355373632955
0.0006526084676890812,0.01773509638184506,4.518781180993716e-06,-2.8555834757461676
0.0006526903919255473,0.017732870312260295,1.9186975368957084e-06,1.8523025846088879
0.0006527723161620134,0.017730644801427935,3.1968507902437213e-06,3.011147995616416
0.0006528542403984795,0.01772841984913763,3.490206578802037e-06,2.8833271993572596
0.0006529361646349457,0.01772619545517914,6.580633937470475e-06,-2.949915536232482
0.0006530180888714118,0.01772397161934234,1.5503927505093656e-06,2.572741006259051
0.0006531000131078778,0.01772174834141718,4.196410487605962e-06,2.8271533888781977
0.0006531819373443439,0.017719525621193753,3.5397194140734425e-06,-2.605827245261112
0.0006532638615808101,0.017717303458462223,5.188860342315604e-06,2.5584368073385266
0.0006533457858172762,0.017715081853012887,1.7083328254983541e-06,2.869900123181367
0.0006534277100537423,0.017712860804636132,3.245395229678994e-06,-2.8354948912055353
0.0006535096342902084,0.017710640313122448,5.106440550469611e-06,2.948819571852183
0.0006535915585266746,0.017708420378262445,2.440126756428307e-06,2.868585022582811
0.0006536734827631407,0.01770620099984682,2.9756198143898105e-06,2.7549574729721362
0.0006537554069996068,0.01770398217766639,2.033683498634101e-06,1.005034785405552
0.0006538373312360729,0.017701763911512063,3.9994220654610876e-06,2.7008747204678083
0.000653919255472539,0.017699546201174865,4.314887273893141e-06,-2.8738764576074316
0.0006540011797090051,0.017697329046445918,1.7938843327986521e-06,1.5750674827618334
0.0006540831039454712,0.017695112447116454,2.7819291067854053e-06,-2.660773862887944
0.0006541650281819373,0.017692896402977807,3.0542874822332655e-06,2.4647442676437987
0.0006542469524184035,0.017690680913821408,4.46848774966438e-06,-2.9368872834183226
0.0006543288766548696,0.01768846597943881,1.5838209669941647e-06,2.985635838411817
0.0006544108008913357,0.017686251599621654,3.828135139381974e-06,2.367587072359391
0.0006544927251278018,0.017684037774161696,3.2171822124097646e-06,2.2900887294308636
0.000654574649364268,0.017681824502850784,9.819175179493264e-07,-2.7198567121514152
0.0006546565736007341,0.017679611785480887,3.458502041939987e-06,3.0074500478597357
0.0006547384978372002,0.017677399621844066,4.665880885423949e-06,2.5993509614228105
0.0006548204220736662,0.017675188011732488,3.696017851132202e-06,-2.6527355128276717
0.0006549023463101324,0.017672976954938423,2.2971254398416637e-06,3.123115317549406
0.0006549842705465985,0.017670766451254254,3.7108114848821626e-06,3.092378079507526
0.0006550661947830646,0.017668556500472457,5.105692059413595e-06,2.749598311636661
0.0006551481190195307,0.01766634710238562,1.1195821303150313e-06,2.588219057641325
0.0006552300432559969,0.017664138256786418,3.2186404739955616e-06,3.0448439969182592
0.000655311967492463,0.017661929963467656,3.6524088182076124e-06,2.6275716749012585
0.0006553938917289291,0.017659722222222222,6.073037293863951e-06,2.775258449763345
0.0006554758159653953,0.017657515032843116,5.251515975168853e-06,2.9212453580828446
0.0006555577402018614,0.017655308395123442,3.407035494393394e-06,3.1005372340242623
0.0006556396644383275,0.0176531023088564,5.141738050419448e-07,2.7107442842021405
0.0006557215886747935,0.017650896773835304,3.989052658239139e-06,-3.0126805157405627
0.0006558035129112597,0.017648691789853562,3.375773831517746e-07,-0.058827417555774225
0.0006558854371477258,0.017646487356704692,1.4307815149434435e-06,0.675405970625507
0.0006559673613841919,0.01764428347418231,4.791935041870842e-06,2.640475351609892
0.000656049285620658,0.017642080142080144,1.2552978968891142e-06,3.1272772942877807
0.0006561312098571242,0.017639877360192006,5.6042702485226e-06,-3.0395645362726733
0.0006562131340935903,0.017637675128311832,3.6720160226127606e-06,2.8124329900284017
0.0006562950583300564,0.01763547344623365,1.8625414763395823e-06,2.800554465315935
0.0006563769825665225,0.017633272313751593,5.903499719871597e-06,2.9433839003734437
0.0006564589068029887,0.0176310717306599,3.4311817854823134e-06,3.1326142037854368
0.0006565408310394548,0.017628871696752903,3.8181502026998505e-06,1.905843654278819
0.0006566227552759208,0.01762667221182505,3.639602698758016e-06,3.1413206273320458
0.0006567046795123869,0.01762447327567088,1.5555777386236093e-06,2.8554000654870237
0.0006567866037488531,0.01762227488808504,1.413432135530008e-06,2.5207345875214977
0.0006568685279853192,0.01762007704886228,3.6384386647374644e-06,-2.9849338471388847
0.0006569504522217853,0.017617879757797453,3.6885938022009445e-06,3.043776109793014
0.0006570323764582514,0.01761568301468551,2.518568192483493e-06,-2.8928870029400287
0.0006571143006947176,0.0176134868193215,2.0947027826547994e-06,2.7897227135253098
0.0006571962249311837,0.017611291171500596,2.162891521291023e-06,2.508341898411744
0.0006572781491676498,0.017609096071018043,1.9903405829465698e-06,2.860913704796432
0.0006573600734041159,0.017606901517669214,2.608829693054654e-06,2.7460901781089575
0.000657441997640582,0.017604707511249564,7.962052781701778e-07,-0.28060956982640917
0.0006575239218770481,0.017602514051554666,1.757664612200359e-06,2.3363722498855917
0.0006576058461135142,0.017600321138380188,4.414586410418201e-06,2.5783856330584727
0.0006576877703499803,0.017598128771521896,2.728894203148679e-06,2.2468284293815235
0.0006577696945864465,0.01759593695077566,3.6412635985369067e-06,2.62586607006868
0.0006578516188229126,0.017593745675937456,4.20515415310086e-06,2.978905592510952
0.0006579335430593787,0.01759155494680336,3.448647457509689e-06,-2.525815094129017
0.0006580154672958448,0.017589364763169545,3.940945348265543e-06,2.9248738741827984
0.000658097391532311,0.017587175124832287,3.910189855759549e-06,3.072134667821034
0.0006581793157687771,0.017584986031587972,3.7205666562810732e-06,-2.9324110642998273
0.0006582612400052432,0.017582797483233076,3.2040673978395475e-06,2.418315430675498
0.0006583431642417092,0.017580609479564184,3.4738415921724265e-07,2.562976101910452
0.0006584250884781754,0.017578422020377973,4.5902889641362394e-06,-2.9044163519522903
0.0006585070127146415,0.01757623510547123,6.154506258481231e-07,-2.0208064131950922
0.0006585889369511076,0.017574048734640847,2.5481028979571075e-06,1.7964672053886468
0.0006586708611875737,0.017571862907683804,1.5870816054784289e-06,2.783526206968176
0.0006587527854240399,0.017569677624397186,2.40182422278936e-06,2.964309267825414
0.000658834709660506,0.017567492884578186,4.341891234464725e-06,-2.8076291343859956
0.0006589166338969721,0.017565308688024094,1.7711019723114847e-06,-3.0961752981343786
0.0006589985581334382,0.017563125034532296,3.5726401514234487e-06,2.8623262884088447
0.0006590804823699044,0.01756094192390028,3.737492000916782e-06,-2.450301956699127
0.0006591624066063705,0.01755875935592565,4.285337854790814e-06,2.954386178719276
0.0006592443308428365,0.017556577330406088,2.1582717053415795e-06,2.9987856378849007
0.0006593262550793026,0.017554395847139387,1.6644613039382785e-06,3.019487443923474
0.0006594081793157688,0.01755221490592344,3.3016367289232364e-06,3.0711401765994344
0.0006594901035522349,0.017550034506556244,3.6660914111091226e-06,-2.11025869680808
0.000659572027788701,0.017547854648835893,3.3673964188444445e-06,2.4649530406183633
0.0006596539520251671,0.01754567533256058,3.2223032948899304e-06,2.5713361165528963
0.0006597358762616333,0.017543496557528595,1.6933370103071112e-06,1.970887667779193
0.0006598178004980994,0.01754131832353834,3.6543666279968014e-06,2.7768759784005845
0.0006598997247345655,0.017539140630388302,3.009698566028641e-06,-3.129895118799283
0.0006599816489710316,0.017536963477877084,5.615894936692057e-06,2.714385114264788
0.0006600635732074978,0.01753478686580337,3.7889107257439013e-06,2.4298896070664866
0.0006601454974439638,0.017532610793965966,3.1245819799144852e-06,2.3796211940721035
0.0006602274216804299,0.017530435262163763,2.5939511185678695e-06,-2.8951145905846922
0.000660309345916896,0.017528260270195755,3.2645797966587905e-06,2.4726251602092324
0.0006603912701533622,0.01752608581786103,8.967635930351639e-07,-2.9937390995473456
0.0006604731943898283,0.01752391190495879,2.3324706095920783e-06,2.6070527954231193
0.0006605551186262944,0.017521738531288328,4.080424504635629e-06,2.8123797945419953
0.0006606370428627606,0.017519565696649027,3.0867690104655884e-06,2.4585115254258825
0.0006607189670992267,0.017517393400840395,5.47134361304616e-06,3.070025531251612
0.0006608008913356928,0.01751522164366201,2.375743763417989e-06,-3.077036101814654
0.0006608828155721589,0.017513050424913572,4.5973584265160734e-06,3.107305024278349
0.0006609647398086251,0.017510879744394865,2.51373089873095e-06,-3.1214278389298675
0.0006610466640450911,0.017508709601905783,5.271638571675635e-06,-2.9944585410042164
0.0006611285882815572,0.01750653999724632,3.0756402631378778e-06,-2.893556775563186
0.0006612105125180233,0.01750437093021655,1.3858006809598243e-06,-2.841725478189212
0.0006612924367544895,0.01750220240061667,3.905850632745867e-06,3.049639797339615
0.0006613743609909556,0.01750003440824697,1.3179129280890276e-06,-3.1298258344221983
0.0006614562852274217,0.017497866952907826,2.1527680869349376e-06,2.275712549311579
0.0006615382094638878,0.017495700034399726,9.85593842455918e-07,-2.4834010430899998
0.000661620133700354,0.01749353365252325,1.1999850921005598e-06,1.0165032639894287
0.0006617020579368201,0.017491367807079085,4.378009547087383e-06,2.4505396528431524
0.0006617839821732862,0.01748920249786801,2.0330005170792636e-06,2.573480785241767
0.0006618659064097522,0.0174870377246909,1.4994480514339135e-06,3.126217232758653
0.0006619478306462184,0.017484873487348732,1.2204467775910172e-06,-2.6486555091133845
0.0006620297548826845,0.01748270978564259,1.4305915969480964e-06,3.0603325666242043
0.0006621116791191506,0.017480546619373642,2.495213048990027e-06,2.9213499265952767
0.0006621936033556167,0.01747838398834316,6.238927780756302e-07,2.0417489098790025
0.0006622755275920829,0.01747622189235252,2.4522466374136435e-06,2.3956376637011396
0.000662357451828549,0.017474060331203186,3.731683186348457e-06,2.6870654991412777
0.0006624393760650151,0.017471899304696732,3.1512369680231675e-06,2.762956980300903
0.0006625213003014812,0.01746973881263482,2.4304101634715256e-06,2.382591770691279
0.0006626032245379474,0.01746757885481921,3.0813078863925994e-06,2.951913900346704
0.0006626851487744135,0.01746541943105177,2.931758319044041e-06,3.137170816617708
0.0006627670730108795,0.01746326054113446,2.7495217016585426e-06,2.5817479803996926
0.0006628489972473456,0.017461102184869334,4.542060738201829e-06,2.9271149289161804
0.0006629309214838118,0.017458944362058547,2.2947507005061678e-06,2.978580563437778
0.0006630128457202779,0.017456787072504358,3.264297620024577e-06,-2.436511619932248
0.000663094769956744,0.017454630316009113,2.202419568097264e-06,2.8899492736629413
0.0006631766941932101,0.017452474092375266,4.333251354185613e-06,-2.819936905815983
0.0006632586184296763,0.017450318401405356,3.26121697766265e-06,2.6495446237906104
0.0006633405426661424,0.017448163242902034,1.7804488569204247e-06,3.0708834292199225
0.0006634224669026085,0.01744600861666804,1.0421714926518468e-06,-2.852559253278449
0.0006635043911390746,0.01744385452250621,1.2266637605617917e-06,2.6832803638181173
0.0006635863153755408,0.017441700960219478,2.565043008227071e-06,2.1686278186294676
0.0006636682396120068,0.017439547929610884,2.2380816919040264e-06,2.5300640037932447
0.0006637501638484729,0.017437395430483556,2.603729219937759e-06,2.910959554703321
0.000663832088084939,0.017435243462640724,4.619228292363753e-06,2.9973689007077384
0.0006639140123214052,0.017433092025885707,1.8966496729780117e-06,1.8516462427607352
0.0006639959365578713,0.017430941120021932,2.6045927742367676e-06,-2.9066231288149136
0.0006640778607943374,0.017428790744852922,2.5840316417004946e-06,2.9266797381148724
0.0006641597850308035,0.017426640900182287,3.577720936979945e-06,2.707819538614345
0.0006642417092672697,0.017424491585813735,2.2566632693977883e-06,2.7728781859203426
0.0006643236335037358,0.01742234280155109,2.0464711021539934e-06,2.609509355034957
0.0006644055577402019,0.017420194547198245,2.3916274583712134e-06,-2.5374317085311806
0.000664487481976668,0.017418046822559215,1.1750969011722165e-06,2.0292532393870384
0.0006645694062131341,0.01741589962743809,6.585588518935841e-06,2.9514183312935356
0.0006646513304496002,0.017413752961639068,1.0738546934909834e-06,3.0619687125078223
0.0006647332546860663,0.01741160682496645,2.926465156622139e-06,2.849204986435077
0.0006648151789225324,0.017409461217224618,4.1808851311544925e-06,2.7809931550624065
0.0006648971031589986,0.01740731613821806,1.5765192710617292e-06,3.120891705439466
0.0006649790273954647,0.01740517158775136,3.0181282844398757e-06,1.300013339626624
0.0006650609516319308,0.017403027565629194,1.0151216578696266e-06,2.4608603238184856
0.0006651428758683969,0.017400884071656336,3.592996108823479e-06,2.0939779343367166
0.0006652248001048631,0.017398741105637657,4.51112865093957e-06,2.9807696112706767
0.0006653067243413292,0.017396598667378128,1.123259805453509e-06,2.182553927739527
0.0006653886485777953,0.01739445675668281,4.787385540552455e-06,2.9848886718835885
0.0006654705728142613,0.01739231537335686,3.608993589133162e-06,3.1240926109925273
0.0006655524970507275,0.017390174517205533,3.7210665408587906e-06,3.0938228162336867
0.0006656344212871936,0.01738803418803419,1.0416551161863673e-06,2.567123386095796
0.0006657163455236597,0.017385894385648262,3.838879631913511e-06,3.1330334922473493
0.0006657982697601258,0.0173837551098533,3.796757762428518e-06,3.0222319307603867
0.000665880193996592,0.017381616360454943,1.562221178893261e-06,3.1336872079672458
0.0006659621182330581,0.017379478137258923,2.9969143953574643e-06,2.924161451178202
0.0006660440424695242,0.017377340440071068,1.6361725096252357e-06,-3.0361697908892347
0.0006661259667059904,0.017375203268697303,1.5640579395506235e-06,-3.1282328509007855
0.0006662078909424565,0.01737306662294365,3.807818014685756e-06,-2.980403750914078
0.0006662898151789226,0.01737093050261623,2.672332335157275e-06,-3.11412210570971
0.0006663717394153886,0.017368794907521242,3.409571397690572e-06,3.0893054173677257
0.0006664536636518548,0.017366659837464996,2.035060243267933e-06,3.130406951828373
0.0006665355878883209,0.017364525292253907,1.7377579386416167e-06,1.2246520791921793
0.000666617512124787,0.017362391271694453,2.0187292511303556e-06,2.7088360562417284
0.0006666994363612531,0.01736025777559324,3.713739580268809e-06,2.48657925559114
0.0006667813605977193,0.017358124803756942,2.90967296613545e-06,2.8792889129237165
0.0006668632848341854,0.017355992355992354,1.6042227365589756e-06,-2.743217081734259
0.0006669452090706515,0.01735386043210635,2.5349365950141517e-06,-3.0024158278351276
0.0006670271333071176,0.01735172903190589,3.33184629442758e-06,-3.0553154129137035
0.0006671090575435838,0.017349598155198053,7.933595052361327e-07,3.077672499523463
0.0006671909817800499,0.01734746780179,3.842980422147899e-06,2.92900383040906
0.0006672729060165159,0.017345337971488985,6.975385772394149e-07,-2.827105975984724
0.000667354830252982,0.017343208664102355,1.3048870564892408e-06,2.475918147696052
0.0006674367544894482,0.017341079879437556,3.9361704911728704e-06,2.8743808858114623
0.0006675186787259143,0.01733895161730213,3.238249702890765e-06,2.700531096448906
0.0006676006029623804,0.017336823877503713,4.902665226360798e-06,2.507347380526245
0.0006676825271988465,0.017334696659850036,2.2141673130399806e-06,3.1092133978980234
0.0006677644514353127,0.01733256996414891,3.5432431070229864e-06,2.8061838769057923
0.0006678463756717788,0.017330443790208264,3.70294699861898e-06,-2.7722733546816927
0.0006679282999082449,0.017328318137836106,2.054009369692572e-06,-1.8076338871570492
0.000668010224144711,0.017326193006840542,5.775593308214781e-07,-2.2112703088398318
0.0006680921483811771,0.017324068397029768,2.8269579760705005e-06,-1.7217284623679465
0.0006681740726176432,0.017321944308212087,2.232415096601125e-06,2.30596266675396
0.0006682559968541093,0.01731982074019588,3.4318473426396394e-06,2.8774345288342684
0.0006683379210905754,0.017317697692789628,2.52154227961876e-06,-1.8968549796024692
0.0006684198453270416,0.017315575165801907,3.4304755679370404e-06,1.9723244786640122
0.0006685017695635077,0.017313453159041394,5.470235235025137e-06,2.6162349326156527
0.0006685836937999738,0.017311331672316847,4.48138822494671e-06,2.2584126575132317
0.0006686656180364399,0.01730921070543712,3.5015096496790295e-06,2.9533598715702163
0.0006687475422729061,0.01730709025821117,2.492136677396772e-06,3.0433716734016887
0.0006688294665093722,0.017304970330448036,6.147048596294066e-07,-2.952764091993439
0.0006689113907458383,0.017302850921956863,9.410090294619799e-07,2.9549961737689783
0.0006689933149823043,0.017300732032546874,4.749005462250129e-06,2.6722880912552838
0.0006690752392187705,0.0172986136620274,3.3067674259023875e-06,3.0495339244457664
0.0006691571634552366,0.017296495810207858,2.633931971911308e-06,2.9425705343472104
0.0006692390876917027,0.017294378476897757,3.940234879498908e-06,-2.9325546278045915
0.0006693210119281688,0.017292261661906703,3.032866032181367e-06,-2.713877077517139
0.000669402936164635,0.017290145365044397,4.185575385337736e-06,-2.80312139674288
0.0006694848604011011,0.017288029586120628,3.0213516754514196e-06,1.9953390802863544
0.0006695667846375672,0.01728591432494528,2.8202366853624366e-06,2.9028886804737026
0.0006696487088740333,0.01728379958132833,4.127738755423738e-06,2.8836070124463054
0.0006697306331104995,0.01728168535507985,3.7445872127565e-06,2.6755449606957296
0.0006698125573469656,0.017279571646010003,3.558401322159949e-06,-2.9611252937685553
0.0006698944815834316,0.017277458453929043,5.7080379734951465e-06,-2.9569096036613938
0.0006699764058198977,0.01727534577864732,3.7157436836503456e-06,2.5186803815377172
0.0006700583300563639,0.017273233619975275,2.427332603465355e-06,-2.957044051204331
0.00067014025429283,0.017271121977723444,3.5858436166978127e-06,3.136300997328527
0.0006702221785292961,0.017269010851702453,3.87846523316996e-06,2.6457195500726454
0.0006703041027657622,0.017266900241723025,2.482708909413362e-06,-2.6350357117438175
0.0006703860270022284,0.017264790147595965,2.71603508938387e-06,2.6700452881694376
0.0006704679512386945,0.01726268056913218,2.787241273520893e-06,2.598992554453813
0.0006705498754751606,0.017260571506142672,3.2939214805598934e-06,3.1158453333721603
0.0006706317997116267,0.01725846295843853,3.0286763968131e-06,-2.9200390018249958
0.0006707137239480929,0.017256354925830924,1.8510137322607203e-06,-2.385367792089389
0.0006707956481845589,0.01725424740813114,1.9815869125845016e-06,2.498777605083559
0.000670877572421025,0.01725214040515054,3.009531402548407e-06,-2.9818013545298805
0.0006709594966574911,0.017250033916700585,3.3182314505425617e-06,-3.1011088595475895
0.0006710414208939573,0.017247927942592816,3.7251607325148705e-06,-3.0402625533412344
0.0006711233451304234,0.017245822482638888,2.145141589594656e-06,-2.7898435727364577
0.0006712052693668895,0.017243717536650528,1.2502344338215078e-06,2.327504776293406
0.0006712871936033557,0.01724161310443956,2.866408152877785e-06,-2.2388077199031007
0.0006713691178398218,0.01723950918581791,1.9777508638423744e-06,2.4197034404391293
0.0006714510420762879,0.01723740578059758,2.4986789612361355e-06,2.517479454749049
0.000671532966312754,0.017235302888590678,3.2214132262780806e-06,2.5842270214869605
0.0006716148905492202,0.017233200509609387,3.27376242774486e-06,2.6035442633038315
0.0006716968147856862,0.017231098643466003,4.079481618337668e-06,2.9723450174800514
0.0006717787390221523,0.0172289972899729,2.4479559740730548e-06,2.9952955880687258
0.0006718606632586184,0.01722689644894254,2.5175335179289787e-06,2.096240158520406
0.0006719425874950846,0.017224796120187486,3.659449411905414e-06,-3.1185287762772655
0.0006720245117315507,0.01722269630352039,3.422899337661052e-06,2.3645206117773307
0.0006721064359680168,0.017220596998753994,4.1121680117177125e-06,-2.9947246537515992
0.0006721883602044829,0.017218498205701132,3.949449229575543e-06,2.958572964038308
0.0006722702844409491,0.01721639992417472,2.2010614142808575e-06,-2.5662928193818084
0.0006723522086774152,0.01721430215398779,1.5000742497927942e-06,2.7629188319412252
0.0006724341329138813,0.017212204894953433,3.6685016014943376e-06,2.8159305785060824
0.0006725160571503473,0.017210108146884857,3.2859547945285774e-06,-2.5582981935853777
0.0006725979813868135,0.017208011909595342,1.1496187986448555e-06,2.574437237179958
0.0006726799056232796,0.01720591618289828,2.7515505832775833e-06,2.657699325697041
0.0006727618298597457,0.017203820966607133,5.183617763254039e-06,2.934426370156608
0.0006728437540962118,0.017201726260535465,3.2204606780717435e-06,-2.9744240680233958
0.000672925678332678,0.017199632064496928,2.132923727340732e-06,1.7590117035342725
0.0006730076025691441,0.017197538378305267,9.76668878380333e-07,2.2541088482403078
0.0006730895268056102,0.017195445201774316,2.873969997136634e-06,2.7642819080731447
0.0006731714510420763,0.017193352534717998,2.3445470997663675e-06,-2.879000045788021
0.0006732533752785425,0.017191260376950325,2.6278678698649867e-06,-2.1867439111167983
0.0006733352995150086,0.01718916872828541,2.9489027990730506e-06,3.0446269674407036
0.0006734172237514746,0.017187077588537443,2.3876831910901088e-06,2.6730287490759386
0.0006734991479879407,0.01718498695752071,3.127004782910856e-06,2.4097658640702306
0.0006735810722244069,0.017182896835049595,2.8614565772863314e-06,2.3049499320056737
0.000673662996460873,0.01718080722093856,3.5442822818229006e-06,-2.873004168038148
0.0006737449206973391,0.017178718115002163,1.0490078525151465e-06,2.360432854372416
0.0006738268449338052,0.01717662951705505,2.0759632125294173e-06,2.740934355469427
0.0006739087691702714,0.01717454142691196,1.8650183028255296e-06,-2.956110871796711
0.0006739906934067375,0.01717245384438772,3.1598348086117516e-06,3.117219871139449
0.0006740726176432036,0.01717036676929725,4.566299431342358e-06,-3.0703610515613424
0.0006741545418796697,0.017168280201455558,2.8058695631580783e-06,2.964948634730491
0.0006742364661161359,0.017166194140677736,5.134298967030244e-06,-3.0238789258118284
0.0006743183903526019,0.01716410858677898,1.1558948662133007e-06,2.774992803957039
0.000674400314589068,0.01716202353957456,1.7285842535599061e-06,2.584476245406781
0.0006744822388255341,0.01715993899887985,2.050805635300038e-06,-3.0970894182043813
0.0006745641630620003,0.017157854964510295,3.541233371308448e-06,2.0658800846215257
0.0006746460872984664,0.017155771436281456,2.5826196391806296e-06,2.392052892929483
0.0006747280115349325,0.017153688414008956,3.082144784775865e-06,-3.072828709482214
0.0006748099357713986,0.017151605897508533,1.3117003237473368e-06,0.7840110423340705
0.0006748918600078648,0.01714952388659599,6.553227403190209e-07,2.209879839583061
0.0006749737842443309,0.01714744238108724,1.0429996582891921e-06,2.616782287725479
0.000675055708480797,0.017145361380798273,2.5634600877055575e-06,-2.9403540612745735
0.000675137632717263,0.017143280885545176,2.118472529145513e-06,2.2713852941505874
0.0006752195569537292,0.01714120089514411,2.4103469469442366e-06,2.3183024248956112
0.0006753014811901953,0.017139121409411352,3.0793982989127463e-06,2.7313625787624654
0.0006753834054266614,0.017137042428163243,2.5893232714667644e-06,-2.5502379461961353
0.0006754653296631275,0.017134963951216223,3.908702936930478e-06,2.3346609804754643
0.0006755472538995937,0.017132885978386823,3.0894801058562584e-06,3.1180065873064757
0.0006756291781360598,0.017130808509491665,1.6417014903263372e-06,-2.8196328581776333
0.0006757111023725259,0.01712873154434745,1.92307781015774e-06,-2.1135519568407037
0.000675793026608992,0.017126655082770975,4.287275734518689e-06,-2.7915156127422867
0.0006758749508454582,0.017124579124579122,2.352560532209724e-06,-2.8720760193085413
0.0006759568750819243,0.01712250366958887,6.861169439428714e-07,-2.2589694980327826
0.0006760387993183903,0.017120428717617278,3.1875163912716704e-06,2.690799760978933
0.0006761207235548564,0.017118354268481496,1.4755733746781863e-06,-3.060483697639884
0.0006762026477913226,0.017116280321998762,3.0363213374690007e-06,-3.001714843790884
0.0006762845720277887,0.017114206877986406,1.7371448339979604e-06,3.139828173021615
0.0006763664962642548,0.017112133936261844,8.322696554258531e-07,-1.8529908553126795
0.000676448420500721,0.017110061496642577,4.092505036187395e-06,3.0143546556259415
0.0006765303447371871,0.017107989558946206,5.008854758609061e-06,-2.6206343011739874
0.0006766122689736532,0.017105918122990407,3.373369561455689e-06,2.796557984300482
0.0006766941932101193,0.017103847188592952,3.7365016202976606e-06,-3.058962060854267
0.0006767761174465855,0.017101776755571695,1.5118987481203276e-06,1.4112425120288192
0.0006768580416830516,0.017099706823744586,3.834794251153288e-06,3.0814533640105983
0.0006769399659195176,0.01709763739292966,1.4729017975913492e-06,1.6937876076178173
0.0006770218901559837,0.017095568462945035,3.374214205232403e-06,1.4723685162152327
0.0006771038143924499,0.017093500033608926,5.308591171507848e-06,2.882545669378633
0.000677185738628916,0.017091432104739627,2.160317124227205e-06,-2.9650113388019705
0.0006772676628653821,0.01708936467615553,2.4693773060859303e-06,-2.913517756107199
0.0006773495871018482,0.017087297747675107,4.007845268871501e-06,2.4221197719926932
0.0006774315113383144,0.017085231319116913,4.6769581328050985e-06,2.92814386122562
0.0006775134355747805,0.01708316539029961,3.4839400840685075e-06,-2.6597070921478054
0.0006775953598112466,0.01708109996104193,1.4542904091663387e-06,2.4788465970710543
0.0006776772840477127,0.01707903503116269,3.3167210482048618e-06,-2.8599140514125683
0.0006777592082841789,0.017076970600480815,3.021425567189912e-06,-3.092695513193118
0.000677841132520645,0.017074906668815296,2.950022100074035e-06,2.938283650274145
0.000677923056757111,0.01707284323598523,2.6252249957013475e-06,1.401376744819976
0.0006780049809935771,0.017070780301809786,5.179120238158093e-06,2.336382172747215
0.0006780869052300433,0.017068717866108224,1.1142512585065063e-06,2.3276537140717433
0.0006781688294665094,0.0170666559286999,8.691034967149795e-07,2.887524544458803
0.0006782507537029755,0.01706459448940425,4.473760241274073e-06,2.962590359887106
0.0006783326779394416,0.017062533548040795,3.609099962021159e-06,2.017402253581693
0.0006784146021759078,0.01706047310442915,2.827123141514033e-06,2.5745907342054357
0.0006784965264123739,0.017058413158389008,3.5265483745452588e-06,2.9905768310532816
0.00067857845064884,0.017056353709740162,1.0834445446408995e-06,2.242498818290985
0.000678660374885306,0.017054294758302484,1.1898834792618623e-06,2.4699495576411463
0.0006787422991217722,0.017052236303895928,5.889173386840337e-06,2.8799056972285646
0.0006788242233582383,0.017050178346340546,1.9514296870783915e-06,2.7523060427182946
0.0006789061475947044,0.017048120885456472,2.7965375400856063e-06,-3.025388856269139
0.0006789880718311705,0.01704606392106392,2.264317506754672e-06,-2.272589724671425
0.0006790699960676367,0.017044007452983203,2.491574080311599e-06,2.545754529225794
0.0006791519203041028,0.017041951481034715,2.099149930527056e-06,3.1253164845970773
0.0006792338445405689,0.01703989600503893,1.5790021763728668e-06,2.252280818942669
0.000679315768777035,0.017037841024816425,2.4874738800072193e-06,-2.48320218201719
0.0006793976930135012,0.01703578654018784,3.198074641790136e-06,2.4839999854293953
0.0006794796172499673,0.01703373255097393,3.3846737904694176e-06,-3.08685988325764
0.0006795615414864334,0.017031679056995513,1.9733004586239304e-06,-2.7264852732912095
0.0006796434657228994,0.017029626058073503,3.872814557638732e-06,-2.642198071431028
0.0006797253899593656,0.017027573554028896,3.434514769370522e-06,-3.0428244427469058
0.0006798073141958317,0.017025521544682787,3.0358747177442384e-06,2.9152821295575704
0.0006798892384322978,0.017023470029856342,1.2804687305625338e-06,-2.967046551632997
0.0006799711626687639,0.017021419009370816,4.15686666796129e-07,-2.8802372991069825
0.0006800530869052301,0.017019368483047557,1.288055078873042e-06,0.9652466100210711
0.0006801350111416962,0.017017318450707995,1.9570335855742695e-06,1.981201343007341
0.0006802169353781623,0.017015268912173646,5.41118942368098e-06,-2.8488964269308767
0.0006802988596146284,0.01701321986726611,3.2117595439737607e-06,-3.139370242240973
0.0006803807838510946,0.017011171315807077,3.1093850541128998e-06,1.8709551053898243
0.0006804627080875607,0.01700912325761832,4.596602536724718e-06,-2.914176255677417
0.0006805446323240267,0.0170070756925217,3.32123481282605e-06,2.6324428564533053
0.0006806265565604928,0.017005028620339164,4.763116487813653e-06,2.5086165608942737
0.000680708480796959,0.01700298204089274,8.632738104102208e-07,-2.019278067180664
0.0006807904050334251,0.017000935954004547,2.08087188354349e-06,2.932569164783976
0.0006808723292698912,0.016998890359496786,4.03307841027392e-06,2.956833360355498
0.0006809542535063573,0.016996845257191744,2.9958284210956925e-06,-2.3000913085453667
0.0006810361777428235,0.016994800646911796,2.8168888893500037e-06,2.7084065060463196
0.0006811181019792896,0.016992756528479404,1.9149103010871767e-06,-1.5550209281262102
0.0006812000262157557,0.01699071290171711,4.9150580403208705e-06,2.1900646844042124
0.0006812819504522218,0.016988669766447546,1.3172544962027811e-06,2.475999770884011
0.000681363874688688,0.01698662712249342,3.815486172450438e-06,-3.031268676905645
0.000681445798925154,0.01698458496967754,1.99257528860164e-06,-3.0556433625500294
0.0006815277231616201,0.01698254330782279,1.9394710743256644e-06,-3.0952424073787026
0.0006816096473980862,0.01698050213675214,3.0263664894026746e-06,3.021084320222997
0.0006816915716345524,0.01697846145628864,2.6573489556833504e-06,-2.93585243190593
0.0006817734958710185,0.01697642126625544,4.045313141459031e-06,2.8873721737136853
0.0006818554201074846,0.016974381566475762,5.629005934291447e-07,2.4859079702181623
0.0006819373443439508,0.016972342356772918,1.57646725295269e-06,3.006682906990371
0.0006820192685804169,0.016970303636970302,2.851216878755176e-06,2.903031016869556
0.000682101192816883,0.0169682654068914,2.05605287898478e-06,3.0002976532207546
0.000682183117053349,0.016966227666359766,2.9043950354795777e-06,-2.7771615536173533
0.0006822650412898152,0.01696419041519906,2.4857643340019448e-06,3.0666107363244492
0.0006823469655262813,0.016962153653233013,2.992233395368977e-06,2.2740369140823584
0.0006824288897627474,0.01696011738028545,4.547651353517119e-06,2.5635216481665912
0.0006825108139992135,0.016958081596180265,2.5779994952167342e-06,2.814406106944302
0.0006825927382356797,0.01695604630074145,4.618521541481994e-06,-2.6148850245658033
0.0006826746624721458,0.016954011493793084,3.492525236959485e-06,-2.7998009013775347
0.0006827565867086119,0.016951977175159318,4.1357991418944325e-06,-3.1294926133433387
0.000682838510945078,0.016949943344664403,1.4923603800207148e-06,2.3789987867049858
0.0006829204351815442,0.01694791000213265,3.3610338732382785e-06,-2.9074501939807664
0.0006830023594180103,0.01694587714738848,1.0811924680116119e-06,2.8277900060505767
0.0006830842836544764,0.01694384478025639,2.0034399343728435e-06,2.062363975637387
0.0006831662078909424,0.016941812900560953,2.2321984772059784e-06,-2.8298036168471548
0.0006832481321274086,0.01693978150812683,3.6311879336634007e-06,-2.9378667756432977
0.0006833300563638747,0.016937750602778776,3.04280104182237e-06,-2.390643495477428
0.0006834119806003408,0.01693572018434162,1.631308419993674e-06,-2.9560817239618817
0.0006834939048368069,0.01693369025264027,3.910639642983641e-06,2.461014147842588
0.0006835758290732731,0.01693166080749973,2.1417682481419597e-06,2.3399947127714125
0.0006836577533097392,0.016929631848745092,5.377229238036127e-06,-2.9599545326409564
0.0006837396775462053,0.016927603376201507,2.119096978638755e-06,2.875187070692638
0.0006838216017826714,0.016925575389694233,3.0210305411229584e-06,1.6798537088913048
0.0006839035260191376,0.016923547889048606,3.7051354154677546e-06,2.6826300992901873
0.0006839854502556037,0.016921520874090042,3.6014202252389975e-06,-2.351177245645006
0.0006840673744920697,0.016919494344644046,3.1475298012237924e-06,2.9166769547337497
0.0006841492987285358,0.016917468300536198,1.6581964390870538e-06,-2.8137362993847694
0.000684231222965002,0.016915442741592165,4.424307419745409e-06,2.3805722501784077
0.0006843131472014681,0.01691341766763771,5.564320569775166e-06,-3.111715200694859
0.0006843950714379342,0.016911393078498656,2.8358366300991826e-06,-3.1267812696837542
0.0006844769956744003,0.016909368974000933,4.683312575819187e-06,-2.4121376300451303
0.0006845589199108665,0.01690734535397053,1.6474003365763712e-06,-2.7348094376871974
0.0006846408441473326,0.01690532221823355,4.050275400093374e-06,2.7671857915430573
0.0006847227683837987,0.01690329956661615,5.18072130231928e-06,3.1083154086655074
0.0006848046926202648,0.016901277398944585,3.2001500857831463e-06,-2.8868131794934966
0.000684886616856731,0.016899255715045188,1.5312445720273678e-06,2.997704284449995
0.000684968541093197,0.01689723451474438,3.807834352143378e-06,3.1389239689235895
0.0006850504653296631,0.016895213797868666,1.7670948807825723e-06,2.712771902303351
0.0006851323895661292,0.016893193564244624,4.377230873881911e-06,-2.813459071821191
0.0006852143138025954,0.01689117381369892,3.304043844612506e-06,2.795002066776083
0.0006852962380390615,0.016889154546058313,3.1879078313031177e-06,3.0273776381803374
0.0006853781622755276,0.016887135761149627,3.6695798446830687e-06,2.7049535123749626
0.0006854600865119937,0.016885117458799784,3.511539860489122e-06,2.8253127150336748
0.0006855420107484599,0.016883099638835775,5.344648763829181e-07,-1.7802237757674986
0.000685623934984926,0.01688108230108469,5.311871370663272e-06,-3.0567273585971626
0.0006857058592213921,0.01687906544537369,2.943425461148999e-06,-2.79997751766413
0.0006857877834578581,0.01687704907153002,1.5927633927690168e-06,-1.9002273489369115
0.0006858697076943243,0.016875033179381004,2.4493171820035028e-06,-2.702608585611419
0.0006859516319307904,0.016873017768754064,4.880338706849133e-06,2.7524087648565017
0.0006860335561672565,0.01687100283947669,3.0241164540342076e-06,2.392182557928547
0.0006861154804037226,0.016868988391376454,2.0212638370376362e-06,-2.9510938686786052
0.0006861974046401888,0.016866974424281013,2.4606980736289475e-06,2.695178660274824
0.0006862793288766549,0.016864960938018116,4.454321455373556e-06,3.0148352022440714
0.000686361253113121,0.016862947932415585,4.127460814100126e-06,-3.085600934621206
0.0006864431773495871,0.01686093540730132,3.503268111105374e-06,2.7269301143025677
0.0006865251015860533,0.016858923362503313,4.712515433096823e-06,2.897795952885377
0.0006866070258225194,0.016856911797849636,2.855679794119098e-06,-3.114301515017944
0.0006866889500589854,0.01685490071316843,2.2050949101290643e-06,-2.1918320370232127
0.0006867708742954515,0.01685289010828794,2.9932899972696223e-06,2.3390910277279637
0.0006868527985319177,0.01685087998303647,3.0426121828019245e-06,2.525948051869551
0.0006869347227683838,0.01684887033724243,5.083097106373351e-06,2.5831460799758474
0.0006870166470048499,0.016846861170734292,1.293483881537362e-06,-2.240182413651714
0.0006870985712413161,0.016844852483340618,1.3277672505818685e-06,-2.951821728157862
0.0006871804954777822,0.016842844274890054,4.731918220334327e-06,2.1686728584729327
0.0006872624197142483,0.01684083654521132,3.3293789774868446e-06,3.0777199233040524
0.0006873443439507144,0.016838829294133228,3.724297150120308e-06,2.4315748703340656
0.0006874262681871806,0.016836822521484655,4.657486307061371e-06,-2.99043271366805
0.0006875081924236467,0.016834816227094585,3.3783234564554868e-06,-2.391536469160217
0.0006875901166601127,0.016832810410792064,4.792546065810531e-06,2.5501121816162193
0.0006876720408965788,0.016830805072406214,3.683401062846973e-06,2.3680960847804218
0.000687753965133045,0.016828800211766262,2.8066293436993305e-06,-2.4972061811977153
0.0006878358893695111,0.016826795828701495,4.532971036114674e-06,2.978270340622237
0.0006879178136059772,0.0168247919230413,2.2362737524708844e-06,2.4393029363643586
0.0006879997378424433,0.01682278849461512,2.8041637091064265e-06,3.050671540802314
0.0006880816620789095,0.016820785543252503,5.722036552736729e-06,-2.5423907389875207
0.0006881635863153756,0.01681878306878307,1.9350974127733756e-06,-2.507899879864295
0.0006882455105518417,0.016816781071036516,3.344801826566282e-06,2.325313978750257
0.0006883274347883078,0.016814779549842628,4.212741290638189e-06,-2.429067343369208
0.000688409359024774,0.01681277850503127,3.75585713039341e-06,-2.7733027674741044
0.00068849128326124,0.016810777936432385,3.270934985866476e-06,-3.0688630491646274
0.0006885732074977061,0.016808777843876,3.7101511483098424e-06,2.648523570129493
0.0006886551317341722,0.016806778227192218,3.3094041169105724e-06,-2.335319577752454
0.0006887370559706384,0.016804779086211225,2.7656971582571153e-06,2.291764450662963
0.0006888189802071045,0.016802780420763296,2.2268438524359546e-06,-2.526552952041722
0.0006889009044435706,0.016800782230678768,3.195033352404244e-06,-2.9614982664244596
0.0006889828286800367,0.016798784515788083,1.131491353129097e-06,2.629103004585178
0.0006890647529165029,0.01679678727592174,3.9121998245066805e-06,2.916786982122093
0.000689146677152969,0.01679479051091034,1.962147036875689e-06,2.4863199875684976
0.0006892286013894351,0.016792794220584543,5.533329706730803e-06,2.8239917274117334
0.0006893105256259011,0.016790798404775112,4.869683454020736e-06,-2.878159248712925
0.0006893924498623673,0.016788803063312867,2.6920726771655127e-06,2.6533983189268837
0.0006894743740988334,0.016786808196028728,3.938073696472009e-06,-2.980509763976
0.0006895562983352995,0.016784813802753686,2.9232458199845535e-06,-2.801343524523239
0.0006896382225717656,0.016782819883318815,4.78015640491428e-06,2.9299353630609697
0.0006897201468082318,0.01678082643755526,3.089471171556685e-06,-2.339316599328274
0.0006898020710446979,0.016778833465294272,2.6059775487631047e-06,2.5086951608167474
0.000689883995281164,0.01677684096636715,1.6790665650541427e-06,-2.8436233582690336
0.0006899659195176301,0.016774848940605293,1.7649121839403274e-06,2.9166286321860784
0.0006900478437540963,0.016772857387840172,3.1970584885521825e-06,-2.3980580118720103
0.0006901297679905624,0.016770866307903344,1.326209208593015e-06,-3.1207333463528006
0.0006902116922270284,0.01676887570062644,2.697641281209159e-07,0.6091732655507125
0.0006902936164634945,0.01676688556584118,1.0593302066743704e-06,-3.08115551628723
0.0006903755406999607,0.01676489590337935,2.759773372302408e-06,-2.965665687200595
0.0006904574649364268,0.016762906713072824,3.1965688888696053e-06,2.823723442355248
0.0006905393891728929,0.01676091799475356,2.2883706185929607e-06,2.551724440240613
0.000690621313409359,0.016758929748253593,3.0402710493277686e-06,2.4131998035955013
0.0006907032376458252,0.016756941973405024,2.813057874502524e-06,3.139998106045295
0.0006907851618822913,0.016754954670040057,4.629287538127458e-06,2.9590509268643013
0.0006908670861187574,0.016752967837990962,3.6712125350863554e-06,-3.100182972072339
0.0006909490103552235,0.016750981477090088,3.9688940504865065e-06,2.821276672777671
0.0006910309345916897,0.01674899558716986,3.1831460880818577e-06,2.958518670705183
0.0006911128588281557,0.0167470101680628,2.9285629725721214e-06,2.7104392028086477
0.0006911947830646218,0.01674502521960149,2.0042889083340673e-06,2.8925333823130694
0.0006912767073010879,0.016743040741618604,2.020245326141855e-06,-2.129490978562008
0.0006913586315375541,0.016741056733946887,4.945196529003008e-06,-2.648742038087885
0.0006914405557740202,0.016739073196419166,6.152728157005343e-06,-3.0942296249015615
0.0006915224800104863,0.016737090128868353,3.3333363127580135e-06,-2.6822720774762714
0.0006916044042469524,0.016735107531127433,4.24825672721646e-06,-2.7218973492391694
0.0006916863284834186,0.016733125403029462,3.463296386477758e-06,1.9683490363180212
0.0006917682527198847,0.0167311437444076,3.860656580448506e-06,2.880896356675439
0.0006918501769563508,0.01672916255509506,3.045035058011003e-06,-3.067721583843285
0.0006919321011928169,0.016727181834925147,3.7077286128985005e-06,-2.959062781493423
0.000692014025429283,0.01672520158373124,1.520279747066746e-06,-2.670917495569948
0.0006920959496657491,0.0167232218013468,1.704006884978382e-06,2.105981351930446
0.0006921778739022152,0.01672124248760537,3.903535384566966e-06,2.830656254326308
0.0006922597981386814,0.01671926364234056,4.2574715554208404e-06,3.0458419840131246
0.0006923417223751475,0.016717285265386083,3.8687297285510535e-06,2.3821814256073153
0.0006924236466116136,0.016715307356575695,3.0999752906249713e-06,2.7660369341363227
0.0006925055708480797,0.01671332991574326,2.627518703299031e-06,2.7431216983541473
0.0006925874950845459,0.016711352942722708,2.7574358051093314e-06,-2.9112679115066573
0.000692669419321012,0.01670937643734805,4.2557836133867685e-06,2.9839818836425454
0.0006927513435574781,0.016707400399453377,2.836827315716473e-06,-2.5983169893018543
0.0006928332677939442,0.01670542482887286,2.7261690167669393e-06,-1.6578190040202092
0.0006929151920304103,0.016703449725440737,2.9260501486864273e-06,2.8610506267456213
0.0006929971162668764,0.016701475088991342,2.4610534896630733e-06,-2.940977991077827
0.0006930790405033425,0.016699500919359074,8.628019799836941e-07,-2.7506396804576476
0.0006931609647398086,0.016697527216378415,1.674955428679656e-06,-2.8349870972115228
0.0006932428889762748,0.016695553979883922,3.6202306977176406e-06,3.019117410781913
0.0006933248132127409,0.01669358120971024,2.5860078243071637e-06,2.6390287602419
0.000693406737449207,0.01669160890569208,2.9475423756536526e-06,3.1340170921601445
0.0006934886616856731,0.01668963706766424,2.897029441890376e-06,-2.017826850469399
0.0006935705859221393,0.016687665695461585,2.580209455536687e-06,1.8134298288157036
0.0006936525101586054,0.01668569478891907,2.3287314278661615e-06,2.0902526057115933
0.0006937344343950715,0.016683724347871725,3.1396306431723334e-06,-2.5738938029568237
0.0006938163586315375,0.016681754372154654,4.749042895912219e-06,-2.93801132061241
0.0006938982828680037,0.016679784861603042,1.655165260169665e-06,1.6771230853216084
0.0006939802071044698,0.01667781581605215,4.175806776140766e-06,-2.814649328293245
0.0006940621313409359,0.01667584723533732,1.5804877012894302e-06,-2.166974175237482
0.000694144055577402,0.016673879119293966,3.0652766938952843e-06,2.5177014758954335
0.0006942259798138682,0.016671911467757584,1.5965719131186695e-06,2.84095150355228
0.0006943079040503343,0.01666994428056375,3.2027923432163855e-06,2.6754804619311825
0.0006943898282868004,0.01666797755754811,3.3013077605849803e-06,-2.8673810099460537
0.0006944717525232665,0.016666011298546394,2.2252194479744134e-06,2.962646785276271
0.0006945536767597327,0.016664045503394405,2.3621619706428856e-06,2.686221850159516
0.0006946356009961987,0.01666208017192803,2.79860070458111e-06,2.7670803911929474
0.0006947175252326648,0.01666011530398323,1.2382521107181245e-06,2.3640630651400145
0.0006947994494691309,0.016658150899396037,2.497328613433207e-06,2.2682397518118442
0.0006948813737055971,0.016656186958002566,2.8300925905232138e-06,3.090262089874931
0.0006949632979420632,0.016654223479639015,3.3285395747204716e-06,2.7674314772803874
0.0006950452221785293,0.01665226046414165,1.9422507957289023e-06,-3.003981942846012
0.0006951271464149954,0.016650297911346822,3.6121344257111893e-07,2.956568897591329
0.0006952090706514616,0.016648335821090945,4.091623064396334e-06,2.8493294297623026
0.0006952909948879277,0.01664637419321053,3.4950153388112186e-06,2.6315691684381295
0.0006953729191243938,0.01664441302754215,2.4388165276697733e-06,-2.6294397293987024
0.0006954548433608599,0.01664245232392246,3.4916833206277056e-06,2.7679860321587606
0.000695536767597326,0.016640492082188194,1.8889068335319163e-06,3.0092909759291735
0.0006956186918337921,0.01663853230217616,2.6721106728235176e-06,-2.611521000651781
0.0006957006160702582,0.016636572983723244,3.021191421675391e-06,-2.9126125391050937
0.0006957825403067243,0.016634614126666405,1.917538653887835e-06,-3.0602717965037294
0.0006958644645431905,0.016632655730842685,3.443334787470689e-06,2.9532478635230532
0.0006959463887796566,0.0166306977960892,3.311689750131469e-06,-2.4322213015720595
0.0006960283130161227,0.01662874032224315,3.861428177821929e-06,-3.1313891559556395
0.0006961102372525888,0.016626783309141788,3.2187305950638022e-06,-2.7114140426781717
0.000696192161489055,0.016624826756622472,8.920199815828482e-07,2.2424969952435987
0.0006962740857255211,0.016622870664522622,3.529224562903916e-06,-3.035650127937091
0.0006963560099619872,0.016620915032679737,1.8583577987144326e-06,-2.708306960820903
0.0006964379341984532,0.016618959860931395,2.0745106628728324e-06,1.9817893715948183
0.0006965198584349194,0.016617005149115238,3.3403781115067266e-06,-3.015402559985435
0.0006966017826713855,0.01661505089706901,3.4086517077880802e-06,2.3813975563935084
0.0006966837069078516,0.016613097104630502,2.187782996908137e-06,-2.8417098898776842
0.0006967656311443177,0.0166111437716376,1.0409063074232553e-06,3.08227295783672
0.0006968475553807839,0.01660919089792826,4.2643748384416e-06,2.595625705352828
0.00069692947961725,0.016607238483340517,1.8619663633635967e-06,-3.1132456433722897
0.0006970114038537161,0.016605286527712478,1.7313383018848913e-06,-2.725661976248304
0.0006970933280901822,0.01660333503088233,3.753804038299897e-06,2.4685689239534385
0.0006971752523266484,0.01660138399268834,8.655004091957504e-07,2.4617984177328807
0.0006972571765631145,0.016599433412968836,2.118464210724377e-06,2.5489572673991563
0.0006973391007995805,0.01659748329156224,3.5856956401949545e-06,3.1368905243878786
0.0006974210250360467,0.01659553362830703,1.458200123957992e-06,2.9659781597747483
0.0006975029492725128,0.016593584423041787,1.9494839169900805e-06,-2.3627574060027094
0.0006975848735089789,0.016591635675605138,3.689989410386574e-06,2.985737137089539
0.000697666797745445,0.016589687385835813,2.6210911303253665e-06,2.3674823816234873
0.0006977487219819112,0.01658773955357259,5.730182599030112e-06,2.5141768080509093
0.0006978306462183773,0.01658579217865435,2.686189217148278e-06,2.4103001679931375
0.0006979125704548434,0.016583845260920035,3.1004581832806464e-06,2.9902525058101284
0.0006979944946913095,0.01658189880020866,2.2974114585655377e-06,-1.4377735672613963
0.0006980764189277757,0.01657995279635932,2.813860166918821e-06,2.9184340773820123
0.0006981583431642418,0.016578007249211192,5.4838758565095486e-06,-2.9965732693362352
0.0006982402674007078,0.016576062158603518,4.067965570928491e-06,3.03614056271837
0.0006983221916371739,0.01657411752437562,1.9416615343884637e-06,-2.387669942432461
0.0006984041158736401,0.016572173346366893,4.891179611048604e-06,-2.4365594840717097
0.0006984860401101062,0.016570229624416816,1.5954609692431e-06,3.1296418638853614
0.0006985679643465723,0.016568286358364933,3.220265343410223e-06,2.8587704153675246
0.0006986498885830384,0.016566343548050866,4.2890336554418265e-06,2.8232063123438818
0.0006987318128195046,0.016564401193314312,1.51410472725628e-06,-2.8892343604992816
0.0006988137370559707,0.01656245929399505,4.203940202581598e-06,2.93095398626297
0.0006988956612924368,0.016560517849932923,2.802296398701626e-06,-2.591845990013686
0.0006989775855289029,0.016558576860967858,1.8892131310505663e-06,-2.4828813206600766
0.000699059509765369,0.016556636326939853,2.7540635043220544e-06,-3.14117330914091
0.0006991414340018351,0.016554696247688985,4.5379381394560465e-06,2.831662260808538
0.0006992233582383012,0.01655275662305539,1.6929014504575715e-06,-3.0014400501403964
0.0006993052824747673,0.01655081745287931,4.3014556631450705e-06,1.9313673033087282
0.0006993872067112335,0.016548878737001026,2.8077358805192112e-06,2.9750438252085343
0.0006994691309476996,0.016546940475260924,4.205300907775835e-06,2.0639346232222713
0.0006995510551841657,0.016545002667499448,4.003375093696106e-06,3.007763702773155
0.0006996329794206318,0.016543065313557117,2.550694627156885e-06,-2.777949106550686
0.000699714903657098,0.01654112841327453,3.963705504686756e-06,2.735074495973998
0.0006997968278935641,0.016539191966492364,3.8488762761318394e-06,2.7310258849695614
0.0006998787521300302,0.016537255973051362,2.691484617579825e-06,3.008342195241591
0.0006999606763664962,0.016535320432792343,2.7848272724756304e-06,2.7429365893958453
0.0007000426006029624,0.016533385345556206,1.1448315306782378e-06,2.444973961019812
0.0007001245248394285,0.01653145071118392,2.7900675276813785e-06,2.329242454973488
0.0007002064490758946,0.01652951652951653,2.1270147702362008e-06,2.2989195098144846
0.0007002883733123607,0.016527582800395155,2.3309599358823058e-06,-3.0232459796701376
0.0007003702975488269,0.016525649523660986,2.52298277702511e-06,-2.266742861713399
0.000700452221785293,0.016523716699155293,1.4002629758946409e-06,-2.2026904884911183
0.0007005341460217591,0.01652178432671942,2.0537726085809938e-06,3.122242940699389
0.0007006160702582252,0.016519852406194784,1.996821666130565e-06,2.8384028709812417
0.0007006979944946914,0.016517920937422863,3.77595203523392e-06,2.6335766194550843
0.0007007799187311575,0.01651598992024524,5.102527314670848e-06,-3.0394441399398544
0.0007008618429676235,0.01651405935450354,1.7791579300998289e-06,2.8901794622188084
0.0007009437672040896,0.01651212924003948,5.5571649664620074e-06,2.7444759117712114
0.0007010256914405558,0.01651019957669484,4.685367865139478e-06,-2.992562985573242
0.0007011076156770219,0.016508270364311493,2.8129855578669725e-06,2.638294172920327
0.000701189539913488,0.016506341602731366,2.65470339648398e-06,2.6283066215795245
0.0007012714641499541,0.016504413291796468,3.6351070812036745e-06,2.8728082101062458
0.0007013533883864203,0.01650248543134888,2.793131769490405e-06,3.0669608405426634
0.0007014353126228864,0.01650055802123076,4.094997203215017e-06,-2.847062229191473
0.0007015172368593525,0.01649863106128434,3.904880758561519e-06,2.555214441836655
0.0007015991610958186,0.016496704551351913,2.868372388024099e-06,2.051232656908492
0.0007016810853322848,0.016494778491275862,3.566865794398936e-06,2.4719906307663986
0.0007017630095687508,0.016492852880898645,5.294656224715113e-07,-2.8312169844190733
0.0007018449338052169,0.016490927720062772,6.007617353639722e-06,2.4471590115880857
0.000701926858041683,0.016489003008610854,3.2217849147892563e-06,3.020026139172138
0.0007020087822781492,0.01648707874638555,2.3404302184008014e-06,-2.383655988364786
0.0007020907065146153,0.01648515493322961,3.698426440802255e-06,-3.1251991862595228
0.0007021726307510814,0.016483231568985856,2.8788035083215933e-06,-3.1384493177716384
0.0007022545549875475,0.016481308653497173,4.948867752889965e-06,-3.068199342611779
0.0007023364792240137,0.016479386186606527,4.249548816525044e-06,2.990604657007573
0.0007024184034604798,0.016477464168156958,3.705946745437813e-06,2.330561226904296
0.0007025003276969459,0.016475542597991576,3.945515574115179e-06,-2.935022412533948
0.0007025822519334121,0.016473621475953562,3.295494022334287e-06,2.9913584418776815
0.0007026641761698781,0.01647170080188618,4.4723827358153915e-06,-3.0065324047764435
0.0007027461004063442,0.016469780575632757,4.0324957935435735e-06,3.1045960694409773
0.0007028280246428103,0.016467860797036694,5.05861664114972e-06,2.7356898650719894
0.0007029099488792765,0.016465941465941464,3.99281917681567e-06,-3.06818882109533
0.0007029918731157426,0.016464022582190627,2.6951457279951568e-06,-2.7628705605976185
0.0007030737973522087,0.0164621041456278,3.414913497880742e-06,2.6225247380796004
0.0007031557215886748,0.01646018615609668,5.944206078641771e-06,-3.0710292058828967
0.000703237645825141,0.016458268613441025,2.6248074962401075e-06,2.907858257342209
0.0007033195700616071,0.016456351517504693,2.878542697699711e-06,-2.943008371302338
0.0007034014942980732,0.016454434868131584,1.7973801044771872e-06,2.9842563648958493
0.0007034834185345392,0.01645251866516569,1.2516128332204963e-06,-2.790805118933365
0.0007035653427710054,0.016450602908451066,2.150357456254187e-06,-3.067239650049518
0.0007036472670074715,0.01644868759783185,2.992825011689566e-06,-2.2235465867218944
0.0007037291912439376,0.016446772733152246,3.4454472938894435e-06,-2.870131718367559
0.0007038111154804037,0.01644485831425652,3.6399227185742304e-06,2.974480138433701
0.0007038930397168699,0.016442944340989033,5.876279171070932e-07,-1.6865818627716405
0.000703974963953336,0.016441030813194202,3.910626011313938e-06,2.623900968313397
0.0007040568881898021,0.016439117730716518,1.9824473174961613e-06,2.9040903916680856
0.0007041388124262682,0.016437205093400558,2.2979365460277376e-06,2.895443152206031
0.0007042207366627344,0.016435292901090946,2.8539514116705042e-06,-3.0227576949342594
0.0007043026608992005,0.016433381153632402,3.424752688918927e-06,2.7537589553142445
0.0007043845851356665,0.01643146985086971,4.000510552394176e-06,2.994321944541936
0.0007044665093721326,0.016429558992647725,2.284534116493668e-06,3.127402461920528
0.0007045484336085988,0.01642764857881137,2.358333689386084e-06,3.1246324873704165
0.0007046303578450649,0.016425738609205646,3.2003818594315428e-06,-2.839100120401613
0.000704712282081531,0.01642382908367563,3.6167427574892585e-06,-2.949821432363101
0.0007047942063179971,0.01642192000206646,2.570024305478121e-06,3.0677859510399905
0.0007048761305544633,0.016420011364223358,3.1748264019319565e-06,2.5351717419467485
0.0007049580547909294,0.016418103169991607,9.471127626200676e-07,-2.6661045155853214
0.0007050399790273955,0.016416195419216566,3.7139614117551437e-06,-2.555936596746994
0.0007051219032638616,0.016414288111743672,1.6606646589801498e-06,-2.867371306139888
0.0007052038275003278,0.016412381247418423,9.380760591726903e-07,0.06853464282754519
0.0007052857517367938,0.016410474826086395,2.482923572304903e-06,2.6781547837204878
0.0007053676759732599,0.016408568847593237,4.331142558780525e-06,2.6626907730859046
0.000705449600209726,0.01640666331178467,4.256888347847016e-06,-2.672663430912556
0.0007055315244461922,0.016404758218506475,4.2230744518575694e-07,0.779725180627545
0.0007056134486826583,0.016402853567604524,3.780318395999e-06,2.738763124624966
0.0007056953729191244,0.01640094935892475,2.6000551957721947e-06,-2.6459637468454655
0.0007057772971555905,0.01639904559231315,2.181985585309778e-06,2.446846024944019
0.0007058592213920567,0.016397142267615804,7.03020647346386e-07,-1.8916922511434189
0.0007059411456285228,0.016395239384678864,3.7141658560338764e-06,2.1206115647992205
0.0007060230698649889,0.016393336943348547,2.829910010079112e-06,2.364554416559058
0.000706104994101455,0.01639143494347114,2.383078173223895e-06,3.033210118645785
0.0007061869183379211,0.016389533384893015,2.7572800552077793e-06,-2.9054358521438712
0.0007062688425743872,0.016387632267460595,3.4712442351405723e-06,-3.1413952928540483
0.0007063507668108533,0.016385731591020386,5.299137122345422e-06,2.7009706455121636
0.0007064326910473194,0.01638383135541897,9.516024880849733e-07,-2.1218564035535197
0.0007065146152837856,0.01638193156050299,2.6924555425056456e-06,-2.9163979664756496
0.0007065965395202517,0.016380032206119163,2.589394047479985e-06,2.837440209238226
0.0007066784637567178,0.01637813329211428,3.3696824390372394e-06,-2.9532859541971965
0.0007067603879931839,0.0163762348183352,7.398647470271252e-07,2.521569576545336
0.0007068423122296501,0.016374336784628855,3.842395162410579e-06,-2.6337991468664637
0.0007069242364661162,0.01637243919084225,2.307749150855267e-06,1.6446609148295808
0.0007070061607025823,0.016370542036822457,3.793523691692366e-06,2.831965547569909
0.0007070880849390483,0.016368645322416612,9.306182697086138e-07,-2.798941888333529
0.0007071700091755145,0.016366749047471936,5.403902244819395e-06,2.2777865040572665
0.0007072519334119806,0.01636485321183572,3.5760583205503033e-06,-2.8910195708537274
0.0007073338576484467,0.016362957815355315,3.281222725679495e-06,-3.0973428779661925
0.0007074157818849128,0.016361062857878146,1.4160211711322251e-06,2.429804265085852
0.000707497706121379,0.01635916833925171,2.0445429059244685e-06,1.9527602972505955
0.0007075796303578451,0.01635727425932358,7.37061671297772e-07,3.117813610516888
0.0007076615545943112,0.016355380617941395,1.6917408665887926e-06,2.964106184300274
0.0007077434788307773,0.016353487414952864,2.3877921060181267e-06,2.88787158817706
0.0007078254030672435,0.016351594650205758,1.5480196111631097e-06,-3.024585897836476
0.0007079073273037095,0.016349702323547943,3.5627488876014093e-06,-2.905586917093278
0.0007079892515401756,0.016347810434827328,3.3820801631307284e-06,2.9900124746960803
0.0007080711757766418,0.016345918983891906,8.00629780187111e-07,-2.8702544727507835
0.0007081531000131079,0.016344027970589748,4.900894248423979e-07,-0.7521361913681907
0.000708235024249574,0.016342137394768974,2.4329713038049494e-06,3.1075597006704823
0.0007083169484860401,0.01634024725627779,3.427298188038161e-07,1.4961565908549357
0.0007083988727225063,0.016338357554964468,3.691548342373376e-07,1.8239234790339516
0.0007084807969589724,0.016336468290677354,1.0300254379269149e-06,2.7311564878825916
0.0007085627211954385,0.01633457946326486,4.6349125839090384e-07,2.963445043641959
0.0007086446454319046,0.016332691072575466,1.2875719918890387e-06,2.207414041596145
0.0007087265696683708,0.016330803118457724,3.7193969362020506e-06,-2.4540195638203
0.0007088084939048368,0.01632891560076026,2.270921037578864e-06,2.276861939912193
0.0007088904181413029,0.016327028519331765,1.917115431849202e-06,2.994927542134279
0.000708972342377769,0.016325141874021006,2.578530245453031e-06,2.0712926090147734
0.0007090542666142352,0.01632325566467681,4.378051439375883e-06,3.0378466071567933
0.0007091361908507013,0.016321369891148078,3.4231991513860184e-06,3.093679301482666
0.0007092181150871674,0.01631948455328379,4.943288389240856e-06,2.574879721146254
0.0007093000393236335,0.016317599650932983,2.599401857033519e-06,2.129136595945531
0.0007093819635600997,0.01631571518394477,4.062041730723921e-06,-3.0701037017172443
0.0007094638877965658,0.016313831152168334,2.3879251492261765e-06,-3.097444045694992
0.0007095458120330319,0.016311947555452923,2.9166609970405985e-06,-3.109378799126535
0.000709627736269498,0.016310064393647863,2.2924756378540287e-06,2.965733360053847
0.0007097096605059641,0.016308181666602535,3.743206562177274e-06,-3.0221012566585483
0.0007097915847424302,0.01630629937416641,3.0268447379969467e-06,2.59470714458943
0.0007098735089788963,0.01630441751618901,2.590902346636334e-06,2.7952568104914794
0.0007099554332153624,0.01630253609251994,4.335732722840303e-06,-2.717340665504286
0.0007100373574518286,0.01630065510300886,2.8004086473632433e-06,2.9152459934247346
0.0007101192816882947,0.01629877454750551,2.609084552476106e-06,2.9657103058677277
0.0007102012059247608,0.016296894425859704,1.0823616672016874e-06,0.3806108877959742
0.0007102831301612269,0.016295014737921314,1.3909747131727263e-06,-2.5740659613994663
0.0007103650543976931,0.016293135483540278,3.6827712181079477e-06,2.387920499975185
0.0007104469786341592,0.016291256662566624,5.335346271116643e-06,2.230261622029291
0.0007105289028706253,0.01628937827485043,2.4094020150691987e-06,2.630881447658191
0.0007106108271070913,0.016287500320241847,2.8520676112801707e-06,2.7235779875289468
0.0007106927513435575,0.016285622798591096,3.146387891303569e-06,-2.7036795602110004
0.0007107746755800236,0.016283745709748474,6.030722007361317e-06,2.642295460481765
0.0007108565998164897,0.01628186905356434,1.5815952113161575e-06,-2.450228617953898
0.0007109385240529558,0.01627999282988912,3.0296046187331284e-06,2.962120090522324
0.000711020448289422,0.016278117038573313,1.7265874140526454e-06,-3.0999742205429492
0.0007111023725258881,0.016276241679467486,4.43608422880783e-06,-2.9113007497503682
0.0007111842967623542,0.016274366752422276,3.351177765792026e-06,-2.797610813368347
0.0007112662209988203,0.016272492257288388,2.8833780850303553e-06,-3.0473482449180636
0.0007113481452352865,0.01627061819391659,1.7122254611299588e-06,-2.924608003300247
0.0007114300694717526,0.016268744562157735,1.7247361595770473e-06,2.841176551997256
0.0007115119937082186,0.016266871361862726,3.0367937748133887e-06,3.112750418692371
0.0007115939179446847,0.016264998592882544,2.0834371543547795e-06,-3.1279158288214925
0.0007116758421811509,0.016263126255068237,4.366951026361502e-06,2.7753292633739237
0.000711757766417617,0.016261254348270922,4.579421693108876e-06,-2.4083938113395944
0.0007118396906540831,0.016259382872341785,2.0274333321477895e-06,-2.7848176422458453
0.0007119216148905492,0.01625751182713208,4.341413049042761e-06,3.093364487468158
0.0007120035391270154,0.01625564121249313,1.8228091736193298e-06,2.8755349551108993
0.0007120854633634815,0.01625377102827632,2.0997801481154842e-06,-2.5636902640653005
0.0007121673875999476,0.016251901274333114,7.102275402786533e-07,2.265909684749264
0.0007122493118364137,0.016250031950515043,3.3273252826297515e-06,2.4528436382312147
0.0007123312360728799,0.016248163056673693,3.7324105626607823e-06,2.7894323679679025
0.0007124131603093459,0.016246294592660738,3.0284669629069856e-06,3.048990384204329
0.000712495084545812,0.016244426558327904,2.617788946318833e-06,2.7035413409259204
0.0007125770087822781,0.016242558953526994,3.548597353100505e-06,-2.4002281301027018
0.0007126589330187443,0.016240691778109873,4.379286480523862e-06,-1.9287341171914258
0.0007127408572552104,0.01623882503192848,1.568774111259619e-06,2.2450144584606258
0.0007128227814916765,0.01623695871483482,1.8310106198815288e-06,2.8023104204905342
0.0007129047057281426,0.016235092826680966,2.981936042461162e-06,2.52689551922726
0.0007129866299646088,0.01623322736731906,5.054473169999352e-06,2.573820262593524
0.0007130685542010749,0.01623136233660131,4.98422865933065e-06,2.822953146070908
0.000713150478437541,0.016229497734379986,3.7179103616253604e-06,3.0918515892540097
0.0007132324026740072,0.016227633560507437,5.428720746723967e-07,2.688226697714398
0.0007133143269104732,0.01622576981483608,1.6376264805105524e-06,1.7732424082544727
0.0007133962511469393,0.016223906497218395,1.3303514566807941e-06,-2.076565393299162
0.0007134781753834054,0.01622204360750692,3.4870244419150504e-06,2.385069880329593
0.0007135600996198716,0.016220181145554277,1.6917203906123782e-06,2.634003438723795
0.0007136420238563377,0.01621831911121315,4.576675966733529e-07,0.2680518401384428
0.0007137239480928038,0.01621645750433629,2.7651051948967445e-06,2.971740712894829
0.0007138058723292699,0.016214596324776516,3.579199253657836e-06,-2.269969045306637
0.0007138877965657361,0.016212735572386706,2.3911403395021836e-06,2.512785156919251
0.0007139697208022022,0.016210875247019824,4.275843957590629e-06,1.9839744853823684
0.0007140516450386683,0.016209015348528887,3.750666844314962e-06,2.9778494559281223
0.0007141335692751343,0.016207155876766983,3.4921411180542942e-06,2.470446736074252
0.0007142154935116005,0.016205296831587265,2.092290660792394e-06,-2.655670426441396
0.0007142974177480666,0.016203438212842963,2.2818970089879685e-06,-1.9785314827525247
0.0007143793419845327,0.01620158002038736,2.362713156627106e-06,3.005659675787557
0.0007144612662209988,0.01619972225407382,2.3451505313730073e-06,3.0294565826568394
0.000714543190457465,0.016197864913755765,4.670430670305929e-06,-2.4326027481688115
0.0007146251146939311,0.016196007999286686,2.9656303302883022e-06,-3.0893794676324844
0.0007147070389303972,0.016194151510520147,2.0207865559319063e-06,1.8150770999944286
0.0007147889631668633,0.016192295447309775,2.8392053758495846e-06,2.829655190042737
0.0007148708874033295,0.016190439809509256,2.3584279917832833e-06,2.5720183189159393
0.0007149528116397956,0.01618858459697236,3.0244402167666974e-06,-3.012559592593424
0.0007150347358762616,0.016186729809552908,5.041039169420314e-06,2.7140502241798847
0.0007151166601127277,0.0161848754471048,5.60184533509881e-06,3.0421944267749215
0.0007151985843491939,0.01618302150948199,4.9362764228212695e-06,2.9954564126370578
0.00071528050858566,0.016181167996538515,2.0797601512100074e-06,-3.065780461689307
0.0007153624328221261,0.01617931490812847,2.480539558337572e-06,-2.9628514282359553
0.0007154443570585922,0.01617746224410601,1.8552343421268776e-06,2.6854164642733944
0.0007155262812950584,0.016175610004325366,3.2875177296302015e-06,-2.3957268450194795
0.0007156082055315245,0.016173758188640842,1.6741418518289531e-06,-2.0734251162554456
0.0007156901297679906,0.016171906796906797,3.0444494283908152e-06,-2.7700042623781407
0.0007157720540044567,0.016170055828977657,7.413768753816418e-07,1.4073783027321245
0.0007158539782409229,0.016168205284707915,4.229422094833514e-06,-3.059897338020086
0.0007159359024773889,0.016166355163952144,3.595420876073637e-06,2.5753200866552914
0.000716017826713855,0.016164505466564963,1.6803494751329992e-06,2.8088350711666905
0.0007160997509503211,0.01616265619240107,2.553468955718057e-06,-3.1371759407824116
0.0007161816751867873,0.016160807341315232,3.921242163981409e-06,-2.8753670188591243
0.0007162635994232534,0.016158958913162276,4.213159032513238e-06,2.4529008870153937
0.0007163455236597195,0.016157110907797093,7.782357617759249e-07,-2.653781131746292
0.0007164274478961856,0.016155263325074644,3.2248187756224714e-06,-2.2442256927940627
0.0007165093721326518,0.01615341616484996,4.448500029492434e-06,3.086807359924513
0.0007165912963691179,0.016151569426978138,2.9896485971133204e-06,2.885435064281439
0.000716673220605584,0.01614972311131433,3.659903477201121e-06,-2.7832342058642148
0.00071675514484205,0.016147877217713772,2.9846809898506192e-06,3.0138956471160956
0.0007168370690785162,0.016146031746031745,4.700670759401502e-07,-3.1295664168856936
0.0007169189933149823,0.01614418669612362,1.200253461579933e-06,2.327671202988724
0.0007170009175514484,0.01614234206784481,2.313648171629739e-06,2.8062247755474887
0.0007170828417879145,0.016140497861050814,3.654679621701891e-06,2.8934932854479625
0.0007171647660243807,0.016138654075597187,3.2762804307356378e-06,2.199698853192788
0.0007172466902608468,0.01613681071133955,6.263070992371256e-06,-2.8616723911970436
0.0007173286144973129,0.0161349677681336,3.4574757355935644e-06,-2.843587996470624
0.000717410538733779,0.01613312524583508,3.7411766291389753e-06,3.0552200847605158
0.0007174924629702452,0.01613128314429981,3.125737227745244e-06,2.5189648394787767
0.0007175743872067113,0.016129441463383694,2.7056499228678933e-06,2.7974165869611793
0.0007176563114431773,0.01612760020294267,2.685247678169451e-06,-3.0019040077035437
0.0007177382356796434,0.016125759362832757,5.0421025918245385e-06,3.0585273733254135
0.0007178201599161096,0.016123918942910043,7.283317356339581e-07,1.5754272583295659
0.0007179020841525757,0.016122078943030672,3.8247921767263915e-06,2.8749918449951157
0.0007179840083890418,0.016120239363050865,5.105710353861819e-06,2.8502022846949053
0.0007180659326255079,0.0161184002028269,4.528983866474551e-06,3.064342396776089
0.0007181478568619741,0.016116561462215122,4.036699223934415e-06,-2.640046970485097
0.0007182297810984402,0.01611472314107195,4.040215952420999e-06,2.9322934589600163
0.0007183117053349063,0.016112885239253853,2.79456735071818e-06,-2.98202301822006
0.0007183936295713725,0.016111047756617376,5.494585917671332e-06,3.137973691759025
0.0007184755538078386,0.01610921069301913,2.171087057279164e-06,2.6283228726170327
0.0007185574780443046,0.016107374048315786,1.8292910443606286e-06,-2.9930252214457838
0.0007186394022807707,0.016105537822364086,2.019869075227417e-06,3.0929234689276397
0.0007187213265172369,0.016103702015020833,2.4471559654499116e-06,2.231963312079602
0.000718803250753703,0.016101866626142897,4.558659546762827e-06,-3.116035551174879
0.0007188851749901691,0.01610003165558721,1.9615693501631593e-06,-2.9145240927146285
0.0007189670992266352,0.01609819710321078,4.470652153087186e-06,-3.014861510838202
0.0007190490234631014,0.016096362968870657,3.248581440938191e-06,-2.817760665977782
0.0007191309476995675,0.016094529252423988,1.9826033021911273e-06,2.8388762649417494
0.0007192128719360336,0.016092695953727962,2.409639182980407e-06,-3.1410392318876834
0.0007192947961724997,0.01609086307263984,1.2899800284223254e-06,1.56525172815134
0.0007193767204089659,0.016089030609016942,3.5897137852431667e-06,-2.8590774802164627
0.000719458644645432,0.01608719856271667,1.7521799301138063e-06,1.7883953201653464
0.000719540568881898,0.016085366933596468,4.040977412441458e-06,3.0405569593486983
0.0007196224931183641,0.016083535721513862,2.97552812200289e-06,2.8761143558411444
0.0007197044173548303,0.016081704926326438,5.407120891872126e-06,-2.6856727230614417
0.0007197863415912964,0.016079874547891847,4.818977733788677e-06,-3.104144131311716
0.0007198682658277625,0.0160780445860678,2.2553243131207575e-06,2.42336287543584
0.0007199501900642286,0.01607621504071208,2.030117739596411e-07,-0.8103675040065025
0.0007200321143006948,0.01607438591168253,4.364311985470464e-06,2.7155039763166404
0.0007201140385371609,0.016072557198837063,2.9811612386924343e-06,2.6251836739037016
0.000720195962773627,0.016070728902033645,1.8406501851326094e-06,2.4624582261981187
0.000720277887010093,0.01606890102113032,3.563691508068506e-06,2.866666538045243
0.0007203598112465592,0.01606707355598519,1.4399082164687429e-06,-2.7502002880786938
0.0007204417354830253,0.01606524650645642,2.220100161095848e-06,2.5707792492375874
0.0007205236597194914,0.01606341987240225,2.9032875978406044e-06,2.9862953148113367
0.0007206055839559575,0.016061593653680966,2.8806142242637774e-06,-3.021642859039368
0.0007206875081924237,0.016059767850150935,3.927253958778743e-06,2.032371164849633
0.0007207694324288898,0.01605794246167058,1.8598613731141355e-06,-3.0045168539881235
0.0007208513566653559,0.016056117488098393,4.783987359607119e-06,-3.071411292645701
0.000720933280901822,0.016054292929292932,3.3995117860976333e-06,-2.787741764911028
0.0007210152051382882,0.0160524687851128,1.2890064336057258e-06,2.502730358281345
0.0007210971293747543,0.016050645055416698,3.5297661822958186e-06,2.2714298631365737
0.0007211790536112203,0.016048821740063363,5.099855074535603e-06,2.972986413511768
0.0007212609778476864,0.016046998838911607,6.079528077519852e-07,-2.7459363385680224
0.0007213429020841526,0.016045176351820303,3.6128179128742347e-06,2.982428676867151
0.0007214248263206187,0.016043354278648395,3.5139678312399513e-06,2.6629668276084164
0.0007215067505570848,0.016041532619254888,2.3008445479336145e-06,2.8785918180523815
0.0007215886747935509,0.01603971137349884,2.035327350601309e-06,-2.427885560268278
0.0007216705990300171,0.016037890541239386,1.794945831926893e-06,1.2422777492590047
0.0007217525232664832,0.016036070122335728,1.946651415195058e-06,-2.1459809585707887
0.0007218344475029493,0.01603425011664712,2.504113459739359e-06,2.767016622448469
0.0007219163717394154,0.016032430524032883,3.970532977779927e-06,-3.020327212371013
0.0007219982959758816,0.016030611344352408,3.40936614114632e-06,-2.9046334925995283
0.0007220802202123476,0.016028792577465145,2.771964038963954e-06,-3.120391359510345
0.0007221621444488137,0.016026974223230604,3.484044431896087e-06,2.536775759594307
0.0007222440686852798,0.01602515628150837,2.890995633727885e-06,-2.9856114530719937
0.000722325992921746,0.016023338752158077,1.932783376527045e-06,2.5681258510882525
0.0007224079171582121,0.016021521635039438,3.7180725334113605e-06,-2.9099796242200244
0.0007224898413946782,0.016019704930012223,4.248308963275327e-06,-3.025955696498368
0.0007225717656311443,0.016017888636936255,3.4858661639740258e-06,2.5107358021054424
0.0007226536898676105,0.016016072755671438,1.5437719842996972e-06,2.6263459755624896
0.0007227356141040766,0.016014257286077735,3.884333369755761e-06,3.033638061246816
0.0007228175383405427,0.016012442228015164,3.7002490478606e-06,-2.7960218420446257
0.0007228994625770088,0.01601062758134381,2.4434993908542807e-06,-2.531212353410818
0.000722981386813475,0.016008813345923828,3.1373727147801586e-06,-2.953772616752907
0.000723063311049941,0.01600699952161543,1.2278083402427885e-06,2.760149208879612
0.0007231452352864071,0.016005186108278894,2.948519253537518e-06,1.9960066079581258
0.0007232271595228732,0.016003373105774557,2.753971129380054e-06,3.0475337801902223
0.0007233090837593394,0.016001560513962825,5.412686498402235e-06,2.290277200117919
0.0007233910079958055,0.015999748332704167,1.27830832267617e-06,2.584253097497246
0.0007234729322322716,0.01599793656185911,3.500993111645634e-06,-2.4407604481432505
0.0007235548564687377,0.015996125201288246,2.4803603332454054e-06,2.761176713697571
0.0007236367807052039,0.01599431425085223,4.271725541702486e-06,-3.0136849146891205
0.00072371870494167,0.015992503710411794,2.0810661385464168e-06,2.247560073173406
0.000723800629178136,0.015990693579827707,2.928348498035492e-06,2.675900741006475
0.0007238825534146022,0.015988883858960815,5.198425891195321e-06,2.66042955057051
0.0007239644776510683,0.015987074547672037,2.7838985362610517e-06,-2.560928985072065
0.0007240464018875344,0.01598526564582233,1.7112716872762002e-06,-2.9618202591982414
0.0007241283261240005,0.01598345715327274,3.362979128934071e-06,-2.9631624322620604
0.0007242102503604667,0.015981649069884363,3.365395895701776e-06,-2.8630435956629
0.0007242921745969328,0.015979841395518352,1.9723238003262683e-06,-3.133743272895098
0.0007243740988333989,0.01597803413003594,1.9889517549278226e-06,3.0863934393380754
0.000724456023069865,0.015976227273298404,2.4371112301814643e-06,-2.8011827707957573
0.0007245379473063312,0.01597442082516709,7.210022254645989e-07,-2.779678309068993
0.0007246198715427973,0.015972614785503422,4.312824325729521e-07,-2.2469176521280807
0.0007247017957792634,0.015970809154168864,2.906438827242937e-06,2.627366189025813
0.0007247837200157294,0.015969003931024957,4.3867741029073454e-06,3.009313036091988
0.0007248656442521956,0.015967199115933292,1.8990687513415188e-06,2.4753844070095443
0.0007249475684886617,0.01596539470875554,1.207030054647085e-06,2.2985490455111552
0.0007250294927251278,0.01596359070935342,1.5671570295439149e-06,-3.0225220144175275
0.0007251114169615939,0.01596178711758872,3.3671548909712505e-06,-2.9620107361467714
0.0007251933411980601,0.01595998393332329,4.437364769929645e-06,-2.9675739379934036
0.0007252752654345262,0.015958181156419043,4.109496876507887e-06,2.9103069771903978
0.0007253571896709923,0.015956378786737946,3.6419359016863024e-06,3.112986357357926
0.0007254391139074584,0.01595457682414204,2.3811501588207012e-06,2.577349217837394
0.0007255210381439246,0.015952775268493424,2.1333309020220873e-06,2.1233147980744924
0.0007256029623803907,0.01595097411965426,2.1551349214662114e-06,2.3088877079638626
0.0007256848866168567,0.015949173377486765,3.5888657586087403e-06,2.9149106537610963
0.0007257668108533228,0.01594737304185323,5.4394023428308845e-06,2.8057811175813208
0.000725848735089789,0.015945573112616,3.1483728899372432e-06,-2.8054003949732884
0.0007259306593262551,0.015943773589637486,3.5736381243394923e-06,-2.9477876746593767
0.0007260125835627212,0.01594197447278016,4.476392363576119e-06,-2.684669501227311
0.0007260945077991873,0.015940175761906553,1.6078349400532553e-06,2.954243528448022
0.0007261764320356535,0.01593837745687926,3.7062340627266733e-06,1.7531140930198954
0.0007262583562721196,0.015936579557560945,2.47503004242642e-06,2.6910405083031943
0.0007263402805085857,0.01593478206381432,2.5389305111420095e-06,1.6258659831201896
0.0007264222047450518,0.015932984975502176,2.973001841697566e-06,-2.3589106182433754
0.000726504128981518,0.015931188292487342,5.384888285155847e-06,2.952247629739421
0.000726586053217984,0.01592939201463274,1.0555001026241634e-06,-2.9688207629352896
0.0007266679774544501,0.015927596141801326,1.8405559339863933e-06,3.1320416204349257
0.0007267499016909162,0.015925800673856134,9.616163874759856e-07,2.960814134400222
0.0007268318259273824,0.015924005610660253,3.404356416430371e-06,2.270793267562338
0.0007269137501638485,0.015922210952076837,3.951038257712589e-06,-2.6665565029330076
0.0007269956744003146,0.0159204166979691,3.2276573236508228e-06,-3.098050558788236
0.0007270775986367807,0.015918622848200316,3.1848728732460706e-06,3.0323721095865093
0.0007271595228732469,0.01591682940263382,1.6976727414835014e-06,2.637683904664847
0.000727241447109713,0.015915036361133013,6.162348506973111e-07,3.1307930988677573
0.0007273233713461791,0.015913243723561364,4.76286160713937e-06,2.8899769044588943
0.0007274052955826451,0.01591145148978238,1.1722115888577279e-06,-2.773851082363552
0.0007274872198191113,0.01590965965965966,1.6638247567603233e-06,3.1196240636281005
0.0007275691440555774,0.015907868233056836,2.3852881373137278e-06,-2.813398179505594
0.0007276510682920435,0.015906077209837624,1.9152214048043887e-06,-2.232087091850273
0.0007277329925285096,0.01590428658986579,3.5842537131299343e-06,2.7739823921043065
0.0007278149167649758,0.01590249637300515,2.242217098347306e-06,2.5085149199690457
0.0007278968410014419,0.015900706559119616,5.789107639565996e-06,-3.0971933774795986
0.000727978765237908,0.015898917148073125,3.0282870634983197e-06,2.823150073760007
0.0007280606894743741,0.015897128139729693,1.4780005617723478e-06,2.0092046084032886
0.0007281426137108403,0.015895339533953397,2.5224070104269796e-06,-3.07696054286107
0.0007282245379473064,0.015893551330608366,4.89519511796665e-06,2.724663281010772
0.0007283064621837724,0.015891763529558806,3.711383771050214e-06,2.7726744973579716
0.0007283883864202385,0.01588997613066897,2.3003057104603294e-06,3.081272789656616
0.0007284703106567047,0.015888189133803167,3.0505403628188716e-06,2.973674039300633
0.0007285522348931708,0.015886402538825794,1.4805507764334092e-06,2.399300592033932
0.0007286341591296369,0.01588461634560128,1.0256811031511938e-06,-1.9258836415283362
0.000728716083366103,0.01588283055399413,2.391467311996603e-06,2.5096453602255893
0.0007287980076025692,0.015881045163868904,1.9021132348597015e-06,2.8803994893626785
0.0007288799318390353,0.01587926017509023,5.057982380315984e-06,-3.121966293946417
0.0007289618560755014,0.01587747558752279,2.0185152585556997e-06,-2.4583789891497116
0.0007290437803119676,0.015875691401031327,3.5071135717699356e-06,-2.663939082934169
0.0007291257045484337,0.015873907615480645,2.492741427346353e-06,2.5663190920014802
0.0007292076287848997,0.015872124230735623,3.6446882539655245e-06,2.5185075116085756
0.0007292895530213658,0.015870341246661177,2.738117849641703e-06,2.597300855835685
0.000729371477257832,0.015868558663122295,3.2508597671489236e-06,-2.2527219966510748
0.0007294534014942981,0.015866776479984027,5.3796652889734854e-06,-2.3436780676437765
0.0007295353257307642,0.015864994697111487,3.965013686428509e-06,-2.7419293672774803
0.0007296172499672303,0.01586321331436984,2.4785163627524163e-06,2.0735418035779856
0.0007296991742036965,0.015861432331624313,1.4730978772076655e-06,-3.140757483994542
0.0007297810984401626,0.015859651748740208,1.9717713155028696e-06,2.719295050040085
0.0007298630226766287,0.015857871565582868,1.835575437748925e-06,-2.528490223723681
0.0007299449469130948,0.01585609178201771,2.0778882103464643e-06,-2.824200320814063
0.000730026871149561,0.015854312397910197,1.6591733294670434e-06,-1.143034989124563
0.000730108795386027,0.015852533413125872,2.8200301239835596e-06,2.7849853326030116
0.0007301907196224931,0.015850754827530324,3.004033104183604e-06,2.8178540997050048
0.0007302726438589592,0.015848976640989203,2.836821791053822e-06,2.943866745299797
0.0007303545680954254,0.01584719885336823,2.061108828350352e-06,2.1841718588096963
0.0007304364923318915,0.015845421464533174,4.507516578371151e-06,3.085968839890526
0.0007305184165683576,0.01584364447434987,2.6737878995621787e-06,-2.6544391883184932
0.0007306003408048237,0.01584186788268421,3.9741062844411425e-06,-3.0820113917935363
0.0007306822650412899,0.015840091689402147,1.9209185005240642e-06,2.754471634179054
0.000730764189277756,0.015838315894369705,3.7297181953034704e-06,1.925202198746404
0.0007308461135142221,0.01583654049745295,3.1774722168653798e-06,-2.5850263892219747
0.0007309280377506881,0.015834765498518023,5.160488913820579e-06,2.7248609404134916
0.0007310099619871543,0.015832990897431107,5.566713785802897e-06,-2.9701527859634114
0.0007310918862236204,0.015831216694058466,2.481318199497289e-06,2.8261782703084113
0.0007311738104600865,0.015829442888266418,1.2192465450726046e-06,-2.1111370521543815
0.0007312557346965526,0.01582766947992133,1.2720404383691852e-06,0.9873638261821857
0.0007313376589330188,0.015825896468889634,3.5379133201563446e-06,3.0030420575246
0.0007314195831694849,0.015824123855037835,4.0515812179312435e-06,3.0851914535439597
0.000731501507405951,0.015822351638232476,3.872453471882189e-06,2.9838663978309383
0.0007315834316424171,0.015820579818340178,1.357390855709824e-06,-1.9244331215602426
0.0007316653558788833,0.015818808395227608,2.607297216068945e-06,-2.815727061231132
0.0007317472801153494,0.015817037368761507,2.977334761619596e-06,3.0419256634764467
0.0007318292043518154,0.01581526673880866,4.0347628936666826e-06,2.641251081290797
0.0007319111285882815,0.01581349650523593,6.046160354272402e-07,-1.9491794895233026
0.0007319930528247477,0.015811726667910215,5.653682918007842e-06,2.8686489035007896
0.0007320749770612138,0.0158099572266985,5.72941192639562e-07,3.0505888738596907
0.0007321569012976799,0.015808188181467803,1.302967798113149e-06,-2.4201127608957553
0.000732238825534146,0.01580641953208523,2.0606406906865425e-06,2.994329678519567
0.0007323207497706122,0.015804651278417917,1.9000096416565786e-06,2.7064416378601486
0.0007324026740070783,0.015802883420333085,4.765759301248676e-06,2.9930354882681414
0.0007324845982435444,0.015801115957697995,3.8305094533150915e-06,3.086826834947076
0.0007325665224800105,0.01579934889037998,3.3978596966474356e-06,-2.8296241788220287
0.0007326484467164767,0.015797582218246422,3.4039425292731696e-07,1.9168296340866966
0.0007327303709529427,0.015795815941164776,2.230248123628468e-06,-3.0423464353542036
0.0007328122951894088,0.015794050059002546,2.9881814435329342e-06,3.000949991117388
0.0007328942194258749,0.015792284571627294,2.7145405926673462e-06,-2.175957613294448
0.0007329761436623411,0.015790519478906646,4.922645467600643e-06,3.0898239564433703
0.0007330580678988072,0.01578875478070829,3.3617844453879148e-06,-2.984183212549093
0.0007331399921352733,0.015786990476899965,7.783340095164151e-07,0.16642074214897543
0.0007332219163717394,0.015785226567349472,3.2128879456899e-06,2.3106632760521175
0.0007333038406082056,0.015783463051924677,2.361797965187084e-06,2.6361647685209526
0.0007333857648446717,0.015781699930493494,5.5246478792532605e-06,2.7525734150930132
0.0007334676890811378,0.01577993720292391,6.0919517023828e-06,2.9099399887465003
0.0007335496133176038,0.015778174869083963,2.4403375165557793e-06,-1.8832280763996487
0.00073363153755407,0.01577641292884174,4.990253634959673e-06,-2.6211101681556985
0.0007337134617905361,0.015774651382065408,2.5642061171081907e-06,-2.6506502348755245
0.0007337953860270022,0.015772890228623174,1.3063292009306295e-06,-2.986702550399432
0.0007338773102634683,0.01577112946838332,3.33297579726486e-06,2.6706186666384233
0.0007339592344999345,0.015769369101214174,3.27317527056885e-06,-3.1321595167357983
0.0007340411587364006,0.015767609126984126,2.1507520327914895e-06,2.7989599698143897
0.0007341230829728667,0.015765849545561633,3.198088245057003e-06,-2.2237423299491232
0.0007342050072093329,0.015764090356815193,4.214482541637398e-06,2.808707313326498
0.000734286931445799,0.015762331560613383,2.6165151226266272e-06,-1.848777171055143
0.0007343688556822651,0.01576057315682483,3.074469253725485e-06,2.8329988686973504
0.0007344507799187311,0.01575881514531821,1.2851927955740287e-06,-3.061516114877169
0.0007345327041551973,0.015757057525962275,2.1951072333725935e-06,-2.941524227639767
0.0007346146283916634,0.015755300298625825,4.435324255143528e-06,3.139134221495596
0.0007346965526281295,0.01575354346317772,2.058711606565023e-06,-2.3228831938100085
0.0007347784768645956,0.015751787019486874,3.2934568432037925e-06,-2.808151616510622
0.0007348604011010618,0.01575003096742227,1.2365832312614793e-06,2.6869174518393772
0.0007349423253375279,0.015748275306852945,3.617426661112907e-06,2.8974172568287804
0.000735024249573994,0.01574652003764799,1.6267177725618223e-06,-2.964118515289475
0.0007351061738104601,0.01574476515967656,2.308037077498116e-06,3.0268335158661186
0.0007351880980469263,0.015743010672807863,3.746349990137687e-06,3.0003482353555277
0.0007352700222833924,0.01574125657691117,3.388549295567941e-06,-2.684381839433552
0.0007353519465198584,0.015739502871855812,3.064114893686567e-06,-2.946697962769466
0.0007354338707563245,0.01573774955751117,5.504903010836383e-06,2.854127997814959
0.0007355157949927907,0.01573599663374669,2.3210603932979323e-06,2.650714308376857
0.0007355977192292568,0.015734244100431873,3.6651674853372146e-06,3.0709582252665557
0.0007356796434657229,0.015732491957436277,1.3861868919099484e-06,1.7846064237554111
0.000735761567702189,0.01573074020462953,3.0744808840903497e-06,2.4546882892751425
0.0007358434919386552,0.01572898884188129,1.4278099057181202e-06,-2.202839747207838
0.0007359254161751213,0.015727237869061314,2.5768817042480985e-06,2.7646401900559123
0.0007360073404115874,0.01572548728603938,3.1006724450897424e-06,-2.5240540191570453
0.0007360892646480535,0.01572373709268534,5.241477476820737e-06,2.5419653904697754
0.0007361711888845197,0.015721987288869105,3.23905538977912e-06,-2.7025740727643788
0.0007362531131209857,0.015720237874460637,4.255601528593613e-06,2.6898005329954295
0.0007363350373574518,0.01571848884932997,4.06973702543067e-06,2.75686296054048
0.0007364169615939179,0.015716740213347177,2.949569938518205e-06,-2.024691740861496
0.0007364988858303841,0.0157149919663824,2.080503047595071e-06,2.6794446896428945
0.0007365808100668502,0.015713244108305834,4.940681246132129e-06,2.9045599227125507
0.0007366627343033163,0.01571149663898774,2.020944471922728e-06,2.657299213760184
0.0007367446585397824,0.01570974955829843,4.4594129913557854e-06,-2.879492538667706
0.0007368265827762486,0.015708002866108267,2.4558618745738886e-06,2.9605202168312603
0.0007369085070127147,0.01570625656228769,1.441571611892604e-06,2.233007345963412
0.0007369904312491808,0.01570451064670718,1.5175883007587156e-06,-3.0197639604133495
0.0007370723554856469,0.015702765119237277,1.3806094862011007e-06,2.668961173056054
0.000737154279722113,0.015701019979748584,2.787848361736634e-06,3.05058767739634
0.0007372362039585791,0.015699275228111764,2.0582883587656477e-06,2.5979636249411246
0.0007373181281950452,0.01569753086419753,1.1224301044337886e-06,2.6790818185565524
0.0007374000524315113,0.015695786887876657,1.3270235417089174e-06,2.0294294944416276
0.0007374819766679775,0.01569404329901997,2.497943992117556e-06,-2.8984874990844545
0.0007375639009044436,0.015692300097498363,3.0375335930216132e-06,-2.7688216241613053
0.0007376458251409097,0.015690557283182784,3.5958766159228294e-06,2.440106376928098
0.0007377277493773758,0.015688814855944228,2.2477745547179855e-06,-2.8810302162377694
0.000737809673613842,0.015687072815653763,1.0564921115846177e-06,-2.4677523298652217
0.0007378915978503081,0.0156853311621825,2.228267769997269e-06,-3.0264022854211006
0.0007379735220867742,0.01568358989540162,3.878178955007649e-06,2.219714004892237
0.0007380554463232402,0.01568184901518235,1.2324453134900515e-06,-2.0581485902754384
0.0007381373705597064,0.01568010852139598,2.5309531245723027e-06,2.3824634554975077
0.0007382192947961725,0.015678368413913856,2.4011011982499692e-06,-2.9530179936130865
0.0007383012190326386,0.015676628692607386,2.319147696251865e-06,-3.099450608787109
0.0007383831432691047,0.015674889357348027,3.233619321246514e-06,2.9904481412003086
0.0007384650675055709,0.015673150408007295,3.7982764721674943e-06,2.493810880992811
0.000738546991742037,0.015671411844456768,3.966737621014062e-06,2.513905194976617
0.0007386289159785031,0.015669673666568077,3.991763996690553e-06,2.9461444756017037
0.0007387108402149692,0.015667935874212908,2.2480860550382995e-06,3.125379202327923
0.0007387927644514354,0.015666198467263005,4.170051253967179e-06,2.657474887221017
0.0007388746886879015,0.015664461445590173,1.6240554333421707e-06,2.841981099204801
0.0007389566129243675,0.01566272480906627,2.940776250700734e-06,-3.0048291796907542
0.0007390385371608336,0.01566098855756322,2.9832590964827433e-06,2.9358104697623277
0.0007391204613972998,0.015659252690952977,4.115374616450444e-06,-2.583759337139513
0.0007392023856337659,0.015657517209107588,5.382911515444272e-06,2.5471365752970576
0.000739284309870232,0.015655782111899132,2.910200056225725e-06,2.9954122970978547
0.0007393662341066982,0.015654047399199754,4.672435294149247e-06,2.7549009722860314
0.0007394481583431643,0.01565231307088165,4.401211691968768e-06,-2.7538972356188673
0.0007395300825796304,0.01565057912681708,1.0452834001585191e-06,-2.281284743953856
0.0007396120068160965,0.015648845566878355,7.96628506135476e-07,-2.2573994823382066
0.0007396939310525627,0.015647112390937842,2.599781096981406e-06,2.8226939508635795
0.0007397758552890288,0.01564537959886797,3.0808618691938033e-06,2.919576608966769
0.0007398577795254948,0.015643647190541222,1.7625587151492395e-06,2.24265438264579
0.0007399397037619609,0.015641915165830134,2.169661864472647e-06,-2.951206893003168
0.0007400216279984271,0.0156401835246073,2.8163690002257534e-06,2.8760603266731852
0.0007401035522348932,0.01563845226674538,2.5435141249428013e-06,-3.058378448254436
0.0007401854764713593,0.015636721392117074,3.2711178712651887e-06,2.7638936341847034
0.0007402674007078254,0.015634990900595152,4.769617444723195e-07,0.49545251274782226
0.0007403493249442916,0.015633260792052427,1.7789461196208884e-06,1.4830165608601857
0.0007404312491807577,0.01563153106636178,2.5931163138621864e-06,1.7981816397002293
0.0007405131734172238,0.015629801723396147,4.759258953895403e-06,-2.823498389812388
0.0007405950976536899,0.015628072763028515,1.8448057109014968e-06,-2.511639723478947
0.000740677021890156,0.015626344185131927,2.047682586512861e-06,-3.049226005851732
0.0007407589461266221,0.015624615989579493,3.833941060815928e-06,2.3399584357406376
0.0007408408703630882,0.015622888176244363,4.105620735210867e-06,-3.0805784586744966
0.0007409227945995543,0.015621160744999757,5.206673870420449e-06,3.0283800031254904
0.0007410047188360205,0.015619433695718936,2.282542019552656e-06,2.418220057358603
0.0007410866430724866,0.015617707028275234,5.183851559731045e-06,2.9356043234198577
0.0007411685673089527,0.015615980742542033,2.811355408070847e-06,-3.1410334037354493
0.0007412504915454188,0.01561425483839277,3.8072155227795044e-06,2.733769076661169
0.000741332415781885,0.015612529315700936,3.56166321359637e-06,-2.9108972310946704
0.0007414143400183511,0.015610804174340085,3.414406737093656e-06,2.6983412054346037
0.0007414962642548172,0.01560907941418382,4.260784203886554e-06,-3.030329005973965
0.0007415781884912832,0.015607355035105809,3.5725326857145477e-06,3.1306716515693407
0.0007416601127277494,0.01560563103697976,1.8027922025505206e-06,-2.2740376978327075
0.0007417420369642155,0.015603907419679455,2.2611767600611223e-06,2.6064099889606673
0.0007418239612006816,0.015602184183078717,2.5826700845735635e-06,2.622754857208018
0.0007419058854371477,0.015600461327051434,2.8769399760717226e-06,-3.064591971511653
0.0007419878096736139,0.015598738851471543,4.350460310089574e-06,-2.8216799558969154
0.00074206973391008,0.015597016756213045,2.9097376345334154e-06,2.208148200406401
0.0007421516581465461,0.015595295041149992,3.6834382148097945e-06,3.126089442498911
0.0007422335823830122,0.015593573706156489,2.8022791376905973e-06,-2.0566179101972826
0.0007423155066194784,0.015591852751106696,1.1398385301211137e-06,3.058201276337977
0.0007423974308559445,0.015590132175874837,6.790105036356731e-06,2.906148486654708
0.0007424793550924105,0.015588411980335184,2.5722891614212688e-06,2.617254732603511
0.0007425612793288766,0.015586692164362067,2.3869852961668416e-06,-2.383362168671941
0.0007426432035653428,0.01558497272782987,1.3082487912092179e-06,2.7121317036278727
0.0007427251278018089,0.015583253670613036,2.1721786320342923e-06,1.6554306463142787
0.000742807052038275,0.015581534992586056,3.246144293191475e-06,3.112231825808041
0.0007428889762747411,0.015579816693623488,2.3098353609866577e-06,2.750881116976743
0.0007429709005112073,0.015578098773599931,1.8271398728993716e-06,-3.1363140504492
0.0007430528247476734,0.015576381232390052,3.048336482506191e-06,-3.0122104420773406
0.0007431347489841395,0.015574664069868568,3.0181763692623565e-06,2.6306684997936522
0.0007432166732206056,0.015572947285910249,2.328123976362441e-06,2.024900697810216
0.0007432985974570718,0.015571230880389923,3.5320967808033385e-06,3.0642857304614086
0.0007433805216935378,0.015569514853182474,1.9938327988297137e-06,-2.9294541451956464
0.0007434624459300039,0.01556779920416284,2.917795227050938e-06,-2.912069479763921
0.00074354437016647,0.015566083933206014,5.637996403244703e-06,2.7794380805568073
0.0007436262944029362,0.01556436904018704,4.067038129399454e-06,2.961419423046521
0.0007437082186394023,0.015562654524981028,5.000563604749032e-06,-2.7526003169350806
0.0007437901428758684,0.015560940387463133,4.208971004686427e-06,-2.8938074847009703
0.0007438720671123345,0.015559226627508567,1.7554773054448326e-06,3.076332957516812
0.0007439539913488007,0.015557513244992596,3.863570327781821e-06,-2.801105497782728
0.0007440359155852668,0.01555580023979055,3.0122387625308024e-06,2.9788496417299437
0.0007441178398217329,0.015554087611777803,3.664493000182852e-06,-2.7113142988523258
0.000744199764058199,0.015552375360829786,2.210581791303561e-06,-2.4447677147001783
0.0007442816882946651,0.01555066348682199,1.7359741212894297e-06,-2.855427645745798
0.0007443636125311312,0.015548951989629956,8.356296129234846e-07,2.226400133888572
0.0007444455367675973,0.015547240869129281,1.5928487253020385e-06,-3.0875246722609107
0.0007445274610040635,0.015545530125195618,3.7480175422216535e-06,2.2806694577630546
0.0007446093852405296,0.015543819757704672,2.9951123631023982e-06,2.383779689715175
0.0007446913094769957,0.01554210976653221,4.581889490322203e-06,2.7387098920322477
0.0007447732337134618,0.01554040015155404,6.006636731807252e-07,-1.8636543305113198
0.000744855157949928,0.015538690912646036,2.222790954010177e-06,2.6913955595091625
0.0007449370821863941,0.015536982049684128,1.707184547510132e-06,-2.7780643430945857
0.0007450190064228602,0.01553527356254429,4.443214087824967e-06,2.6515660743952383
0.0007451009306593262,0.01553356545110256,3.660363316249812e-06,2.498192125319392
0.0007451828548957924,0.015531857715235024,4.412696996708083e-06,2.870015648391198
0.0007452647791322585,0.015530150354817827,2.714659501301222e-06,-2.645363224413486
0.0007453467033687246,0.015528443369727168,1.921260949706615e-06,2.066384701998932
0.0007454286276051907,0.0155267367598393,4.4327878247821596e-06,-2.695752752994025
0.0007455105518416569,0.015525030525030525,1.420934184542958e-06,-2.682106769917043
0.000745592476078123,0.015523324665177208,1.482266646244398e-06,2.320545611981949
0.0007456744003145891,0.015521619180155766,3.864007348853821e-06,-3.1405377949715616
0.0007457563245510552,0.015519914069842666,3.3695052997701867e-06,2.2946535615299637
0.0007458382487875214,0.01551820933411443,3.4557500087038703e-06,-3.003659755905107
0.0007459201730239875,0.01551650497284764,1.5479322528472785e-06,-0.06486306379349452
0.0007460020972604535,0.015514800985918929,2.0971899746950234e-06,-2.6693841457688197
0.0007460840214969196,0.015513097373204983,1.3591422867298609e-06,2.446501196817101
0.0007461659457333858,0.015511394134582537,3.4561457399777516e-06,3.003887058904259
0.0007462478699698519,0.015509691269928396,4.8801023643734015e-06,3.0031034701635297
0.000746329794206318,0.015507988779119405,1.4162367704717707e-06,-2.5758249789480456
0.0007464117184427841,0.015506286662032465,1.102920269599524e-06,2.7083964367011872
0.0007464936426792503,0.015504584918544532,4.098902507282439e-06,-2.8353415504531974
0.0007465755669157164,0.015502883548532619,4.579372652586625e-06,-3.041283611185222
0.0007466574911521825,0.015501182551873795,3.08682993499589e-06,-2.928082476088181
0.0007467394153886486,0.015499481928445176,9.814747424210083e-07,-0.559454982083552
0.0007468213396251148,0.015497781678123932,6.529458719688588e-07,2.8907977658160933
0.0007469032638615808,0.015496081800787296,3.2245934527455707e-06,2.586022196332152
0.0007469851880980469,0.015494382296312545,3.484757666205381e-06,-2.6979318267118844
0.000747067112334513,0.015492683164577012,2.8122405815053874e-06,2.849689841482344
0.0007471490365709792,0.015490984405458087,3.882485927202451e-06,3.119624684311126
0.0007472309608074453,0.015489286018833218,2.7461318006479806e-06,-2.7691709916827625
0.0007473128850439114,0.015487588004579894,4.014854093155131e-06,3.0484837251063017
0.0007473948092803775,0.015485890362575663,2.117982215415447e-06,-2.6062491100854075
0.0007474767335168437,0.015484193092698132,3.3976196163091534e-06,2.606520221460898
0.0007475586577533098,0.015482496194824962,2.24120576998489e-06,1.8264761920030501
0.0007476405819897759,0.015480799668833856,3.4626384070233893e-06,-2.7963764749195885
0.000747722506226242,0.015479103514602584,2.8746598340530577e-06,-2.371000427917378
0.0007478044304627081,0.015477407732008957,2.972342063129657e-06,-3.0205655085712877
0.0007478863546991742,0.015475712320930854,4.961565467170423e-06,-2.4854218287340286
0.0007479682789356403,0.015474017281246196,2.1528267171269644e-07,-1.4324681397015284
0.0007480502031721064,0.015472322612832962,2.8822663513581708e-06,-2.5755375944259478
0.0007481321274085726,0.01547062831556918,6.082019909339609e-07,2.9018349585104963
0.0007482140516450387,0.015468934389332945,2.484570096553453e-06,-2.524308089034438
0.0007482959758815048,0.015467240834002385,3.960098219378021e-06,-2.828548952275078
0.0007483779001179709,0.015465547649455697,3.4694932537211325e-06,2.8894697718258024
0.0007484598243544371,0.015463854835571122,2.6525828451288843e-06,-2.581773628720366
0.0007485417485909032,0.015462162392226964,2.816267763369548e-06,2.7579571069503586
0.0007486236728273692,0.015460470319301573,5.243324267378406e-07,2.1476852985907815
0.0007487055970638353,0.015458778616673354,2.941738240250161e-06,-2.2836083172699007
0.0007487875213003015,0.015457087284220763,3.878209147105105e-06,2.8453097396375626
0.0007488694455367676,0.015455396321822313,1.3910960565678894e-06,2.757239648383894
0.0007489513697732337,0.01545370572935657,3.4167366188638447e-06,-2.874327585332906
0.0007490332940096998,0.015452015506702152,5.072717677131812e-06,2.190454828138454
0.000749115218246166,0.015450325653737725,2.5864881051804143e-06,2.6880640210607814
0.0007491971424826321,0.01544863617034202,5.20425244724884e-06,-2.598576651008584
0.0007492790667190982,0.015446947056393809,1.5693639763060234e-06,2.8185187434985766
0.0007493609909555643,0.015445258311771924,1.771375882950624e-06,-1.9451401920982272
0.0007494429151920305,0.015443569936355244,3.071077194800807e-06,2.7957453156190515
0.0007495248394284965,0.015441881930022711,1.09724796610602e-06,-2.4113292993980613
0.0007496067636649626,0.01544019429265331,3.917009719148774e-06,-2.8915138664343383
0.0007496886879014287,0.015438507024126082,3.7899653570850456e-06,2.6427845506344463
0.0007497706121378949,0.015436820124320124,1.7359546426107734e-06,3.043593180009626
0.000749852536374361,0.015435133593114582,3.699893451713903e-06,-2.8316086684825135
0.0007499344606108271,0.015433447430388658,2.7285408020952224e-06,2.097033643745251
0.0007500163848472933,0.0154317616360216,1.2625347169768868e-06,-2.4779629504302525
0.0007500983090837594,0.015430076209892724,3.828340724579802e-06,2.805992878520506
0.0007501802333202255,0.015428391151881377,1.0778941078238723e-06,2.2652456237307788
0.0007502621575566916,0.015426706461866979,1.9443437905029533e-06,2.998583272773972
0.0007503440817931578,0.015425022139728984,2.8262940980298832e-06,2.265495567944874
0.0007504260060296238,0.015423338185346917,2.3023685024085774e-06,3.027951375769266
0.0007505079302660899,0.015421654598600346,3.069478723119535e-06,2.6550230234923466
0.000750589854502556,0.015419971379368892,1.976911256505798e-06,2.0477923954819017
0.0007506717787390222,0.015418288527532225,3.785111232130909e-06,-3.116993865355876
0.0007507537029754883,0.015416606042970077,3.120530911651164e-06,3.0508703073643835
0.0007508356272119544,0.015414923925562223,1.107755829792811e-06,2.739089631488459
0.0007509175514484205,0.0154132421751885,3.0666672069091586e-06,-2.7296395780860094
0.0007509994756848867,0.015411560791728784,4.386967731002158e-06,-3.1304175374058594
0.0007510813999213528,0.01540987977506302,4.249311961410321e-06,-2.9608512970831953
0.0007511633241578189,0.015408199125071194,4.54215488112192e-06,-3.0474311031631194
0.000751245248394285,0.015406518841633346,2.342307292225316e-06,1.4490203308212495
0.0007513271726307511,0.015404838924629568,2.5761555055481225e-06,3.088944165332299
0.0007514090968672172,0.015403159373940009,4.960855339605835e-06,3.0643128794487167
0.0007514910211036833,0.015401480189444866,2.3238859058709234e-06,-2.208881787364902
0.0007515729453401494,0.015399801371024393,1.9516566503201496e-06,2.924203948727201
0.0007516548695766156,0.015398122918558885,3.7516403910864396e-06,2.3067944965004665
0.0007517367938130817,0.015396444831928702,3.776204616544375e-06,2.6266823012038163
0.0007518187180495478,0.01539476711101425,3.823340024063722e-06,2.6479544396663184
0.0007519006422860139,0.015393089755695989,3.6285696208503234e-06,-2.329891702716385
0.0007519825665224801,0.015391412765854423,3.013756910649854e-06,-2.941398793515432
0.0007520644907589462,0.015389736141370128,3.837791501036128e-06,-2.9177472645116724
0.0007521464149954123,0.01538805988212371,4.95220120488339e-06,2.866041220142618
0.0007522283392318783,0.015386383987995836,3.398256384093247e-06,-2.6124725486985185
0.0007523102634683445,0.01538470845886723,3.2342336774188603e-06,-3.1264501711144095
0.0007523921877048106,0.01538303329461866,1.4182290031154132e-06,1.3970343934284486
0.0007524741119412767,0.01538135849513095,1.2346122168143528e-06,-1.5675296584571767
0.0007525560361777428,0.015379684060284976,4.891094063486506e-06,3.001402291137908
0.000752637960414209,0.01537800998996166,5.094558696904111e-06,-2.365619529716199
0.0007527198846506751,0.015376336284041985,1.7273722085271287e-06,-2.7267865388234167
0.0007528018088871412,0.015374662942406985,2.72637619872579e-06,-1.3383471808215377
0.0007528837331236073,0.015372989964937734,1.3337130042526648e-06,1.3426901285550987
0.0007529656573600735,0.01537131735151537,6.450466289138821e-06,2.5085502827047765
0.0007530475815965396,0.01536964510202108,2.473315142737077e-06,-3.0035918777268558
0.0007531295058330056,0.0153679732163361,2.5422778731439713e-06,-2.1682864352520905
0.0007532114300694717,0.01536630169434172,1.948499391262563e-06,-0.6569643422301035
0.0007532933543059379,0.01536463053591928,2.2867782471626484e-06,-3.050810463667005
0.000753375278542404,0.01536295974095017,3.555667633561278e-06,-1.9612148943165992
0.0007534572027788701,0.01536128930931584,1.100529518434963e-06,1.8485386838718807
0.0007535391270153362,0.01535961924089778,1.943624212583182e-06,-3.0726068961736908
0.0007536210512518024,0.015357949535577538,4.044953154846487e-06,-2.7387863155672143
0.0007537029754882685,0.015356280193236713,4.761255209978845e-06,-3.045657577074008
0.0007537848997247346,0.01535461121375696,4.317434870265657e-06,-2.9815528741206023
0.0007538668239612007,0.015352942597019971,4.0845872885959517e-07,2.3854162091228526
0.0007539487481976669,0.015351274342907504,9.162201868701713e-07,1.463696026720449
0.0007540306724341329,0.015349606451301368,2.7047403819132815e-06,-3.04723880034842
0.000754112596670599,0.01534793892208341,4.650040881942644e-06,2.6711169545953313
0.0007541945209070651,0.01534627175513554,3.940939571224252e-06,-2.776321472985047
0.0007542764451435313,0.015344604950339716,4.499875697267053e-06,2.4787027975760765
0.0007543583693799974,0.015342938507577952,3.42134374558031e-07,2.3777911512037657
0.0007544402936164635,0.015341272426732302,1.7970250177515246e-06,-3.003327227329912
0.0007545222178529296,0.015339606707684883,3.2549104409968783e-06,-2.751019657277437
0.0007546041420893958,0.015337941350317855,4.276166176234646e-06,3.022922618387743
0.0007546860663258619,0.015336276354513437,3.060000901909665e-06,2.282789267169104
0.000754767990562328,0.015334611720153888,2.423976577960682e-06,2.922728685963534
0.000754849914798794,0.01533294744712153,5.13958422062565e-06,2.6119090306820443
0.0007549318390352602,0.015331283535298725,4.216237595007696e-06,-2.6227475597631265
0.0007550137632717263,0.015329619984567899,1.4340319989981019e-06,2.154689952692773
0.0007550956875081924,0.01532795679481152,3.3092926854748842e-06,2.7152086125227557
0.0007551776117446586,0.015326293965912103,9.388211252823506e-07,2.0162527176885505
0.0007552595359811247,0.015324631497752227,1.3793016879606098e-06,-2.8903316268791177
0.0007553414602175908,0.015322969390214509,3.452308329357049e-06,3.0737834169164455
0.0007554233844540569,0.015321307643181627,4.419913334821434e-06,-2.93525793933424
0.0007555053086905231,0.015319646256536302,3.837764334060208e-06,2.9250826131719445
0.0007555872329269892,0.015317985230161311,2.54446167520695e-06,3.04117164245022
0.0007556691571634553,0.015316324563939481,2.302340662141193e-06,-2.0726909810891163
0.0007557510813999213,0.015314664257753689,1.6037032970847198e-06,-2.537769973084448
0.0007558330056363875,0.015313004311486859,1.4398678558158845e-06,2.204671437315797
0.0007559149298728536,0.015311344725021974,2.630387553568076e-06,2.6956144855909376
0.0007559968541093197,0.015309685498242066,3.6874645030681048e-06,2.8651101568803607
0.0007560787783457858,0.015308026631030208,3.2483867405195114e-06,-3.079464708957005
0.000756160702582252,0.01530636812326953,2.5001607449603902e-06,-2.3219507565697137
0.0007562426268187181,0.01530470997484322,3.2719847433476194e-06,2.9214255122254733
0.0007563245510551842,0.015303052185634509,3.4385525311248995e-06,-2.9764778952323803
0.0007564064752916503,0.015301394755526674,2.195030257802717e-06,-3.009051128338786
0.0007564883995281165,0.01529973768440305,4.3174264522848286e-06,2.993050752631342
0.0007565703237645826,0.015298080972147025,2.6375595335663762e-06,-2.8836905493286404
0.0007566522480010486,0.01529642461864203,4.431424957741674e-06,2.7864115703869574
0.0007567341722375147,0.015294768623771547,5.44710365531062e-06,-2.4900649036050884
0.0007568160964739809,0.015293112987419115,2.1223157636282516e-06,-3.120561597723649
0.000756898020710447,0.015291457709468317,3.4344335048769867e-06,2.956355864230476
0.0007569799449469131,0.015289802789802789,1.2670896665521595e-06,-2.5263750364975732
0.0007570618691833792,0.01528814822830622,1.0164069856961026e-06,-3.070042320714025
0.0007571437934198454,0.01528649402486234,2.613490114512433e-06,2.897330282113155
0.0007572257176563115,0.015284840179354947,2.2394559941976743e-06,-2.436404525120254
0.0007573076418927776,0.015283186691667868,3.0475568606397937e-06,3.0824933411113222
0.0007573895661292437,0.015281533561684995,5.246218598831488e-06,2.3978631122839587
0.0007574714903657099,0.01527988078929026,4.8785630598132746e-06,-2.710939046693945
0.0007575534146021759,0.015278228374367663,7.740379234140525e-07,0.411131595621807
0.000757635338838642,0.01527657631680123,9.850997912939936e-07,2.366346825428045
0.0007577172630751081,0.015274924616475056,4.036950080093467e-06,2.9921566274525033
0.0007577991873115743,0.015273273273273272,3.641685151805897e-06,2.5903715601919965
0.0007578811115480404,0.015271622287080075,1.7877355497953298e-06,-2.1217760419889973
0.0007579630357845065,0.015269971657779699,4.103148178999658e-06,-3.1013870259046152
0.0007580449600209726,0.015268321385256434,4.337240971815789e-06,2.3384657427982316
0.0007581268842574388,0.015266671469394616,3.7691396482632183e-06,-2.4141811112562186
0.0007582088084939049,0.015265021910078636,2.488812791182244e-06,3.1057982776773283
0.000758290732730371,0.01526337270719293,1.8322209536266753e-06,-3.04298997597975
0.000758372656966837,0.015261723860621993,5.413447792398812e-06,-3.0498516169516594
0.0007584545812033032,0.015260075370250353,3.1980979207939807e-06,2.776526669313345
0.0007585365054397693,0.015258427235962607,4.424581542626673e-06,-2.9740492989307254
0.0007586184296762354,0.015256779457643388,3.468646924435215e-06,-2.5339534837786517
0.0007587003539127015,0.015255132035177386,2.5371870317311814e-06,2.5906560478677982
0.0007587822781491677,0.015253484968449338,4.143332506175887e-06,-2.6945585015465046
0.0007588642023856338,0.015251838257344032,3.1389052921860824e-06,-2.996979897069136
0.0007589461266220999,0.015250191901746306,2.310458604553246e-06,-2.842092741809978
0.000759028050858566,0.015248545901541045,4.222293394009391e-06,2.4960832129541886
0.0007591099750950322,0.015246900256613185,9.578061154489387e-07,2.2943927727634996
0.0007591918993314983,0.015245254966847714,2.210674807069347e-06,-1.4705693181025314
0.0007592738235679643,0.015243610032129668,5.046336341196336e-06,-2.705759537805302
0.0007593557478044304,0.015241965452344136,1.6105077347109137e-06,2.4102816782005827
0.0007594376720408966,0.015240321227376244,3.1423937704512443e-06,2.952588620032896
0.0007595195962773627,0.015238677357111183,3.256211852152579e-06,2.9107485757737592
0.0007596015205138288,0.015237033841434187,4.18889212479308e-06,-2.637318628525134
0.0007596834447502949,0.015235390680230538,3.141308542581917e-06,-3.1404505245085925
0.0007597653689867611,0.015233747873385568,3.1164806604772072e-06,3.1133265023502226
0.0007598472932232272,0.015232105420784665,2.1509633405868196e-06,-2.2310485461386897
0.0007599292174596933,0.015230463322313257,2.8688558288343914e-06,2.391068435309071
0.0007600111416961594,0.015228821577856827,2.705918985115955e-06,2.781411400275858
0.0007600930659326256,0.015227180187300902,1.0761651766968774e-06,2.462715542433794
0.0007601749901690916,0.015225539150531068,2.3673707511016595e-06,-2.392353637195754
0.0007602569144055577,0.015223898467432951,2.803559132515993e-06,-3.0364257995583923
0.0007603388386420239,0.015222258137892226,4.361970679076684e-06,-3.0099346494991304
0.00076042076287849,0.015220618161794632,5.321877467668175e-06,-2.33621156786898
0.0007605026871149561,0.015218978539025938,3.9597652673335845e-06,-2.9062576488606133
0.0007605846113514222,0.01521733926947197,7.602918974797459e-07,2.826321097710126
0.0007606665355878884,0.015215700353018606,1.974253693477269e-06,2.60900695886831
0.0007607484598243545,0.015214061789551774,3.112575948551768e-06,3.064544658464
0.0007608303840608206,0.015212423578957444,1.7844847534969308e-06,2.77424512229167
0.0007609123082972867,0.015210785721121637,2.675182197406948e-07,1.680148651142861
0.0007609942325337529,0.01520914821593043,3.6700690135329175e-06,2.1151008974351106
0.000761076156770219,0.015207511063269941,3.4541784794645708e-06,-2.469578544356611
0.000761158081006685,0.015205874263026345,3.269844451507454e-06,-2.5173089497752716
0.0007612400052431511,0.015204237815085857,9.459577552236183e-07,0.9065756522967261
0.0007613219294796173,0.015202601719334744,2.992391523765321e-06,2.6417354705147047
0.0007614038537160834,0.015200965975659326,2.3438584098323775e-06,-2.6865962918534185
0.0007614857779525495,0.015199330583945967,1.4134531465129007e-06,-2.8196659700409836
0.0007615677021890156,0.015197695544081086,2.586168098667785e-06,3.037500832108532
0.0007616496264254818,0.015196060855951142,3.5753934024915426e-06,-2.720354569115617
0.0007617315506619479,0.01519442651944265,5.238570637491619e-06,-2.8818675734180745
0.000761813474898414,0.015192792534442175,1.4649547632156276e-06,2.7399890248651837
0.00076189539913488,0.01519115890083632,3.560264079710438e-06,-2.6740274561838278
0.0007619773233713462,0.015189525618511748,2.8573828439044843e-06,2.828693646692205
0.0007620592476078123,0.015187892687355167,2.363674420135906e-06,2.725414086649983
0.0007621411718442784,0.015186260107253336,1.8215857966517366e-06,-2.493948455972932
0.0007622230960807445,0.015184627878093056,4.064864790835794e-06,-3.137813982436572
0.0007623050203172107,0.015182995999761178,2.5032800087572514e-06,3.0081610909413468
0.0007623869445536768,0.015181364472144613,1.158106098168071e-06,-2.8029376911306345
0.0007624688687901429,0.015179733295130306,5.157827162175771e-06,2.6001246946380294
0.000762550793026609,0.015178102468605261,2.5021658145515347e-06,2.635178416418619
0.0007626327172630752,0.015176471992456524,3.246557839232699e-06,3.0457847562109004
0.0007627146414995413,0.01517484186657119,3.8451830853412835e-06,-2.7693963176000236
0.0007627965657360073,0.015173212090836406,3.1722207256133215e-07,2.655678110265989
0.0007628784899724734,0.015171582665139367,3.0206844180825202e-06,1.9466763416749755
0.0007629604142089396,0.015169953589367312,2.1057767503976383e-06,2.834104587101595
0.0007630423384454057,0.015168324863407533,4.6224803411599805e-07,2.684416415523694
0.0007631242626818718,0.015166696487147373,2.864764222528637e-06,-2.8741779585697067
0.0007632061869183379,0.015165068460474216,3.1863123106919766e-06,3.058642137419703
0.0007632881111548041,0.015163440783275493,2.848660303696432e-06,2.6269273937892024
0.0007633700353912702,0.015161813455438697,3.490065233751413e-06,-2.6907063148084296
0.0007634519596277363,0.015160186476851354,3.26188906939237e-06,2.6186009644067485
0.0007635338838642024,0.015158559847401049,2.1111304006138746e-06,-2.707484836447303
0.0007636158081006686,0.015156933566975407,4.115290434557863e-06,-2.87801987621406
0.0007636977323371346,0.015155307635462108,2.8809025407487442e-06,2.9314237458861854
0.0007637796565736007,0.015153682052748876,1.5637815376735936e-06,2.308426078841445
0.0007638615808100668,0.015152056818723485,4.298638123296083e-07,-2.1613964751138393
0.000763943505046533,0.015150431933273754,2.169313380502865e-06,-2.534997257584307
0.0007640254292829991,0.015148807396287559,4.4011450242171445e-06,3.136221514258886
0.0007641073535194652,0.015147183207652811,3.9028829136247144e-06,2.9527746346514947
0.0007641892777559313,0.01514555936725748,1.8709176671514716e-08,0.2809417507879936
0.0007642712019923975,0.015143935874989578,4.178797438982337e-06,-2.4813910635731116
0.0007643531262288636,0.015142312730737167,3.36910296345713e-06,2.989896354417369
0.0007644350504653297,0.01514068993438836,1.8025618350292962e-06,3.095356099161905
0.0007645169747017958,0.015139067485831308,2.765481222716647e-06,1.7691503898199088
0.000764598898938262,0.015137445384954222,3.8065209583512886e-06,-2.9774974845385307
0.000764680823174728,0.015135823631645359,4.4456000722706555e-06,-3.018687245327433
0.0007647627474111941,0.015134202225793014,2.6854790979873925e-06,-2.309072678591671
0.0007648446716476602,0.015132581167285537,4.792186427085863e-06,3.005667890273882
0.0007649265958841264,0.015130960456011327,6.605012470320792e-07,-1.4424013140137621
0.0007650085201205925,0.015129340091858831,3.695064745927857e-06,2.994672843393376
0.0007650904443570586,0.015127720074716541,1.7285104263379854e-06,2.6745373580169676
0.0007651723685935247,0.015126100404472995,2.217042625428149e-06,2.9025824801717373
0.0007652542928299909,0.015124481081016782,6.50552893596725e-07,-2.5317156312406257
0.000765336217066457,0.015122862104236542,2.643152893548095e-06,2.777964639458597
0.000765418141302923,0.015121243474020956,7.3243930751797e-07,1.450448412712123
0.0007655000655393891,0.015119625190258753,4.142006220858361e-06,2.8960444613598737
0.0007655819897758553,0.015118007252838713,1.8773342926453903e-06,-3.0042091914688087
0.0007656639140123214,0.015116389661649665,3.1698644003712795e-06,-2.7666198011177476
0.0007657458382487875,0.015114772416580482,7.997947051759957e-07,1.731549357371523
0.0007658277624852537,0.015113155517520085,1.8781946146800406e-06,2.5734274252731026
0.0007659096867217198,0.015111538964357447,1.7820890917503287e-06,-2.8505519508357953
0.0007659916109581859,0.015109922756981581,4.286050948673272e-06,2.6773877365086394
0.000766073535194652,0.01510830689528155,2.2303270747924305e-06,-2.957034217458666
0.0007661554594311182,0.015106691379146468,4.89734835102816e-06,2.7213867440311796
0.0007662373836675843,0.015105076208465493,3.889481628412598e-06,-2.4124964875152504
0.0007663193079040504,0.015103461383127837,1.9434445673295707e-06,-2.7789231465478093
0.0007664012321405164,0.015101846903022744,1.0343422775699673e-06,-2.766407261261543
0.0007664831563769826,0.01510023276803952,3.7071627852900968e-06,-2.546100881464689
0.0007665650806134487,0.015098618978067519,1.738404994637815e-06,2.3920419354932663
0.0007666470048499148,0.01509700553299613,4.978578730265621e-06,-2.6608898250231015
0.0007667289290863809,0.015095392432714797,2.274756688713203e-06,-3.0917728267709927
0.0007668108533228471,0.01509377967711301,1.846798036109644e-06,2.6600486084453725
0.0007668927775593132,0.015092167266080309,3.043665959519612e-06,2.130500644757568
0.0007669747017957793,0.015090555199506278,4.918351308971042e-06,2.6117474796587
0.0007670566260322454,0.015088943477280549,5.846339475797887e-06,3.0435689071690124
0.0007671385502687116,0.0150873320992928,2.8495147145948884e-06,-2.7387986189243367
0.0007672204745051777,0.015085721065432756,1.9279719700713737e-06,-3.0649648681293074
0.0007673023987416437,0.015084110375590196,4.474135690015637e-06,2.4118599537608345
0.0007673843229781098,0.015082500029654935,1.5664313105486538e-06,-2.7922133426449363
0.000767466247214576,0.015080890027516843,2.061884255187452e-06,3.0051357499043148
0.0007675481714510421,0.01507928036906583,6.337528457363416e-07,-2.9624184327401477
0.0007676300956875082,0.015077671054191865,2.3321771089420144e-06,2.7462421973578874
0.0007677120199239743,0.015076062082784952,4.9778972622022e-06,3.0703191282833493
0.0007677939441604405,0.015074453454735143,1.7702555914994858e-06,2.5235013418216585
0.0007678758683969066,0.015072845169932547,8.402185796454262e-07,-1.6406906531171528
0.0007679577926333727,0.015071237228267313,2.4370376367212336e-06,2.8361860391854994
0.0007680397168698388,0.01506962962962963,3.261684157276379e-06,2.133317173462558
0.000768121641106305,0.015068022373909744,2.8520352141245892e-06,-2.4686782642967597
0.000768203565342771,0.01506641546099795,2.881799641118381e-06,-2.8523668856773647
0.0007682854895792371,0.015064808890784579,2.6755504055267476e-06,2.334924446769827
0.0007683674138157032,0.015063202663160016,1.156250221052052e-06,2.3722141208095
0.0007684493380521694,0.015061596778014687,3.443420646076546e-06,2.5673059618231986
0.0007685312622886355,0.015059991235239075,4.014555989116686e-06,-2.699139282998984
0.0007686131865251016,0.015058386034723701,2.7038963852567606e-06,2.768833765910168
0.0007686951107615677,0.015056781176359137,3.3808568124528155e-06,-2.1784098537938634
0.0007687770349980339,0.015055176660035993,1.572776751370982e-06,-3.068971193949965
0.0007688589592345,0.01505357248564494,9.321783141876286e-07,-1.4827209901198917
0.0007689408834709661,0.015051968653076687,2.778180612968693e-06,2.7305609107623683
0.0007690228077074321,0.015050365162221987,2.4425408262362815e-06,2.557805488672089
0.0007691047319438983,0.01504876201297164,4.693795790887898e-06,2.785451896914014
0.0007691866561803644,0.015047159205216506,3.4237696647405217e-06,3.104865649613439
0.0007692685804168305,0.015045556738847473,2.945069340609712e-06,3.0235164032037116
0.0007693505046532966,0.015043954613755487,1.7265548100108093e-06,-2.870268229310285
0.0007694324288897628,0.015042352829831534,4.5513871374597114e-06,2.9141921777872297
0.0007695143531262289,0.015040751386966655,1.7648380662771117e-06,1.4931626440594277
0.000769596277362695,0.015039150285051924,4.071108405436676e-06,3.034982982341859
0.0007696782015991611,0.015037549523978476,6.19657819838266e-06,2.7022971627611434
0.0007697601258356273,0.01503594910363748,1.1356099146119666e-06,-3.0401746318710305
0.0007698420500720934,0.015034349023920162,4.074741323822273e-06,-2.6842229104161754
0.0007699239743085594,0.015032749284717789,4.285656112370086e-06,2.5919519152372774
0.0007700058985450255,0.01503114988592167,4.666834293330367e-06,-2.4386721760297743
0.0007700878227814917,0.015029550827423166,6.064583357285628e-06,3.0099283790803635
0.0007701697470179578,0.015027952109113688,3.817797200446798e-06,-2.970177763158775
0.0007702516712544239,0.01502635373088468,3.341085846772231e-06,2.739019834097475
0.00077033359549089,0.015024755692627649,3.346018840989788e-06,2.9786863626612066
0.0007704155197273562,0.015023157994234131,2.2163099749273146e-06,-2.479028257425705
0.0007704974439638223,0.015021560635595723,3.4814103613397153e-06,2.6389545306560414
0.0007705793682002884,0.01501996361660406,3.3113050847598887e-06,3.0357468648571753
0.0007706612924367545,0.015018366937150824,2.0481965452133072e-06,-2.6515295017919382
0.0007707432166732207,0.015016770597127738,4.476749751121327e-06,-2.9133775375731217
0.0007708251409096867,0.015015174596426588,2.988446389765606e-06,2.1934351205462215
0.0007709070651461528,0.015013578934939188,4.7473370810307545e-06,2.6429055467781764
0.000770988989382619,0.015011983612557407,3.1209594622655944e-06,-2.7976781438822433
0.0007710709136190851,0.015010388629173158,1.4713791000096045e-06,-1.7805561858097059
0.0007711528378555512,0.0150087939846784,2.3000965361938714e-06,2.8030996520195237
0.0007712347620920173,0.015007199678965135,1.6675542623189465e-06,2.6357979254717736
0.0007713166863284835,0.015005605711925414,1.678810419706298e-06,2.325579896527712
0.0007713986105649496,0.015004012083451335,3.629953214685795e-06,2.6820349078915005
0.0007714805348014157,0.01500241879343504,4.587366030889993e-06,2.5916029039023156
0.0007715624590378818,0.015000825841768716,3.2248875951734243e-06,3.140612520614644
0.000771644383274348,0.014999233228344597,4.289538280604164e-06,-3.007245806716662
0.000771726307510814,0.014997640953054964,3.312523629201511e-06,1.530393310972037
0.0007718082317472801,0.014996049015792141,2.689926199132819e-06,-2.706993722535955
0.0007718901559837462,0.014994457416448502,3.1673355221653337e-06,-2.742299568859791
0.0007719720802202124,0.014992866154916455,2.305696417449085e-06,3.0645188990724845
0.0007720540044566785,0.014991275231088473,2.3925264553105865e-06,2.9435669120983774
0.0007721359286931446,0.01498968464485706,3.743365045184314e-06,2.8334413558552427
0.0007722178529296107,0.014988094396114765,1.737708684751061e-06,3.1183195678060627
0.0007722997771660769,0.014986504484754193,1.983076015410873e-06,2.913571515320757
0.000772381701402543,0.014984914910667986,2.477859510126414e-06,-3.03436523881567
0.0007724636256390091,0.014983325673748835,4.98925990372211e-06,2.7259867463501033
0.0007725455498754751,0.014981736773889478,2.1035740466727476e-06,-3.0321240658114674
0.0007726274741119413,0.014980148210982692,1.2895561709925218e-06,-2.8838441797030714
0.0007727093983484074,0.014978559984921307,7.239667029844995e-07,-1.0705797627440918
0.0007727913225848735,0.014976972095598194,2.7916551323668473e-07,-1.8500656846091978
0.0007728732468213396,0.014975384542906272,3.5420303732568586e-06,-2.572288312645997
0.0007729551710578058,0.014973797326738501,2.3056035236314497e-06,2.7862587701341694
0.0007730370952942719,0.014972210446987894,2.790536946882362e-06,-3.0335608615549794
0.000773119019530738,0.014970623903547501,5.5346968084881095e-06,2.56969707496389
0.0007732009437672041,0.014969037696310424,1.6245205762384664e-06,-3.0393910122280667
0.0007732828680036703,0.014967451825169802,3.252843456552847e-06,3.0193989597722233
0.0007733647922401364,0.014965866290018831,4.9752576803735265e-06,-2.8379590156402914
0.0007734467164766024,0.014964281090750743,1.5502973487370325e-06,0.4871236940565741
0.0007735286407130685,0.01496269622725882,2.6131490164386254e-06,2.2781874492156438
0.0007736105649495347,0.014961111699436385,9.010825673955245e-07,-3.0337648997103366
0.0007736924891860008,0.014959527507176808,3.308041265356192e-06,2.834669839611767
0.0007737744134224669,0.014957943650373506,3.248653869909282e-06,2.7276612950225188
0.000773856337658933,0.014956360128919944,3.766602841536014e-06,1.6423514776948542
0.0007739382618953992,0.014954776942709618,1.3693796731750184e-06,-2.928212709160704
0.0007740201861318653,0.01495319409163609,2.921444980083407e-06,1.5705327137478262
0.0007741021103683314,0.014951611575592948,2.4629965842020558e-06,-3.108421784506808
0.0007741840346047975,0.014950029394473839,3.822064816468822e-06,-2.871700391163683
0.0007742659588412637,0.014948447548172443,2.6185439591750897e-06,2.3522532958757387
0.0007743478830777297,0.014946866036582499,2.728331389894501e-06,-2.9632325278904856
0.0007744298073141958,0.014945284859597776,2.49500062686802e-06,2.261560657483325
0.0007745117315506619,0.014943704017112099,3.4459542974455646e-06,2.545432542788298
0.0007745936557871281,0.01494212350901933,2.8448640732256704e-06,-2.4302500042792525
0.0007746755800235942,0.014940543335213384,3.808983051541058e-06,3.0842973326701375
0.0007747575042600603,0.01493896349558822,3.1764861619447264e-06,-2.9438431664594886
0.0007748394284965264,0.01493738399003783,2.560038815309691e-06,-2.5678208145149144
0.0007749213527329926,0.01493580481845626,3.195243345754818e-06,3.0298930136040605
0.0007750032769694587,0.014934225980737608,1.00216770982402e-06,-2.4385596050820064
0.0007750852012059248,0.014932647476776006,2.3796261820498313e-06,-2.3027115789238772
0.0007751671254423908,0.014931069306465629,9.273244754623094e-07,1.5898766021538586
0.000775249049678857,0.014929491469700703,6.463737805956694e-07,-2.7094825784563428
0.0007753309739153231,0.014927913966375505,3.559221168106814e-06,2.514038448228783
0.0007754128981517892,0.014926336796384339,5.004540205658916e-06,2.2975330145510493
0.0007754948223882553,0.01492475995962157,4.628451649702275e-06,2.42394156477674
0.0007755767466247215,0.014923183455981596,1.1940620441524468e-06,0.6757871703193516
0.0007756586708611876,0.01492160728535887,2.1192796984562285e-06,-2.758385009671343
0.0007757405950976537,0.01492003144764788,1.79026355549912e-06,-3.056772737645069
0.0007758225193341198,0.014918455942743165,1.3026182083733884e-06,2.1959407508164364
0.000775904443570586,0.014916880770539306,1.5474972608042544e-06,2.311998551859987
0.0007759863678070521,0.014915305930930932,4.375011664117191e-06,2.6994747979332105
0.0007760682920435181,0.014913731423812708,1.5579334627612812e-06,-2.5074128442806995
0.0007761502162799843,0.014912157249079351,9.512903980189066e-07,2.1197039782719282
0.0007762321405164504,0.014910583406625622,2.136848668755014e-06,1.1250986204177522
0.0007763140647529165,0.014909009896346324,3.752850047086774e-06,-2.7947698819633118
0.0007763959889893826,0.014907436718136305,1.6109697821895257e-06,-2.5846867823974278
0.0007764779132258488,0.01490586387189046,3.928845969392075e-06,2.8041413490474336
0.0007765598374623149,0.01490429135750372,3.318939843086155e-06,-2.392900507150602
0.000776641761698781,0.014902719174871074,1.9142919344427075e-06,-2.1012008858359748
0.0007767236859352471,0.014901147323887542,2.5880606453937214e-06,-2.32268665587881
0.0007768056101717133,0.014899575804448194,4.599655415493213e-06,2.988421180168638
0.0007768875344081794,0.014898004616448145,5.043934079829503e-06,-2.8553064763883604
0.0007769694586446454,0.014896433759782557,3.996845991670523e-06,2.502811363914177
0.0007770513828811115,0.014894863234346628,1.6326372777339228e-06,2.351820357238175
0.0007771333071175777,0.014893293040035607,3.2734916595963303e-06,-3.122309757289754
0.0007772152313540438,0.014891723176744783,1.2301806076437935e-06,-2.8733592512544095
0.0007772971555905099,0.014890153644369495,3.681906270754089e-06,-2.991080127272521
0.000777379079826976,0.014888584442805119,1.3729661121281236e-06,2.612678476532023
0.0007774610040634422,0.014887015571947078,1.255296285574241e-06,2.2465669706862283
0.0007775429282999083,0.01488544703169084,3.5846884019796837e-06,-3.0154294517606512
0.0007776248525363744,0.014883878821931918,5.1181046268655286e-06,-2.967586022927818
0.0007777067767728405,0.014882310942565867,3.2599238406936264e-06,-2.5862257565690494
0.0007777887010093067,0.014880743393488284,2.0710861345153372e-06,2.5587486309007006
0.0007778706252457727,0.014879176174594813,2.6791992180042576e-06,2.935339538698889
0.0007779525494822388,0.014877609285781149,3.536295542596591e-06,-2.603943409799453
0.0007780344737187049,0.01487604272694301,5.717120881770615e-06,2.939740404103023
0.0007781163979551711,0.01487447649797618,2.5098800863297498e-06,2.3097510598923643
0.0007781983221916372,0.014872910598776478,2.542572091018072e-06,1.8756767255609794
0.0007782802464281033,0.014871345029239768,2.0567703727866577e-06,-3.009477035136503
0.0007783621706645694,0.014869779789261949,2.590079252920979e-06,2.6268625222509523
0.0007784440949010356,0.014868214878738979,2.008736591032397e-06,-3.0458933205105945
0.0007785260191375017,0.01486665029756685,3.1111602400479603e-07,-2.9448163280783977
0.0007786079433739678,0.014865086045641601,2.7221895108797236e-06,2.2024912928016134
0.0007786898676104339,0.014863522122859315,3.2193687430507917e-06,-3.0328516587845105
0.0007787717918469,0.014861958529116114,2.25557404599401e-06,-2.9680374547482806
0.0007788537160833661,0.014860395264308171,1.5180975983708997e-06,2.7129513823837863
0.0007789356403198322,0.014858832328331696,9.954986385942952e-07,2.281543593386954
0.0007790175645562983,0.014857269721082951,2.9110248380114987e-06,-3.0559980222244327
0.0007790994887927645,0.01485570744245823,3.0292477185014696e-06,2.3365464969587957
0.0007791814130292306,0.01485414549235388,4.017665290488717e-06,-2.9754217784979295
0.0007792633372656967,0.014852583870666293,2.168201491629256e-06,2.9220838735272503
0.0007793452615021628,0.014851022577291893,8.088285471933648e-07,-2.6553384994418088
0.000779427185738629,0.014849461612127158,2.8935988696905073e-06,-3.0040987624369238
0.0007795091099750951,0.014847900975068605,2.9160509463719373e-06,-2.870332892109139
0.0007795910342115612,0.014846340666012797,3.2147857700152457e-06,3.075151192324986
0.0007796729584480272,0.014844780684856338,1.787221338231578e-06,-2.8337379677903685
0.0007797548826844934,0.014843221031495877,5.914508451399535e-06,1.9379351990912472
0.0007798368069209595,0.01484166170582811,2.6698592879598678e-06,2.2546494855417354
0.0007799187311574256,0.014840102707749768,3.996387173255015e-06,-3.1022763850572135
0.0007800006553938917,0.014838544037157628,4.16840320649142e-06,-3.06957212879278
0.0007800825796303579,0.014836985693948515,1.8094339027812407e-06,-2.4463052873699858
0.000780164503866824,0.014835427678019297,2.3319210578433984e-06,1.5846898526185824
0.0007802464281032901,0.01483386998926688,2.325603584425407e-06,2.3822216728220162
0.0007803283523397562,0.01483231262758822,2.9007230260378902e-06,-2.9991607765059967
0.0007804102765762224,0.014830755592880305,3.333229338198285e-06,2.531593965734159
0.0007804922008126885,0.014829198885040177,4.590675120835184e-06,-2.651979306174889
0.0007805741250491545,0.014827642503964922,2.0657352647995665e-06,3.0028341063657895
0.0007806560492856206,0.014826086449551662,3.0229909208033356e-06,-3.095812116560648
0.0007807379735220868,0.014824530721697564,2.4862168118309276e-06,-2.3946230892776454
0.0007808198977585529,0.014822975320299839,3.635590980992016e-06,3.0836624709609834
0.000780901821995019,0.014821420245255746,2.8681275391848024e-06,2.7122988882814685
0.0007809837462314851,0.014819865496462581,2.8103577343202585e-06,3.089937840309101
0.0007810656704679513,0.01481831107381768,2.264598485304512e-06,2.1086808643871016
0.0007811475947044174,0.014816756977218435,3.2517821610619748e-06,-2.764413016818114
0.0007812295189408835,0.014815203206562268,1.9515398363452938e-06,-2.8489831376672394
0.0007813114431773497,0.014813649761746645,4.1612135110529655e-06,2.411317309320827
0.0007813933674138158,0.014812096642669088,2.5139228148052083e-06,1.546918010218841
0.0007814752916502818,0.01481054384922715,2.854479972743461e-06,2.5403850958821814
0.0007815572158867479,0.014808991381318424,2.7617397588229774e-06,2.905620047492215
0.0007816391401232141,0.014807439238840559,1.5994409901926072e-06,2.9194856892646848
0.0007817210643596802,0.014805887421691234,1.6397557544511392e-06,2.604672961329051
0.0007818029885961463,0.014804335929768184,1.500779061642096e-06,-2.8861768098103204
0.0007818849128326124,0.014802784762969173,2.3601790497467044e-06,2.742389822559698
0.0007819668370690786,0.014801233921192012,2.8142907755966364e-06,2.8016471237887166
0.0007820487613055447,0.014799683404334567,4.851788847407326e-06,2.848730503436185
0.0007821306855420108,0.014798133212294728,6.372223906959098e-06,2.8773137171218597
0.0007822126097784769,0.014796583344970441,1.0293791705384598e-06,-1.9893476330422244
0.000782294534014943,0.014795033802259688,1.2520216286682401e-06,-2.6547903986794594
0.0007823764582514091,0.0147934845840605,1.2211410091459915e-06,-2.159097448346278
0.0007824583824878752,0.014791935690270942,3.2177831254726563e-06,3.091305987185849
0.0007825403067243413,0.014790387120789132,3.620439779818777e-06,2.8582068257363016
0.0007826222309608075,0.014788838875513216,1.939373447898821e-06,-2.1218917201229828
0.0007827041551972736,0.014787290954341404,2.238822207125326e-06,-2.7858229348835604
0.0007827860794337397,0.014785743357171928,5.315191415506602e-06,-2.9238940209861637
0.0007828680036702058,0.014784196083903075,2.8826443051217536e-06,2.8117786608999147
0.000782949927906672,0.014782649134433164,4.068584653548726e-06,-2.972604072478425
0.0007830318521431381,0.014781102508660575,1.8559919547016852e-06,-2.2147829287752017
0.0007831137763796042,0.01477955620648371,1.7944231448604718e-06,-2.903918254061706
0.0007831957006160702,0.014778010227801022,1.8174483181741511e-06,2.489470763234315
0.0007832776248525364,0.014776464572511009,2.198024642885025e-06,-3.0764283296673627
0.0007833595490890025,0.01477491924051221,1.7496467282686308e-06,-2.8673533806878946
0.0007834414733254686,0.014773374231703208,2.2920809907718722e-06,-2.4787882131328307
0.0007835233975619347,0.01477182954598262,1.2532110596627217e-06,-2.7811512930463143
0.0007836053217984009,0.014770285183249111,3.6130839621785116e-06,-2.143945902249599
0.000783687246034867,0.014768741143401399,4.603588071566514e-06,-2.976448629135223
0.0007837691702713331,0.014767197426338223,2.347603790040265e-06,2.1440139593567467
0.0007838510945077992,0.01476565403195838,5.611640551816471e-06,3.0865548879843248
0.0007839330187442654,0.014764110960160703,2.4825438185984837e-06,-2.110609346169281
0.0007840149429807315,0.014762568210844073,3.649214812761604e-06,2.9347386433187928
0.0007840968672171975,0.014761025783907405,4.0746456014646e-06,-2.945737703392292
0.0007841787914536636,0.014759483679249664,3.66449536276268e-06,-2.4394940233367404
0.0007842607156901298,0.014757941896769848,1.803298500993813e-06,-2.9294365859083453
0.0007843426399265959,0.014756400436367011,3.787445032559744e-06,-3.1029682094898012
0.000784424564163062,0.014754859297940239,4.598758560490141e-06,2.730996653612471
0.0007845064883995281,0.014753318481388658,3.538750408716682e-06,2.219140146992726
0.0007845884126359943,0.01475177798661144,1.2754058458325398e-06,-2.23467658840084
0.0007846703368724604,0.014750237813507807,2.6021852250811486e-06,2.99350164152523
0.0007847522611089265,0.01474869796197701,1.8253999738047526e-06,2.83208468298713
0.0007848341853453926,0.01474715843191835,2.2575982575072136e-06,2.0315282223038373
0.0007849161095818588,0.01474561922323116,2.2873451473791553e-06,-2.940367440001039
0.0007849980338183248,0.014744080335814837,3.023417502866599e-06,2.1115315782737603
0.0007850799580547909,0.014742541769568797,3.565234634893592e-06,-2.935950144666429
0.000785161882291257,0.014741003524392506,2.310804111950155e-06,2.4293709152455385
0.0007852438065277232,0.014739465600185474,3.6802550239021843e-06,2.811441930726024
0.0007853257307641893,0.014737927996847254,2.6006098087333007e-06,3.0169416425223687
0.0007854076550006554,0.014736390714277436,4.183987334542185e-06,-2.83636822997793
0.0007854895792371215,0.014734853752375656,3.5767941232860394e-06,2.3965799642365218
0.0007855715034735877,0.014733317111041587,9.211892334298217e-07,-2.8282775479821196
0.0007856534277100538,0.014731780790174951,2.877900000149877e-06,2.389152934002101
0.0007857353519465199,0.014730244789675506,2.790257923788306e-06,2.8388919886186237
0.000785817276182986,0.014728709109443057,2.4375989127494806e-06,-2.7538874306455683
0.0007858992004194521,0.01472717374937744,4.3269441331868825e-06,-3.104564677458142
0.0007859811246559182,0.014725638709378546,2.8372268248883966e-06,-3.0529762760023575
0.0007860630488923843,0.014724103989346302,1.484886197096184e-06,-2.4356680386296823
0.0007861449731288504,0.014722569589180678,4.562694869530438e-06,-3.064669441698875
0.0007862268973653166,0.014721035508781679,2.114696467282553e-06,-3.1074290824138173
0.0007863088216017827,0.014719501748049361,2.2560478462891934e-06,-2.6644139614881808
0.0007863907458382488,0.01471796830688382,7.0918684597061805e-06,2.942208229638722
0.000786472670074715,0.014716435185185183,2.9568374990533804e-06,2.9765305664818675
0.0007865545943111811,0.014714902382853636,4.757888995039235e-06,-2.434431280134743
0.0007866365185476472,0.014713369899789396,3.0004836019145304e-08,-1.3862962815639441
0.0007867184427841132,0.01471183773589272,2.3078357470246774e-06,2.633085825293886
0.0007868003670205794,0.014710305891063908,4.177922476241941e-06,-2.1531947368741777
0.0007868822912570455,0.014708774365203308,2.919040090324926e-06,-2.824163715127963
0.0007869642154935116,0.014707243158211303,1.362861746896759e-06,3.0462346934160287
0.0007870461397299777,0.01470571226998832,3.981627960757662e-06,-3.0361090043882535
0.0007871280639664439,0.01470418170043482,2.703779029980959e-06,2.761028815814884
0.00078720998820291,0.014702651449451322,2.675646276532752e-06,-1.6357404562741031
0.0007872919124393761,0.014701121516938373,1.998419737307087e-06,-2.837286526079202
0.0007873738366758422,0.014699591902796565,2.6466442793405903e-06,2.6114210867388707
0.0007874557609123084,0.014698062606926524,1.547909096532232e-06,-2.7503396018862984
0.0007875376851487745,0.014696533629228936,2.415480136527442e-06,2.8419479114799593
0.0007876196093852405,0.014695004969604512,1.0921393336830552e-06,-0.07046208462211412
0.0007877015336217066,0.014693476627954007,4.286187239935227e-06,2.88183512020179
0.0007877834578581728,0.01469194860417822,1.6281278241536453e-06,-3.064120083500187
0.0007878653820946389,0.014690420898177995,2.4208057972840266e-06,2.104932979595266
0.000787947306331105,0.014688893509854207,1.6214437128803406e-06,1.406170423847109
0.0007880292305675711,0.014687366439107783,4.066313692197513e-06,3.1220592707985437
0.0007881111548040373,0.014685839685839685,3.2956487420553797e-06,-2.991869370224829
0.0007881930790405034,0.014684313249950917,3.4122574318982333e-06,2.3581303377760787
0.0007882750032769695,0.014682787131342526,2.745067447637446e-06,2.6988214094843594
0.0007883569275134356,0.014681261329915596,3.4629470909192983e-06,-2.5351267458341553
0.0007884388517499018,0.014679735845571255,3.1559883874271272e-06,-3.028811395000948
0.0007885207759863678,0.014678210678210677,2.2528298991161155e-06,-2.78143410761591
0.0007886027002228339,0.01467668582773507,4.9651414527058005e-06,-3.0551868336682713
0.0007886846244593,0.014675161294045683,4.425510807225958e-06,2.972850271177491
0.0007887665486957662,0.014673637077043807,4.357270087253068e-06,2.670211950797757
0.0007888484729322323,0.01467211317663078,3.964072849143935e-06,-3.034957972147338
0.0007889303971686984,0.014670589592707972,4.522697080215963e-06,-2.345522069626934
0.0007890123214051645,0.014669066325176804,2.4781447125873526e-06,-2.7929870927007205
0.0007890942456416307,0.014667543373938722,2.3013980096312466e-06,-3.0081080176870962
0.0007891761698780968,0.014666020738895232,4.608181180182811e-06,-2.887043310398772
0.0007892580941145629,0.01466449841994787,3.015312593581471e-06,-2.3767951784051577
0.000789340018351029,0.014662976416998213,1.9140402508500026e-06,2.628642073918418
0.0007894219425874951,0.014661454729947879,2.2885286187265332e-06,-2.8050811840114807
0.0007895038668239612,0.014659933358698533,3.6726494223200995e-07,-2.630127482141576
0.0007895857910604273,0.014658412303151874,1.1474231852869722e-06,-1.105284763233182
0.0007896677152968934,0.014656891563209647,3.884544622065826e-06,-2.557089569260491
0.0007897496395333596,0.014655371138773627,1.1595231999762233e-06,0.2760032961039662
0.0007898315637698257,0.014653851029745644,3.2116486717592582e-06,3.05702094394339
0.0007899134880062918,0.014652331236027565,1.02555695075665e-06,-1.5000527173319878
0.0007899954122427579,0.014650811757521288,3.6682151615926217e-06,2.823777124809142
0.0007900773364792241,0.014649292594128761,4.5224363498256705e-06,3.036543140284004
0.0007901592607156902,0.014647773745751972,2.6635017559235714e-06,-3.1014645793421827
0.0007902411849521562,0.014646255212292947,1.8659122772202279e-06,1.5890013545437223
0.0007903231091886223,0.014644736993653757,9.43879801271081e-07,2.7758866155579365
0.0007904050334250885,0.0146432190897365,1.4832303259088355e-06,-2.751960456443482
0.0007904869576615546,0.01464170150044334,5.572457294248232e-06,2.993413485664846
0.0007905688818980207,0.014640184225676454,4.142878599628531e-06,2.9209899278478133
0.0007906508061344868,0.014638667265338077,9.324466245206659e-07,-2.891097741297716
0.000790732730370953,0.014637150619330477,2.5383084303120315e-06,2.9301268535867404
0.0007908146546074191,0.014635634287555968,2.6668840191890306e-06,-3.0921898107526173
0.0007908965788438852,0.014634118269916903,4.389365052339471e-06,-2.5442780905119218
0.0007909785030803513,0.01463260256631567,3.996462181204244e-06,3.0733555831588673
0.0007910604273168175,0.0146310871766547,1.843680137132612e-06,3.031282715491661
0.0007911423515532835,0.014629572100836468,1.5766293232141223e-06,2.3861275161738518
0.0007912242757897496,0.014628057338763488,3.267168156726603e-06,-2.5931370585821885
0.0007913062000262157,0.014626542890338315,1.8442712763708235e-06,-2.356481244042639
0.0007913881242626819,0.014625028755463537,3.1315885369338442e-06,2.7712201740901037
0.000791470048499148,0.014623514934041794,9.68585542835766e-07,2.999951307934032
0.0007915519727356141,0.014622001425975757,2.9022019494196503e-06,-2.8772964511451398
0.0007916338969720802,0.014620488231168143,3.78709393449793e-06,-2.627347755314456
0.0007917158212085464,0.014618975349521706,2.6797639636167835e-06,-3.0761637246547178
0.0007917977454450125,0.014617462780939242,7.654990028211224e-07,0.8561183957159895
0.0007918796696814786,0.014615950525323584,2.3436378255296317e-06,2.2347278143160323
0.0007919615939179448,0.01461443858257761,2.593448599073133e-06,-2.967426945039224
0.0007920435181544108,0.014612926952604237,1.8125442508236756e-06,3.1320255134885056
0.0007921254423908769,0.014611415635306421,2.9801470117021183e-06,2.5425523077663175
0.000792207366627343,0.014609904630587154,3.5547934232277305e-06,2.587877197382752
0.0007922892908638092,0.014608393938349475,1.913742512966817e-06,-3.0945917618057646
0.0007923712151002753,0.014606883558496462,3.0477953161317253e-06,3.1088621348343226
0.0007924531393367414,0.014605373490931228,2.1375361362406773e-06,-2.6247156779963454
0.0007925350635732075,0.014603863735556933,1.9909048777803626e-06,2.8612363747534486
0.0007926169878096737,0.014602354292276772,2.17351694676204e-06,2.244276056541065
0.0007926989120461398,0.014600845160993983,3.566758142879344e-06,-2.7729087099470924
0.0007927808362826059,0.01459933634161184,3.163216039506341e-06,-3.0882672767789474
0.000792862760519072,0.014597827834033662,4.032375889746747e-06,2.9824904736537765
0.0007929446847555381,0.014596319638162804,1.8644480558591248e-06,2.8442904884904427
0.0007930266089920042,0.014594811753902662,6.806205832813602e-07,2.6772299126778214
0.0007931085332284703,0.014593304181156676,3.5425547914697443e-06,2.8205435042901708
0.0007931904574649364,0.014591796919828318,4.8174021984475785e-06,-3.08492707563177
0.0007932723817014026,0.014590289969821105,5.271470511732118e-06,3.050330438546358
0.0007933543059378687,0.014588783331038597,3.2006931570903426e-06,-3.1221752271738095
0.0007934362301743348,0.014587277003384387,3.7284896308941947e-06,2.7577304995166987
0.0007935181544108009,0.01458577098676211,5.177427910893003e-06,3.069040304582459
0.0007936000786472671,0.014584265281075438,1.4549205841951583e-06,3.057534713870587
0.0007936820028837332,0.014582759886228095,4.847207749857732e-06,-2.872962812851204
0.0007937639271201993,0.01458125480212383,9.432768236311279e-07,1.832707014898033
0.0007938458513566653,0.014579750028666438,3.838106728084912e-06,3.018511111853051
0.0007939277755931315,0.014578245565759752,1.943337313308386e-06,-2.0488163606315517
0.0007940096998295976,0.014576741413307654,1.9774443781462925e-06,2.2608962511370976
0.0007940916240660637,0.014575237571214048,3.2263011094231984e-06,2.461678104318578
0.0007941735483025298,0.014573734039382894,2.1224314590541255e-06,-2.808948088323576
0.000794255472538996,0.014572230817718182,2.180476973193974e-06,2.8934965428087627
0.0007943373967754621,0.014570727906123945,3.7686566511045167e-06,2.7894984681305504
0.0007944193210119282,0.014569225304504257,1.9265047330638377e-06,-2.487850617069768
0.0007945012452483943,0.014567723012763227,2.4056004382284045e-06,2.718515105836468
0.0007945831694848605,0.014566221030805009,3.90873262972977e-06,2.696626399644773
0.0007946650937213266,0.01456471935853379,3.5067642718960695e-06,-2.439905859399519
0.0007947470179577926,0.014563217995853805,2.3543226789743796e-06,-2.948742258971102
0.0007948289421942587,0.014561716942669323,4.366133474746473e-06,2.462783752163338
0.0007949108664307249,0.014560216198884651,3.023096450957624e-06,2.988190661995019
0.000794992790667191,0.014558715764404139,2.9483830272824147e-06,-2.3468137647547858
0.0007950747149036571,0.014557215639132176,3.973196612531688e-06,-2.457901390940185
0.0007951566391401232,0.014555715822973192,2.2323874176100293e-06,1.6000063039153327
0.0007952385633765894,0.014554216315831644,1.4651012486378662e-06,2.335889937390692
0.0007953204876130555,0.014552717117612048,2.2664894295379615e-06,-1.6743177101077638
0.0007954024118495216,0.014551218228218948,2.0381697307704424e-06,-2.993212045497678
0.0007954843360859877,0.014549719647556929,1.7747185304515755e-06,-2.924515763117391
0.0007955662603224539,0.014548221375530612,2.713997919293507e-06,2.6451672090449363
0.0007956481845589199,0.014546723412044663,1.6489214558292844e-06,1.2008169168786207
0.000795730108795386,0.014545225757003788,1.3494604330173982e-06,1.456953092341362
0.0007958120330318521,0.014543728410312722,4.226311426247138e-06,3.0449776294484026
0.0007958939572683183,0.01454223137187625,2.4697983779960976e-06,-1.8281344026342468
0.0007959758815047844,0.014540734641599195,3.643350023374252e-06,2.2038824352947564
0.0007960578057412505,0.014539238219386413,3.0170552216795e-06,-2.319014035024313
0.0007961397299777166,0.014537742105142805,2.8033776043058574e-06,2.976131174510696
0.0007962216542141828,0.014536246298773307,1.8441060447187186e-06,-2.413312946437822
0.0007963035784506489,0.0145347508001829,3.2651210218655425e-06,2.861345025575034
0.000796385502687115,0.014533255609276595,3.1946841044577413e-06,2.981938109647382
0.000796467426923581,0.014531760725959452,4.925918365864523e-06,2.458400912693295
0.0007965493511600472,0.01453026615013656,5.206458169244396e-06,-3.105267978696615
0.0007966312753965133,0.01452877188171306,3.3725388681134515e-06,-2.3179112716176187
0.0007967131996329794,0.014527277920594116,1.6905026618271984e-06,1.6631078312581982
0.0007967951238694455,0.014525784266684947,2.1398003156727506e-06,-2.1387436538263334
0.0007968770481059117,0.014524290919890796,3.0645744474685333e-06,-2.76726575503766
0.0007969589723423778,0.014522797880116959,1.500698154833174e-06,-2.115105800731009
0.0007970408965788439,0.014521305147268761,5.0867417120289e-06,2.6776150896386763
0.0007971228208153101,0.014519812721251569,2.684474142458162e-06,-2.737803057179889
0.0007972047450517762,0.014518320601970792,2.32569004145033e-06,2.3719978704197247
0.0007972866692882423,0.014516828789331871,1.9354356810608156e-06,2.0840285151440487
0.0007973685935247083,0.014515337283240294,6.3580128606940135e-06,-2.8781346333766114
0.0007974505177611745,0.014513846083601577,2.8881852199178004e-06,2.9346240413108156
0.0007975324419976406,0.014512355190321291,4.033828142565954e-06,-2.796037355735078
0.0007976143662341067,0.014510864603305031,2.3706819742593243e-06,2.681287777996468
0.0007976962904705728,0.014509374322458433,2.1835788949577186e-06,-3.052065325852352
0.000797778214707039,0.014507884347687182,2.952229983092793e-06,-2.8385560532364447
0.0007978601389435051,0.01450639467889699,2.2977572820557395e-06,2.4752995557590256
0.0007979420631799712,0.01450490531599361,3.765068441010547e-06,2.822527557123144
0.0007980239874164373,0.014503416258882842,3.301071452774632e-06,2.862013260209886
0.0007981059116529035,0.014501927507470517,3.0826821903249046e-06,-2.866569835311629
0.0007981878358893696,0.014500439061662505,2.8685704941161145e-06,-2.7443859793323413
0.0007982697601258356,0.014498950921364714,1.7141323048666226e-06,-1.858603552323579
0.0007983516843623017,0.014497463086483095,3.4131941672531408e-06,2.6951935239268474
0.0007984336085987679,0.014495975556923637,3.823510119631276e-06,3.102038476751424
0.000798515532835234,0.014494488332592363,2.12367144799914e-06,2.586175425753681
0.0007985974570717001,0.01449300141339534,3.2219585348783037e-06,-1.4684672561396477
0.0007986793813081662,0.014491514799238669,2.7858709848398947e-06,-2.9507215802706876
0.0007987613055446324,0.01449002849002849,2.020434860632452e-06,2.6784317744097206
0.0007988432297810985,0.014488542485670984,1.9328268368270526e-06,2.8977655973032346
0.0007989251540175646,0.014487056786072372,4.058197765081757e-06,-3.101692238036939
0.0007990070782540307,0.01448557139113891,4.374971518000725e-06,-2.7814120075590054
0.0007990890024904969,0.014484086300776888,2.958815658465261e-06,2.8018354167773833
0.0007991709267269629,0.014482601514892647,2.859286011027923e-06,-2.5579651714566984
0.000799252850963429,0.014481117033392554,1.153454044138053e-06,3.029993282171796
0.0007993347751998951,0.014479632856183026,2.0444339598352815e-06,3.009840183393846
0.0007994166994363613,0.014478148983170503,1.7350347698620315e-06,2.787461107136655
0.0007994986236728274,0.014476665414261479,4.604253780653467e-06,-2.4236994366799984
0.0007995805479092935,0.014475182149362477,1.6855039180828549e-06,3.0074087334060433
0.0007996624721457596,0.014473699188380061,4.400507539919182e-06,3.0693807484624593
0.0007997443963822258,0.014472216531220832,2.0745223101331557e-06,-2.898452313042513
0.0007998263206186919,0.014470734177791435,2.709088495283826e-06,-2.40586039387439
0.000799908244855158,0.014469252127998544,6.155674780487834e-07,1.5097258377375746
0.000799990169091624,0.014467770381748877,1.3292397986331733e-06,-3.1369933727395747
0.0008000720933280902,0.014466288938949187,3.724054779600256e-06,2.418565106047309
0.0008001540175645563,0.014464807799506273,7.224775528423382e-07,-0.5478974078203819
0.0008002359418010224,0.014463326963326964,1.1321090682795071e-06,1.4892544089906352
0.0008003178660374885,0.014461846430318127,4.837449759500007e-06,2.7913706575928194
0.0008003997902739547,0.01446036620038667,3.2178674144726303e-06,2.654587116288586
0.0008004817145104208,0.014458886273439544,2.42197135311839e-06,-3.1079182133448535
0.0008005636387468869,0.014457406649383726,2.579295834305927e-06,-1.8665336213483652
0.000800645562983353,0.014455927328126245,2.491195459130004e-06,-3.019162227005365
0.0008007274872198192,0.014454448309574154,9.414734041603217e-07,-2.5302639184816993
0.0008008094114562853,0.014452969593634556,2.123282786387631e-06,2.3768983921077877
0.0008008913356927513,0.014451491180214583,5.159184381051606e-06,-2.933147852265508
0.0008009732599292174,0.014450013069221414,4.541740102271029e-06,2.667223234693224
0.0008010551841656836,0.01444853526056226,1.996137915251338e-06,-2.5901463698410216
0.0008011371084021497,0.014447057754144368,5.00139077631295e-06,2.739101852783006
0.0008012190326386158,0.01444558054987503,1.400817989182847e-06,2.3442913678092085
0.0008013009568750819,0.014444103647661567,6.186109058284855e-06,-2.9378754294408855
0.0008013828811115481,0.014442627047411343,1.5887930219055495e-06,-2.5285962178947265
0.0008014648053480142,0.014441150749031767,3.1642449904060312e-06,3.1368181722140753
0.0008015467295844803,0.014439674752430272,2.4598126867817367e-06,2.651729560534465
0.0008016286538209464,0.014438199057514336,2.4586946980156416e-06,2.951926033791196
0.0008017105780574126,0.014436723664191475,3.519710471732483e-06,1.489862817389976
0.0008017925022938786,0.014435248572369243,3.93591953123168e-06,3.088547479500535
0.0008018744265303447,0.014433773781955228,2.414746517727518e-06,2.7228850008374597
0.0008019563507668108,0.014432299292857062,1.5330667187591842e-06,-2.278989057934818
0.000802038275003277,0.014430825104982408,4.619580967860457e-06,3.137731731614396
0.0008021201992397431,0.014429351218238972,2.8141351089305806e-06,-1.5070213136202375
0.0008022021234762092,0.014427877632534494,4.587633827578011e-06,2.8087877911152894
0.0008022840477126754,0.014426404347776756,3.7708817925061375e-06,3.0920769050398897
0.0008023659719491415,0.014424931363873572,2.9782896310816782e-06,2.621164267260969
0.0008024478961856076,0.0144234586807328,8.256544347024996e-07,2.0902981974996897
0.0008025298204220737,0.01442198629826233,3.7242779091030427e-06,-3.01050255120103
0.0008026117446585399,0.014420514216370089,4.6643481013856036e-06,-2.810339448159408
0.000802693668895006,0.01441904243496405,2.571004535508745e-06,1.9894851330576095
0.000802775593131472,0.014417570953952215,1.8699852333743926e-06,-2.067554951322958
0.0008028575173679381,0.014416099773242631,4.206653306611663e-06,2.415285628995133
0.0008029394416044043,0.01441462889274337,3.498240797304884e-06,-2.927825955160583
0.0008030213658408704,0.014413158312362555,2.0386061822806475e-06,2.3825252918594524
0.0008031032900773365,0.014411688032008343,1.0373410513450219e-06,3.120942986358171
0.0008031852143138026,0.01441021805158892,6.094555079758722e-07,2.280086031979025
0.0008032671385502688,0.01440874837101252,3.775097838083081e-06,2.7306657683004016
0.0008033490627867349,0.014407278990187412,2.984207524344554e-06,-2.9489983654712035
0.000803430987023201,0.014405809909021901,4.006206014663117e-06,-1.794921785034763
0.000803512911259667,0.014404341127424324,1.9086015108972662e-06,2.17676801208734
0.0008035948354961332,0.014402872645303065,2.4860543890545344e-06,-2.724932010194431
0.0008036767597325993,0.014401404462566542,1.3060239595029767e-06,1.7997353640046894
0.0008037586839690654,0.014399936579123206,4.992479519632541e-06,-2.915696425440531
0.0008038406082055315,0.014398468994881551,2.265144108337082e-06,2.751069304784004
0.0008039225324419977,0.014397001709750104,3.97315548804297e-06,2.652256541506819
0.0008040044566784638,0.014395534723637434,9.9464366697766e-07,-2.720223289482209
0.0008040863809149299,0.014394068036452141,3.4032493324706053e-06,-2.1538455455742986
0.000804168305151396,0.01439260164810287,1.5748136639796186e-06,1.3784044647043696
0.0008042502293878622,0.014391135558498297,3.3441555261379862e-06,-2.5578690904087056
0.0008043321536243283,0.014389669767547136,2.05222207021941e-06,2.2669331631351377
0.0008044140778607943,0.01438820427515814,8.63674277843739e-07,2.0985854808637723
0.0008044960020972604,0.014386739081240099,2.8615736087320307e-06,-2.11469141145511
0.0008045779263337266,0.014385274185701838,7.815442186811093e-07,2.0663939776979143
0.0008046598505701927,0.014383809588452225,2.1142516286188534e-06,3.051348483349894
0.0008047417748066588,0.01438234528940016,1.933897724308484e-06,2.764408740954088
0.0008048236990431249,0.01438088128845458,5.203058696639132e-06,3.1257590785158063
0.0008049056232795911,0.014379417585524456,2.289254068191849e-06,2.6927277369564204
0.0008049875475160572,0.014377954180518805,2.181382794550417e-06,2.5114732331135468
0.0008050694717525233,0.014376491073346674,3.938447430978101e-06,2.910408459446918
0.0008051513959889894,0.014375028263917152,2.3130472687900552e-06,-3.084587361776364
0.0008052333202254556,0.014373565752139359,3.3638375671527504e-06,2.991155244890613
0.0008053152444619216,0.014372103537922459,1.9519051996142253e-06,2.6472317276316186
0.0008053971686983877,0.014370641621175646,1.101224361062633e-06,2.4148639304756787
0.0008054790929348538,0.014369180001808155,4.943676896367823e-06,-3.1197895191181266
0.00080556101717132,0.014367718679729257,3.769497475037521e-06,2.9736310772330805
0.0008056429414077861,0.01436625765484826,3.057775893153121e-06,-2.899373803649849
0.0008057248656442522,0.014364796927074508,3.231441031703676e-06,-2.4619495638665745
0.0008058067898807183,0.014363336496317384,4.337198973427855e-06,-2.529244095451063
0.0008058887141171845,0.014361876362486304,4.2688993615458945e-06,3.13242287385848
0.0008059706383536506,0.014360416525490728,3.4965491281070656e-06,2.7173395814386563
0.0008060525625901167,0.014358956985240144,3.5693498967349993e-06,-2.310649041284597
0.0008061344868265828,0.014357497741644083,3.1997273175937035e-06,-2.3741032174521455
0.000806216411063049,0.01435603879461211,3.2959568336675046e-06,2.552175325938433
0.000806298335299515,0.014354580144053828,4.528398791109982e-06,2.772471026981439
0.0008063802595359811,0.014353121789878876,3.8112116576135046e-06,-3.0907990330618387
0.0008064621837724472,0.01435166373199693,8.253964564013212e-07,-1.9530633921867218
0.0008065441080089134,0.014350205970317702,5.122401602296426e-06,-2.586379404315241
0.0008066260322453795,0.01434874850475094,3.687111828062069e-06,2.6610842870565246
0.0008067079564818456,0.014347291335206435,2.1864994660270726e-06,2.804444991063338
0.0008067898807183117,0.014345834461594006,4.693296064965903e-06,-3.1112647192756593
0.0008068718049547779,0.014344377883823511,3.127943307662313e-06,2.5405151076005477
0.000806953729191244,0.01434292160180485,3.96704244322584e-06,2.841048406908349
0.00080703565342771,0.01434146561544795,2.0722366165482553e-06,-3.083994544819216
0.0008071175776641761,0.014340009924662788,2.441068819806559e-06,-2.274388848228804
0.0008071995019006423,0.01433855452935936,4.390995289553748e-06,3.0061106648714944
0.0008072814261371084,0.014337099429447714,1.9267874736942287e-06,-3.095660675732938
0.0008073633503735745,0.014335644624837926,2.3349652623200566e-06,1.7219181296310173
0.0008074452746100406,0.014334190115440116,3.0698755764082813e-06,-2.1979795287616466
0.0008075271988465068,0.014332735901164429,1.995213506505241e-06,2.482445454157483
0.0008076091230829729,0.014331281981921056,2.136262821457893e-06,3.0981628627561135
0.000807691047319439,0.014329828357620224,3.499026859101858e-06,3.1249335033683527
0.0008077729715559052,0.014328375028172186,3.7730076603587887e-06,-2.651404588060252
0.0008078548957923713,0.01432692199348725,3.3549248391383423e-06,3.05994961958673
0.0008079368200288374,0.01432546925347574,3.452677290161445e-06,2.9065114266444225
0.0008080187442653034,0.014324016808048035,1.945230313406793e-06,2.3808054339714566
0.0008081006685017696,0.014322564657114536,2.508252748476783e-06,2.739342198975462
0.0008081825927382357,0.014321112800585683,3.5883062910724536e-06,3.100530450383871
0.0008082645169747018,0.01431966123837196,4.081186181519959e-06,-3.0174436532304347
0.0008083464412111679,0.014318209970383883,3.644559213243755e-06,-2.651827966428432
0.0008084283654476341,0.014316758996532,1.5858713998681781e-06,2.954101275869844
0.0008085102896841002,0.0143153083167269,3.7331863879827005e-06,2.8909129629070094
0.0008085922139205663,0.014313857930879208,1.5204262286319109e-06,-1.5687258325106512
0.0008086741381570324,0.014312407838899583,1.898778028147437e-06,-2.8872694846952447
0.0008087560623934986,0.014310958040698719,2.1618768712749618e-06,-2.430192725442305
0.0008088379866299647,0.014309508536187357,2.6621255509357305e-06,2.5390197231083897
0.0008089199108664307,0.014308059325276259,2.3838727709459637e-06,-2.958293958571191
0.0008090018351028968,0.014306610407876232,2.0626909343352507e-06,-1.2970855338259417
0.000809083759339363,0.014305161783898112,1.5320740267662617e-06,2.9998087419124153
0.0008091656835758291,0.014303713453252787,1.8583105942613539e-06,-3.097760512901649
0.0008092476078122952,0.014302265415851162,2.5257196948238254e-06,2.916020805914036
0.0008093295320487613,0.014300817671604188,2.718578669475726e-06,-2.4505945318264617
0.0008094114562852275,0.01429937022042285,1.409470364884133e-06,-2.1639521940820394
0.0008094933805216936,0.014297923062218174,1.7283840852314465e-06,2.783341914483812
0.0008095753047581597,0.014296476196901211,3.8566107542705714e-06,2.9723423990404694
0.0008096572289946258,0.01429502962438306,3.3230522644355296e-06,2.768493864123116
0.000809739153231092,0.014293583344574846,2.0912302409327205e-06,2.153372515495244
0.000809821077467558,0.014292137357387736,4.2893690732214e-06,-3.0419386776358572
0.0008099030017040241,0.014290691662732934,3.724082303495509e-06,2.199953167067907
0.0008099849259404902,0.014289246260521672,2.474357481906316e-06,2.745319869058964
0.0008100668501769564,0.014287801150665226,4.317688196349715e-06,3.029515186320138
0.0008101487744134225,0.014286356333074908,4.448230090955423e-06,2.562454233352822
0.0008102306986498886,0.01428491180766206,2.905836904255511e-06,2.5891451881022056
0.0008103126228863547,0.014283467574338063,3.5823239685665593e-06,-2.939587519754351
0.0008103945471228209,0.014282023633014332,3.4937034761283175e-06,-2.6702703162560777
0.000810476471359287,0.014280579983602321,2.288282295335741e-06,-2.9940289251463312
0.0008105583955957531,0.014279136626013522,5.063391432126725e-06,-2.970301688900887
0.0008106403198322191,0.014277693560159453,4.175896851343344e-06,-3.081032711759726
0.0008107222440686853,0.014276250785951674,3.994900588938536e-06,2.9187489512514326
0.0008108041683051514,0.014274808303301785,3.4150858359698986e-06,2.4319519047784715
0.0008108860925416175,0.014273366112121415,4.357433781668601e-06,-2.910722242488685
0.0008109680167780836,0.014271924212322233,9.640258892972245e-07,1.9427174097098296
0.0008110499410145498,0.014270482603815934,2.6358203126080018e-06,2.8870936408232906
0.0008111318652510159,0.014269041286514269,4.134367536497377e-06,-2.887638066956134
0.000811213789487482,0.014267600260329003,4.006886986610752e-06,-3.0991553182910407
0.0008112957137239481,0.014266159525171946,2.532114309728484e-06,-2.1580973239626147
0.0008113776379604143,0.014264719080954943,4.374030419222145e-06,-2.9723891110935576
0.0008114595621968804,0.014263278927589882,8.932506621701751e-07,1.8236185122498088
0.0008115414864333464,0.014261839064988673,3.89413952959482e-06,2.933428271569228
0.0008116234106698125,0.014260399493063266,2.2931713861875772e-06,-2.2556436214729527
0.0008117053349062787,0.014258960211725654,1.1549993848191449e-06,-1.8392730308598417
0.0008117872591427448,0.014257521220887857,2.230738900347469e-06,2.8932800201561313
0.0008118691833792109,0.014256082520461935,2.4874754281260878e-06,-2.5757505516154464
0.000811951107615677,0.014254644110359984,2.642886037220291e-06,-2.142026104237055
0.0008120330318521432,0.014253205990494124,1.873836099615992e-06,-2.33950888977504
0.0008121149560886093,0.014251768160776534,1.4295432087377425e-06,2.5464099673174885
0.0008121968803250754,0.014250330621119404,1.9768894450297307e-06,-2.9233062494160764
0.0008122788045615415,0.014248893371434977,8.446191046931477e-07,-1.4078263551207264
0.0008123607287980077,0.014247456411635516,2.5844107687430498e-06,2.627203940327087
0.0008124426530344737,0.014246019741633333,1.6667612423678428e-06,2.928272163801173
0.0008125245772709398,0.014244583361340773,1.7702054723967256e-06,-3.097506283094217
0.0008126065015074059,0.014243147270670206,1.8697875470460681e-06,-1.6174120802776808
0.0008126884257438721,0.014241711469534051,3.5594527099728015e-06,1.7755826612836856
0.0008127703499803382,0.014240275957844752,3.99167066120417e-06,-2.6607398887603537
0.0008128522742168043,0.014238840735514794,3.5848417388791312e-06,-2.899282688368769
0.0008129341984532705,0.014237405802456693,5.018701653202861e-06,-2.9137691665943315
0.0008130161226897366,0.01423597115858301,2.0570463336739983e-06,-2.077923997582742
0.0008130980469262027,0.014234536803806324,1.4850621498056088e-06,-0.20642276449152938
0.0008131799711626688,0.014233102738039268,1.955378467063031e-06,2.464634831267848
0.000813261895399135,0.014231668961194497,2.8310705767347616e-06,2.6664040628636565
0.000813343819635601,0.014230235473184707,4.031198723098338e-06,2.3576158960273257
0.0008134257438720671,0.014228802273922628,3.769943043983219e-06,-2.8375922261356337
0.0008135076681085332,0.014227369363321024,4.7740173186362334e-06,-2.9676460068508383
0.0008135895923449994,0.014225936741292697,2.7129939152886355e-06,-2.623754871523013
0.0008136715165814655,0.014224504407750482,3.12046585043025e-06,-2.308921980614829
0.0008137534408179316,0.014223072362607246,2.639070948679728e-06,2.8053670454784587
0.0008138353650543977,0.0142216406057759,3.5633162894883987e-06,2.577203768161172
0.0008139172892908639,0.014220209137169378,2.465034398700776e-06,-2.10577046045704
0.00081399921352733,0.014218777956700662,3.96682536808562e-06,-2.956879233655048
0.0008140811377637961,0.014217347064282758,4.173001536096173e-06,3.049073816369496
0.0008141630620002621,0.014215916459828717,6.160837899830158e-07,-2.928713376386007
0.0008142449862367283,0.01421448614325161,3.028241176322467e-06,-2.6489669232113044
0.0008143269104731944,0.014213056114464565,2.368197037245374e-06,-3.1290675509950665
0.0008144088347096605,0.014211626373380724,2.1905764582532177e-06,2.339339109067612
0.0008144907589461266,0.014210196919913274,1.6916965360623507e-06,2.502081886110966
0.0008145726831825928,0.014208767753975438,1.8301910531192323e-06,-1.5060121218278548
0.0008146546074190589,0.014207338875480468,2.2444587939183173e-06,3.1167586768941193
0.000814736531655525,0.014205910284341657,2.6826635904279156e-06,2.2240481573099173
0.0008148184558919911,0.014204481980472328,3.6974582828008707e-06,3.016081197892447
0.0008149003801284573,0.014203053963785843,3.1907295605193793e-06,-3.07037420751095
0.0008149823043649234,0.014201626234195594,1.6662884202997224e-06,-2.1183261361953343
0.0008150642286013894,0.014200198791615014,3.800014963281939e-06,2.7017084465746835
0.0008151461528378555,0.014198771635957565,1.940772371283722e-06,2.348806964706049
0.0008152280770743217,0.014197344767136747,6.010153611527384e-07,-0.8199849686775668
0.0008153100013107878,0.014195918185066094,1.0476485075624216e-06,3.0187266953231173
0.0008153919255472539,0.014194491889659175,6.863722824122407e-06,-3.0658072908932974
0.00081547384978372,0.014193065880829595,2.170671176268425e-06,-2.145928590600057
0.0008155557740201862,0.014191640158490986,3.652034038617763e-06,2.919536564852029
0.0008156376982566523,0.014190214722557028,3.0834424380975155e-06,-2.862505552281577
0.0008157196224931184,0.014188789572941425,4.225764776001108e-06,-3.0787144978743513
0.0008158015467295845,0.01418736470955792,3.090962762412778e-06,2.3707281702659952
0.0008158834709660507,0.014185940132320291,3.6787497723109193e-06,-2.724582028500123
0.0008159653952025167,0.014184515841142347,2.7163194776414983e-06,2.9709542691031747
0.0008160473194389828,0.014183091835937937,2.844615546766309e-06,-2.819037445716197
0.0008161292436754489,0.014181668116620938,1.5365036685588677e-06,-2.6225034892547168
0.0008162111679119151,0.014180244683105267,1.569716107362435e-06,2.118063224802971
0.0008162930921483812,0.014178821535304875,3.387759545949662e-06,2.33510770455739
0.0008163750163848473,0.014177398673133747,1.8924842374816922e-06,2.2438087867963556
0.0008164569406213134,0.014175976096505899,2.763192728839182e-06,2.920449944935602
0.0008165388648577796,0.014174553805335385,4.347505204916604e-06,-3.0372837578653717
0.0008166207890942457,0.014173131799536293,1.9985605877064146e-06,-2.8251217434345226
0.0008167027133307118,0.014171710079022749,1.9796577000979057e-06,2.719939708675864
0.0008167846375671778,0.014170288643708904,1.2567245147054761e-06,1.09745836777177
0.000816866561803644,0.01416886749350895,1.659580837625052e-06,-0.7681038214034809
0.0008169484860401101,0.014167446628337122,5.128861618680255e-06,2.364918317464239
0.0008170304102765762,0.01416602604810767,2.68859222664209e-06,2.8512091576301866
0.0008171123345130423,0.01416460575273489,2.6366582019740184e-06,-2.3927044977042042
0.0008171942587495085,0.014163185742133108,2.7000650520822614e-06,2.721069948612294
0.0008172761829859746,0.014161766016216699,2.487475538455718e-06,2.8537597980385803
0.0008173581072224407,0.014160346574900047,2.5133834526272296e-06,3.0114695888059377
0.0008174400314589068,0.014158927418097593,1.1411770792455281e-06,-2.8426801828462196
0.000817521955695373,0.014157508545723797,2.4907543469645945e-06,-1.9713441049267753
0.0008176038799318391,0.014156089957693165,2.7347809664720233e-06,-3.0930249555988802
0.0008176858041683051,0.014154671653920228,5.048598714775894e-06,2.7030033568308416
0.0008177677284047712,0.014153253634319553,1.6336655690973676e-06,2.947979032682356
0.0008178496526412374,0.014151835898805748,1.0756206061296186e-06,-2.548706976163852
0.0008179315768777035,0.014150418447293447,3.765508320121471e-06,2.6362926243082683
0.0008180135011141696,0.014149001279697322,1.4507219545792883e-06,2.5933883896507526
0.0008180954253506358,0.014147584395932082,1.4520145879910678e-06,-2.3421222792785126
0.0008181773495871019,0.014146167795912464,3.7423122028776317e-06,-2.4409780923062128
0.000818259273823568,0.014144751479553243,2.1712330712033848e-06,-2.7271128179854682
0.0008183411980600341,0.014143335446769224,4.932466379390913e-06,2.4849160131915173
0.0008184231222965003,0.014141919697475252,1.9490768533980478e-06,-3.0441057329368633
0.0008185050465329664,0.014140504231586203,2.006131073422111e-06,-2.709515952026703
0.0008185869707694324,0.01413908904901699,2.6307748566796573e-06,-2.7096428529128667
0.0008186688950058985,0.014137674149682556,1.447912549444984e-06,2.4659517387188736
0.0008187508192423647,0.014136259533497874,2.100407566539818e-06,-2.8174765242088196
0.0008188327434788308,0.014134845200377966,4.7616822554166786e-06,-2.620680346196876
0.0008189146677152969,0.014133431150237873,3.6847498152774986e-06,-3.1211303492434825
0.000818996591951763,0.014132017382992674,1.2515116509822729e-06,-2.487733896440386
0.0008190785161882292,0.014130603898557489,2.8109977051982852e-06,2.756803186825186
0.0008191604404246953,0.014129190696847463,7.073563047835824e-07,-2.848919254031133
0.0008192423646611614,0.014127777777777776,3.0871295222274552e-06,2.3151703708541396
0.0008193242888976275,0.01412636514126365,1.923316644345059e-06,2.005260633890164
0.0008194062131340937,0.014124952787220332,2.0693899934418285e-06,2.9300231320354646
0.0008194881373705597,0.014123540715563107,1.5924144263366622e-06,-2.3150402771710867
0.0008195700616070258,0.014122128926207296,1.4276933263008939e-06,-2.678080850205635
0.0008196519858434919,0.014120717419068243,1.3467452815684571e-06,-3.0818426866567643
0.0008197339100799581,0.014119306194061338,2.0971640492415746e-06,-1.7756282647602035
0.0008198158343164242,0.014117895251102006,4.138548021173571e-06,-2.4674355210897407
0.0008198977585528903,0.014116484590105692,3.7231773452847438e-06,1.73584470142532
0.0008199796827893564,0.014115074210987889,4.863112499465652e-06,3.058053404294975
0.0008200616070258226,0.014113664113664113,1.8201610556765136e-06,2.4498799149796775
0.0008201435312622887,0.014112254298049923,6.304123945163045e-06,2.8204753208851177
0.0008202254554987548,0.014110844764060904,1.958931925496446e-06,-3.1351633276488626
0.0008203073797352209,0.014109435511612681,3.406275639943975e-06,-2.481298477823539
0.000820389303971687,0.014108026540620907,3.920524414681128e-06,-2.4497063220491313
0.0008204712282081531,0.014106617851001275,3.919183546185303e-06,-2.6878773112658383
0.0008205531524446192,0.014105209442669506,6.0745538607499835e-06,2.8383819040284104
0.0008206350766810853,0.014103801315541358,4.244077638787295e-06,2.818120111532606
0.0008207170009175515,0.014102393469532617,2.5214523069650262e-06,2.4992758095757655
0.0008207989251540176,0.014100985904559113,5.88661745891304e-06,2.7483281417335093
0.0008208808493904837,0.014099578620536703,3.986579465191631e-06,3.066116650978916
0.0008209627736269498,0.014098171617381278,1.5374560619131134e-06,-0.9584052304187071
0.000821044697863416,0.014096764895008758,2.6255917442606698e-06,2.6622868601400493
0.0008211266220998821,0.014095358453335106,1.689449346458728e-06,3.0325693188914933
0.0008212085463363482,0.014093952292276316,1.2567867580998163e-06,2.9348182107558207
0.0008212904705728142,0.014092546411748407,1.7175113198581172e-06,2.7666903630507416
0.0008213723948092804,0.014091140811667442,4.001854952692903e-06,2.849114939838779
0.0008214543190457465,0.014089735491949513,3.83859229855615e-06,3.130015902580805
0.0008215362432822126,0.014088330452510747,4.776155286517998e-06,-2.2843092769686266
0.0008216181675186787,0.014086925693267303,1.6893712867473697e-06,2.172318311263739
0.0008217000917551449,0.014085521214135371,1.6118818725741527e-06,2.728410965210868
0.000821782015991611,0.014084117015031181,4.4179823229928276e-06,-2.5914775006505577
0.0008218639402280771,0.01408271309587099,3.1547096020316544e-06,2.813819213035672
0.0008219458644645432,0.014081309456571094,7.2305627448275e-07,2.6947484565015576
0.0008220277887010094,0.014079906097047814,2.928952646890459e-06,3.1357994296049156
0.0008221097129374755,0.014078503017217516,8.903276805186308e-07,1.463599707289109
0.0008221916371739415,0.014077100216996591,1.018866205570172e-06,1.862378521516011
0.0008222735614104076,0.014075697696301464,4.255325617906639e-06,2.825713147567726
0.0008223554856468738,0.014074295455048591,3.228027659465181e-06,3.094591611721798
0.0008224374098833399,0.014072893493154477,1.8177618451620867e-06,2.56696594089173
0.000822519334119806,0.014071491810535635,2.439411061741828e-06,-3.003708841541102
0.0008226012583562721,0.014070090407108632,1.292872293029471e-06,2.838466262070879
0.0008226831825927383,0.01406868928279006,3.087826357126867e-06,2.699317763843141
0.0008227651068292044,0.014067288437496543,3.619302118117738e-06,-3.0926513680128713
0.0008228470310656705,0.01406588787114474,1.6650269125429209e-07,-2.877510243277989
0.0008229289553021366,0.014064487583651347,3.1446661761860947e-06,-3.0596362443332277
0.0008230108795386028,0.014063087574933086,1.971473768274689e-06,2.4353748174462
0.0008230928037750688,0.014061687844906717,4.162910939820529e-06,-2.6655984074733654
0.0008231747280115349,0.01406028839348903,3.1928593694905204e-06,2.9887128030905012
0.0008232566522480011,0.014058889220596853,3.3918724307348424e-06,-2.6915495671151675
0.0008233385764844672,0.01405749032614704,1.3568060186055435e-06,1.4819115676602503
0.0008234205007209333,0.01405609171005649,2.20851002519828e-06,-2.841545976445672
0.0008235024249573994,0.014054693372242119,2.9719247058724313e-06,3.0370139908522646
0.0008235843491938656,0.014053295312620886,2.410339907962922e-06,2.1880132571221997
0.0008236662734303317,0.014051897531109784,4.749236756479952e-06,-3.0691814088098957
0.0008237481976667978,0.014050500027625834,4.768973074266618e-06,3.0006236563894553
0.0008238301219032639,0.014049102802086095,2.925483681010767e-06,2.9568353440395287
0.00082391204613973,0.014047705854407653,4.33045254697838e-06,2.774944570124594
0.0008239939703761961,0.014046309184507633,1.0664647451289345e-06,-2.0727369357276104
0.0008240758946126622,0.01404491279230319,3.6139012541152045e-06,2.8870049333867103
0.0008241578188491283,0.014043516677711509,2.792833181900043e-06,-2.980182707502705
0.0008242397430855945,0.014042120840649812,2.1696888044686386e-06,-2.676046540395755
0.0008243216673220606,0.014040725281035357,2.954880000444968e-06,2.9092948535819905
0.0008244035915585267,0.014039329998785429,3.806440923098896e-06,-3.0124514086031073
0.0008244855157949928,0.014037934993817348,2.9372601500121324e-06,3.004982667045295
0.000824567440031459,0.014036540266048461,4.704209381593848e-06,-2.6246887700060015
0.0008246493642679251,0.014035145815396161,4.196905026772963e-06,-3.0075266994849437
0.0008247312885043912,0.014033751641777864,2.9467862156519066e-06,3.1283880699583664
0.0008248132127408572,0.014032357745111024,2.2753714637335443e-06,-2.7902635670609035
0.0008248951369773234,0.014030964125313116,1.537527212791905e-06,-2.0269361330988698
0.0008249770612137895,0.014029570782301666,2.8025515959208967e-06,-2.937330589765421
0.0008250589854502556,0.01402817771599422,1.2683780923150649e-06,-2.5382251117660903
0.0008251409096867217,0.014026784926308359,8.410183056315718e-07,-1.773088540941761
0.0008252228339231879,0.014025392413161697,2.7380389815650313e-06,2.4445152580493326
0.000825304758159654,0.014024000176471884,7.327060759274686e-07,-2.050237830411838
0.0008253866823961201,0.014022608216156604,2.1976098531415854e-06,2.5628001544602057
0.0008254686066325862,0.014021216532133562,2.5964345872124367e-06,2.8184069224863477
0.0008255505308690524,0.014019825124320508,2.4988010748683824e-06,2.8483784741095404
0.0008256324551055185,0.01401843399263522,3.521755855009861e-06,-2.43197670599261
0.0008257143793419845,0.014017043136995514,1.5067588523415467e-06,-2.290027979559626
0.0008257963035784506,0.014015652557319224,2.638693734214038e-06,2.8252255058979983
0.0008258782278149168,0.01401426225352423,1.646162131316434e-06,3.072457175834825
0.0008259601520513829,0.014012872225528444,3.1611917873646285e-06,2.488319070214016
0.000826042076287849,0.014011482473249804,3.0788978253429636e-06,-2.6623132981206
0.0008261240005243151,0.014010092996606284,2.5408643581339496e-06,-3.119846776143973
0.0008262059247607813,0.014008703795515892,2.231441661197948e-06,-2.377614514755453
0.0008262878489972474,0.014007314869896667,1.533482158805075e-06,1.113964762294259
0.0008263697732337135,0.014005926219666677,3.0594510911170445e-06,-3.0576358302351263
0.0008264516974701796,0.01400453784474403,1.0620798428446067e-06,2.5993171180517893
0.0008265336217066458,0.01400314974504686,4.340840056562288e-06,2.8823435888024824
0.0008266155459431118,0.014001761920493336,2.5236306477712084e-06,-2.3976962975783933
0.0008266974701795779,0.014000374371001661,1.9528887006947094e-06,-2.9500499771000923
0.000826779394416044,0.01399898709649007,1.8452236873562809e-06,-2.0406745549825507
0.0008268613186525102,0.013997600096876823,3.7784611518283746e-06,-2.8304769013230566
0.0008269432428889763,0.013996213372080223,1.3114169355846975e-06,2.3842783172257156
0.0008270251671254424,0.0139948269220186,2.787298900538415e-06,2.1887592255168773
0.0008271070913619085,0.01399344074661032,3.896660505908358e-06,-3.1083243759034267
0.0008271890155983747,0.01399205484577377,2.2500657793499465e-06,2.668792450475054
0.0008272709398348408,0.01399066921942739,1.2394190186814466e-06,2.942537668930253
0.0008273528640713069,0.01398928386748963,1.3266142410529648e-06,-2.9314352921731053
0.000827434788307773,0.013987898789878989,3.0380626204155778e-06,-2.922017885266547
0.0008275167125442391,0.013986513986513984,3.7224104120184422e-06,-3.038663512809057
0.0008275986367807052,0.013985129457313181,4.062798560240222e-06,-2.7136608140594265
0.0008276805610171713,0.01398374520219517,1.2336007939405553e-06,2.9882545098201434
0.0008277624852536374,0.01398236122107856,4.898775960164505e-06,-2.4965810654395093
0.0008278444094901036,0.013980977513882017,4.4796803468712924e-07,2.0815360402913385
0.0008279263337265697,0.01397959408052422,2.6317969345059726e-06,-2.971912968880752
0.0008280082579630358,0.01397821092092389,1.3160436743548986e-06,-1.996444985617267
0.0008280901821995019,0.013976828034999781,2.318334834857766e-06,-2.7277735912289547
0.0008281721064359681,0.013975445422670665,2.602155200484315e-06,2.763458801562642
0.0008282540306724342,0.013974063083855367,1.1592232809100096e-06,-2.446480367408274
0.0008283359549089002,0.013972681018472731,4.6221375832885086e-06,-3.113109739783679
0.0008284178791453664,0.013971299226441629,1.426423123359363e-06,2.932760405938788
0.0008284998033818325,0.013969917707680982,2.5484689281553943e-06,-2.4999217082872662
0.0008285817276182986,0.013968536462109727,1.0279726934313226e-06,-1.831611959977207
0.0008286636518547647,0.013967155489646837,3.827158294320434e-06,-3.1089668998072812
0.0008287455760912309,0.013965774790211324,2.157679856279759e-06,-2.6745489278328596
0.000828827500327697,0.013964394363722226,2.1075846314491657e-06,-2.6915179913839085
0.0008289094245641631,0.013963014210098613,2.4336605023951766e-06,-2.5426380259190577
0.0008289913488006292,0.013961634329259587,4.838589468753368e-06,-3.0559179893496835
0.0008290732730370954,0.013960254721124285,3.3427233630379775e-06,3.081564826425289
0.0008291551972735615,0.013958875385611873,1.5436004674275319e-06,-2.3319063852307678
0.0008292371215100275,0.01395749632264155,2.21114165886832e-06,2.8560764643180874
0.0008293190457464936,0.013956117532132547,2.674446595318685e-06,-2.4087419931614513
0.0008294009699829598,0.013954739014004127,2.7346425324376955e-06,2.829074870539467
0.0008294828942194259,0.013953360768175582,1.9394989596830905e-06,-2.961247035879498
0.000829564818455892,0.013951982794566244,3.4016162440621885e-06,-1.5344858254976943
0.0008296467426923581,0.013950605093095465,2.8321976593110735e-06,3.0496912452276597
0.0008297286669288243,0.013949227663682638,3.312642881155154e-06,2.8962495133137836
0.0008298105911652904,0.013947850506247188,2.322215342616014e-06,-3.096422793228558
0.0008298925154017565,0.013946473620708567,2.436470289947431e-06,-2.704461927545254
0.0008299744396382226,0.013945097006986257,1.9164233787179124e-06,2.407601139044233
0.0008300563638746888,0.01394372066499978,3.2389895465743013e-06,2.6519458531779563
0.0008301382881111548,0.013942344594668683,4.649660847543501e-06,-2.7325325814630417
0.0008302202123476209,0.01394096879591255,2.6912360324914384e-06,1.2103182149173324
0.000830302136584087,0.01393959326865099,4.956359362388245e-06,2.8341746961619654
0.0008303840608205532,0.013938218012803648,2.6268202108027897e-06,-2.782812513914156
0.0008304659850570193,0.013936843028290201,1.7253317047216052e-06,1.7720416560484966
0.0008305479092934854,0.013935468315030359,3.2258580969479907e-06,-3.0666277189880793
0.0008306298335299515,0.013934093872943858,2.2021681300450173e-06,-3.111639819980511
0.0008307117577664177,0.01393271970195047,1.479926250944504e-06,-2.838858596873986
0.0008307936820028838,0.013931345801969999,1.7388869854019933e-06,-2.2746591516753045
0.0008308756062393499,0.013929972172922281,4.00865762914018e-06,-2.7084650644631685
0.000830957530475816,0.01392859881472718,3.4998578473024876e-06,-2.557970052083636
0.0008310394547122821,0.013927225727304591,3.831209816396185e-06,3.0627181570392015
0.0008311213789487482,0.013925852910574448,6.918336081955724e-06,-2.8222685062219286
0.0008312033031852143,0.01392448036445671,4.037053741322804e-06,-2.446262279576666
0.0008312852274216804,0.013923108088871369,2.1426273988619243e-06,-3.0255698374993
0.0008313671516581466,0.013921736083738447,1.4460075733237466e-06,2.461113811274182
0.0008314490758946127,0.013920364348978004,2.92546202434096e-06,3.1011248347405598
0.0008315310001310788,0.013918992884510125,1.1163511234444118e-06,2.6123338589259446
0.0008316129243675449,0.013917621690254928,1.5399511877750264e-06,2.5861337971927503
0.0008316948486040111,0.013916250766132563,3.314966561451579e-06,2.5026314866022563
0.0008317767728404772,0.013914880112063209,2.493158689949088e-06,-3.0920562083200167
0.0008318586970769432,0.013913509727967083,2.4798440886764932e-06,-0.8995258841230532
0.0008319406213134093,0.01391213961376443,3.016244969591369e-06,3.076283389014258
0.0008320225455498755,0.01391076976937552,1.4444703598677328e-06,-3.1315009054492715
0.0008321044697863416,0.013909400194720662,1.5816719120493143e-06,2.916502633631935
0.0008321863940228077,0.013908030889720199,2.4797122808656357e-06,-2.7690632772645754
0.0008322683182592738,0.013906661854294495,2.799675038730121e-06,-2.6064919407381186
0.00083235024249574,0.013905293088363954,1.3096876612583793e-06,-2.514267105845404
0.0008324321667322061,0.013903924591849009,2.983003877767165e-06,-2.8278591469980774
0.0008325140909686722,0.013902556364670122,1.691056412373213e-06,-3.1217544911688564
0.0008325960152051383,0.013901188406747788,4.894911575534759e-06,-2.950528846624014
0.0008326779394416045,0.013899820718002534,1.8400307453796145e-06,-2.6530719759589303
0.0008327598636780705,0.01389845329835492,3.4846155699749905e-06,3.0132338009742057
0.0008328417879145366,0.013897086147725533,1.902303752869976e-06,-2.9577811774957143
0.0008329237121510027,0.013895719266034995,4.524042020410881e-06,-2.9864718630515847
0.0008330056363874689,0.013894352653203951,1.8324708065351616e-06,2.7806242492658813
0.000833087560623935,0.013892986309153092,2.6083175856733313e-06,2.307744372120875
0.0008331694848604011,0.013891620233803123,1.3830867785553949e-06,-2.185677317001835
0.0008332514090968672,0.013890254427074799,1.9143937525994325e-06,-2.107848270956713
0.0008333333333333334,0.013888888888888888,3.3425088478181743e-06,3.141592653589793
