ì˙éû,ãCâ∑,ëäëŒéºìx,ãCà≥,ç~êÖó ,ç~ê·ó ,ïóë¨,ïóå¸,ëSìVì˙éÀó ,ëÂãCìßâﬂó¶,â_ó 
y/m/d HH:MM,Åé,%,Pa,mm,mm,m/s,-,W/m2,-,-
date,temp,rh,p_atm,Jp,Js,WS,WD,Qs,tau,cloudiness
2022/1/1 0:00,3.9,72,,0.0,,1.1,ìÏ,,1.0e-50,
2022/1/1 1:00,3.8,75,,0.0,,1.3,ìÏìÏêº,,1.0e-50,
2022/1/1 2:00,3.7,79,,0.0,,1.1,êºìÏêº,,1.0e-50,
2022/1/1 3:00,2.9,82,,0.0,,0.7,ìÏêº,,1.0e-50,
2022/1/1 4:00,3.2,82,,0.0,,1.1,ìÏìÏêº,,1.0e-50,
2022/1/1 5:00,2.9,85,,0.0,,0.9,ìÏìÏêº,,1.0e-50,
2022/1/1 6:00,3.3,87,,0.1,,0.5,ìÏêº,,1.0e-50,
2022/1/1 7:00,3.8,87,,0.1,,1.0,ìÏêº,,1.0e-50,
2022/1/1 8:00,4.6,86,,0.0,,1.3,ìÏêº,,0.01,
2022/1/1 9:00,6.7,76,,0.0,,1.5,êº,,0.01,
2022/1/1 10:00,9.7,57,,0.0,,2.9,êº,,0.01,
2022/1/1 11:00,10.5,51,,0.0,,3.7,êº,,0.01,
2022/1/1 12:00,11.3,42,,0.0,,4.1,êº,,0.01,
2022/1/1 13:00,11.6,38,,0.0,,4.1,êº,,0.01,
2022/1/1 14:00,11.7,36,,0.0,,4.2,êºìÏêº,,0.01,
2022/1/1 15:00,11.4,39,,0.0,,3.7,êºìÏêº,,0.01,
2022/1/1 16:00,11.0,42,,0.0,,2.8,êºìÏêº,,0.01,
2022/1/1 17:00,10.0,48,,0.0,,2.0,êºìÏêº,,0.01,
2022/1/1 18:00,8.5,56,,0.0,,1.6,êºìÏêº,,1.0e-50,
2022/1/1 19:00,7.7,57,,0.0,,1.6,êº,,1.0e-50,
2022/1/1 20:00,6.9,58,,0.0,,1.4,êº,,1.0e-50,
2022/1/1 21:00,6.1,64,,0.0,,1.5,êº,,1.0e-50,
2022/1/1 22:00,5.6,64,,0.0,,1.5,êº,,1.0e-50,
2022/1/1 23:00,5.2,63,,0.0,,1.5,êºìÏêº,,1.0e-50,
2022/1/2 0:00,4.9,65,,0.0,,1.6,êºìÏêº,,1.0e-50,
2022/1/2 1:00,4.7,67,,0.0,,1.8,êºìÏêº,,1.0e-50,
2022/1/2 2:00,4.6,70,,0.0,,1.9,êºìÏêº,,1.0e-50,
2022/1/2 3:00,4.1,72,,0.0,,2.0,êºìÏêº,,1.0e-50,
2022/1/2 4:00,4.1,71,,0.0,,2.1,êºìÏêº,,1.0e-50,
2022/1/2 5:00,4.0,68,,0.0,,2.0,êºìÏêº,,1.0e-50,
2022/1/2 6:00,4.4,68,,0.0,,2.0,êºìÏêº,,1.0e-50,
2022/1/2 7:00,4.4,65,,0.0,,1.7,êºìÏêº,,1.0e-50,
2022/1/2 8:00,4.6,63,,0.0,,1.5,êºìÏêº,,0.01,
2022/1/2 9:00,5.9,59,,0.0,,1.2,êº,,0.01,
2022/1/2 10:00,8.3,49,,0.0,,2.1,êº,,0.01,
2022/1/2 11:00,9.4,48,,0.0,,2.9,êºñkêº,,0.01,
2022/1/2 12:00,9.8,47,,0.0,,3.3,êºñkêº,,0.01,
2022/1/2 13:00,10.0,44,,0.0,,3.2,êºñkêº,,0.01,
2022/1/2 14:00,9.6,49,,0.0,,3.0,ñkêº,,0.01,
2022/1/2 15:00,8.5,55,,0.1,,2.7,ñkñkêº,,0.01,
2022/1/2 16:00,7.9,56,,0.0,,2.5,ñkñkêº,,0.01,
2022/1/2 17:00,7.0,61,,0.0,,1.8,ñkñkêº,,0.01,
2022/1/2 18:00,6.5,64,,0.0,,1.3,ñkñkêº,,1.0e-50,
2022/1/2 19:00,5.8,67,,0.0,,1.2,ñk,,1.0e-50,
2022/1/2 20:00,5.4,69,,0.0,,0.9,ñkñkìå,,1.0e-50,
2022/1/2 21:00,5.0,72,,0.0,,0.8,ñkñkìå,,1.0e-50,
2022/1/2 22:00,4.3,75,,0.0,,0.4,ìå,,1.0e-50,
2022/1/2 23:00,3.9,77,,0.0,,0.7,ìåñkìå,,1.0e-50,
2022/1/3 0:00,3.2,79,,0.0,,0.3,ñkñkìå,,1.0e-50,
2022/1/3 1:00,2.9,80,,0.0,,0.3,ìÏêº,,1.0e-50,
2022/1/3 2:00,2.8,77,,0.0,,1.1,ñkìå,,1.0e-50,
2022/1/3 3:00,2.1,78,,0.0,,0.8,ñkñkìå,,1.0e-50,
2022/1/3 4:00,1.6,80,,0.0,,0.5,ñkìå,,1.0e-50,
2022/1/3 5:00,1.2,81,,0.0,,0.7,ñkñkìå,,1.0e-50,
2022/1/3 6:00,1.2,82,,0.0,,0.5,ñkìå,,1.0e-50,
2022/1/3 7:00,1.2,82,,0.0,,0.7,ñkñkêº,,1.0e-50,
2022/1/3 8:00,1.8,79,,0.0,,0.7,ñkñkêº,,0.01,
2022/1/3 9:00,3.4,71,,0.0,,0.5,ñk,,0.01,
2022/1/3 10:00,5.2,62,,0.0,,0.9,ìÏìÏêº,,0.01,
2022/1/3 11:00,6.7,56,,0.0,,1.4,ìÏìÏêº,,0.01,
2022/1/3 12:00,8.2,51,,0.0,,1.4,ìÏêº,,0.01,
2022/1/3 13:00,9.1,46,,0.0,,1.6,ìÏêº,,0.01,
2022/1/3 14:00,10.0,42,,0.0,,1.4,êºìÏêº,,0.01,
2022/1/3 15:00,10.5,45,,0.0,,2.2,ìÏêº,,0.01,
2022/1/3 16:00,10.3,50,,0.0,,1.7,ìÏêº,,0.01,
2022/1/3 17:00,9.1,58,,0.0,,1.5,ìÏìÏêº,,0.01,
2022/1/3 18:00,8.0,66,,0.0,,0.6,ìÏìÏêº,,1.0e-50,
2022/1/3 19:00,7.2,69,,0.0,,0.8,êº,,1.0e-50,
2022/1/3 20:00,6.6,68,,0.0,,0.7,ñkêº,,1.0e-50,
2022/1/3 21:00,5.8,70,,0.0,,0.5,ìÏìÏêº,,1.0e-50,
2022/1/3 22:00,5.7,72,,0.0,,0.8,ìÏìÏêº,,1.0e-50,
2022/1/3 23:00,5.1,76,,0.0,,0.2,ñkñkêº,,1.0e-50,
2022/1/4 0:00,4.4,77,,0.0,,0.2,êºìÏêº,,1.0e-50,
2022/1/4 1:00,4.0,78,,0.0,,0.1,ìÏìå,,1.0e-50,
2022/1/4 2:00,4.1,77,,0.0,,0.8,ìÏ,,1.0e-50,
2022/1/4 3:00,3.6,79,,0.0,,0.6,êºìÏêº,,1.0e-50,
2022/1/4 4:00,3.6,79,,0.0,,0.8,ìÏêº,,1.0e-50,
2022/1/4 5:00,3.1,82,,0.0,,0.4,ìÏìÏêº,,1.0e-50,
2022/1/4 6:00,3.2,83,,0.0,,0.6,ìÏêº,,1.0e-50,
2022/1/4 7:00,2.8,87,,0.0,,0.4,ñkêº,,1.0e-50,
2022/1/4 8:00,3.5,84,,0.0,,0.6,êºìÏêº,,0.01,
2022/1/4 9:00,5.1,78,,0.0,,0.7,êº,,0.01,
2022/1/4 10:00,7.0,70,,0.0,,1.2,êº,,0.01,
2022/1/4 11:00,8.5,66,,0.0,,1.5,ñkñkêº,,0.01,
2022/1/4 12:00,8.6,65,,0.0,,2.2,ñkñkêº,,0.01,
2022/1/4 13:00,8.9,57,,0.0,,3.4,ñkñkêº,,0.01,
2022/1/4 14:00,8.4,54,,0.0,,4.0,ñk,,0.01,
2022/1/4 15:00,7.7,53,,0.0,,3.8,ñk,,0.01,
2022/1/4 16:00,6.8,55,,0.0,,3.8,ñk,,0.01,
2022/1/4 17:00,5.7,58,,0.0,,2.9,ñk,,0.01,
2022/1/4 18:00,5.1,60,,0.0,,1.9,ñk,,1.0e-50,
2022/1/4 19:00,4.6,61,,0.0,,1.5,ñkñkìå,,1.0e-50,
2022/1/4 20:00,4.0,62,,0.0,,1.0,ñkñkìå,,1.0e-50,
2022/1/4 21:00,3.5,64,,0.0,,1.1,ñk,,1.0e-50,
2022/1/4 22:00,3.1,64,,0.0,,1.1,ñkñkìå,,1.0e-50,
2022/1/4 23:00,2.7,64,,0.0,,0.9,ñkñkìå,,1.0e-50,
2022/1/5 0:00,2.2,66,,0.0,,0.7,ñkñkêº,,1.0e-50,
2022/1/5 1:00,2.0,66,,0.0,,0.7,ñk,,1.0e-50,
2022/1/5 2:00,1.4,68,,0.0,,0.7,ñkñkêº,,1.0e-50,
2022/1/5 3:00,0.9,69,,0.0,,1.1,ñkñkêº,,1.0e-50,
2022/1/5 4:00,0.7,69,,0.0,,1.2,ñk,,1.0e-50,
2022/1/5 5:00,0.5,70,,0.0,,1.2,ñk,,1.0e-50,
2022/1/5 6:00,0.2,73,,0.0,,1.1,ñk,,1.0e-50,
2022/1/5 7:00,-0.4,78,,0.0,,0.9,ñk,,1.0e-50,
2022/1/5 8:00,0.0,77,,0.0,,0.7,ñkñkìå,,0.01,
2022/1/5 9:00,1.7,66,,0.0,,0.4,ñkñkêº,,0.01,
2022/1/5 10:00,3.6,56,,0.0,,1.4,ñkñkêº,,0.01,
2022/1/5 11:00,5.2,48,,0.0,,1.9,ñk,,0.01,
2022/1/5 12:00,5.8,42,,0.0,,2.2,ñk,,0.01,
2022/1/5 13:00,6.3,40,,0.0,,2.7,ñk,,0.01,
2022/1/5 14:00,6.6,39,,0.0,,2.8,ñk,,0.01,
2022/1/5 15:00,6.1,41,,0.0,,3.1,ñkñkêº,,0.01,
2022/1/5 16:00,5.5,45,,0.0,,2.8,ñkñkêº,,0.01,
2022/1/5 17:00,4.5,50,,0.0,,1.6,ñk,,0.01,
2022/1/5 18:00,3.6,55,,0.0,,1.3,ñkêº,,1.0e-50,
2022/1/5 19:00,2.7,60,,0.0,,1.2,ñkñkêº,,1.0e-50,
2022/1/5 20:00,2.0,65,,0.0,,0.9,ñk,,1.0e-50,
2022/1/5 21:00,1.3,70,,0.0,,0.9,ñkñkêº,,1.0e-50,
2022/1/5 22:00,0.9,71,,0.0,,1.1,ñkñkêº,,1.0e-50,
2022/1/5 23:00,0.7,72,,0.0,,0.9,ñkñkêº,,1.0e-50,
2022/1/6 0:00,0.3,74,,0.0,,0.8,ñkêº,,1.0e-50,
2022/1/6 1:00,0.4,75,,0.0,,0.2,ñkñkìå,,1.0e-50,
2022/1/6 2:00,0.5,74,,0.0,,0.7,ìÏìÏìå,,1.0e-50,
2022/1/6 3:00,0.4,76,,0.0,,0.7,ìÏêº,,1.0e-50,
2022/1/6 4:00,0.2,78,,0.0,,0.4,ìÏêº,,1.0e-50,
2022/1/6 5:00,0.2,79,,0.0,,0.3,ìÏìÏìå,,1.0e-50,
2022/1/6 6:00,0.8,78,,0.0,,1.1,ñk,,1.0e-50,
2022/1/6 7:00,0.7,78,,0.0,,0.9,ñkñkêº,,1.0e-50,
2022/1/6 8:00,1.1,76,,0.0,,0.9,ñkñkêº,,0.01,
2022/1/6 9:00,2.3,69,,0.0,,0.7,ñkñkêº,,0.01,
2022/1/6 10:00,4.7,56,,0.0,,1.4,ñk,,0.01,
2022/1/6 11:00,6.5,44,,0.0,,2.3,ñkñkìå,,0.01,
2022/1/6 12:00,6.9,43,,0.0,,2.5,ñkñkìå,,0.01,
2022/1/6 13:00,7.4,40,,0.0,,3.1,ñkñkìå,,0.01,
2022/1/6 14:00,7.4,41,,0.0,,3.0,ñk,,0.01,
2022/1/6 15:00,6.7,48,,0.0,,3.1,ñk,,0.01,
2022/1/6 16:00,6.4,46,,0.0,,2.5,ñk,,0.01,
2022/1/6 17:00,5.6,48,,0.0,,1.6,ñk,,0.01,
2022/1/6 18:00,4.7,52,,0.0,,1.2,ñk,,1.0e-50,
2022/1/6 19:00,3.7,56,,0.0,,1.2,ñk,,1.0e-50,
2022/1/6 20:00,2.8,60,,0.0,,1.2,ñkñkêº,,1.0e-50,
2022/1/6 21:00,2.2,64,,0.0,,1.1,ñk,,1.0e-50,
2022/1/6 22:00,1.7,65,,0.0,,1.1,ñk,,1.0e-50,
2022/1/6 23:00,0.9,69,,0.0,,0.7,ñkñkêº,,1.0e-50,
2022/1/7 0:00,0.4,71,,0.0,,0.9,ñkñkêº,,1.0e-50,
2022/1/7 1:00,-0.2,73,,0.0,,0.6,ñkñkìå,,1.0e-50,
2022/1/7 2:00,-0.8,78,,0.0,,0.2,ìÏêº,,1.0e-50,
2022/1/7 3:00,-1.0,81,,0.0,,0.3,ìÏêº,,1.0e-50,
2022/1/7 4:00,-1.4,84,,0.0,,0.2,ìå,,1.0e-50,
2022/1/7 5:00,-1.6,84,,0.0,,0.4,ñkêº,,1.0e-50,
2022/1/7 6:00,-1.6,83,,0.0,,0.5,ñkñkìå,,1.0e-50,
2022/1/7 7:00,-1.5,83,,0.0,,0.8,ñkìå,,1.0e-50,
2022/1/7 8:00,-1.1,81,,0.0,,0.4,êº,,0.01,
2022/1/7 9:00,1.0,69,,0.0,,0.6,ñkñkìå,,0.01,
2022/1/7 10:00,3.3,61,,0.0,,0.4,ìÏìå,,0.01,
2022/1/7 11:00,5.2,47,,0.0,,0.9,ìåìÏìå,,0.01,
2022/1/7 12:00,7.0,35,,0.0,,1.2,ìÏ,,0.01,
2022/1/7 13:00,8.2,29,,0.0,,0.9,ìÏ,,0.01,
2022/1/7 14:00,9.2,26,,0.0,,1.5,ìÏìÏêº,,0.01,
2022/1/7 15:00,9.9,27,,0.0,,1.8,ìÏêº,,0.01,
2022/1/7 16:00,9.7,30,,0.0,,1.1,ìÏìÏêº,,0.01,
2022/1/7 17:00,8.2,36,,0.0,,1.1,ìÏìÏêº,,0.01,
2022/1/7 18:00,6.4,46,,0.0,,0.6,ìÏìÏêº,,1.0e-50,
2022/1/7 19:00,5.8,47,,0.0,,0.7,ìÏêº,,1.0e-50,
2022/1/7 20:00,5.4,48,,0.0,,0.7,ìÏìÏêº,,1.0e-50,
2022/1/7 21:00,4.9,51,,0.0,,0.5,ìÏìå,,1.0e-50,
2022/1/7 22:00,4.4,54,,0.0,,0.7,ñkñkêº,,1.0e-50,
2022/1/7 23:00,4.8,51,,0.0,,1.2,ñkñkêº,,1.0e-50,
2022/1/8 0:00,4.7,53,,0.0,,1.4,ñkñkìå,,1.0e-50,
2022/1/8 1:00,4.4,56,,0.0,,1.1,ñkñkìå,,1.0e-50,
2022/1/8 2:00,4.6,55,,0.0,,1.3,ñkñkìå,,1.0e-50,
2022/1/8 3:00,4.6,57,,0.0,,1.5,ñkñkìå,,1.0e-50,
2022/1/8 4:00,4.9,60,,0.0,,1.4,ñkñkìå,,1.0e-50,
2022/1/8 5:00,4.7,68,,0.0,,1.1,ñkìå,,1.0e-50,
2022/1/8 6:00,5.2,66,,0.0,,1.3,ñkñkìå,,1.0e-50,
2022/1/8 7:00,4.9,75,,0.5,,0.9,ñkìå,,1.0e-50,
2022/1/8 8:00,5.3,81,,0.4,,1.1,ñkìå,,0.01,
2022/1/8 9:00,5.6,83,,0.8,,1.1,ñkñkìå,,0.01,
2022/1/8 10:00,6.0,86,,1.0,,1.0,ñkìå,,0.01,
2022/1/8 11:00,6.6,88,,1.0,,0.9,ñkìå,,0.01,
2022/1/8 12:00,7.1,89,,0.7,,1.0,ñkñkìå,,0.01,
2022/1/8 13:00,7.6,89,,1.0,,1.1,ñkìå,,0.01,
2022/1/8 14:00,8.0,90,,1.3,,1.4,ñkìå,,0.01,
2022/1/8 15:00,7.7,89,,1.9,,1.5,ìåñkìå,,0.01,
2022/1/8 16:00,7.8,90,,1.9,,1.7,ìåñkìå,,0.01,
2022/1/8 17:00,7.7,91,,2.1,,2.0,ìåñkìå,,0.01,
2022/1/8 18:00,7.7,90,,2.5,,1.6,ñkìå,,1.0e-50,
2022/1/8 19:00,7.2,93,,2.2,,0.6,ñkìå,,1.0e-50,
2022/1/8 20:00,7.2,92,,3.1,,1.4,ñkñkìå,,1.0e-50,
2022/1/8 21:00,7.1,90,,2.6,,1.6,ñkñkìå,,1.0e-50,
2022/1/8 22:00,7.1,86,,1.8,,1.2,ñk,,1.0e-50,
2022/1/8 23:00,6.8,84,,1.2,,0.8,ñkñkêº,,1.0e-50,
2022/1/9 0:00,6.4,84,,0.4,,1.2,ñkêº,,1.0e-50,
2022/1/9 1:00,6.2,81,,0.1,,1.2,êº,,1.0e-50,
2022/1/9 2:00,6.1,83,,0.0,,1.3,êº,,1.0e-50,
2022/1/9 3:00,6.0,83,,0.0,,1.3,êº,,1.0e-50,
2022/1/9 4:00,6.0,84,,0.0,,1.7,êº,,1.0e-50,
2022/1/9 5:00,6.2,81,,0.0,,1.8,êºñkêº,,1.0e-50,
2022/1/9 6:00,5.7,82,,0.0,,1.6,êºñkêº,,1.0e-50,
2022/1/9 7:00,5.7,79,,0.1,,1.9,ñkêº,,1.0e-50,
2022/1/9 8:00,5.6,77,,0.1,,1.6,ñkêº,,0.01,
2022/1/9 9:00,6.5,71,,0.0,,1.3,ñkñkêº,,0.01,
2022/1/9 10:00,8.0,62,,0.0,,2.3,êºñkêº,,0.01,
2022/1/9 11:00,8.2,62,,0.0,,3.9,êºñkêº,,0.01,
2022/1/9 12:00,8.5,58,,0.5,,4.1,êºñkêº,,0.01,
2022/1/9 13:00,6.6,67,,0.6,,4.4,ñkêº,,0.01,
2022/1/9 14:00,6.9,55,,0.3,,4.9,ñkñkêº,,0.01,
2022/1/9 15:00,6.2,57,,0.1,,4.2,ñk,,0.01,
2022/1/9 16:00,5.5,56,,0.0,,4.1,ñk,,0.01,
2022/1/9 17:00,4.4,59,,0.1,,4.1,ñk,,0.01,
2022/1/9 18:00,3.6,65,,0.1,,2.6,ñk,,1.0e-50,
2022/1/9 19:00,3.1,68,,0.3,,2.5,ñk,,1.0e-50,
2022/1/9 20:00,2.8,64,,0.2,,2.5,ñk,,1.0e-50,
2022/1/9 21:00,2.2,67,,0.1,,1.8,ñk,,1.0e-50,
2022/1/9 22:00,1.8,69,,0.2,,1.8,ñk,,1.0e-50,
2022/1/9 23:00,1.5,68,,0.2,,1.9,ñk,,1.0e-50,
2022/1/10 0:00,0.9,70,,0.1,,1.2,ñkñkêº,,1.0e-50,
2022/1/10 1:00,0.6,71,,0.1,,1.1,ñkêº,,1.0e-50,
2022/1/10 2:00,0.4,73,,0.1,,1.1,ñkñkêº,,1.0e-50,
2022/1/10 3:00,0.1,76,,0.0,,0.9,êºñkêº,,1.0e-50,
2022/1/10 4:00,-0.3,79,,0.0,,1.1,ñkêº,,1.0e-50,
2022/1/10 5:00,-0.4,78,,0.0,,1.4,ñkêº,,1.0e-50,
2022/1/10 6:00,-0.7,78,,0.0,,1.7,êºñkêº,,1.0e-50,
2022/1/10 7:00,-0.9,78,,0.0,,1.8,êºñkêº,,1.0e-50,
2022/1/10 8:00,-0.5,76,,0.0,,1.9,êºñkêº,,0.01,
2022/1/10 9:00,0.7,68,,0.0,,2.5,êºñkêº,,0.01,
2022/1/10 10:00,2.0,61,,0.0,,2.6,êºñkêº,,0.01,
2022/1/10 11:00,2.8,56,,0.0,,2.7,êºñkêº,,0.01,
2022/1/10 12:00,3.5,49,,0.0,,2.9,êºñkêº,,0.01,
2022/1/10 13:00,4.1,44,,0.0,,3.3,êºñkêº,,0.01,
2022/1/10 14:00,4.4,45,,0.0,,3.4,êºñkêº,,0.01,
2022/1/10 15:00,4.4,44,,0.0,,3.1,êºñkêº,,0.01,
2022/1/10 16:00,4.0,51,,0.0,,3.1,êºñkêº,,0.01,
2022/1/10 17:00,3.3,57,,0.0,,1.9,êºñkêº,,0.01,
2022/1/10 18:00,2.6,62,,0.0,,1.3,êº,,1.0e-50,
2022/1/10 19:00,2.0,66,,0.0,,1.3,êº,,1.0e-50,
2022/1/10 20:00,1.4,68,,0.0,,1.2,êº,,1.0e-50,
2022/1/10 21:00,0.9,71,,0.0,,1.4,êº,,1.0e-50,
2022/1/10 22:00,0.7,67,,0.0,,1.2,êº,,1.0e-50,
2022/1/10 23:00,0.6,62,,0.0,,1.4,êº,,1.0e-50,
2022/1/11 0:00,0.2,63,,0.0,,1.5,êºñkêº,,1.0e-50,
2022/1/11 1:00,-0.1,64,,0.0,,1.4,êºñkêº,,1.0e-50,
2022/1/11 2:00,-0.3,63,,0.0,,1.3,êºìÏêº,,1.0e-50,
2022/1/11 3:00,-0.7,64,,0.0,,1.3,êº,,1.0e-50,
2022/1/11 4:00,-1.2,65,,0.0,,1.0,êºìÏêº,,1.0e-50,
2022/1/11 5:00,-1.6,66,,0.0,,0.9,êºìÏêº,,1.0e-50,
2022/1/11 6:00,-1.7,68,,0.0,,0.8,êºìÏêº,,1.0e-50,
2022/1/11 7:00,-1.8,68,,0.0,,0.6,êºìÏêº,,1.0e-50,
2022/1/11 8:00,-1.1,68,,0.0,,0.5,ìÏêº,,0.01,
2022/1/11 9:00,0.7,62,,0.0,,1.2,êºìÏêº,,0.01,
2022/1/11 10:00,3.1,54,,0.0,,2.0,êºìÏêº,,0.01,
2022/1/11 11:00,4.9,47,,0.0,,2.3,êº,,0.01,
2022/1/11 12:00,5.5,46,,0.0,,2.7,êºñkêº,,0.01,
2022/1/11 13:00,6.2,44,,0.0,,3.0,êºñkêº,,0.01,
2022/1/11 14:00,6.6,45,,0.0,,3.3,êºñkêº,,0.01,
2022/1/11 15:00,6.8,44,,0.0,,3.3,ñkêº,,0.01,
2022/1/11 16:00,6.2,49,,0.0,,3.1,ñkêº,,0.01,
2022/1/11 17:00,5.2,59,,0.0,,2.2,ñkêº,,0.01,
2022/1/11 18:00,4.1,65,,0.0,,1.2,êºñkêº,,1.0e-50,
2022/1/11 19:00,3.3,71,,0.0,,1.2,êºñkêº,,1.0e-50,
2022/1/11 20:00,2.9,75,,0.0,,1.2,êºñkêº,,1.0e-50,
2022/1/11 21:00,2.7,77,,0.0,,1.0,êºñkêº,,1.0e-50,
2022/1/11 22:00,2.9,75,,0.0,,1.0,êºñkêº,,1.0e-50,
2022/1/11 23:00,2.5,75,,0.0,,0.6,ñkêº,,1.0e-50,
2022/1/12 0:00,1.8,73,,0.0,,0.9,ñkêº,,1.0e-50,
2022/1/12 1:00,1.4,71,,0.0,,0.5,êºñkêº,,1.0e-50,
2022/1/12 2:00,1.2,72,,0.0,,0.8,ìÏìÏêº,,1.0e-50,
2022/1/12 3:00,0.6,75,,0.0,,0.6,ìÏìÏêº,,1.0e-50,
2022/1/12 4:00,-0.1,76,,0.0,,0.6,ìÏêº,,1.0e-50,
2022/1/12 5:00,-0.6,76,,0.0,,0.8,ìÏìÏêº,,1.0e-50,
2022/1/12 6:00,-1.0,73,,0.0,,0.7,ìÏêº,,1.0e-50,
2022/1/12 7:00,-1.2,76,,0.0,,0.8,ìÏ,,1.0e-50,
2022/1/12 8:00,-0.8,75,,0.0,,1.0,ìÏìÏêº,,0.01,
2022/1/12 9:00,1.2,67,,0.0,,0.8,ìÏìÏêº,,0.01,
2022/1/12 10:00,3.7,55,,0.0,,2.0,êºìÏêº,,0.01,
2022/1/12 11:00,5.6,46,,0.0,,2.5,êºìÏêº,,0.01,
2022/1/12 12:00,6.2,40,,0.0,,2.6,êºìÏêº,,0.01,
2022/1/12 13:00,6.9,40,,0.0,,2.8,êº,,0.01,
2022/1/12 14:00,7.4,42,,0.0,,3.1,êº,,0.01,
2022/1/12 15:00,6.9,46,,0.0,,2.8,êº,,0.01,
2022/1/12 16:00,6.7,46,,0.0,,2.6,êº,,0.01,
2022/1/12 17:00,6.1,49,,0.0,,1.7,êº,,0.01,
2022/1/12 18:00,5.6,53,,0.0,,1.9,êºìÏêº,,0.01,
2022/1/12 19:00,5.0,56,,0.0,,1.5,êºìÏêº,,1.0e-50,
2022/1/12 20:00,4.5,58,,0.0,,1.6,êº,,1.0e-50,
2022/1/12 21:00,4.2,63,,0.0,,1.5,êº,,1.0e-50,
2022/1/12 22:00,3.8,61,,0.0,,1.8,êº,,1.0e-50,
2022/1/12 23:00,3.2,61,,0.0,,1.7,êºìÏêº,,1.0e-50,
2022/1/13 0:00,2.8,65,,0.0,,2.0,êº,,1.0e-50,
2022/1/13 1:00,2.6,64,,0.0,,1.9,êº,,1.0e-50,
2022/1/13 2:00,2.4,63,,0.0,,1.7,êº,,1.0e-50,
2022/1/13 3:00,1.8,67,,0.0,,1.9,êº,,1.0e-50,
2022/1/13 4:00,2.1,66,,0.0,,2.1,êºñkêº,,1.0e-50,
2022/1/13 5:00,2.1,74,,0.2,,1.9,ñkêº,,1.0e-50,
2022/1/13 6:00,1.6,77,,0.1,,1.4,êºñkêº,,1.0e-50,
2022/1/13 7:00,1.5,79,,0.1,,1.2,ñkñkêº,,1.0e-50,
2022/1/13 8:00,1.9,75,,0.0,,1.2,ñk,,0.01,
2022/1/13 9:00,3.0,68,,0.0,,1.9,ñkñkìå,,0.01,
2022/1/13 10:00,4.4,54,,0.0,,2.7,ñk,,0.01,
2022/1/13 11:00,4.9,48,,0.0,,3.5,ñk,,0.01,
2022/1/13 12:00,5.0,47,,0.0,,3.3,ñk,,0.01,
2022/1/13 13:00,5.0,46,,0.0,,3.3,ñkñkêº,,0.01,
2022/1/13 14:00,5.0,46,,0.0,,3.2,ñkñkêº,,0.01,
2022/1/13 15:00,4.7,50,,0.0,,2.9,ñkñkêº,,0.01,
2022/1/13 16:00,4.3,51,,0.0,,2.9,ñk,,0.01,
2022/1/13 17:00,3.4,54,,0.0,,2.3,ñk,,0.01,
2022/1/13 18:00,2.4,57,,0.0,,1.3,ñk,,0.01,
2022/1/13 19:00,1.7,63,,0.0,,1.3,ñk,,1.0e-50,
2022/1/13 20:00,1.1,64,,0.0,,1.3,ñk,,1.0e-50,
2022/1/13 21:00,0.7,64,,0.0,,1.1,ñkñkìå,,1.0e-50,
2022/1/13 22:00,0.4,63,,0.0,,1.0,ñkñkìå,,1.0e-50,
2022/1/13 23:00,-0.0,64,,0.0,,0.7,ñkêº,,1.0e-50,
2022/1/14 0:00,-0.3,64,,0.0,,1.0,ñkñkêº,,1.0e-50,
2022/1/14 1:00,-0.5,62,,0.0,,1.1,ñkñkêº,,1.0e-50,
2022/1/14 2:00,-0.6,60,,0.0,,0.5,ñkñkêº,,1.0e-50,
2022/1/14 3:00,-0.8,61,,0.0,,1.1,ñk,,1.0e-50,
2022/1/14 4:00,-0.9,61,,0.0,,0.9,ñkñkêº,,1.0e-50,
2022/1/14 5:00,-0.9,63,,0.0,,0.9,ñk,,1.0e-50,
2022/1/14 6:00,-0.9,66,,0.0,,0.6,ñk,,1.0e-50,
2022/1/14 7:00,-0.9,65,,0.0,,1.1,ñkñkêº,,1.0e-50,
2022/1/14 8:00,-0.4,62,,0.0,,0.9,ñk,,0.01,
2022/1/14 9:00,0.8,57,,0.0,,0.1,ñkñkêº,,0.01,
2022/1/14 10:00,2.5,48,,0.0,,0.4,ñkìå,,0.01,
2022/1/14 11:00,3.8,42,,0.0,,0.9,ñkìå,,0.01,
2022/1/14 12:00,4.1,42,,0.0,,0.9,ñkìå,,0.01,
2022/1/14 13:00,5.0,38,,0.0,,0.9,ñk,,0.01,
2022/1/14 14:00,5.5,35,,0.0,,0.8,ñkñkìå,,0.01,
2022/1/14 15:00,6.3,33,,0.0,,0.9,ñkñkìå,,0.01,
2022/1/14 16:00,6.4,33,,0.0,,1.2,ñk,,0.01,
2022/1/14 17:00,5.4,38,,0.0,,1.6,ñkñkêº,,0.01,
2022/1/14 18:00,3.9,47,,0.0,,1.2,ñkñkêº,,0.01,
2022/1/14 19:00,3.0,50,,0.0,,1.4,ñkñkêº,,1.0e-50,
2022/1/14 20:00,2.2,51,,0.0,,1.1,ñk,,1.0e-50,
2022/1/14 21:00,1.9,54,,0.0,,0.8,ñkñkêº,,1.0e-50,
2022/1/14 22:00,1.2,54,,0.0,,1.0,ñkñkêº,,1.0e-50,
2022/1/14 23:00,0.6,56,,0.0,,0.8,ñk,,1.0e-50,
2022/1/15 0:00,0.5,54,,0.0,,0.9,ñkñkêº,,1.0e-50,
2022/1/15 1:00,0.2,54,,0.0,,1.1,ñk,,1.0e-50,
2022/1/15 2:00,-0.4,59,,0.0,,0.2,ìÏìå,,1.0e-50,
2022/1/15 3:00,-0.2,55,,0.0,,1.3,ñkñkêº,,1.0e-50,
2022/1/15 4:00,-0.4,57,,0.0,,1.1,ñkñkêº,,1.0e-50,
2022/1/15 5:00,-0.9,62,,0.0,,0.7,ñk,,1.0e-50,
2022/1/15 6:00,-1.4,66,,0.0,,0.5,ñkñkêº,,1.0e-50,
2022/1/15 7:00,-1.7,68,,0.0,,0.7,ñkñkêº,,1.0e-50,
2022/1/15 8:00,-0.8,61,,0.0,,1.0,ñkñkêº,,0.01,
2022/1/15 9:00,1.3,55,,0.0,,0.2,ìÏìÏêº,,0.01,
2022/1/15 10:00,3.9,46,,0.0,,1.2,êºìÏêº,,0.01,
2022/1/15 11:00,5.6,43,,0.0,,1.1,êº,,0.01,
2022/1/15 12:00,6.9,42,,0.0,,1.5,êº,,0.01,
2022/1/15 13:00,7.9,40,,0.0,,1.7,êºñkêº,,0.01,
2022/1/15 14:00,8.4,40,,0.0,,1.8,êºñkêº,,0.01,
2022/1/15 15:00,8.6,39,,0.0,,1.6,ñkêº,,0.01,
2022/1/15 16:00,8.4,40,,0.0,,1.7,ñkêº,,0.01,
2022/1/15 17:00,7.4,47,,0.0,,1.6,ñkñkêº,,0.01,
2022/1/15 18:00,5.8,56,,0.0,,1.5,ñk,,0.01,
2022/1/15 19:00,5.0,63,,0.0,,1.6,ñk,,1.0e-50,
2022/1/15 20:00,4.7,66,,0.0,,1.2,ñk,,1.0e-50,
2022/1/15 21:00,3.6,72,,0.0,,1.4,ñk,,1.0e-50,
2022/1/15 22:00,2.9,73,,0.0,,1.3,ñk,,1.0e-50,
2022/1/15 23:00,2.5,68,,0.0,,1.2,ñkñkìå,,1.0e-50,
2022/1/16 0:00,1.8,68,,0.0,,1.0,ñkñkìå,,1.0e-50,
2022/1/16 1:00,1.5,63,,0.0,,1.2,ñkñkìå,,1.0e-50,
2022/1/16 2:00,1.3,59,,0.0,,1.4,ñkñkìå,,1.0e-50,
2022/1/16 3:00,0.2,68,,0.0,,0.8,ñk,,1.0e-50,
2022/1/16 4:00,-0.1,67,,0.0,,1.0,ñkñkêº,,1.0e-50,
2022/1/16 5:00,-0.8,70,,0.0,,0.6,ñk,,1.0e-50,
2022/1/16 6:00,-1.1,73,,0.0,,0.5,ñkêº,,1.0e-50,
2022/1/16 7:00,-1.2,70,,0.0,,0.7,êºñkêº,,1.0e-50,
2022/1/16 8:00,-0.4,68,,0.0,,0.7,êºìÏêº,,0.01,
2022/1/16 9:00,1.7,56,,0.0,,0.5,êºìÏêº,,0.01,
2022/1/16 10:00,4.1,48,,0.0,,1.2,êº,,0.01,
2022/1/16 11:00,5.9,44,,0.0,,1.7,êº,,0.01,
2022/1/16 12:00,7.0,44,,0.0,,1.7,êºìÏêº,,0.01,
2022/1/16 13:00,8.0,46,,0.0,,2.6,êºñkêº,,0.01,
2022/1/16 14:00,8.5,46,,0.0,,3.1,ñkêº,,0.01,
2022/1/16 15:00,8.4,44,,0.0,,2.9,êºñkêº,,0.01,
2022/1/16 16:00,8.1,46,,0.0,,2.7,ñkêº,,0.01,
2022/1/16 17:00,7.0,50,,0.0,,1.7,ñkêº,,0.01,
2022/1/16 18:00,5.8,55,,0.0,,1.9,êºñkêº,,0.01,
2022/1/16 19:00,4.9,59,,0.0,,1.9,êºñkêº,,1.0e-50,
2022/1/16 20:00,4.2,62,,0.0,,1.9,êºñkêº,,1.0e-50,
2022/1/16 21:00,3.6,65,,0.0,,1.8,êºñkêº,,1.0e-50,
2022/1/16 22:00,3.4,68,,0.0,,1.6,êºñkêº,,1.0e-50,
2022/1/16 23:00,2.6,73,,0.0,,0.6,êºìÏêº,,1.0e-50,
2022/1/17 0:00,1.5,76,,0.0,,0.4,êºìÏêº,,1.0e-50,
2022/1/17 1:00,0.9,79,,0.0,,0.1,ìÏ,,1.0e-50,
2022/1/17 2:00,0.9,78,,0.0,,0.6,ìÏìÏêº,,1.0e-50,
2022/1/17 3:00,0.9,78,,0.0,,0.3,ìÏ,,1.0e-50,
2022/1/17 4:00,1.0,77,,0.0,,0.9,ìÏêº,,1.0e-50,
2022/1/17 5:00,0.8,79,,0.0,,0.8,ìÏêº,,1.0e-50,
2022/1/17 6:00,1.3,77,,0.0,,1.2,êºìÏêº,,1.0e-50,
2022/1/17 7:00,1.8,80,,0.1,,1.4,êº,,1.0e-50,
2022/1/17 8:00,2.1,80,,0.1,,1.1,êº,,0.01,
2022/1/17 9:00,3.3,76,,0.2,,1.1,ñkêº,,0.01,
2022/1/17 10:00,5.0,69,,0.0,,1.4,ñkñkêº,,0.01,
2022/1/17 11:00,6.2,63,,0.0,,1.3,ñkñkêº,,0.01,
2022/1/17 12:00,6.7,58,,0.1,,1.9,ñkêº,,0.01,
2022/1/17 13:00,6.4,60,,0.3,,2.4,ñk,,0.01,
2022/1/17 14:00,7.0,47,,0.1,,2.5,ñk,,0.01,
2022/1/17 15:00,7.2,43,,0.0,,2.8,ñk,,0.01,
2022/1/17 16:00,6.6,47,,0.0,,2.6,ñkñkìå,,0.01,
2022/1/17 17:00,5.5,52,,0.0,,1.9,ñk,,0.01,
2022/1/17 18:00,4.4,56,,0.0,,1.4,ñk,,0.01,
2022/1/17 19:00,3.5,58,,0.0,,1.4,ñk,,1.0e-50,
2022/1/17 20:00,2.9,58,,0.0,,1.2,ñk,,1.0e-50,
2022/1/17 21:00,2.4,59,,0.0,,1.3,ñkñkìå,,1.0e-50,
2022/1/17 22:00,1.9,61,,0.0,,1.1,ñk,,1.0e-50,
2022/1/17 23:00,1.4,64,,0.0,,1.3,ñk,,1.0e-50,
2022/1/18 0:00,0.8,67,,0.0,,1.0,ñk,,1.0e-50,
2022/1/18 1:00,0.6,67,,0.0,,1.4,ñkñkìå,,1.0e-50,
2022/1/18 2:00,0.6,66,,0.0,,1.2,ñkñkìå,,1.0e-50,
2022/1/18 3:00,0.8,66,,0.0,,1.0,ñkñkìå,,1.0e-50,
2022/1/18 4:00,0.8,65,,0.0,,0.7,ñk,,1.0e-50,
2022/1/18 5:00,0.4,67,,0.0,,0.4,ñkñkìå,,1.0e-50,
2022/1/18 6:00,-0.1,68,,0.0,,0.3,ìÏêº,,1.0e-50,
2022/1/18 7:00,-0.1,69,,0.0,,0.8,ìÏêº,,1.0e-50,
2022/1/18 8:00,0.2,67,,0.0,,0.6,ìÏêº,,0.01,
2022/1/18 9:00,1.7,60,,0.0,,0.3,ìÏìå,,0.01,
2022/1/18 10:00,3.5,54,,0.0,,1.1,ìÏìÏêº,,0.01,
2022/1/18 11:00,4.8,50,,0.0,,2.1,ìÏêº,,0.01,
2022/1/18 12:00,5.8,50,,0.0,,2.5,ìÏêº,,0.01,
2022/1/18 13:00,6.8,50,,0.0,,2.7,ìÏêº,,0.01,
2022/1/18 14:00,7.5,48,,0.0,,2.9,ìÏêº,,0.01,
2022/1/18 15:00,7.9,45,,0.0,,3.3,êºìÏêº,,0.01,
2022/1/18 16:00,7.6,45,,0.0,,2.7,êº,,0.01,
2022/1/18 17:00,6.7,50,,0.0,,1.7,êºñkêº,,0.01,
2022/1/18 18:00,5.3,51,,0.1,,1.2,êºñkêº,,0.01,
2022/1/18 19:00,4.6,53,,0.0,,1.8,êº,,1.0e-50,
2022/1/18 20:00,4.3,52,,0.0,,2.4,êº,,1.0e-50,
2022/1/18 21:00,4.1,58,,0.0,,2.5,êº,,1.0e-50,
2022/1/18 22:00,3.4,65,,0.1,,2.8,êºìÏêº,,1.0e-50,
2022/1/18 23:00,3.1,70,,0.1,,3.2,êº,,1.0e-50,
2022/1/19 0:00,2.5,76,,1.6,,3.1,ñkêº,,1.0e-50,
2022/1/19 1:00,2.7,74,,1.6,,3.0,ñkñkêº,,1.0e-50,
2022/1/19 2:00,2.4,67,,1.0,,2.9,ñkñkêº,,1.0e-50,
2022/1/19 3:00,1.3,61,,0.2,,3.0,ñkêº,,1.0e-50,
2022/1/19 4:00,0.9,62,,0.1,,3.1,ñkêº,,1.0e-50,
2022/1/19 5:00,0.4,64,,0.1,,2.3,ñkêº,,1.0e-50,
2022/1/19 6:00,0.2,59,,0.1,,1.8,êº,,1.0e-50,
2022/1/19 7:00,0.1,66,,0.4,,2.1,êºñkêº,,1.0e-50,
2022/1/19 8:00,0.2,67,,0.3,,2.1,êºñkêº,,0.01,
2022/1/19 9:00,1.2,59,,0.2,,2.9,êºñkêº,,0.01,
2022/1/19 10:00,2.1,56,,0.1,,3.6,ñkêº,,0.01,
2022/1/19 11:00,3.0,50,,0.1,,3.8,ñkêº,,0.01,
2022/1/19 12:00,2.7,53,,0.1,,3.7,ñkêº,,0.01,
2022/1/19 13:00,3.2,48,,0.0,,3.9,ñkêº,,0.01,
2022/1/19 14:00,3.4,47,,0.0,,3.8,ñkñkêº,,0.01,
2022/1/19 15:00,3.4,49,,0.0,,3.3,ñkêº,,0.01,
2022/1/19 16:00,3.0,52,,0.0,,2.8,ñkñkêº,,0.01,
2022/1/19 17:00,2.6,56,,0.0,,2.5,ñkñkêº,,0.01,
2022/1/19 18:00,2.0,58,,0.0,,1.8,ñkêº,,0.01,
2022/1/19 19:00,1.3,63,,0.0,,1.3,êºñkêº,,1.0e-50,
2022/1/19 20:00,0.6,67,,0.0,,1.1,êºñkêº,,1.0e-50,
2022/1/19 21:00,0.1,70,,0.0,,1.3,êºñkêº,,1.0e-50,
2022/1/19 22:00,-0.3,72,,0.0,,0.9,êºñkêº,,1.0e-50,
2022/1/19 23:00,-0.6,74,,0.0,,0.8,êºìÏêº,,1.0e-50,
2022/1/20 0:00,-0.8,74,,0.0,,0.6,êºìÏêº,,1.0e-50,
2022/1/20 1:00,-1.3,76,,0.0,,0.6,ìÏìÏêº,,1.0e-50,
2022/1/20 2:00,-1.6,78,,0.0,,0.5,ìÏìÏìå,,1.0e-50,
2022/1/20 3:00,-1.6,77,,0.0,,0.8,ìÏìÏêº,,1.0e-50,
2022/1/20 4:00,-1.7,76,,0.0,,0.6,ìÏìÏêº,,1.0e-50,
2022/1/20 5:00,-1.9,78,,0.0,,0.3,ìÏìÏêº,,1.0e-50,
2022/1/20 6:00,-2.1,78,,0.0,,0.7,ìÏìÏêº,,1.0e-50,
2022/1/20 7:00,-2.4,78,,0.0,,0.4,ìÏêº,,1.0e-50,
2022/1/20 8:00,-1.6,72,,0.0,,0.4,êºñkêº,,0.01,
2022/1/20 9:00,0.1,63,,0.0,,0.4,ìÏìÏêº,,0.01,
2022/1/20 10:00,2.2,52,,0.0,,1.6,ìÏìÏêº,,0.01,
2022/1/20 11:00,3.9,45,,0.0,,2.3,ìÏìÏêº,,0.01,
2022/1/20 12:00,5.5,44,,0.0,,2.5,ìÏêº,,0.01,
2022/1/20 13:00,6.4,44,,0.0,,2.6,ìÏìÏêº,,0.01,
2022/1/20 14:00,6.9,45,,0.0,,2.3,ìÏêº,,0.01,
2022/1/20 15:00,7.4,44,,0.0,,1.8,ìÏìÏêº,,0.01,
2022/1/20 16:00,7.5,45,,0.0,,1.5,ìÏìÏêº,,0.01,
2022/1/20 17:00,6.7,52,,0.0,,0.8,ìÏìÏìå,,0.01,
2022/1/20 18:00,5.9,59,,0.1,,1.1,ìå,,0.01,
2022/1/20 19:00,5.5,63,,0.1,,1.1,ñkìå,,1.0e-50,
2022/1/20 20:00,5.4,69,,0.3,,1.5,ñkñkêº,,1.0e-50,
2022/1/20 21:00,4.9,79,,0.7,,0.6,ìÏìå,,1.0e-50,
2022/1/20 22:00,5.0,80,,0.4,,1.3,ìÏìÏêº,,1.0e-50,
2022/1/20 23:00,5.0,83,,0.0,,1.1,ìÏêº,,1.0e-50,
2022/1/21 0:00,4.9,86,,0.0,,1.1,êº,,1.0e-50,
2022/1/21 1:00,4.5,85,,0.0,,1.1,êº,,1.0e-50,
2022/1/21 2:00,4.2,81,,0.0,,1.0,êº,,1.0e-50,
2022/1/21 3:00,3.3,82,,0.0,,1.1,êº,,1.0e-50,
2022/1/21 4:00,2.3,81,,0.0,,1.0,êº,,1.0e-50,
2022/1/21 5:00,1.7,79,,0.0,,0.9,êº,,1.0e-50,
2022/1/21 6:00,1.3,81,,0.0,,1.0,êº,,1.0e-50,
2022/1/21 7:00,0.9,80,,0.0,,0.9,êºìÏêº,,1.0e-50,
2022/1/21 8:00,1.4,77,,0.0,,0.7,ìÏìÏêº,,0.01,
2022/1/21 9:00,2.8,73,,0.0,,0.8,ìÏêº,,0.01,
2022/1/21 10:00,5.1,57,,0.0,,1.9,êº,,0.01,
2022/1/21 11:00,6.7,50,,0.0,,2.7,êº,,0.01,
2022/1/21 12:00,7.2,47,,0.0,,3.0,êºñkêº,,0.01,
2022/1/21 13:00,7.5,46,,0.0,,3.2,êºñkêº,,0.01,
2022/1/21 14:00,7.7,45,,0.0,,3.2,ñkêº,,0.01,
2022/1/21 15:00,6.8,51,,0.0,,3.1,êºñkêº,,0.01,
2022/1/21 16:00,6.2,55,,0.1,,2.4,êºñkêº,,0.01,
2022/1/21 17:00,5.8,53,,0.0,,1.5,êºñkêº,,0.01,
2022/1/21 18:00,5.0,60,,0.0,,1.3,êº,,0.01,
2022/1/21 19:00,3.9,65,,0.0,,0.9,êº,,1.0e-50,
2022/1/21 20:00,2.9,69,,0.0,,0.8,êº,,1.0e-50,
2022/1/21 21:00,2.5,72,,0.0,,0.6,êº,,1.0e-50,
2022/1/21 22:00,2.2,71,,0.0,,0.9,êº,,1.0e-50,
2022/1/21 23:00,2.0,69,,0.0,,1.1,êºñkêº,,1.0e-50,
2022/1/22 0:00,2.3,65,,0.0,,1.5,ñkêº,,1.0e-50,
2022/1/22 1:00,2.0,71,,0.0,,1.2,ñkêº,,1.0e-50,
2022/1/22 2:00,2.0,74,,0.0,,1.0,ñkêº,,1.0e-50,
2022/1/22 3:00,1.0,79,,0.0,,1.0,êºñkêº,,1.0e-50,
2022/1/22 4:00,0.6,82,,0.0,,1.3,ñkêº,,1.0e-50,
2022/1/22 5:00,0.5,85,,0.4,,0.5,êºñkêº,,1.0e-50,
2022/1/22 6:00,0.1,86,,0.0,,0.6,êº,,1.0e-50,
2022/1/22 7:00,-0.4,89,,0.0,,0.6,êºìÏêº,,1.0e-50,
2022/1/22 8:00,0.3,83,,0.0,,1.1,êº,,0.01,
2022/1/22 9:00,2.2,72,,0.0,,1.7,êº,,0.01,
2022/1/22 10:00,3.9,54,,0.0,,3.1,ñkêº,,0.01,
2022/1/22 11:00,4.8,46,,0.0,,3.5,ñkêº,,0.01,
2022/1/22 12:00,5.0,41,,0.0,,3.7,ñkêº,,0.01,
2022/1/22 13:00,5.3,37,,0.0,,3.8,ñkêº,,0.01,
2022/1/22 14:00,5.4,37,,0.0,,3.8,ñkêº,,0.01,
2022/1/22 15:00,4.8,41,,0.0,,3.7,ñkêº,,0.01,
2022/1/22 16:00,4.4,45,,0.0,,3.2,ñkêº,,0.01,
2022/1/22 17:00,3.7,49,,0.0,,2.2,ñkêº,,0.01,
2022/1/22 18:00,2.9,54,,0.0,,1.2,êºñkêº,,0.01,
2022/1/22 19:00,2.0,58,,0.0,,1.0,êº,,1.0e-50,
2022/1/22 20:00,1.4,62,,0.0,,0.9,êº,,1.0e-50,
2022/1/22 21:00,0.8,69,,0.0,,1.0,êºñkêº,,1.0e-50,
2022/1/22 22:00,0.4,73,,0.0,,1.2,êºñkêº,,1.0e-50,
2022/1/22 23:00,0.2,77,,0.0,,1.0,êºñkêº,,1.0e-50,
2022/1/23 0:00,-0.0,79,,0.0,,1.2,ñkêº,,1.0e-50,
2022/1/23 1:00,-0.2,80,,0.0,,1.1,êºñkêº,,1.0e-50,
2022/1/23 2:00,-0.2,81,,0.0,,1.1,êº,,1.0e-50,
2022/1/23 3:00,-0.1,77,,0.0,,1.0,êº,,1.0e-50,
2022/1/23 4:00,-0.1,77,,0.0,,1.0,êº,,1.0e-50,
2022/1/23 5:00,-0.3,78,,0.0,,0.8,êº,,1.0e-50,
2022/1/23 6:00,-1.1,83,,0.0,,0.5,êºñkêº,,1.0e-50,
2022/1/23 7:00,-1.4,85,,0.0,,0.6,êº,,1.0e-50,
2022/1/23 8:00,-0.6,81,,0.0,,0.7,êºìÏêº,,0.01,
2022/1/23 9:00,1.4,73,,0.0,,0.9,êº,,0.01,
2022/1/23 10:00,3.9,67,,0.0,,1.4,êºñkêº,,0.01,
2022/1/23 11:00,5.9,59,,0.0,,1.3,ñkêº,,0.01,
2022/1/23 12:00,7.0,52,,0.0,,1.5,ñkêº,,0.01,
2022/1/23 13:00,8.2,46,,0.0,,2.8,ñkñkêº,,0.01,
2022/1/23 14:00,8.4,44,,0.0,,2.9,ñkñkêº,,0.01,
2022/1/23 15:00,8.2,44,,0.0,,3.0,ñkñkêº,,0.01,
2022/1/23 16:00,7.5,47,,0.0,,2.6,ñkñkêº,,0.01,
2022/1/23 17:00,6.4,51,,0.0,,1.8,ñkñkêº,,0.01,
2022/1/23 18:00,4.6,57,,0.0,,1.1,ñk,,0.01,
2022/1/23 19:00,3.3,63,,0.0,,0.8,ñkñkêº,,1.0e-50,
2022/1/23 20:00,2.3,67,,0.0,,0.5,ñk,,1.0e-50,
2022/1/23 21:00,1.8,69,,0.0,,0.6,ñkñkìå,,1.0e-50,
2022/1/23 22:00,1.1,70,,0.0,,0.4,ñkñkêº,,1.0e-50,
2022/1/23 23:00,0.5,71,,0.0,,0.2,ñkñkìå,,1.0e-50,
2022/1/24 0:00,0.3,60,,0.0,,0.8,ñk,,1.0e-50,
2022/1/24 1:00,-0.3,61,,0.0,,0.4,ñk,,1.0e-50,
2022/1/24 2:00,-0.6,65,,0.0,,0.3,êºñkêº,,1.0e-50,
2022/1/24 3:00,-1.0,67,,0.0,,0.3,ñkêº,,1.0e-50,
2022/1/24 4:00,-1.4,70,,0.0,,0.1,ñk,,1.0e-50,
2022/1/24 5:00,-1.7,70,,0.0,,0.3,ñk,,1.0e-50,
2022/1/24 6:00,-1.1,65,,0.0,,1.0,ñk,,1.0e-50,
2022/1/24 7:00,-1.1,63,,0.0,,1.2,ñkñkêº,,1.0e-50,
2022/1/24 8:00,-0.7,64,,0.0,,0.7,ñkñkêº,,0.01,
2022/1/24 9:00,2.5,54,,0.0,,0.8,ñkñkìå,,0.01,
2022/1/24 10:00,4.9,40,,0.0,,0.8,ìÏêº,,0.01,
2022/1/24 11:00,7.0,38,,0.0,,1.8,ìÏìÏêº,,0.01,
2022/1/24 12:00,8.6,43,,0.0,,2.6,ìÏêº,,0.01,
2022/1/24 13:00,10.0,43,,0.0,,3.0,ìÏêº,,0.01,
2022/1/24 14:00,10.7,49,,0.0,,3.2,ìÏêº,,0.01,
2022/1/24 15:00,11.0,47,,0.0,,2.8,ìÏêº,,0.01,
2022/1/24 16:00,11.0,46,,0.0,,2.2,ìÏêº,,0.01,
2022/1/24 17:00,9.6,53,,0.0,,1.7,ìÏìÏêº,,0.01,
2022/1/24 18:00,7.5,66,,0.0,,1.2,ìÏêº,,0.01,
2022/1/24 19:00,5.9,71,,0.0,,0.9,êºñkêº,,1.0e-50,
2022/1/24 20:00,5.0,71,,0.0,,0.8,ñkñkêº,,1.0e-50,
2022/1/24 21:00,4.0,75,,0.0,,0.2,ñkñkêº,,1.0e-50,
2022/1/24 22:00,3.8,80,,0.0,,0.6,ìÏ,,1.0e-50,
2022/1/24 23:00,3.1,85,,0.0,,0.2,ìÏêº,,1.0e-50,
2022/1/25 0:00,2.9,83,,0.0,,0.7,ñkñkêº,,1.0e-50,
2022/1/25 1:00,2.6,89,,0.0,,0.6,ñk,,1.0e-50,
2022/1/25 2:00,2.8,88,,0.0,,1.2,ñkñkêº,,1.0e-50,
2022/1/25 3:00,2.1,92,,0.0,,0.4,ñkêº,,1.0e-50,
2022/1/25 4:00,2.3,89,,0.0,,1.0,ñkêº,,1.0e-50,
2022/1/25 5:00,2.0,91,,0.0,,0.8,ñkêº,,1.0e-50,
2022/1/25 6:00,1.8,91,,0.0,,0.7,ñkêº,,1.0e-50,
2022/1/25 7:00,1.5,92,,0.0,,0.4,êºñkêº,,1.0e-50,
2022/1/25 8:00,2.3,90,,0.0,,0.5,ñkñkêº,,0.01,
2022/1/25 9:00,5.4,75,,0.0,,0.6,ñkñkêº,,0.01,
2022/1/25 10:00,8.0,65,,0.0,,0.5,ìÏìÏêº,,0.01,
2022/1/25 11:00,10.1,60,,0.0,,1.4,ìÏêº,,0.01,
2022/1/25 12:00,11.9,55,,0.0,,2.0,ìÏìÏêº,,0.01,
2022/1/25 13:00,13.1,50,,0.0,,2.3,ìÏêº,,0.01,
2022/1/25 14:00,13.6,43,,0.0,,2.3,ìÏìÏêº,,0.01,
2022/1/25 15:00,13.7,39,,0.0,,1.9,ìÏìÏêº,,0.01,
2022/1/25 16:00,13.1,41,,0.0,,0.8,ìÏìÏêº,,0.01,
2022/1/25 17:00,11.8,45,,0.0,,1.2,ìåìÏìå,,0.01,
2022/1/25 18:00,10.6,51,,0.0,,1.2,ñkìå,,0.01,
2022/1/25 19:00,9.7,53,,0.0,,0.9,ìåñkìå,,1.0e-50,
2022/1/25 20:00,9.0,56,,0.0,,0.6,ìÏìÏìå,,1.0e-50,
2022/1/25 21:00,9.3,56,,0.2,,1.4,ìÏ,,1.0e-50,
2022/1/25 22:00,8.4,66,,0.2,,0.6,ìÏêº,,1.0e-50,
2022/1/25 23:00,8.0,75,,1.1,,0.5,ìÏìå,,1.0e-50,
2022/1/26 0:00,7.7,84,,0.4,,0.5,ìå,,1.0e-50,
2022/1/26 1:00,7.4,91,,0.0,,0.7,êºñkêº,,1.0e-50,
2022/1/26 2:00,7.8,92,,0.0,,1.2,ìÏêº,,1.0e-50,
2022/1/26 3:00,7.6,91,,0.1,,1.4,ìÏêº,,1.0e-50,
2022/1/26 4:00,6.8,93,,0.0,,0.9,ìÏêº,,1.0e-50,
2022/1/26 5:00,6.3,92,,0.0,,1.3,êº,,1.0e-50,
2022/1/26 6:00,6.8,87,,0.0,,1.8,ñkêº,,1.0e-50,
2022/1/26 7:00,7.0,85,,0.0,,2.1,ñkêº,,1.0e-50,
2022/1/26 8:00,7.2,80,,0.0,,2.0,ñkêº,,0.01,
2022/1/26 9:00,8.3,70,,0.0,,2.4,ñkêº,,0.01,
2022/1/26 10:00,9.0,60,,0.0,,4.0,ñkñkêº,,0.01,
2022/1/26 11:00,8.4,56,,0.0,,4.9,ñkñkêº,,0.01,
2022/1/26 12:00,8.3,51,,0.0,,4.2,ñkñkêº,,0.01,
2022/1/26 13:00,8.2,51,,0.0,,4.5,ñkñkêº,,0.01,
2022/1/26 14:00,7.0,53,,0.1,,5.3,ñkñkêº,,0.01,
2022/1/26 15:00,6.4,54,,0.1,,4.6,ñkñkêº,,0.01,
2022/1/26 16:00,5.5,57,,0.1,,4.4,ñkñkêº,,0.01,
2022/1/26 17:00,4.5,59,,0.1,,3.9,ñkñkêº,,0.01,
2022/1/26 18:00,3.5,63,,0.1,,2.8,ñkñkêº,,0.01,
2022/1/26 19:00,3.2,62,,0.1,,2.9,ñkñkêº,,1.0e-50,
2022/1/26 20:00,2.6,58,,0.0,,2.7,ñkñkêº,,1.0e-50,
2022/1/26 21:00,1.9,53,,0.0,,2.6,ñkñkêº,,1.0e-50,
2022/1/26 22:00,1.5,52,,0.0,,1.8,ñkêº,,1.0e-50,
2022/1/26 23:00,1.4,55,,0.0,,2.0,ñkñkêº,,1.0e-50,
2022/1/27 0:00,0.8,54,,0.0,,1.6,ñkêº,,1.0e-50,
2022/1/27 1:00,0.5,56,,0.0,,1.6,ñkêº,,1.0e-50,
2022/1/27 2:00,0.3,58,,0.0,,1.5,ñkñkêº,,1.0e-50,
2022/1/27 3:00,-0.1,62,,0.0,,1.2,ñkêº,,1.0e-50,
2022/1/27 4:00,-0.6,65,,0.0,,1.0,ñkêº,,1.0e-50,
2022/1/27 5:00,-1.0,66,,0.0,,1.2,ñkñkêº,,1.0e-50,
2022/1/27 6:00,-1.3,68,,0.0,,1.1,ñk,,1.0e-50,
2022/1/27 7:00,-2.0,71,,0.0,,0.7,ñk,,1.0e-50,
2022/1/27 8:00,-1.3,69,,0.0,,0.5,ìåñkìå,,0.01,
2022/1/27 9:00,0.3,61,,0.0,,0.4,ñk,,0.01,
2022/1/27 10:00,2.2,54,,0.0,,0.7,ñkñkìå,,0.01,
2022/1/27 11:00,4.0,46,,0.0,,0.7,ñkñkìå,,0.01,
2022/1/27 12:00,5.3,39,,0.0,,0.7,ñkñkìå,,0.01,
2022/1/27 13:00,6.3,34,,0.0,,0.4,êºìÏêº,,0.01,
2022/1/27 14:00,7.3,31,,0.0,,0.9,êºìÏêº,,0.01,
2022/1/27 15:00,7.5,32,,0.0,,0.9,ìÏêº,,0.01,
2022/1/27 16:00,7.6,32,,0.0,,1.1,ìÏêº,,0.01,
2022/1/27 17:00,6.8,37,,0.0,,1.3,ìÏìÏêº,,0.01,
2022/1/27 18:00,4.3,51,,0.0,,0.5,ìÏìÏìå,,0.01,
2022/1/27 19:00,3.3,54,,0.0,,0.6,ìÏìÏìå,,1.0e-50,
2022/1/27 20:00,2.4,57,,0.0,,0.4,ìÏ,,1.0e-50,
2022/1/27 21:00,1.6,62,,0.0,,0.1,êºñkêº,,1.0e-50,
2022/1/27 22:00,0.9,65,,0.0,,0.2,êº,,1.0e-50,
2022/1/27 23:00,0.3,68,,0.0,,0.4,êºñkêº,,1.0e-50,
2022/1/28 0:00,-0.0,70,,0.0,,0.5,êº,,1.0e-50,
2022/1/28 1:00,-0.7,71,,0.0,,0.4,ìÏ,,1.0e-50,
2022/1/28 2:00,-1.0,73,,0.0,,0.4,ñk,,1.0e-50,
2022/1/28 3:00,-1.0,79,,0.0,,0.8,ñkêº,,1.0e-50,
2022/1/28 4:00,-1.0,81,,0.0,,1.0,ñkñkêº,,1.0e-50,
2022/1/28 5:00,-1.5,85,,0.0,,0.4,ñkñkêº,,1.0e-50,
2022/1/28 6:00,-2.0,84,,0.0,,0.2,ìÏêº,,1.0e-50,
2022/1/28 7:00,-1.2,87,,0.0,,1.3,êºñkêº,,1.0e-50,
2022/1/28 8:00,-0.5,85,,0.0,,1.0,ñkêº,,0.01,
2022/1/28 9:00,2.4,70,,0.0,,0.3,êºñkêº,,0.01,
2022/1/28 10:00,5.1,62,,0.0,,1.6,ìÏêº,,0.01,
2022/1/28 11:00,7.5,56,,0.0,,2.6,ìÏêº,,0.01,
2022/1/28 12:00,9.2,50,,0.0,,3.3,ìÏêº,,0.01,
2022/1/28 13:00,10.4,40,,0.0,,3.3,ìÏêº,,0.01,
2022/1/28 14:00,10.7,39,,0.0,,3.3,êºìÏêº,,0.01,
2022/1/28 15:00,10.4,46,,0.0,,2.9,êºìÏêº,,0.01,
2022/1/28 16:00,10.1,51,,0.0,,2.4,êºìÏêº,,0.01,
2022/1/28 17:00,9.3,56,,0.0,,1.8,ìÏêº,,0.01,
2022/1/28 18:00,8.0,68,,0.1,,1.2,ìÏêº,,0.01,
2022/1/28 19:00,7.5,72,,0.1,,1.2,êºñkêº,,1.0e-50,
2022/1/28 20:00,7.2,74,,0.1,,1.2,êºñkêº,,1.0e-50,
2022/1/28 21:00,6.6,78,,0.0,,0.9,êºìÏêº,,1.0e-50,
2022/1/28 22:00,6.2,78,,0.0,,1.4,êº,,1.0e-50,
2022/1/28 23:00,5.9,79,,0.0,,1.3,êºñkêº,,1.0e-50,
2022/1/29 0:00,5.1,82,,0.0,,1.5,ñkêº,,1.0e-50,
2022/1/29 1:00,4.6,86,,0.0,,1.5,ñkêº,,1.0e-50,
2022/1/29 2:00,4.2,86,,0.0,,1.4,ñkêº,,1.0e-50,
2022/1/29 3:00,3.8,84,,0.0,,1.7,ñkêº,,1.0e-50,
2022/1/29 4:00,3.2,83,,0.0,,1.6,ñkñkêº,,1.0e-50,
2022/1/29 5:00,2.6,80,,0.0,,1.5,ñkñkêº,,1.0e-50,
2022/1/29 6:00,1.8,82,,0.0,,1.2,ñk,,1.0e-50,
2022/1/29 7:00,1.3,82,,0.0,,1.1,ñkñkìå,,1.0e-50,
2022/1/29 8:00,2.0,77,,0.0,,1.2,ñkñkìå,,0.01,
2022/1/29 9:00,3.9,70,,0.0,,0.6,ñkìå,,0.01,
2022/1/29 10:00,6.3,55,,0.0,,1.1,ñkìå,,0.01,
2022/1/29 11:00,7.7,46,,0.0,,0.1,ñkìå,,0.01,
2022/1/29 12:00,8.7,43,,0.0,,0.3,êº,,0.01,
2022/1/29 13:00,10.1,37,,0.0,,1.4,ìÏêº,,0.01,
2022/1/29 14:00,11.1,33,,0.0,,1.7,ìÏêº,,0.01,
2022/1/29 15:00,11.4,34,,0.0,,1.6,ìÏìÏêº,,0.01,
2022/1/29 16:00,11.4,34,,0.0,,1.8,ìÏìÏêº,,0.01,
2022/1/29 17:00,10.1,39,,0.0,,1.3,ìÏìÏêº,,0.01,
2022/1/29 18:00,7.7,52,,0.0,,1.0,êºìÏêº,,0.01,
2022/1/29 19:00,6.2,58,,0.0,,0.4,êºñkêº,,1.0e-50,
2022/1/29 20:00,5.3,59,,0.0,,0.2,ìÏìÏìå,,1.0e-50,
2022/1/29 21:00,4.4,59,,0.0,,0.4,ñkñkìå,,1.0e-50,
2022/1/29 22:00,3.4,63,,0.0,,0.3,êºìÏêº,,1.0e-50,
2022/1/29 23:00,2.8,64,,0.0,,0.2,ìÏìå,,1.0e-50,
2022/1/30 0:00,2.9,59,,0.0,,0.8,ñkìå,,1.0e-50,
2022/1/30 1:00,2.7,59,,0.0,,0.8,ñkìå,,1.0e-50,
2022/1/30 2:00,2.8,55,,0.0,,0.9,ñkìå,,1.0e-50,
2022/1/30 3:00,3.4,51,,0.0,,1.4,ñkìå,,1.0e-50,
2022/1/30 4:00,3.9,49,,0.0,,1.8,ìåñkìå,,1.0e-50,
2022/1/30 5:00,4.3,55,,0.0,,1.7,ñkìå,,1.0e-50,
2022/1/30 6:00,4.3,58,,0.0,,1.5,ìåñkìå,,1.0e-50,
2022/1/30 7:00,4.5,58,,0.0,,1.4,ñkìå,,1.0e-50,
2022/1/30 8:00,5.1,54,,0.2,,1.7,ñkìå,,0.01,
2022/1/30 9:00,5.2,70,,0.8,,1.7,ñkìå,,0.01,
2022/1/30 10:00,5.7,79,,1.7,,1.5,ñkìå,,0.01,
2022/1/30 11:00,6.4,84,,2.4,,1.3,ñkìå,,0.01,
2022/1/30 12:00,7.1,85,,1.6,,1.3,ñkìå,,0.01,
2022/1/30 13:00,7.8,84,,0.6,,1.2,ñkñkìå,,0.01,
2022/1/30 14:00,9.4,80,,0.0,,0.4,ìÏ,,0.01,
2022/1/30 15:00,10.9,76,,0.0,,0.8,ìÏìÏêº,,0.01,
2022/1/30 16:00,10.8,80,,0.0,,0.7,ìÏêº,,0.01,
2022/1/30 17:00,10.3,84,,0.0,,1.3,ìÏìÏêº,,0.01,
2022/1/30 18:00,9.0,90,,0.0,,1.4,ìÏìÏêº,,0.01,
2022/1/30 19:00,9.1,92,,0.0,,2.0,ìÏìÏêº,,1.0e-50,
2022/1/30 20:00,9.1,94,,0.0,,1.9,ìÏìÏêº,,1.0e-50,
2022/1/30 21:00,7.8,96,,0.0,,1.6,ìÏìÏêº,,1.0e-50,
2022/1/30 22:00,8.5,95,,0.0,,1.8,ìÏìÏêº,,1.0e-50,
2022/1/30 23:00,9.2,95,,0.0,,1.8,êºìÏêº,,1.0e-50,
2022/1/31 0:00,9.1,95,,0.1,,1.6,êºìÏêº,,1.0e-50,
2022/1/31 1:00,8.6,94,,0.0,,1.7,ìÏêº,,1.0e-50,
2022/1/31 2:00,8.3,93,,0.0,,1.8,êºìÏêº,,1.0e-50,
2022/1/31 3:00,8.4,79,,0.0,,2.1,êºñkêº,,1.0e-50,
2022/1/31 4:00,7.6,69,,0.0,,1.8,êºñkêº,,1.0e-50,
2022/1/31 5:00,5.8,74,,0.0,,1.2,êº,,1.0e-50,
2022/1/31 6:00,5.2,78,,0.0,,1.4,êº,,1.0e-50,
2022/1/31 7:00,4.5,80,,0.0,,1.0,êºìÏêº,,1.0e-50,
2022/1/31 8:00,5.5,72,,0.0,,1.5,ìÏêº,,0.01,
2022/1/31 9:00,7.5,66,,0.0,,1.2,êº,,0.01,
2022/1/31 10:00,9.7,48,,0.0,,3.1,êºñkêº,,0.01,
2022/1/31 11:00,10.4,39,,0.0,,3.7,ñkêº,,0.01,
2022/1/31 12:00,11.1,34,,0.0,,3.8,ñkêº,,0.01,
2022/1/31 13:00,11.7,31,,0.0,,3.7,ñkêº,,0.01,
2022/1/31 14:00,12.2,29,,0.0,,3.6,ñkêº,,0.01,
2022/1/31 15:00,12.0,29,,0.0,,3.5,ñkêº,,0.01,
2022/1/31 16:00,11.6,30,,0.0,,3.1,ñkêº,,0.01,
2022/1/31 17:00,10.2,35,,0.0,,2.1,ñkñkêº,,0.01,
2022/1/31 18:00,8.5,43,,0.0,,2.0,ñk,,0.01,
2022/1/31 19:00,6.7,54,,0.0,,1.6,ñk,,1.0e-50,
2022/1/31 20:00,5.2,61,,0.0,,1.1,ñk,,1.0e-50,
2022/1/31 21:00,3.9,67,,0.0,,0.8,ñk,,1.0e-50,
2022/1/31 22:00,2.8,71,,0.0,,0.4,ñkñkìå,,1.0e-50,
2022/1/31 23:00,2.1,75,,0.0,,0.4,ìå,,1.0e-50,
2022/2/1 0:00,1.3,76,,0.0,,0.3,ñkìå,,1.0e-50,
2022/2/1 1:00,0.6,77,,0.0,,0.2,ñkìå,,1.0e-50,
2022/2/1 2:00,0.2,76,,0.0,,0.3,ìåñkìå,,1.0e-50,
2022/2/1 3:00,-0.0,73,,0.0,,0.2,ñkñkìå,,1.0e-50,
2022/2/1 4:00,-0.4,72,,0.0,,0.4,ìÏ,,1.0e-50,
2022/2/1 5:00,-0.8,73,,0.0,,0.8,ìÏìÏêº,,1.0e-50,
2022/2/1 6:00,-1.9,73,,0.0,,0.5,ìÏêº,,1.0e-50,
2022/2/1 7:00,-2.0,72,,0.0,,0.6,êºìÏêº,,1.0e-50,
2022/2/1 8:00,-1.1,68,,0.0,,0.4,ìÏìÏêº,,0.01,
2022/2/1 9:00,1.2,57,,0.0,,0.6,ìÏìÏêº,,0.01,
2022/2/1 10:00,3.6,49,,0.0,,1.8,ìÏêº,,0.01,
2022/2/1 11:00,5.7,47,,0.0,,2.3,ìÏêº,,0.01,
2022/2/1 12:00,6.4,49,,0.0,,2.5,ìÏêº,,0.01,
2022/2/1 13:00,7.4,53,,0.0,,2.9,êºìÏêº,,0.01,
2022/2/1 14:00,7.6,58,,0.0,,3.1,êºìÏêº,,0.01,
2022/2/1 15:00,6.9,59,,0.0,,2.9,êº,,0.01,
2022/2/1 16:00,7.2,57,,0.0,,2.5,êº,,0.01,
2022/2/1 17:00,6.8,63,,0.1,,2.1,êºñkêº,,0.01,
2022/2/1 18:00,6.0,66,,0.0,,1.7,êº,,0.01,
2022/2/1 19:00,5.3,68,,0.0,,2.0,êºñkêº,,1.0e-50,
2022/2/1 20:00,4.8,66,,0.0,,2.1,êºñkêº,,1.0e-50,
2022/2/1 21:00,4.0,66,,0.0,,1.9,êº,,1.0e-50,
2022/2/1 22:00,3.5,72,,0.2,,2.5,êºñkêº,,1.0e-50,
2022/2/1 23:00,3.3,74,,0.2,,2.2,êºñkêº,,1.0e-50,
2022/2/2 0:00,2.8,70,,0.2,,2.3,ñkêº,,1.0e-50,
2022/2/2 1:00,2.4,68,,0.1,,2.0,ñkêº,,1.0e-50,
2022/2/2 2:00,2.1,65,,0.1,,1.6,ñkêº,,1.0e-50,
2022/2/2 3:00,1.5,72,,0.0,,1.4,êºñkêº,,1.0e-50,
2022/2/2 4:00,1.1,73,,0.0,,1.3,êº,,1.0e-50,
2022/2/2 5:00,0.7,74,,0.0,,1.2,êº,,1.0e-50,
2022/2/2 6:00,0.3,79,,0.0,,1.5,êºìÏêº,,1.0e-50,
2022/2/2 7:00,0.1,79,,0.0,,1.5,êºìÏêº,,1.0e-50,
2022/2/2 8:00,0.5,76,,0.0,,1.4,êºìÏêº,,0.01,
2022/2/2 9:00,2.3,68,,0.0,,2.3,êºñkêº,,0.01,
2022/2/2 10:00,3.6,58,,0.0,,3.0,êºñkêº,,0.01,
2022/2/2 11:00,4.7,52,,0.0,,3.1,êºñkêº,,0.01,
2022/2/2 12:00,5.7,50,,0.0,,3.2,êºñkêº,,0.01,
2022/2/2 13:00,6.1,51,,0.0,,3.3,ñkêº,,0.01,
2022/2/2 14:00,6.8,48,,0.0,,3.5,ñkêº,,0.01,
2022/2/2 15:00,6.7,51,,0.0,,3.2,êºñkêº,,0.01,
2022/2/2 16:00,6.6,52,,0.0,,3.0,êºñkêº,,0.01,
2022/2/2 17:00,5.9,59,,0.0,,1.9,êºñkêº,,0.01,
2022/2/2 18:00,5.0,65,,0.0,,1.2,êºìÏêº,,0.01,
2022/2/2 19:00,4.2,69,,0.0,,1.1,ìÏêº,,1.0e-50,
2022/2/2 20:00,3.8,68,,0.0,,1.2,ìÏêº,,1.0e-50,
2022/2/2 21:00,4.1,63,,0.0,,1.4,êº,,1.0e-50,
2022/2/2 22:00,4.0,62,,0.0,,1.6,êºìÏêº,,1.0e-50,
2022/2/2 23:00,3.6,63,,0.0,,1.4,ìÏêº,,1.0e-50,
2022/2/3 0:00,3.0,66,,0.0,,1.4,êºìÏêº,,1.0e-50,
2022/2/3 1:00,2.3,70,,0.0,,1.0,êºìÏêº,,1.0e-50,
2022/2/3 2:00,2.0,72,,0.0,,1.1,ìÏêº,,1.0e-50,
2022/2/3 3:00,1.4,77,,0.0,,0.9,êº,,1.0e-50,
2022/2/3 4:00,0.8,80,,0.0,,1.1,êºìÏêº,,1.0e-50,
2022/2/3 5:00,0.1,85,,0.0,,0.7,êº,,1.0e-50,
2022/2/3 6:00,0.5,85,,0.0,,0.8,êº,,1.0e-50,
2022/2/3 7:00,0.7,84,,0.0,,1.1,êºìÏêº,,1.0e-50,
2022/2/3 8:00,1.2,83,,0.0,,0.7,êº,,0.01,
2022/2/3 9:00,3.6,72,,0.0,,0.7,êºñkêº,,0.01,
2022/2/3 10:00,6.5,61,,0.0,,1.7,ñkêº,,0.01,
2022/2/3 11:00,8.6,49,,0.0,,2.6,ñkñkêº,,0.01,
2022/2/3 12:00,9.3,44,,0.0,,3.0,ñkñkêº,,0.01,
2022/2/3 13:00,9.5,42,,0.0,,3.2,ñkñkêº,,0.01,
2022/2/3 14:00,9.5,43,,0.0,,3.1,ñkñkêº,,0.01,
2022/2/3 15:00,9.3,45,,0.0,,3.1,ñkñkêº,,0.01,
2022/2/3 16:00,8.8,47,,0.0,,2.8,ñkñkêº,,0.01,
2022/2/3 17:00,7.9,50,,0.0,,2.0,ñkñkêº,,0.01,
2022/2/3 18:00,6.8,57,,0.0,,1.4,ñk,,0.01,
2022/2/3 19:00,5.5,63,,0.0,,1.2,ñk,,1.0e-50,
2022/2/3 20:00,4.5,66,,0.0,,1.2,ñk,,1.0e-50,
2022/2/3 21:00,3.9,67,,0.0,,1.3,ñk,,1.0e-50,
2022/2/3 22:00,3.3,69,,0.0,,1.1,ñkñkêº,,1.0e-50,
2022/2/3 23:00,2.6,73,,0.0,,1.0,ñkñkêº,,1.0e-50,
2022/2/4 0:00,2.0,75,,0.0,,1.0,ñkñkêº,,1.0e-50,
2022/2/4 1:00,1.4,79,,0.0,,0.8,ñkêº,,1.0e-50,
2022/2/4 2:00,0.8,83,,0.0,,0.5,ñkñkêº,,1.0e-50,
2022/2/4 3:00,0.9,84,,0.0,,1.2,ñkñkêº,,1.0e-50,
2022/2/4 4:00,0.3,87,,0.0,,0.8,ñkêº,,1.0e-50,
2022/2/4 5:00,-0.3,89,,0.0,,0.6,ñkêº,,1.0e-50,
2022/2/4 6:00,-0.4,91,,0.0,,0.4,ñkêº,,1.0e-50,
2022/2/4 7:00,-0.8,93,,0.0,,0.2,êº,,1.0e-50,
2022/2/4 8:00,0.2,89,,0.0,,0.2,ìÏìÏìå,,0.01,
2022/2/4 9:00,3.2,73,,0.0,,0.4,ìÏìÏìå,,0.01,
2022/2/4 10:00,6.0,63,,0.0,,0.9,ìÏìÏêº,,0.01,
2022/2/4 11:00,8.2,55,,0.0,,1.4,ìÏêº,,0.01,
2022/2/4 12:00,10.0,48,,0.0,,1.3,ìÏêº,,0.01,
2022/2/4 13:00,11.2,42,,0.0,,1.0,êº,,0.01,
2022/2/4 14:00,12.2,37,,0.0,,1.3,ñkêº,,0.01,
2022/2/4 15:00,12.6,34,,0.0,,1.3,ñkêº,,0.01,
2022/2/4 16:00,12.5,34,,0.0,,0.9,êºñkêº,,0.01,
2022/2/4 17:00,10.9,43,,0.0,,0.3,ìÏìÏêº,,0.01,
2022/2/4 18:00,8.7,54,,0.0,,0.7,ìå,,0.01,
2022/2/4 19:00,7.6,61,,0.0,,1.0,ñkìå,,1.0e-50,
2022/2/4 20:00,7.3,61,,0.0,,1.3,ñkìå,,1.0e-50,
2022/2/4 21:00,6.3,66,,0.0,,1.0,ñkìå,,1.0e-50,
2022/2/4 22:00,6.5,66,,0.0,,1.4,ñkìå,,1.0e-50,
2022/2/4 23:00,5.7,68,,0.0,,0.8,ìåñkìå,,1.0e-50,
2022/2/5 0:00,5.1,69,,0.0,,0.4,ñkñkìå,,1.0e-50,
2022/2/5 1:00,5.1,64,,0.0,,0.6,ìåñkìå,,1.0e-50,
2022/2/5 2:00,5.3,61,,0.0,,1.2,ñkìå,,1.0e-50,
2022/2/5 3:00,5.1,62,,0.0,,1.1,ìåñkìå,,1.0e-50,
2022/2/5 4:00,5.2,61,,0.0,,1.3,ñkñkìå,,1.0e-50,
2022/2/5 5:00,5.6,57,,0.0,,1.5,ñkñkìå,,1.0e-50,
2022/2/5 6:00,5.8,58,,0.1,,1.6,ñk,,1.0e-50,
2022/2/5 7:00,5.6,68,,0.7,,1.5,ñkñkìå,,1.0e-50,
2022/2/5 8:00,5.6,76,,1.2,,1.5,ìåñkìå,,0.01,
2022/2/5 9:00,5.3,81,,1.5,,1.3,ìå,,0.01,
2022/2/5 10:00,5.7,83,,2.6,,1.1,ìåñkìå,,0.01,
2022/2/5 11:00,6.1,85,,3.2,,0.9,ìåñkìå,,0.01,
2022/2/5 12:00,6.5,81,,1.4,,1.6,ìåñkìå,,0.01,
2022/2/5 13:00,7.4,79,,0.3,,1.3,ìå,,0.01,
2022/2/5 14:00,8.2,78,,0.1,,1.3,ìåñkìå,,0.01,
2022/2/5 15:00,8.6,79,,0.0,,1.2,ñkìå,,0.01,
2022/2/5 16:00,8.8,81,,0.0,,1.2,ñkìå,,0.01,
2022/2/5 17:00,8.5,84,,0.0,,1.0,ìåñkìå,,0.01,
2022/2/5 18:00,8.5,85,,0.0,,1.2,ìåñkìå,,0.01,
2022/2/5 19:00,7.7,91,,0.0,,0.8,ñkìå,,1.0e-50,
2022/2/5 20:00,6.9,94,,0.1,,0.2,ìåìÏìå,,1.0e-50,
2022/2/5 21:00,7.1,94,,0.0,,0.9,ìÏ,,1.0e-50,
2022/2/5 22:00,6.8,95,,0.0,,1.0,ìÏêº,,1.0e-50,
2022/2/5 23:00,7.2,94,,0.0,,1.4,ìÏêº,,1.0e-50,
2022/2/6 0:00,7.0,93,,0.0,,1.6,êºìÏêº,,1.0e-50,
2022/2/6 1:00,6.8,90,,0.0,,1.7,êºìÏêº,,1.0e-50,
2022/2/6 2:00,6.8,83,,0.0,,2.0,êºìÏêº,,1.0e-50,
2022/2/6 3:00,6.5,77,,0.0,,2.1,êº,,1.0e-50,
2022/2/6 4:00,6.1,74,,0.0,,2.1,êºìÏêº,,1.0e-50,
2022/2/6 5:00,5.4,75,,0.0,,2.2,êºìÏêº,,1.0e-50,
2022/2/6 6:00,5.5,76,,0.0,,2.1,êºìÏêº,,1.0e-50,
2022/2/6 7:00,5.2,69,,0.0,,1.9,êºìÏêº,,1.0e-50,
2022/2/6 8:00,5.4,63,,0.0,,1.9,êºìÏêº,,0.01,
2022/2/6 9:00,6.8,58,,0.0,,3.3,êº,,0.01,
2022/2/6 10:00,7.9,50,,0.0,,4.0,êº,,0.01,
2022/2/6 11:00,8.7,48,,0.0,,4.1,êº,,0.01,
2022/2/6 12:00,8.5,54,,0.1,,4.3,êºñkêº,,0.01,
2022/2/6 13:00,8.0,60,,0.2,,3.9,êºñkêº,,0.01,
2022/2/6 14:00,7.6,62,,0.2,,3.3,êºñkêº,,0.01,
2022/2/6 15:00,7.8,59,,0.3,,3.5,ñkêº,,0.01,
2022/2/6 16:00,6.8,67,,0.4,,3.3,ñkêº,,0.01,
2022/2/6 17:00,5.9,71,,0.4,,3.0,ñkêº,,0.01,
2022/2/6 18:00,5.1,71,,0.6,,2.6,ñkêº,,0.01,
2022/2/6 19:00,4.6,73,,0.8,,2.6,ñkêº,,1.0e-50,
2022/2/6 20:00,4.4,71,,0.4,,2.2,ñkêº,,1.0e-50,
2022/2/6 21:00,3.7,72,,0.0,,2.0,ñkêº,,1.0e-50,
2022/2/6 22:00,3.5,67,,0.0,,1.9,ñkêº,,1.0e-50,
2022/2/6 23:00,3.0,64,,0.0,,1.7,ñkêº,,1.0e-50,
2022/2/7 0:00,2.5,66,,0.1,,1.3,êºìÏêº,,1.0e-50,
2022/2/7 1:00,2.3,67,,0.1,,1.6,êº,,1.0e-50,
2022/2/7 2:00,2.1,61,,0.0,,1.9,êºñkêº,,1.0e-50,
2022/2/7 3:00,1.8,61,,0.0,,1.8,êºñkêº,,1.0e-50,
2022/2/7 4:00,0.8,67,,0.0,,1.0,êºñkêº,,1.0e-50,
2022/2/7 5:00,0.4,68,,0.0,,1.1,ñkêº,,1.0e-50,
2022/2/7 6:00,0.1,71,,0.0,,1.3,êº,,1.0e-50,
2022/2/7 7:00,0.2,72,,0.0,,1.6,êºñkêº,,1.0e-50,
2022/2/7 8:00,1.2,66,,0.0,,1.5,ñkêº,,0.01,
2022/2/7 9:00,3.2,57,,0.0,,2.3,ñkêº,,0.01,
2022/2/7 10:00,4.9,46,,0.0,,3.3,ñkêº,,0.01,
2022/2/7 11:00,6.1,35,,0.0,,4.5,ñkñkêº,,0.01,
2022/2/7 12:00,5.9,38,,0.0,,4.5,ñkñkêº,,0.01,
2022/2/7 13:00,5.7,37,,0.0,,4.7,ñkñkêº,,0.01,
2022/2/7 14:00,5.6,34,,0.0,,4.9,ñkñkêº,,0.01,
2022/2/7 15:00,5.2,36,,0.0,,4.3,ñkñkêº,,0.01,
2022/2/7 16:00,4.6,40,,0.0,,4.1,ñkñkêº,,0.01,
2022/2/7 17:00,3.8,47,,0.0,,3.5,ñkñkêº,,0.01,
2022/2/7 18:00,3.3,52,,0.0,,2.2,ñkêº,,0.01,
2022/2/7 19:00,2.8,54,,0.0,,1.7,ñkêº,,1.0e-50,
2022/2/7 20:00,2.4,55,,0.0,,1.4,êºñkêº,,1.0e-50,
2022/2/7 21:00,2.4,53,,0.0,,1.3,êº,,1.0e-50,
2022/2/7 22:00,2.1,55,,0.0,,1.6,êº,,1.0e-50,
2022/2/7 23:00,1.7,58,,0.0,,1.4,êº,,1.0e-50,
2022/2/8 0:00,1.5,60,,0.0,,1.4,êº,,1.0e-50,
2022/2/8 1:00,1.3,63,,0.0,,1.2,êº,,1.0e-50,
2022/2/8 2:00,1.0,66,,0.0,,1.1,êº,,1.0e-50,
2022/2/8 3:00,0.8,67,,0.0,,1.2,ñkêº,,1.0e-50,
2022/2/8 4:00,0.7,68,,0.0,,1.0,êºñkêº,,1.0e-50,
2022/2/8 5:00,0.4,69,,0.0,,1.2,êº,,1.0e-50,
2022/2/8 6:00,0.2,70,,0.0,,1.1,êºñkêº,,1.0e-50,
2022/2/8 7:00,0.2,70,,0.0,,1.2,êºìÏêº,,1.0e-50,
2022/2/8 8:00,0.8,68,,0.0,,0.8,êºìÏêº,,0.01,
2022/2/8 9:00,2.9,58,,0.0,,1.1,êºñkêº,,0.01,
2022/2/8 10:00,4.9,50,,0.0,,2.0,ñkêº,,0.01,
2022/2/8 11:00,6.1,44,,0.0,,2.6,ñkñkêº,,0.01,
2022/2/8 12:00,6.4,41,,0.0,,2.3,ñkñkêº,,0.01,
2022/2/8 13:00,6.8,40,,0.0,,2.5,ñkñkêº,,0.01,
2022/2/8 14:00,7.0,39,,0.0,,2.4,ñkñkêº,,0.01,
2022/2/8 15:00,6.9,40,,0.0,,2.4,ñkñkêº,,0.01,
2022/2/8 16:00,6.6,42,,0.0,,2.2,ñkñkêº,,0.01,
2022/2/8 17:00,6.1,45,,0.0,,1.8,ñkñkêº,,0.01,
2022/2/8 18:00,5.0,51,,0.0,,1.3,ñk,,0.01,
2022/2/8 19:00,4.2,57,,0.0,,1.0,ñk,,1.0e-50,
2022/2/8 20:00,3.7,61,,0.0,,0.8,ñk,,1.0e-50,
2022/2/8 21:00,3.1,65,,0.0,,0.4,ñkñkêº,,1.0e-50,
2022/2/8 22:00,2.9,66,,0.0,,0.4,ìÏ,,1.0e-50,
2022/2/8 23:00,2.8,67,,0.0,,0.6,ìÏ,,1.0e-50,
2022/2/9 0:00,2.1,70,,0.0,,0.1,ñkêº,,1.0e-50,
2022/2/9 1:00,2.1,69,,0.0,,0.2,ìå,,1.0e-50,
2022/2/9 2:00,2.1,68,,0.0,,0.6,ìå,,1.0e-50,
2022/2/9 3:00,2.3,61,,0.0,,1.1,ñkñkìå,,1.0e-50,
2022/2/9 4:00,2.2,60,,0.0,,1.1,ñkìå,,1.0e-50,
2022/2/9 5:00,2.0,65,,0.1,,0.8,ñkìå,,1.0e-50,
2022/2/9 6:00,1.6,71,,0.4,,0.8,ìåñkìå,,1.0e-50,
2022/2/9 7:00,1.4,77,,0.4,,0.7,ìåñkìå,,0.01,
2022/2/9 8:00,1.5,80,,0.3,,0.7,ìåñkìå,,0.01,
2022/2/9 9:00,1.7,81,,0.4,,0.4,ìÏìå,,0.01,
2022/2/9 10:00,2.3,83,,0.4,,0.7,ìÏìÏìå,,0.01,
2022/2/9 11:00,2.7,84,,0.5,,1.1,ìÏ,,0.01,
2022/2/9 12:00,2.9,86,,0.4,,0.7,ìÏìÏêº,,0.01,
2022/2/9 13:00,3.7,82,,0.3,,1.0,ìÏìÏêº,,0.01,
2022/2/9 14:00,4.8,76,,0.1,,1.4,ìÏìÏêº,,0.01,
2022/2/9 15:00,4.8,74,,0.0,,2.2,ìÏìÏêº,,0.01,
2022/2/9 16:00,5.0,74,,0.1,,2.1,ìÏìÏêº,,0.01,
2022/2/9 17:00,5.1,75,,0.0,,1.6,ìÏìÏêº,,0.01,
2022/2/9 18:00,4.7,76,,0.0,,1.4,ìÏìÏêº,,0.01,
2022/2/9 19:00,4.2,80,,0.0,,1.3,ìÏêº,,1.0e-50,
2022/2/9 20:00,3.9,78,,0.0,,2.0,êºìÏêº,,1.0e-50,
2022/2/9 21:00,3.8,66,,0.0,,2.3,êºìÏêº,,1.0e-50,
2022/2/9 22:00,3.0,58,,0.0,,2.3,êºìÏêº,,1.0e-50,
2022/2/9 23:00,2.5,57,,0.0,,2.3,êºìÏêº,,1.0e-50,
2022/2/10 0:00,2.0,57,,0.0,,2.6,êºìÏêº,,1.0e-50,
2022/2/10 1:00,1.7,55,,0.0,,2.2,êºìÏêº,,1.0e-50,
2022/2/10 2:00,1.7,58,,0.0,,2.5,êº,,1.0e-50,
2022/2/10 3:00,1.2,65,,0.4,,1.9,êº,,1.0e-50,
2022/2/10 4:00,1.2,75,,0.4,,1.1,ìÏêº,,1.0e-50,
2022/2/10 5:00,1.2,78,,0.1,,1.4,ìÏêº,,1.0e-50,
2022/2/10 6:00,1.3,77,,0.0,,1.9,ìÏêº,,1.0e-50,
2022/2/10 7:00,1.3,75,,0.0,,1.8,êºìÏêº,,0.01,
2022/2/10 8:00,1.6,72,,0.0,,2.0,êº,,0.01,
2022/2/10 9:00,2.5,65,,0.1,,2.2,êº,,0.01,
2022/2/10 10:00,3.3,59,,0.0,,2.9,êº,,0.01,
2022/2/10 11:00,3.4,62,,0.2,,3.0,êº,,0.01,
2022/2/10 12:00,4.4,54,,0.1,,3.5,êºñkêº,,0.01,
2022/2/10 13:00,5.2,44,,0.0,,3.4,êºñkêº,,0.01,
2022/2/10 14:00,5.1,44,,0.2,,3.7,êº,,0.01,
2022/2/10 15:00,4.6,41,,0.0,,4.5,êºñkêº,,0.01,
2022/2/10 16:00,3.6,53,,0.1,,4.3,êºñkêº,,0.01,
2022/2/10 17:00,3.0,57,,0.1,,3.0,êºñkêº,,0.01,
2022/2/10 18:00,2.6,56,,0.0,,2.4,êºñkêº,,0.01,
2022/2/10 19:00,2.3,55,,0.0,,1.5,êºìÏêº,,1.0e-50,
2022/2/10 20:00,2.0,46,,0.0,,1.5,êºìÏêº,,1.0e-50,
2022/2/10 21:00,1.1,63,,0.2,,2.1,êºñkêº,,1.0e-50,
2022/2/10 22:00,0.5,75,,1.0,,2.0,êºñkêº,,1.0e-50,
2022/2/10 23:00,0.6,78,,0.6,,1.9,êºñkêº,,1.0e-50,
2022/2/11 0:00,0.5,79,,0.3,,1.7,êº,,1.0e-50,
2022/2/11 1:00,0.3,76,,0.0,,1.7,êºìÏêº,,1.0e-50,
2022/2/11 2:00,-0.0,74,,0.0,,1.3,êºìÏêº,,1.0e-50,
2022/2/11 3:00,-0.4,71,,0.0,,1.6,êºìÏêº,,1.0e-50,
2022/2/11 4:00,-0.6,72,,0.0,,1.2,êº,,1.0e-50,
2022/2/11 5:00,-0.8,72,,0.0,,1.1,êºìÏêº,,1.0e-50,
2022/2/11 6:00,-0.7,70,,0.0,,1.7,êºìÏêº,,1.0e-50,
2022/2/11 7:00,-1.1,71,,0.0,,1.6,êºìÏêº,,0.01,
2022/2/11 8:00,-0.4,65,,0.0,,2.0,êºìÏêº,,0.01,
2022/2/11 9:00,0.8,59,,0.0,,2.5,êºìÏêº,,0.01,
2022/2/11 10:00,2.6,47,,0.0,,3.1,êºìÏêº,,0.01,
2022/2/11 11:00,3.7,42,,0.0,,3.4,êº,,0.01,
2022/2/11 12:00,3.6,48,,0.0,,3.1,êº,,0.01,
2022/2/11 13:00,4.5,45,,0.0,,2.8,êºñkêº,,0.01,
2022/2/11 14:00,4.0,56,,0.2,,3.0,ñkêº,,0.01,
2022/2/11 15:00,4.2,57,,0.4,,3.3,ñkêº,,0.01,
2022/2/11 16:00,3.8,60,,0.7,,3.0,ñkêº,,0.01,
2022/2/11 17:00,3.5,56,,0.0,,3.2,êºñkêº,,0.01,
2022/2/11 18:00,2.9,61,,0.0,,2.3,êºñkêº,,0.01,
2022/2/11 19:00,2.1,74,,0.2,,2.3,êºñkêº,,1.0e-50,
2022/2/11 20:00,1.7,76,,0.1,,2.0,êº,,1.0e-50,
2022/2/11 21:00,1.0,77,,0.0,,1.6,êº,,1.0e-50,
2022/2/11 22:00,0.8,75,,0.1,,2.1,êº,,1.0e-50,
2022/2/11 23:00,0.7,76,,0.1,,1.9,êº,,1.0e-50,
2022/2/12 0:00,0.5,77,,0.0,,1.6,êºìÏêº,,1.0e-50,
2022/2/12 1:00,0.3,79,,0.2,,1.5,êºìÏêº,,1.0e-50,
2022/2/12 2:00,0.1,79,,0.1,,1.4,êºìÏêº,,1.0e-50,
2022/2/12 3:00,-0.5,81,,0.0,,1.1,ìÏêº,,1.0e-50,
2022/2/12 4:00,-0.8,82,,0.0,,1.1,ìÏêº,,1.0e-50,
2022/2/12 5:00,-1.1,84,,0.0,,1.1,ìÏêº,,1.0e-50,
2022/2/12 6:00,-1.2,85,,0.0,,1.1,ìÏêº,,1.0e-50,
2022/2/12 7:00,-1.0,85,,0.0,,1.2,ìÏêº,,0.01,
2022/2/12 8:00,-0.2,82,,0.0,,1.1,ìÏêº,,0.01,
2022/2/12 9:00,1.6,73,,0.0,,1.8,êº,,0.01,
2022/2/12 10:00,3.4,61,,0.0,,2.6,êº,,0.01,
2022/2/12 11:00,4.6,56,,0.0,,3.0,êºñkêº,,0.01,
2022/2/12 12:00,4.9,51,,0.0,,3.2,êºñkêº,,0.01,
2022/2/12 13:00,5.3,51,,0.0,,3.3,êºñkêº,,0.01,
2022/2/12 14:00,5.5,52,,0.0,,3.3,ñkêº,,0.01,
2022/2/12 15:00,5.1,53,,0.1,,3.1,ñkêº,,0.01,
2022/2/12 16:00,4.9,56,,0.0,,2.8,ñkêº,,0.01,
2022/2/12 17:00,4.4,60,,0.0,,2.3,ñkêº,,0.01,
2022/2/12 18:00,3.6,66,,0.0,,1.4,êºñkêº,,0.01,
2022/2/12 19:00,2.7,73,,0.0,,1.3,ñkêº,,1.0e-50,
2022/2/12 20:00,1.9,79,,0.0,,1.1,ñkêº,,1.0e-50,
2022/2/12 21:00,1.3,83,,0.0,,1.0,ñkêº,,1.0e-50,
2022/2/12 22:00,0.8,85,,0.0,,0.6,êº,,1.0e-50,
2022/2/12 23:00,0.4,87,,0.0,,0.2,ìÏìÏìå,,1.0e-50,
2022/2/13 0:00,0.7,83,,0.0,,1.0,êºìÏêº,,1.0e-50,
2022/2/13 1:00,0.2,84,,0.0,,0.9,ìÏìÏêº,,1.0e-50,
2022/2/13 2:00,0.1,82,,0.0,,1.2,ìÏ,,1.0e-50,
2022/2/13 3:00,-0.5,83,,0.0,,0.8,ìÏìÏêº,,1.0e-50,
2022/2/13 4:00,-0.5,83,,0.1,,0.4,ìÏêº,,1.0e-50,
2022/2/13 5:00,-0.5,81,,0.0,,0.7,ìÏêº,,1.0e-50,
2022/2/13 6:00,-0.4,79,,0.0,,1.0,êºìÏêº,,1.0e-50,
2022/2/13 7:00,-0.5,81,,0.0,,0.8,ìÏêº,,0.01,
2022/2/13 8:00,0.5,79,,0.0,,0.6,ìÏìÏìå,,0.01,
2022/2/13 9:00,2.1,73,,0.0,,0.2,êº,,0.01,
2022/2/13 10:00,3.7,68,,0.0,,0.4,êºñkêº,,0.01,
2022/2/13 11:00,4.7,66,,0.1,,0.7,ñkêº,,0.01,
2022/2/13 12:00,6.3,54,,0.0,,1.4,ñkêº,,0.01,
2022/2/13 13:00,7.0,47,,0.0,,2.8,ñkñkêº,,0.01,
2022/2/13 14:00,7.1,48,,0.0,,3.1,ñkñkêº,,0.01,
2022/2/13 15:00,6.9,46,,0.0,,2.9,ñkñkêº,,0.01,
2022/2/13 16:00,6.6,48,,0.0,,2.9,ñkñkêº,,0.01,
2022/2/13 17:00,5.9,54,,0.0,,2.3,ñkñkêº,,0.01,
2022/2/13 18:00,4.6,63,,0.0,,1.6,ñkêº,,0.01,
2022/2/13 19:00,3.8,70,,0.0,,1.3,ñkñkêº,,1.0e-50,
2022/2/13 20:00,3.2,74,,0.0,,1.1,ñkñkêº,,1.0e-50,
2022/2/13 21:00,2.2,80,,0.0,,0.8,ñkêº,,1.0e-50,
2022/2/13 22:00,1.8,81,,0.0,,0.4,ñkñkêº,,1.0e-50,
2022/2/13 23:00,1.9,79,,0.0,,0.6,ìÏ,,1.0e-50,
2022/2/14 0:00,1.6,83,,0.0,,0.6,êºìÏêº,,1.0e-50,
2022/2/14 1:00,1.3,85,,0.0,,0.6,ìÏìÏêº,,1.0e-50,
2022/2/14 2:00,0.8,87,,0.0,,0.6,ìÏêº,,1.0e-50,
2022/2/14 3:00,0.4,87,,0.0,,0.4,êºìÏêº,,1.0e-50,
2022/2/14 4:00,0.5,85,,0.0,,0.5,ìÏêº,,1.0e-50,
2022/2/14 5:00,0.5,85,,0.1,,0.9,ìÏ,,1.0e-50,
2022/2/14 6:00,-0.0,86,,0.0,,0.8,ìÏìÏêº,,1.0e-50,
2022/2/14 7:00,-0.1,85,,0.0,,1.0,ìÏ,,0.01,
2022/2/14 8:00,0.6,79,,0.0,,0.8,ìÏ,,0.01,
2022/2/14 9:00,1.9,70,,0.0,,0.6,êºìÏêº,,0.01,
2022/2/14 10:00,3.8,58,,0.0,,1.7,êº,,0.01,
2022/2/14 11:00,4.3,65,,0.2,,2.0,êº,,0.01,
2022/2/14 12:00,5.7,54,,0.1,,2.2,êºñkêº,,0.01,
2022/2/14 13:00,6.3,52,,0.0,,3.1,ñkêº,,0.01,
2022/2/14 14:00,6.5,53,,0.0,,3.3,ñkêº,,0.01,
2022/2/14 15:00,6.0,55,,0.1,,3.2,ñkñkêº,,0.01,
2022/2/14 16:00,5.8,56,,0.0,,3.2,ñkñkêº,,0.01,
2022/2/14 17:00,5.1,60,,0.0,,2.8,ñkñkêº,,0.01,
2022/2/14 18:00,4.1,64,,0.0,,2.0,ñkêº,,0.01,
2022/2/14 19:00,3.3,68,,0.0,,1.6,ñkñkêº,,1.0e-50,
2022/2/14 20:00,2.5,72,,0.0,,1.2,ñkñkêº,,1.0e-50,
2022/2/14 21:00,2.1,77,,0.0,,1.3,ñkêº,,1.0e-50,
2022/2/14 22:00,1.7,81,,0.0,,1.3,êºñkêº,,1.0e-50,
2022/2/14 23:00,1.2,86,,0.0,,0.9,êºñkêº,,1.0e-50,
2022/2/15 0:00,0.8,88,,0.0,,1.0,ñkêº,,1.0e-50,
2022/2/15 1:00,0.4,88,,0.0,,1.0,êºìÏêº,,1.0e-50,
2022/2/15 2:00,-0.2,89,,0.0,,0.9,êºìÏêº,,1.0e-50,
2022/2/15 3:00,-0.4,89,,0.0,,0.7,êº,,1.0e-50,
2022/2/15 4:00,-1.0,90,,0.0,,0.6,êº,,1.0e-50,
2022/2/15 5:00,-1.3,90,,0.0,,0.6,êºìÏêº,,1.0e-50,
2022/2/15 6:00,-1.6,89,,0.0,,0.6,ñkêº,,1.0e-50,
2022/2/15 7:00,-1.7,89,,0.0,,0.6,êºñkêº,,0.01,
2022/2/15 8:00,-0.1,81,,0.0,,1.0,êºìÏêº,,0.01,
2022/2/15 9:00,2.5,67,,0.0,,0.9,êºìÏêº,,0.01,
2022/2/15 10:00,5.3,53,,0.0,,1.3,êº,,0.01,
2022/2/15 11:00,7.1,44,,0.0,,2.1,êºñkêº,,0.01,
2022/2/15 12:00,8.3,38,,0.0,,2.5,ñkêº,,0.01,
2022/2/15 13:00,8.8,36,,0.0,,2.6,ñkêº,,0.01,
2022/2/15 14:00,9.1,36,,0.0,,2.8,ñkêº,,0.01,
2022/2/15 15:00,8.9,39,,0.0,,2.4,ñkêº,,0.01,
2022/2/15 16:00,8.7,41,,0.0,,2.3,ñkñkêº,,0.01,
2022/2/15 17:00,8.0,45,,0.0,,1.9,ñk,,0.01,
2022/2/15 18:00,6.4,52,,0.0,,1.4,ñk,,0.01,
2022/2/15 19:00,5.0,60,,0.0,,1.3,ñkñkìå,,1.0e-50,
2022/2/15 20:00,4.0,64,,0.0,,0.9,ñkñkìå,,1.0e-50,
2022/2/15 21:00,3.2,67,,0.0,,0.8,ñk,,1.0e-50,
2022/2/15 22:00,2.6,70,,0.0,,0.7,ñkìå,,1.0e-50,
2022/2/15 23:00,1.9,73,,0.0,,0.5,ñkñkìå,,1.0e-50,
2022/2/16 0:00,1.3,73,,0.0,,0.5,ñkñkêº,,1.0e-50,
2022/2/16 1:00,1.0,73,,0.0,,0.5,ìÏêº,,1.0e-50,
2022/2/16 2:00,0.6,76,,0.0,,0.5,êºìÏêº,,1.0e-50,
2022/2/16 3:00,0.4,75,,0.0,,0.8,êº,,1.0e-50,
2022/2/16 4:00,-0.2,80,,0.0,,0.4,êºìÏêº,,1.0e-50,
2022/2/16 5:00,-0.5,81,,0.0,,0.4,ñk,,1.0e-50,
2022/2/16 6:00,-0.6,84,,0.0,,0.4,ñkñkêº,,1.0e-50,
2022/2/16 7:00,-1.0,89,,0.0,,0.1,ìÏêº,,0.01,
2022/2/16 8:00,0.8,82,,0.0,,0.4,ñkêº,,0.01,
2022/2/16 9:00,4.1,65,,0.0,,0.1,êºñkêº,,0.01,
2022/2/16 10:00,6.9,55,,0.0,,1.4,ìÏìÏêº,,0.01,
2022/2/16 11:00,9.3,51,,0.0,,2.2,ìÏêº,,0.01,
2022/2/16 12:00,10.8,47,,0.0,,2.3,ìÏìÏêº,,0.01,
2022/2/16 13:00,12.1,42,,0.0,,2.5,ìÏìÏêº,,0.01,
2022/2/16 14:00,13.1,39,,0.0,,2.9,ìÏìÏêº,,0.01,
2022/2/16 15:00,13.5,38,,0.0,,2.6,ìÏêº,,0.01,
2022/2/16 16:00,13.4,38,,0.0,,2.6,ìÏêº,,0.01,
2022/2/16 17:00,12.4,44,,0.0,,1.6,ìÏìÏêº,,0.01,
2022/2/16 18:00,10.4,55,,0.0,,1.2,ìÏ,,0.01,
2022/2/16 19:00,9.0,62,,0.0,,0.9,ìÏìÏìå,,1.0e-50,
2022/2/16 20:00,7.8,68,,0.0,,0.1,ñk,,1.0e-50,
2022/2/16 21:00,6.8,69,,0.0,,0.7,ìåñkìå,,1.0e-50,
2022/2/16 22:00,7.3,66,,0.0,,1.5,ñkìå,,1.0e-50,
2022/2/16 23:00,7.2,67,,0.0,,1.4,ñkìå,,1.0e-50,
2022/2/17 0:00,6.5,72,,0.0,,0.9,ìå,,1.0e-50,
2022/2/17 1:00,6.2,79,,0.0,,0.8,ñk,,1.0e-50,
2022/2/17 2:00,6.5,82,,0.0,,1.2,ñk,,1.0e-50,
2022/2/17 3:00,5.4,90,,0.0,,0.4,ñk,,1.0e-50,
2022/2/17 4:00,5.3,89,,0.0,,0.8,ñkñkìå,,1.0e-50,
2022/2/17 5:00,5.6,89,,0.0,,1.1,ñkñkìå,,1.0e-50,
2022/2/17 6:00,5.6,90,,0.0,,1.0,ñk,,1.0e-50,
2022/2/17 7:00,5.7,92,,0.0,,0.9,ñk,,0.01,
2022/2/17 8:00,5.8,94,,0.0,,0.3,ñk,,0.01,
2022/2/17 9:00,7.5,93,,0.0,,0.7,ìÏìå,,0.01,
2022/2/17 10:00,9.9,86,,0.0,,0.8,ìÏêº,,0.01,
2022/2/17 11:00,11.4,85,,0.4,,1.9,ìÏìÏêº,,0.01,
2022/2/17 12:00,13.1,81,,0.3,,2.5,ìÏêº,,0.01,
2022/2/17 13:00,14.0,79,,0.5,,2.8,ìÏêº,,0.01,
2022/2/17 14:00,14.3,76,,0.3,,2.5,ìÏêº,,0.01,
2022/2/17 15:00,14.8,74,,0.1,,2.7,êºìÏêº,,0.01,
2022/2/17 16:00,14.6,74,,0.0,,2.1,êºìÏêº,,0.01,
2022/2/17 17:00,13.9,79,,0.0,,1.5,ìÏêº,,0.01,
2022/2/17 18:00,12.6,86,,0.3,,1.4,êºñkêº,,0.01,
2022/2/17 19:00,12.1,72,,0.4,,3.0,ñkñkêº,,1.0e-50,
2022/2/17 20:00,10.5,68,,0.0,,3.2,ñkñkêº,,1.0e-50,
2022/2/17 21:00,9.4,67,,0.0,,2.5,ñkñkêº,,1.0e-50,
2022/2/17 22:00,8.6,65,,0.0,,2.6,ñk,,1.0e-50,
2022/2/17 23:00,8.0,64,,0.0,,2.0,ñk,,1.0e-50,
2022/2/18 0:00,7.6,64,,0.0,,1.2,ñk,,1.0e-50,
2022/2/18 1:00,6.7,67,,0.0,,0.7,ñkñkìå,,1.0e-50,
2022/2/18 2:00,6.2,67,,0.0,,0.8,ñkñkêº,,1.0e-50,
2022/2/18 3:00,5.4,68,,0.0,,1.0,ñk,,1.0e-50,
2022/2/18 4:00,4.4,72,,0.0,,0.6,ñkñkìå,,1.0e-50,
2022/2/18 5:00,4.0,73,,0.0,,0.8,ñk,,1.0e-50,
2022/2/18 6:00,3.5,74,,0.0,,0.6,ñkñkìå,,1.0e-50,
2022/2/18 7:00,3.1,75,,0.0,,0.6,ñkñkìå,,0.01,
2022/2/18 8:00,4.0,69,,0.0,,0.4,ñkñkìå,,0.01,
2022/2/18 9:00,5.4,64,,0.0,,0.6,ñkñkìå,,0.01,
2022/2/18 10:00,6.3,57,,0.0,,0.9,ñkñkìå,,0.01,
2022/2/18 11:00,7.3,53,,0.0,,0.8,ñkñkìå,,0.01,
2022/2/18 12:00,7.6,53,,0.0,,0.9,ìÏ,,0.01,
2022/2/18 13:00,8.6,50,,0.0,,1.3,ìÏìÏêº,,0.01,
2022/2/18 14:00,9.3,49,,0.0,,1.8,ìÏêº,,0.01,
2022/2/18 15:00,9.6,50,,0.0,,2.0,ìÏêº,,0.01,
2022/2/18 16:00,10.0,49,,0.0,,1.9,ìÏêº,,0.01,
2022/2/18 17:00,9.9,51,,0.0,,1.6,ìÏêº,,0.01,
2022/2/18 18:00,8.5,61,,0.0,,1.5,ñkêº,,0.01,
2022/2/18 19:00,7.1,66,,0.0,,1.5,ñkêº,,1.0e-50,
2022/2/18 20:00,6.4,66,,0.0,,2.1,êºñkêº,,1.0e-50,
2022/2/18 21:00,5.8,67,,0.0,,2.2,êºñkêº,,1.0e-50,
2022/2/18 22:00,5.1,74,,0.2,,2.8,êºñkêº,,1.0e-50,
2022/2/18 23:00,4.7,75,,0.0,,2.0,ñkêº,,1.0e-50,
2022/2/19 0:00,3.9,79,,0.0,,1.5,êºñkêº,,1.0e-50,
2022/2/19 1:00,3.7,75,,0.0,,1.5,ñkêº,,1.0e-50,
2022/2/19 2:00,3.2,71,,0.0,,1.1,ñkñkêº,,1.0e-50,
2022/2/19 3:00,2.4,75,,0.0,,0.6,ñk,,1.0e-50,
2022/2/19 4:00,1.8,77,,0.1,,1.1,ñkñkìå,,1.0e-50,
2022/2/19 5:00,1.3,77,,0.0,,1.1,ñkñkìå,,1.0e-50,
2022/2/19 6:00,0.9,83,,0.0,,0.9,ñkñkêº,,1.0e-50,
2022/2/19 7:00,0.4,85,,0.0,,0.8,ñkñkêº,,0.01,
2022/2/19 8:00,1.4,79,,0.0,,0.8,ñkêº,,0.01,
2022/2/19 9:00,3.3,70,,0.0,,1.2,êºñkêº,,0.01,
2022/2/19 10:00,5.4,58,,0.0,,2.4,êºñkêº,,0.01,
2022/2/19 11:00,6.9,49,,0.0,,2.6,êºñkêº,,0.01,
2022/2/19 12:00,8.0,41,,0.0,,2.5,êº,,0.01,
2022/2/19 13:00,8.7,38,,0.0,,2.4,êº,,0.01,
2022/2/19 14:00,9.5,36,,0.0,,2.2,êº,,0.01,
2022/2/19 15:00,9.6,36,,0.0,,1.8,êºìÏêº,,0.01,
2022/2/19 16:00,9.6,38,,0.0,,2.3,ìÏìÏêº,,0.01,
2022/2/19 17:00,8.8,44,,0.0,,2.5,ìÏìÏêº,,0.01,
2022/2/19 18:00,7.5,50,,0.0,,1.6,ìÏìÏêº,,0.01,
2022/2/19 19:00,6.1,55,,0.0,,1.1,ìÏìÏêº,,1.0e-50,
2022/2/19 20:00,4.8,60,,0.0,,0.5,ìÏ,,1.0e-50,
2022/2/19 21:00,4.2,62,,0.0,,0.5,ìå,,1.0e-50,
2022/2/19 22:00,4.3,58,,0.0,,1.1,ìå,,1.0e-50,
2022/2/19 23:00,4.1,56,,0.0,,1.0,ìåñkìå,,1.0e-50,
2022/2/20 0:00,4.2,56,,0.0,,0.9,ìåñkìå,,1.0e-50,
2022/2/20 1:00,4.4,54,,0.0,,1.1,ìåñkìå,,1.0e-50,
2022/2/20 2:00,4.7,54,,0.0,,1.4,ñkìå,,1.0e-50,
2022/2/20 3:00,4.6,56,,0.0,,1.4,ñkìå,,1.0e-50,
2022/2/20 4:00,4.8,59,,0.0,,1.5,ñkìå,,1.0e-50,
2022/2/20 5:00,4.8,65,,0.0,,1.6,ñkìå,,1.0e-50,
2022/2/20 6:00,4.4,69,,0.0,,0.8,ìåñkìå,,1.0e-50,
2022/2/20 7:00,4.4,75,,0.0,,1.0,ìÏêº,,0.01,
2022/2/20 8:00,6.8,81,,0.0,,2.2,ìÏìÏêº,,0.01,
2022/2/20 9:00,7.2,78,,0.0,,0.9,ìÏìÏêº,,0.01,
2022/2/20 10:00,11.2,76,,0.0,,2.8,ìÏìÏêº,,0.01,
2022/2/20 11:00,14.6,63,,0.0,,4.3,ìÏêº,,0.01,
2022/2/20 12:00,15.3,64,,0.0,,5.1,ìÏêº,,0.01,
2022/2/20 13:00,15.7,71,,0.4,,4.7,ìÏêº,,0.01,
2022/2/20 14:00,16.1,73,,0.8,,4.6,ìÏêº,,0.01,
2022/2/20 15:00,14.5,70,,5.5,,4.6,êºñkêº,,0.01,
2022/2/20 16:00,12.8,68,,1.1,,4.2,ñkêº,,0.01,
2022/2/20 17:00,11.3,63,,0.9,,4.4,ñkêº,,0.01,
2022/2/20 18:00,9.9,59,,0.6,,2.8,êºñkêº,,0.01,
2022/2/20 19:00,9.7,53,,0.0,,3.9,êºñkêº,,1.0e-50,
2022/2/20 20:00,8.1,56,,0.1,,3.4,ñkêº,,1.0e-50,
2022/2/20 21:00,6.4,62,,0.1,,4.3,ñkêº,,1.0e-50,
2022/2/20 22:00,5.3,63,,0.2,,4.2,ñkêº,,1.0e-50,
2022/2/20 23:00,4.6,56,,0.1,,4.0,ñkêº,,1.0e-50,
2022/2/21 0:00,3.9,53,,0.0,,3.7,ñkêº,,1.0e-50,
2022/2/21 1:00,3.2,57,,0.0,,3.5,ñkêº,,1.0e-50,
2022/2/21 2:00,2.8,57,,0.0,,3.0,ñkêº,,1.0e-50,
2022/2/21 3:00,2.4,58,,0.0,,3.4,êºñkêº,,1.0e-50,
2022/2/21 4:00,1.9,68,,0.1,,2.8,êºñkêº,,1.0e-50,
2022/2/21 5:00,2.1,70,,0.2,,2.4,êºñkêº,,1.0e-50,
2022/2/21 6:00,2.1,64,,0.1,,1.9,êºñkêº,,1.0e-50,
2022/2/21 7:00,1.8,59,,0.0,,1.8,êºñkêº,,0.01,
2022/2/21 8:00,2.5,56,,0.1,,3.3,ñkêº,,0.01,
2022/2/21 9:00,3.5,48,,0.1,,3.9,ñkñkêº,,0.01,
2022/2/21 10:00,3.9,46,,0.1,,4.4,ñkñkêº,,0.01,
2022/2/21 11:00,4.4,42,,0.0,,4.6,ñkñkêº,,0.01,
2022/2/21 12:00,4.9,42,,0.0,,4.3,ñkñkêº,,0.01,
2022/2/21 13:00,5.0,41,,0.0,,4.5,ñkñkêº,,0.01,
2022/2/21 14:00,5.1,40,,0.0,,4.4,ñkñkêº,,0.01,
2022/2/21 15:00,5.1,44,,0.0,,3.7,ñkñkêº,,0.01,
2022/2/21 16:00,4.7,48,,0.0,,3.9,ñkñkêº,,0.01,
2022/2/21 17:00,4.1,49,,0.0,,3.5,ñkñkêº,,0.01,
2022/2/21 18:00,3.4,52,,0.0,,1.8,ñkñkêº,,0.01,
2022/2/21 19:00,2.7,55,,0.0,,1.2,ñkêº,,1.0e-50,
2022/2/21 20:00,2.0,58,,0.0,,1.3,ñkêº,,1.0e-50,
2022/2/21 21:00,1.6,60,,0.0,,1.1,ñkêº,,1.0e-50,
2022/2/21 22:00,0.7,65,,0.0,,0.5,ìÏêº,,1.0e-50,
2022/2/21 23:00,0.6,64,,0.0,,1.0,ìÏêº,,1.0e-50,
2022/2/22 0:00,-0.6,71,,0.0,,0.6,ñkêº,,1.0e-50,
2022/2/22 1:00,-1.1,74,,0.0,,0.1,ñk,,1.0e-50,
2022/2/22 2:00,-1.3,75,,0.0,,0.3,êºñkêº,,1.0e-50,
2022/2/22 3:00,-1.0,72,,0.0,,1.0,ìÏ,,1.0e-50,
2022/2/22 4:00,-1.0,72,,0.0,,0.9,ìÏìÏêº,,1.0e-50,
2022/2/22 5:00,-1.3,74,,0.0,,0.9,ìÏêº,,1.0e-50,
2022/2/22 6:00,-1.1,73,,0.0,,0.7,ìÏìå,,1.0e-50,
2022/2/22 7:00,-1.3,75,,0.0,,0.4,ìåìÏìå,,0.01,
2022/2/22 8:00,0.1,67,,0.0,,0.3,ñkìå,,0.01,
2022/2/22 9:00,2.0,58,,0.0,,0.5,ìåñkìå,,0.01,
2022/2/22 10:00,4.9,46,,0.0,,0.8,ìå,,0.01,
2022/2/22 11:00,7.2,35,,0.0,,0.9,ìÏìå,,0.01,
2022/2/22 12:00,8.8,29,,0.0,,0.9,ìÏ,,0.01,
2022/2/22 13:00,10.2,22,,0.0,,1.7,ìÏ,,0.01,
2022/2/22 14:00,10.4,22,,0.0,,1.9,ìÏìÏêº,,0.01,
2022/2/22 15:00,10.4,26,,0.0,,2.0,ìÏìÏêº,,0.01,
2022/2/22 16:00,10.1,29,,0.0,,1.6,ìÏìÏêº,,0.01,
2022/2/22 17:00,9.4,35,,0.0,,0.7,ìÏìÏêº,,0.01,
2022/2/22 18:00,8.5,40,,0.0,,0.9,ìåìÏìå,,0.01,
2022/2/22 19:00,8.1,46,,0.0,,1.3,ìå,,1.0e-50,
2022/2/22 20:00,7.8,52,,0.0,,1.3,ìå,,1.0e-50,
2022/2/22 21:00,7.8,59,,0.0,,1.7,ìåìÏìå,,1.0e-50,
2022/2/22 22:00,7.8,64,,0.1,,1.5,ìå,,1.0e-50,
2022/2/22 23:00,7.9,69,,0.2,,1.6,ìå,,1.0e-50,
2022/2/23 0:00,7.8,77,,0.0,,1.5,ìå,,1.0e-50,
2022/2/23 1:00,7.8,80,,0.1,,1.1,ìå,,1.0e-50,
2022/2/23 2:00,8.3,82,,0.4,,1.5,ìå,,1.0e-50,
2022/2/23 3:00,8.4,84,,0.1,,1.8,ìåñkìå,,1.0e-50,
2022/2/23 4:00,9.0,85,,0.4,,1.6,ìåñkìå,,1.0e-50,
2022/2/23 5:00,9.5,88,,2.2,,1.8,ìåñkìå,,1.0e-50,
2022/2/23 6:00,9.0,91,,3.1,,1.6,ñkñkìå,,1.0e-50,
2022/2/23 7:00,9.4,91,,1.0,,1.4,ñkñkìå,,0.01,
2022/2/23 8:00,9.3,94,,0.4,,0.8,êºñkêº,,0.01,
2022/2/23 9:00,11.4,89,,0.0,,1.6,ìÏêº,,0.01,
2022/2/23 10:00,13.2,75,,0.0,,1.7,êºìÏêº,,0.01,
2022/2/23 11:00,15.3,60,,0.0,,2.5,êº,,0.01,
2022/2/23 12:00,15.8,55,,0.0,,3.1,êºñkêº,,0.01,
2022/2/23 13:00,14.3,59,,0.0,,4.3,ñkêº,,0.01,
2022/2/23 14:00,13.9,56,,0.0,,4.6,ñkêº,,0.01,
2022/2/23 15:00,12.5,57,,0.0,,4.2,ñkñkêº,,0.01,
2022/2/23 16:00,11.3,58,,0.0,,4.2,ñkñkêº,,0.01,
2022/2/23 17:00,10.4,60,,0.0,,3.4,ñkêº,,0.01,
2022/2/23 18:00,9.5,62,,0.0,,2.8,ñkñkêº,,0.01,
2022/2/23 19:00,8.6,63,,0.0,,2.6,ñkñkêº,,1.0e-50,
2022/2/23 20:00,7.9,63,,0.0,,2.8,ñkêº,,1.0e-50,
2022/2/23 21:00,7.2,66,,0.0,,2.3,ñkêº,,1.0e-50,
2022/2/23 22:00,6.7,68,,0.0,,2.6,ñkêº,,1.0e-50,
2022/2/23 23:00,6.4,67,,0.0,,2.8,ñkêº,,1.0e-50,
2022/2/24 0:00,5.4,71,,0.0,,2.9,ñkêº,,1.0e-50,
2022/2/24 1:00,4.9,70,,0.1,,3.1,ñkñkêº,,1.0e-50,
2022/2/24 2:00,4.6,63,,0.0,,3.2,ñkñkêº,,1.0e-50,
2022/2/24 3:00,3.7,61,,0.0,,3.1,ñkñkêº,,1.0e-50,
2022/2/24 4:00,3.2,61,,0.0,,2.9,ñkñkêº,,1.0e-50,
2022/2/24 5:00,2.9,55,,0.0,,2.7,ñkñkêº,,1.0e-50,
2022/2/24 6:00,2.5,53,,0.0,,1.7,ñk,,1.0e-50,
2022/2/24 7:00,2.0,53,,0.0,,1.3,ñk,,0.01,
2022/2/24 8:00,2.9,53,,0.0,,2.4,ñk,,0.01,
2022/2/24 9:00,4.5,47,,0.0,,2.8,ñkñkêº,,0.01,
2022/2/24 10:00,5.3,44,,0.0,,3.1,ñkñkêº,,0.01,
2022/2/24 11:00,6.1,40,,0.0,,3.6,ñkñkêº,,0.01,
2022/2/24 12:00,6.5,39,,0.0,,3.1,ñkñkêº,,0.01,
2022/2/24 13:00,6.7,38,,0.0,,3.2,ñkñkêº,,0.01,
2022/2/24 14:00,6.8,38,,0.0,,3.4,ñkñkêº,,0.01,
2022/2/24 15:00,6.8,39,,0.0,,3.0,ñkñkêº,,0.01,
2022/2/24 16:00,6.4,42,,0.0,,2.9,ñk,,0.01,
2022/2/24 17:00,5.9,44,,0.0,,2.5,ñk,,0.01,
2022/2/24 18:00,5.2,49,,0.0,,1.4,ñkñkìå,,0.01,
2022/2/24 19:00,4.2,55,,0.0,,1.3,ñkñkìå,,1.0e-50,
2022/2/24 20:00,3.5,59,,0.0,,1.1,ñkñkìå,,1.0e-50,
2022/2/24 21:00,3.2,62,,0.0,,0.9,ñkñkìå,,1.0e-50,
2022/2/24 22:00,2.6,66,,0.0,,0.7,ñkñkêº,,1.0e-50,
2022/2/24 23:00,2.1,67,,0.0,,0.7,ñkêº,,1.0e-50,
2022/2/25 0:00,1.5,69,,0.0,,0.6,êºñkêº,,1.0e-50,
2022/2/25 1:00,1.3,70,,0.0,,0.7,êºìÏêº,,1.0e-50,
2022/2/25 2:00,1.2,69,,0.0,,0.9,êºìÏêº,,1.0e-50,
2022/2/25 3:00,0.9,70,,0.0,,0.7,êºìÏêº,,1.0e-50,
2022/2/25 4:00,1.0,71,,0.0,,0.8,ìÏêº,,1.0e-50,
2022/2/25 5:00,0.3,75,,0.0,,0.6,ìÏêº,,1.0e-50,
2022/2/25 6:00,0.1,76,,0.0,,0.7,ìÏêº,,1.0e-50,
2022/2/25 7:00,0.1,77,,0.0,,1.0,ìÏêº,,0.01,
2022/2/25 8:00,1.3,71,,0.0,,1.0,ìÏìÏêº,,0.01,
2022/2/25 9:00,3.8,60,,0.0,,1.0,ìÏìÏêº,,0.01,
2022/2/25 10:00,5.9,51,,0.0,,1.2,ìÏêº,,0.01,
2022/2/25 11:00,7.5,43,,0.0,,1.6,êºìÏêº,,0.01,
2022/2/25 12:00,8.2,39,,0.0,,2.0,êºìÏêº,,0.01,
2022/2/25 13:00,9.1,34,,0.0,,1.7,êº,,0.01,
2022/2/25 14:00,9.9,31,,0.0,,1.8,êº,,0.01,
2022/2/25 15:00,10.1,32,,0.0,,1.8,êº,,0.01,
2022/2/25 16:00,10.1,32,,0.0,,2.0,êº,,0.01,
2022/2/25 17:00,9.7,34,,0.0,,1.5,êº,,0.01,
2022/2/25 18:00,8.5,42,,0.0,,0.9,êºìÏêº,,0.01,
2022/2/25 19:00,7.4,50,,0.0,,0.5,ìÏêº,,1.0e-50,
2022/2/25 20:00,6.7,56,,0.0,,1.0,ñk,,1.0e-50,
2022/2/25 21:00,5.6,66,,0.0,,0.9,ñk,,1.0e-50,
2022/2/25 22:00,4.7,69,,0.0,,0.9,ñk,,1.0e-50,
2022/2/25 23:00,4.5,70,,0.0,,0.8,ñk,,1.0e-50,
2022/2/26 0:00,3.6,74,,0.0,,0.7,ñkêº,,1.0e-50,
2022/2/26 1:00,2.5,80,,0.0,,0.3,ñkêº,,1.0e-50,
2022/2/26 2:00,2.0,81,,0.0,,0.5,êº,,1.0e-50,
2022/2/26 3:00,1.7,82,,0.0,,0.5,êºñkêº,,1.0e-50,
2022/2/26 4:00,1.1,83,,0.0,,0.4,êº,,1.0e-50,
2022/2/26 5:00,0.6,83,,0.0,,0.4,êºìÏêº,,1.0e-50,
2022/2/26 6:00,0.8,81,,0.0,,0.7,êºìÏêº,,1.0e-50,
2022/2/26 7:00,0.6,82,,0.0,,0.6,ìÏìÏêº,,0.01,
2022/2/26 8:00,2.3,73,,0.0,,0.7,ìÏ,,0.01,
2022/2/26 9:00,4.7,62,,0.0,,0.9,ìÏìÏêº,,0.01,
2022/2/26 10:00,7.1,53,,0.0,,1.2,ìÏêº,,0.01,
2022/2/26 11:00,8.8,43,,0.0,,1.4,ìÏêº,,0.01,
2022/2/26 12:00,10.0,33,,0.0,,1.3,êº,,0.01,
2022/2/26 13:00,10.8,28,,0.0,,1.8,êºñkêº,,0.01,
2022/2/26 14:00,11.1,27,,0.0,,2.1,êºñkêº,,0.01,
2022/2/26 15:00,11.4,29,,0.0,,2.1,ñkêº,,0.01,
2022/2/26 16:00,11.1,31,,0.0,,2.3,ñkêº,,0.01,
2022/2/26 17:00,10.4,36,,0.0,,2.6,ñk,,0.01,
2022/2/26 18:00,9.2,45,,0.0,,2.1,ñk,,0.01,
2022/2/26 19:00,8.0,57,,0.0,,1.9,ñkñkêº,,1.0e-50,
2022/2/26 20:00,7.2,66,,0.0,,1.0,ñkñkêº,,1.0e-50,
2022/2/26 21:00,5.8,70,,0.0,,0.1,ñkñkêº,,1.0e-50,
2022/2/26 22:00,5.6,73,,0.0,,0.8,ñk,,1.0e-50,
2022/2/26 23:00,5.6,77,,0.2,,1.2,ñkñkêº,,1.0e-50,
2022/2/27 0:00,5.2,74,,0.2,,1.2,ñkñkêº,,1.0e-50,
2022/2/27 1:00,4.8,70,,0.0,,1.4,ñk,,1.0e-50,
2022/2/27 2:00,4.4,62,,0.0,,1.8,ñk,,1.0e-50,
2022/2/27 3:00,3.7,60,,0.0,,1.9,ñk,,1.0e-50,
2022/2/27 4:00,3.2,63,,0.0,,1.8,ñkñkìå,,1.0e-50,
2022/2/27 5:00,2.7,64,,0.0,,1.8,ñkñkìå,,1.0e-50,
2022/2/27 6:00,2.0,69,,0.0,,1.3,ñkñkìå,,1.0e-50,
2022/2/27 7:00,1.7,68,,0.0,,1.4,ñkñkìå,,0.01,
2022/2/27 8:00,2.8,58,,0.0,,2.1,ñkñkìå,,0.01,
2022/2/27 9:00,4.5,51,,0.0,,2.2,ñkñkìå,,0.01,
2022/2/27 10:00,6.0,41,,0.0,,2.8,ñk,,0.01,
2022/2/27 11:00,7.2,35,,0.0,,2.5,ñk,,0.01,
2022/2/27 12:00,8.0,33,,0.0,,2.6,ñkñkêº,,0.01,
2022/2/27 13:00,8.5,31,,0.0,,3.1,ñkñkêº,,0.01,
2022/2/27 14:00,8.5,32,,0.0,,3.4,ñk,,0.01,
2022/2/27 15:00,8.2,34,,0.0,,3.2,ñk,,0.01,
2022/2/27 16:00,7.2,38,,0.0,,3.5,ñk,,0.01,
2022/2/27 17:00,6.1,42,,0.0,,3.1,ñk,,0.01,
2022/2/27 18:00,5.0,50,,0.0,,2.1,ñkñkêº,,0.01,
2022/2/27 19:00,4.0,58,,0.0,,1.2,ñkñkêº,,1.0e-50,
2022/2/27 20:00,3.2,64,,0.0,,0.7,ñkñkêº,,1.0e-50,
2022/2/27 21:00,2.1,69,,0.0,,0.6,ñkñkêº,,1.0e-50,
2022/2/27 22:00,1.4,73,,0.0,,0.5,ñkñkêº,,1.0e-50,
2022/2/27 23:00,0.9,77,,0.0,,0.4,ñk,,1.0e-50,
2022/2/28 0:00,0.4,79,,0.0,,0.3,êºñkêº,,1.0e-50,
2022/2/28 1:00,-0.1,81,,0.0,,0.2,êºìÏêº,,1.0e-50,
2022/2/28 2:00,-0.5,83,,0.0,,0.2,êºìÏêº,,1.0e-50,
2022/2/28 3:00,-1.0,84,,0.0,,0.2,êº,,1.0e-50,
2022/2/28 4:00,-1.4,86,,0.0,,0.2,ìÏìå,,1.0e-50,
2022/2/28 5:00,-1.8,88,,0.0,,0.3,ìÏìå,,1.0e-50,
2022/2/28 6:00,-1.8,89,,0.0,,0.5,ìÏìÏìå,,1.0e-50,
2022/2/28 7:00,-1.7,88,,0.0,,0.7,ìÏìÏìå,,0.01,
2022/2/28 8:00,0.5,76,,0.0,,0.8,ìÏ,,0.01,
2022/2/28 9:00,3.1,68,,0.0,,0.6,êº,,0.01,
2022/2/28 10:00,5.8,59,,0.0,,0.5,êºñkêº,,0.01,
2022/2/28 11:00,7.7,52,,0.0,,0.5,êºñkêº,,0.01,
2022/2/28 12:00,8.4,46,,0.0,,0.2,êºñkêº,,0.01,
2022/2/28 13:00,9.7,40,,0.0,,0.4,êºñkêº,,0.01,
2022/2/28 14:00,10.5,37,,0.0,,0.4,ñkñkêº,,0.01,
2022/2/28 15:00,10.6,38,,0.0,,0.6,ñkñkìå,,0.01,
2022/2/28 16:00,10.7,40,,0.0,,1.4,ñkñkìå,,0.01,
2022/2/28 17:00,9.6,45,,0.0,,1.8,ñkñkìå,,0.01,
2022/2/28 18:00,7.8,52,,0.0,,1.7,ñkñkìå,,0.01,
2022/2/28 19:00,6.0,59,,0.0,,1.3,ñkñkìå,,1.0e-50,
2022/2/28 20:00,5.1,61,,0.0,,1.1,ñkìå,,1.0e-50,
2022/2/28 21:00,4.5,63,,0.0,,1.1,ñkìå,,1.0e-50,
2022/2/28 22:00,3.9,66,,0.0,,0.5,ìåñkìå,,1.0e-50,
2022/2/28 23:00,3.7,66,,0.0,,0.8,ñkìå,,1.0e-50,
2022/3/1 0:00,3.9,61,,0.0,,1.1,ñkñkìå,,1.0e-50,
2022/3/1 1:00,3.7,62,,0.0,,0.5,ìåñkìå,,1.0e-50,
2022/3/1 2:00,3.9,62,,0.0,,0.5,ìåñkìå,,1.0e-50,
2022/3/1 3:00,3.9,62,,0.1,,1.3,ñkñkìå,,1.0e-50,
2022/3/1 4:00,3.8,69,,0.9,,1.0,ñkñkêº,,1.0e-50,
2022/3/1 5:00,3.9,76,,2.2,,0.7,ñk,,1.0e-50,
2022/3/1 6:00,4.4,85,,1.8,,1.1,ñkìå,,1.0e-50,
2022/3/1 7:00,5.0,88,,1.5,,1.5,ñkìå,,0.01,
2022/3/1 8:00,5.9,89,,0.9,,1.8,ñkìå,,0.01,
2022/3/1 9:00,6.8,85,,1.1,,2.1,ìåñkìå,,0.01,
2022/3/1 10:00,7.8,84,,0.9,,2.2,ìåñkìå,,0.01,
2022/3/1 11:00,8.7,84,,1.3,,1.9,ìåñkìå,,0.01,
2022/3/1 12:00,9.5,85,,2.2,,1.7,ìåñkìå,,0.01,
2022/3/1 13:00,10.1,87,,2.4,,1.7,ñk,,0.01,
2022/3/1 14:00,10.5,88,,3.4,,2.2,ñkñkêº,,0.01,
2022/3/1 15:00,10.5,87,,4.3,,2.4,ñkñkêº,,0.01,
2022/3/1 16:00,8.8,68,,5.1,,5.5,ñkñkêº,,0.01,
2022/3/1 17:00,6.5,70,,2.3,,4.3,ñkñkêº,,0.01,
2022/3/1 18:00,6.2,70,,0.7,,3.4,ñkêº,,0.01,
2022/3/1 19:00,6.1,69,,0.0,,3.1,ñkêº,,1.0e-50,
2022/3/1 20:00,6.2,71,,0.0,,2.3,êºñkêº,,1.0e-50,
2022/3/1 21:00,5.6,78,,0.0,,1.9,êº,,1.0e-50,
2022/3/1 22:00,5.5,79,,0.0,,2.0,êº,,1.0e-50,
2022/3/1 23:00,5.1,78,,0.0,,1.7,êº,,1.0e-50,
2022/3/2 0:00,4.7,82,,0.0,,1.8,êº,,1.0e-50,
2022/3/2 1:00,4.8,77,,0.0,,2.1,êºñkêº,,1.0e-50,
2022/3/2 2:00,4.2,76,,0.0,,1.4,êº,,1.0e-50,
2022/3/2 3:00,3.7,74,,0.0,,1.7,êº,,1.0e-50,
2022/3/2 4:00,3.3,72,,0.0,,1.3,êºìÏêº,,1.0e-50,
2022/3/2 5:00,2.5,75,,0.0,,1.1,êºìÏêº,,1.0e-50,
2022/3/2 6:00,2.1,77,,0.0,,1.3,êº,,1.0e-50,
2022/3/2 7:00,2.1,79,,0.0,,1.3,êº,,0.01,
2022/3/2 8:00,3.6,74,,0.0,,1.7,ñkêº,,0.01,
2022/3/2 9:00,6.3,59,,0.0,,2.2,ñkêº,,0.01,
2022/3/2 10:00,8.1,43,,0.0,,3.3,ñkêº,,0.01,
2022/3/2 11:00,9.0,36,,0.0,,3.5,ñkêº,,0.01,
2022/3/2 12:00,9.4,36,,0.0,,3.5,ñkêº,,0.01,
2022/3/2 13:00,9.9,33,,0.0,,3.5,ñkêº,,0.01,
2022/3/2 14:00,10.4,31,,0.0,,3.4,ñkêº,,0.01,
2022/3/2 15:00,9.8,37,,0.0,,3.1,ñkñkêº,,0.01,
2022/3/2 16:00,9.5,39,,0.0,,3.0,ñkñkêº,,0.01,
2022/3/2 17:00,8.7,44,,0.0,,2.8,ñk,,0.01,
2022/3/2 18:00,7.1,52,,0.0,,2.0,ñk,,0.01,
2022/3/2 19:00,5.9,59,,0.0,,1.7,ñkñkìå,,1.0e-50,
2022/3/2 20:00,4.9,64,,0.0,,1.3,ñkñkìå,,1.0e-50,
2022/3/2 21:00,4.1,69,,0.0,,0.9,ñkñkìå,,1.0e-50,
2022/3/2 22:00,3.4,72,,0.0,,1.0,ìåñkìå,,1.0e-50,
2022/3/2 23:00,2.8,74,,0.0,,0.9,ñk,,1.0e-50,
2022/3/3 0:00,2.2,76,,0.0,,0.8,ñk,,1.0e-50,
2022/3/3 1:00,2.3,72,,0.0,,1.3,ñkìå,,1.0e-50,
2022/3/3 2:00,2.1,72,,0.0,,1.4,ñkìå,,1.0e-50,
2022/3/3 3:00,1.6,79,,0.0,,1.3,ñkìå,,1.0e-50,
2022/3/3 4:00,1.1,81,,0.0,,1.1,ìåñkìå,,1.0e-50,
2022/3/3 5:00,1.1,77,,0.0,,1.1,ñkñkìå,,1.0e-50,
2022/3/3 6:00,0.5,79,,0.0,,0.9,ñkñkêº,,1.0e-50,
2022/3/3 7:00,1.3,73,,0.0,,1.1,ñkñkìå,,0.01,
2022/3/3 8:00,2.8,64,,0.0,,1.3,ìåñkìå,,0.01,
2022/3/3 9:00,4.2,63,,0.0,,0.4,ìåñkìå,,0.01,
2022/3/3 10:00,7.0,47,,0.0,,1.1,ìÏìÏìå,,0.01,
2022/3/3 11:00,8.7,41,,0.0,,1.3,ìÏ,,0.01,
2022/3/3 12:00,10.1,41,,0.0,,1.9,ìÏ,,0.01,
2022/3/3 13:00,11.0,42,,0.0,,1.3,ìÏ,,0.01,
2022/3/3 14:00,11.6,42,,0.0,,1.4,ìÏìå,,0.01,
2022/3/3 15:00,10.7,48,,0.0,,2.7,ìåìÏìå,,0.01,
2022/3/3 16:00,9.9,60,,0.4,,2.9,ìå,,0.01,
2022/3/3 17:00,9.5,64,,0.3,,2.5,ìå,,0.01,
2022/3/3 18:00,9.1,66,,0.7,,2.6,ìå,,0.01,
2022/3/3 19:00,8.9,71,,0.9,,2.2,ìåìÏìå,,1.0e-50,
2022/3/3 20:00,9.0,76,,1.5,,2.2,ìÏìå,,1.0e-50,
2022/3/3 21:00,8.3,81,,1.9,,1.7,ìåñkìå,,1.0e-50,
2022/3/3 22:00,8.5,86,,2.0,,1.6,ìåñkìå,,1.0e-50,
2022/3/3 23:00,8.7,90,,2.8,,1.7,ñkìå,,1.0e-50,
2022/3/4 0:00,8.9,87,,2.3,,2.5,ìåñkìå,,1.0e-50,
2022/3/4 1:00,8.9,87,,3.6,,2.5,ñkìå,,1.0e-50,
2022/3/4 2:00,8.8,88,,2.0,,1.7,ñkìå,,1.0e-50,
2022/3/4 3:00,8.3,87,,1.4,,1.8,êºñkêº,,1.0e-50,
2022/3/4 4:00,8.3,77,,0.5,,3.3,êºñkêº,,1.0e-50,
2022/3/4 5:00,7.7,74,,0.0,,2.5,êºñkêº,,1.0e-50,
2022/3/4 6:00,6.4,79,,0.0,,1.7,êºìÏêº,,1.0e-50,
2022/3/4 7:00,5.8,81,,0.0,,1.6,ìÏêº,,0.01,
2022/3/4 8:00,6.7,78,,0.0,,2.2,êºìÏêº,,0.01,
2022/3/4 9:00,9.1,67,,0.0,,2.5,êºìÏêº,,0.01,
2022/3/4 10:00,11.2,49,,0.0,,3.7,êºìÏêº,,0.01,
2022/3/4 11:00,12.4,41,,0.0,,4.5,êº,,0.01,
2022/3/4 12:00,13.1,37,,0.0,,4.3,êº,,0.01,
2022/3/4 13:00,13.6,36,,0.0,,4.2,êºìÏêº,,0.01,
2022/3/4 14:00,14.2,33,,0.0,,4.4,êºìÏêº,,0.01,
2022/3/4 15:00,13.9,33,,0.0,,3.7,êº,,0.01,
2022/3/4 16:00,13.8,31,,0.0,,3.4,êº,,0.01,
2022/3/4 17:00,13.3,31,,0.0,,2.5,êº,,0.01,
2022/3/4 18:00,11.1,42,,0.0,,2.2,êºñkêº,,0.01,
2022/3/4 19:00,7.9,52,,0.0,,4.3,ñkêº,,1.0e-50,
2022/3/4 20:00,5.8,51,,0.0,,4.5,ñkêº,,1.0e-50,
2022/3/4 21:00,5.3,50,,0.0,,4.0,ñkêº,,1.0e-50,
2022/3/4 22:00,4.5,49,,0.0,,3.9,ñkêº,,1.0e-50,
2022/3/4 23:00,4.1,50,,0.0,,3.1,ñkêº,,1.0e-50,
2022/3/5 0:00,3.7,53,,0.0,,2.3,ñkêº,,1.0e-50,
2022/3/5 1:00,3.4,54,,0.0,,1.5,êºñkêº,,1.0e-50,
2022/3/5 2:00,3.0,57,,0.0,,1.2,êº,,1.0e-50,
2022/3/5 3:00,2.2,60,,0.0,,1.3,êºìÏêº,,1.0e-50,
2022/3/5 4:00,1.6,63,,0.0,,1.2,êºìÏêº,,1.0e-50,
2022/3/5 5:00,1.3,65,,0.0,,1.3,ìÏêº,,1.0e-50,
2022/3/5 6:00,0.7,70,,0.0,,1.2,êºìÏêº,,1.0e-50,
2022/3/5 7:00,0.6,72,,0.0,,1.2,ìÏêº,,0.01,
2022/3/5 8:00,2.3,66,,0.0,,1.6,êºñkêº,,0.01,
2022/3/5 9:00,4.6,56,,0.0,,1.8,êºñkêº,,0.01,
2022/3/5 10:00,6.1,50,,0.0,,2.8,ñkêº,,0.01,
2022/3/5 11:00,6.9,46,,0.0,,3.3,ñkñkêº,,0.01,
2022/3/5 12:00,7.0,45,,0.0,,3.2,ñkñkêº,,0.01,
2022/3/5 13:00,7.3,42,,0.0,,3.8,ñkñkêº,,0.01,
2022/3/5 14:00,7.3,41,,0.0,,4.0,ñkñkêº,,0.01,
2022/3/5 15:00,6.7,40,,0.0,,4.2,ñkñkêº,,0.01,
2022/3/5 16:00,6.2,43,,0.0,,3.8,ñkñkêº,,0.01,
2022/3/5 17:00,5.5,46,,0.0,,3.4,ñkñkêº,,0.01,
2022/3/5 18:00,4.3,53,,0.0,,2.4,ñkñkêº,,0.01,
2022/3/5 19:00,3.7,57,,0.0,,1.8,ñkñkêº,,1.0e-50,
2022/3/5 20:00,3.4,61,,0.0,,1.3,ñk,,1.0e-50,
2022/3/5 21:00,3.1,59,,0.0,,0.8,ñkêº,,1.0e-50,
2022/3/5 22:00,2.9,63,,0.0,,0.1,ñkìå,,1.0e-50,
2022/3/5 23:00,2.7,64,,0.0,,0.3,êºìÏêº,,1.0e-50,
2022/3/6 0:00,2.4,66,,0.0,,0.4,êº,,1.0e-50,
2022/3/6 1:00,2.2,68,,0.0,,0.4,êºìÏêº,,1.0e-50,
2022/3/6 2:00,2.1,67,,0.0,,0.6,êºñkêº,,1.0e-50,
2022/3/6 3:00,1.7,70,,0.0,,0.2,ñkìå,,1.0e-50,
2022/3/6 4:00,1.4,71,,0.0,,0.3,ñkêº,,1.0e-50,
2022/3/6 5:00,1.2,72,,0.0,,0.5,ñk,,1.0e-50,
2022/3/6 6:00,0.7,76,,0.0,,0.3,ìÏ,,1.0e-50,
2022/3/6 7:00,1.2,73,,0.0,,0.8,ìÏêº,,0.01,
2022/3/6 8:00,2.2,68,,0.0,,0.1,ìåìÏìå,,0.01,
2022/3/6 9:00,3.9,58,,0.0,,0.8,ñkñkìå,,0.01,
2022/3/6 10:00,5.4,47,,0.0,,0.5,ñk,,0.01,
2022/3/6 11:00,6.7,39,,0.0,,0.7,ñkñkìå,,0.01,
2022/3/6 12:00,7.7,35,,0.0,,0.6,ìå,,0.01,
2022/3/6 13:00,8.6,32,,0.0,,0.6,ìå,,0.01,
2022/3/6 14:00,9.2,31,,0.0,,0.7,ìå,,0.01,
2022/3/6 15:00,9.9,34,,0.0,,0.7,ìå,,0.01,
2022/3/6 16:00,10.1,34,,0.0,,0.5,ìåñkìå,,0.01,
2022/3/6 17:00,10.0,36,,0.0,,0.8,ñkìå,,0.01,
2022/3/6 18:00,9.0,46,,0.0,,1.5,ñkìå,,0.01,
2022/3/6 19:00,8.2,51,,0.0,,1.3,ñkìå,,1.0e-50,
2022/3/6 20:00,7.5,55,,0.0,,1.1,ñkìå,,1.0e-50,
2022/3/6 21:00,6.7,61,,0.0,,1.3,ìåñkìå,,1.0e-50,
2022/3/6 22:00,6.5,65,,0.0,,1.1,ñkñkìå,,1.0e-50,
2022/3/6 23:00,6.4,66,,0.0,,1.1,ñkñkìå,,1.0e-50,
2022/3/7 0:00,6.3,72,,0.0,,1.2,ñkìå,,1.0e-50,
2022/3/7 1:00,6.2,76,,0.0,,1.3,ñkìå,,1.0e-50,
2022/3/7 2:00,6.2,79,,0.0,,1.4,ñkìå,,1.0e-50,
2022/3/7 3:00,6.2,79,,0.0,,1.4,ñkñkìå,,1.0e-50,
2022/3/7 4:00,6.2,81,,0.0,,1.4,ñkìå,,1.0e-50,
2022/3/7 5:00,6.1,84,,0.0,,1.2,ñkñkìå,,1.0e-50,
2022/3/7 6:00,5.8,86,,0.0,,1.0,ñkñkìå,,1.0e-50,
2022/3/7 7:00,5.8,86,,0.1,,0.9,ñkñkìå,,0.01,
2022/3/7 8:00,6.4,83,,0.0,,0.9,ñkñkìå,,0.01,
2022/3/7 9:00,7.8,72,,0.0,,1.4,ñkìå,,0.01,
2022/3/7 10:00,8.9,66,,0.0,,1.5,ìåñkìå,,0.01,
2022/3/7 11:00,9.6,64,,0.0,,1.9,ìåñkìå,,0.01,
2022/3/7 12:00,10.3,63,,0.0,,1.7,ìå,,0.01,
2022/3/7 13:00,10.7,63,,0.1,,1.5,ìåñkìå,,0.01,
2022/3/7 14:00,10.6,66,,0.2,,1.4,ñkìå,,0.01,
2022/3/7 15:00,10.2,72,,0.5,,1.3,ñkìå,,0.01,
2022/3/7 16:00,9.7,77,,1.3,,1.5,ñkñkìå,,0.01,
2022/3/7 17:00,9.2,82,,1.5,,1.2,ñkñkìå,,0.01,
2022/3/7 18:00,8.8,85,,1.5,,0.9,ñk,,0.01,
2022/3/7 19:00,8.4,87,,1.9,,0.9,ñk,,1.0e-50,
2022/3/7 20:00,8.2,88,,2.1,,1.0,ñk,,1.0e-50,
2022/3/7 21:00,8.1,88,,1.8,,1.1,ñk,,1.0e-50,
2022/3/7 22:00,8.0,85,,1.4,,1.1,ñkñkêº,,1.0e-50,
2022/3/7 23:00,7.7,83,,1.1,,0.8,ñk,,1.0e-50,
2022/3/8 0:00,7.2,79,,1.0,,1.2,ñk,,1.0e-50,
2022/3/8 1:00,7.1,78,,0.4,,1.3,ñkñkìå,,1.0e-50,
2022/3/8 2:00,6.8,78,,0.0,,0.9,ñk,,1.0e-50,
2022/3/8 3:00,6.4,80,,0.0,,0.9,ñk,,1.0e-50,
2022/3/8 4:00,6.5,79,,0.0,,1.3,ñk,,1.0e-50,
2022/3/8 5:00,5.8,84,,0.0,,0.8,ñkñkìå,,1.0e-50,
2022/3/8 6:00,5.8,83,,0.0,,1.1,ñkñkìå,,1.0e-50,
2022/3/8 7:00,5.2,87,,0.0,,0.4,ñkñkìå,,0.01,
2022/3/8 8:00,7.2,76,,0.0,,0.6,ñk,,0.01,
2022/3/8 9:00,9.6,61,,0.0,,2.2,ñkñkêº,,0.01,
2022/3/8 10:00,11.4,53,,0.0,,2.8,ñk,,0.01,
2022/3/8 11:00,12.4,49,,0.0,,2.9,ñkñkêº,,0.01,
2022/3/8 12:00,12.8,44,,0.0,,2.4,ñk,,0.01,
2022/3/8 13:00,13.5,41,,0.0,,2.4,ñkñkêº,,0.01,
2022/3/8 14:00,13.9,41,,0.0,,2.6,ñkñkêº,,0.01,
2022/3/8 15:00,13.4,44,,0.0,,2.4,ñk,,0.01,
2022/3/8 16:00,12.9,47,,0.0,,2.4,ñk,,0.01,
2022/3/8 17:00,12.1,51,,0.0,,2.3,ñkñkêº,,0.01,
2022/3/8 18:00,10.6,59,,0.0,,1.6,ñkñkêº,,0.01,
2022/3/8 19:00,9.1,68,,0.0,,1.4,ñkêº,,1.0e-50,
2022/3/8 20:00,8.3,72,,0.0,,1.9,ñkñkêº,,1.0e-50,
2022/3/8 21:00,7.2,73,,0.0,,1.0,ñkñkìå,,1.0e-50,
2022/3/8 22:00,6.5,78,,0.0,,0.8,ñkñkìå,,1.0e-50,
2022/3/8 23:00,6.2,79,,0.0,,1.3,ñkñkìå,,1.0e-50,
2022/3/9 0:00,6.0,83,,0.0,,0.7,ñkìå,,1.0e-50,
2022/3/9 1:00,6.1,82,,0.0,,1.1,ñkìå,,1.0e-50,
2022/3/9 2:00,6.4,82,,0.0,,1.4,ñkìå,,1.0e-50,
2022/3/9 3:00,6.1,82,,0.0,,1.6,ìåñkìå,,1.0e-50,
2022/3/9 4:00,5.9,84,,0.0,,1.3,ñk,,1.0e-50,
2022/3/9 5:00,6.1,82,,0.0,,1.3,ñkñkìå,,1.0e-50,
2022/3/9 6:00,6.1,84,,0.0,,0.9,ñkñkìå,,1.0e-50,
2022/3/9 7:00,6.4,86,,0.1,,0.8,ñkìå,,0.01,
2022/3/9 8:00,7.3,87,,0.1,,1.1,ìå,,0.01,
2022/3/9 9:00,8.9,83,,0.3,,1.5,ñkìå,,0.01,
2022/3/9 10:00,9.8,79,,0.1,,1.6,ñkìå,,0.01,
2022/3/9 11:00,10.6,76,,0.4,,1.5,ñkìå,,0.01,
2022/3/9 12:00,11.1,75,,0.5,,2.2,ìåñkìå,,0.01,
2022/3/9 13:00,11.8,72,,0.4,,1.7,ìåñkìå,,0.01,
2022/3/9 14:00,11.5,75,,1.2,,1.7,ìåñkìå,,0.01,
2022/3/9 15:00,11.3,77,,1.4,,1.7,ñkìå,,0.01,
2022/3/9 16:00,10.8,81,,1.0,,1.5,ñk,,0.01,
2022/3/9 17:00,10.3,84,,2.4,,1.4,ñkñkêº,,0.01,
2022/3/9 18:00,9.7,85,,4.1,,1.7,ñkñkêº,,1.0e-50,
2022/3/9 19:00,9.6,79,,3.2,,3.1,ñkêº,,1.0e-50,
2022/3/9 20:00,7.7,70,,2.6,,4.9,ñkêº,,1.0e-50,
2022/3/9 21:00,5.9,73,,1.9,,2.6,ñkêº,,1.0e-50,
2022/3/9 22:00,5.7,73,,0.4,,2.1,êºñkêº,,1.0e-50,
2022/3/9 23:00,5.3,76,,0.0,,1.3,êºìÏêº,,1.0e-50,
2022/3/10 0:00,5.0,81,,0.0,,1.6,ìÏêº,,1.0e-50,
2022/3/10 1:00,4.4,83,,0.0,,1.5,ìÏêº,,1.0e-50,
2022/3/10 2:00,4.0,84,,0.0,,1.4,ìÏêº,,1.0e-50,
2022/3/10 3:00,3.2,84,,0.0,,1.9,ìÏêº,,1.0e-50,
2022/3/10 4:00,3.4,75,,0.0,,1.8,êº,,1.0e-50,
2022/3/10 5:00,3.6,71,,0.0,,2.1,êº,,1.0e-50,
2022/3/10 6:00,3.8,73,,0.2,,2.2,êº,,1.0e-50,
2022/3/10 7:00,3.5,77,,0.1,,2.3,êº,,0.01,
2022/3/10 8:00,4.0,69,,0.4,,3.7,êºñkêº,,0.01,
2022/3/10 9:00,4.2,67,,0.1,,3.4,êºñkêº,,0.01,
2022/3/10 10:00,5.4,54,,0.2,,4.4,êºñkêº,,0.01,
2022/3/10 11:00,5.6,45,,0.1,,5.7,êºñkêº,,0.01,
2022/3/10 12:00,5.1,40,,0.3,,5.4,êºñkêº,,0.01,
2022/3/10 13:00,5.2,35,,0.1,,5.8,êºñkêº,,0.01,
2022/3/10 14:00,4.8,32,,0.0,,6.3,êºñkêº,,0.01,
2022/3/10 15:00,3.7,36,,0.1,,5.6,êºñkêº,,0.01,
2022/3/10 16:00,3.4,31,,0.0,,5.6,êºñkêº,,0.01,
2022/3/10 17:00,2.5,36,,0.0,,5.2,êºñkêº,,0.01,
2022/3/10 18:00,1.5,44,,0.1,,3.9,êºñkêº,,0.01,
2022/3/10 19:00,0.9,54,,0.1,,3.6,êº,,1.0e-50,
2022/3/10 20:00,0.3,58,,0.1,,3.6,êº,,1.0e-50,
2022/3/10 21:00,-0.1,56,,0.4,,3.6,êº,,1.0e-50,
2022/3/10 22:00,-0.4,46,,0.0,,3.5,êºìÏêº,,1.0e-50,
2022/3/10 23:00,-0.8,47,,0.0,,3.0,êºìÏêº,,1.0e-50,
2022/3/11 0:00,-1.5,49,,0.0,,2.7,êºìÏêº,,1.0e-50,
2022/3/11 1:00,-1.5,48,,0.0,,2.5,êºìÏêº,,1.0e-50,
2022/3/11 2:00,-1.6,49,,0.0,,2.4,ìÏêº,,1.0e-50,
2022/3/11 3:00,-2.1,53,,0.0,,2.7,êºìÏêº,,1.0e-50,
2022/3/11 4:00,-2.1,55,,0.0,,2.5,êºìÏêº,,1.0e-50,
2022/3/11 5:00,-2.1,56,,0.0,,2.5,êºìÏêº,,1.0e-50,
2022/3/11 6:00,-1.7,57,,0.0,,2.1,ìÏêº,,1.0e-50,
2022/3/11 7:00,-1.3,56,,0.0,,2.5,ìÏêº,,0.01,
2022/3/11 8:00,-0.2,52,,0.0,,3.3,êºìÏêº,,0.01,
2022/3/11 9:00,1.9,47,,0.0,,3.6,êºìÏêº,,0.01,
2022/3/11 10:00,3.2,41,,0.0,,3.9,êºìÏêº,,0.01,
2022/3/11 11:00,4.5,35,,0.0,,4.2,êº,,0.01,
2022/3/11 12:00,5.2,34,,0.0,,4.4,êº,,0.01,
2022/3/11 13:00,5.9,33,,0.0,,4.3,êº,,0.01,
2022/3/11 14:00,6.3,33,,0.0,,4.0,êº,,0.01,
2022/3/11 15:00,5.8,34,,0.0,,3.8,êºñkêº,,0.01,
2022/3/11 16:00,6.1,31,,0.0,,3.9,êºñkêº,,0.01,
2022/3/11 17:00,5.8,30,,0.0,,3.4,êºñkêº,,0.01,
2022/3/11 18:00,4.9,35,,0.0,,1.3,êºñkêº,,0.01,
2022/3/11 19:00,3.9,39,,0.0,,1.0,êºñkêº,,1.0e-50,
2022/3/11 20:00,2.8,42,,0.0,,1.0,êºñkêº,,1.0e-50,
2022/3/11 21:00,2.3,46,,0.0,,1.0,êºñkêº,,1.0e-50,
2022/3/11 22:00,1.6,48,,0.0,,0.8,êº,,1.0e-50,
2022/3/11 23:00,1.4,46,,0.0,,1.1,ìÏêº,,1.0e-50,
2022/3/12 0:00,1.2,49,,0.0,,1.0,êºìÏêº,,1.0e-50,
2022/3/12 1:00,1.6,45,,0.0,,1.9,êºìÏêº,,1.0e-50,
2022/3/12 2:00,2.4,49,,0.0,,2.1,êºìÏêº,,1.0e-50,
2022/3/12 3:00,2.1,64,,0.0,,2.0,êºìÏêº,,1.0e-50,
2022/3/12 4:00,2.3,64,,0.0,,2.3,êºìÏêº,,1.0e-50,
2022/3/12 5:00,2.5,61,,0.0,,2.4,êºìÏêº,,1.0e-50,
2022/3/12 6:00,2.5,61,,0.0,,2.3,êº,,1.0e-50,
2022/3/12 7:00,2.7,61,,0.0,,1.9,êº,,0.01,
2022/3/12 8:00,4.2,53,,0.0,,2.8,êº,,0.01,
2022/3/12 9:00,5.9,47,,0.0,,3.3,êº,,0.01,
2022/3/12 10:00,6.9,43,,0.0,,4.0,êº,,0.01,
2022/3/12 11:00,7.7,37,,0.0,,4.2,êº,,0.01,
2022/3/12 12:00,8.3,29,,0.0,,4.5,êº,,0.01,
2022/3/12 13:00,9.0,25,,0.0,,4.2,êº,,0.01,
2022/3/12 14:00,9.5,25,,0.0,,4.4,êº,,0.01,
2022/3/12 15:00,9.6,27,,0.0,,3.7,êº,,0.01,
2022/3/12 16:00,9.8,25,,0.0,,3.3,êº,,0.01,
2022/3/12 17:00,9.8,23,,0.0,,2.8,êº,,0.01,
2022/3/12 18:00,7.8,39,,0.0,,2.6,ñkêº,,0.01,
2022/3/12 19:00,6.5,43,,0.0,,2.4,ñkñkêº,,1.0e-50,
2022/3/12 20:00,5.4,44,,0.0,,2.6,ñkêº,,1.0e-50,
2022/3/12 21:00,4.3,49,,0.0,,1.7,ñkêº,,1.0e-50,
2022/3/12 22:00,3.4,47,,0.0,,1.4,ñkêº,,1.0e-50,
2022/3/12 23:00,2.4,51,,0.0,,0.6,êºñkêº,,1.0e-50,
2022/3/13 0:00,1.8,57,,0.0,,0.7,ìÏêº,,1.0e-50,
2022/3/13 1:00,1.1,60,,0.0,,0.8,êº,,1.0e-50,
2022/3/13 2:00,0.5,61,,0.0,,0.6,êºñkêº,,1.0e-50,
2022/3/13 3:00,0.2,61,,0.0,,0.6,ìÏêº,,1.0e-50,
2022/3/13 4:00,-0.3,62,,0.0,,0.3,ìÏêº,,1.0e-50,
2022/3/13 5:00,-0.6,59,,0.0,,0.4,ìÏìÏêº,,1.0e-50,
2022/3/13 6:00,-0.8,58,,0.0,,0.6,ìÏêº,,1.0e-50,
2022/3/13 7:00,-0.1,56,,0.0,,0.6,ìÏìÏêº,,0.01,
2022/3/13 8:00,2.4,46,,0.0,,0.7,ìÏêº,,0.01,
2022/3/13 9:00,4.9,39,,0.0,,1.9,ìÏêº,,0.01,
2022/3/13 10:00,7.6,41,,0.0,,2.9,ìÏêº,,0.01,
2022/3/13 11:00,9.3,41,,0.0,,3.2,ìÏêº,,0.01,
2022/3/13 12:00,10.7,35,,0.0,,3.8,êºìÏêº,,0.01,
2022/3/13 13:00,11.6,29,,0.0,,4.1,êºìÏêº,,0.01,
2022/3/13 14:00,12.2,27,,0.0,,4.4,ìÏêº,,0.01,
2022/3/13 15:00,12.2,27,,0.0,,4.5,ìÏêº,,0.01,
2022/3/13 16:00,11.9,27,,0.0,,4.1,ìÏêº,,0.01,
2022/3/13 17:00,11.5,31,,0.0,,2.9,ìÏêº,,0.01,
2022/3/13 18:00,10.5,37,,0.0,,1.6,êºìÏêº,,0.01,
2022/3/13 19:00,9.4,41,,0.0,,1.3,ñkêº,,1.0e-50,
2022/3/13 20:00,8.6,56,,0.0,,2.1,ñkñkêº,,1.0e-50,
2022/3/13 21:00,7.8,58,,0.1,,1.7,ñkêº,,1.0e-50,
2022/3/13 22:00,7.6,65,,0.0,,2.2,ñkêº,,1.0e-50,
2022/3/13 23:00,7.2,71,,0.3,,1.9,ñkêº,,1.0e-50,
2022/3/14 0:00,7.0,75,,0.2,,0.7,êº,,1.0e-50,
2022/3/14 1:00,6.3,80,,0.0,,0.1,ìÏìÏêº,,1.0e-50,
2022/3/14 2:00,6.3,80,,0.0,,0.7,ìÏìÏêº,,1.0e-50,
2022/3/14 3:00,5.6,83,,0.0,,0.7,ìÏìÏìå,,1.0e-50,
2022/3/14 4:00,5.5,84,,0.0,,0.9,ìÏ,,1.0e-50,
2022/3/14 5:00,5.0,87,,0.1,,0.5,ìÏêº,,1.0e-50,
2022/3/14 6:00,4.7,86,,0.6,,0.7,ñkñkêº,,1.0e-50,
2022/3/14 7:00,4.8,85,,0.4,,0.5,êºìÏêº,,0.01,
2022/3/14 8:00,5.2,85,,0.8,,0.7,ìÏêº,,0.01,
2022/3/14 9:00,5.7,79,,0.6,,1.2,êºñkêº,,0.01,
2022/3/14 10:00,6.3,74,,0.4,,1.0,êºñkêº,,0.01,
2022/3/14 11:00,7.1,69,,0.1,,1.3,ñkêº,,0.01,
2022/3/14 12:00,7.4,62,,0.1,,2.0,ñkñkêº,,0.01,
2022/3/14 13:00,8.2,56,,0.1,,2.0,ñkñkêº,,0.01,
2022/3/14 14:00,9.4,47,,0.0,,2.4,ñkñkêº,,0.01,
2022/3/14 15:00,9.6,42,,0.0,,3.1,ñkêº,,0.01,
2022/3/14 16:00,9.5,41,,0.0,,3.4,ñkñkêº,,0.01,
2022/3/14 17:00,8.4,43,,0.0,,3.4,ñk,,0.01,
2022/3/14 18:00,6.7,49,,0.0,,2.0,ñk,,0.01,
2022/3/14 19:00,5.6,55,,0.0,,0.9,ñkêº,,1.0e-50,
2022/3/14 20:00,4.7,60,,0.0,,1.1,ñkñkìå,,1.0e-50,
2022/3/14 21:00,3.7,68,,0.0,,0.5,ñkñkìå,,1.0e-50,
2022/3/14 22:00,3.1,71,,0.0,,0.7,ìåñkìå,,1.0e-50,
2022/3/14 23:00,3.1,69,,0.0,,1.4,ñkìå,,1.0e-50,
2022/3/15 0:00,2.9,71,,0.0,,0.9,ñkñkìå,,1.0e-50,
2022/3/15 1:00,2.8,73,,0.0,,0.3,ñkñkìå,,1.0e-50,
2022/3/15 2:00,2.8,67,,0.0,,0.8,ñk,,1.0e-50,
2022/3/15 3:00,2.8,70,,0.0,,0.9,ñkñkìå,,1.0e-50,
2022/3/15 4:00,3.0,66,,0.0,,0.9,ñkñkìå,,1.0e-50,
2022/3/15 5:00,3.5,62,,0.0,,1.5,ñkìå,,1.0e-50,
2022/3/15 6:00,3.3,62,,0.0,,1.2,ìåñkìå,,1.0e-50,
2022/3/15 7:00,3.8,60,,0.0,,1.2,ñkìå,,0.01,
2022/3/15 8:00,5.4,51,,0.0,,1.0,ñkìå,,0.01,
2022/3/15 9:00,7.9,38,,0.0,,1.1,ìÏìå,,0.01,
2022/3/15 10:00,10.2,31,,0.0,,1.1,ìÏ,,0.01,
2022/3/15 11:00,11.7,35,,0.0,,2.0,ìÏìÏêº,,0.01,
2022/3/15 12:00,12.1,40,,0.0,,2.0,ìÏìÏêº,,0.01,
2022/3/15 13:00,11.7,48,,0.1,,1.9,ìÏêº,,0.01,
2022/3/15 14:00,11.4,54,,0.1,,1.8,ìÏìÏêº,,0.01,
2022/3/15 15:00,10.8,62,,0.0,,0.7,ìÏìÏìå,,0.01,
2022/3/15 16:00,11.1,63,,0.0,,1.0,ìÏìå,,0.01,
2022/3/15 17:00,11.2,67,,0.0,,0.6,ìÏìÏìå,,0.01,
2022/3/15 18:00,9.9,78,,0.1,,0.5,ìåìÏìå,,0.01,
2022/3/15 19:00,9.7,80,,0.0,,0.8,ìå,,1.0e-50,
2022/3/15 20:00,9.4,82,,0.0,,0.8,ìåñkìå,,1.0e-50,
2022/3/15 21:00,9.2,84,,0.0,,1.1,ñkñkìå,,1.0e-50,
2022/3/15 22:00,9.1,85,,0.0,,1.1,ìåñkìå,,1.0e-50,
2022/3/15 23:00,8.9,85,,0.0,,1.2,ñkìå,,1.0e-50,
2022/3/16 0:00,9.2,81,,0.0,,1.4,ñkìå,,1.0e-50,
2022/3/16 1:00,9.2,82,,0.0,,1.6,ñkìå,,1.0e-50,
2022/3/16 2:00,9.1,84,,0.0,,1.7,ñkìå,,1.0e-50,
2022/3/16 3:00,8.9,85,,0.0,,1.8,ñkìå,,1.0e-50,
2022/3/16 4:00,8.8,87,,0.0,,1.8,ñkìå,,1.0e-50,
2022/3/16 5:00,8.6,89,,0.0,,1.6,ñkìå,,1.0e-50,
2022/3/16 6:00,8.3,90,,0.0,,1.3,ñkìå,,1.0e-50,
2022/3/16 7:00,8.2,90,,0.0,,1.1,ñkìå,,0.01,
2022/3/16 8:00,9.5,83,,0.0,,1.2,ñkìå,,0.01,
2022/3/16 9:00,11.4,72,,0.0,,1.5,ñkìå,,0.01,
2022/3/16 10:00,13.4,63,,0.0,,1.7,ìåñkìå,,0.01,
2022/3/16 11:00,14.6,55,,0.0,,1.9,ìåñkìå,,0.01,
2022/3/16 12:00,14.7,57,,0.0,,1.9,ìåñkìå,,0.01,
2022/3/16 13:00,15.4,59,,0.0,,2.0,ìåñkìå,,0.01,
2022/3/16 14:00,16.0,58,,0.0,,2.0,ìåñkìå,,0.01,
2022/3/16 15:00,15.9,58,,0.0,,2.0,ìå,,0.01,
2022/3/16 16:00,15.8,60,,0.0,,1.7,ìåñkìå,,0.01,
2022/3/16 17:00,15.3,64,,0.0,,1.3,ìåñkìå,,0.01,
2022/3/16 18:00,14.0,73,,0.0,,1.3,ìåñkìå,,0.01,
2022/3/16 19:00,13.0,77,,0.0,,1.5,ñkìå,,0.01,
2022/3/16 20:00,12.1,81,,0.0,,1.4,ñkìå,,1.0e-50,
2022/3/16 21:00,11.2,84,,0.0,,1.6,ñkñkìå,,1.0e-50,
2022/3/16 22:00,10.4,88,,0.0,,1.3,ñkñkìå,,1.0e-50,
2022/3/16 23:00,9.4,90,,0.0,,1.1,ñkìå,,1.0e-50,
2022/3/17 0:00,9.2,89,,0.0,,1.3,ñk,,1.0e-50,
2022/3/17 1:00,9.0,90,,0.0,,1.4,ñkñkêº,,1.0e-50,
2022/3/17 2:00,8.7,92,,0.0,,1.5,ñk,,1.0e-50,
2022/3/17 3:00,7.7,94,,0.0,,1.2,ñk,,1.0e-50,
2022/3/17 4:00,7.7,94,,0.0,,1.3,ñk,,1.0e-50,
2022/3/17 5:00,6.9,95,,0.0,,0.5,ñk,,1.0e-50,
2022/3/17 6:00,6.7,94,,0.0,,0.5,ñkñkêº,,1.0e-50,
2022/3/17 7:00,7.3,93,,0.0,,0.7,ñkñkêº,,0.01,
2022/3/17 8:00,9.1,90,,0.0,,0.2,ìÏ,,0.01,
2022/3/17 9:00,11.9,77,,0.0,,0.3,ìÏ,,0.01,
2022/3/17 10:00,14.6,63,,0.0,,1.2,ìÏìÏêº,,0.01,
2022/3/17 11:00,16.8,50,,0.0,,1.7,ìÏìÏêº,,0.01,
2022/3/17 12:00,18.2,45,,0.0,,2.3,ìÏìÏêº,,0.01,
2022/3/17 13:00,19.5,41,,0.0,,2.5,ìÏêº,,0.01,
2022/3/17 14:00,20.1,36,,0.0,,2.4,ìÏìÏêº,,0.01,
2022/3/17 15:00,20.1,35,,0.0,,2.6,ìÏìÏêº,,0.01,
2022/3/17 16:00,20.1,34,,0.0,,2.0,ìÏêº,,0.01,
2022/3/17 17:00,19.5,36,,0.0,,1.4,ìÏêº,,0.01,
2022/3/17 18:00,17.0,46,,0.0,,1.5,ìÏìÏêº,,0.01,
2022/3/17 19:00,14.7,53,,0.0,,1.2,ìÏêº,,0.01,
2022/3/17 20:00,13.0,60,,0.0,,0.6,ìÏ,,1.0e-50,
2022/3/17 21:00,11.6,68,,0.0,,0.2,ìÏêº,,1.0e-50,
2022/3/17 22:00,10.4,75,,0.0,,0.1,ìÏêº,,1.0e-50,
2022/3/17 23:00,9.8,78,,0.0,,0.3,êº,,1.0e-50,
2022/3/18 0:00,8.9,85,,0.0,,0.3,êº,,1.0e-50,
2022/3/18 1:00,8.5,87,,0.0,,0.5,ñkêº,,1.0e-50,
2022/3/18 2:00,8.1,91,,0.0,,0.6,ñkñkêº,,1.0e-50,
2022/3/18 3:00,7.2,92,,0.0,,0.3,ñkñkêº,,1.0e-50,
2022/3/18 4:00,6.6,94,,0.0,,0.3,ñkñkìå,,1.0e-50,
2022/3/18 5:00,6.4,94,,0.0,,0.4,ñkêº,,1.0e-50,
2022/3/18 6:00,6.8,92,,0.0,,1.1,ñk,,1.0e-50,
2022/3/18 7:00,7.5,90,,0.0,,1.2,ñkìå,,0.01,
2022/3/18 8:00,10.1,87,,0.0,,0.9,ìå,,0.01,
2022/3/18 9:00,13.4,71,,0.0,,0.6,ìåñkìå,,0.01,
2022/3/18 10:00,15.8,65,,0.0,,0.8,ìåìÏìå,,0.01,
2022/3/18 11:00,17.6,59,,0.0,,1.4,ìÏ,,0.01,
2022/3/18 12:00,19.2,49,,0.0,,1.3,ìÏ,,0.01,
2022/3/18 13:00,19.8,46,,0.0,,1.5,ìÏìÏêº,,0.01,
2022/3/18 14:00,19.9,48,,0.0,,1.0,ìÏ,,0.01,
2022/3/18 15:00,19.9,49,,0.0,,0.7,ìåìÏìå,,0.01,
2022/3/18 16:00,19.0,52,,0.0,,1.0,ñkìå,,0.01,
2022/3/18 17:00,17.8,60,,0.8,,1.6,ñkìå,,0.01,
2022/3/18 18:00,16.3,66,,2.2,,1.6,ìåñkìå,,0.01,
2022/3/18 19:00,15.3,77,,3.1,,1.0,ñkìå,,0.01,
2022/3/18 20:00,14.8,86,,3.9,,1.2,ìå,,1.0e-50,
2022/3/18 21:00,14.7,91,,2.7,,1.6,ñkñkìå,,1.0e-50,
2022/3/18 22:00,14.5,92,,7.5,,2.0,ìå,,1.0e-50,
2022/3/18 23:00,14.6,91,,2.2,,1.9,ìå,,1.0e-50,
2022/3/19 0:00,13.3,95,,4.0,,0.2,ñkñkìå,,1.0e-50,
2022/3/19 1:00,13.3,94,,1.4,,0.9,ñkñkêº,,1.0e-50,
2022/3/19 2:00,12.7,95,,1.5,,0.4,ìåñkìå,,1.0e-50,
2022/3/19 3:00,13.0,93,,0.6,,1.2,ìå,,1.0e-50,
2022/3/19 4:00,12.5,94,,0.2,,0.7,ìå,,1.0e-50,
2022/3/19 5:00,12.2,94,,2.0,,0.8,ìåìÏìå,,1.0e-50,
2022/3/19 6:00,12.9,93,,0.1,,1.4,ìå,,1.0e-50,
2022/3/19 7:00,13.0,92,,0.5,,1.3,ìå,,0.01,
2022/3/19 8:00,12.8,93,,0.7,,0.8,ìåìÏìå,,0.01,
2022/3/19 9:00,13.4,91,,0.6,,1.3,ìå,,0.01,
2022/3/19 10:00,12.9,94,,2.1,,0.5,ñk,,0.01,
2022/3/19 11:00,13.3,94,,1.4,,0.2,ìÏ,,0.01,
2022/3/19 12:00,14.4,92,,1.7,,0.9,ìÏ,,0.01,
2022/3/19 13:00,14.9,93,,0.6,,0.7,ìÏìÏêº,,0.01,
2022/3/19 14:00,16.2,79,,0.6,,2.0,ñkêº,,0.01,
2022/3/19 15:00,16.2,70,,0.0,,3.1,ñkñkêº,,0.01,
2022/3/19 16:00,14.6,68,,0.0,,2.8,ñkñkêº,,0.01,
2022/3/19 17:00,14.0,71,,0.0,,2.4,ñkñkêº,,0.01,
2022/3/19 18:00,14.1,73,,0.0,,1.6,ñkêº,,0.01,
2022/3/19 19:00,12.8,78,,0.0,,1.7,ñkñkêº,,0.01,
2022/3/19 20:00,11.8,81,,0.0,,1.7,ñkñkêº,,1.0e-50,
2022/3/19 21:00,10.0,90,,0.0,,0.9,êºñkêº,,1.0e-50,
2022/3/19 22:00,9.0,92,,0.0,,0.7,ñkñkêº,,1.0e-50,
2022/3/19 23:00,8.6,92,,0.0,,0.8,ñkñkêº,,1.0e-50,
2022/3/20 0:00,7.7,94,,0.0,,0.3,ñkìå,,1.0e-50,
2022/3/20 1:00,7.4,94,,0.0,,0.8,ìÏ,,1.0e-50,
2022/3/20 2:00,7.0,95,,0.0,,0.6,êº,,1.0e-50,
2022/3/20 3:00,7.6,92,,0.0,,1.5,ñk,,1.0e-50,
2022/3/20 4:00,7.0,93,,0.0,,1.1,ñkñkìå,,1.0e-50,
2022/3/20 5:00,6.2,95,,0.0,,0.8,ìå,,1.0e-50,
2022/3/20 6:00,6.0,96,,0.0,,0.6,ìÏìå,,1.0e-50,
2022/3/20 7:00,6.3,95,,0.0,,0.5,ìÏ,,0.01,
2022/3/20 8:00,8.9,90,,0.0,,0.4,ìÏìÏêº,,0.01,
2022/3/20 9:00,11.6,65,,0.0,,0.3,ñkñkêº,,0.01,
2022/3/20 10:00,14.5,48,,0.0,,1.0,ñkñkìå,,0.01,
2022/3/20 11:00,16.5,39,,0.0,,1.5,ñk,,0.01,
2022/3/20 12:00,17.1,36,,0.0,,1.8,ñk,,0.01,
2022/3/20 13:00,17.3,30,,0.0,,2.4,ñk,,0.01,
2022/3/20 14:00,16.6,31,,0.0,,3.0,ñkñkêº,,0.01,
2022/3/20 15:00,16.5,33,,0.0,,2.6,ñk,,0.01,
2022/3/20 16:00,15.8,34,,0.0,,2.3,ñk,,0.01,
2022/3/20 17:00,14.4,40,,0.0,,3.1,ñkñkêº,,0.01,
2022/3/20 18:00,13.0,47,,0.0,,1.9,ñkñkêº,,0.01,
2022/3/20 19:00,11.2,56,,0.0,,1.6,ñk,,0.01,
2022/3/20 20:00,9.9,62,,0.0,,0.6,ñk,,1.0e-50,
2022/3/20 21:00,8.6,67,,0.0,,0.7,ñkñkêº,,1.0e-50,
2022/3/20 22:00,7.7,72,,0.0,,0.5,ñkñkêº,,1.0e-50,
2022/3/20 23:00,7.0,77,,0.0,,0.4,ìÏìå,,1.0e-50,
2022/3/21 0:00,6.3,82,,0.0,,0.2,ìåìÏìå,,1.0e-50,
2022/3/21 1:00,5.8,84,,0.0,,0.3,ìå,,1.0e-50,
2022/3/21 2:00,5.2,86,,0.0,,0.1,ìå,,1.0e-50,
2022/3/21 3:00,4.7,86,,0.0,,0.4,ñk,,1.0e-50,
2022/3/21 4:00,4.5,89,,0.0,,0.4,ìåìÏìå,,1.0e-50,
2022/3/21 5:00,4.0,91,,0.0,,0.2,ìåñkìå,,1.0e-50,
2022/3/21 6:00,4.5,89,,0.0,,0.3,ìåñkìå,,1.0e-50,
2022/3/21 7:00,5.1,88,,0.0,,0.5,ìåìÏìå,,0.01,
2022/3/21 8:00,7.5,76,,0.0,,0.6,ìÏìÏìå,,0.01,
2022/3/21 9:00,9.6,55,,0.0,,0.5,ìÏ,,0.01,
2022/3/21 10:00,11.9,43,,0.0,,0.6,ìÏìÏêº,,0.01,
2022/3/21 11:00,13.8,31,,0.0,,0.4,ìÏêº,,0.01,
2022/3/21 12:00,15.2,26,,0.0,,0.3,ìÏêº,,0.01,
2022/3/21 13:00,16.7,20,,0.0,,0.4,êºìÏêº,,0.01,
2022/3/21 14:00,17.9,17,,0.0,,0.2,ìÏ,,0.01,
2022/3/21 15:00,17.9,24,,0.0,,0.4,ìÏìÏìå,,0.01,
2022/3/21 16:00,18.4,23,,0.0,,0.9,ìÏ,,0.01,
2022/3/21 17:00,18.0,26,,0.0,,1.3,ìÏìÏìå,,0.01,
2022/3/21 18:00,15.7,34,,0.0,,1.0,ìÏ,,0.01,
2022/3/21 19:00,13.0,42,,0.0,,0.2,ñkìå,,0.01,
2022/3/21 20:00,12.7,41,,0.0,,1.2,ñkñkìå,,1.0e-50,
2022/3/21 21:00,11.3,45,,0.0,,0.9,ñkñkìå,,1.0e-50,
2022/3/21 22:00,10.5,46,,0.0,,0.9,ñkêº,,1.0e-50,
2022/3/21 23:00,9.7,48,,0.0,,0.6,ñkêº,,1.0e-50,
2022/3/22 0:00,9.5,54,,0.0,,0.6,êº,,1.0e-50,
2022/3/22 1:00,8.0,61,,0.0,,0.3,ñkêº,,1.0e-50,
2022/3/22 2:00,7.0,65,,0.0,,0.2,ñkñkìå,,1.0e-50,
2022/3/22 3:00,6.7,66,,0.0,,0.7,ñkìå,,1.0e-50,
2022/3/22 4:00,6.5,68,,0.0,,1.2,ñkñkìå,,1.0e-50,
2022/3/22 5:00,6.2,70,,0.0,,1.3,ñkñkìå,,1.0e-50,
2022/3/22 6:00,5.7,75,,0.0,,1.2,ñkìå,,1.0e-50,
2022/3/22 7:00,6.2,73,,0.0,,1.2,ñkìå,,0.01,
2022/3/22 8:00,8.9,62,,0.0,,0.7,ìå,,0.01,
2022/3/22 9:00,11.9,53,,0.0,,0.7,ìÏ,,0.01,
2022/3/22 10:00,14.1,48,,0.0,,1.8,ìÏìÏêº,,0.01,
2022/3/22 11:00,15.9,42,,0.0,,1.9,ìÏìÏêº,,0.01,
2022/3/22 12:00,17.5,34,,0.0,,2.0,ìÏêº,,0.01,
2022/3/22 13:00,18.8,25,,0.0,,3.2,ìÏêº,,0.01,
2022/3/22 14:00,19.4,20,,0.0,,3.5,êºìÏêº,,0.01,
2022/3/22 15:00,19.9,23,,0.0,,3.7,êºìÏêº,,0.01,
2022/3/22 16:00,19.6,21,,0.0,,3.2,êºìÏêº,,0.01,
2022/3/22 17:00,17.7,34,,0.0,,2.8,ñkêº,,0.01,
2022/3/22 18:00,14.1,65,,0.8,,1.3,ñkñkêº,,0.01,
2022/3/22 19:00,13.1,38,,0.2,,2.6,ñkñkêº,,0.01,
2022/3/22 20:00,11.4,43,,0.0,,1.9,ñk,,1.0e-50,
2022/3/22 21:00,10.9,52,,0.0,,0.6,ñkñkêº,,1.0e-50,
2022/3/22 22:00,9.1,63,,0.0,,0.4,ñkêº,,1.0e-50,
2022/3/22 23:00,7.9,69,,0.0,,0.7,êºñkêº,,1.0e-50,
2022/3/23 0:00,7.0,76,,0.0,,1.0,êºñkêº,,1.0e-50,
2022/3/23 1:00,5.9,83,,0.0,,0.6,êº,,1.0e-50,
2022/3/23 2:00,5.2,86,,0.0,,0.5,ñkêº,,1.0e-50,
2022/3/23 3:00,4.3,82,,0.0,,0.4,êºñkêº,,1.0e-50,
2022/3/23 4:00,3.8,78,,0.0,,0.4,ìÏ,,1.0e-50,
2022/3/23 5:00,4.2,76,,0.0,,1.2,ìÏìÏêº,,1.0e-50,
2022/3/23 6:00,5.0,60,,0.0,,1.7,êºñkêº,,1.0e-50,
2022/3/23 7:00,5.7,67,,0.0,,2.0,ñkêº,,0.01,
2022/3/23 8:00,7.4,53,,0.0,,3.9,ñkñkêº,,0.01,
2022/3/23 9:00,8.1,45,,0.0,,3.6,ñkêº,,0.01,
2022/3/23 10:00,8.4,39,,0.0,,4.0,ñkêº,,0.01,
2022/3/23 11:00,8.5,35,,0.0,,4.1,ñkêº,,0.01,
2022/3/23 12:00,8.5,33,,0.0,,4.1,ñkêº,,0.01,
2022/3/23 13:00,8.6,31,,0.0,,4.1,ñkêº,,0.01,
2022/3/23 14:00,8.8,31,,0.0,,4.1,ñkêº,,0.01,
2022/3/23 15:00,8.4,32,,0.0,,4.0,ñkêº,,0.01,
2022/3/23 16:00,8.5,31,,0.0,,3.7,ñkêº,,0.01,
2022/3/23 17:00,8.3,31,,0.0,,3.7,ñkêº,,0.01,
2022/3/23 18:00,6.8,38,,0.0,,2.7,ñkñkêº,,0.01,
2022/3/23 19:00,5.7,45,,0.0,,2.1,ñkñkêº,,0.01,
2022/3/23 20:00,4.8,52,,0.0,,0.7,ñkêº,,1.0e-50,
2022/3/23 21:00,4.5,56,,0.0,,1.7,ñkêº,,1.0e-50,
2022/3/23 22:00,4.0,66,,0.1,,1.5,êºñkêº,,1.0e-50,
2022/3/23 23:00,3.4,69,,0.0,,1.2,êº,,1.0e-50,
2022/3/24 0:00,3.1,71,,0.0,,1.2,êºìÏêº,,1.0e-50,
2022/3/24 1:00,3.1,66,,0.0,,1.6,êºñkêº,,1.0e-50,
2022/3/24 2:00,2.8,63,,0.0,,1.5,ñkêº,,1.0e-50,
2022/3/24 3:00,2.1,63,,0.0,,1.7,ñkêº,,1.0e-50,
2022/3/24 4:00,1.7,58,,0.0,,1.6,ñkêº,,1.0e-50,
2022/3/24 5:00,1.4,58,,0.0,,1.8,ñkêº,,1.0e-50,
2022/3/24 6:00,0.9,65,,0.0,,1.2,ñkêº,,1.0e-50,
2022/3/24 7:00,1.6,63,,0.0,,1.2,êºñkêº,,0.01,
2022/3/24 8:00,4.0,56,,0.0,,2.4,êºñkêº,,0.01,
2022/3/24 9:00,5.4,50,,0.0,,2.5,êºñkêº,,0.01,
2022/3/24 10:00,6.7,46,,0.0,,3.2,ñkêº,,0.01,
2022/3/24 11:00,7.9,36,,0.0,,3.7,ñkêº,,0.01,
2022/3/24 12:00,8.6,34,,0.0,,4.1,ñkêº,,0.01,
2022/3/24 13:00,9.0,31,,0.0,,4.4,ñkêº,,0.01,
2022/3/24 14:00,8.9,30,,0.0,,5.0,ñkñkêº,,0.01,
2022/3/24 15:00,8.0,38,,0.0,,4.7,ñkêº,,0.01,
2022/3/24 16:00,7.2,45,,0.0,,4.3,ñkñkêº,,0.01,
2022/3/24 17:00,6.4,51,,0.1,,3.7,ñkñkêº,,0.01,
2022/3/24 18:00,5.6,57,,0.0,,2.9,ñkêº,,0.01,
2022/3/24 19:00,5.0,60,,0.0,,2.0,ñkêº,,0.01,
2022/3/24 20:00,4.4,63,,0.0,,1.3,ñkêº,,1.0e-50,
2022/3/24 21:00,4.0,69,,0.0,,1.4,êº,,1.0e-50,
2022/3/24 22:00,3.5,74,,0.0,,1.1,êº,,1.0e-50,
2022/3/24 23:00,2.9,77,,0.0,,1.1,êºìÏêº,,1.0e-50,
2022/3/25 0:00,2.7,78,,0.0,,1.5,êºñkêº,,1.0e-50,
2022/3/25 1:00,2.4,76,,0.0,,1.5,êºñkêº,,1.0e-50,
2022/3/25 2:00,2.1,75,,0.0,,1.3,êºñkêº,,1.0e-50,
2022/3/25 3:00,2.2,74,,0.0,,1.8,êºñkêº,,1.0e-50,
2022/3/25 4:00,2.0,77,,0.1,,1.5,êºñkêº,,1.0e-50,
2022/3/25 5:00,1.8,78,,0.1,,1.4,êºñkêº,,1.0e-50,
2022/3/25 6:00,1.5,80,,0.0,,1.4,êºñkêº,,1.0e-50,
2022/3/25 7:00,2.0,79,,0.1,,1.3,êºñkêº,,0.01,
2022/3/25 8:00,4.4,65,,0.0,,1.9,ñkêº,,0.01,
2022/3/25 9:00,6.2,54,,0.0,,2.5,ñkêº,,0.01,
2022/3/25 10:00,7.8,39,,0.0,,3.8,ñkñkêº,,0.01,
2022/3/25 11:00,8.4,34,,0.0,,4.5,ñkñkêº,,0.01,
2022/3/25 12:00,8.3,35,,0.0,,4.5,ñkñkêº,,0.01,
2022/3/25 13:00,8.7,30,,0.0,,4.7,ñkñkêº,,0.01,
2022/3/25 14:00,8.7,28,,0.0,,5.0,ñkñkêº,,0.01,
2022/3/25 15:00,8.4,38,,0.0,,4.5,ñkñkêº,,0.01,
2022/3/25 16:00,8.1,39,,0.0,,4.4,ñkñkêº,,0.01,
2022/3/25 17:00,7.3,42,,0.0,,4.0,ñk,,0.01,
2022/3/25 18:00,6.4,49,,0.0,,2.3,ñk,,0.01,
2022/3/25 19:00,5.6,54,,0.0,,0.9,ñk,,0.01,
2022/3/25 20:00,4.6,60,,0.0,,0.7,ñkñkêº,,1.0e-50,
2022/3/25 21:00,4.1,64,,0.0,,1.1,êºñkêº,,1.0e-50,
2022/3/25 22:00,3.4,68,,0.0,,1.3,ñkêº,,1.0e-50,
2022/3/25 23:00,2.8,71,,0.0,,1.0,êºñkêº,,1.0e-50,
2022/3/26 0:00,2.6,76,,0.0,,1.0,ñkêº,,1.0e-50,
2022/3/26 1:00,2.0,79,,0.0,,0.8,êºñkêº,,1.0e-50,
2022/3/26 2:00,1.5,81,,0.0,,0.7,êº,,1.0e-50,
2022/3/26 3:00,0.9,83,,0.0,,0.5,êºñkêº,,1.0e-50,
2022/3/26 4:00,0.5,84,,0.0,,0.5,ñkêº,,1.0e-50,
2022/3/26 5:00,0.5,81,,0.0,,0.9,ñkñkêº,,1.0e-50,
2022/3/26 6:00,0.0,84,,0.0,,0.6,ñkêº,,1.0e-50,
2022/3/26 7:00,1.0,79,,0.0,,0.2,ìÏêº,,0.01,
2022/3/26 8:00,3.8,64,,0.0,,0.9,êºñkêº,,0.01,
2022/3/26 9:00,6.4,52,,0.0,,1.0,ñkñkêº,,0.01,
2022/3/26 10:00,8.6,39,,0.0,,1.3,ñkñkêº,,0.01,
2022/3/26 11:00,10.3,29,,0.0,,1.7,ñkñkêº,,0.01,
2022/3/26 12:00,11.6,23,,0.0,,2.0,ñkñkêº,,0.01,
2022/3/26 13:00,12.5,19,,0.0,,2.0,ñkêº,,0.01,
2022/3/26 14:00,13.3,17,,0.0,,2.5,ñkêº,,0.01,
2022/3/26 15:00,13.5,19,,0.0,,2.2,ñkñkêº,,0.01,
2022/3/26 16:00,13.4,19,,0.0,,2.4,ñkñkêº,,0.01,
2022/3/26 17:00,12.8,20,,0.0,,2.5,ñkñkêº,,0.01,
2022/3/26 18:00,11.5,24,,0.0,,1.5,ñkñkêº,,0.01,
2022/3/26 19:00,9.5,28,,0.0,,1.6,ñk,,0.01,
2022/3/26 20:00,8.0,29,,0.0,,1.2,ñk,,1.0e-50,
2022/3/26 21:00,7.0,33,,0.0,,1.0,ñkñkìå,,1.0e-50,
2022/3/26 22:00,5.8,41,,0.0,,0.5,ñkìå,,1.0e-50,
2022/3/26 23:00,4.8,44,,0.0,,0.5,êº,,1.0e-50,
2022/3/27 0:00,4.2,44,,0.0,,0.4,ñkñkìå,,1.0e-50,
2022/3/27 1:00,3.8,45,,0.0,,0.5,ìåìÏìå,,1.0e-50,
2022/3/27 2:00,3.5,45,,0.0,,0.7,ìÏêº,,1.0e-50,
2022/3/27 3:00,2.8,46,,0.0,,0.5,êºñkêº,,1.0e-50,
2022/3/27 4:00,2.4,45,,0.0,,0.4,ñkêº,,1.0e-50,
2022/3/27 5:00,2.3,44,,0.0,,0.7,ñkêº,,1.0e-50,
2022/3/27 6:00,2.2,45,,0.0,,0.8,ñkêº,,1.0e-50,
2022/3/27 7:00,3.3,48,,0.0,,0.7,ñkêº,,0.01,
2022/3/27 8:00,6.5,39,,0.0,,0.3,ìÏìå,,0.01,
2022/3/27 9:00,9.3,33,,0.0,,1.0,ìÏêº,,0.01,
2022/3/27 10:00,11.8,31,,0.0,,1.8,ìÏêº,,0.01,
2022/3/27 11:00,13.8,27,,0.0,,2.2,ìÏêº,,0.01,
2022/3/27 12:00,15.0,23,,0.0,,1.9,ìÏêº,,0.01,
2022/3/27 13:00,16.4,21,,0.0,,2.5,ìÏêº,,0.01,
2022/3/27 14:00,17.1,23,,0.0,,2.6,ìÏêº,,0.01,
2022/3/27 15:00,17.3,28,,0.0,,2.5,ìÏêº,,0.01,
2022/3/27 16:00,17.3,30,,0.0,,2.2,ìÏìÏêº,,0.01,
2022/3/27 17:00,16.7,32,,0.0,,2.8,ìÏìÏêº,,0.01,
2022/3/27 18:00,14.9,34,,0.0,,2.2,ìÏìÏêº,,0.01,
2022/3/27 19:00,13.0,41,,0.0,,1.5,ìÏêº,,0.01,
2022/3/27 20:00,11.0,50,,0.0,,0.7,ìÏìÏêº,,1.0e-50,
2022/3/27 21:00,9.4,56,,0.0,,0.3,ìÏìÏêº,,1.0e-50,
2022/3/27 22:00,8.6,58,,0.0,,0.4,ìÏêº,,1.0e-50,
2022/3/27 23:00,7.9,63,,0.0,,0.2,ìÏêº,,1.0e-50,
2022/3/28 0:00,7.3,68,,0.0,,0.2,êº,,1.0e-50,
2022/3/28 1:00,6.8,72,,0.0,,0.3,ìÏêº,,1.0e-50,
2022/3/28 2:00,6.3,74,,0.0,,0.1,ñk,,1.0e-50,
2022/3/28 3:00,6.1,75,,0.0,,0.5,êºìÏêº,,1.0e-50,
2022/3/28 4:00,5.9,73,,0.0,,0.3,ìåñkìå,,1.0e-50,
2022/3/28 5:00,5.5,76,,0.0,,0.3,ìÏìå,,1.0e-50,
2022/3/28 6:00,5.8,80,,0.0,,0.8,ìÏìÏêº,,1.0e-50,
2022/3/28 7:00,6.1,78,,0.0,,0.2,êº,,0.01,
2022/3/28 8:00,9.0,63,,0.0,,0.3,ìÏêº,,0.01,
2022/3/28 9:00,11.9,54,,0.0,,1.5,ìÏìÏêº,,0.01,
2022/3/28 10:00,14.6,42,,0.0,,2.1,ìÏêº,,0.01,
2022/3/28 11:00,16.8,27,,0.0,,2.5,ìÏêº,,0.01,
2022/3/28 12:00,18.2,27,,0.0,,3.3,ìÏêº,,0.01,
2022/3/28 13:00,18.8,27,,0.0,,3.4,ìÏêº,,0.01,
2022/3/28 14:00,19.1,26,,0.0,,3.3,ìÏêº,,0.01,
2022/3/28 15:00,19.5,27,,0.0,,3.1,ìÏêº,,0.01,
2022/3/28 16:00,19.2,27,,0.0,,3.1,ìÏêº,,0.01,
2022/3/28 17:00,18.5,30,,0.0,,2.9,ìÏêº,,0.01,
2022/3/28 18:00,16.5,38,,0.0,,1.6,ìÏêº,,0.01,
2022/3/28 19:00,14.4,50,,0.0,,1.2,êºìÏêº,,0.01,
2022/3/28 20:00,12.8,63,,0.0,,0.9,êºñkêº,,1.0e-50,
2022/3/28 21:00,11.5,78,,0.0,,0.5,êºìÏêº,,1.0e-50,
2022/3/28 22:00,10.5,86,,0.0,,0.4,ìÏìÏìå,,1.0e-50,
2022/3/28 23:00,9.7,88,,0.0,,0.5,ìÏìå,,1.0e-50,
2022/3/29 0:00,9.1,90,,0.0,,0.2,ìåìÏìå,,1.0e-50,
2022/3/29 1:00,8.6,91,,0.0,,0.2,ìåìÏìå,,1.0e-50,
2022/3/29 2:00,8.9,89,,0.0,,0.4,ñkìå,,1.0e-50,
2022/3/29 3:00,8.4,92,,0.0,,0.0,ñkêº,,1.0e-50,
2022/3/29 4:00,8.3,91,,0.0,,0.5,ìÏ,,1.0e-50,
2022/3/29 5:00,8.5,91,,0.2,,0.5,ìåñkìå,,1.0e-50,
2022/3/29 6:00,8.4,91,,0.0,,1.1,ñk,,0.01,
2022/3/29 7:00,8.8,92,,0.0,,0.6,ñkñkìå,,0.01,
2022/3/29 8:00,10.7,83,,0.0,,1.0,ñkñkêº,,0.01,
2022/3/29 9:00,10.5,86,,0.1,,0.5,ìåñkìå,,0.01,
2022/3/29 10:00,11.9,80,,0.6,,0.2,êº,,0.01,
2022/3/29 11:00,12.6,81,,0.8,,0.8,ìÏìÏêº,,0.01,
2022/3/29 12:00,13.0,84,,1.5,,1.0,ìÏìÏêº,,0.01,
2022/3/29 13:00,13.7,82,,1.6,,1.6,ìÏ,,0.01,
2022/3/29 14:00,14.5,77,,0.4,,1.5,ìÏìÏêº,,0.01,
2022/3/29 15:00,14.9,77,,0.3,,1.4,ìÏêº,,0.01,
2022/3/29 16:00,15.3,74,,0.0,,1.1,ìÏêº,,0.01,
2022/3/29 17:00,15.6,72,,0.0,,0.6,êºìÏêº,,0.01,
2022/3/29 18:00,13.8,80,,0.0,,0.2,ìÏìÏìå,,0.01,
2022/3/29 19:00,13.5,79,,0.0,,1.4,ñkñkìå,,0.01,
2022/3/29 20:00,12.6,78,,0.0,,1.3,ñk,,1.0e-50,
2022/3/29 21:00,11.7,82,,0.0,,1.4,ñk,,1.0e-50,
2022/3/29 22:00,10.5,84,,0.0,,1.6,ñkñkêº,,1.0e-50,
2022/3/29 23:00,9.4,87,,0.0,,1.3,ñkñkêº,,1.0e-50,
2022/3/30 0:00,8.4,88,,0.0,,1.2,ñkñkêº,,1.0e-50,
2022/3/30 1:00,7.3,89,,0.0,,0.4,ñkñkìå,,1.0e-50,
2022/3/30 2:00,7.0,90,,0.0,,0.9,ìåìÏìå,,1.0e-50,
2022/3/30 3:00,5.8,92,,0.0,,0.4,ìÏìå,,1.0e-50,
2022/3/30 4:00,5.7,90,,0.0,,1.0,ìÏìå,,1.0e-50,
2022/3/30 5:00,4.9,92,,0.0,,0.6,ìÏìÏêº,,1.0e-50,
2022/3/30 6:00,4.4,93,,0.0,,0.4,ìÏìÏêº,,0.01,
2022/3/30 7:00,5.5,92,,0.0,,0.2,êºìÏêº,,0.01,
2022/3/30 8:00,8.7,76,,0.0,,0.2,êºñkêº,,0.01,
2022/3/30 9:00,11.1,61,,0.0,,0.9,êºñkêº,,0.01,
2022/3/30 10:00,14.2,44,,0.0,,1.5,ñkñkêº,,0.01,
2022/3/30 11:00,16.5,34,,0.0,,1.3,ñkìå,,0.01,
2022/3/30 12:00,17.5,31,,0.0,,0.5,ìåñkìå,,0.01,
2022/3/30 13:00,18.8,27,,0.0,,0.2,ñkìå,,0.01,
2022/3/30 14:00,20.0,25,,0.0,,0.5,ìÏêº,,0.01,
2022/3/30 15:00,20.6,26,,0.0,,0.5,ìÏìå,,0.01,
2022/3/30 16:00,20.9,25,,0.0,,0.6,ìÏ,,0.01,
2022/3/30 17:00,20.7,28,,0.0,,0.4,ìÏìå,,0.01,
2022/3/30 18:00,17.9,36,,0.0,,1.3,ìå,,0.01,
2022/3/30 19:00,15.5,44,,0.0,,1.4,ñkìå,,0.01,
2022/3/30 20:00,13.9,49,,0.0,,1.3,ñkìå,,1.0e-50,
2022/3/30 21:00,12.6,55,,0.0,,1.1,ìåñkìå,,1.0e-50,
2022/3/30 22:00,11.2,58,,0.0,,0.5,ñkñkìå,,1.0e-50,
2022/3/30 23:00,10.8,56,,0.0,,1.1,ñk,,1.0e-50,
2022/3/31 0:00,9.7,60,,0.0,,0.9,ñkìå,,1.0e-50,
2022/3/31 1:00,8.8,63,,0.0,,0.7,ñk,,1.0e-50,
2022/3/31 2:00,8.2,65,,0.0,,0.7,ñk,,1.0e-50,
2022/3/31 3:00,7.5,66,,0.0,,0.6,ñkñkìå,,1.0e-50,
2022/3/31 4:00,7.6,64,,0.0,,1.1,ñkñkìå,,1.0e-50,
2022/3/31 5:00,7.5,63,,0.0,,1.4,ñkìå,,1.0e-50,
2022/3/31 6:00,7.2,63,,0.0,,1.3,ñkìå,,0.01,
2022/3/31 7:00,7.9,61,,0.0,,0.8,ìåñkìå,,0.01,
2022/3/31 8:00,11.6,49,,0.0,,0.9,ñkñkìå,,0.01,
2022/3/31 9:00,14.7,39,,0.0,,0.9,ìÏìå,,0.01,
2022/3/31 10:00,17.2,37,,0.0,,1.5,ìÏ,,0.01,
2022/3/31 11:00,19.2,36,,0.0,,2.4,ìÏìÏêº,,0.01,
2022/3/31 12:00,20.6,28,,0.0,,2.6,ìÏìÏêº,,0.01,
2022/3/31 13:00,21.6,24,,0.0,,3.2,ìÏêº,,0.01,
2022/3/31 14:00,22.0,29,,0.0,,3.6,ìÏêº,,0.01,
2022/3/31 15:00,22.3,33,,0.0,,3.5,ìÏêº,,0.01,
2022/3/31 16:00,22.0,37,,0.0,,3.3,ìÏêº,,0.01,
2022/3/31 17:00,21.0,44,,0.0,,3.1,ìÏêº,,0.01,
2022/3/31 18:00,19.3,54,,0.0,,1.7,ìÏêº,,0.01,
2022/3/31 19:00,17.0,66,,0.0,,1.5,ìÏêº,,0.01,
2022/3/31 20:00,15.9,74,,0.2,,1.5,êºìÏêº,,1.0e-50,
2022/3/31 21:00,14.0,80,,0.0,,0.8,ìÏêº,,1.0e-50,
2022/3/31 22:00,12.6,85,,0.0,,0.6,ìÏìÏêº,,1.0e-50,
2022/3/31 23:00,11.5,89,,0.0,,0.1,ñkñkêº,,1.0e-50,
2022/4/1 0:00,10.9,89,,0.0,,0.2,êº,,1.0e-50,
2022/4/1 1:00,9.6,91,,0.0,,0.2,êº,,1.0e-50,
2022/4/1 2:00,8.6,91,,0.1,,0.1,ìÏìÏêº,,1.0e-50,
2022/4/1 3:00,6.9,95,,0.4,,0.7,ìÏêº,,1.0e-50,
2022/4/1 4:00,6.2,94,,0.2,,1.3,ìÏ,,1.0e-50,
2022/4/1 5:00,4.8,95,,0.1,,0.9,ìÏ,,1.0e-50,
2022/4/1 6:00,3.8,90,,0.0,,1.1,ìÏ,,0.01,
2022/4/1 7:00,4.8,86,,0.0,,0.6,ìÏêº,,0.01,
2022/4/1 8:00,7.4,68,,0.0,,0.4,êº,,0.01,
2022/4/1 9:00,10.4,43,,0.0,,0.9,ñk,,0.01,
2022/4/1 10:00,12.9,27,,0.0,,1.2,ñkñkìå,,0.01,
2022/4/1 11:00,14.9,22,,0.0,,1.3,ñkñkìå,,0.01,
2022/4/1 12:00,15.5,24,,0.0,,1.4,ìåñkìå,,0.01,
2022/4/1 13:00,16.5,23,,0.0,,1.6,ìåñkìå,,0.01,
2022/4/1 14:00,17.2,21,,0.0,,2.0,ìåñkìå,,0.01,
2022/4/1 15:00,17.7,20,,0.0,,1.9,ìåñkìå,,0.01,
2022/4/1 16:00,17.7,21,,0.0,,2.2,ìåñkìå,,0.01,
2022/4/1 17:00,17.0,25,,0.0,,1.6,ìåñkìå,,0.01,
2022/4/1 18:00,15.6,32,,0.0,,1.5,ñkìå,,0.01,
2022/4/1 19:00,13.7,40,,0.0,,1.8,ìåñkìå,,0.01,
2022/4/1 20:00,12.6,56,,0.0,,1.7,ñkìå,,1.0e-50,
2022/4/1 21:00,11.5,71,,0.0,,1.6,ñkìå,,1.0e-50,
2022/4/1 22:00,10.8,76,,0.0,,1.5,ñkñkìå,,1.0e-50,
2022/4/1 23:00,10.1,80,,0.0,,1.4,ñkñkìå,,1.0e-50,
2022/4/2 0:00,9.8,86,,0.0,,1.3,ñkñkìå,,1.0e-50,
2022/4/2 1:00,9.7,86,,0.0,,1.6,ñkñkìå,,1.0e-50,
2022/4/2 2:00,9.6,86,,0.0,,1.7,ñkñkìå,,1.0e-50,
2022/4/2 3:00,9.4,87,,0.0,,1.7,ñkñkìå,,1.0e-50,
2022/4/2 4:00,9.3,89,,0.0,,1.7,ñkìå,,1.0e-50,
2022/4/2 5:00,9.4,88,,0.0,,1.8,ñkìå,,1.0e-50,
2022/4/2 6:00,9.1,89,,0.0,,1.7,ñkñkìå,,0.01,
2022/4/2 7:00,9.9,84,,0.0,,1.7,ñkìå,,0.01,
2022/4/2 8:00,12.2,71,,0.0,,1.9,ìåñkìå,,0.01,
2022/4/2 9:00,13.9,60,,0.0,,2.5,ìå,,0.01,
2022/4/2 10:00,15.7,50,,0.0,,2.4,ìåìÏìå,,0.01,
2022/4/2 11:00,17.3,42,,0.0,,2.8,ìÏìå,,0.01,
2022/4/2 12:00,18.1,39,,0.0,,3.0,ìÏìå,,0.01,
2022/4/2 13:00,19.0,38,,0.0,,2.9,ìÏìå,,0.01,
2022/4/2 14:00,19.3,40,,0.0,,3.1,ìÏìå,,0.01,
2022/4/2 15:00,18.8,41,,0.0,,3.2,ìåìÏìå,,0.01,
2022/4/2 16:00,18.4,45,,0.0,,3.2,ìåìÏìå,,0.01,
2022/4/2 17:00,17.3,51,,0.0,,2.9,ìÏìå,,0.01,
2022/4/2 18:00,16.1,59,,0.0,,1.5,ìåìÏìå,,0.01,
2022/4/2 19:00,15.1,63,,0.0,,1.0,ìåñkìå,,0.01,
2022/4/2 20:00,14.5,65,,0.1,,1.2,ìåñkìå,,1.0e-50,
2022/4/2 21:00,13.7,69,,0.0,,1.1,ñkìå,,1.0e-50,
2022/4/2 22:00,13.2,71,,0.0,,1.2,ñkñkìå,,1.0e-50,
2022/4/2 23:00,12.8,73,,0.0,,1.3,ñkñkìå,,1.0e-50,
2022/4/3 0:00,12.4,75,,0.0,,1.5,ñkñkìå,,1.0e-50,
2022/4/3 1:00,12.3,76,,0.0,,1.5,ñkñkìå,,1.0e-50,
2022/4/3 2:00,12.0,77,,0.0,,1.6,ñkñkìå,,1.0e-50,
2022/4/3 3:00,11.1,80,,0.0,,1.5,ñk,,1.0e-50,
2022/4/3 4:00,11.0,81,,0.0,,1.6,ñkñkìå,,1.0e-50,
2022/4/3 5:00,10.8,82,,0.0,,1.7,ñkñkìå,,1.0e-50,
2022/4/3 6:00,10.5,85,,0.0,,1.6,ñkñkìå,,0.01,
2022/4/3 7:00,11.1,83,,0.0,,1.4,ñkñkìå,,0.01,
2022/4/3 8:00,12.8,75,,0.0,,0.9,ñkñkìå,,0.01,
2022/4/3 9:00,14.6,67,,0.0,,1.1,ìåìÏìå,,0.01,
2022/4/3 10:00,16.5,60,,0.0,,1.7,ìåìÏìå,,0.01,
2022/4/3 11:00,18.3,51,,0.0,,1.8,ìÏìå,,0.01,
2022/4/3 12:00,19.5,47,,0.0,,1.6,ìåìÏìå,,0.01,
2022/4/3 13:00,20.1,44,,0.0,,1.8,ìåìÏìå,,0.01,
2022/4/3 14:00,20.2,43,,0.0,,1.7,ìåìÏìå,,0.01,
2022/4/3 15:00,20.5,44,,0.0,,1.3,ìåìÏìå,,0.01,
2022/4/3 16:00,20.0,47,,0.0,,1.2,ìåìÏìå,,0.01,
2022/4/3 17:00,19.1,53,,0.0,,1.3,ìå,,0.01,
2022/4/3 18:00,17.6,61,,0.0,,1.5,ìÏìå,,0.01,
2022/4/3 19:00,16.5,68,,0.0,,1.0,ìÏìå,,0.01,
2022/4/3 20:00,15.6,73,,0.0,,0.9,ìÏìÏìå,,1.0e-50,
2022/4/3 21:00,14.5,76,,0.0,,0.6,ìÏ,,1.0e-50,
2022/4/3 22:00,14.1,77,,0.0,,0.9,êºìÏêº,,1.0e-50,
2022/4/3 23:00,13.6,79,,0.2,,1.1,êºìÏêº,,1.0e-50,
2022/4/4 0:00,12.7,85,,0.4,,0.6,ìÏ,,1.0e-50,
2022/4/4 1:00,12.2,90,,1.3,,0.7,ìÏìÏìå,,1.0e-50,
2022/4/4 2:00,12.1,93,,1.3,,1.2,ìÏ,,1.0e-50,
2022/4/4 3:00,11.5,93,,1.4,,0.6,êºìÏêº,,1.0e-50,
2022/4/4 4:00,11.4,93,,0.9,,1.3,ìÏêº,,1.0e-50,
2022/4/4 5:00,11.0,93,,0.2,,1.1,ìÏêº,,1.0e-50,
2022/4/4 6:00,10.9,90,,0.1,,1.2,ìÏêº,,0.01,
2022/4/4 7:00,10.9,88,,0.0,,0.9,ìÏìÏêº,,0.01,
2022/4/4 8:00,11.8,76,,0.0,,1.6,êºìÏêº,,0.01,
2022/4/4 9:00,13.7,67,,0.0,,2.4,ìÏêº,,0.01,
2022/4/4 10:00,15.0,59,,0.0,,3.7,ìÏêº,,0.01,
2022/4/4 11:00,15.1,53,,0.3,,5.0,êºìÏêº,,0.01,
2022/4/4 12:00,13.9,56,,0.5,,5.1,êº,,0.01,
2022/4/4 13:00,11.8,54,,0.1,,5.9,êºñkêº,,0.01,
2022/4/4 14:00,10.8,55,,0.1,,5.8,êºñkêº,,0.01,
2022/4/4 15:00,10.6,55,,0.1,,5.0,ñkêº,,0.01,
2022/4/4 16:00,9.7,57,,0.0,,4.7,ñkêº,,0.01,
2022/4/4 17:00,8.8,59,,0.0,,4.5,ñkêº,,0.01,
2022/4/4 18:00,8.3,63,,0.1,,3.6,ñkêº,,0.01,
2022/4/4 19:00,7.5,63,,0.1,,3.1,ñkêº,,0.01,
2022/4/4 20:00,7.0,66,,0.1,,2.9,ñkêº,,1.0e-50,
2022/4/4 21:00,6.3,69,,0.1,,2.6,êºñkêº,,1.0e-50,
2022/4/4 22:00,6.0,71,,0.0,,2.5,êºñkêº,,1.0e-50,
2022/4/4 23:00,5.8,64,,0.0,,2.5,êºñkêº,,1.0e-50,
2022/4/5 0:00,5.7,58,,0.0,,2.2,êºñkêº,,1.0e-50,
2022/4/5 1:00,5.1,60,,0.0,,2.0,êº,,1.0e-50,
2022/4/5 2:00,4.6,63,,0.0,,1.7,êº,,1.0e-50,
2022/4/5 3:00,3.8,66,,0.0,,1.7,êº,,1.0e-50,
2022/4/5 4:00,3.4,66,,0.0,,1.5,êº,,1.0e-50,
2022/4/5 5:00,2.9,67,,0.0,,1.1,êº,,1.0e-50,
2022/4/5 6:00,2.9,70,,0.0,,1.1,êºìÏêº,,0.01,
2022/4/5 7:00,3.6,68,,0.0,,1.5,êº,,0.01,
2022/4/5 8:00,4.8,64,,0.0,,1.8,êº,,0.01,
2022/4/5 9:00,6.8,57,,0.0,,1.9,êºñkêº,,0.01,
2022/4/5 10:00,7.5,54,,0.0,,2.0,êºñkêº,,0.01,
2022/4/5 11:00,8.2,49,,0.0,,2.0,êº,,0.01,
2022/4/5 12:00,8.8,44,,0.0,,1.8,êºìÏêº,,0.01,
2022/4/5 13:00,9.3,44,,0.0,,2.2,êºìÏêº,,0.01,
2022/4/5 14:00,9.7,44,,0.0,,2.2,êºìÏêº,,0.01,
2022/4/5 15:00,10.4,44,,0.0,,2.5,êºìÏêº,,0.01,
2022/4/5 16:00,10.5,45,,0.0,,2.8,ìÏêº,,0.01,
2022/4/5 17:00,10.2,48,,0.0,,2.6,ìÏêº,,0.01,
2022/4/5 18:00,8.9,64,,0.0,,2.6,ìÏêº,,0.01,
2022/4/5 19:00,8.1,68,,0.5,,2.0,êºìÏêº,,0.01,
2022/4/5 20:00,7.3,69,,0.8,,1.2,êºìÏêº,,1.0e-50,
2022/4/5 21:00,7.1,72,,0.5,,1.6,êºìÏêº,,1.0e-50,
2022/4/5 22:00,6.6,75,,1.1,,1.1,ìÏêº,,1.0e-50,
2022/4/5 23:00,6.3,77,,0.2,,1.2,ìÏêº,,1.0e-50,
2022/4/6 0:00,5.9,80,,0.4,,0.4,ìÏìÏêº,,1.0e-50,
2022/4/6 1:00,5.8,81,,0.0,,0.7,ìÏêº,,1.0e-50,
2022/4/6 2:00,5.3,85,,0.0,,0.7,ìÏêº,,1.0e-50,
2022/4/6 3:00,5.2,84,,0.0,,1.0,ñkêº,,1.0e-50,
2022/4/6 4:00,5.1,81,,0.0,,1.1,ñkêº,,1.0e-50,
2022/4/6 5:00,4.9,80,,0.0,,1.0,êºñkêº,,1.0e-50,
2022/4/6 6:00,4.7,78,,0.0,,1.7,êºñkêº,,0.01,
2022/4/6 7:00,4.9,76,,0.0,,2.4,êºñkêº,,0.01,
2022/4/6 8:00,5.0,74,,0.1,,2.7,ñkêº,,0.01,
2022/4/6 9:00,6.0,70,,0.1,,1.9,êºñkêº,,0.01,
2022/4/6 10:00,6.9,64,,0.0,,2.5,êºñkêº,,0.01,
2022/4/6 11:00,7.5,61,,0.1,,3.4,êºñkêº,,0.01,
2022/4/6 12:00,7.4,58,,0.1,,4.3,ñkêº,,0.01,
2022/4/6 13:00,8.6,43,,0.2,,4.5,ñkêº,,0.01,
2022/4/6 14:00,8.7,40,,0.0,,4.7,ñkêº,,0.01,
2022/4/6 15:00,8.4,45,,0.0,,4.4,ñkêº,,0.01,
2022/4/6 16:00,8.2,46,,0.0,,4.2,ñkêº,,0.01,
2022/4/6 17:00,7.6,49,,0.0,,3.8,ñkêº,,0.01,
2022/4/6 18:00,6.5,53,,0.0,,2.8,ñkêº,,0.01,
2022/4/6 19:00,5.8,56,,0.0,,2.1,ñkêº,,0.01,
2022/4/6 20:00,5.3,59,,0.0,,1.1,êº,,1.0e-50,
2022/4/6 21:00,5.0,61,,0.0,,1.3,êºìÏêº,,1.0e-50,
2022/4/6 22:00,4.5,64,,0.0,,1.5,êºìÏêº,,1.0e-50,
2022/4/6 23:00,4.1,67,,0.0,,1.0,êºìÏêº,,1.0e-50,
2022/4/7 0:00,3.7,69,,0.0,,1.0,êºìÏêº,,1.0e-50,
2022/4/7 1:00,3.1,71,,0.0,,0.6,êºìÏêº,,1.0e-50,
2022/4/7 2:00,2.8,71,,0.0,,0.8,ìÏêº,,1.0e-50,
2022/4/7 3:00,2.5,71,,0.0,,1.0,êºñkêº,,1.0e-50,
2022/4/7 4:00,2.2,73,,0.0,,0.5,êºìÏêº,,1.0e-50,
2022/4/7 5:00,1.9,74,,0.0,,0.5,ìÏêº,,1.0e-50,
2022/4/7 6:00,1.9,74,,0.0,,0.7,ìÏêº,,0.01,
2022/4/7 7:00,3.1,69,,0.0,,0.4,ìÏêº,,0.01,
2022/4/7 8:00,5.9,61,,0.0,,1.5,êºìÏêº,,0.01,
2022/4/7 9:00,8.2,53,,0.0,,1.9,êºìÏêº,,0.01,
2022/4/7 10:00,10.3,45,,0.0,,2.2,êºìÏêº,,0.01,
2022/4/7 11:00,12.0,37,,0.0,,2.6,ìÏêº,,0.01,
2022/4/7 12:00,13.1,34,,0.0,,2.7,ìÏêº,,0.01,
2022/4/7 13:00,14.5,32,,0.0,,2.9,ìÏêº,,0.01,
2022/4/7 14:00,15.2,32,,0.0,,3.3,ìÏêº,,0.01,
2022/4/7 15:00,14.9,36,,0.0,,3.2,ìÏêº,,0.01,
2022/4/7 16:00,14.7,35,,0.0,,3.0,ìÏêº,,0.01,
2022/4/7 17:00,13.9,39,,0.0,,2.7,ìÏêº,,0.01,
2022/4/7 18:00,12.7,47,,0.0,,1.9,ìÏìÏêº,,0.01,
2022/4/7 19:00,11.6,54,,0.0,,1.3,ìÏìÏêº,,0.01,
2022/4/7 20:00,10.4,61,,0.0,,1.0,ìÏìÏêº,,1.0e-50,
2022/4/7 21:00,9.5,66,,0.0,,0.9,ìÏêº,,1.0e-50,
2022/4/7 22:00,8.8,71,,0.0,,0.8,ìÏìÏêº,,1.0e-50,
2022/4/7 23:00,8.5,74,,0.0,,0.7,ìÏìÏêº,,1.0e-50,
2022/4/8 0:00,7.7,82,,0.0,,0.5,ìÏ,,1.0e-50,
2022/4/8 1:00,7.2,85,,0.0,,0.2,ìÏìå,,1.0e-50,
2022/4/8 2:00,6.7,87,,0.0,,0.5,ìÏìå,,1.0e-50,
2022/4/8 3:00,6.1,89,,0.0,,0.5,ìÏìÏêº,,1.0e-50,
2022/4/8 4:00,5.7,87,,0.0,,0.6,ìÏ,,1.0e-50,
2022/4/8 5:00,5.2,88,,0.0,,0.4,ìÏìÏìå,,1.0e-50,
2022/4/8 6:00,5.5,87,,0.0,,1.0,ìÏ,,0.01,
2022/4/8 7:00,7.0,79,,0.0,,0.9,ìÏ,,0.01,
2022/4/8 8:00,9.8,69,,0.0,,1.0,ìÏìÏêº,,0.01,
2022/4/8 9:00,12.5,57,,0.0,,1.2,ìÏêº,,0.01,
2022/4/8 10:00,15.0,46,,0.0,,1.2,êºìÏêº,,0.01,
2022/4/8 11:00,17.0,39,,0.0,,1.0,êº,,0.01,
2022/4/8 12:00,18.5,35,,0.0,,1.2,êºñkêº,,0.01,
2022/4/8 13:00,19.7,32,,0.0,,1.7,êºñkêº,,0.01,
2022/4/8 14:00,20.3,31,,0.0,,2.1,ñkêº,,0.01,
2022/4/8 15:00,20.5,32,,0.0,,2.3,ñk,,0.01,
2022/4/8 16:00,20.2,33,,0.0,,2.7,ñk,,0.01,
2022/4/8 17:00,19.0,37,,0.0,,2.8,ñk,,0.01,
2022/4/8 18:00,17.5,45,,0.0,,1.6,ñk,,0.01,
2022/4/8 19:00,15.4,55,,0.0,,1.6,ñk,,0.01,
2022/4/8 20:00,14.0,60,,0.0,,1.1,ñkñkìå,,1.0e-50,
2022/4/8 21:00,12.0,70,,0.0,,0.4,ìå,,1.0e-50,
2022/4/8 22:00,10.9,79,,0.0,,0.4,ìÏìÏìå,,1.0e-50,
2022/4/8 23:00,10.2,82,,0.0,,0.6,ñkñkìå,,1.0e-50,
2022/4/9 0:00,10.3,70,,0.0,,1.5,ñkñkìå,,1.0e-50,
2022/4/9 1:00,9.8,63,,0.0,,1.3,ñkñkìå,,1.0e-50,
2022/4/9 2:00,9.3,62,,0.0,,1.2,ñkìå,,1.0e-50,
2022/4/9 3:00,8.3,69,,0.0,,1.0,ñkñkìå,,1.0e-50,
2022/4/9 4:00,7.3,76,,0.0,,0.5,ñkìå,,1.0e-50,
2022/4/9 5:00,7.1,79,,0.0,,0.6,ñkìå,,1.0e-50,
2022/4/9 6:00,8.1,67,,0.0,,1.4,ñk,,0.01,
2022/4/9 7:00,9.5,63,,0.0,,1.0,ñkñkìå,,0.01,
2022/4/9 8:00,12.2,55,,0.0,,0.4,ìåìÏìå,,0.01,
2022/4/9 9:00,15.1,45,,0.0,,0.3,ñkìå,,0.01,
2022/4/9 10:00,17.1,37,,0.0,,0.3,ìÏ,,0.01,
2022/4/9 11:00,18.7,34,,0.0,,1.1,ìÏìÏêº,,0.01,
2022/4/9 12:00,19.8,30,,0.0,,1.1,êºìÏêº,,0.01,
2022/4/9 13:00,20.7,27,,0.0,,1.5,ìÏêº,,0.01,
2022/4/9 14:00,21.3,26,,0.0,,1.8,ìÏêº,,0.01,
2022/4/9 15:00,21.9,28,,0.0,,1.4,ìÏêº,,0.01,
2022/4/9 16:00,21.9,29,,0.0,,2.0,ìÏêº,,0.01,
2022/4/9 17:00,21.1,33,,0.0,,2.2,ìÏêº,,0.01,
2022/4/9 18:00,19.1,40,,0.0,,1.5,ìÏêº,,0.01,
2022/4/9 19:00,16.4,53,,0.0,,0.3,ìå,,0.01,
2022/4/9 20:00,15.2,55,,0.0,,0.8,ìÏìÏìå,,1.0e-50,
2022/4/9 21:00,13.5,62,,0.0,,0.4,ìå,,1.0e-50,
2022/4/9 22:00,12.5,62,,0.0,,0.2,êºìÏêº,,1.0e-50,
2022/4/9 23:00,11.8,62,,0.0,,0.4,êº,,1.0e-50,
2022/4/10 0:00,11.1,65,,0.0,,0.5,ñkêº,,1.0e-50,
2022/4/10 1:00,10.3,73,,0.0,,0.4,êºñkêº,,1.0e-50,
2022/4/10 2:00,9.6,81,,0.0,,0.3,ñkñkêº,,1.0e-50,
2022/4/10 3:00,9.3,86,,0.0,,0.7,ñkêº,,1.0e-50,
2022/4/10 4:00,8.6,90,,0.0,,0.5,êºìÏêº,,1.0e-50,
2022/4/10 5:00,8.0,91,,0.0,,0.6,ìÏêº,,1.0e-50,
2022/4/10 6:00,7.7,91,,0.0,,0.5,êº,,0.01,
2022/4/10 7:00,9.3,83,,0.0,,0.6,ìÏìÏìå,,0.01,
2022/4/10 8:00,12.4,72,,0.0,,1.4,ìÏìÏêº,,0.01,
2022/4/10 9:00,15.7,58,,0.0,,2.1,êºìÏêº,,0.01,
2022/4/10 10:00,18.4,45,,0.0,,2.4,êºìÏêº,,0.01,
2022/4/10 11:00,20.4,34,,0.0,,2.8,êºñkêº,,0.01,
2022/4/10 12:00,20.8,30,,0.0,,4.1,ñkêº,,0.01,
2022/4/10 13:00,20.5,32,,0.0,,4.2,ñkêº,,0.01,
2022/4/10 14:00,19.3,43,,0.0,,5.0,ñkêº,,0.01,
2022/4/10 15:00,15.9,54,,0.0,,5.3,ñkñkêº,,0.01,
2022/4/10 16:00,14.0,57,,0.0,,4.3,ñkñkêº,,0.01,
2022/4/10 17:00,13.0,53,,0.0,,4.0,ñkñkêº,,0.01,
2022/4/10 18:00,12.1,54,,0.0,,3.6,ñkñkêº,,0.01,
2022/4/10 19:00,10.8,58,,0.0,,3.0,ñkñkêº,,0.01,
2022/4/10 20:00,9.8,59,,0.0,,2.8,ñkñkêº,,1.0e-50,
2022/4/10 21:00,9.3,67,,0.0,,1.3,ñkñkêº,,1.0e-50,
2022/4/10 22:00,8.4,70,,0.0,,1.0,ñkñkêº,,1.0e-50,
2022/4/10 23:00,7.7,71,,0.0,,0.9,êº,,1.0e-50,
2022/4/11 0:00,7.0,75,,0.0,,1.2,êºñkêº,,1.0e-50,
2022/4/11 1:00,6.4,75,,0.0,,1.2,ñkêº,,1.0e-50,
2022/4/11 2:00,5.8,74,,0.0,,1.2,ñkñkêº,,1.0e-50,
2022/4/11 3:00,5.4,75,,0.0,,1.4,ñkñkêº,,1.0e-50,
2022/4/11 4:00,4.8,74,,0.0,,1.0,ñk,,1.0e-50,
2022/4/11 5:00,3.9,76,,0.0,,0.6,ñk,,1.0e-50,
2022/4/11 6:00,3.7,77,,0.0,,0.6,ñkñkêº,,0.01,
2022/4/11 7:00,5.3,68,,0.0,,0.5,êº,,0.01,
2022/4/11 8:00,7.8,54,,0.0,,0.9,ñkêº,,0.01,
2022/4/11 9:00,8.9,48,,0.0,,0.4,êº,,0.01,
2022/4/11 10:00,10.8,36,,0.0,,0.7,ñk,,0.01,
2022/4/11 11:00,13.0,26,,0.0,,1.0,ñkñkìå,,0.01,
2022/4/11 12:00,14.5,21,,0.0,,1.7,ñk,,0.01,
2022/4/11 13:00,15.7,18,,0.0,,3.0,ñk,,0.01,
2022/4/11 14:00,15.6,18,,0.0,,3.1,ñkñkêº,,0.01,
2022/4/11 15:00,16.2,21,,0.0,,3.1,ñkñkêº,,0.01,
2022/4/11 16:00,15.6,22,,0.0,,3.2,ñkñkêº,,0.01,
2022/4/11 17:00,14.6,24,,0.0,,2.8,ñkñkêº,,0.01,
2022/4/11 18:00,13.4,29,,0.0,,1.8,ñkñkêº,,0.01,
2022/4/11 19:00,11.5,36,,0.0,,1.4,ñk,,0.01,
2022/4/11 20:00,10.0,39,,0.0,,0.9,ñkñkìå,,1.0e-50,
2022/4/11 21:00,8.7,46,,0.0,,0.4,ìåñkìå,,1.0e-50,
2022/4/11 22:00,7.6,51,,0.0,,0.3,ìå,,1.0e-50,
2022/4/11 23:00,6.9,54,,0.0,,0.1,êºìÏêº,,1.0e-50,
2022/4/12 0:00,5.9,59,,0.0,,0.1,ñkñkìå,,1.0e-50,
2022/4/12 1:00,5.3,60,,0.0,,0.4,ñkìå,,1.0e-50,
2022/4/12 2:00,4.7,62,,0.0,,0.3,ìåñkìå,,1.0e-50,
2022/4/12 3:00,4.4,56,,0.0,,0.7,ñkêº,,1.0e-50,
2022/4/12 4:00,3.7,59,,0.0,,0.3,êºñkêº,,1.0e-50,
2022/4/12 5:00,3.4,60,,0.0,,0.3,ìå,,1.0e-50,
2022/4/12 6:00,3.6,59,,0.0,,0.3,ñkìå,,0.01,
2022/4/12 7:00,5.9,49,,0.0,,0.9,ìå,,0.01,
2022/4/12 8:00,8.4,46,,0.0,,1.0,ñkìå,,0.01,
2022/4/12 9:00,11.2,35,,0.0,,1.1,ñkìå,,0.01,
2022/4/12 10:00,13.1,26,,0.0,,0.7,ñkìå,,0.01,
2022/4/12 11:00,14.9,20,,0.0,,0.5,ñk,,0.01,
2022/4/12 12:00,16.8,20,,0.0,,0.7,êº,,0.01,
2022/4/12 13:00,18.0,15,,0.0,,1.7,êºñkêº,,0.01,
2022/4/12 14:00,18.5,13,,0.0,,2.8,ñkñkêº,,0.01,
2022/4/12 15:00,18.9,15,,0.0,,2.6,ñkñkêº,,0.01,
2022/4/12 16:00,18.5,16,,0.0,,2.6,ñkñkêº,,0.01,
2022/4/12 17:00,17.4,18,,0.0,,2.1,ñk,,0.01,
2022/4/12 18:00,16.1,25,,0.0,,1.1,ñk,,0.01,
2022/4/12 19:00,14.5,30,,0.0,,1.3,ñk,,0.01,
2022/4/12 20:00,13.1,31,,0.0,,0.7,ñk,,1.0e-50,
2022/4/12 21:00,11.5,33,,0.0,,0.6,ñkñkêº,,1.0e-50,
2022/4/12 22:00,10.5,37,,0.0,,0.1,ñkñkìå,,1.0e-50,
2022/4/12 23:00,10.2,40,,0.0,,0.7,ìå,,1.0e-50,
2022/4/13 0:00,9.3,44,,0.0,,0.6,ìåñkìå,,1.0e-50,
2022/4/13 1:00,8.7,49,,0.0,,0.6,ìå,,1.0e-50,
2022/4/13 2:00,8.4,55,,0.0,,0.6,ñkìå,,1.0e-50,
2022/4/13 3:00,7.9,58,,0.0,,0.8,ñkñkìå,,1.0e-50,
2022/4/13 4:00,7.9,53,,0.0,,1.1,ñkñkìå,,1.0e-50,
2022/4/13 5:00,7.8,50,,0.0,,1.0,ñkñkìå,,1.0e-50,
2022/4/13 6:00,8.3,47,,0.0,,1.4,ñkñkìå,,0.01,
2022/4/13 7:00,8.8,49,,0.0,,0.7,ñkñkìå,,0.01,
2022/4/13 8:00,10.3,47,,0.0,,0.5,ìåñkìå,,0.01,
2022/4/13 9:00,11.9,48,,0.0,,1.1,ìåñkìå,,0.01,
2022/4/13 10:00,13.6,35,,0.0,,1.5,ìåñkìå,,0.01,
2022/4/13 11:00,14.8,27,,0.0,,1.6,ìå,,0.01,
2022/4/13 12:00,15.7,27,,0.0,,1.5,ìåñkìå,,0.01,
2022/4/13 13:00,16.2,26,,0.0,,1.4,ñkìå,,0.01,
2022/4/13 14:00,16.5,27,,0.0,,1.0,ìåñkìå,,0.01,
2022/4/13 15:00,16.4,33,,0.0,,0.9,ñkìå,,0.01,
2022/4/13 16:00,16.3,34,,0.0,,0.4,ìÏìÏìå,,0.01,
2022/4/13 17:00,15.9,39,,0.0,,0.4,ìåìÏìå,,0.01,
2022/4/13 18:00,14.8,47,,0.0,,0.9,ìåñkìå,,0.01,
2022/4/13 19:00,13.7,54,,0.0,,1.0,ñkñkìå,,0.01,
2022/4/13 20:00,12.8,56,,0.0,,0.9,ñkñkìå,,1.0e-50,
2022/4/13 21:00,12.2,61,,0.0,,0.9,ñkñkìå,,1.0e-50,
2022/4/13 22:00,11.5,59,,0.0,,0.8,ñkìå,,1.0e-50,
2022/4/13 23:00,10.9,57,,0.0,,1.0,ñkñkìå,,1.0e-50,
2022/4/14 0:00,10.5,55,,0.0,,1.1,ñkñkìå,,1.0e-50,
2022/4/14 1:00,10.0,60,,0.0,,0.7,ñkìå,,1.0e-50,
2022/4/14 2:00,9.4,64,,0.0,,0.4,ñkñkìå,,1.0e-50,
2022/4/14 3:00,8.9,63,,0.0,,0.9,ñkñkìå,,1.0e-50,
2022/4/14 4:00,8.5,61,,0.0,,1.0,ñkñkìå,,1.0e-50,
2022/4/14 5:00,8.1,62,,0.0,,1.3,ñkñkìå,,1.0e-50,
2022/4/14 6:00,8.0,60,,0.0,,1.5,ñk,,0.01,
2022/4/14 7:00,9.1,53,,0.0,,1.0,ñkñkìå,,0.01,
2022/4/14 8:00,12.1,38,,0.0,,1.5,ñkñkìå,,0.01,
2022/4/14 9:00,14.7,28,,0.0,,1.5,ñkñkìå,,0.01,
2022/4/14 10:00,16.4,23,,0.0,,2.1,ñkñkìå,,0.01,
2022/4/14 11:00,17.4,21,,0.0,,2.6,ñkñkìå,,0.01,
2022/4/14 12:00,17.9,20,,0.0,,2.5,ñk,,0.01,
2022/4/14 13:00,18.1,21,,0.0,,2.8,ñk,,0.01,
2022/4/14 14:00,18.0,22,,0.0,,3.1,ñk,,0.01,
2022/4/14 15:00,18.4,23,,0.0,,2.9,ñk,,0.01,
2022/4/14 16:00,17.0,27,,0.0,,3.6,ñk,,0.01,
2022/4/14 17:00,14.8,35,,0.0,,3.5,ñkñkêº,,0.01,
2022/4/14 18:00,14.0,38,,0.0,,2.6,ñkñkêº,,0.01,
2022/4/14 19:00,12.1,46,,0.0,,2.2,ñk,,0.01,
2022/4/14 20:00,10.8,49,,0.0,,1.4,ñkñkìå,,1.0e-50,
2022/4/14 21:00,9.7,54,,0.0,,1.1,ñkñkìå,,1.0e-50,
2022/4/14 22:00,8.9,57,,0.0,,0.9,ñkñkìå,,1.0e-50,
2022/4/14 23:00,8.1,60,,0.0,,0.9,ñkñkìå,,1.0e-50,
2022/4/15 0:00,7.5,50,,0.0,,1.1,ñkñkìå,,1.0e-50,
2022/4/15 1:00,7.1,49,,0.0,,1.1,ñkñkìå,,1.0e-50,
2022/4/15 2:00,6.8,48,,0.0,,1.2,ñkñkìå,,1.0e-50,
2022/4/15 3:00,6.4,50,,0.0,,1.2,ñkñkìå,,1.0e-50,
2022/4/15 4:00,6.0,52,,0.0,,1.2,ñk,,1.0e-50,
2022/4/15 5:00,5.4,59,,0.0,,0.9,ñkñkìå,,1.0e-50,
2022/4/15 6:00,5.5,59,,0.0,,1.0,ñkñkêº,,0.01,
2022/4/15 7:00,7.5,55,,0.0,,0.8,êºñkêº,,0.01,
2022/4/15 8:00,10.2,47,,0.0,,0.6,ìÏìÏêº,,0.01,
2022/4/15 9:00,12.6,38,,0.0,,1.4,ìÏêº,,0.01,
2022/4/15 10:00,14.8,29,,0.0,,2.2,ìÏêº,,0.01,
2022/4/15 11:00,16.7,23,,0.0,,2.3,êºìÏêº,,0.01,
2022/4/15 12:00,18.0,20,,0.0,,2.4,ìÏêº,,0.01,
2022/4/15 13:00,19.2,18,,0.0,,2.4,ìÏêº,,0.01,
2022/4/15 14:00,20.1,17,,0.0,,2.3,êºìÏêº,,0.01,
2022/4/15 15:00,20.9,20,,0.0,,2.3,ìÏêº,,0.01,
2022/4/15 16:00,20.6,23,,0.0,,3.0,ìÏêº,,0.01,
2022/4/15 17:00,19.5,29,,0.0,,3.0,ìÏêº,,0.01,
2022/4/15 18:00,17.8,36,,0.0,,2.2,ìÏìÏêº,,0.01,
2022/4/15 19:00,15.7,45,,0.0,,0.9,ìÏêº,,0.01,
2022/4/15 20:00,14.1,50,,0.0,,0.8,ìÏêº,,1.0e-50,
2022/4/15 21:00,12.6,56,,0.0,,0.5,ìÏêº,,1.0e-50,
2022/4/15 22:00,11.8,59,,0.0,,0.7,êºñkêº,,1.0e-50,
2022/4/15 23:00,11.6,58,,0.0,,1.0,êºñkêº,,1.0e-50,
2022/4/16 0:00,10.6,63,,0.0,,0.9,êºñkêº,,1.0e-50,
2022/4/16 1:00,10.6,68,,0.0,,1.3,ñkêº,,1.0e-50,
2022/4/16 2:00,9.4,81,,0.0,,0.5,ñkñkêº,,1.0e-50,
2022/4/16 3:00,8.9,81,,0.0,,0.2,ìÏìå,,1.0e-50,
2022/4/16 4:00,8.6,82,,0.0,,0.8,ìÏìÏìå,,1.0e-50,
2022/4/16 5:00,8.5,83,,0.0,,1.2,ìÏìÏìå,,1.0e-50,
2022/4/16 6:00,8.5,84,,0.0,,1.2,ìÏìÏêº,,0.01,
2022/4/16 7:00,9.9,77,,0.0,,0.7,ìÏ,,0.01,
2022/4/16 8:00,12.5,67,,0.0,,0.9,ìÏ,,0.01,
2022/4/16 9:00,15.0,57,,0.0,,0.9,êº,,0.01,
2022/4/16 10:00,17.0,49,,0.0,,1.3,ìÏêº,,0.01,
2022/4/16 11:00,18.7,42,,0.0,,1.3,ìÏêº,,0.01,
2022/4/16 12:00,19.7,36,,0.0,,1.9,ìÏêº,,0.01,
2022/4/16 13:00,20.6,33,,0.0,,2.6,ìÏêº,,0.01,
2022/4/16 14:00,21.2,30,,0.0,,2.3,ìÏêº,,0.01,
2022/4/16 15:00,21.2,29,,0.0,,2.3,ìÏêº,,0.01,
2022/4/16 16:00,20.9,30,,0.0,,2.2,ìÏêº,,0.01,
2022/4/16 17:00,20.1,35,,0.0,,1.6,ìÏêº,,0.01,
2022/4/16 18:00,18.8,42,,0.0,,1.3,ìÏêº,,0.01,
2022/4/16 19:00,17.1,50,,0.0,,1.1,ìÏêº,,0.01,
2022/4/16 20:00,15.8,56,,0.0,,1.0,ìÏêº,,1.0e-50,
2022/4/16 21:00,14.4,62,,0.0,,0.8,ìÏêº,,1.0e-50,
2022/4/16 22:00,13.5,66,,0.0,,0.6,ìÏêº,,1.0e-50,
2022/4/16 23:00,12.8,69,,0.0,,0.5,ìÏêº,,1.0e-50,
2022/4/17 0:00,12.2,71,,0.0,,1.0,ìÏêº,,1.0e-50,
2022/4/17 1:00,11.2,76,,0.0,,0.6,ìÏìÏêº,,1.0e-50,
2022/4/17 2:00,10.6,80,,0.0,,0.6,ìÏìÏêº,,1.0e-50,
2022/4/17 3:00,10.1,82,,0.0,,0.6,ñk,,1.0e-50,
2022/4/17 4:00,10.0,84,,0.0,,0.9,ìÏìÏêº,,1.0e-50,
2022/4/17 5:00,9.5,86,,0.0,,1.0,ìÏìÏêº,,1.0e-50,
2022/4/17 6:00,9.0,88,,0.0,,0.2,ìåìÏìå,,0.01,
2022/4/17 7:00,11.4,80,,0.0,,0.8,ìåìÏìå,,0.01,
2022/4/17 8:00,14.1,74,,0.0,,0.8,ìÏìÏêº,,0.01,
2022/4/17 9:00,16.5,66,,0.0,,1.1,ìÏêº,,0.01,
2022/4/17 10:00,18.6,57,,0.0,,1.2,ìÏêº,,0.01,
2022/4/17 11:00,20.4,49,,0.0,,1.1,ìÏêº,,0.01,
2022/4/17 12:00,21.9,42,,0.0,,1.4,ìÏêº,,0.01,
2022/4/17 13:00,23.2,37,,0.0,,1.8,êºìÏêº,,0.01,
2022/4/17 14:00,24.0,33,,0.0,,2.3,êºìÏêº,,0.01,
2022/4/17 15:00,24.4,33,,0.0,,2.3,ìÏêº,,0.01,
2022/4/17 16:00,24.2,32,,0.0,,2.7,ìÏêº,,0.01,
2022/4/17 17:00,23.0,35,,0.0,,2.4,ìÏìÏêº,,0.01,
2022/4/17 18:00,21.3,40,,0.0,,1.4,ìÏêº,,0.01,
2022/4/17 19:00,19.0,50,,0.0,,0.9,ìÏêº,,0.01,
2022/4/17 20:00,17.6,55,,0.0,,1.0,ìÏêº,,1.0e-50,
2022/4/17 21:00,16.1,63,,0.0,,0.5,êºìÏêº,,1.0e-50,
2022/4/17 22:00,15.4,66,,0.0,,0.5,ñkñkìå,,1.0e-50,
2022/4/17 23:00,15.0,65,,0.0,,0.8,ñkìå,,1.0e-50,
2022/4/18 0:00,14.1,69,,0.0,,0.5,ñkñkêº,,1.0e-50,
2022/4/18 1:00,13.8,72,,0.3,,0.4,ìÏ,,1.0e-50,
2022/4/18 2:00,13.6,77,,1.2,,0.6,ñkñkìå,,1.0e-50,
2022/4/18 3:00,13.8,82,,2.0,,1.6,ñkñkêº,,1.0e-50,
2022/4/18 4:00,13.6,76,,1.3,,1.4,ñkñkêº,,1.0e-50,
2022/4/18 5:00,13.0,79,,1.6,,1.5,ìåñkìå,,1.0e-50,
2022/4/18 6:00,12.5,81,,0.7,,1.9,ìåñkìå,,0.01,
2022/4/18 7:00,12.5,82,,0.2,,1.7,ìåñkìå,,0.01,
2022/4/18 8:00,12.8,81,,0.1,,2.0,ìåñkìå,,0.01,
2022/4/18 9:00,13.5,77,,0.0,,2.1,ìåñkìå,,0.01,
2022/4/18 10:00,14.5,70,,0.0,,2.2,ìåñkìå,,0.01,
2022/4/18 11:00,15.6,65,,0.0,,2.1,ìåñkìå,,0.01,
2022/4/18 12:00,16.5,62,,0.0,,1.9,ìåñkìå,,0.01,
2022/4/18 13:00,17.6,58,,0.0,,1.6,ñkìå,,0.01,
2022/4/18 14:00,18.5,54,,0.0,,2.1,ñkìå,,0.01,
2022/4/18 15:00,18.5,55,,0.0,,2.2,ñkìå,,0.01,
2022/4/18 16:00,18.6,54,,0.0,,2.0,ñkñkìå,,0.01,
2022/4/18 17:00,17.6,58,,0.0,,2.6,ñk,,0.01,
2022/4/18 18:00,16.6,60,,0.0,,2.4,ñkñkêº,,0.01,
2022/4/18 19:00,15.1,65,,0.0,,2.0,ñkñkêº,,0.01,
2022/4/18 20:00,14.3,68,,0.0,,1.9,ñkñkêº,,1.0e-50,
2022/4/18 21:00,13.8,72,,0.0,,1.6,ñkñkêº,,1.0e-50,
2022/4/18 22:00,13.1,76,,0.0,,1.6,ñkñkêº,,1.0e-50,
2022/4/18 23:00,12.6,77,,0.0,,1.5,ñk,,1.0e-50,
2022/4/19 0:00,11.6,81,,0.0,,1.1,ñkñkêº,,1.0e-50,
2022/4/19 1:00,11.3,77,,0.0,,1.8,ñkñkêº,,1.0e-50,
2022/4/19 2:00,10.5,73,,0.0,,1.4,ñkñkêº,,1.0e-50,
2022/4/19 3:00,9.6,73,,0.0,,1.3,ñkñkêº,,1.0e-50,
2022/4/19 4:00,8.5,78,,0.0,,0.5,ñkñkêº,,1.0e-50,
2022/4/19 5:00,7.8,82,,0.0,,0.4,ñk,,1.0e-50,
2022/4/19 6:00,8.2,75,,0.0,,0.9,ñk,,0.01,
2022/4/19 7:00,10.0,61,,0.0,,1.1,ñkìå,,0.01,
2022/4/19 8:00,12.1,43,,0.0,,2.8,ñk,,0.01,
2022/4/19 9:00,13.5,35,,0.0,,2.6,ñk,,0.01,
2022/4/19 10:00,14.7,30,,0.0,,3.0,ñk,,0.01,
2022/4/19 11:00,15.5,29,,0.0,,3.2,ñk,,0.01,
2022/4/19 12:00,16.9,27,,0.0,,3.5,ñkñkêº,,0.01,
2022/4/19 13:00,16.7,27,,0.0,,4.1,ñkñkêº,,0.01,
2022/4/19 14:00,15.6,31,,0.0,,4.2,ñkñkêº,,0.01,
2022/4/19 15:00,15.0,35,,0.0,,3.6,ñkñkêº,,0.01,
2022/4/19 16:00,13.5,42,,0.0,,3.8,ñkñkêº,,0.01,
2022/4/19 17:00,11.9,48,,0.0,,3.4,ñkñkêº,,0.01,
2022/4/19 18:00,11.0,49,,0.0,,2.7,ñkñkêº,,0.01,
2022/4/19 19:00,10.1,51,,0.0,,2.4,ñkñkêº,,0.01,
2022/4/19 20:00,9.7,54,,0.0,,1.8,ñk,,1.0e-50,
2022/4/19 21:00,9.2,61,,0.0,,0.7,ñkñkêº,,1.0e-50,
2022/4/19 22:00,8.9,65,,0.0,,0.6,ñk,,1.0e-50,
2022/4/19 23:00,8.3,69,,0.0,,0.8,ìåìÏìå,,1.0e-50,
2022/4/20 0:00,7.5,73,,0.0,,0.8,ñkñkêº,,1.0e-50,
2022/4/20 1:00,6.9,72,,0.0,,0.8,ñk,,1.0e-50,
2022/4/20 2:00,6.5,70,,0.0,,0.8,ñkñkìå,,1.0e-50,
2022/4/20 3:00,6.5,66,,0.0,,1.2,ñkñkìå,,1.0e-50,
2022/4/20 4:00,6.4,64,,0.0,,0.9,ñkñkìå,,1.0e-50,
2022/4/20 5:00,6.4,66,,0.0,,0.9,ñkìå,,1.0e-50,
2022/4/20 6:00,6.9,68,,0.0,,0.9,ñkñkìå,,0.01,
2022/4/20 7:00,8.0,69,,0.0,,1.0,ñkìå,,0.01,
2022/4/20 8:00,9.8,62,,0.0,,1.9,ìåñkìå,,0.01,
2022/4/20 9:00,11.3,62,,0.0,,1.8,ìå,,0.01,
2022/4/20 10:00,12.5,65,,0.0,,2.0,ìåìÏìå,,0.01,
2022/4/20 11:00,13.1,69,,0.2,,1.7,ìåìÏìå,,0.01,
2022/4/20 12:00,14.3,66,,0.2,,2.1,ìÏìå,,0.01,
2022/4/20 13:00,14.9,64,,0.0,,2.7,ìÏìå,,0.01,
2022/4/20 14:00,14.5,69,,0.3,,2.4,ìÏìå,,0.01,
2022/4/20 15:00,14.2,66,,0.5,,2.4,ìåìÏìå,,0.01,
2022/4/20 16:00,14.2,68,,0.0,,2.5,ìåìÏìå,,0.01,
2022/4/20 17:00,13.9,72,,0.0,,1.7,ìå,,0.01,
2022/4/20 18:00,12.7,78,,0.6,,1.8,ìåñkìå,,0.01,
2022/4/20 19:00,12.4,80,,0.3,,1.9,ìåñkìå,,0.01,
2022/4/20 20:00,12.3,80,,0.2,,1.8,ñkìå,,1.0e-50,
2022/4/20 21:00,12.2,77,,0.1,,2.2,ìåñkìå,,1.0e-50,
2022/4/20 22:00,12.2,78,,0.0,,2.1,ìåñkìå,,1.0e-50,
2022/4/20 23:00,12.2,79,,0.0,,2.2,ñkìå,,1.0e-50,
2022/4/21 0:00,11.8,79,,0.0,,2.3,ìåñkìå,,1.0e-50,
2022/4/21 1:00,11.8,80,,0.0,,1.7,ñkìå,,1.0e-50,
2022/4/21 2:00,11.9,81,,0.0,,1.7,ñkìå,,1.0e-50,
2022/4/21 3:00,11.5,82,,0.2,,1.7,ñkìå,,1.0e-50,
2022/4/21 4:00,11.6,82,,0.2,,1.7,ñkìå,,1.0e-50,
2022/4/21 5:00,11.7,82,,0.2,,1.8,ìåñkìå,,1.0e-50,
2022/4/21 6:00,11.6,83,,0.1,,1.4,ñkìå,,0.01,
2022/4/21 7:00,11.8,83,,0.1,,1.3,ñkìå,,0.01,
2022/4/21 8:00,12.4,83,,0.2,,1.5,ìåñkìå,,0.01,
2022/4/21 9:00,13.2,82,,0.2,,1.4,ìåñkìå,,0.01,
2022/4/21 10:00,14.3,78,,0.2,,1.2,ìå,,0.01,
2022/4/21 11:00,15.5,74,,0.0,,1.3,ìå,,0.01,
2022/4/21 12:00,16.4,73,,0.0,,1.7,ìå,,0.01,
2022/4/21 13:00,17.3,69,,0.0,,1.3,ìåìÏìå,,0.01,
2022/4/21 14:00,17.7,69,,0.0,,1.4,ìåìÏìå,,0.01,
2022/4/21 15:00,16.8,76,,0.0,,1.9,ìå,,0.01,
2022/4/21 16:00,16.9,76,,0.0,,1.7,ñkìå,,0.01,
2022/4/21 17:00,16.6,78,,0.0,,1.6,ñkìå,,0.01,
2022/4/21 18:00,16.1,81,,0.0,,1.8,ñkìå,,0.01,
2022/4/21 19:00,15.5,83,,0.0,,1.7,ñkñkìå,,0.01,
2022/4/21 20:00,15.3,84,,0.0,,1.5,ñkñkìå,,1.0e-50,
2022/4/21 21:00,15.1,85,,0.0,,1.1,ñk,,1.0e-50,
2022/4/21 22:00,15.0,84,,0.0,,1.0,ñk,,1.0e-50,
2022/4/21 23:00,14.9,83,,0.0,,1.1,ñk,,1.0e-50,
2022/4/22 0:00,13.4,90,,0.0,,0.4,ñkñkìå,,1.0e-50,
2022/4/22 1:00,12.6,90,,0.0,,0.8,ñkñkêº,,1.0e-50,
2022/4/22 2:00,11.8,91,,0.0,,0.7,ñkñkêº,,1.0e-50,
2022/4/22 3:00,11.7,88,,0.0,,1.1,ñkêº,,1.0e-50,
2022/4/22 4:00,10.9,87,,0.0,,1.0,êºñkêº,,1.0e-50,
2022/4/22 5:00,10.3,88,,0.0,,0.7,êºñkêº,,1.0e-50,
2022/4/22 6:00,10.3,93,,0.0,,0.7,êº,,0.01,
2022/4/22 7:00,11.6,85,,0.0,,0.4,êº,,0.01,
2022/4/22 8:00,13.6,70,,0.0,,1.4,ñkñkêº,,0.01,
2022/4/22 9:00,14.7,61,,0.0,,1.8,ñkêº,,0.01,
2022/4/22 10:00,15.2,56,,0.0,,2.1,ñkêº,,0.01,
2022/4/22 11:00,15.4,54,,0.0,,2.4,ñkñkêº,,0.01,
2022/4/22 12:00,15.9,50,,0.0,,1.4,ñk,,0.01,
2022/4/22 13:00,16.7,45,,0.0,,1.9,ñk,,0.01,
2022/4/22 14:00,16.9,41,,0.0,,2.1,ñkñkêº,,0.01,
2022/4/22 15:00,17.7,38,,0.0,,2.1,ñkñkêº,,0.01,
2022/4/22 16:00,17.5,37,,0.0,,2.4,ñkñkêº,,0.01,
2022/4/22 17:00,16.3,43,,0.0,,2.4,ñkñkêº,,0.01,
2022/4/22 18:00,15.5,51,,0.0,,1.8,ñkñkêº,,0.01,
2022/4/22 19:00,14.2,58,,0.0,,2.2,ñkñkêº,,0.01,
2022/4/22 20:00,13.3,62,,0.0,,1.7,ñkñkêº,,1.0e-50,
2022/4/22 21:00,12.5,64,,0.0,,1.5,ñkñkêº,,1.0e-50,
2022/4/22 22:00,11.9,68,,0.0,,1.4,ñkñkêº,,1.0e-50,
2022/4/22 23:00,11.2,71,,0.0,,1.0,ñk,,1.0e-50,
2022/4/23 0:00,10.2,68,,0.0,,1.0,ñk,,1.0e-50,
2022/4/23 1:00,9.2,71,,0.0,,0.7,ìåñkìå,,1.0e-50,
2022/4/23 2:00,8.7,75,,0.0,,0.9,ìåñkìå,,1.0e-50,
2022/4/23 3:00,8.0,77,,0.0,,0.6,ñkìå,,1.0e-50,
2022/4/23 4:00,7.6,80,,0.0,,0.7,ìå,,1.0e-50,
2022/4/23 5:00,7.3,83,,0.0,,0.5,ìå,,1.0e-50,
2022/4/23 6:00,7.1,77,,0.0,,0.4,ìÏìÏìå,,0.01,
2022/4/23 7:00,9.7,68,,0.0,,0.8,ìÏìå,,0.01,
2022/4/23 8:00,12.8,48,,0.0,,0.8,ñk,,0.01,
2022/4/23 9:00,15.0,41,,0.0,,0.9,ñkñkêº,,0.01,
2022/4/23 10:00,17.2,34,,0.0,,1.5,ñkñkêº,,0.01,
2022/4/23 11:00,18.4,31,,0.0,,2.5,ñkñkêº,,0.01,
2022/4/23 12:00,19.6,26,,0.0,,2.5,ñkñkêº,,0.01,
2022/4/23 13:00,20.0,24,,0.0,,3.5,ñkñkêº,,0.01,
2022/4/23 14:00,19.7,25,,0.0,,4.1,ñkñkêº,,0.01,
2022/4/23 15:00,19.7,24,,0.0,,4.0,ñk,,0.01,
2022/4/23 16:00,18.9,26,,0.0,,3.8,ñkñkêº,,0.01,
2022/4/23 17:00,17.8,29,,0.0,,3.2,ñk,,0.01,
2022/4/23 18:00,16.9,35,,0.0,,1.8,ñk,,0.01,
2022/4/23 19:00,14.9,45,,0.0,,1.3,ñkñkêº,,0.01,
2022/4/23 20:00,13.3,52,,0.0,,1.3,ñkñkêº,,1.0e-50,
2022/4/23 21:00,12.3,55,,0.0,,1.6,ñk,,1.0e-50,
2022/4/23 22:00,11.1,61,,0.0,,0.8,ñkìå,,1.0e-50,
2022/4/23 23:00,10.0,67,,0.0,,0.6,ìåñkìå,,1.0e-50,
2022/4/24 0:00,9.4,71,,0.0,,1.0,ìåñkìå,,1.0e-50,
2022/4/24 1:00,8.3,82,,0.0,,0.5,ìÏìÏìå,,1.0e-50,
2022/4/24 2:00,7.7,86,,0.0,,0.7,êº,,1.0e-50,
2022/4/24 3:00,8.1,64,,0.0,,1.5,ñk,,1.0e-50,
2022/4/24 4:00,7.2,61,,0.0,,0.9,ñkñkìå,,1.0e-50,
2022/4/24 5:00,6.9,66,,0.0,,1.0,ñkìå,,1.0e-50,
2022/4/24 6:00,7.5,58,,0.0,,1.4,ñkñkìå,,0.01,
2022/4/24 7:00,9.1,60,,0.0,,0.1,ìåñkìå,,0.01,
2022/4/24 8:00,12.1,51,,0.0,,0.3,ñkìå,,0.01,
2022/4/24 9:00,14.8,44,,0.0,,1.1,ìåñkìå,,0.01,
2022/4/24 10:00,16.9,30,,0.0,,1.5,ñkìå,,0.01,
2022/4/24 11:00,18.5,23,,0.0,,2.0,ñkìå,,0.01,
2022/4/24 12:00,19.6,19,,0.0,,1.8,ìåñkìå,,0.01,
2022/4/24 13:00,20.4,17,,0.0,,1.4,ìåñkìå,,0.01,
2022/4/24 14:00,20.9,16,,0.0,,1.3,ìåñkìå,,0.01,
2022/4/24 15:00,21.2,18,,0.0,,1.7,ìåñkìå,,0.01,
2022/4/24 16:00,21.2,18,,0.0,,1.8,ìåñkìå,,0.01,
2022/4/24 17:00,20.5,18,,0.0,,2.2,ìåñkìå,,0.01,
2022/4/24 18:00,19.1,21,,0.0,,1.7,ñkìå,,0.01,
2022/4/24 19:00,16.7,35,,0.0,,1.2,ñkñkìå,,0.01,
2022/4/24 20:00,15.3,49,,0.0,,1.2,ñkìå,,1.0e-50,
2022/4/24 21:00,14.4,54,,0.0,,1.5,ñkìå,,1.0e-50,
2022/4/24 22:00,13.4,55,,0.0,,0.8,ìåñkìå,,1.0e-50,
2022/4/24 23:00,12.5,57,,0.0,,0.9,ñkìå,,1.0e-50,
2022/4/25 0:00,11.6,59,,0.0,,0.9,ñkìå,,1.0e-50,
2022/4/25 1:00,10.8,66,,0.0,,0.8,ìåñkìå,,1.0e-50,
2022/4/25 2:00,10.6,67,,0.0,,1.2,ñkìå,,1.0e-50,
2022/4/25 3:00,9.6,74,,0.0,,0.7,ñkñkìå,,1.0e-50,
2022/4/25 4:00,9.0,82,,0.0,,0.5,ñkìå,,1.0e-50,
2022/4/25 5:00,8.5,89,,0.0,,0.4,ñk,,1.0e-50,
2022/4/25 6:00,10.1,79,,0.0,,1.5,ñkìå,,0.01,
2022/4/25 7:00,11.8,70,,0.0,,1.1,ñkìå,,0.01,
2022/4/25 8:00,14.5,60,,0.0,,0.7,ìå,,0.01,
2022/4/25 9:00,16.4,48,,0.0,,0.6,ìÏìÏìå,,0.01,
2022/4/25 10:00,18.2,43,,0.0,,0.9,ìÏ,,0.01,
2022/4/25 11:00,19.7,37,,0.0,,1.4,ìÏêº,,0.01,
2022/4/25 12:00,20.7,31,,0.0,,1.0,ìÏêº,,0.01,
2022/4/25 13:00,21.4,27,,0.0,,1.1,ìÏêº,,0.01,
2022/4/25 14:00,22.0,26,,0.0,,0.9,ìÏêº,,0.01,
2022/4/25 15:00,22.8,28,,0.0,,1.0,ìÏêº,,0.01,
2022/4/25 16:00,22.8,29,,0.0,,1.2,ìÏìÏêº,,0.01,
2022/4/25 17:00,22.1,33,,0.0,,1.4,ìÏìÏêº,,0.01,
2022/4/25 18:00,20.7,40,,0.0,,0.7,ìÏìÏêº,,0.01,
2022/4/25 19:00,19.0,42,,0.0,,1.2,ìÏêº,,0.01,
2022/4/25 20:00,17.3,46,,0.0,,1.1,ìÏêº,,1.0e-50,
2022/4/25 21:00,15.4,54,,0.0,,0.6,ìÏìÏìå,,1.0e-50,
2022/4/25 22:00,14.6,64,,0.0,,1.1,ìÏìÏêº,,1.0e-50,
2022/4/25 23:00,13.7,72,,0.0,,0.8,ìÏêº,,1.0e-50,
2022/4/26 0:00,12.7,75,,0.0,,0.5,ñkêº,,1.0e-50,
2022/4/26 1:00,11.9,85,,0.0,,0.3,ñkñkìå,,1.0e-50,
2022/4/26 2:00,11.3,91,,0.0,,0.4,ñkìå,,1.0e-50,
2022/4/26 3:00,11.4,91,,0.0,,1.1,ñkñkêº,,1.0e-50,
2022/4/26 4:00,10.6,92,,0.0,,0.8,ñkñkìå,,1.0e-50,
2022/4/26 5:00,9.8,93,,0.0,,0.4,ìåñkìå,,1.0e-50,
2022/4/26 6:00,10.5,89,,0.0,,0.7,ñkñkìå,,0.01,
2022/4/26 7:00,12.8,79,,0.0,,0.5,ñk,,0.01,
2022/4/26 8:00,15.8,71,,0.0,,0.6,ìå,,0.01,
2022/4/26 9:00,17.9,64,,0.0,,1.0,ìÏìå,,0.01,
2022/4/26 10:00,19.5,52,,0.0,,0.8,ìÏ,,0.01,
2022/4/26 11:00,20.9,44,,0.0,,0.9,ìÏìå,,0.01,
2022/4/26 12:00,22.4,35,,0.0,,1.6,ìåìÏìå,,0.01,
2022/4/26 13:00,23.2,31,,0.0,,1.8,ìå,,0.01,
2022/4/26 14:00,23.6,30,,0.0,,2.3,ìåìÏìå,,0.01,
2022/4/26 15:00,23.4,30,,0.0,,2.5,ìåìÏìå,,0.01,
2022/4/26 16:00,23.4,27,,0.0,,2.2,ìåìÏìå,,0.01,
2022/4/26 17:00,22.9,29,,0.0,,1.7,ìåìÏìå,,0.01,
2022/4/26 18:00,21.3,40,,0.0,,1.3,ìåìÏìå,,0.01,
2022/4/26 19:00,19.1,54,,0.0,,0.9,ìÏ,,0.01,
2022/4/26 20:00,17.7,62,,0.0,,0.8,ìÏìÏêº,,1.0e-50,
2022/4/26 21:00,16.3,68,,0.0,,0.9,ìÏìÏìå,,1.0e-50,
2022/4/26 22:00,15.3,72,,0.0,,0.7,ìÏìå,,1.0e-50,
2022/4/26 23:00,14.4,74,,0.0,,0.6,ñkìå,,1.0e-50,
2022/4/27 0:00,14.3,72,,0.0,,1.2,ìå,,1.0e-50,
2022/4/27 1:00,13.8,72,,0.0,,1.4,ìåñkìå,,1.0e-50,
2022/4/27 2:00,12.8,77,,0.0,,0.9,ñkñkìå,,1.0e-50,
2022/4/27 3:00,12.8,78,,0.0,,1.3,ñkìå,,1.0e-50,
2022/4/27 4:00,12.5,77,,0.0,,1.5,ñkñkìå,,1.0e-50,
2022/4/27 5:00,12.2,74,,0.0,,1.6,ñkìå,,1.0e-50,
2022/4/27 6:00,11.7,77,,0.0,,1.4,ñkìå,,0.01,
2022/4/27 7:00,13.0,75,,0.0,,1.0,ñkìå,,0.01,
2022/4/27 8:00,15.0,65,,0.0,,0.7,ìÏìÏìå,,0.01,
2022/4/27 9:00,17.3,51,,0.0,,1.4,ìÏìå,,0.01,
2022/4/27 10:00,19.0,38,,0.0,,1.8,ìÏìÏìå,,0.01,
2022/4/27 11:00,20.2,29,,0.0,,2.2,ìÏ,,0.01,
2022/4/27 12:00,21.2,26,,0.0,,2.5,ìÏìÏìå,,0.01,
2022/4/27 13:00,22.0,25,,0.0,,2.4,ìÏ,,0.01,
2022/4/27 14:00,22.5,24,,0.0,,2.2,ìÏ,,0.01,
2022/4/27 15:00,22.9,25,,0.0,,2.4,ìÏìÏìå,,0.01,
2022/4/27 16:00,22.8,26,,0.0,,2.4,ìÏìÏìå,,0.01,
2022/4/27 17:00,21.9,31,,0.0,,2.2,ìÏìÏìå,,0.01,
2022/4/27 18:00,19.8,47,,0.0,,2.3,ìÏìÏêº,,0.01,
2022/4/27 19:00,17.8,56,,0.0,,1.7,ìÏìÏêº,,0.01,
2022/4/27 20:00,16.7,62,,0.0,,0.6,ìÏìÏêº,,1.0e-50,
2022/4/27 21:00,16.0,67,,0.0,,1.0,ìåìÏìå,,1.0e-50,
2022/4/27 22:00,15.3,70,,0.0,,1.0,ìåìÏìå,,1.0e-50,
2022/4/27 23:00,14.6,71,,0.0,,0.9,ìåìÏìå,,1.0e-50,
2022/4/28 0:00,13.9,72,,0.0,,0.6,ìåñkìå,,1.0e-50,
2022/4/28 1:00,13.4,73,,0.0,,0.6,ñkñkìå,,1.0e-50,
2022/4/28 2:00,13.2,72,,0.0,,1.1,ñkìå,,1.0e-50,
2022/4/28 3:00,13.0,70,,0.0,,1.1,ìåñkìå,,1.0e-50,
2022/4/28 4:00,13.0,68,,0.0,,1.3,ñkìå,,1.0e-50,
2022/4/28 5:00,12.8,67,,0.0,,1.3,ñkìå,,1.0e-50,
2022/4/28 6:00,12.5,71,,0.0,,1.1,ìåñkìå,,0.01,
2022/4/28 7:00,13.0,71,,0.0,,1.2,ñkìå,,0.01,
2022/4/28 8:00,14.2,68,,0.0,,1.1,ìåñkìå,,0.01,
2022/4/28 9:00,15.9,65,,0.0,,1.4,ìå,,0.01,
2022/4/28 10:00,17.3,60,,0.0,,1.5,ìåìÏìå,,0.01,
2022/4/28 11:00,18.5,55,,0.0,,1.8,ìÏìå,,0.01,
2022/4/28 12:00,19.2,52,,0.1,,2.0,ìÏìå,,0.01,
2022/4/28 13:00,19.4,52,,0.0,,2.4,ìÏìå,,0.01,
2022/4/28 14:00,18.9,55,,0.1,,2.7,ìÏìå,,0.01,
2022/4/28 15:00,18.7,62,,0.1,,1.6,ìÏìå,,0.01,
2022/4/28 16:00,18.1,65,,0.1,,2.0,ìÏìå,,0.01,
2022/4/28 17:00,17.4,69,,0.1,,1.6,ìåìÏìå,,0.01,
2022/4/28 18:00,16.4,74,,0.1,,1.3,ìå,,0.01,
2022/4/28 19:00,15.9,77,,0.3,,1.4,ìå,,0.01,
2022/4/28 20:00,15.5,78,,0.2,,1.5,ìåñkìå,,1.0e-50,
2022/4/28 21:00,15.4,81,,0.6,,1.8,ìåñkìå,,1.0e-50,
2022/4/28 22:00,15.2,81,,0.6,,1.7,ìåñkìå,,1.0e-50,
2022/4/28 23:00,15.1,82,,0.2,,1.7,ñkìå,,1.0e-50,
2022/4/29 0:00,14.7,83,,0.8,,1.8,ìåñkìå,,1.0e-50,
2022/4/29 1:00,14.6,84,,0.7,,1.6,ìåñkìå,,1.0e-50,
2022/4/29 2:00,14.6,84,,0.6,,1.6,ìåñkìå,,1.0e-50,
2022/4/29 3:00,14.3,87,,1.1,,1.6,ìåñkìå,,1.0e-50,
2022/4/29 4:00,14.4,86,,0.7,,1.8,ìåñkìå,,1.0e-50,
2022/4/29 5:00,14.3,87,,1.4,,1.5,ìåñkìå,,1.0e-50,
2022/4/29 6:00,14.3,86,,2.2,,1.7,ìåñkìå,,0.01,
2022/4/29 7:00,14.4,86,,1.8,,1.6,ìåñkìå,,0.01,
2022/4/29 8:00,14.7,85,,2.3,,1.5,ìåñkìå,,0.01,
2022/4/29 9:00,15.4,80,,2.0,,2.4,ìå,,0.01,
2022/4/29 10:00,16.1,78,,1.1,,2.8,ìå,,0.01,
2022/4/29 11:00,16.7,75,,1.2,,3.0,ìåìÏìå,,0.01,
2022/4/29 12:00,17.3,73,,1.1,,3.3,ìå,,0.01,
2022/4/29 13:00,17.6,72,,0.7,,3.3,ìåìÏìå,,0.01,
2022/4/29 14:00,17.8,72,,0.5,,2.8,ìåìÏìå,,0.01,
2022/4/29 15:00,17.5,74,,1.2,,2.9,ìåìÏìå,,0.01,
2022/4/29 16:00,17.4,74,,0.3,,2.4,ìåìÏìå,,0.01,
2022/4/29 17:00,16.9,78,,1.5,,1.9,ìåìÏìå,,0.01,
2022/4/29 18:00,16.3,77,,3.7,,2.3,ìå,,0.01,
2022/4/29 19:00,16.1,79,,2.8,,2.4,ìå,,0.01,
2022/4/29 20:00,16.3,78,,4.1,,2.5,ìåñkìå,,1.0e-50,
2022/4/29 21:00,15.8,75,,3.8,,2.5,ìåñkìå,,1.0e-50,
2022/4/29 22:00,15.6,79,,4.1,,2.9,ìåñkìå,,1.0e-50,
2022/4/29 23:00,15.7,82,,6.1,,2.1,ìå,,1.0e-50,
2022/4/30 0:00,14.7,82,,6.5,,3.5,ìåñkìå,,1.0e-50,
2022/4/30 1:00,14.8,80,,3.1,,3.5,ìåñkìå,,1.0e-50,
2022/4/30 2:00,14.9,81,,2.2,,3.5,ìåñkìå,,1.0e-50,
2022/4/30 3:00,14.0,79,,2.0,,3.2,ìåñkìå,,1.0e-50,
2022/4/30 4:00,14.1,82,,3.2,,2.9,ñkìå,,1.0e-50,
2022/4/30 5:00,14.7,81,,1.0,,2.7,ìåñkìå,,1.0e-50,
2022/4/30 6:00,14.9,83,,0.1,,1.9,ñkìå,,0.01,
2022/4/30 7:00,15.5,84,,0.0,,2.0,ñkìå,,0.01,
2022/4/30 8:00,16.6,81,,0.0,,1.7,ìåñkìå,,0.01,
2022/4/30 9:00,18.6,75,,0.0,,1.4,ìå,,0.01,
2022/4/30 10:00,19.6,72,,0.0,,0.8,ìå,,0.01,
2022/4/30 11:00,20.5,68,,0.0,,0.7,ìÏìÏìå,,0.01,
2022/4/30 12:00,21.6,59,,0.0,,2.1,ìÏìÏêº,,0.01,
2022/4/30 13:00,22.5,49,,0.0,,2.5,ìÏìÏêº,,0.01,
2022/4/30 14:00,22.4,51,,0.0,,2.4,ìÏêº,,0.01,
2022/4/30 15:00,21.7,56,,0.0,,2.0,ìÏêº,,0.01,
2022/4/30 16:00,21.5,56,,0.0,,1.7,ìÏêº,,0.01,
2022/4/30 17:00,20.9,59,,0.0,,1.9,ìÏêº,,0.01,
2022/4/30 18:00,19.8,65,,0.0,,1.0,ìÏìÏêº,,0.01,
2022/4/30 19:00,18.8,69,,0.0,,0.9,ìÏìÏêº,,0.01,
2022/4/30 20:00,18.0,71,,0.0,,0.9,êºìÏêº,,1.0e-50,
2022/4/30 21:00,17.0,74,,0.0,,0.6,ñkêº,,1.0e-50,
2022/4/30 22:00,16.2,77,,0.0,,0.4,êºìÏêº,,1.0e-50,
2022/4/30 23:00,15.6,79,,0.0,,0.3,êºñkêº,,1.0e-50,
2022/5/1 0:00,14.6,82,,0.0,,0.1,ñkñkìå,,1.0e-50,
2022/5/1 1:00,14.2,84,,0.0,,0.6,ìÏìÏêº,,1.0e-50,
2022/5/1 2:00,13.8,87,,0.0,,0.8,ìÏìÏêº,,1.0e-50,
2022/5/1 3:00,13.3,88,,0.0,,0.3,ñk,,1.0e-50,
2022/5/1 4:00,13.2,88,,0.0,,1.0,ìÏ,,1.0e-50,
2022/5/1 5:00,12.7,89,,0.0,,1.0,ìÏìÏêº,,1.0e-50,
2022/5/1 6:00,12.9,89,,0.0,,0.5,ñkñkìå,,0.01,
2022/5/1 7:00,15.0,82,,0.0,,0.7,ìÏ,,0.01,
2022/5/1 8:00,17.2,74,,0.0,,0.9,ìÏìÏêº,,0.01,
2022/5/1 9:00,20.0,64,,0.0,,0.8,ìÏêº,,0.01,
2022/5/1 10:00,22.1,56,,0.0,,1.0,ìÏìÏêº,,0.01,
2022/5/1 11:00,23.8,49,,0.0,,1.2,ìÏìÏêº,,0.01,
2022/5/1 12:00,25.1,42,,0.0,,1.0,ìÏìÏêº,,0.01,
2022/5/1 13:00,26.3,37,,0.0,,1.2,ìÏêº,,0.01,
2022/5/1 14:00,27.1,33,,0.0,,1.5,ìÏìÏêº,,0.01,
2022/5/1 15:00,27.3,33,,0.0,,1.4,ìÏìÏêº,,0.01,
2022/5/1 16:00,27.4,31,,0.0,,1.9,ìÏêº,,0.01,
2022/5/1 17:00,26.9,30,,0.0,,1.5,êºìÏêº,,0.01,
2022/5/1 18:00,25.0,39,,0.0,,2.0,ìÏêº,,0.01,
2022/5/1 19:00,22.1,48,,0.0,,1.2,ìÏìÏêº,,0.01,
2022/5/1 20:00,20.7,53,,0.0,,0.9,ìÏìå,,1.0e-50,
2022/5/1 21:00,19.2,60,,0.0,,0.3,ìÏìÏêº,,1.0e-50,
2022/5/1 22:00,18.7,61,,0.0,,0.7,ìåìÏìå,,1.0e-50,
2022/5/1 23:00,18.0,65,,0.0,,0.6,ìåìÏìå,,1.0e-50,
2022/5/2 0:00,17.7,62,,0.0,,0.2,ñkìå,,1.0e-50,
2022/5/2 1:00,17.0,67,,0.0,,0.7,ìÏìå,,1.0e-50,
2022/5/2 2:00,16.3,72,,0.0,,0.6,ìå,,1.0e-50,
2022/5/2 3:00,16.3,70,,0.0,,0.6,ìåñkìå,,1.0e-50,
2022/5/2 4:00,15.9,74,,0.0,,0.7,ìåìÏìå,,1.0e-50,
2022/5/2 5:00,15.6,75,,0.0,,1.1,ñkìå,,1.0e-50,
2022/5/2 6:00,16.5,73,,0.0,,1.2,ñkìå,,0.01,
2022/5/2 7:00,16.3,74,,0.0,,0.7,ñkìå,,0.01,
2022/5/2 8:00,16.7,72,,0.0,,0.5,ñkìå,,0.01,
2022/5/2 9:00,17.9,66,,0.0,,0.9,ñkìå,,0.01,
2022/5/2 10:00,17.8,70,,0.1,,0.9,ìåìÏìå,,0.01,
2022/5/2 11:00,17.3,77,,0.8,,0.4,ìÏìå,,0.01,
2022/5/2 12:00,18.0,74,,1.4,,0.5,ñkìå,,0.01,
2022/5/2 13:00,17.7,83,,2.0,,0.4,ìÏìå,,0.01,
2022/5/2 14:00,17.6,87,,2.3,,0.5,êºìÏêº,,0.01,
2022/5/2 15:00,17.9,85,,2.3,,0.7,ñkìå,,0.01,
2022/5/2 16:00,17.9,89,,1.2,,0.8,ìåñkìå,,0.01,
2022/5/2 17:00,17.7,92,,0.7,,0.7,ñkìå,,0.01,
2022/5/2 18:00,17.6,91,,0.4,,1.1,ñkìå,,0.01,
2022/5/2 19:00,17.1,94,,2.0,,1.0,ñkìå,,0.01,
2022/5/2 20:00,17.0,94,,1.8,,1.0,ìåñkìå,,1.0e-50,
2022/5/2 21:00,17.5,91,,1.3,,1.4,ñkìå,,1.0e-50,
2022/5/2 22:00,17.2,93,,0.9,,1.0,ñkìå,,1.0e-50,
2022/5/2 23:00,17.0,94,,1.1,,1.1,ñkñkìå,,1.0e-50,
2022/5/3 0:00,17.8,91,,5.4,,1.5,ñkñkìå,,1.0e-50,
2022/5/3 1:00,17.2,94,,2.7,,1.0,ñkñkêº,,1.0e-50,
2022/5/3 2:00,16.9,95,,0.3,,0.4,ìå,,1.0e-50,
2022/5/3 3:00,17.7,93,,0.1,,1.7,ìÏ,,1.0e-50,
2022/5/3 4:00,17.6,95,,0.3,,1.3,ìÏ,,1.0e-50,
2022/5/3 5:00,17.5,95,,0.0,,1.3,ìÏ,,1.0e-50,
2022/5/3 6:00,17.6,94,,0.0,,1.6,ìÏìÏêº,,0.01,
2022/5/3 7:00,17.6,93,,0.0,,1.1,ìÏìÏêº,,0.01,
2022/5/3 8:00,18.5,83,,0.0,,1.5,ìÏêº,,0.01,
2022/5/3 9:00,20.5,68,,0.0,,2.1,êºìÏêº,,0.01,
2022/5/3 10:00,21.7,51,,0.0,,2.7,êºìÏêº,,0.01,
2022/5/3 11:00,22.2,46,,0.0,,2.7,ìÏêº,,0.01,
2022/5/3 12:00,21.8,43,,0.0,,2.7,êºìÏêº,,0.01,
2022/5/3 13:00,21.7,41,,0.0,,1.6,êº,,0.01,
2022/5/3 14:00,19.7,54,,0.0,,1.7,ñkñkìå,,0.01,
2022/5/3 15:00,20.1,48,,0.0,,1.0,ñk,,0.01,
2022/5/3 16:00,18.6,56,,0.0,,2.0,ìåñkìå,,0.01,
2022/5/3 17:00,17.9,60,,0.0,,2.1,ìå,,0.01,
2022/5/3 18:00,18.2,57,,0.0,,1.1,ìå,,0.01,
2022/5/3 19:00,16.4,66,,0.1,,1.4,ìåñkìå,,0.01,
2022/5/3 20:00,15.4,70,,0.2,,1.3,ìåñkìå,,1.0e-50,
2022/5/3 21:00,15.4,69,,0.0,,1.0,ìå,,1.0e-50,
2022/5/3 22:00,14.3,72,,0.0,,1.2,ìåìÏìå,,1.0e-50,
2022/5/3 23:00,13.6,74,,0.0,,1.0,ìÏìÏìå,,1.0e-50,
2022/5/4 0:00,13.5,73,,0.0,,1.2,ìÏìÏìå,,1.0e-50,
2022/5/4 1:00,13.3,62,,0.0,,1.8,êºìÏêº,,1.0e-50,
2022/5/4 2:00,14.1,51,,0.0,,2.8,êºìÏêº,,1.0e-50,
2022/5/4 3:00,13.0,54,,0.0,,2.4,êºìÏêº,,1.0e-50,
2022/5/4 4:00,12.1,55,,0.0,,2.5,êºìÏêº,,1.0e-50,
2022/5/4 5:00,11.6,57,,0.0,,1.8,êºìÏêº,,1.0e-50,
2022/5/4 6:00,11.1,61,,0.0,,1.6,ìÏêº,,0.01,
2022/5/4 7:00,11.8,58,,0.0,,2.8,êºìÏêº,,0.01,
2022/5/4 8:00,13.3,53,,0.0,,3.0,êºìÏêº,,0.01,
2022/5/4 9:00,14.4,48,,0.0,,3.7,êºìÏêº,,0.01,
2022/5/4 10:00,16.0,42,,0.0,,3.8,êº,,0.01,
2022/5/4 11:00,17.2,34,,0.0,,3.8,êº,,0.01,
2022/5/4 12:00,17.8,32,,0.0,,3.2,êº,,0.01,
2022/5/4 13:00,18.5,32,,0.0,,3.6,êºìÏêº,,0.01,
2022/5/4 14:00,17.4,40,,0.0,,3.4,êº,,0.01,
2022/5/4 15:00,17.8,40,,0.0,,3.5,êºìÏêº,,0.01,
2022/5/4 16:00,17.5,41,,0.0,,3.1,êº,,0.01,
2022/5/4 17:00,17.3,41,,0.0,,2.2,êº,,0.01,
2022/5/4 18:00,16.7,43,,0.0,,1.6,êºìÏêº,,0.01,
2022/5/4 19:00,15.1,51,,0.0,,1.1,ìÏêº,,0.01,
2022/5/4 20:00,14.0,56,,0.0,,1.0,ìÏìÏêº,,1.0e-50,
2022/5/4 21:00,13.0,62,,0.0,,0.0,êºìÏêº,,1.0e-50,
2022/5/4 22:00,12.3,65,,0.0,,1.2,ìÏìÏìå,,1.0e-50,
2022/5/4 23:00,12.0,66,,0.0,,1.0,ìÏ,,1.0e-50,
2022/5/5 0:00,12.3,64,,0.0,,1.1,ìÏ,,1.0e-50,
2022/5/5 1:00,12.2,65,,0.0,,1.2,ìÏìÏìå,,1.0e-50,
2022/5/5 2:00,11.7,67,,0.0,,1.1,ìÏìÏìå,,1.0e-50,
2022/5/5 3:00,11.3,68,,0.0,,0.9,ìÏìÏêº,,1.0e-50,
2022/5/5 4:00,10.8,71,,0.0,,1.4,ìÏìÏìå,,1.0e-50,
2022/5/5 5:00,10.2,72,,0.0,,1.2,ìÏìÏìå,,1.0e-50,
2022/5/5 6:00,10.3,72,,0.0,,0.9,ìÏìÏìå,,0.01,
2022/5/5 7:00,12.4,63,,0.0,,1.1,ìÏìÏêº,,0.01,
2022/5/5 8:00,15.4,54,,0.0,,1.8,ìÏêº,,0.01,
2022/5/5 9:00,17.3,49,,0.0,,2.3,êºìÏêº,,0.01,
2022/5/5 10:00,19.7,38,,0.0,,2.8,êºìÏêº,,0.01,
2022/5/5 11:00,21.3,31,,0.0,,3.0,êºìÏêº,,0.01,
2022/5/5 12:00,22.0,32,,0.0,,3.1,êºìÏêº,,0.01,
2022/5/5 13:00,22.9,31,,0.0,,2.8,ìÏêº,,0.01,
2022/5/5 14:00,23.3,31,,0.0,,2.9,ìÏêº,,0.01,
2022/5/5 15:00,23.6,31,,0.0,,2.6,êºìÏêº,,0.01,
2022/5/5 16:00,23.7,32,,0.0,,2.6,ìÏêº,,0.01,
2022/5/5 17:00,22.9,35,,0.0,,2.4,ìÏêº,,0.01,
2022/5/5 18:00,21.6,40,,0.0,,1.9,ìÏìÏêº,,0.01,
2022/5/5 19:00,19.4,47,,0.0,,1.0,ìÏìÏêº,,0.01,
2022/5/5 20:00,18.2,50,,0.0,,1.0,ìÏ,,1.0e-50,
2022/5/5 21:00,16.9,54,,0.0,,0.6,ìÏ,,1.0e-50,
2022/5/5 22:00,16.3,53,,0.0,,1.1,ìÏìÏìå,,1.0e-50,
2022/5/5 23:00,15.6,58,,0.0,,1.0,ìÏìÏìå,,1.0e-50,
2022/5/6 0:00,15.5,55,,0.0,,0.6,ìåñkìå,,1.0e-50,
2022/5/6 1:00,14.9,61,,0.0,,1.4,ìÏìÏìå,,1.0e-50,
2022/5/6 2:00,13.5,71,,0.0,,0.8,ìÏ,,1.0e-50,
2022/5/6 3:00,14.2,57,,0.0,,0.9,ñkñkìå,,1.0e-50,
2022/5/6 4:00,13.8,59,,0.0,,1.1,ìÏ,,1.0e-50,
2022/5/6 5:00,13.2,60,,0.0,,0.9,ìÏ,,1.0e-50,
2022/5/6 6:00,14.0,58,,0.0,,1.0,ñk,,0.01,
2022/5/6 7:00,15.6,53,,0.0,,0.8,ìÏìÏìå,,0.01,
2022/5/6 8:00,17.7,47,,0.0,,0.7,ìÏ,,0.01,
2022/5/6 9:00,20.1,42,,0.0,,0.8,ìÏìÏêº,,0.01,
2022/5/6 10:00,21.9,37,,0.0,,1.5,ìÏìÏêº,,0.01,
2022/5/6 11:00,23.3,32,,0.0,,2.3,ìÏìÏêº,,0.01,
2022/5/6 12:00,24.4,29,,0.0,,2.6,ìÏìÏêº,,0.01,
2022/5/6 13:00,24.8,27,,0.0,,3.4,ìÏêº,,0.01,
2022/5/6 14:00,24.2,32,,0.0,,3.3,ìÏêº,,0.01,
2022/5/6 15:00,23.1,41,,0.0,,2.9,ìÏêº,,0.01,
2022/5/6 16:00,22.1,46,,0.0,,2.7,ìÏêº,,0.01,
2022/5/6 17:00,20.9,53,,0.0,,2.4,ìÏìÏêº,,0.01,
2022/5/6 18:00,19.8,60,,0.0,,1.9,ìÏìÏêº,,0.01,
2022/5/6 19:00,18.7,67,,0.6,,1.4,ìÏ,,0.01,
2022/5/6 20:00,17.9,73,,1.2,,1.9,ìÏ,,1.0e-50,
2022/5/6 21:00,17.7,70,,2.4,,1.3,ìÏ,,1.0e-50,
2022/5/6 22:00,16.9,78,,1.4,,1.5,ìÏ,,1.0e-50,
2022/5/6 23:00,16.6,83,,2.4,,1.6,ìÏ,,1.0e-50,
2022/5/7 0:00,16.3,84,,2.1,,1.3,ìÏìÏìå,,1.0e-50,
2022/5/7 1:00,16.0,87,,1.6,,0.9,ìÏìÏìå,,1.0e-50,
2022/5/7 2:00,15.9,89,,1.8,,1.0,ìÏìÏìå,,1.0e-50,
2022/5/7 3:00,15.9,87,,1.1,,1.0,ìÏìå,,1.0e-50,
2022/5/7 4:00,15.6,90,,0.8,,0.4,ñkñkìå,,1.0e-50,
2022/5/7 5:00,15.4,92,,1.0,,0.6,ñk,,1.0e-50,
2022/5/7 6:00,15.8,89,,1.5,,1.2,ìåñkìå,,1.0e-50,
2022/5/7 7:00,16.0,89,,0.9,,1.1,ñkìå,,0.01,
2022/5/7 8:00,16.2,88,,0.5,,1.3,ñkìå,,0.01,
2022/5/7 9:00,16.9,84,,0.2,,1.2,ñkìå,,0.01,
2022/5/7 10:00,17.5,84,,0.1,,1.3,ñkìå,,0.01,
2022/5/7 11:00,17.7,85,,0.4,,1.1,ìåñkìå,,0.01,
2022/5/7 12:00,17.6,86,,3.1,,1.2,ñkìå,,0.01,
2022/5/7 13:00,18.1,86,,2.3,,1.4,ìåñkìå,,0.01,
2022/5/7 14:00,17.9,88,,5.7,,1.3,ñkñkêº,,0.01,
2022/5/7 15:00,18.6,88,,1.0,,0.8,ñkñkìå,,1.0e-50,
2022/5/7 16:00,18.7,89,,7.9,,0.8,ìåñkìå,,0.01,
2022/5/7 17:00,18.3,91,,1.5,,0.5,ìåñkìå,,0.01,
2022/5/7 18:00,17.8,92,,0.7,,0.6,ìåñkìå,,0.01,
2022/5/7 19:00,17.4,94,,0.1,,0.5,ìÏìÏêº,,0.01,
2022/5/7 20:00,17.1,94,,0.8,,0.6,ìÏìÏêº,,1.0e-50,
2022/5/7 21:00,17.4,87,,0.0,,0.7,êºñkêº,,1.0e-50,
2022/5/7 22:00,17.3,84,,0.0,,1.3,êºñkêº,,1.0e-50,
2022/5/7 23:00,17.0,84,,0.0,,1.3,ñkñkêº,,1.0e-50,
2022/5/8 0:00,17.1,82,,0.0,,2.1,ñkñkêº,,1.0e-50,
2022/5/8 1:00,16.6,81,,0.9,,1.2,ñk,,1.0e-50,
2022/5/8 2:00,15.9,84,,0.4,,0.2,êºñkêº,,1.0e-50,
2022/5/8 3:00,16.3,79,,0.0,,1.1,ñkñkêº,,1.0e-50,
2022/5/8 4:00,15.7,83,,0.2,,0.4,ñkêº,,1.0e-50,
2022/5/8 5:00,15.5,81,,0.0,,0.6,êºñkêº,,1.0e-50,
2022/5/8 6:00,15.9,80,,0.0,,1.2,ñkñkêº,,0.01,
2022/5/8 7:00,16.8,73,,0.0,,1.4,ñk,,0.01,
2022/5/8 8:00,18.2,66,,0.0,,1.6,ñkñkìå,,0.01,
2022/5/8 9:00,18.3,64,,0.0,,1.7,ñk,,0.01,
2022/5/8 10:00,19.0,60,,0.0,,1.2,ñkñkìå,,0.01,
2022/5/8 11:00,19.5,59,,0.0,,1.7,ñkìå,,0.01,
2022/5/8 12:00,19.7,54,,0.0,,1.8,ñkñkìå,,0.01,
2022/5/8 13:00,19.5,54,,0.0,,1.7,ñk,,0.01,
2022/5/8 14:00,18.9,57,,0.0,,1.6,ñkñkìå,,0.01,
2022/5/8 15:00,18.6,58,,0.0,,1.7,ñkñkìå,,0.01,
2022/5/8 16:00,18.0,60,,0.0,,1.8,ñk,,0.01,
2022/5/8 17:00,16.6,70,,0.3,,1.5,ñk,,0.01,
2022/5/8 18:00,16.2,73,,0.0,,1.4,ñkìå,,0.01,
2022/5/8 19:00,15.5,80,,0.9,,1.1,ñkñkìå,,0.01,
2022/5/8 20:00,15.0,83,,0.8,,1.1,ñkìå,,1.0e-50,
2022/5/8 21:00,14.8,84,,1.0,,1.0,ñkìå,,1.0e-50,
2022/5/8 22:00,14.5,86,,1.1,,1.7,ñkñkìå,,1.0e-50,
2022/5/8 23:00,14.4,86,,0.8,,1.7,ñkìå,,1.0e-50,
2022/5/9 0:00,14.5,82,,0.6,,1.1,ñk,,1.0e-50,
2022/5/9 1:00,14.2,83,,1.9,,1.3,ñk,,1.0e-50,
2022/5/9 2:00,14.3,80,,1.5,,1.5,ñk,,1.0e-50,
2022/5/9 3:00,14.0,86,,0.4,,0.5,ìå,,1.0e-50,
2022/5/9 4:00,13.6,89,,0.6,,0.4,ñkêº,,1.0e-50,
2022/5/9 5:00,13.7,87,,0.2,,0.6,ìå,,1.0e-50,
2022/5/9 6:00,14.0,81,,0.0,,0.8,ñkñkêº,,0.01,
2022/5/9 7:00,14.5,77,,0.0,,0.7,ìåìÏìå,,0.01,
2022/5/9 8:00,15.8,69,,0.0,,1.2,ñkñkêº,,0.01,
2022/5/9 9:00,16.6,63,,0.0,,2.8,ñkñkêº,,0.01,
2022/5/9 10:00,17.1,59,,0.1,,3.2,ñkñkêº,,0.01,
2022/5/9 11:00,17.7,55,,0.0,,3.7,ñkñkêº,,0.01,
2022/5/9 12:00,17.0,52,,0.0,,3.4,ñkñkêº,,0.01,
2022/5/9 13:00,17.6,50,,0.0,,3.2,ñkñkêº,,0.01,
2022/5/9 14:00,18.2,46,,0.0,,3.2,ñkñkêº,,0.01,
2022/5/9 15:00,18.0,46,,0.0,,3.1,ñkñkêº,,0.01,
2022/5/9 16:00,17.6,46,,0.0,,3.3,ñkñkêº,,0.01,
2022/5/9 17:00,16.5,50,,0.0,,3.1,ñkñkêº,,0.01,
2022/5/9 18:00,15.3,52,,0.0,,2.8,ñkñkêº,,0.01,
2022/5/9 19:00,13.8,58,,0.0,,1.5,ñkñkêº,,0.01,
2022/5/9 20:00,12.9,63,,0.0,,1.8,ñkêº,,1.0e-50,
2022/5/9 21:00,12.2,68,,0.0,,1.3,ñkêº,,1.0e-50,
2022/5/9 22:00,11.3,74,,0.0,,0.5,êºìÏêº,,1.0e-50,
2022/5/9 23:00,10.8,78,,0.0,,0.4,êº,,1.0e-50,
2022/5/10 0:00,10.6,79,,0.0,,1.0,ñkñkêº,,1.0e-50,
2022/5/10 1:00,10.0,80,,0.0,,0.9,êºñkêº,,1.0e-50,
2022/5/10 2:00,9.8,79,,0.0,,0.8,êºñkêº,,1.0e-50,
2022/5/10 3:00,9.6,81,,0.0,,1.3,ñkêº,,1.0e-50,
2022/5/10 4:00,9.0,84,,0.0,,1.0,ìÏìÏêº,,1.0e-50,
2022/5/10 5:00,8.8,83,,0.0,,1.2,ìÏ,,1.0e-50,
2022/5/10 6:00,9.0,81,,0.0,,0.5,êºìÏêº,,0.01,
2022/5/10 7:00,11.1,69,,0.0,,1.0,ñkêº,,0.01,
2022/5/10 8:00,13.2,55,,0.0,,2.6,ñkñkêº,,0.01,
2022/5/10 9:00,14.1,51,,0.0,,2.4,ñkêº,,0.01,
2022/5/10 10:00,15.1,46,,0.0,,2.7,ñkñkêº,,0.01,
2022/5/10 11:00,16.1,43,,0.0,,3.0,ñkñkêº,,0.01,
2022/5/10 12:00,16.4,42,,0.0,,2.7,ñkêº,,0.01,
2022/5/10 13:00,17.4,39,,0.0,,3.0,ñkñkêº,,0.01,
2022/5/10 14:00,17.5,39,,0.0,,3.3,ñkñkêº,,0.01,
2022/5/10 15:00,17.5,39,,0.0,,2.8,ñkñkêº,,0.01,
2022/5/10 16:00,17.2,40,,0.0,,3.1,ñkñkêº,,0.01,
2022/5/10 17:00,16.6,41,,0.0,,2.6,ñkñkêº,,0.01,
2022/5/10 18:00,15.8,45,,0.0,,1.9,ñkñkêº,,0.01,
2022/5/10 19:00,14.4,52,,0.0,,1.3,ñk,,0.01,
2022/5/10 20:00,12.9,59,,0.0,,1.1,ñk,,1.0e-50,
2022/5/10 21:00,12.2,62,,0.0,,1.1,ñkñkìå,,1.0e-50,
2022/5/10 22:00,11.2,64,,0.0,,0.3,ìÏêº,,1.0e-50,
2022/5/10 23:00,10.9,63,,0.0,,0.9,ìÏêº,,1.0e-50,
2022/5/11 0:00,10.4,62,,0.0,,0.8,ñkìå,,1.0e-50,
2022/5/11 1:00,9.7,68,,0.0,,1.0,ìÏ,,1.0e-50,
2022/5/11 2:00,9.2,74,,0.0,,1.0,ìÏêº,,1.0e-50,
2022/5/11 3:00,9.3,67,,0.0,,0.9,ñkñkêº,,1.0e-50,
2022/5/11 4:00,9.2,68,,0.0,,1.2,ìÏìÏêº,,1.0e-50,
2022/5/11 5:00,8.8,70,,0.0,,1.3,ìÏìÏêº,,1.0e-50,
2022/5/11 6:00,9.3,66,,0.0,,0.1,ìå,,0.01,
2022/5/11 7:00,11.4,58,,0.0,,0.5,ìÏìÏêº,,0.01,
2022/5/11 8:00,13.7,51,,0.0,,0.6,ìÏêº,,0.01,
2022/5/11 9:00,16.2,43,,0.0,,0.8,ìÏêº,,0.01,
2022/5/11 10:00,18.4,35,,0.0,,1.2,ìÏêº,,0.01,
2022/5/11 11:00,20.7,28,,0.0,,1.2,ìÏêº,,0.01,
2022/5/11 12:00,21.7,26,,0.0,,1.4,ìÏìÏêº,,0.01,
2022/5/11 13:00,23.2,23,,0.0,,1.6,ìÏìÏêº,,0.01,
2022/5/11 14:00,23.9,21,,0.0,,2.0,ìÏìÏêº,,0.01,
2022/5/11 15:00,24.3,20,,0.0,,2.1,ìÏêº,,0.01,
2022/5/11 16:00,24.3,18,,0.0,,2.4,ìÏêº,,0.01,
2022/5/11 17:00,23.1,18,,0.0,,2.4,ìÏêº,,0.01,
2022/5/11 18:00,21.5,24,,0.0,,1.8,ìÏìÏêº,,0.01,
2022/5/11 19:00,19.0,34,,0.0,,1.4,ìÏìÏêº,,0.01,
2022/5/11 20:00,17.5,39,,0.0,,0.8,ìÏ,,1.0e-50,
2022/5/11 21:00,16.2,45,,0.0,,0.3,êºñkêº,,1.0e-50,
2022/5/11 22:00,15.5,46,,0.0,,0.8,ìÏ,,1.0e-50,
2022/5/11 23:00,15.3,53,,0.0,,1.2,ìÏ,,1.0e-50,
2022/5/12 0:00,14.6,58,,0.0,,0.2,ìÏìÏìå,,1.0e-50,
2022/5/12 1:00,14.4,61,,0.0,,1.2,ìÏ,,1.0e-50,
2022/5/12 2:00,13.9,65,,0.0,,1.0,ìÏìÏêº,,1.0e-50,
2022/5/12 3:00,13.3,69,,0.0,,0.5,ñkìå,,1.0e-50,
2022/5/12 4:00,12.8,69,,0.0,,0.8,ìÏìÏêº,,1.0e-50,
2022/5/12 5:00,12.7,68,,0.0,,1.0,ìÏìÏêº,,1.0e-50,
2022/5/12 6:00,13.3,69,,0.0,,0.6,ìåñkìå,,0.01,
2022/5/12 7:00,14.7,63,,0.0,,0.4,ìÏìÏêº,,0.01,
2022/5/12 8:00,16.5,57,,0.0,,0.6,ìÏìÏêº,,0.01,
2022/5/12 9:00,18.0,55,,0.0,,1.1,ìÏìÏêº,,0.01,
2022/5/12 10:00,20.1,52,,0.0,,1.7,ìÏìÏêº,,0.01,
2022/5/12 11:00,22.1,44,,0.0,,2.1,ìÏìÏêº,,0.01,
2022/5/12 12:00,23.2,39,,0.0,,2.2,ìÏìÏêº,,0.01,
2022/5/12 13:00,24.1,34,,0.0,,2.5,ìÏêº,,0.01,
2022/5/12 14:00,24.7,31,,0.0,,2.6,ìÏêº,,0.01,
2022/5/12 15:00,24.3,33,,0.0,,2.2,ìÏêº,,0.01,
2022/5/12 16:00,24.4,33,,0.0,,2.0,ìÏêº,,0.01,
2022/5/12 17:00,23.7,35,,0.0,,2.0,ìÏêº,,0.01,
2022/5/12 18:00,22.8,40,,0.0,,1.5,ìÏìÏêº,,0.01,
2022/5/12 19:00,20.7,46,,0.0,,1.3,ìÏìÏêº,,0.01,
2022/5/12 20:00,19.7,48,,0.0,,1.3,ìÏêº,,1.0e-50,
2022/5/12 21:00,18.6,57,,0.0,,0.4,ìÏêº,,1.0e-50,
2022/5/12 22:00,17.9,59,,0.0,,0.8,ìÏìÏìå,,1.0e-50,
2022/5/12 23:00,17.5,61,,0.0,,0.9,ìÏìÏìå,,1.0e-50,
2022/5/13 0:00,17.4,60,,0.0,,1.2,ìÏ,,1.0e-50,
2022/5/13 1:00,16.4,68,,0.0,,0.9,ìÏìÏìå,,1.0e-50,
2022/5/13 2:00,15.7,75,,0.0,,0.8,ìÏ,,1.0e-50,
2022/5/13 3:00,16.0,70,,0.0,,0.9,ìå,,1.0e-50,
2022/5/13 4:00,15.2,74,,0.0,,0.6,ìÏìÏêº,,1.0e-50,
2022/5/13 5:00,15.3,73,,0.0,,0.9,êºñkêº,,1.0e-50,
2022/5/13 6:00,16.6,63,,0.0,,1.5,ñkñkìå,,0.01,
2022/5/13 7:00,16.1,71,,0.1,,0.9,ìå,,0.01,
2022/5/13 8:00,16.4,74,,0.0,,1.4,ñkìå,,0.01,
2022/5/13 9:00,16.5,77,,1.3,,1.3,ñkìå,,0.01,
2022/5/13 10:00,16.8,80,,1.5,,1.8,ìåñkìå,,0.01,
2022/5/13 11:00,16.8,84,,3.6,,1.8,ñkìå,,0.01,
2022/5/13 12:00,16.8,85,,7.2,,1.5,ìåñkìå,,0.01,
2022/5/13 13:00,17.2,86,,13.3,,1.8,ìå,,0.01,
2022/5/13 14:00,17.3,87,,11.6,,1.8,ñk,,0.01,
2022/5/13 15:00,17.1,89,,13.5,,1.1,ìå,,0.01,
2022/5/13 16:00,17.2,90,,5.7,,0.9,ñkñkìå,,0.01,
2022/5/13 17:00,17.1,91,,2.8,,1.0,ìÏ,,0.01,
2022/5/13 18:00,17.1,92,,1.4,,0.3,ìÏ,,0.01,
2022/5/13 19:00,16.8,94,,2.8,,0.8,ìÏ,,0.01,
2022/5/13 20:00,16.8,95,,0.5,,0.9,ìÏêº,,1.0e-50,
2022/5/13 21:00,16.9,93,,0.1,,0.7,ñkñkìå,,1.0e-50,
2022/5/13 22:00,16.6,95,,0.6,,0.5,ìÏêº,,1.0e-50,
2022/5/13 23:00,16.7,95,,0.1,,1.0,ìÏ,,1.0e-50,
2022/5/14 0:00,16.6,94,,0.1,,0.8,ìÏìÏêº,,1.0e-50,
2022/5/14 1:00,16.4,95,,0.0,,1.0,ìÏìÏìå,,1.0e-50,
2022/5/14 2:00,16.1,95,,0.0,,0.9,ìÏ,,1.0e-50,
2022/5/14 3:00,16.0,95,,0.0,,0.8,êº,,1.0e-50,
2022/5/14 4:00,15.8,95,,0.0,,1.0,ìÏ,,1.0e-50,
2022/5/14 5:00,15.4,95,,0.0,,1.1,ìÏ,,1.0e-50,
2022/5/14 6:00,15.6,92,,0.0,,0.6,êº,,0.01,
2022/5/14 7:00,17.7,76,,0.0,,1.2,ñkêº,,0.01,
2022/5/14 8:00,19.7,66,,0.0,,2.1,ñkêº,,0.01,
2022/5/14 9:00,20.4,61,,0.0,,2.3,ñkêº,,0.01,
2022/5/14 10:00,21.8,52,,0.0,,2.3,ñkêº,,0.01,
2022/5/14 11:00,23.2,45,,0.0,,2.4,ñkêº,,0.01,
2022/5/14 12:00,23.8,42,,0.0,,2.5,ñkêº,,0.01,
2022/5/14 13:00,24.7,37,,0.0,,3.0,ñkñkêº,,0.01,
2022/5/14 14:00,25.4,35,,0.0,,2.9,ñkñkêº,,0.01,
2022/5/14 15:00,24.9,36,,0.0,,2.8,ñkñkêº,,0.01,
2022/5/14 16:00,24.6,36,,0.0,,2.7,ñkñkêº,,0.01,
2022/5/14 17:00,23.4,39,,0.0,,2.4,ñkñkêº,,0.01,
2022/5/14 18:00,21.8,43,,0.0,,2.0,ñkñkêº,,0.01,
2022/5/14 19:00,19.6,52,,0.0,,1.3,ñkñkêº,,0.01,
2022/5/14 20:00,18.2,55,,0.0,,0.8,ñkêº,,1.0e-50,
2022/5/14 21:00,17.2,63,,0.0,,0.3,ñkìå,,1.0e-50,
2022/5/14 22:00,16.4,65,,0.0,,1.2,ìÏêº,,1.0e-50,
2022/5/14 23:00,15.4,67,,0.0,,1.0,êºìÏêº,,1.0e-50,
2022/5/15 0:00,15.4,66,,0.0,,1.1,ìåñkìå,,1.0e-50,
2022/5/15 1:00,14.3,72,,0.0,,1.2,ìÏìÏêº,,1.0e-50,
2022/5/15 2:00,13.4,76,,0.0,,0.7,ìÏìÏêº,,1.0e-50,
2022/5/15 3:00,13.3,71,,0.0,,0.6,ñkñkêº,,1.0e-50,
2022/5/15 4:00,12.9,71,,0.0,,0.9,ìÏìÏêº,,1.0e-50,
2022/5/15 5:00,13.1,71,,0.0,,1.5,ìÏ,,1.0e-50,
2022/5/15 6:00,14.3,55,,0.0,,1.4,ñkñkìå,,0.01,
2022/5/15 7:00,16.1,49,,0.0,,0.3,êºìÏêº,,0.01,
2022/5/15 8:00,18.8,49,,0.0,,0.3,ñkñkêº,,0.01,
2022/5/15 9:00,21.8,43,,0.0,,0.4,ìåìÏìå,,0.01,
2022/5/15 10:00,24.4,36,,0.0,,0.4,ìÏìÏêº,,0.01,
2022/5/15 11:00,26.3,30,,0.0,,1.0,ìÏìÏêº,,0.01,
2022/5/15 12:00,27.0,27,,0.0,,1.1,ìÏìÏêº,,0.01,
2022/5/15 13:00,28.2,23,,0.0,,1.6,ìÏìÏêº,,0.01,
2022/5/15 14:00,28.9,23,,0.0,,1.8,ìÏìÏêº,,0.01,
2022/5/15 15:00,28.7,26,,0.0,,2.2,ìÏìÏêº,,0.01,
2022/5/15 16:00,28.3,28,,0.0,,2.5,ìÏìÏêº,,0.01,
2022/5/15 17:00,27.2,31,,0.0,,2.1,ìÏêº,,0.01,
2022/5/15 18:00,25.7,37,,0.0,,1.5,ìÏêº,,0.01,
2022/5/15 19:00,23.5,43,,0.0,,1.2,ìÏìÏêº,,0.01,
2022/5/15 20:00,21.9,44,,0.0,,1.1,ìÏìÏêº,,1.0e-50,
2022/5/15 21:00,20.7,48,,0.0,,0.9,ìÏìÏìå,,1.0e-50,
2022/5/15 22:00,19.3,53,,0.0,,1.0,ìÏ,,1.0e-50,
2022/5/15 23:00,18.5,59,,0.0,,1.0,ìÏìÏìå,,1.0e-50,
2022/5/16 0:00,18.0,62,,0.0,,0.5,ìåìÏìå,,1.0e-50,
2022/5/16 1:00,17.2,68,,0.0,,1.2,ìÏìÏìå,,1.0e-50,
2022/5/16 2:00,16.4,73,,0.0,,0.8,ìÏìÏêº,,1.0e-50,
2022/5/16 3:00,17.1,56,,0.0,,0.9,ñk,,1.0e-50,
2022/5/16 4:00,15.3,64,,0.0,,0.2,ìåñkìå,,1.0e-50,
2022/5/16 5:00,15.3,65,,0.0,,0.6,ìÏêº,,1.0e-50,
2022/5/16 6:00,17.4,60,,0.0,,1.5,ñk,,0.01,
2022/5/16 7:00,18.6,58,,0.0,,0.3,ñkêº,,0.01,
2022/5/16 8:00,20.8,51,,0.0,,0.4,ìÏêº,,0.01,
2022/5/16 9:00,22.2,48,,0.0,,0.8,ìÏìÏêº,,0.01,
2022/5/16 10:00,23.5,46,,0.0,,1.2,ìÏìÏêº,,0.01,
2022/5/16 11:00,24.5,45,,0.0,,1.8,ìÏìÏêº,,0.01,
2022/5/16 12:00,24.6,45,,0.0,,1.7,ìÏìÏêº,,0.01,
2022/5/16 13:00,25.3,44,,0.0,,1.7,ìÏìÏêº,,0.01,
2022/5/16 14:00,25.6,46,,0.0,,1.9,ìÏêº,,0.01,
2022/5/16 15:00,25.9,50,,0.0,,2.0,ìÏìÏêº,,0.01,
2022/5/16 16:00,25.4,53,,0.0,,1.8,ìÏìÏêº,,0.01,
2022/5/16 17:00,24.4,57,,0.0,,1.2,ìÏêº,,0.01,
2022/5/16 18:00,23.7,60,,0.0,,1.4,ìÏìÏêº,,0.01,
2022/5/16 19:00,22.4,64,,0.0,,1.8,ìÏêº,,0.01,
2022/5/16 20:00,21.8,64,,0.0,,1.2,ìÏêº,,1.0e-50,
2022/5/16 21:00,20.5,72,,0.0,,0.5,ìÏêº,,1.0e-50,
2022/5/16 22:00,20.3,73,,0.0,,1.1,ìÏìÏìå,,1.0e-50,
2022/5/16 23:00,19.4,79,,0.0,,0.7,ìÏìÏìå,,1.0e-50,
2022/5/17 0:00,18.9,81,,0.0,,0.5,ìÏìÏìå,,1.0e-50,
2022/5/17 1:00,18.7,83,,0.0,,1.0,ìÏìÏìå,,1.0e-50,
2022/5/17 2:00,18.0,87,,0.0,,0.6,ìÏ,,1.0e-50,
2022/5/17 3:00,18.1,84,,0.0,,0.6,êºñkêº,,1.0e-50,
2022/5/17 4:00,17.9,86,,0.0,,0.7,ñkñkêº,,1.0e-50,
2022/5/17 5:00,17.4,89,,0.0,,0.4,ìÏ,,1.0e-50,
2022/5/17 6:00,17.8,85,,0.0,,0.6,ìÏ,,0.01,
2022/5/17 7:00,18.8,80,,0.0,,0.6,ìÏ,,0.01,
2022/5/17 8:00,19.9,79,,0.0,,1.2,ìÏêº,,0.01,
2022/5/17 9:00,20.9,76,,0.0,,1.6,ìÏêº,,0.01,
2022/5/17 10:00,22.3,71,,0.0,,1.9,ìÏìÏêº,,0.01,
2022/5/17 11:00,23.2,67,,0.0,,2.1,ìÏìÏêº,,0.01,
2022/5/17 12:00,24.0,64,,0.0,,2.1,ìÏìÏêº,,0.01,
2022/5/17 13:00,25.0,59,,0.0,,2.1,ìÏêº,,0.01,
2022/5/17 14:00,25.3,56,,0.0,,2.1,ìÏêº,,0.01,
2022/5/17 15:00,25.3,58,,0.0,,1.4,ìÏìÏêº,,0.01,
2022/5/17 16:00,25.1,60,,0.0,,1.2,ìÏìÏêº,,0.01,
2022/5/17 17:00,24.7,64,,0.0,,1.1,ìÏìÏêº,,0.01,
2022/5/17 18:00,24.4,67,,0.0,,1.0,ìÏìÏêº,,0.01,
2022/5/17 19:00,23.1,74,,0.0,,0.9,ìÏìÏìå,,0.01,
2022/5/17 20:00,22.3,78,,0.0,,1.0,ìÏ,,1.0e-50,
2022/5/17 21:00,21.6,79,,0.0,,1.1,ìÏìÏêº,,1.0e-50,
2022/5/17 22:00,20.8,82,,0.0,,0.9,ìÏìÏìå,,1.0e-50,
2022/5/17 23:00,20.3,85,,0.0,,0.8,ìÏìÏìå,,1.0e-50,
2022/5/18 0:00,20.0,87,,0.0,,0.8,ìÏ,,1.0e-50,
2022/5/18 1:00,19.5,91,,0.0,,1.0,ìÏìÏìå,,1.0e-50,
2022/5/18 2:00,19.1,93,,0.0,,0.8,ìÏìå,,1.0e-50,
2022/5/18 3:00,18.6,92,,0.0,,0.6,ìÏìÏìå,,1.0e-50,
2022/5/18 4:00,18.7,93,,0.0,,1.1,ìÏìå,,1.0e-50,
2022/5/18 5:00,18.2,95,,0.0,,0.9,ìÏìÏìå,,1.0e-50,
2022/5/18 6:00,18.5,92,,0.0,,0.2,ìÏìÏìå,,0.01,
2022/5/18 7:00,20.3,85,,0.0,,0.6,ìÏ,,0.01,
2022/5/18 8:00,22.4,76,,0.0,,1.3,ìÏìÏêº,,0.01,
2022/5/18 9:00,23.6,71,,0.0,,1.9,ìÏìÏêº,,0.01,
2022/5/18 10:00,24.7,66,,0.0,,2.0,ìÏêº,,0.01,
2022/5/18 11:00,25.1,65,,0.0,,2.2,ìÏêº,,0.01,
2022/5/18 12:00,26.5,61,,0.0,,2.7,ìÏêº,,0.01,
2022/5/18 13:00,27.1,59,,0.0,,2.5,ìÏêº,,0.01,
2022/5/18 14:00,27.7,59,,0.0,,2.6,ìÏêº,,0.01,
2022/5/18 15:00,26.5,63,,0.0,,2.2,ìÏêº,,0.01,
2022/5/18 16:00,26.6,63,,0.0,,1.7,ìÏêº,,0.01,
2022/5/18 17:00,26.1,66,,0.0,,1.4,ìÏêº,,0.01,
2022/5/18 18:00,25.5,69,,0.0,,1.0,ìÏêº,,0.01,
2022/5/18 19:00,24.3,74,,0.0,,1.1,ìÏìÏêº,,0.01,
2022/5/18 20:00,23.6,75,,0.0,,1.3,ìÏêº,,1.0e-50,
2022/5/18 21:00,22.4,79,,0.0,,1.0,ìÏêº,,1.0e-50,
2022/5/18 22:00,21.7,84,,0.4,,1.0,ìÏ,,1.0e-50,
2022/5/18 23:00,21.2,88,,1.9,,1.4,ìÏìÏêº,,1.0e-50,
2022/5/19 0:00,21.1,90,,7.1,,1.3,ìÏêº,,1.0e-50,
2022/5/19 1:00,21.0,88,,10.8,,1.2,êºñkêº,,1.0e-50,
2022/5/19 2:00,20.1,71,,0.1,,2.9,ñkêº,,1.0e-50,
2022/5/19 3:00,20.0,70,,0.0,,2.8,ñkêº,,1.0e-50,
2022/5/19 4:00,18.4,70,,0.1,,2.9,ñkñkêº,,1.0e-50,
2022/5/19 5:00,17.1,67,,0.0,,3.0,ñkñkêº,,1.0e-50,
2022/5/19 6:00,15.8,71,,0.1,,2.7,ñkñkêº,,0.01,
2022/5/19 7:00,15.7,69,,0.0,,2.3,ñkñkêº,,0.01,
2022/5/19 8:00,16.1,65,,0.0,,3.1,ñkñkêº,,0.01,
2022/5/19 9:00,16.2,65,,0.0,,3.0,ñkñkêº,,0.01,
2022/5/19 10:00,16.8,59,,0.0,,3.6,ñkñkêº,,0.01,
2022/5/19 11:00,17.5,54,,0.0,,3.9,ñkñkêº,,0.01,
2022/5/19 12:00,17.1,53,,0.0,,3.7,ñkñkêº,,0.01,
2022/5/19 13:00,17.3,52,,0.0,,3.8,ñkñkêº,,0.01,
2022/5/19 14:00,17.5,48,,0.0,,4.3,ñkñkêº,,0.01,
2022/5/19 15:00,15.9,55,,0.0,,4.2,ñkñkêº,,0.01,
2022/5/19 16:00,15.3,57,,0.0,,3.1,ñkñkêº,,0.01,
2022/5/19 17:00,15.0,58,,0.0,,3.0,ñkñkêº,,0.01,
2022/5/19 18:00,14.3,58,,0.0,,3.2,ñkñkêº,,0.01,
2022/5/19 19:00,13.4,64,,0.0,,2.6,ñkñkêº,,0.01,
2022/5/19 20:00,12.7,65,,0.0,,2.2,ñk,,1.0e-50,
2022/5/19 21:00,12.6,64,,0.0,,1.7,ñk,,1.0e-50,
2022/5/19 22:00,12.3,67,,0.0,,1.6,ñk,,1.0e-50,
2022/5/19 23:00,11.8,67,,0.0,,1.0,ñkñkêº,,1.0e-50,
2022/5/20 0:00,11.6,68,,0.0,,1.0,ñkñkêº,,1.0e-50,
2022/5/20 1:00,11.0,71,,0.0,,0.9,ìÏêº,,1.0e-50,
2022/5/20 2:00,10.9,72,,0.0,,0.9,êºìÏêº,,1.0e-50,
2022/5/20 3:00,10.4,76,,0.0,,0.7,êº,,1.0e-50,
2022/5/20 4:00,9.8,79,,0.0,,0.9,ìÏêº,,1.0e-50,
2022/5/20 5:00,9.7,78,,0.0,,0.8,ìÏêº,,1.0e-50,
2022/5/20 6:00,10.1,76,,0.0,,0.4,ìÏ,,0.01,
2022/5/20 7:00,12.3,67,,0.0,,0.7,ñkìå,,0.01,
2022/5/20 8:00,14.8,57,,0.0,,1.4,ñkñkìå,,0.01,
2022/5/20 9:00,16.6,48,,0.0,,1.7,ñkñkìå,,0.01,
2022/5/20 10:00,18.4,39,,0.0,,1.5,ñkñkìå,,0.01,
2022/5/20 11:00,19.5,36,,0.0,,1.9,ìåñkìå,,0.01,
2022/5/20 12:00,19.9,37,,0.0,,2.3,ìåñkìå,,0.01,
2022/5/20 13:00,20.6,35,,0.0,,2.3,ìåñkìå,,0.01,
2022/5/20 14:00,21.3,35,,0.0,,1.7,ìåñkìå,,0.01,
2022/5/20 15:00,21.5,39,,0.0,,2.0,ñkìå,,0.01,
2022/5/20 16:00,21.6,40,,0.0,,2.1,ìåñkìå,,0.01,
2022/5/20 17:00,21.4,42,,0.0,,1.9,ìå,,0.01,
2022/5/20 18:00,20.5,46,,0.0,,1.6,ìåñkìå,,0.01,
2022/5/20 19:00,19.0,54,,0.0,,1.4,ìåñkìå,,0.01,
2022/5/20 20:00,18.1,63,,0.0,,1.7,ìå,,1.0e-50,
2022/5/20 21:00,17.5,68,,0.0,,1.4,ìåñkìå,,1.0e-50,
2022/5/20 22:00,16.9,70,,0.0,,1.3,ìåñkìå,,1.0e-50,
2022/5/20 23:00,16.5,71,,0.0,,1.0,ìåñkìå,,1.0e-50,
2022/5/21 0:00,16.1,72,,0.0,,1.2,ñkìå,,1.0e-50,
2022/5/21 1:00,15.5,75,,0.0,,0.5,ñkñkìå,,1.0e-50,
2022/5/21 2:00,15.3,75,,0.0,,0.5,ñk,,1.0e-50,
2022/5/21 3:00,15.5,72,,0.0,,1.2,ñkìå,,1.0e-50,
2022/5/21 4:00,14.8,76,,0.0,,0.9,ìå,,1.0e-50,
2022/5/21 5:00,14.5,78,,0.0,,0.9,ñk,,0.01,
2022/5/21 6:00,15.1,71,,0.0,,1.4,ñkñkìå,,0.01,
2022/5/21 7:00,16.5,66,,0.0,,1.3,ìåñkìå,,0.01,
2022/5/21 8:00,18.2,60,,0.0,,1.9,ìåñkìå,,0.01,
2022/5/21 9:00,19.7,54,,0.0,,1.5,ìåñkìå,,0.01,
2022/5/21 10:00,21.8,39,,0.0,,2.4,ìå,,0.01,
2022/5/21 11:00,23.2,35,,0.0,,2.6,ìå,,0.01,
2022/5/21 12:00,24.3,31,,0.0,,2.5,ìå,,0.01,
2022/5/21 13:00,25.4,24,,0.0,,3.2,ìåìÏìå,,0.01,
2022/5/21 14:00,25.8,23,,0.0,,3.1,ìåìÏìå,,0.01,
2022/5/21 15:00,25.6,24,,0.0,,2.8,ìåìÏìå,,0.01,
2022/5/21 16:00,25.5,22,,0.0,,2.7,ìåìÏìå,,0.01,
2022/5/21 17:00,24.9,26,,0.0,,2.3,ìåìÏìå,,0.01,
2022/5/21 18:00,23.5,34,,0.0,,1.8,ìå,,0.01,
2022/5/21 19:00,21.4,44,,0.0,,1.8,ìåìÏìå,,0.01,
2022/5/21 20:00,20.0,52,,0.0,,1.5,ìåìÏìå,,1.0e-50,
2022/5/21 21:00,18.6,59,,0.0,,0.6,ìåìÏìå,,1.0e-50,
2022/5/21 22:00,16.9,65,,0.0,,0.5,ìÏìå,,1.0e-50,
2022/5/21 23:00,16.5,66,,0.0,,0.9,ñkñkêº,,1.0e-50,
2022/5/22 0:00,16.6,65,,0.0,,1.4,ñkìå,,1.0e-50,
2022/5/22 1:00,14.8,72,,0.0,,0.3,êº,,1.0e-50,
2022/5/22 2:00,15.0,68,,0.0,,0.9,ñk,,1.0e-50,
2022/5/22 3:00,15.5,59,,0.0,,1.5,ñkñkìå,,1.0e-50,
2022/5/22 4:00,14.2,65,,0.0,,1.0,ìå,,1.0e-50,
2022/5/22 5:00,13.7,70,,0.0,,1.1,ìåñkìå,,0.01,
2022/5/22 6:00,15.3,63,,0.0,,1.3,ñkñkìå,,0.01,
2022/5/22 7:00,16.6,62,,0.0,,0.8,ñkìå,,0.01,
2022/5/22 8:00,18.8,56,,0.0,,1.2,ìåñkìå,,0.01,
2022/5/22 9:00,20.8,51,,0.0,,1.9,ìå,,0.01,
2022/5/22 10:00,22.9,41,,0.0,,2.6,ìåìÏìå,,0.01,
2022/5/22 11:00,24.3,35,,0.0,,3.1,ìåìÏìå,,0.01,
2022/5/22 12:00,25.0,30,,0.0,,3.2,ìåìÏìå,,0.01,
2022/5/22 13:00,25.8,27,,0.0,,4.2,ìåìÏìå,,0.01,
2022/5/22 14:00,25.8,26,,0.0,,4.2,ìåìÏìå,,0.01,
2022/5/22 15:00,25.5,29,,0.0,,3.5,ìåìÏìå,,0.01,
2022/5/22 16:00,25.2,31,,0.0,,3.4,ìÏìå,,0.01,
2022/5/22 17:00,24.4,31,,0.0,,3.1,ìÏìå,,0.01,
2022/5/22 18:00,23.0,36,,0.0,,1.6,ìÏìå,,0.01,
2022/5/22 19:00,21.4,43,,0.0,,1.3,ìåìÏìå,,0.01,
2022/5/22 20:00,20.0,48,,0.0,,1.0,ìÏìå,,1.0e-50,
2022/5/22 21:00,19.1,52,,0.0,,1.4,ìåìÏìå,,1.0e-50,
2022/5/22 22:00,18.1,60,,0.0,,1.3,ìåìÏìå,,1.0e-50,
2022/5/22 23:00,17.4,66,,0.0,,0.8,ñkìå,,1.0e-50,
2022/5/23 0:00,17.4,68,,0.0,,1.2,ñkìå,,1.0e-50,
2022/5/23 1:00,16.8,71,,0.0,,1.0,ñkñkìå,,1.0e-50,
2022/5/23 2:00,16.6,73,,0.0,,1.0,ñkñkìå,,1.0e-50,
2022/5/23 3:00,17.1,73,,0.0,,1.2,ìåñkìå,,1.0e-50,
2022/5/23 4:00,16.8,75,,0.0,,1.0,ñkìå,,1.0e-50,
2022/5/23 5:00,16.7,74,,0.0,,1.0,ñkñkìå,,0.01,
2022/5/23 6:00,17.0,73,,0.0,,1.1,ìåñkìå,,0.01,
2022/5/23 7:00,17.4,74,,0.0,,1.1,ñkìå,,0.01,
2022/5/23 8:00,18.1,74,,0.0,,1.1,ìåñkìå,,0.01,
2022/5/23 9:00,17.5,80,,0.3,,1.6,ìåñkìå,,0.01,
2022/5/23 10:00,17.9,81,,1.0,,1.5,ìå,,0.01,
2022/5/23 11:00,17.9,82,,0.7,,1.5,ìå,,0.01,
2022/5/23 12:00,18.5,77,,0.8,,1.7,ìåìÏìå,,0.01,
2022/5/23 13:00,19.0,77,,0.2,,1.7,ìÏìå,,0.01,
2022/5/23 14:00,19.3,78,,0.4,,1.6,ìÏìå,,0.01,
2022/5/23 15:00,19.2,76,,0.3,,1.8,ìå,,0.01,
2022/5/23 16:00,19.4,76,,0.1,,1.9,ìåìÏìå,,0.01,
2022/5/23 17:00,19.2,80,,0.6,,1.2,ìå,,0.01,
2022/5/23 18:00,18.6,82,,0.4,,1.2,ìåñkìå,,0.01,
2022/5/23 19:00,18.1,86,,0.9,,0.7,ñkìå,,0.01,
2022/5/23 20:00,17.9,87,,0.6,,0.8,ñkìå,,1.0e-50,
2022/5/23 21:00,17.9,86,,0.9,,0.9,ñk,,1.0e-50,
2022/5/23 22:00,17.5,89,,1.1,,0.4,ñkñkìå,,1.0e-50,
2022/5/23 23:00,17.2,91,,0.7,,0.3,ìÏìÏêº,,1.0e-50,
2022/5/24 0:00,17.7,88,,0.1,,0.5,ñkìå,,1.0e-50,
2022/5/24 1:00,17.2,91,,0.4,,0.3,ñkêº,,1.0e-50,
2022/5/24 2:00,16.9,92,,0.0,,0.4,ìÏìÏêº,,1.0e-50,
2022/5/24 3:00,17.0,92,,0.0,,0.4,ñkìå,,1.0e-50,
2022/5/24 4:00,16.8,91,,0.0,,1.1,ìÏêº,,1.0e-50,
2022/5/24 5:00,16.1,88,,0.0,,1.1,êºñkêº,,0.01,
2022/5/24 6:00,16.6,81,,0.0,,1.5,ñkêº,,0.01,
2022/5/24 7:00,17.6,66,,0.0,,1.8,ñkêº,,0.01,
2022/5/24 8:00,19.0,53,,0.0,,2.0,ñkñkêº,,0.01,
2022/5/24 9:00,20.9,41,,0.0,,1.3,ñkêº,,0.01,
2022/5/24 10:00,22.6,33,,0.0,,2.3,ñkêº,,0.01,
2022/5/24 11:00,24.2,28,,0.0,,2.8,ñkêº,,0.01,
2022/5/24 12:00,25.0,28,,0.0,,2.6,ñkêº,,0.01,
2022/5/24 13:00,25.7,27,,0.0,,2.9,ñkêº,,0.01,
2022/5/24 14:00,26.2,24,,0.0,,3.0,ñkñkêº,,0.01,
2022/5/24 15:00,25.9,26,,0.0,,2.6,ñkñkêº,,0.01,
2022/5/24 16:00,25.8,25,,0.0,,2.7,ñkñkêº,,0.01,
2022/5/24 17:00,25.3,26,,0.0,,2.3,ñkñkêº,,0.01,
2022/5/24 18:00,23.9,32,,0.0,,1.0,ñk,,0.01,
2022/5/24 19:00,21.7,41,,0.0,,1.1,ñkìå,,0.01,
2022/5/24 20:00,20.0,46,,0.0,,0.9,ìå,,1.0e-50,
2022/5/24 21:00,19.1,50,,0.0,,1.0,ñkñkìå,,1.0e-50,
2022/5/24 22:00,17.7,55,,0.0,,0.7,ìÏ,,1.0e-50,
2022/5/24 23:00,17.4,53,,0.0,,0.8,ìÏ,,1.0e-50,
2022/5/25 0:00,17.7,46,,0.0,,1.0,ñkñkìå,,1.0e-50,
2022/5/25 1:00,16.4,51,,0.0,,0.7,ìÏìÏìå,,1.0e-50,
2022/5/25 2:00,16.2,55,,0.0,,1.2,ìÏ,,1.0e-50,
2022/5/25 3:00,16.1,56,,0.0,,0.6,ñkêº,,1.0e-50,
2022/5/25 4:00,15.4,58,,0.0,,1.0,ìÏ,,1.0e-50,
2022/5/25 5:00,15.5,56,,0.0,,1.4,ìÏêº,,0.01,
2022/5/25 6:00,16.5,56,,0.0,,1.2,ñkñkêº,,0.01,
2022/5/25 7:00,18.0,52,,0.0,,0.6,ìÏ,,0.01,
2022/5/25 8:00,20.1,45,,0.0,,0.7,ìÏìÏêº,,0.01,
2022/5/25 9:00,22.1,40,,0.0,,1.1,ìÏìÏêº,,0.01,
2022/5/25 10:00,24.6,36,,0.0,,1.5,ìÏìÏêº,,0.01,
2022/5/25 11:00,26.6,31,,0.0,,1.5,ìÏêº,,0.01,
2022/5/25 12:00,27.9,27,,0.0,,1.8,ìÏìÏêº,,0.01,
2022/5/25 13:00,29.0,24,,0.0,,1.9,ìÏìÏêº,,0.01,
2022/5/25 14:00,29.6,23,,0.0,,2.4,ìÏêº,,0.01,
2022/5/25 15:00,29.4,22,,0.0,,2.6,ìÏêº,,0.01,
2022/5/25 16:00,29.3,23,,0.0,,2.7,ìÏêº,,0.01,
2022/5/25 17:00,28.5,24,,0.0,,2.2,ìÏêº,,0.01,
2022/5/25 18:00,26.5,32,,0.0,,1.6,ìÏêº,,0.01,
2022/5/25 19:00,24.1,40,,0.0,,0.9,ìÏìÏêº,,0.01,
2022/5/25 20:00,22.5,45,,0.0,,1.0,ìÏ,,1.0e-50,
2022/5/25 21:00,21.2,51,,0.0,,0.6,êºìÏêº,,1.0e-50,
2022/5/25 22:00,20.2,52,,0.0,,0.6,ìÏìÏêº,,1.0e-50,
2022/5/25 23:00,20.1,53,,0.0,,1.3,ñkñkêº,,1.0e-50,
2022/5/26 0:00,20.0,55,,0.0,,1.2,ñkñkìå,,1.0e-50,
2022/5/26 1:00,19.2,57,,0.0,,1.3,ìåñkìå,,1.0e-50,
2022/5/26 2:00,18.2,60,,0.0,,1.0,ìåñkìå,,1.0e-50,
2022/5/26 3:00,19.1,54,,0.0,,1.4,ñkìå,,1.0e-50,
2022/5/26 4:00,17.4,59,,0.0,,0.3,ìÏìÏìå,,1.0e-50,
2022/5/26 5:00,16.9,62,,0.0,,0.4,ñkêº,,0.01,
2022/5/26 6:00,19.2,47,,0.0,,1.5,ñkñkìå,,0.01,
2022/5/26 7:00,19.8,49,,0.0,,0.3,ñkñkìå,,0.01,
2022/5/26 8:00,21.2,49,,0.0,,0.4,ìÏ,,0.01,
2022/5/26 9:00,22.9,46,,0.0,,0.4,ìÏìÏêº,,0.01,
2022/5/26 10:00,25.3,36,,0.0,,0.6,ìÏêº,,0.01,
2022/5/26 11:00,26.7,34,,0.0,,1.1,ìÏìÏêº,,0.01,
2022/5/26 12:00,27.3,32,,0.0,,0.5,ìÏìÏìå,,0.01,
2022/5/26 13:00,28.6,28,,0.0,,0.7,ìÏìÏêº,,0.01,
2022/5/26 14:00,29.1,27,,0.0,,1.7,ìÏ,,0.01,
2022/5/26 15:00,28.6,30,,0.0,,1.4,ìÏìÏêº,,0.01,
2022/5/26 16:00,28.5,32,,0.0,,2.0,ìÏìÏêº,,0.01,
2022/5/26 17:00,27.3,36,,0.0,,2.2,ìÏìÏêº,,0.01,
2022/5/26 18:00,25.1,48,,0.0,,1.8,ìÏêº,,0.01,
2022/5/26 19:00,23.3,58,,0.0,,0.9,ìÏêº,,0.01,
2022/5/26 20:00,22.0,64,,0.0,,1.0,ìÏìÏêº,,1.0e-50,
2022/5/26 21:00,21.1,68,,0.0,,0.9,ìÏìÏêº,,1.0e-50,
2022/5/26 22:00,19.8,74,,0.0,,1.0,ìÏ,,1.0e-50,
2022/5/26 23:00,18.7,76,,0.0,,0.9,êºìÏêº,,1.0e-50,
2022/5/27 0:00,18.0,67,,0.0,,0.7,ìÏêº,,1.0e-50,
2022/5/27 1:00,16.9,70,,0.0,,1.1,ìÏ,,1.0e-50,
2022/5/27 2:00,16.1,70,,0.0,,0.9,ìÏìÏìå,,1.0e-50,
2022/5/27 3:00,15.5,73,,0.0,,0.2,ìåñkìå,,1.0e-50,
2022/5/27 4:00,15.2,85,,0.0,,1.2,ìÏìÏìå,,1.0e-50,
2022/5/27 5:00,14.6,93,,0.0,,0.9,ìÏìÏìå,,0.01,
2022/5/27 6:00,16.2,46,,0.0,,1.0,ñkñkêº,,0.01,
2022/5/27 7:00,17.7,53,,0.0,,0.7,ìÏ,,0.01,
2022/5/27 8:00,19.8,52,,0.0,,1.2,ìÏìÏêº,,0.01,
2022/5/27 9:00,22.3,46,,0.0,,0.8,ìÏìÏêº,,0.01,
2022/5/27 10:00,24.4,38,,0.0,,1.0,ìÏêº,,0.01,
2022/5/27 11:00,26.0,32,,0.0,,1.3,êºìÏêº,,0.01,
2022/5/27 12:00,26.9,30,,0.0,,1.2,êºìÏêº,,0.01,
2022/5/27 13:00,27.9,28,,0.0,,2.0,êº,,0.01,
2022/5/27 14:00,28.5,28,,0.0,,1.4,êº,,0.01,
2022/5/27 15:00,28.3,33,,0.0,,1.2,êºìÏêº,,0.01,
2022/5/27 16:00,28.4,34,,0.0,,1.2,ìÏêº,,0.01,
2022/5/27 17:00,27.7,38,,0.0,,1.1,ìÏ,,0.01,
2022/5/27 18:00,26.4,41,,0.0,,1.1,ìåìÏìå,,0.01,
2022/5/27 19:00,24.3,43,,0.0,,1.1,ìå,,0.01,
2022/5/27 20:00,23.0,46,,0.0,,0.8,ìÏìå,,1.0e-50,
2022/5/27 21:00,22.0,52,,0.0,,0.7,ñkñkìå,,1.0e-50,
2022/5/27 22:00,21.2,55,,0.0,,0.9,ìÏìå,,1.0e-50,
2022/5/27 23:00,20.3,63,,0.0,,0.9,ìÏ,,1.0e-50,
2022/5/28 0:00,20.1,65,,0.0,,0.9,ìÏ,,1.0e-50,
2022/5/28 1:00,19.5,70,,0.0,,0.9,ìÏìÏìå,,1.0e-50,
2022/5/28 2:00,18.9,74,,0.0,,0.7,ìÏìå,,1.0e-50,
2022/5/28 3:00,18.7,73,,0.0,,0.8,ìÏìÏìå,,1.0e-50,
2022/5/28 4:00,18.1,80,,0.0,,0.8,ìÏìÏìå,,1.0e-50,
2022/5/28 5:00,17.8,84,,0.0,,1.1,ìåìÏìå,,0.01,
2022/5/28 6:00,18.2,79,,0.0,,0.8,êºñkêº,,0.01,
2022/5/28 7:00,18.8,77,,0.0,,0.6,ñkñkêº,,0.01,
2022/5/28 8:00,20.1,74,,0.0,,1.1,ñkêº,,0.01,
2022/5/28 9:00,21.2,67,,0.0,,0.2,êºìÏêº,,0.01,
2022/5/28 10:00,22.1,66,,0.0,,1.5,ìÏ,,0.01,
2022/5/28 11:00,22.6,63,,0.0,,1.6,ìÏìÏêº,,0.01,
2022/5/28 12:00,22.9,61,,0.0,,0.6,ìÏìå,,0.01,
2022/5/28 13:00,24.1,55,,0.0,,1.4,ìÏìÏêº,,0.01,
2022/5/28 14:00,24.4,51,,0.0,,1.6,ìÏìÏêº,,0.01,
2022/5/28 15:00,24.8,49,,0.0,,0.8,ìÏìÏìå,,0.01,
2022/5/28 16:00,24.8,50,,0.0,,1.0,ìÏìÏêº,,0.01,
2022/5/28 17:00,24.4,54,,0.0,,0.2,ìÏìÏêº,,0.01,
2022/5/28 18:00,23.6,63,,0.0,,1.0,ìå,,0.01,
2022/5/28 19:00,22.6,70,,0.0,,0.9,ìå,,0.01,
2022/5/28 20:00,21.9,73,,0.0,,0.8,ñkìå,,1.0e-50,
2022/5/28 21:00,21.6,76,,0.0,,1.3,ñkìå,,1.0e-50,
2022/5/28 22:00,20.8,79,,0.0,,0.9,ìåñkìå,,1.0e-50,
2022/5/28 23:00,20.3,80,,0.0,,1.0,ìåñkìå,,1.0e-50,
2022/5/29 0:00,20.1,82,,0.0,,1.1,ñkìå,,1.0e-50,
2022/5/29 1:00,19.4,85,,0.0,,0.7,ñkìå,,1.0e-50,
2022/5/29 2:00,19.2,85,,0.0,,1.0,ñkìå,,1.0e-50,
2022/5/29 3:00,19.0,85,,0.0,,1.3,ñkìå,,1.0e-50,
2022/5/29 4:00,18.4,87,,0.0,,1.0,ñkìå,,1.0e-50,
2022/5/29 5:00,18.4,87,,0.0,,1.2,ñkìå,,0.01,
2022/5/29 6:00,18.8,85,,0.0,,1.3,ñkìå,,0.01,
2022/5/29 7:00,19.5,81,,0.0,,1.5,ìåñkìå,,0.01,
2022/5/29 8:00,20.1,77,,0.0,,1.8,ìåñkìå,,0.01,
2022/5/29 9:00,21.5,72,,0.0,,1.7,ìåñkìå,,0.01,
2022/5/29 10:00,22.3,69,,0.0,,1.8,ìåñkìå,,0.01,
2022/5/29 11:00,23.2,66,,0.0,,1.6,ìå,,0.01,
2022/5/29 12:00,23.3,64,,0.0,,1.5,ìå,,0.01,
2022/5/29 13:00,24.6,57,,0.0,,1.8,ìå,,0.01,
2022/5/29 14:00,25.1,55,,0.0,,1.8,ìåìÏìå,,0.01,
2022/5/29 15:00,24.7,57,,0.0,,2.1,ìå,,0.01,
2022/5/29 16:00,24.3,59,,0.0,,1.8,ìå,,0.01,
2022/5/29 17:00,23.7,62,,0.0,,1.5,ìå,,0.01,
2022/5/29 18:00,23.0,68,,0.0,,1.5,ìå,,0.01,
2022/5/29 19:00,22.2,71,,0.0,,1.3,ìå,,0.01,
2022/5/29 20:00,21.7,72,,0.0,,0.9,ìÏìå,,1.0e-50,
2022/5/29 21:00,21.3,74,,0.0,,1.0,ìåñkìå,,1.0e-50,
2022/5/29 22:00,20.7,75,,0.0,,0.9,ñkìå,,1.0e-50,
2022/5/29 23:00,20.3,76,,0.0,,0.9,ìåñkìå,,1.0e-50,
2022/5/30 0:00,20.2,77,,0.0,,1.1,ñkìå,,1.0e-50,
2022/5/30 1:00,19.6,80,,0.0,,0.8,ñk,,1.0e-50,
2022/5/30 2:00,19.4,80,,0.0,,1.0,ñkìå,,1.0e-50,
2022/5/30 3:00,19.9,75,,0.0,,1.4,ñkìå,,1.0e-50,
2022/5/30 4:00,19.3,78,,0.0,,1.1,ñkìå,,1.0e-50,
2022/5/30 5:00,19.3,80,,0.0,,1.2,ñkìå,,0.01,
2022/5/30 6:00,19.2,85,,0.1,,1.3,ìåñkìå,,0.01,
2022/5/30 7:00,19.3,88,,1.9,,0.8,ìåñkìå,,0.01,
2022/5/30 8:00,19.7,87,,3.7,,1.2,ñkìå,,0.01,
2022/5/30 9:00,19.6,87,,2.6,,1.6,ñkìå,,0.01,
2022/5/30 10:00,20.0,83,,2.0,,2.0,ìåñkìå,,0.01,
2022/5/30 11:00,20.0,83,,1.8,,2.1,ìåñkìå,,0.01,
2022/5/30 12:00,20.1,79,,1.2,,2.4,ìåñkìå,,0.01,
2022/5/30 13:00,19.6,79,,1.1,,2.5,ìåñkìå,,0.01,
2022/5/30 14:00,19.1,79,,0.4,,2.5,ìåñkìå,,0.01,
2022/5/30 15:00,19.0,78,,0.0,,2.5,ìåñkìå,,0.01,
2022/5/30 16:00,19.1,80,,0.2,,2.6,ìå,,0.01,
2022/5/30 17:00,19.7,74,,0.0,,1.8,ìå,,0.01,
2022/5/30 18:00,19.2,77,,0.0,,0.9,ñkìå,,0.01,
2022/5/30 19:00,18.7,80,,0.0,,0.7,ñkñkìå,,0.01,
2022/5/30 20:00,18.4,80,,0.0,,0.7,ñk,,1.0e-50,
2022/5/30 21:00,18.2,77,,0.0,,1.2,ñkìå,,1.0e-50,
2022/5/30 22:00,17.6,80,,0.0,,0.7,ñk,,1.0e-50,
2022/5/30 23:00,17.3,80,,0.0,,0.7,ñkñkìå,,1.0e-50,
2022/5/31 0:00,17.7,74,,0.0,,0.9,ñkñkìå,,1.0e-50,
2022/5/31 1:00,17.0,78,,0.0,,0.7,ìÏêº,,1.0e-50,
2022/5/31 2:00,17.0,79,,0.0,,1.0,ìÏ,,1.0e-50,
2022/5/31 3:00,17.3,76,,0.0,,0.9,ìÏêº,,1.0e-50,
2022/5/31 4:00,16.8,83,,0.0,,0.8,ìÏ,,1.0e-50,
2022/5/31 5:00,16.7,87,,0.0,,0.8,ìÏ,,0.01,
2022/5/31 6:00,17.2,83,,0.0,,0.2,ìåìÏìå,,0.01,
2022/5/31 7:00,17.7,85,,0.0,,0.8,ìÏ,,0.01,
2022/5/31 8:00,18.3,88,,0.1,,1.3,ìÏìÏêº,,0.01,
2022/5/31 9:00,19.3,85,,0.0,,1.6,ìÏìÏêº,,0.01,
2022/5/31 10:00,20.0,82,,0.1,,2.0,ìÏìÏêº,,0.01,
2022/5/31 11:00,20.6,81,,0.0,,2.3,ìÏìÏêº,,0.01,
2022/5/31 12:00,19.9,85,,1.0,,0.9,ìÏêº,,0.01,
2022/5/31 13:00,20.7,81,,0.5,,1.7,ìÏêº,,0.01,
2022/5/31 14:00,21.0,81,,0.3,,1.8,ìÏêº,,0.01,
2022/5/31 15:00,20.9,79,,0.2,,1.2,ìÏìÏêº,,0.01,
2022/5/31 16:00,21.5,76,,0.0,,1.9,ìÏêº,,0.01,
2022/5/31 17:00,21.5,78,,0.0,,1.3,ìÏêº,,0.01,
2022/5/31 18:00,20.8,82,,3.4,,0.7,ñkêº,,0.01,
2022/5/31 19:00,20.1,83,,1.1,,0.4,ñkêº,,0.01,
2022/5/31 20:00,20.0,70,,0.0,,1.5,ñkñkêº,,1.0e-50,
2022/5/31 21:00,19.4,73,,0.0,,1.4,ñkêº,,1.0e-50,
2022/5/31 22:00,18.6,75,,0.0,,1.4,ñkêº,,1.0e-50,
2022/5/31 23:00,18.0,78,,0.0,,0.8,êº,,1.0e-50,
2022/6/1 0:00,17.9,76,,0.0,,1.0,ñkêº,,1.0e-50,
2022/6/1 1:00,17.2,76,,0.0,,0.8,êº,,1.0e-50,
2022/6/1 2:00,16.8,75,,0.0,,1.1,ñkêº,,1.0e-50,
2022/6/1 3:00,16.8,75,,0.0,,1.3,ñkêº,,1.0e-50,
2022/6/1 4:00,16.3,75,,0.0,,1.8,ñkêº,,1.0e-50,
2022/6/1 5:00,16.0,76,,0.0,,1.8,ñkñkêº,,0.01,
2022/6/1 6:00,16.1,77,,0.0,,1.2,ñkêº,,0.01,
2022/6/1 7:00,17.7,67,,0.0,,1.8,ñkñkêº,,0.01,
2022/6/1 8:00,19.2,57,,0.0,,2.3,ñk,,0.01,
2022/6/1 9:00,20.4,52,,0.0,,1.7,ñk,,0.01,
2022/6/1 10:00,21.5,47,,0.0,,2.7,ñk,,0.01,
2022/6/1 11:00,22.6,44,,0.0,,2.8,ñk,,0.01,
2022/6/1 12:00,23.2,41,,0.0,,2.4,ñkñkêº,,0.01,
2022/6/1 13:00,24.2,37,,0.0,,2.5,ñkñkêº,,0.01,
2022/6/1 14:00,25.0,34,,0.0,,2.4,ñk,,0.01,
2022/6/1 15:00,25.1,34,,0.0,,2.1,ñk,,0.01,
2022/6/1 16:00,24.9,35,,0.0,,2.3,ñk,,0.01,
2022/6/1 17:00,23.8,40,,0.0,,2.1,ñk,,0.01,
2022/6/1 18:00,22.2,43,,0.0,,2.0,ñk,,0.01,
2022/6/1 19:00,20.2,52,,0.0,,1.5,ñkñkêº,,0.01,
2022/6/1 20:00,18.7,60,,0.0,,1.3,ñkñkêº,,0.01,
2022/6/1 21:00,18.1,61,,0.0,,1.2,ñkñkìå,,1.0e-50,
2022/6/1 22:00,17.1,65,,0.0,,0.6,ìÏìÏêº,,1.0e-50,
2022/6/1 23:00,16.4,69,,0.0,,0.7,êºìÏêº,,1.0e-50,
2022/6/2 0:00,15.9,73,,0.0,,0.7,ñkìå,,1.0e-50,
2022/6/2 1:00,15.1,77,,0.0,,0.6,êº,,1.0e-50,
2022/6/2 2:00,14.8,80,,0.0,,0.8,êºìÏêº,,1.0e-50,
2022/6/2 3:00,14.8,75,,0.0,,1.1,ñkñkìå,,1.0e-50,
2022/6/2 4:00,13.8,78,,0.0,,0.4,ìÏìÏêº,,1.0e-50,
2022/6/2 5:00,13.4,83,,0.0,,0.4,ìÏìÏìå,,0.01,
2022/6/2 6:00,15.4,70,,0.0,,1.1,ñkñkìå,,0.01,
2022/6/2 7:00,17.2,68,,0.0,,0.5,ìå,,0.01,
2022/6/2 8:00,19.6,64,,0.0,,0.8,ìåñkìå,,0.01,
2022/6/2 9:00,21.9,49,,0.0,,0.5,ìÏìå,,0.01,
2022/6/2 10:00,24.1,40,,0.0,,0.8,ìÏ,,0.01,
2022/6/2 11:00,25.7,34,,0.0,,1.3,ìÏìÏêº,,0.01,
2022/6/2 12:00,26.5,31,,0.0,,1.5,ìÏìÏêº,,0.01,
2022/6/2 13:00,27.5,28,,0.0,,2.0,ìÏìÏêº,,0.01,
2022/6/2 14:00,28.3,25,,0.0,,1.9,ìÏìÏêº,,0.01,
2022/6/2 15:00,28.1,27,,0.0,,2.0,ìÏìÏêº,,0.01,
2022/6/2 16:00,28.2,26,,0.0,,2.0,ìÏìÏêº,,0.01,
2022/6/2 17:00,27.8,28,,0.0,,1.8,ìÏìÏêº,,0.01,
2022/6/2 18:00,26.5,33,,0.0,,1.7,ìÏìÏêº,,0.01,
2022/6/2 19:00,24.1,41,,0.0,,1.1,ìÏìÏêº,,0.01,
2022/6/2 20:00,22.5,47,,0.0,,1.0,ìÏìÏêº,,0.01,
2022/6/2 21:00,21.4,54,,0.0,,1.0,ìÏ,,1.0e-50,
2022/6/2 22:00,20.0,61,,0.0,,0.9,ìÏ,,1.0e-50,
2022/6/2 23:00,19.1,65,,0.0,,0.7,ìÏêº,,1.0e-50,
2022/6/3 0:00,18.5,67,,0.0,,0.2,ñkêº,,1.0e-50,
2022/6/3 1:00,18.1,69,,0.0,,1.0,ìÏ,,1.0e-50,
2022/6/3 2:00,17.7,72,,0.0,,1.0,ìÏìÏêº,,1.0e-50,
2022/6/3 3:00,17.2,75,,0.0,,0.7,ìåñkìå,,1.0e-50,
2022/6/3 4:00,16.3,81,,0.0,,0.9,ìÏ,,1.0e-50,
2022/6/3 5:00,15.7,85,,0.0,,0.6,ìÏìÏìå,,0.01,
2022/6/3 6:00,17.6,80,,0.0,,1.2,ñkñkìå,,0.01,
2022/6/3 7:00,19.3,74,,0.0,,0.3,ñkìå,,0.01,
2022/6/3 8:00,21.2,68,,0.0,,0.1,ìåìÏìå,,0.01,
2022/6/3 9:00,23.4,56,,0.0,,0.9,ìå,,0.01,
2022/6/3 10:00,25.2,48,,0.0,,0.9,ìå,,0.01,
2022/6/3 11:00,26.7,43,,0.0,,1.1,ìÏìå,,0.01,
2022/6/3 12:00,27.5,40,,0.0,,0.9,ìÏìå,,0.01,
2022/6/3 13:00,28.7,33,,0.0,,1.8,ìÏìå,,0.01,
2022/6/3 14:00,29.4,29,,0.0,,1.6,ìÏìÏìå,,0.01,
2022/6/3 15:00,29.1,30,,0.0,,1.5,ìåìÏìå,,0.01,
2022/6/3 16:00,28.9,33,,0.0,,2.1,ìå,,0.01,
2022/6/3 17:00,27.7,43,,0.0,,2.0,ìåìÏìå,,0.01,
2022/6/3 18:00,26.3,50,,0.0,,1.5,ìÏìå,,0.01,
2022/6/3 19:00,24.7,54,,0.0,,1.3,ìÏìÏìå,,0.01,
2022/6/3 20:00,23.5,55,,0.0,,1.0,ìÏìÏìå,,0.01,
2022/6/3 21:00,22.4,61,,0.0,,0.7,ìåìÏìå,,1.0e-50,
2022/6/3 22:00,21.4,64,,0.0,,0.6,ìÏìÏêº,,1.0e-50,
2022/6/3 23:00,20.6,65,,0.0,,0.8,ìÏìÏìå,,1.0e-50,
2022/6/4 0:00,20.6,64,,0.0,,1.5,ìå,,1.0e-50,
2022/6/4 1:00,19.2,69,,0.0,,0.9,ìå,,1.0e-50,
2022/6/4 2:00,18.7,69,,0.0,,0.9,ñkìå,,1.0e-50,
2022/6/4 3:00,19.0,62,,0.0,,1.4,ñkìå,,1.0e-50,
2022/6/4 4:00,17.9,69,,0.0,,0.7,ìåñkìå,,1.0e-50,
2022/6/4 5:00,17.6,73,,0.0,,0.9,ñkìå,,0.01,
2022/6/4 6:00,18.5,71,,0.0,,0.9,ñkñkìå,,0.01,
2022/6/4 7:00,19.9,71,,0.0,,0.6,ìåñkìå,,0.01,
2022/6/4 8:00,21.8,66,,0.0,,0.4,ìåìÏìå,,0.01,
2022/6/4 9:00,23.6,57,,0.0,,0.4,ìåìÏìå,,0.01,
2022/6/4 10:00,25.6,48,,0.0,,0.6,ìÏìå,,0.01,
2022/6/4 11:00,27.1,43,,0.0,,0.8,ìåìÏìå,,0.01,
2022/6/4 12:00,27.9,41,,0.0,,0.7,ìåñkìå,,0.01,
2022/6/4 13:00,28.8,37,,0.0,,1.3,ìå,,0.01,
2022/6/4 14:00,29.5,35,,0.0,,1.0,ìÏìå,,0.01,
2022/6/4 15:00,29.7,31,,0.0,,2.2,ìÏìå,,0.01,
2022/6/4 16:00,29.6,26,,0.0,,2.2,ìÏìå,,0.01,
2022/6/4 17:00,29.0,26,,0.0,,2.0,ìÏìÏìå,,0.01,
2022/6/4 18:00,27.2,33,,0.0,,1.5,ìÏìå,,0.01,
2022/6/4 19:00,24.6,47,,0.0,,1.2,ìÏìÏêº,,0.01,
2022/6/4 20:00,22.8,57,,0.0,,1.1,ìÏìÏêº,,0.01,
2022/6/4 21:00,22.0,62,,0.0,,1.1,ìÏìå,,1.0e-50,
2022/6/4 22:00,20.5,70,,0.0,,0.9,ìÏ,,1.0e-50,
2022/6/4 23:00,19.9,73,,0.0,,1.1,ìÏ,,1.0e-50,
2022/6/5 0:00,19.6,73,,0.0,,0.8,ìåìÏìå,,1.0e-50,
2022/6/5 1:00,18.5,80,,0.0,,1.0,ìÏìÏìå,,1.0e-50,
2022/6/5 2:00,17.9,84,,0.0,,0.8,ìÏìÏêº,,1.0e-50,
2022/6/5 3:00,18.7,73,,0.0,,1.4,ñkìå,,1.0e-50,
2022/6/5 4:00,17.0,82,,0.0,,0.2,êºìÏêº,,1.0e-50,
2022/6/5 5:00,16.9,80,,0.0,,0.6,ìåñkìå,,0.01,
2022/6/5 6:00,18.4,70,,0.0,,1.3,ñkñkìå,,0.01,
2022/6/5 7:00,19.5,63,,0.0,,0.8,ìåìÏìå,,0.01,
2022/6/5 8:00,21.1,57,,0.0,,0.6,ìÏ,,0.01,
2022/6/5 9:00,23.0,52,,0.0,,0.6,ìÏìå,,0.01,
2022/6/5 10:00,24.6,45,,0.0,,1.3,ìÏìÏìå,,0.01,
2022/6/5 11:00,25.7,41,,0.0,,1.5,ìÏìÏêº,,0.01,
2022/6/5 12:00,25.3,44,,0.0,,0.8,ìÏìÏêº,,0.01,
2022/6/5 13:00,25.7,42,,0.0,,1.1,ìÏìÏêº,,0.01,
2022/6/5 14:00,25.8,42,,0.0,,1.0,ìÏìÏêº,,0.01,
2022/6/5 15:00,25.7,42,,0.0,,0.6,ñkêº,,0.01,
2022/6/5 16:00,25.1,45,,0.0,,1.0,êºñkêº,,0.01,
2022/6/5 17:00,24.4,48,,0.0,,0.8,ñkñkêº,,0.01,
2022/6/5 18:00,23.3,55,,0.0,,0.4,ìÏêº,,0.01,
2022/6/5 19:00,22.3,61,,0.0,,0.7,ìÏìÏìå,,0.01,
2022/6/5 20:00,21.6,66,,0.0,,1.2,ìÏìå,,0.01,
2022/6/5 21:00,21.2,71,,0.0,,0.8,ìåìÏìå,,1.0e-50,
2022/6/5 22:00,20.7,75,,0.0,,0.6,ñkìå,,1.0e-50,
2022/6/5 23:00,20.3,79,,0.5,,0.5,ñk,,1.0e-50,
2022/6/6 0:00,20.0,82,,2.6,,1.3,ìåñkìå,,1.0e-50,
2022/6/6 1:00,19.7,81,,4.1,,1.4,ìå,,1.0e-50,
2022/6/6 2:00,19.4,84,,5.1,,1.4,ìåñkìå,,1.0e-50,
2022/6/6 3:00,19.2,85,,5.6,,1.5,ñkìå,,1.0e-50,
2022/6/6 4:00,19.2,86,,4.9,,1.7,ìåñkìå,,1.0e-50,
2022/6/6 5:00,19.1,87,,5.5,,1.7,ìåñkìå,,0.01,
2022/6/6 6:00,18.8,86,,6.8,,1.7,ñkìå,,0.01,
2022/6/6 7:00,18.9,86,,4.1,,2.0,ìåñkìå,,0.01,
2022/6/6 8:00,19.0,85,,3.4,,2.2,ìåñkìå,,0.01,
2022/6/6 9:00,19.2,84,,1.7,,1.8,ìåñkìå,,0.01,
2022/6/6 10:00,19.3,84,,3.8,,1.9,ìåñkìå,,0.01,
2022/6/6 11:00,19.5,84,,2.3,,2.0,ìåñkìå,,0.01,
2022/6/6 12:00,20.2,79,,1.8,,1.6,ìåñkìå,,0.01,
2022/6/6 13:00,20.6,77,,0.2,,1.6,ìåñkìå,,0.01,
2022/6/6 14:00,20.5,81,,0.3,,1.7,ìåñkìå,,0.01,
2022/6/6 15:00,20.7,82,,0.4,,0.9,ñkìå,,0.01,
2022/6/6 16:00,20.5,84,,2.5,,1.2,ñkìå,,0.01,
2022/6/6 17:00,20.2,87,,2.8,,0.9,ìåñkìå,,0.01,
2022/6/6 18:00,20.3,88,,2.6,,0.4,ñkìå,,0.01,
2022/6/6 19:00,19.8,91,,0.6,,0.2,ìåñkìå,,0.01,
2022/6/6 20:00,19.6,90,,0.0,,0.6,ìÏìå,,0.01,
2022/6/6 21:00,19.7,87,,0.0,,1.2,ñkìå,,1.0e-50,
2022/6/6 22:00,19.6,88,,0.1,,1.3,ñkìå,,1.0e-50,
2022/6/6 23:00,19.6,88,,0.0,,1.4,ìåñkìå,,1.0e-50,
2022/6/7 0:00,19.7,89,,0.0,,1.2,ñkìå,,1.0e-50,
2022/6/7 1:00,19.6,88,,1.7,,1.4,ñkìå,,1.0e-50,
2022/6/7 2:00,19.5,87,,3.4,,1.4,ñkìå,,1.0e-50,
2022/6/7 3:00,19.4,87,,2.5,,1.1,ìåñkìå,,1.0e-50,
2022/6/7 4:00,19.1,89,,0.9,,1.0,ìåñkìå,,1.0e-50,
2022/6/7 5:00,19.0,90,,0.0,,1.1,ñkìå,,0.01,
2022/6/7 6:00,19.4,88,,0.0,,1.0,ñkìå,,0.01,
2022/6/7 7:00,19.9,85,,0.0,,1.2,ñkìå,,0.01,
2022/6/7 8:00,20.8,80,,0.0,,1.7,ìåñkìå,,0.01,
2022/6/7 9:00,23.1,68,,0.0,,1.2,ìå,,0.01,
2022/6/7 10:00,24.8,60,,0.0,,1.5,ìå,,0.01,
2022/6/7 11:00,26.0,55,,0.0,,1.7,ìåñkìå,,0.01,
2022/6/7 12:00,27.2,53,,0.0,,1.3,ìå,,0.01,
2022/6/7 13:00,28.2,49,,0.0,,1.8,ìåìÏìå,,0.01,
2022/6/7 14:00,28.9,48,,0.0,,1.9,ìÏìå,,0.01,
2022/6/7 15:00,28.7,48,,0.0,,1.3,ìÏìå,,0.01,
2022/6/7 16:00,28.5,49,,0.0,,1.2,ìÏìÏìå,,0.01,
2022/6/7 17:00,28.2,51,,0.0,,1.3,ìÏìÏìå,,0.01,
2022/6/7 18:00,26.8,58,,0.0,,1.8,ìÏ,,0.01,
2022/6/7 19:00,24.9,63,,0.0,,1.8,ìÏìÏêº,,0.01,
2022/6/7 20:00,23.8,66,,0.0,,1.5,ìÏìÏêº,,0.01,
2022/6/7 21:00,23.3,68,,0.0,,0.7,ìÏ,,1.0e-50,
2022/6/7 22:00,22.6,72,,0.0,,1.0,ìÏìÏêº,,1.0e-50,
2022/6/7 23:00,21.9,77,,0.0,,0.7,ìÏìÏìå,,1.0e-50,
2022/6/8 0:00,21.6,79,,0.0,,0.7,ìÏìÏìå,,1.0e-50,
2022/6/8 1:00,21.1,82,,0.0,,0.9,ìÏ,,1.0e-50,
2022/6/8 2:00,20.4,87,,0.0,,0.3,ñk,,1.0e-50,
2022/6/8 3:00,20.4,84,,0.0,,0.9,ñkñkêº,,1.0e-50,
2022/6/8 4:00,19.7,88,,0.0,,0.7,êºìÏêº,,1.0e-50,
2022/6/8 5:00,19.6,90,,0.0,,1.0,ìÏ,,0.01,
2022/6/8 6:00,20.2,86,,0.0,,0.5,ñkìå,,0.01,
2022/6/8 7:00,21.3,82,,0.0,,0.3,ìåìÏìå,,0.01,
2022/6/8 8:00,22.6,77,,0.0,,0.9,ìÏìÏêº,,0.01,
2022/6/8 9:00,23.4,73,,0.0,,1.2,ìÏìÏêº,,0.01,
2022/6/8 10:00,22.9,78,,0.5,,1.5,ìÏìÏêº,,0.01,
2022/6/8 11:00,22.9,79,,0.4,,1.0,ìÏ,,0.01,
2022/6/8 12:00,23.1,77,,0.0,,0.9,ìÏìÏêº,,0.01,
2022/6/8 13:00,23.0,79,,1.0,,0.5,ìÏìÏìå,,0.01,
2022/6/8 14:00,23.1,79,,0.0,,0.9,ìÏ,,0.01,
2022/6/8 15:00,23.8,77,,0.5,,0.6,ìÏìÏêº,,0.01,
2022/6/8 16:00,23.6,79,,0.1,,0.3,ìÏêº,,0.01,
2022/6/8 17:00,23.1,82,,0.0,,0.5,ìÏ,,0.01,
2022/6/8 18:00,23.0,83,,0.2,,0.8,ìÏìå,,0.01,
2022/6/8 19:00,22.2,87,,3.4,,0.3,ìåìÏìå,,1.0e-50,
2022/6/8 20:00,21.8,90,,6.3,,0.4,êºñkêº,,0.01,
2022/6/8 21:00,22.2,90,,6.3,,0.9,ìÏ,,1.0e-50,
2022/6/8 22:00,21.9,93,,0.1,,0.8,ìÏ,,1.0e-50,
2022/6/8 23:00,21.7,94,,0.0,,0.8,ìÏ,,1.0e-50,
2022/6/9 0:00,21.6,93,,0.0,,0.5,ñkêº,,1.0e-50,
2022/6/9 1:00,21.4,93,,0.2,,0.8,ìÏ,,1.0e-50,
2022/6/9 2:00,21.1,93,,0.1,,0.8,ìÏ,,1.0e-50,
2022/6/9 3:00,21.1,92,,0.0,,0.6,êºìÏêº,,1.0e-50,
2022/6/9 4:00,20.7,89,,0.0,,0.7,êºìÏêº,,1.0e-50,
2022/6/9 5:00,20.7,79,,0.0,,1.4,ñkñkêº,,0.01,
2022/6/9 6:00,20.5,81,,0.0,,0.7,ñkñkêº,,0.01,
2022/6/9 7:00,21.5,70,,0.0,,1.3,ñkñkêº,,0.01,
2022/6/9 8:00,23.1,60,,0.0,,2.1,ñkñkêº,,0.01,
2022/6/9 9:00,24.5,52,,0.0,,1.4,ñk,,0.01,
2022/6/9 10:00,25.9,45,,0.0,,2.0,ñk,,0.01,
2022/6/9 11:00,27.0,43,,0.0,,2.2,ñkñkêº,,0.01,
2022/6/9 12:00,27.1,42,,0.0,,1.8,ñkñkêº,,0.01,
2022/6/9 13:00,27.8,41,,0.0,,2.1,ñkñkêº,,0.01,
2022/6/9 14:00,28.3,40,,0.0,,1.8,ñk,,0.01,
2022/6/9 15:00,27.9,40,,0.0,,1.9,ñkñkêº,,0.01,
2022/6/9 16:00,27.7,41,,0.0,,2.2,ñkñkêº,,0.01,
2022/6/9 17:00,26.1,48,,0.0,,2.5,ñk,,0.01,
2022/6/9 18:00,24.2,50,,0.0,,2.7,ñk,,0.01,
2022/6/9 19:00,21.9,61,,0.0,,1.9,ñkñkêº,,0.01,
2022/6/9 20:00,20.7,66,,0.0,,1.7,ñk,,0.01,
2022/6/9 21:00,20.3,67,,0.0,,1.7,ñk,,1.0e-50,
2022/6/9 22:00,19.4,71,,0.0,,0.7,ñkñkìå,,1.0e-50,
2022/6/9 23:00,18.8,74,,0.0,,0.5,êºìÏêº,,1.0e-50,
2022/6/10 0:00,18.6,75,,0.0,,1.1,ñkìå,,1.0e-50,
2022/6/10 1:00,17.5,82,,0.0,,0.7,ìÏìÏêº,,1.0e-50,
2022/6/10 2:00,17.1,85,,0.0,,0.8,êº,,1.0e-50,
2022/6/10 3:00,17.5,81,,0.0,,0.9,ñkìå,,1.0e-50,
2022/6/10 4:00,17.0,85,,0.0,,0.1,ìÏìÏìå,,1.0e-50,
2022/6/10 5:00,17.0,84,,0.0,,0.7,ñkêº,,0.01,
2022/6/10 6:00,17.8,74,,0.0,,0.7,ñkñkìå,,0.01,
2022/6/10 7:00,18.1,77,,0.0,,0.6,ìåñkìå,,0.01,
2022/6/10 8:00,18.9,76,,0.0,,1.2,ñkìå,,0.01,
2022/6/10 9:00,20.1,67,,0.0,,1.3,ñkìå,,0.01,
2022/6/10 10:00,21.3,65,,0.0,,1.6,ñkìå,,0.01,
2022/6/10 11:00,21.5,71,,0.2,,1.9,ñkìå,,0.01,
2022/6/10 12:00,21.9,73,,0.4,,2.2,ìåñkìå,,0.01,
2022/6/10 13:00,23.1,70,,0.0,,2.1,ìå,,0.01,
2022/6/10 14:00,23.3,69,,0.0,,2.1,ìå,,0.01,
2022/6/10 15:00,22.8,74,,0.0,,2.3,ìå,,0.01,
2022/6/10 16:00,22.9,74,,0.0,,2.4,ìå,,0.01,
2022/6/10 17:00,22.7,75,,0.0,,2.4,ìå,,0.01,
2022/6/10 18:00,21.8,81,,0.2,,1.7,ìå,,0.01,
2022/6/10 19:00,21.4,83,,3.4,,1.5,ìåñkìå,,0.01,
2022/6/10 20:00,21.4,81,,0.5,,1.5,ìå,,0.01,
2022/6/10 21:00,21.2,83,,0.0,,1.4,ñkìå,,1.0e-50,
2022/6/10 22:00,21.5,81,,0.1,,1.9,ìåñkìå,,1.0e-50,
2022/6/10 23:00,21.8,78,,0.0,,2.3,ìåñkìå,,1.0e-50,
2022/6/11 0:00,21.4,81,,0.0,,1.8,ñkìå,,1.0e-50,
2022/6/11 1:00,21.4,81,,0.0,,1.8,ìåñkìå,,1.0e-50,
2022/6/11 2:00,21.4,82,,0.0,,2.0,ìåñkìå,,1.0e-50,
2022/6/11 3:00,21.4,82,,0.0,,1.6,ñkìå,,1.0e-50,
2022/6/11 4:00,21.2,83,,0.1,,1.2,ñkìå,,1.0e-50,
2022/6/11 5:00,21.2,83,,0.0,,1.5,ñkìå,,0.01,
2022/6/11 6:00,21.7,80,,0.0,,1.3,ñk,,0.01,
2022/6/11 7:00,22.0,80,,0.1,,1.1,ñkìå,,0.01,
2022/6/11 8:00,22.7,76,,0.0,,1.9,ñkìå,,0.01,
2022/6/11 9:00,23.1,74,,0.0,,1.2,ñk,,0.01,
2022/6/11 10:00,24.8,66,,0.0,,1.4,ñkìå,,0.01,
2022/6/11 11:00,26.0,62,,0.0,,1.7,ñkìå,,0.01,
2022/6/11 12:00,24.8,69,,0.0,,1.0,ñkñkêº,,0.01,
2022/6/11 13:00,25.2,66,,0.1,,2.0,ñkñkêº,,0.01,
2022/6/11 14:00,25.8,61,,0.0,,2.2,ñkñkêº,,0.01,
2022/6/11 15:00,24.6,66,,0.0,,2.0,ñkêº,,0.01,
2022/6/11 16:00,24.0,70,,0.5,,2.3,ñkêº,,0.01,
2022/6/11 17:00,23.2,73,,0.2,,2.2,ñkêº,,0.01,
2022/6/11 18:00,22.4,74,,0.4,,2.2,ñkêº,,0.01,
2022/6/11 19:00,21.7,77,,0.8,,1.2,ñk,,0.01,
2022/6/11 20:00,21.6,78,,0.0,,0.6,ìå,,0.01,
2022/6/11 21:00,21.3,78,,0.0,,1.0,êºìÏêº,,1.0e-50,
2022/6/11 22:00,20.8,78,,0.0,,1.4,êº,,1.0e-50,
2022/6/11 23:00,20.5,80,,0.0,,1.2,êº,,1.0e-50,
2022/6/12 0:00,20.5,80,,0.1,,1.0,ñkêº,,1.0e-50,
2022/6/12 1:00,20.2,81,,0.0,,0.8,êºìÏêº,,1.0e-50,
2022/6/12 2:00,19.7,84,,0.1,,0.7,êºìÏêº,,1.0e-50,
2022/6/12 3:00,19.9,82,,0.0,,0.6,êºñkêº,,1.0e-50,
2022/6/12 4:00,19.6,83,,0.0,,0.9,ìÏìÏêº,,1.0e-50,
2022/6/12 5:00,19.2,87,,0.2,,0.7,êºìÏêº,,0.01,
2022/6/12 6:00,19.8,81,,0.0,,0.7,êº,,0.01,
2022/6/12 7:00,20.3,78,,0.2,,1.8,ñkêº,,0.01,
2022/6/12 8:00,21.0,73,,0.4,,2.0,ñkêº,,0.01,
2022/6/12 9:00,22.0,69,,0.0,,2.0,ñkñkêº,,0.01,
2022/6/12 10:00,22.6,64,,0.0,,2.5,ñkñkêº,,0.01,
2022/6/12 11:00,23.2,61,,0.0,,2.4,ñkñkêº,,0.01,
2022/6/12 12:00,22.6,62,,0.0,,2.6,ñkñkêº,,0.01,
2022/6/12 13:00,23.0,60,,0.0,,2.7,ñkñkêº,,0.01,
2022/6/12 14:00,23.6,56,,0.0,,2.7,ñkñkêº,,0.01,
2022/6/12 15:00,23.7,56,,0.0,,2.5,ñkñkêº,,0.01,
2022/6/12 16:00,23.3,57,,0.0,,2.6,ñkñkêº,,0.01,
2022/6/12 17:00,22.7,59,,0.0,,2.9,ñkñkêº,,0.01,
2022/6/12 18:00,21.6,62,,0.0,,2.6,ñkñkêº,,0.01,
2022/6/12 19:00,20.4,65,,0.0,,1.9,ñkñkêº,,0.01,
2022/6/12 20:00,19.5,65,,0.0,,2.3,ñkñkêº,,0.01,
2022/6/12 21:00,19.2,68,,0.0,,1.5,ñkñkêº,,1.0e-50,
2022/6/12 22:00,18.7,70,,0.0,,1.7,ñkêº,,1.0e-50,
2022/6/12 23:00,18.4,74,,0.0,,1.2,êºñkêº,,1.0e-50,
2022/6/13 0:00,18.1,77,,0.0,,0.7,êº,,1.0e-50,
2022/6/13 1:00,17.6,80,,0.0,,0.7,ìÏêº,,1.0e-50,
2022/6/13 2:00,17.4,82,,0.0,,0.8,ìÏìÏêº,,1.0e-50,
2022/6/13 3:00,17.3,82,,0.0,,0.7,êº,,1.0e-50,
2022/6/13 4:00,17.0,84,,0.0,,0.9,ìÏìÏêº,,1.0e-50,
2022/6/13 5:00,16.8,86,,0.0,,1.0,ìÏìÏêº,,0.01,
2022/6/13 6:00,17.4,84,,0.0,,0.8,ìÏêº,,0.01,
2022/6/13 7:00,19.1,74,,0.0,,0.8,ñk,,0.01,
2022/6/13 8:00,21.0,62,,0.0,,2.1,ñk,,0.01,
2022/6/13 9:00,21.3,58,,0.0,,2.3,ñk,,0.01,
2022/6/13 10:00,22.4,53,,0.0,,2.5,ñkñkêº,,0.01,
2022/6/13 11:00,23.3,49,,0.0,,2.8,ñkñkêº,,0.01,
2022/6/13 12:00,23.6,47,,0.0,,2.7,ñkñkêº,,0.01,
2022/6/13 13:00,24.5,42,,0.0,,3.0,ñkñkêº,,0.01,
2022/6/13 14:00,24.6,43,,0.0,,3.2,ñk,,0.01,
2022/6/13 15:00,23.4,47,,0.0,,3.3,ñkñkêº,,0.01,
2022/6/13 16:00,22.7,49,,0.0,,3.2,ñkñkêº,,0.01,
2022/6/13 17:00,21.9,52,,0.0,,3.2,ñkñkêº,,0.01,
2022/6/13 18:00,21.0,53,,0.0,,2.9,ñkñkêº,,0.01,
2022/6/13 19:00,19.5,59,,0.0,,2.1,ñkñkêº,,0.01,
2022/6/13 20:00,18.8,63,,0.0,,1.3,ñk,,0.01,
2022/6/13 21:00,18.2,68,,0.0,,1.1,ñkñkêº,,1.0e-50,
2022/6/13 22:00,17.4,70,,0.0,,0.8,êº,,1.0e-50,
2022/6/13 23:00,16.9,72,,0.0,,0.7,êº,,1.0e-50,
2022/6/14 0:00,16.5,75,,0.0,,0.2,ñkìå,,1.0e-50,
2022/6/14 1:00,16.0,77,,0.0,,0.8,ìÏêº,,1.0e-50,
2022/6/14 2:00,15.7,78,,0.0,,0.9,êºìÏêº,,1.0e-50,
2022/6/14 3:00,15.4,81,,0.0,,0.5,ìÏìÏêº,,1.0e-50,
2022/6/14 4:00,14.9,82,,0.0,,0.9,ìÏìÏêº,,1.0e-50,
2022/6/14 5:00,14.5,84,,0.0,,0.7,ìÏìÏêº,,0.01,
2022/6/14 6:00,15.4,80,,0.0,,0.4,ñkñkìå,,0.01,
2022/6/14 7:00,17.2,70,,0.0,,0.3,ñkìå,,0.01,
2022/6/14 8:00,19.2,60,,0.0,,0.6,ìÏìÏêº,,0.01,
2022/6/14 9:00,20.9,50,,0.0,,0.5,ñkñkêº,,0.01,
2022/6/14 10:00,23.0,41,,0.0,,0.6,ñk,,0.01,
2022/6/14 11:00,24.7,36,,0.0,,0.5,ìåñkìå,,0.01,
2022/6/14 12:00,24.9,37,,0.0,,1.1,ìå,,0.01,
2022/6/14 13:00,25.8,35,,0.0,,1.3,ìåñkìå,,0.01,
2022/6/14 14:00,26.2,34,,0.0,,1.6,ìå,,0.01,
2022/6/14 15:00,26.3,35,,0.0,,1.0,ìåñkìå,,0.01,
2022/6/14 16:00,26.4,35,,0.0,,1.3,ìåñkìå,,0.01,
2022/6/14 17:00,25.6,38,,0.0,,1.8,ìåñkìå,,0.01,
2022/6/14 18:00,24.2,45,,0.0,,1.4,ìåñkìå,,0.01,
2022/6/14 19:00,23.0,53,,0.0,,1.5,ìåñkìå,,0.01,
2022/6/14 20:00,22.3,57,,0.0,,1.0,ñkìå,,0.01,
2022/6/14 21:00,21.5,61,,0.0,,1.5,ñkìå,,1.0e-50,
2022/6/14 22:00,21.0,62,,0.0,,1.6,ñkìå,,1.0e-50,
2022/6/14 23:00,20.6,64,,0.0,,1.3,ìåñkìå,,1.0e-50,
2022/6/15 0:00,20.4,64,,0.0,,1.3,ñkìå,,1.0e-50,
2022/6/15 1:00,20.3,67,,0.0,,1.4,ñkìå,,1.0e-50,
2022/6/15 2:00,20.2,70,,0.0,,0.9,ìåñkìå,,1.0e-50,
2022/6/15 3:00,20.1,71,,0.0,,1.0,ñkñkìå,,1.0e-50,
2022/6/15 4:00,19.7,76,,0.0,,0.2,ìÏìÏêº,,1.0e-50,
2022/6/15 5:00,19.4,82,,0.6,,0.2,ìåñkìå,,0.01,
2022/6/15 6:00,20.1,87,,0.0,,1.3,ñkìå,,0.01,
2022/6/15 7:00,20.2,87,,5.8,,1.2,ñkñkìå,,0.01,
2022/6/15 8:00,20.4,84,,5.0,,1.8,ñkñkìå,,0.01,
2022/6/15 9:00,20.9,82,,3.7,,1.7,ìåñkìå,,0.01,
2022/6/15 10:00,21.4,75,,0.0,,1.9,ñkìå,,0.01,
2022/6/15 11:00,21.8,73,,0.0,,2.1,ñkìå,,0.01,
2022/6/15 12:00,22.5,74,,0.0,,1.8,ñkñkìå,,0.01,
2022/6/15 13:00,23.1,66,,0.0,,2.1,ñkìå,,0.01,
2022/6/15 14:00,23.1,65,,0.0,,1.7,ìåñkìå,,0.01,
2022/6/15 15:00,22.9,68,,0.0,,1.5,ñk,,0.01,
2022/6/15 16:00,22.0,66,,0.0,,2.2,ñk,,0.01,
2022/6/15 17:00,21.7,66,,0.0,,1.8,ñkñkêº,,0.01,
2022/6/15 18:00,21.4,68,,0.0,,1.5,ñkñkêº,,0.01,
2022/6/15 19:00,20.5,70,,0.0,,1.8,ñkñkêº,,0.01,
2022/6/15 20:00,19.9,69,,0.0,,1.9,ñkñkêº,,0.01,
2022/6/15 21:00,19.6,68,,0.0,,1.4,ñkñkêº,,1.0e-50,
2022/6/15 22:00,19.0,69,,0.0,,1.4,ñkñkêº,,1.0e-50,
2022/6/15 23:00,18.6,70,,0.0,,1.2,ñkñkêº,,1.0e-50,
2022/6/16 0:00,18.2,71,,0.0,,1.1,ñkñkêº,,1.0e-50,
2022/6/16 1:00,17.7,72,,0.0,,1.0,ñkêº,,1.0e-50,
2022/6/16 2:00,17.2,74,,0.0,,0.8,êºñkêº,,1.0e-50,
2022/6/16 3:00,16.7,75,,0.0,,1.4,ñkêº,,1.0e-50,
2022/6/16 4:00,16.2,75,,0.0,,1.1,ñkêº,,1.0e-50,
2022/6/16 5:00,15.7,75,,0.0,,0.9,êº,,0.01,
2022/6/16 6:00,16.4,72,,0.0,,0.7,ñkñkêº,,0.01,
2022/6/16 7:00,17.8,62,,0.0,,1.0,ñkñkìå,,0.01,
2022/6/16 8:00,19.2,56,,0.0,,0.8,ñkñkìå,,0.01,
2022/6/16 9:00,20.7,48,,0.0,,1.3,ñk,,0.01,
2022/6/16 10:00,22.3,41,,0.0,,1.6,ñk,,0.01,
2022/6/16 11:00,23.7,38,,0.0,,1.1,ñk,,0.01,
2022/6/16 12:00,23.8,36,,0.0,,0.5,ñk,,0.01,
2022/6/16 13:00,25.2,34,,0.0,,0.8,ñk,,0.01,
2022/6/16 14:00,25.5,35,,0.0,,1.4,ñkìå,,0.01,
2022/6/16 15:00,25.2,37,,0.0,,1.4,ñkìå,,0.01,
2022/6/16 16:00,24.7,39,,0.0,,2.0,ñkìå,,0.01,
2022/6/16 17:00,23.5,41,,0.0,,2.1,ìåñkìå,,0.01,
2022/6/16 18:00,22.4,45,,0.0,,1.8,ñkìå,,0.01,
2022/6/16 19:00,20.7,51,,0.0,,1.3,ñkìå,,0.01,
2022/6/16 20:00,19.3,56,,0.0,,1.4,ñkìå,,0.01,
2022/6/16 21:00,18.8,57,,0.0,,1.2,ñkìå,,1.0e-50,
2022/6/16 22:00,18.0,60,,0.0,,0.4,ñkñkìå,,1.0e-50,
2022/6/16 23:00,17.4,62,,0.0,,0.7,ñkìå,,1.0e-50,
2022/6/17 0:00,16.9,58,,0.0,,1.0,ñkìå,,1.0e-50,
2022/6/17 1:00,16.4,66,,0.0,,0.8,ìåñkìå,,1.0e-50,
2022/6/17 2:00,15.9,72,,0.0,,0.4,ìå,,1.0e-50,
2022/6/17 3:00,16.1,64,,0.0,,1.3,ñkìå,,1.0e-50,
2022/6/17 4:00,15.8,72,,0.0,,1.2,ìåñkìå,,1.0e-50,
2022/6/17 5:00,15.6,75,,0.0,,0.9,ñkìå,,0.01,
2022/6/17 6:00,16.9,74,,0.0,,1.0,ñkìå,,0.01,
2022/6/17 7:00,18.9,74,,0.0,,1.0,ìå,,0.01,
2022/6/17 8:00,20.8,71,,0.0,,0.6,ìå,,0.01,
2022/6/17 9:00,22.4,66,,0.0,,1.0,ìå,,0.01,
2022/6/17 10:00,24.5,55,,0.0,,1.8,ìåìÏìå,,0.01,
2022/6/17 11:00,26.1,48,,0.0,,2.0,ìåìÏìå,,0.01,
2022/6/17 12:00,26.6,45,,0.0,,1.9,ìåìÏìå,,0.01,
2022/6/17 13:00,27.4,42,,0.0,,2.6,ìÏìå,,0.01,
2022/6/17 14:00,27.7,43,,0.0,,2.8,ìÏìå,,0.01,
2022/6/17 15:00,27.0,46,,0.0,,2.3,ìåìÏìå,,0.01,
2022/6/17 16:00,26.8,47,,0.0,,2.5,ìåìÏìå,,0.01,
2022/6/17 17:00,26.1,50,,0.0,,2.4,ìåìÏìå,,0.01,
2022/6/17 18:00,25.0,56,,0.0,,2.4,ìåìÏìå,,0.01,
2022/6/17 19:00,23.4,64,,0.0,,2.2,ìå,,0.01,
2022/6/17 20:00,22.7,65,,0.0,,2.1,ìåìÏìå,,0.01,
2022/6/17 21:00,22.0,68,,0.0,,1.6,ìå,,1.0e-50,
2022/6/17 22:00,21.5,70,,0.0,,1.5,ìåñkìå,,1.0e-50,
2022/6/17 23:00,21.4,71,,0.0,,1.5,ìå,,1.0e-50,
2022/6/18 0:00,20.8,76,,0.0,,1.7,ìåñkìå,,1.0e-50,
2022/6/18 1:00,20.8,77,,0.0,,1.9,ìåñkìå,,1.0e-50,
2022/6/18 2:00,20.9,78,,0.0,,2.1,ìåñkìå,,1.0e-50,
2022/6/18 3:00,20.9,76,,0.0,,1.9,ìåñkìå,,1.0e-50,
2022/6/18 4:00,20.7,78,,0.5,,2.2,ìåñkìå,,1.0e-50,
2022/6/18 5:00,20.6,79,,0.7,,2.5,ìåñkìå,,0.01,
2022/6/18 6:00,20.2,80,,0.1,,2.2,ìåñkìå,,0.01,
2022/6/18 7:00,20.4,81,,0.0,,2.6,ìåñkìå,,0.01,
2022/6/18 8:00,20.9,79,,0.0,,2.9,ìåñkìå,,0.01,
2022/6/18 9:00,20.8,78,,0.0,,2.8,ìåñkìå,,0.01,
2022/6/18 10:00,21.5,75,,0.0,,2.9,ìåñkìå,,0.01,
2022/6/18 11:00,22.4,72,,0.0,,2.6,ìåñkìå,,0.01,
2022/6/18 12:00,22.6,67,,0.0,,2.4,ìå,,0.01,
2022/6/18 13:00,23.5,65,,0.0,,2.6,ìå,,0.01,
2022/6/18 14:00,24.6,61,,0.0,,2.4,ìå,,0.01,
2022/6/18 15:00,24.9,59,,0.0,,1.9,ìåìÏìå,,0.01,
2022/6/18 16:00,25.5,56,,0.0,,1.8,ìÏìå,,0.01,
2022/6/18 17:00,25.1,58,,0.0,,1.6,ìÏìå,,0.01,
2022/6/18 18:00,24.8,59,,0.0,,1.2,ìÏìå,,0.01,
2022/6/18 19:00,23.8,65,,0.0,,0.8,ìÏìÏìå,,0.01,
2022/6/18 20:00,23.2,66,,0.0,,0.9,ìÏìå,,0.01,
2022/6/18 21:00,22.6,69,,0.0,,0.8,ìåñkìå,,1.0e-50,
2022/6/18 22:00,22.0,72,,0.0,,0.5,ìå,,1.0e-50,
2022/6/18 23:00,21.8,72,,0.0,,0.7,ñkñkìå,,1.0e-50,
2022/6/19 0:00,22.0,70,,0.0,,1.0,ñk,,1.0e-50,
2022/6/19 1:00,21.5,71,,0.0,,1.0,ñk,,1.0e-50,
2022/6/19 2:00,21.0,73,,0.0,,0.6,ñkìå,,1.0e-50,
2022/6/19 3:00,21.3,69,,0.0,,0.8,ñkìå,,1.0e-50,
2022/6/19 4:00,20.9,70,,0.0,,1.1,ìÏ,,1.0e-50,
2022/6/19 5:00,20.3,74,,0.0,,0.9,ìÏ,,0.01,
2022/6/19 6:00,20.7,74,,0.0,,0.5,ìÏ,,0.01,
2022/6/19 7:00,21.1,76,,0.0,,0.7,ìÏìÏêº,,0.01,
2022/6/19 8:00,21.6,80,,0.0,,1.3,ìÏìÏêº,,0.01,
2022/6/19 9:00,22.4,79,,0.0,,1.5,ìÏìÏêº,,0.01,
2022/6/19 10:00,22.8,80,,0.0,,1.6,ìÏêº,,0.01,
2022/6/19 11:00,23.2,79,,0.0,,1.3,ìÏìÏêº,,0.01,
2022/6/19 12:00,23.5,77,,0.1,,2.0,ìÏìÏêº,,0.01,
2022/6/19 13:00,23.2,79,,0.1,,1.9,ìÏìÏêº,,0.01,
2022/6/19 14:00,23.0,78,,0.1,,1.8,ìÏìÏêº,,0.01,
2022/6/19 15:00,23.0,79,,0.0,,2.0,ìÏêº,,0.01,
2022/6/19 16:00,22.4,83,,1.7,,1.7,ìÏêº,,0.01,
2022/6/19 17:00,21.9,86,,0.8,,1.2,ìÏìÏêº,,0.01,
2022/6/19 18:00,21.9,86,,0.2,,0.9,ìÏìÏêº,,0.01,
2022/6/19 19:00,21.6,88,,0.4,,0.5,ìÏìÏêº,,0.01,
2022/6/19 20:00,21.3,90,,0.0,,0.6,ìÏìå,,0.01,
2022/6/19 21:00,21.3,91,,0.0,,0.5,ìå,,1.0e-50,
2022/6/19 22:00,21.0,92,,0.9,,0.5,ìÏìå,,1.0e-50,
2022/6/19 23:00,21.1,88,,0.2,,1.1,ìÏìå,,1.0e-50,
2022/6/20 0:00,21.2,85,,0.0,,1.3,ìå,,1.0e-50,
2022/6/20 1:00,21.0,83,,0.3,,1.3,ìå,,1.0e-50,
2022/6/20 2:00,21.0,84,,0.7,,1.1,ìå,,1.0e-50,
2022/6/20 3:00,20.6,84,,0.8,,1.3,ìå,,1.0e-50,
2022/6/20 4:00,20.4,85,,3.9,,0.7,ìåñkìå,,1.0e-50,
2022/6/20 5:00,20.4,86,,2.0,,0.9,ìåñkìå,,0.01,
2022/6/20 6:00,20.4,86,,2.0,,1.3,ñkìå,,0.01,
2022/6/20 7:00,20.5,87,,9.4,,1.4,ñkñkìå,,0.01,
2022/6/20 8:00,20.7,87,,10.9,,1.3,ìåñkìå,,0.01,
2022/6/20 9:00,22.3,82,,1.9,,0.9,ìå,,0.01,
2022/6/20 10:00,23.1,80,,0.0,,0.3,ìå,,0.01,
2022/6/20 11:00,23.0,84,,1.4,,1.1,ìÏìÏêº,,0.01,
2022/6/20 12:00,21.9,89,,3.9,,0.6,ìÏêº,,0.01,
2022/6/20 13:00,22.1,89,,4.1,,0.5,ìÏìå,,0.01,
2022/6/20 14:00,22.3,89,,1.0,,1.1,ìÏ,,0.01,
2022/6/20 15:00,23.0,85,,1.1,,1.1,ìÏìÏêº,,0.01,
2022/6/20 16:00,22.8,88,,3.5,,1.0,ìÏìÏêº,,0.01,
2022/6/20 17:00,22.6,90,,1.3,,1.1,ìÏ,,0.01,
2022/6/20 18:00,22.2,89,,1.0,,1.1,ìÏ,,0.01,
2022/6/20 19:00,21.9,91,,1.0,,0.5,ìÏìÏìå,,0.01,
2022/6/20 20:00,21.7,92,,0.7,,0.5,êºìÏêº,,0.01,
2022/6/20 21:00,22.0,91,,0.8,,0.7,ìå,,1.0e-50,
2022/6/20 22:00,21.6,93,,0.1,,0.5,ìÏìÏìå,,1.0e-50,
2022/6/20 23:00,21.5,94,,0.0,,0.5,êº,,1.0e-50,
2022/6/21 0:00,21.9,85,,0.9,,1.0,ñkêº,,1.0e-50,
2022/6/21 1:00,21.4,83,,0.3,,0.7,êºñkêº,,1.0e-50,
2022/6/21 2:00,21.1,81,,0.1,,0.7,êºìÏêº,,1.0e-50,
2022/6/21 3:00,21.3,76,,0.0,,1.0,ìÏêº,,1.0e-50,
2022/6/21 4:00,20.7,79,,0.0,,0.6,ìÏêº,,1.0e-50,
2022/6/21 5:00,20.2,81,,0.0,,0.5,êºìÏêº,,0.01,
2022/6/21 6:00,20.5,81,,0.0,,0.9,ìÏêº,,0.01,
2022/6/21 7:00,20.7,80,,0.0,,0.5,êº,,0.01,
2022/6/21 8:00,21.6,74,,0.0,,0.8,ñkêº,,0.01,
2022/6/21 9:00,22.3,72,,0.0,,0.6,êºìÏêº,,0.01,
2022/6/21 10:00,23.6,65,,0.0,,0.9,êºìÏêº,,0.01,
2022/6/21 11:00,24.6,58,,0.0,,1.2,êºìÏêº,,0.01,
2022/6/21 12:00,24.8,60,,0.0,,1.3,ìÏêº,,0.01,
2022/6/21 13:00,26.0,52,,0.0,,1.4,êºìÏêº,,0.01,
2022/6/21 14:00,27.2,46,,0.0,,1.5,êºìÏêº,,0.01,
2022/6/21 15:00,26.8,50,,0.0,,1.3,ìÏêº,,0.01,
2022/6/21 16:00,27.3,47,,0.0,,1.3,êºìÏêº,,0.01,
2022/6/21 17:00,27.4,47,,0.0,,1.6,ìÏêº,,0.01,
2022/6/21 18:00,26.5,54,,0.0,,1.7,ìÏêº,,0.01,
2022/6/21 19:00,25.0,62,,0.0,,1.6,ìÏêº,,0.01,
2022/6/21 20:00,24.2,66,,0.1,,1.0,êº,,0.01,
2022/6/21 21:00,23.4,71,,0.0,,1.0,êºìÏêº,,1.0e-50,
2022/6/21 22:00,22.9,70,,0.0,,1.2,êºìÏêº,,1.0e-50,
2022/6/21 23:00,22.2,71,,0.0,,1.0,êºìÏêº,,1.0e-50,
2022/6/22 0:00,21.7,73,,0.0,,1.0,êº,,1.0e-50,
2022/6/22 1:00,20.8,76,,0.0,,0.8,êºñkêº,,1.0e-50,
2022/6/22 2:00,19.9,78,,0.0,,0.7,ñkñkêº,,1.0e-50,
2022/6/22 3:00,19.1,76,,0.0,,0.4,ñk,,1.0e-50,
2022/6/22 4:00,18.7,80,,0.0,,1.0,ìÏìÏêº,,1.0e-50,
2022/6/22 5:00,18.2,80,,0.0,,0.4,ìÏìÏêº,,0.01,
2022/6/22 6:00,19.3,74,,0.0,,0.1,ñkìå,,0.01,
2022/6/22 7:00,20.8,69,,0.0,,0.3,êº,,0.01,
2022/6/22 8:00,22.2,67,,0.0,,0.8,ìÏìÏêº,,0.01,
2022/6/22 9:00,23.1,65,,0.0,,0.9,ìÏêº,,0.01,
2022/6/22 10:00,25.0,51,,0.0,,0.9,êºìÏêº,,0.01,
2022/6/22 11:00,26.8,42,,0.0,,1.0,êºìÏêº,,0.01,
2022/6/22 12:00,27.3,45,,0.0,,1.3,ìÏêº,,0.01,
2022/6/22 13:00,28.3,41,,0.0,,1.4,ìÏêº,,0.01,
2022/6/22 14:00,29.2,36,,0.0,,1.2,êºìÏêº,,0.01,
2022/6/22 15:00,29.3,37,,0.0,,1.0,êºìÏêº,,0.01,
2022/6/22 16:00,29.5,36,,0.0,,1.0,êºìÏêº,,0.01,
2022/6/22 17:00,29.2,38,,0.0,,0.0,ìÏìå,,0.01,
2022/6/22 18:00,27.8,42,,0.0,,1.7,ìåñkìå,,0.01,
2022/6/22 19:00,26.0,45,,0.0,,1.4,ñkìå,,0.01,
2022/6/22 20:00,25.0,48,,0.0,,0.1,ìÏêº,,0.01,
2022/6/22 21:00,24.5,53,,0.0,,1.2,ìÏìÏêº,,1.0e-50,
2022/6/22 22:00,23.3,60,,0.0,,0.9,ìÏìÏìå,,1.0e-50,
2022/6/22 23:00,22.5,69,,0.0,,0.9,ìÏìÏêº,,1.0e-50,
2022/6/23 0:00,21.9,73,,0.0,,0.6,ìÏ,,1.0e-50,
2022/6/23 1:00,21.2,80,,0.0,,0.5,ìåìÏìå,,1.0e-50,
2022/6/23 2:00,21.0,82,,0.0,,0.9,ìÏìå,,1.0e-50,
2022/6/23 3:00,20.6,80,,0.0,,0.3,ñkñkìå,,1.0e-50,
2022/6/23 4:00,20.0,85,,0.0,,0.7,ìÏìå,,1.0e-50,
2022/6/23 5:00,19.8,85,,0.0,,0.6,ìÏ,,0.01,
2022/6/23 6:00,20.9,67,,0.0,,1.4,ñkìå,,0.01,
2022/6/23 7:00,20.8,71,,0.0,,0.7,ñkñkìå,,0.01,
2022/6/23 8:00,21.8,63,,0.0,,1.6,ìåñkìå,,0.01,
2022/6/23 9:00,22.5,59,,0.0,,2.5,ìåñkìå,,0.01,
2022/6/23 10:00,23.1,60,,0.0,,1.9,ìåñkìå,,0.01,
2022/6/23 11:00,22.8,65,,0.1,,1.6,ìå,,0.01,
2022/6/23 12:00,21.5,77,,2.0,,0.9,ñkìå,,0.01,
2022/6/23 13:00,21.2,80,,5.6,,1.4,ñkìå,,0.01,
2022/6/23 14:00,20.9,81,,4.3,,1.8,ìåñkìå,,0.01,
2022/6/23 15:00,20.5,79,,1.0,,1.8,ìåñkìå,,0.01,
2022/6/23 16:00,20.5,79,,0.1,,1.6,ìå,,0.01,
2022/6/23 17:00,20.4,78,,0.1,,0.9,ìåìÏìå,,0.01,
2022/6/23 18:00,20.7,74,,0.1,,0.7,ìÏìÏìå,,0.01,
2022/6/23 19:00,20.4,76,,0.0,,0.5,ìÏ,,0.01,
2022/6/23 20:00,20.2,77,,0.0,,0.6,ìÏìÏêº,,0.01,
2022/6/23 21:00,20.2,79,,0.0,,0.5,ìÏìÏêº,,1.0e-50,
2022/6/23 22:00,19.9,79,,0.0,,0.6,ìÏìÏêº,,1.0e-50,
2022/6/23 23:00,19.8,80,,0.0,,0.4,êº,,1.0e-50,
2022/6/24 0:00,19.8,81,,0.0,,0.1,ñkñkìå,,1.0e-50,
2022/6/24 1:00,19.6,82,,0.0,,0.7,ìåñkìå,,1.0e-50,
2022/6/24 2:00,19.6,82,,0.0,,0.5,ìåìÏìå,,1.0e-50,
2022/6/24 3:00,19.7,81,,0.0,,0.4,ìåìÏìå,,1.0e-50,
2022/6/24 4:00,19.3,84,,0.0,,0.4,ìÏêº,,1.0e-50,
2022/6/24 5:00,19.1,85,,0.0,,0.3,ìÏìÏêº,,0.01,
2022/6/24 6:00,19.8,81,,0.0,,0.3,ìÏêº,,0.01,
2022/6/24 7:00,20.5,78,,0.0,,0.7,êºìÏêº,,0.01,
2022/6/24 8:00,21.5,73,,0.0,,1.0,êºìÏêº,,0.01,
2022/6/24 9:00,22.5,70,,0.0,,0.9,ìÏêº,,0.01,
2022/6/24 10:00,23.7,63,,0.0,,1.6,ìÏêº,,0.01,
2022/6/24 11:00,25.2,55,,0.0,,1.6,êºìÏêº,,0.01,
2022/6/24 12:00,26.4,52,,0.0,,1.5,êºìÏêº,,0.01,
2022/6/24 13:00,27.3,47,,0.0,,2.0,êºñkêº,,0.01,
2022/6/24 14:00,28.1,43,,0.0,,1.7,ñkêº,,0.01,
2022/6/24 15:00,29.2,40,,0.0,,1.4,êº,,0.01,
2022/6/24 16:00,29.7,39,,0.0,,2.0,êº,,0.01,
2022/6/24 17:00,29.5,41,,0.0,,2.0,êºìÏêº,,0.01,
2022/6/24 18:00,27.6,53,,0.0,,2.6,ìÏêº,,0.01,
2022/6/24 19:00,25.9,57,,0.0,,1.6,ìÏìÏêº,,0.01,
2022/6/24 20:00,25.0,60,,0.0,,0.9,ìÏìÏêº,,0.01,
2022/6/24 21:00,24.1,64,,0.0,,0.7,ìÏìÏêº,,1.0e-50,
2022/6/24 22:00,23.4,66,,0.0,,0.9,ìÏ,,1.0e-50,
2022/6/24 23:00,22.8,69,,0.0,,0.9,ìÏ,,1.0e-50,
2022/6/25 0:00,22.4,72,,0.0,,1.0,ìÏìÏêº,,1.0e-50,
2022/6/25 1:00,21.4,78,,0.0,,0.7,ìÏìÏìå,,1.0e-50,
2022/6/25 2:00,21.1,81,,0.0,,0.9,ìÏìÏìå,,1.0e-50,
2022/6/25 3:00,20.7,79,,0.0,,0.4,ñk,,1.0e-50,
2022/6/25 4:00,20.4,81,,0.0,,1.0,ìÏ,,1.0e-50,
2022/6/25 5:00,20.0,83,,0.0,,1.1,ìÏìÏêº,,0.01,
2022/6/25 6:00,20.9,77,,0.0,,0.2,ìÏìÏìå,,0.01,
2022/6/25 7:00,22.6,71,,0.0,,0.6,ìÏìÏêº,,0.01,
2022/6/25 8:00,24.3,64,,0.0,,0.9,ìÏìÏêº,,0.01,
2022/6/25 9:00,26.5,56,,0.0,,1.1,ìÏìÏêº,,0.01,
2022/6/25 10:00,28.2,51,,0.0,,1.1,ìÏìÏêº,,0.01,
2022/6/25 11:00,30.1,45,,0.0,,1.2,ìÏìÏêº,,0.01,
2022/6/25 12:00,31.0,44,,0.0,,1.2,ìÏìÏêº,,0.01,
2022/6/25 13:00,32.1,40,,0.0,,1.5,ìÏìÏêº,,0.01,
2022/6/25 14:00,33.0,36,,0.0,,2.0,ìÏìÏêº,,0.01,
2022/6/25 15:00,33.1,35,,0.0,,1.2,ìÏìÏêº,,0.01,
2022/6/25 16:00,33.3,33,,0.0,,1.6,ìÏêº,,0.01,
2022/6/25 17:00,32.9,31,,0.0,,2.0,ìÏêº,,0.01,
2022/6/25 18:00,30.9,35,,0.0,,1.7,ìÏêº,,0.01,
2022/6/25 19:00,28.3,45,,0.0,,1.2,ìÏìÏêº,,0.01,
2022/6/25 20:00,26.5,52,,0.0,,1.3,ìÏìÏêº,,0.01,
2022/6/25 21:00,25.5,58,,0.0,,0.3,ìÏìÏêº,,1.0e-50,
2022/6/25 22:00,24.5,61,,0.0,,0.9,ìÏìÏìå,,1.0e-50,
2022/6/25 23:00,23.6,66,,0.0,,0.7,ìÏìå,,1.0e-50,
2022/6/26 0:00,23.3,65,,0.0,,0.6,ñk,,1.0e-50,
2022/6/26 1:00,22.7,67,,0.0,,1.1,ìÏ,,1.0e-50,
2022/6/26 2:00,21.9,72,,0.0,,0.7,ìÏìÏìå,,1.0e-50,
2022/6/26 3:00,21.6,73,,0.0,,0.3,ñkìå,,1.0e-50,
2022/6/26 4:00,20.8,77,,0.0,,0.2,ñkñkìå,,1.0e-50,
2022/6/26 5:00,21.1,78,,0.0,,0.8,ìÏ,,0.01,
2022/6/26 6:00,21.7,77,,0.0,,0.5,ñkñkìå,,0.01,
2022/6/26 7:00,23.2,75,,0.0,,0.8,ìÏìÏêº,,0.01,
2022/6/26 8:00,24.9,71,,0.0,,1.4,ìÏìÏêº,,0.01,
2022/6/26 9:00,26.6,62,,0.0,,1.1,ìÏ,,0.01,
2022/6/26 10:00,28.5,54,,0.0,,2.0,ìÏ,,0.01,
2022/6/26 11:00,29.8,49,,0.0,,2.6,ìÏìÏêº,,0.01,
2022/6/26 12:00,30.5,47,,0.0,,1.9,ìÏìÏêº,,0.01,
2022/6/26 13:00,31.1,45,,0.0,,2.5,ìÏìÏêº,,0.01,
2022/6/26 14:00,31.6,45,,0.0,,2.6,ìÏêº,,0.01,
2022/6/26 15:00,30.6,55,,0.0,,2.9,ìÏêº,,0.01,
2022/6/26 16:00,30.7,53,,0.0,,2.9,ìÏêº,,0.01,
2022/6/26 17:00,30.0,56,,0.0,,2.7,ìÏêº,,0.01,
2022/6/26 18:00,28.6,60,,0.0,,2.1,ìÏêº,,0.01,
2022/6/26 19:00,27.2,69,,0.2,,1.6,ìÏêº,,0.01,
2022/6/26 20:00,26.8,71,,0.0,,1.2,ìÏêº,,0.01,
2022/6/26 21:00,26.3,74,,0.0,,1.0,ìÏ,,1.0e-50,
2022/6/26 22:00,25.7,77,,0.0,,0.9,ìÏ,,1.0e-50,
2022/6/26 23:00,25.5,80,,0.0,,0.8,ìÏìÏêº,,1.0e-50,
2022/6/27 0:00,25.2,81,,0.0,,1.1,ìÏ,,1.0e-50,
2022/6/27 1:00,25.0,82,,0.1,,1.0,ìÏ,,1.0e-50,
2022/6/27 2:00,25.1,82,,0.0,,1.6,ìÏìÏêº,,1.0e-50,
2022/6/27 3:00,25.0,81,,0.0,,1.9,ìÏìÏêº,,1.0e-50,
2022/6/27 4:00,24.9,77,,0.0,,2.1,ìÏìÏêº,,1.0e-50,
2022/6/27 5:00,24.9,77,,0.0,,2.3,ìÏìÏêº,,0.01,
2022/6/27 6:00,24.7,79,,0.0,,2.0,ìÏìÏêº,,0.01,
2022/6/27 7:00,24.9,80,,0.0,,1.9,ìÏìÏêº,,0.01,
2022/6/27 8:00,26.0,75,,0.0,,3.0,ìÏêº,,0.01,
2022/6/27 9:00,27.4,69,,0.0,,3.2,ìÏêº,,0.01,
2022/6/27 10:00,28.4,63,,0.0,,3.6,ìÏêº,,0.01,
2022/6/27 11:00,28.6,62,,0.0,,3.6,ìÏêº,,0.01,
2022/6/27 12:00,29.1,62,,0.0,,3.4,ìÏêº,,0.01,
2022/6/27 13:00,29.1,61,,0.0,,3.5,ìÏêº,,0.01,
2022/6/27 14:00,29.1,62,,0.0,,3.5,ìÏêº,,0.01,
2022/6/27 15:00,29.8,60,,0.0,,3.4,ìÏêº,,0.01,
2022/6/27 16:00,29.6,61,,0.0,,3.1,ìÏêº,,0.01,
2022/6/27 17:00,28.9,65,,0.0,,3.0,ìÏêº,,0.01,
2022/6/27 18:00,28.2,69,,0.0,,2.5,ìÏêº,,0.01,
2022/6/27 19:00,27.3,74,,0.0,,1.9,ìÏêº,,0.01,
2022/6/27 20:00,26.9,75,,0.0,,1.8,ìÏêº,,0.01,
2022/6/27 21:00,26.5,77,,0.0,,2.0,ìÏêº,,1.0e-50,
2022/6/27 22:00,26.1,79,,0.0,,1.5,ìÏêº,,1.0e-50,
2022/6/27 23:00,25.8,82,,0.1,,1.3,ìÏêº,,1.0e-50,
2022/6/28 0:00,25.6,83,,0.0,,1.3,ìÏìÏêº,,1.0e-50,
2022/6/28 1:00,25.1,87,,0.0,,1.1,ìÏ,,1.0e-50,
2022/6/28 2:00,25.0,88,,0.0,,1.0,ìÏêº,,1.0e-50,
2022/6/28 3:00,25.1,85,,0.1,,1.5,êºìÏêº,,1.0e-50,
2022/6/28 4:00,24.8,87,,1.3,,1.2,ìÏêº,,1.0e-50,
2022/6/28 5:00,24.9,86,,0.1,,2.2,ìÏêº,,0.01,
2022/6/28 6:00,25.1,85,,0.0,,2.0,ìÏêº,,0.01,
2022/6/28 7:00,25.2,86,,0.0,,1.6,ìÏêº,,0.01,
2022/6/28 8:00,25.8,82,,0.0,,2.0,ìÏêº,,0.01,
2022/6/28 9:00,26.3,80,,0.0,,2.0,ìÏêº,,0.01,
2022/6/28 10:00,27.7,73,,0.0,,2.2,ìÏìÏêº,,0.01,
2022/6/28 11:00,28.8,67,,0.0,,2.7,ìÏêº,,0.01,
2022/6/28 12:00,28.6,68,,0.0,,3.1,ìÏêº,,0.01,
2022/6/28 13:00,30.4,60,,0.0,,2.8,ìÏêº,,0.01,
2022/6/28 14:00,31.0,55,,0.0,,3.1,ìÏêº,,0.01,
2022/6/28 15:00,30.7,54,,0.0,,2.7,ìÏêº,,0.01,
2022/6/28 16:00,31.1,53,,0.0,,2.4,ìÏêº,,0.01,
2022/6/28 17:00,30.7,53,,0.0,,2.4,ìÏêº,,0.01,
2022/6/28 18:00,29.6,55,,0.0,,1.7,ìÏêº,,0.01,
2022/6/28 19:00,28.2,61,,0.0,,1.1,ìÏ,,0.01,
2022/6/28 20:00,27.5,63,,0.0,,1.3,ìÏìÏêº,,0.01,
2022/6/28 21:00,27.1,67,,0.0,,1.4,ìÏ,,1.0e-50,
2022/6/28 22:00,26.1,70,,0.0,,1.2,ìÏìÏìå,,1.0e-50,
2022/6/28 23:00,25.6,75,,0.0,,1.0,ìÏ,,1.0e-50,
2022/6/29 0:00,25.4,74,,0.0,,1.4,ìÏ,,1.0e-50,
2022/6/29 1:00,24.7,78,,0.0,,1.1,ìÏìÏìå,,1.0e-50,
2022/6/29 2:00,24.4,80,,0.0,,1.0,ìÏìÏìå,,1.0e-50,
2022/6/29 3:00,24.5,78,,0.0,,1.6,ìÏìå,,1.0e-50,
2022/6/29 4:00,24.3,78,,0.0,,1.3,ìÏìå,,1.0e-50,
2022/6/29 5:00,24.0,80,,0.0,,1.0,ìÏìÏìå,,0.01,
2022/6/29 6:00,24.5,79,,0.0,,1.3,ìåìÏìå,,0.01,
2022/6/29 7:00,25.2,77,,0.0,,1.2,ìÏìÏìå,,0.01,
2022/6/29 8:00,25.7,75,,0.0,,0.9,ìÏìÏìå,,0.01,
2022/6/29 9:00,25.3,80,,1.0,,1.4,ìÏìå,,0.01,
2022/6/29 10:00,26.5,76,,0.1,,1.1,ìÏìÏìå,,0.01,
2022/6/29 11:00,27.8,69,,0.0,,1.8,ìÏ,,0.01,
2022/6/29 12:00,28.1,68,,3.3,,2.2,ìÏìÏêº,,0.01,
2022/6/29 13:00,28.9,65,,0.0,,2.1,ìÏêº,,0.01,
2022/6/29 14:00,28.0,70,,0.3,,2.1,ìÏìÏêº,,0.01,
2022/6/29 15:00,29.1,63,,0.2,,2.7,ìÏêº,,0.01,
2022/6/29 16:00,27.8,73,,0.5,,2.5,ìÏêº,,0.01,
2022/6/29 17:00,26.7,79,,4.7,,2.6,ìÏêº,,0.01,
2022/6/29 18:00,25.3,81,,10.2,,1.4,ìÏìÏêº,,0.01,
2022/6/29 19:00,24.9,82,,0.0,,0.8,ìÏìÏìå,,0.01,
2022/6/29 20:00,24.5,82,,0.0,,0.9,ìÏìå,,0.01,
2022/6/29 21:00,24.4,81,,0.0,,0.4,ìåñkìå,,1.0e-50,
2022/6/29 22:00,24.3,81,,0.0,,0.8,ñkñkìå,,1.0e-50,
2022/6/29 23:00,24.1,82,,0.0,,0.8,ìåñkìå,,1.0e-50,
2022/6/30 0:00,24.3,81,,0.0,,1.2,ñkìå,,1.0e-50,
2022/6/30 1:00,23.9,85,,0.0,,0.9,ñkìå,,1.0e-50,
2022/6/30 2:00,23.8,87,,0.0,,0.8,ñkìå,,1.0e-50,
2022/6/30 3:00,24.2,84,,1.2,,1.2,ìåñkìå,,1.0e-50,
2022/6/30 4:00,23.8,86,,0.0,,0.9,ñkìå,,1.0e-50,
2022/6/30 5:00,23.6,87,,0.0,,0.9,ñkñkìå,,0.01,
2022/6/30 6:00,24.2,86,,0.0,,1.1,ìåñkìå,,0.01,
2022/6/30 7:00,24.9,83,,0.0,,0.4,ìåñkìå,,0.01,
2022/6/30 8:00,26.3,75,,0.0,,0.5,ìÏìå,,0.01,
2022/6/30 9:00,27.4,71,,0.0,,0.8,ìå,,0.01,
2022/6/30 10:00,28.9,65,,0.0,,0.9,ìåìÏìå,,0.01,
2022/6/30 11:00,30.4,58,,0.0,,1.2,ìÏìå,,0.01,
2022/6/30 12:00,31.6,50,,0.0,,2.1,ìÏìå,,0.01,
2022/6/30 13:00,32.2,47,,0.0,,2.4,ìÏìå,,0.01,
2022/6/30 14:00,32.2,47,,0.0,,1.8,ìÏ,,0.01,
2022/6/30 15:00,31.6,51,,0.0,,1.4,ìÏêº,,0.01,
2022/6/30 16:00,31.3,53,,0.0,,1.3,ìÏìÏêº,,0.01,
2022/6/30 17:00,30.5,58,,0.0,,1.1,ìÏìÏêº,,0.01,
2022/6/30 18:00,29.0,71,,0.0,,0.7,ìåìÏìå,,0.01,
2022/6/30 19:00,27.8,76,,0.0,,0.9,ìÏìå,,0.01,
2022/6/30 20:00,26.7,78,,0.1,,0.8,ìÏìå,,0.01,
2022/6/30 21:00,26.0,75,,0.1,,1.1,ìå,,1.0e-50,
2022/6/30 22:00,25.2,80,,0.1,,1.1,ìåìÏìå,,1.0e-50,
2022/6/30 23:00,24.7,83,,0.2,,0.8,ìåìÏìå,,1.0e-50,
2022/7/1 0:00,24.2,84,,0.1,,0.9,ìå,,1.0e-50,
2022/7/1 1:00,23.7,85,,0.1,,0.6,ìåñkìå,,1.0e-50,
2022/7/1 2:00,23.3,85,,0.1,,0.7,ìåñkìå,,1.0e-50,
2022/7/1 3:00,23.0,85,,0.1,,1.0,ìåñkìå,,1.0e-50,
2022/7/1 4:00,22.5,86,,2.8,,1.0,ìåñkìå,,1.0e-50,
2022/7/1 5:00,22.4,86,,0.1,,1.1,ìå,,0.01,
2022/7/1 6:00,22.0,85,,0.3,,0.8,ìåñkìå,,0.01,
2022/7/1 7:00,22.1,85,,1.3,,0.7,ìåñkìå,,0.01,
2022/7/1 8:00,22.4,85,,0.9,,1.0,ìåìÏìå,,0.01,
2022/7/1 9:00,22.7,86,,1.2,,1.0,ìåñkìå,,0.01,
2022/7/1 10:00,23.4,84,,3.1,,1.6,ìåìÏìå,,0.01,
2022/7/1 11:00,23.7,84,,3.9,,0.5,êºìÏêº,,0.01,
2022/7/1 12:00,24.8,84,,1.2,,0.9,ìÏ,,0.01,
2022/7/1 13:00,25.0,84,,1.1,,0.8,ìÏìå,,0.01,
2022/7/1 14:00,25.3,84,,0.4,,1.0,ìÏ,,0.01,
2022/7/1 15:00,25.2,85,,1.1,,0.5,ìÏ,,0.01,
2022/7/1 16:00,24.8,88,,2.9,,0.8,ìÏìå,,1.0e-50,
2022/7/1 17:00,24.8,88,,0.9,,0.6,ìåñkìå,,0.01,
2022/7/1 18:00,24.6,83,,0.7,,2.1,ìåñkìå,,0.01,
2022/7/1 19:00,24.0,84,,0.0,,1.5,ìåñkìå,,0.01,
2022/7/1 20:00,23.5,86,,0.0,,1.1,ìåñkìå,,0.01,
2022/7/1 21:00,23.4,86,,0.0,,0.8,ñkìå,,1.0e-50,
2022/7/1 22:00,23.0,87,,0.0,,0.7,ìåñkìå,,1.0e-50,
2022/7/1 23:00,22.9,86,,0.0,,1.1,ñkñkìå,,1.0e-50,
2022/7/2 0:00,22.5,85,,0.0,,1.1,ñkìå,,1.0e-50,
2022/7/2 1:00,22.4,84,,0.0,,1.2,ñkìå,,1.0e-50,
2022/7/2 2:00,22.2,85,,0.0,,0.8,ñkñkìå,,1.0e-50,
2022/7/2 3:00,22.2,85,,0.0,,0.8,ñk,,1.0e-50,
2022/7/2 4:00,22.1,84,,0.0,,0.9,ñk,,1.0e-50,
2022/7/2 5:00,21.6,85,,0.0,,0.5,ñkìå,,0.01,
2022/7/2 6:00,21.7,85,,0.0,,0.4,ìåìÏìå,,0.01,
2022/7/2 7:00,22.8,78,,0.0,,0.1,êº,,0.01,
2022/7/2 8:00,24.3,70,,0.0,,1.1,êºñkêº,,0.01,
2022/7/2 9:00,25.7,65,,0.0,,0.5,ñkêº,,0.01,
2022/7/2 10:00,27.0,58,,0.0,,0.7,êºñkêº,,0.01,
2022/7/2 11:00,28.4,52,,0.0,,1.2,êº,,0.01,
2022/7/2 12:00,29.1,49,,0.0,,1.7,êºìÏêº,,0.01,
2022/7/2 13:00,30.2,44,,0.0,,1.7,êº,,0.01,
2022/7/2 14:00,31.0,42,,0.0,,2.2,êºìÏêº,,0.01,
2022/7/2 15:00,31.5,38,,0.0,,1.8,êºìÏêº,,0.01,
2022/7/2 16:00,31.3,41,,0.0,,2.3,ìÏêº,,0.01,
2022/7/2 17:00,29.9,50,,0.0,,2.8,ìÏìÏêº,,0.01,
2022/7/2 18:00,28.8,52,,0.0,,1.9,ìÏìÏêº,,0.01,
2022/7/2 19:00,27.7,58,,0.0,,1.0,ìÏìÏêº,,0.01,
2022/7/2 20:00,26.6,60,,0.0,,1.3,ìÏìÏêº,,0.01,
2022/7/2 21:00,25.7,64,,0.0,,1.3,ìÏìÏêº,,1.0e-50,
2022/7/2 22:00,24.8,68,,0.0,,0.7,ìÏ,,1.0e-50,
2022/7/2 23:00,24.1,71,,0.0,,1.0,ìÏ,,1.0e-50,
2022/7/3 0:00,23.4,75,,0.0,,0.3,ìåñkìå,,1.0e-50,
2022/7/3 1:00,23.4,73,,0.0,,1.0,ìå,,1.0e-50,
2022/7/3 2:00,22.7,77,,0.0,,0.2,êºñkêº,,1.0e-50,
2022/7/3 3:00,23.0,74,,0.0,,1.1,ñkìå,,1.0e-50,
2022/7/3 4:00,22.8,75,,0.0,,1.3,ñkìå,,1.0e-50,
2022/7/3 5:00,22.7,77,,0.0,,1.0,ìåñkìå,,0.01,
2022/7/3 6:00,22.6,80,,0.0,,0.2,ñkìå,,0.01,
2022/7/3 7:00,22.6,82,,1.0,,0.7,ñkìå,,0.01,
2022/7/3 8:00,22.8,85,,2.6,,1.0,ñkìå,,0.01,
2022/7/3 9:00,23.6,82,,1.6,,1.3,ìåìÏìå,,1.0e-50,
2022/7/3 10:00,23.3,86,,9.3,,0.7,ìåñkìå,,0.01,
2022/7/3 11:00,23.6,85,,1.6,,1.0,ìåñkìå,,0.01,
2022/7/3 12:00,23.6,84,,3.7,,0.8,ìÏìÏìå,,0.01,
2022/7/3 13:00,23.9,83,,2.4,,0.9,ìåìÏìå,,0.01,
2022/7/3 14:00,24.0,83,,1.9,,0.7,ìÏìÏêº,,0.01,
2022/7/3 15:00,24.0,82,,0.0,,0.6,ìåñkìå,,0.01,
2022/7/3 16:00,24.1,82,,0.2,,0.2,ìåìÏìå,,0.01,
2022/7/3 17:00,24.1,84,,0.2,,0.4,ìÏìå,,0.01,
2022/7/3 18:00,24.1,85,,0.1,,0.6,ìÏ,,0.01,
2022/7/3 19:00,23.8,87,,0.1,,0.7,ìÏìÏêº,,0.01,
2022/7/3 20:00,23.6,88,,0.0,,1.0,ìÏ,,0.01,
2022/7/3 21:00,23.3,89,,0.0,,0.9,ìÏêº,,1.0e-50,
2022/7/3 22:00,23.1,88,,0.0,,1.0,ìÏêº,,1.0e-50,
2022/7/3 23:00,22.9,87,,0.0,,1.1,ìÏêº,,1.0e-50,
2022/7/4 0:00,22.4,88,,0.0,,1.2,ìÏêº,,1.0e-50,
2022/7/4 1:00,22.1,89,,0.0,,1.2,ìÏìÏêº,,1.0e-50,
2022/7/4 2:00,21.7,91,,0.0,,1.1,ìÏìÏêº,,1.0e-50,
2022/7/4 3:00,21.2,90,,0.0,,0.7,ìÏêº,,1.0e-50,
2022/7/4 4:00,21.0,90,,0.0,,1.1,ìÏêº,,1.0e-50,
2022/7/4 5:00,20.7,91,,0.0,,1.0,ìÏêº,,0.01,
2022/7/4 6:00,21.0,89,,0.0,,0.7,ìÏìÏêº,,0.01,
2022/7/4 7:00,22.5,81,,0.0,,1.1,ìÏêº,,0.01,
2022/7/4 8:00,24.3,72,,0.0,,1.9,êºìÏêº,,0.01,
2022/7/4 9:00,26.0,65,,0.0,,2.0,ìÏêº,,0.01,
2022/7/4 10:00,27.4,59,,0.0,,2.1,ìÏêº,,0.01,
2022/7/4 11:00,28.5,54,,0.0,,2.7,ìÏêº,,0.01,
2022/7/4 12:00,28.5,54,,0.0,,2.2,êºìÏêº,,0.01,
2022/7/4 13:00,29.2,52,,0.0,,2.5,ìÏêº,,0.01,
2022/7/4 14:00,29.2,52,,0.0,,3.0,ìÏêº,,0.01,
2022/7/4 15:00,28.2,55,,0.0,,2.9,ìÏêº,,0.01,
2022/7/4 16:00,27.6,58,,0.0,,2.5,ìÏêº,,0.01,
2022/7/4 17:00,26.8,62,,0.0,,2.3,ìÏêº,,0.01,
2022/7/4 18:00,26.5,68,,0.1,,2.2,ìÏêº,,0.01,
2022/7/4 19:00,25.8,70,,0.0,,1.2,ìÏêº,,0.01,
2022/7/4 20:00,25.4,72,,0.0,,0.9,ìÏêº,,0.01,
2022/7/4 21:00,24.9,75,,0.0,,1.4,ìÏêº,,1.0e-50,
2022/7/4 22:00,24.6,76,,0.0,,1.4,ìÏìÏêº,,1.0e-50,
2022/7/4 23:00,24.4,77,,0.0,,1.4,ìÏìÏêº,,1.0e-50,
2022/7/5 0:00,23.9,81,,0.0,,1.4,ìÏìÏêº,,1.0e-50,
2022/7/5 1:00,23.6,83,,0.0,,1.1,ìÏêº,,1.0e-50,
2022/7/5 2:00,23.3,84,,0.0,,1.0,ìÏìÏêº,,1.0e-50,
2022/7/5 3:00,23.3,84,,0.0,,1.2,ìÏêº,,1.0e-50,
2022/7/5 4:00,23.1,84,,0.0,,1.3,ìÏìÏêº,,1.0e-50,
2022/7/5 5:00,22.8,85,,0.0,,0.9,ìÏìÏêº,,0.01,
2022/7/5 6:00,22.7,86,,0.0,,0.5,êºìÏêº,,0.01,
2022/7/5 7:00,23.4,83,,0.0,,0.4,ìÏêº,,0.01,
2022/7/5 8:00,24.2,81,,0.0,,1.3,ìÏêº,,0.01,
2022/7/5 9:00,24.9,79,,0.0,,2.2,ìÏêº,,0.01,
2022/7/5 10:00,25.5,76,,0.0,,3.1,ìÏêº,,0.01,
2022/7/5 11:00,25.6,74,,0.0,,3.1,ìÏêº,,0.01,
2022/7/5 12:00,25.4,78,,0.0,,2.9,ìÏêº,,0.01,
2022/7/5 13:00,25.2,78,,0.6,,3.9,ìÏìÏêº,,0.01,
2022/7/5 14:00,25.2,76,,0.1,,2.8,ìÏêº,,0.01,
2022/7/5 15:00,25.4,75,,0.0,,2.3,ìÏêº,,0.01,
2022/7/5 16:00,25.1,77,,0.1,,2.6,ìÏêº,,0.01,
2022/7/5 17:00,24.8,79,,0.1,,2.1,ìÏêº,,0.01,
2022/7/5 18:00,24.4,79,,0.3,,1.9,ìÏìÏêº,,0.01,
2022/7/5 19:00,23.8,83,,0.0,,1.8,ìÏìÏêº,,0.01,
2022/7/5 20:00,23.6,84,,0.0,,1.4,ìÏêº,,0.01,
2022/7/5 21:00,23.4,85,,2.2,,1.2,ìÏìÏêº,,1.0e-50,
2022/7/5 22:00,23.3,86,,1.5,,0.8,ìÏêº,,1.0e-50,
2022/7/5 23:00,23.3,86,,0.9,,0.8,êºìÏêº,,1.0e-50,
2022/7/6 0:00,22.9,88,,0.2,,0.6,êº,,1.0e-50,
2022/7/6 1:00,23.0,87,,0.0,,0.9,êºìÏêº,,1.0e-50,
2022/7/6 2:00,22.8,89,,0.0,,0.7,ìÏ,,1.0e-50,
2022/7/6 3:00,22.9,89,,0.0,,0.8,ìÏ,,1.0e-50,
2022/7/6 4:00,22.8,89,,0.6,,1.1,ìÏ,,1.0e-50,
2022/7/6 5:00,22.7,90,,0.0,,0.9,ìÏìÏìå,,0.01,
2022/7/6 6:00,23.1,90,,0.2,,1.2,ìåñkìå,,0.01,
2022/7/6 7:00,23.6,89,,0.0,,0.8,ìå,,0.01,
2022/7/6 8:00,24.4,85,,0.0,,1.2,ìåìÏìå,,0.01,
2022/7/6 9:00,24.7,83,,0.0,,0.5,ìÏìÏìå,,0.01,
2022/7/6 10:00,25.4,81,,0.1,,0.8,ìÏìÏìå,,0.01,
2022/7/6 11:00,26.3,77,,0.2,,1.5,ìÏêº,,0.01,
2022/7/6 12:00,26.8,76,,7.7,,1.4,ìÏìÏêº,,0.01,
2022/7/6 13:00,26.8,78,,2.1,,2.1,ìÏêº,,0.01,
2022/7/6 14:00,27.2,78,,0.3,,2.4,ìÏìÏêº,,0.01,
2022/7/6 15:00,27.1,78,,0.2,,1.9,ìÏìÏêº,,0.01,
2022/7/6 16:00,26.9,81,,0.8,,1.6,ìÏìÏêº,,0.01,
2022/7/6 17:00,26.7,83,,0.2,,1.8,ìÏìÏêº,,0.01,
2022/7/6 18:00,26.5,82,,2.1,,1.9,ìÏìÏêº,,0.01,
2022/7/6 19:00,26.0,84,,0.0,,1.8,ìÏìÏêº,,0.01,
2022/7/6 20:00,25.8,85,,0.0,,1.8,ìÏìÏêº,,0.01,
2022/7/6 21:00,25.4,89,,5.1,,2.0,ìÏìÏìå,,1.0e-50,
2022/7/6 22:00,26.3,80,,3.0,,3.2,ìÏêº,,1.0e-50,
2022/7/6 23:00,25.8,80,,0.4,,3.0,ìÏêº,,1.0e-50,
2022/7/7 0:00,24.7,79,,0.8,,3.1,ìÏêº,,1.0e-50,
2022/7/7 1:00,24.4,80,,0.9,,2.7,ìÏêº,,1.0e-50,
2022/7/7 2:00,24.1,81,,4.5,,2.9,ìÏêº,,1.0e-50,
2022/7/7 3:00,24.7,76,,2.2,,2.2,ìÏêº,,1.0e-50,
2022/7/7 4:00,24.1,80,,2.5,,3.0,ìÏìÏêº,,1.0e-50,
2022/7/7 5:00,23.8,85,,1.3,,2.5,ìÏìÏêº,,1.0e-50,
2022/7/7 6:00,22.7,84,,0.4,,2.7,ìÏêº,,0.01,
2022/7/7 7:00,23.2,81,,0.1,,2.9,êºìÏêº,,0.01,
2022/7/7 8:00,23.6,76,,0.0,,3.0,êºìÏêº,,0.01,
2022/7/7 9:00,25.2,70,,0.0,,3.0,êº,,0.01,
2022/7/7 10:00,25.8,62,,0.0,,3.5,êºñkêº,,0.01,
2022/7/7 11:00,25.9,59,,0.0,,3.5,êºñkêº,,0.01,
2022/7/7 12:00,25.7,62,,0.0,,3.8,êºñkêº,,0.01,
2022/7/7 13:00,24.8,65,,0.0,,4.0,ñkêº,,0.01,
2022/7/7 14:00,24.6,66,,0.0,,4.0,ñkêº,,0.01,
2022/7/7 15:00,25.1,61,,0.0,,4.0,ñkêº,,0.01,
2022/7/7 16:00,24.6,62,,0.0,,3.5,ñkñkêº,,0.01,
2022/7/7 17:00,24.1,63,,0.0,,3.1,ñkñkêº,,0.01,
2022/7/7 18:00,24.5,63,,0.0,,2.7,ñkêº,,0.01,
2022/7/7 19:00,23.6,67,,0.0,,1.8,êºñkêº,,0.01,
2022/7/7 20:00,22.8,71,,0.0,,1.3,ñkêº,,0.01,
2022/7/7 21:00,22.1,73,,0.0,,1.3,ñkñkêº,,1.0e-50,
2022/7/7 22:00,21.5,74,,0.0,,1.2,ñkêº,,1.0e-50,
2022/7/7 23:00,21.0,76,,0.0,,1.1,ñkêº,,1.0e-50,
2022/7/8 0:00,20.5,77,,0.0,,0.8,ñk,,1.0e-50,
2022/7/8 1:00,20.1,78,,0.0,,0.8,êºñkêº,,1.0e-50,
2022/7/8 2:00,20.0,78,,0.0,,1.2,ñkêº,,1.0e-50,
2022/7/8 3:00,19.4,81,,0.0,,0.4,ñkñkêº,,1.0e-50,
2022/7/8 4:00,19.2,81,,0.0,,0.8,ìÏìÏêº,,1.0e-50,
2022/7/8 5:00,18.8,85,,0.0,,0.8,ìÏìÏêº,,1.0e-50,
2022/7/8 6:00,19.3,83,,0.0,,0.5,ìÏêº,,0.01,
2022/7/8 7:00,21.1,75,,0.0,,0.5,ñkñkêº,,0.01,
2022/7/8 8:00,23.0,66,,0.0,,0.9,ñk,,0.01,
2022/7/8 9:00,24.1,59,,0.0,,1.7,ñkñkêº,,0.01,
2022/7/8 10:00,25.2,55,,0.0,,1.8,ñkñkêº,,0.01,
2022/7/8 11:00,26.2,51,,0.0,,1.3,ñkñkêº,,0.01,
2022/7/8 12:00,26.8,48,,0.0,,1.1,ñkñkìå,,0.01,
2022/7/8 13:00,27.9,45,,0.0,,1.3,ñkñkìå,,0.01,
2022/7/8 14:00,28.3,45,,0.0,,1.4,ñkñkìå,,0.01,
2022/7/8 15:00,28.0,45,,0.0,,1.3,ñkñkìå,,0.01,
2022/7/8 16:00,28.1,46,,0.0,,1.1,ñkñkìå,,0.01,
2022/7/8 17:00,27.8,47,,0.0,,1.5,ñk,,0.01,
2022/7/8 18:00,26.4,51,,0.0,,1.8,ñk,,0.01,
2022/7/8 19:00,24.9,58,,0.0,,1.7,ñkñkìå,,0.01,
2022/7/8 20:00,23.7,63,,0.0,,1.8,ñkñkìå,,0.01,
2022/7/8 21:00,22.9,67,,0.0,,1.1,ñkìå,,1.0e-50,
2022/7/8 22:00,22.2,71,,0.0,,1.0,ñkìå,,1.0e-50,
2022/7/8 23:00,21.8,73,,0.0,,1.2,ñkñkìå,,1.0e-50,
2022/7/9 0:00,21.2,72,,0.0,,1.0,ñkñkìå,,1.0e-50,
2022/7/9 1:00,20.9,74,,0.0,,0.6,ñkìå,,1.0e-50,
2022/7/9 2:00,20.6,76,,0.0,,0.8,ñkñkìå,,1.0e-50,
2022/7/9 3:00,20.4,78,,0.0,,1.0,ñkñkìå,,1.0e-50,
2022/7/9 4:00,20.1,79,,0.0,,0.7,ñkñkìå,,1.0e-50,
2022/7/9 5:00,20.0,80,,0.0,,1.0,ñkìå,,1.0e-50,
2022/7/9 6:00,20.4,80,,0.0,,0.8,ñkñkìå,,0.01,
2022/7/9 7:00,22.1,75,,0.0,,0.9,ñkìå,,0.01,
2022/7/9 8:00,23.6,68,,0.0,,0.9,ñkìå,,0.01,
2022/7/9 9:00,25.2,62,,0.0,,1.1,ìå,,0.01,
2022/7/9 10:00,26.7,56,,0.0,,1.3,ìÏìå,,0.01,
2022/7/9 11:00,28.0,51,,0.0,,1.5,ìÏ,,0.01,
2022/7/9 12:00,29.2,45,,0.0,,1.0,ìÏ,,0.01,
2022/7/9 13:00,30.2,41,,0.0,,1.3,ìÏêº,,0.01,
2022/7/9 14:00,30.9,39,,0.0,,1.6,ìÏêº,,0.01,
2022/7/9 15:00,31.0,38,,0.0,,1.6,ìÏìÏêº,,0.01,
2022/7/9 16:00,31.2,37,,0.0,,1.7,ìÏêº,,0.01,
2022/7/9 17:00,30.6,39,,0.0,,2.3,ìÏêº,,0.01,
2022/7/9 18:00,29.3,46,,0.0,,2.3,ìÏêº,,0.01,
2022/7/9 19:00,27.4,56,,0.0,,2.1,ìÏìÏêº,,0.01,
2022/7/9 20:00,26.2,63,,0.0,,2.0,ìÏìÏêº,,0.01,
2022/7/9 21:00,25.5,66,,0.0,,1.7,ìÏìÏêº,,1.0e-50,
2022/7/9 22:00,24.9,67,,0.0,,1.2,ìÏêº,,1.0e-50,
2022/7/9 23:00,24.3,71,,0.0,,0.4,êºìÏêº,,1.0e-50,
2022/7/10 0:00,23.5,76,,0.0,,0.2,êºñkêº,,1.0e-50,
2022/7/10 1:00,23.2,77,,0.0,,0.5,êºñkêº,,1.0e-50,
2022/7/10 2:00,22.8,78,,0.0,,0.4,ìåìÏìå,,1.0e-50,
2022/7/10 3:00,22.4,79,,0.0,,0.4,ìå,,1.0e-50,
2022/7/10 4:00,22.0,81,,0.0,,0.2,ìåñkìå,,1.0e-50,
2022/7/10 5:00,21.8,82,,0.0,,0.3,ñkêº,,1.0e-50,
2022/7/10 6:00,22.2,80,,0.0,,0.5,ñk,,0.01,
2022/7/10 7:00,23.1,75,,0.0,,0.3,ìÏìÏìå,,0.01,
2022/7/10 8:00,24.5,67,,0.0,,0.8,ìÏìÏêº,,0.01,
2022/7/10 9:00,25.8,62,,0.0,,0.8,ìÏ,,0.01,
2022/7/10 10:00,27.2,56,,0.0,,1.2,ìÏìÏìå,,0.01,
2022/7/10 11:00,28.3,51,,0.0,,1.5,ìÏ,,0.01,
2022/7/10 12:00,29.1,51,,0.0,,1.4,ìÏ,,0.01,
2022/7/10 13:00,30.1,47,,0.0,,1.6,ìÏ,,0.01,
2022/7/10 14:00,30.5,44,,0.0,,2.2,ìÏìÏêº,,0.01,
2022/7/10 15:00,30.9,45,,0.0,,1.7,ìÏìÏêº,,0.01,
2022/7/10 16:00,30.7,45,,0.0,,1.7,ìÏìÏêº,,0.01,
2022/7/10 17:00,29.9,48,,0.0,,1.9,ìÏìÏêº,,0.01,
2022/7/10 18:00,28.7,54,,0.0,,2.0,ìÏìÏêº,,0.01,
2022/7/10 19:00,27.4,61,,0.0,,1.4,ìÏìÏêº,,0.01,
2022/7/10 20:00,26.6,65,,0.0,,1.1,ìÏêº,,0.01,
2022/7/10 21:00,26.0,68,,0.0,,1.0,ìÏ,,1.0e-50,
2022/7/10 22:00,25.4,71,,0.0,,0.6,ìÏìå,,1.0e-50,
2022/7/10 23:00,25.1,73,,0.0,,0.9,ìÏìå,,1.0e-50,
2022/7/11 0:00,24.4,76,,0.0,,0.8,ìÏìå,,1.0e-50,
2022/7/11 1:00,24.0,79,,0.0,,1.0,ìåìÏìå,,1.0e-50,
2022/7/11 2:00,23.5,80,,0.0,,0.9,ìåìÏìå,,1.0e-50,
2022/7/11 3:00,22.6,79,,0.0,,0.9,ìå,,1.0e-50,
2022/7/11 4:00,22.0,77,,0.0,,1.0,ìåìÏìå,,1.0e-50,
2022/7/11 5:00,21.5,77,,0.0,,0.9,ìå,,1.0e-50,
2022/7/11 6:00,21.9,78,,0.0,,1.0,ìå,,0.01,
2022/7/11 7:00,23.3,73,,0.0,,1.6,ìåìÏìå,,0.01,
2022/7/11 8:00,25.2,61,,0.0,,1.8,ìÏìå,,0.01,
2022/7/11 9:00,26.7,56,,0.0,,2.3,ìåìÏìå,,0.01,
2022/7/11 10:00,27.6,56,,0.0,,2.4,ìÏìå,,0.01,
2022/7/11 11:00,28.0,59,,0.0,,3.1,ìÏìå,,0.01,
2022/7/11 12:00,27.8,62,,0.0,,3.3,ìÏìå,,0.01,
2022/7/11 13:00,27.3,67,,0.2,,3.2,ìÏìÏìå,,0.01,
2022/7/11 14:00,26.8,71,,0.2,,1.4,ìÏìÏìå,,0.01,
2022/7/11 15:00,27.5,67,,0.0,,2.0,ìÏìå,,0.01,
2022/7/11 16:00,27.5,67,,0.0,,1.9,ìÏìå,,0.01,
2022/7/11 17:00,27.3,68,,0.0,,1.5,ìÏìå,,0.01,
2022/7/11 18:00,26.8,74,,0.0,,1.8,ìåìÏìå,,0.01,
2022/7/11 19:00,26.4,74,,0.1,,2.1,ìÏìå,,0.01,
2022/7/11 20:00,26.1,77,,0.2,,1.9,ìåìÏìå,,0.01,
2022/7/11 21:00,26.1,79,,0.2,,1.6,ìåìÏìå,,1.0e-50,
2022/7/11 22:00,25.7,81,,0.3,,1.4,ìå,,1.0e-50,
2022/7/11 23:00,25.1,84,,4.9,,1.5,ìÏìå,,1.0e-50,
2022/7/12 0:00,24.8,84,,11.0,,1.0,ìÏìÏìå,,1.0e-50,
2022/7/12 1:00,24.8,83,,1.1,,1.3,ìÏìÏìå,,1.0e-50,
2022/7/12 2:00,24.9,83,,0.2,,1.2,ìÏìÏìå,,1.0e-50,
2022/7/12 3:00,24.7,85,,0.4,,1.1,ìÏìÏìå,,1.0e-50,
2022/7/12 4:00,24.9,83,,1.8,,1.6,ìÏìå,,1.0e-50,
2022/7/12 5:00,24.9,84,,2.0,,1.5,ìÏìÏìå,,1.0e-50,
2022/7/12 6:00,24.6,89,,1.5,,1.5,ìÏ,,1.0e-50,
2022/7/12 7:00,24.7,88,,3.4,,1.8,ìÏ,,0.01,
2022/7/12 8:00,24.7,86,,6.0,,2.4,ìÏìÏêº,,0.01,
2022/7/12 9:00,25.6,83,,0.5,,1.1,ìÏìÏìå,,0.01,
2022/7/12 10:00,27.0,76,,0.3,,2.5,ìÏìÏêº,,0.01,
2022/7/12 11:00,26.7,79,,3.8,,1.9,ìÏìÏêº,,0.01,
2022/7/12 12:00,28.2,71,,1.5,,3.6,ìÏêº,,0.01,
2022/7/12 13:00,29.0,68,,0.2,,3.8,ìÏêº,,0.01,
2022/7/12 14:00,29.2,67,,0.0,,3.8,ìÏìÏêº,,0.01,
2022/7/12 15:00,28.6,62,,0.4,,3.7,ìÏìÏêº,,0.01,
2022/7/12 16:00,28.1,68,,0.0,,3.3,ìÏìÏêº,,0.01,
2022/7/12 17:00,27.5,73,,0.0,,2.9,ìÏìÏêº,,0.01,
2022/7/12 18:00,27.2,77,,0.0,,2.4,ìÏìÏêº,,0.01,
2022/7/12 19:00,26.8,80,,0.0,,2.2,ìÏìÏêº,,0.01,
2022/7/12 20:00,26.3,81,,0.0,,1.5,ìÏêº,,0.01,
2022/7/12 21:00,25.6,85,,0.0,,0.9,ìÏêº,,1.0e-50,
2022/7/12 22:00,24.8,88,,0.0,,0.5,ìÏêº,,1.0e-50,
2022/7/12 23:00,24.6,90,,0.0,,0.5,ìÏ,,1.0e-50,
2022/7/13 0:00,24.4,90,,0.0,,0.4,ìÏìÏìå,,1.0e-50,
2022/7/13 1:00,24.4,90,,0.0,,0.7,ìÏìå,,1.0e-50,
2022/7/13 2:00,24.0,91,,0.0,,0.4,ìÏìå,,1.0e-50,
2022/7/13 3:00,23.9,92,,0.0,,0.3,ìåìÏìå,,1.0e-50,
2022/7/13 4:00,23.8,92,,0.0,,0.4,ìå,,1.0e-50,
2022/7/13 5:00,23.6,93,,0.0,,0.2,ñkñkìå,,1.0e-50,
2022/7/13 6:00,24.0,90,,0.0,,0.7,ñkìå,,0.01,
2022/7/13 7:00,24.7,87,,0.0,,0.4,ìåìÏìå,,0.01,
2022/7/13 8:00,25.7,83,,0.0,,0.4,êºìÏêº,,0.01,
2022/7/13 9:00,27.3,75,,0.0,,0.5,ìÏ,,0.01,
2022/7/13 10:00,28.3,69,,0.0,,1.2,ìÏìÏêº,,0.01,
2022/7/13 11:00,29.2,64,,0.0,,1.2,ìÏìÏêº,,0.01,
2022/7/13 12:00,29.3,67,,0.0,,0.9,ìÏ,,0.01,
2022/7/13 13:00,29.6,65,,0.0,,1.0,ìÏ,,0.01,
2022/7/13 14:00,29.8,63,,0.0,,1.0,ìÏìÏêº,,0.01,
2022/7/13 15:00,29.1,67,,0.0,,0.9,ìÏìÏêº,,0.01,
2022/7/13 16:00,29.0,68,,0.0,,1.2,ìÏ,,0.01,
2022/7/13 17:00,28.6,71,,0.0,,1.0,ìÏìÏêº,,0.01,
2022/7/13 18:00,27.4,81,,0.0,,1.7,ìÏêº,,0.01,
2022/7/13 19:00,26.6,83,,1.7,,1.2,ìÏêº,,0.01,
2022/7/13 20:00,26.2,84,,0.3,,0.9,ìÏìÏêº,,0.01,
2022/7/13 21:00,26.2,87,,0.0,,0.8,êºìÏêº,,1.0e-50,
2022/7/13 22:00,26.0,85,,0.3,,1.6,ìÏêº,,1.0e-50,
2022/7/13 23:00,25.7,86,,0.2,,1.7,ìÏêº,,1.0e-50,
2022/7/14 0:00,25.2,87,,0.0,,1.1,ìÏ,,1.0e-50,
2022/7/14 1:00,25.0,88,,0.0,,1.3,ìÏìÏêº,,1.0e-50,
2022/7/14 2:00,24.9,85,,0.0,,1.3,ìÏìÏêº,,1.0e-50,
2022/7/14 3:00,24.3,88,,0.0,,1.0,ìÏ,,1.0e-50,
2022/7/14 4:00,24.1,88,,0.0,,1.1,ìÏìÏêº,,1.0e-50,
2022/7/14 5:00,23.8,88,,0.0,,0.7,ìÏêº,,1.0e-50,
2022/7/14 6:00,24.0,87,,0.0,,0.5,ìå,,0.01,
2022/7/14 7:00,24.5,84,,0.0,,0.4,ìÏ,,0.01,
2022/7/14 8:00,25.3,79,,0.0,,0.9,ìÏêº,,0.01,
2022/7/14 9:00,25.9,76,,0.0,,0.8,ìÏìÏìå,,0.01,
2022/7/14 10:00,26.7,71,,0.0,,1.2,ìÏìÏìå,,0.01,
2022/7/14 11:00,27.8,65,,0.0,,2.2,ìÏìÏêº,,0.01,
2022/7/14 12:00,28.2,64,,0.0,,2.2,ìÏìÏêº,,0.01,
2022/7/14 13:00,28.8,63,,0.0,,2.4,ìÏìÏêº,,0.01,
2022/7/14 14:00,29.4,62,,0.0,,3.0,ìÏêº,,0.01,
2022/7/14 15:00,28.8,68,,0.0,,2.3,ìÏìÏêº,,0.01,
2022/7/14 16:00,29.1,64,,0.0,,2.4,ìÏìÏêº,,0.01,
2022/7/14 17:00,28.8,65,,0.1,,1.4,ìÏêº,,0.01,
2022/7/14 18:00,28.4,67,,0.4,,1.0,ìÏêº,,0.01,
2022/7/14 19:00,27.7,71,,0.0,,0.8,ìÏêº,,0.01,
2022/7/14 20:00,27.1,74,,0.0,,0.9,êºìÏêº,,0.01,
2022/7/14 21:00,26.5,77,,0.0,,0.6,ìÏêº,,1.0e-50,
2022/7/14 22:00,26.4,79,,0.0,,1.1,ìÏìÏêº,,1.0e-50,
2022/7/14 23:00,26.0,83,,0.0,,1.1,ìÏ,,1.0e-50,
2022/7/15 0:00,25.5,84,,0.0,,0.9,ìÏìÏìå,,1.0e-50,
2022/7/15 1:00,25.2,86,,0.1,,0.8,ìÏìÏìå,,1.0e-50,
2022/7/15 2:00,24.9,86,,0.1,,0.7,ìÏìÏìå,,1.0e-50,
2022/7/15 3:00,24.8,90,,0.0,,0.8,ìåñkìå,,1.0e-50,
2022/7/15 4:00,24.6,88,,14.2,,1.2,ìÏìÏìå,,1.0e-50,
2022/7/15 5:00,24.5,88,,2.5,,0.9,ìÏìå,,1.0e-50,
2022/7/15 6:00,24.7,89,,0.0,,1.0,ìå,,1.0e-50,
2022/7/15 7:00,25.2,87,,0.0,,0.5,ìå,,0.01,
2022/7/15 8:00,26.4,81,,0.0,,1.3,ìÏ,,0.01,
2022/7/15 9:00,27.1,80,,0.0,,1.2,ìÏ,,0.01,
2022/7/15 10:00,28.4,72,,0.0,,2.0,ìÏ,,0.01,
2022/7/15 11:00,29.5,68,,0.0,,2.6,ìÏìÏêº,,0.01,
2022/7/15 12:00,31.4,59,,0.0,,3.0,ìÏìÏêº,,0.01,
2022/7/15 13:00,32.0,55,,0.0,,3.4,ìÏìÏêº,,0.01,
2022/7/15 14:00,31.7,57,,0.0,,3.2,ìÏêº,,0.01,
2022/7/15 15:00,31.9,56,,0.0,,3.1,ìÏêº,,0.01,
2022/7/15 16:00,31.5,57,,0.0,,3.2,ìÏêº,,0.01,
2022/7/15 17:00,30.8,59,,0.0,,2.7,ìÏêº,,0.01,
2022/7/15 18:00,30.1,62,,0.0,,2.0,ìÏêº,,0.01,
2022/7/15 19:00,29.1,67,,0.0,,1.3,êºìÏêº,,0.01,
2022/7/15 20:00,28.2,71,,0.0,,0.9,êºìÏêº,,0.01,
2022/7/15 21:00,27.2,76,,0.0,,0.9,ìÏ,,1.0e-50,
2022/7/15 22:00,26.9,77,,0.0,,1.3,ìÏ,,1.0e-50,
2022/7/15 23:00,26.4,80,,0.0,,1.1,ìÏìÏêº,,1.0e-50,
2022/7/16 0:00,25.4,85,,0.0,,0.6,ìÏ,,1.0e-50,
2022/7/16 1:00,25.2,86,,0.0,,0.8,ìÏ,,1.0e-50,
2022/7/16 2:00,24.9,87,,0.0,,0.7,ìÏ,,1.0e-50,
2022/7/16 3:00,24.7,88,,0.0,,0.6,ìÏìÏìå,,1.0e-50,
2022/7/16 4:00,24.3,90,,0.0,,0.4,ìåìÏìå,,1.0e-50,
2022/7/16 5:00,24.4,89,,0.0,,0.9,ìåñkìå,,1.0e-50,
2022/7/16 6:00,24.7,87,,0.0,,1.1,ìå,,0.01,
2022/7/16 7:00,25.6,82,,0.0,,0.8,ìå,,0.01,
2022/7/16 8:00,27.2,71,,0.0,,1.3,ìÏìÏìå,,0.01,
2022/7/16 9:00,29.3,60,,0.0,,1.6,ìÏìÏìå,,0.01,
2022/7/16 10:00,30.9,54,,0.0,,1.7,ìÏ,,0.01,
2022/7/16 11:00,32.1,48,,0.0,,2.0,ìÏ,,0.01,
2022/7/16 12:00,33.3,44,,0.0,,2.7,ìÏìÏêº,,0.01,
2022/7/16 13:00,33.4,46,,0.0,,3.2,ìÏêº,,0.01,
2022/7/16 14:00,33.3,47,,0.0,,3.1,ìÏêº,,0.01,
2022/7/16 15:00,32.9,49,,0.0,,2.7,ìÏêº,,0.01,
2022/7/16 16:00,32.8,49,,0.0,,2.5,ìÏêº,,0.01,
2022/7/16 17:00,32.1,51,,0.0,,2.4,ìÏêº,,0.01,
2022/7/16 18:00,31.4,53,,0.0,,2.1,ìÏêº,,0.01,
2022/7/16 19:00,30.0,60,,0.0,,1.3,ìÏêº,,0.01,
2022/7/16 20:00,29.2,64,,0.0,,0.8,êºìÏêº,,0.01,
2022/7/16 21:00,28.5,68,,0.0,,0.8,ìÏ,,1.0e-50,
2022/7/16 22:00,27.7,72,,0.0,,0.6,ìÏ,,1.0e-50,
2022/7/16 23:00,27.0,75,,0.0,,0.3,ìÏìÏìå,,1.0e-50,
2022/7/17 0:00,26.9,77,,0.0,,1.0,ìåñkìå,,1.0e-50,
2022/7/17 1:00,26.5,81,,0.0,,1.1,ñkìå,,1.0e-50,
2022/7/17 2:00,26.1,84,,0.0,,0.9,ñkìå,,1.0e-50,
2022/7/17 3:00,25.6,86,,0.0,,0.9,ñkìå,,1.0e-50,
2022/7/17 4:00,25.3,88,,0.0,,0.9,ñkñkìå,,1.0e-50,
2022/7/17 5:00,25.1,88,,0.0,,1.1,ñkñkìå,,1.0e-50,
2022/7/17 6:00,25.1,87,,0.0,,1.0,ñkìå,,0.01,
2022/7/17 7:00,26.2,82,,0.0,,0.9,ìå,,0.01,
2022/7/17 8:00,27.5,73,,0.0,,0.5,ìÏ,,0.01,
2022/7/17 9:00,29.1,66,,0.0,,0.9,ìå,,0.01,
2022/7/17 10:00,30.3,60,,0.0,,0.4,ìå,,0.01,
2022/7/17 11:00,31.5,54,,0.0,,0.6,ìÏìÏêº,,0.01,
2022/7/17 12:00,32.8,49,,0.0,,0.9,ìÏìÏêº,,0.01,
2022/7/17 13:00,33.6,46,,0.0,,1.7,ìÏêº,,0.01,
2022/7/17 14:00,34.1,44,,0.0,,2.2,ìÏêº,,0.01,
2022/7/17 15:00,34.0,44,,0.0,,2.0,ìÏêº,,0.01,
2022/7/17 16:00,34.0,43,,0.0,,2.3,ìÏêº,,0.01,
2022/7/17 17:00,33.5,46,,0.0,,2.4,ìÏêº,,0.01,
2022/7/17 18:00,32.5,52,,0.0,,2.2,ìÏêº,,0.01,
2022/7/17 19:00,30.4,61,,0.0,,1.9,ìÏêº,,0.01,
2022/7/17 20:00,29.3,65,,0.0,,1.1,ìÏêº,,0.01,
2022/7/17 21:00,28.3,70,,0.0,,0.7,ìÏìÏêº,,1.0e-50,
2022/7/17 22:00,27.5,73,,0.0,,0.7,ìÏêº,,1.0e-50,
2022/7/17 23:00,26.8,75,,0.0,,0.7,êºìÏêº,,1.0e-50,
2022/7/18 0:00,26.1,78,,0.0,,0.7,ìÏêº,,1.0e-50,
2022/7/18 1:00,25.5,81,,0.0,,0.6,ìÏêº,,1.0e-50,
2022/7/18 2:00,25.1,83,,0.0,,0.7,ìÏìÏêº,,1.0e-50,
2022/7/18 3:00,24.8,84,,0.0,,0.6,ìÏìÏêº,,1.0e-50,
2022/7/18 4:00,24.5,85,,0.0,,0.7,ìÏìÏêº,,1.0e-50,
2022/7/18 5:00,24.2,86,,0.0,,0.4,ìÏ,,1.0e-50,
2022/7/18 6:00,24.6,85,,0.0,,0.8,ìÏ,,0.01,
2022/7/18 7:00,25.9,79,,0.0,,0.3,ìÏ,,0.01,
2022/7/18 8:00,27.6,70,,0.0,,1.0,ìÏìÏêº,,0.01,
2022/7/18 9:00,29.4,62,,0.0,,1.3,ìÏ,,0.01,
2022/7/18 10:00,30.8,56,,0.0,,1.8,ìÏìÏêº,,0.01,
2022/7/18 11:00,32.0,51,,0.0,,2.6,ìÏìÏêº,,0.01,
2022/7/18 12:00,32.9,48,,0.0,,2.4,ìÏìÏêº,,0.01,
2022/7/18 13:00,33.8,44,,0.0,,2.8,ìÏêº,,0.01,
2022/7/18 14:00,34.1,43,,0.0,,2.9,ìÏêº,,0.01,
2022/7/18 15:00,34.0,46,,0.0,,3.0,ìÏêº,,0.01,
2022/7/18 16:00,33.4,48,,0.0,,2.8,ìÏêº,,0.01,
2022/7/18 17:00,32.7,48,,0.0,,2.7,ìÏêº,,0.01,
2022/7/18 18:00,31.9,49,,0.0,,2.1,êºìÏêº,,0.01,
2022/7/18 19:00,30.1,57,,0.0,,1.6,êºìÏêº,,0.01,
2022/7/18 20:00,28.8,63,,0.0,,1.3,êºìÏêº,,0.01,
2022/7/18 21:00,27.8,67,,0.0,,0.9,êº,,1.0e-50,
2022/7/18 22:00,26.7,71,,0.0,,0.8,êºñkêº,,1.0e-50,
2022/7/18 23:00,25.8,73,,0.0,,0.7,êºñkêº,,1.0e-50,
2022/7/19 0:00,25.2,74,,0.0,,0.9,êº,,1.0e-50,
2022/7/19 1:00,24.7,76,,0.0,,1.0,êºìÏêº,,1.0e-50,
2022/7/19 2:00,24.3,80,,0.0,,1.0,ìÏêº,,1.0e-50,
2022/7/19 3:00,23.4,85,,0.0,,0.7,ìÏìÏêº,,1.0e-50,
2022/7/19 4:00,23.4,88,,0.0,,0.8,ìÏ,,1.0e-50,
2022/7/19 5:00,23.5,90,,0.0,,0.8,ìÏìÏêº,,1.0e-50,
2022/7/19 6:00,23.5,87,,0.0,,0.4,ìÏêº,,0.01,
2022/7/19 7:00,24.9,83,,0.0,,1.0,êºìÏêº,,0.01,
2022/7/19 8:00,26.6,78,,0.0,,2.1,ìÏêº,,0.01,
2022/7/19 9:00,28.5,69,,0.0,,2.5,ìÏêº,,0.01,
2022/7/19 10:00,29.7,64,,0.0,,2.9,ìÏêº,,0.01,
2022/7/19 11:00,30.7,61,,0.0,,2.8,ìÏêº,,0.01,
2022/7/19 12:00,31.3,57,,0.0,,2.6,êºìÏêº,,0.01,
2022/7/19 13:00,32.1,55,,0.0,,2.5,êºìÏêº,,0.01,
2022/7/19 14:00,32.2,55,,0.0,,2.5,êºìÏêº,,0.01,
2022/7/19 15:00,33.3,51,,0.0,,2.5,êºìÏêº,,0.01,
2022/7/19 16:00,32.6,55,,0.0,,3.0,ìÏêº,,0.01,
2022/7/19 17:00,31.4,60,,0.0,,2.8,ìÏêº,,0.01,
2022/7/19 18:00,30.4,63,,0.0,,1.7,ìÏêº,,0.01,
2022/7/19 19:00,29.4,68,,0.0,,1.3,ìÏìÏêº,,0.01,
2022/7/19 20:00,28.7,71,,0.0,,1.4,ìÏêº,,0.01,
2022/7/19 21:00,27.9,75,,0.0,,1.1,ìÏêº,,1.0e-50,
2022/7/19 22:00,27.5,77,,0.0,,1.0,ìÏìÏêº,,1.0e-50,
2022/7/19 23:00,27.1,79,,0.0,,1.0,ìÏìÏêº,,1.0e-50,
2022/7/20 0:00,26.6,82,,0.0,,1.1,ìÏìÏêº,,1.0e-50,
2022/7/20 1:00,26.3,84,,0.0,,0.9,ìÏ,,1.0e-50,
2022/7/20 2:00,26.0,85,,0.0,,0.9,ìÏìÏêº,,1.0e-50,
2022/7/20 3:00,25.7,86,,0.0,,0.7,ìÏìÏêº,,1.0e-50,
2022/7/20 4:00,25.6,87,,0.0,,1.1,ìÏìÏêº,,1.0e-50,
2022/7/20 5:00,25.4,88,,0.0,,1.2,ìÏ,,1.0e-50,
2022/7/20 6:00,25.3,90,,0.0,,0.8,ìÏ,,0.01,
2022/7/20 7:00,25.4,90,,0.7,,0.8,ìÏ,,0.01,
2022/7/20 8:00,25.8,90,,0.3,,1.3,ìÏ,,0.01,
2022/7/20 9:00,26.6,85,,0.4,,1.2,ìÏìÏêº,,0.01,
2022/7/20 10:00,27.2,80,,0.0,,1.2,ìÏìÏêº,,0.01,
2022/7/20 11:00,27.4,77,,0.0,,1.4,ìÏìÏêº,,0.01,
2022/7/20 12:00,27.7,71,,0.0,,2.0,ìÏìÏêº,,0.01,
2022/7/20 13:00,27.5,70,,0.1,,1.9,ìÏêº,,0.01,
2022/7/20 14:00,27.5,68,,0.0,,1.6,ìÏìÏêº,,0.01,
2022/7/20 15:00,27.3,75,,0.0,,1.0,ìÏêº,,0.01,
2022/7/20 16:00,27.8,73,,0.0,,1.1,ìÏêº,,0.01,
2022/7/20 17:00,27.9,73,,0.0,,0.3,êºìÏêº,,0.01,
2022/7/20 18:00,27.1,79,,0.0,,0.9,ìÏìÏìå,,0.01,
2022/7/20 19:00,26.5,84,,0.9,,1.2,ìÏ,,0.01,
2022/7/20 20:00,26.0,87,,0.0,,0.8,ìÏ,,0.01,
2022/7/20 21:00,25.6,88,,0.0,,0.4,êºìÏêº,,1.0e-50,
2022/7/20 22:00,25.3,87,,0.0,,0.4,ñk,,1.0e-50,
2022/7/20 23:00,25.3,84,,0.0,,1.0,ìåñkìå,,1.0e-50,
2022/7/21 0:00,24.8,87,,0.0,,0.7,ìå,,1.0e-50,
2022/7/21 1:00,24.4,87,,0.0,,0.6,ñkìå,,1.0e-50,
2022/7/21 2:00,24.2,87,,0.0,,0.9,ñkñkìå,,1.0e-50,
2022/7/21 3:00,23.7,88,,0.0,,0.7,ìåñkìå,,1.0e-50,
2022/7/21 4:00,23.5,88,,0.0,,0.9,ñkìå,,1.0e-50,
2022/7/21 5:00,23.5,86,,0.0,,1.0,ñkìå,,1.0e-50,
2022/7/21 6:00,23.4,88,,0.0,,0.3,ñk,,0.01,
2022/7/21 7:00,24.1,83,,0.0,,0.4,ìÏìå,,0.01,
2022/7/21 8:00,24.9,77,,0.0,,0.6,ìÏ,,0.01,
2022/7/21 9:00,26.8,71,,0.0,,0.4,ìÏêº,,0.01,
2022/7/21 10:00,27.6,68,,0.0,,0.5,ìÏìÏêº,,0.01,
2022/7/21 11:00,28.4,64,,0.1,,0.6,ìÏ,,0.01,
2022/7/21 12:00,28.6,63,,0.1,,1.6,ñkìå,,0.01,
2022/7/21 13:00,27.8,69,,0.6,,2.6,ìåñkìå,,0.01,
2022/7/21 14:00,27.7,66,,0.0,,2.4,ìåñkìå,,0.01,
2022/7/21 15:00,28.0,63,,0.0,,2.0,ìå,,0.01,
2022/7/21 16:00,28.2,61,,0.0,,1.8,ìå,,0.01,
2022/7/21 17:00,27.9,62,,0.0,,1.7,ìåìÏìå,,0.01,
2022/7/21 18:00,26.9,67,,0.0,,1.4,ìåìÏìå,,0.01,
2022/7/21 19:00,26.1,70,,0.0,,1.4,ìå,,0.01,
2022/7/21 20:00,25.5,72,,0.0,,1.1,ìå,,0.01,
2022/7/21 21:00,24.8,74,,0.0,,1.2,ìå,,1.0e-50,
2022/7/21 22:00,24.3,75,,0.0,,1.2,ìåñkìå,,1.0e-50,
2022/7/21 23:00,23.9,76,,0.0,,1.3,ìåñkìå,,1.0e-50,
2022/7/22 0:00,23.4,79,,0.0,,1.0,ñkìå,,1.0e-50,
2022/7/22 1:00,23.1,80,,0.0,,1.1,ñkìå,,1.0e-50,
2022/7/22 2:00,22.9,81,,0.0,,1.3,ñkìå,,1.0e-50,
2022/7/22 3:00,22.5,83,,0.0,,0.8,ñkìå,,1.0e-50,
2022/7/22 4:00,22.3,84,,0.0,,1.0,ñkìå,,1.0e-50,
2022/7/22 5:00,22.3,84,,0.0,,1.2,ñkñkìå,,1.0e-50,
2022/7/22 6:00,22.6,84,,0.0,,1.2,ñkìå,,0.01,
2022/7/22 7:00,23.4,80,,0.0,,1.2,ìåñkìå,,0.01,
2022/7/22 8:00,24.5,73,,0.0,,1.1,ìåñkìå,,0.01,
2022/7/22 9:00,25.6,67,,0.0,,1.7,ìå,,0.01,
2022/7/22 10:00,26.9,62,,0.0,,1.5,ìåìÏìå,,0.01,
2022/7/22 11:00,27.8,58,,0.0,,1.1,ìåìÏìå,,0.01,
2022/7/22 12:00,28.7,56,,0.0,,1.2,ìåìÏìå,,0.01,
2022/7/22 13:00,29.4,54,,0.0,,1.5,ìÏìå,,0.01,
2022/7/22 14:00,29.8,53,,0.0,,1.7,ìÏìå,,0.01,
2022/7/22 15:00,29.6,54,,0.0,,1.4,ìåìÏìå,,0.01,
2022/7/22 16:00,29.7,54,,0.0,,1.4,ìåìÏìå,,0.01,
2022/7/22 17:00,29.5,55,,0.0,,1.6,ìåìÏìå,,0.01,
2022/7/22 18:00,28.9,58,,0.0,,1.8,ìå,,0.01,
2022/7/22 19:00,27.6,63,,0.0,,1.8,ìåìÏìå,,0.01,
2022/7/22 20:00,26.7,65,,0.0,,1.5,ìåìÏìå,,0.01,
2022/7/22 21:00,25.7,69,,0.0,,1.4,ìÏìå,,1.0e-50,
2022/7/22 22:00,25.3,70,,0.0,,1.3,ìÏìÏìå,,1.0e-50,
2022/7/22 23:00,24.7,74,,0.3,,0.9,ìÏìÏìå,,1.0e-50,
2022/7/23 0:00,24.1,78,,0.9,,0.7,ìåñkìå,,1.0e-50,
2022/7/23 1:00,24.1,78,,0.6,,0.7,ñkìå,,1.0e-50,
2022/7/23 2:00,24.0,79,,0.4,,0.9,ñkìå,,1.0e-50,
2022/7/23 3:00,23.7,79,,0.0,,0.8,ñkìå,,1.0e-50,
2022/7/23 4:00,23.4,80,,0.0,,1.0,ñkìå,,1.0e-50,
2022/7/23 5:00,23.3,80,,0.0,,1.2,ñkìå,,1.0e-50,
2022/7/23 6:00,23.6,80,,0.0,,1.1,ñkìå,,0.01,
2022/7/23 7:00,24.3,77,,0.0,,1.1,ìå,,0.01,
2022/7/23 8:00,25.6,70,,0.0,,0.9,ìÏìÏìå,,0.01,
2022/7/23 9:00,26.5,66,,0.0,,1.2,ìåìÏìå,,0.01,
2022/7/23 10:00,27.7,61,,0.0,,1.2,ìÏìÏìå,,0.01,
2022/7/23 11:00,28.6,59,,0.0,,1.5,ìÏ,,0.01,
2022/7/23 12:00,29.0,58,,0.0,,1.3,ìÏìÏêº,,0.01,
2022/7/23 13:00,29.9,55,,0.0,,1.3,ìÏìÏêº,,0.01,
2022/7/23 14:00,30.8,51,,0.0,,1.4,ìÏêº,,0.01,
2022/7/23 15:00,31.5,47,,0.0,,1.3,ìÏêº,,0.01,
2022/7/23 16:00,31.6,47,,0.0,,1.6,ìÏêº,,0.01,
2022/7/23 17:00,31.3,49,,0.0,,1.9,ìÏêº,,0.01,
2022/7/23 18:00,30.6,53,,0.0,,1.5,ìÏìÏêº,,0.01,
2022/7/23 19:00,29.1,60,,0.0,,1.5,ìÏêº,,0.01,
2022/7/23 20:00,28.1,62,,0.0,,1.3,ìÏìÏêº,,0.01,
2022/7/23 21:00,27.0,69,,0.0,,1.4,ìÏ,,1.0e-50,
2022/7/23 22:00,26.3,74,,0.0,,1.4,ìÏ,,1.0e-50,
2022/7/23 23:00,25.8,78,,0.0,,1.0,ìÏìÏêº,,1.0e-50,
2022/7/24 0:00,25.0,81,,0.0,,0.4,ìÏ,,1.0e-50,
2022/7/24 1:00,24.5,83,,0.0,,0.5,ìÏìÏìå,,1.0e-50,
2022/7/24 2:00,24.0,85,,0.0,,0.4,ìÏìÏìå,,1.0e-50,
2022/7/24 3:00,23.8,85,,0.0,,0.4,ìÏìå,,1.0e-50,
2022/7/24 4:00,23.4,85,,0.0,,0.3,ìåìÏìå,,1.0e-50,
2022/7/24 5:00,23.3,85,,0.0,,0.2,ìåñkìå,,1.0e-50,
2022/7/24 6:00,23.8,80,,0.0,,0.4,ìÏìÏìå,,0.01,
2022/7/24 7:00,24.7,76,,0.0,,0.2,ñkñkêº,,0.01,
2022/7/24 8:00,25.6,74,,0.0,,0.7,ìÏêº,,0.01,
2022/7/24 9:00,26.6,70,,0.0,,0.7,ìÏêº,,0.01,
2022/7/24 10:00,27.7,65,,0.0,,1.4,ìÏêº,,0.01,
2022/7/24 11:00,28.7,61,,0.0,,1.7,ìÏêº,,0.01,
2022/7/24 12:00,30.0,57,,0.0,,1.5,ìÏêº,,0.01,
2022/7/24 13:00,30.9,54,,0.0,,1.1,êº,,0.01,
2022/7/24 14:00,31.5,52,,0.0,,0.8,êº,,0.01,
2022/7/24 15:00,31.7,53,,0.0,,0.4,ìÏìÏìå,,0.01,
2022/7/24 16:00,31.6,53,,0.0,,0.4,ìÏìå,,0.01,
2022/7/24 17:00,31.4,55,,0.0,,0.7,ìÏìå,,0.01,
2022/7/24 18:00,30.5,60,,0.0,,0.7,ìå,,0.01,
2022/7/24 19:00,29.4,65,,0.0,,0.8,ìå,,0.01,
2022/7/24 20:00,28.3,70,,0.0,,0.4,ìåìÏìå,,0.01,
2022/7/24 21:00,27.5,74,,0.0,,0.1,êºñkêº,,1.0e-50,
2022/7/24 22:00,27.0,74,,0.0,,0.5,ìÏìÏêº,,1.0e-50,
2022/7/24 23:00,26.5,77,,0.0,,0.5,ìÏ,,1.0e-50,
2022/7/25 0:00,26.0,80,,0.0,,0.6,ìÏ,,1.0e-50,
2022/7/25 1:00,25.5,83,,0.0,,0.6,ìÏ,,1.0e-50,
2022/7/25 2:00,25.1,85,,0.0,,0.7,ìÏ,,1.0e-50,
2022/7/25 3:00,24.6,87,,0.0,,0.6,ìÏ,,1.0e-50,
2022/7/25 4:00,24.2,89,,0.0,,0.4,ìÏ,,1.0e-50,
2022/7/25 5:00,24.1,89,,0.0,,0.6,ìÏìÏêº,,1.0e-50,
2022/7/25 6:00,24.4,87,,0.0,,0.4,ìÏ,,0.01,
2022/7/25 7:00,25.5,80,,0.0,,0.3,ìÏêº,,0.01,
2022/7/25 8:00,26.7,74,,0.0,,1.0,ìÏêº,,0.01,
2022/7/25 9:00,27.8,70,,0.0,,1.4,ìÏêº,,0.01,
2022/7/25 10:00,28.9,65,,0.0,,1.5,ìÏêº,,0.01,
2022/7/25 11:00,29.8,62,,0.0,,1.4,êºìÏêº,,0.01,
2022/7/25 12:00,30.7,59,,0.0,,1.2,êºìÏêº,,0.01,
2022/7/25 13:00,31.3,56,,0.0,,1.1,êº,,0.01,
2022/7/25 14:00,31.7,55,,0.0,,1.2,êºìÏêº,,0.01,
2022/7/25 15:00,32.6,53,,0.0,,0.9,êº,,0.01,
2022/7/25 16:00,32.5,54,,0.0,,0.6,êºñkêº,,0.01,
2022/7/25 17:00,32.3,55,,0.0,,0.5,êºìÏêº,,0.01,
2022/7/25 18:00,31.4,64,,0.0,,0.5,ìåìÏìå,,0.01,
2022/7/25 19:00,30.3,69,,0.0,,0.9,ìå,,0.01,
2022/7/25 20:00,29.4,73,,0.0,,0.9,ìÏìå,,0.01,
2022/7/25 21:00,28.6,76,,0.0,,0.9,ñkìå,,1.0e-50,
2022/7/25 22:00,27.9,79,,0.0,,0.7,ìåñkìå,,1.0e-50,
2022/7/25 23:00,27.3,81,,0.0,,0.8,ìÏ,,1.0e-50,
2022/7/26 0:00,26.4,84,,0.0,,0.1,ìÏêº,,1.0e-50,
2022/7/26 1:00,26.1,84,,0.0,,0.4,ìÏìå,,1.0e-50,
2022/7/26 2:00,26.0,86,,0.0,,1.0,ìÏ,,1.0e-50,
2022/7/26 3:00,25.5,87,,0.0,,0.7,ìÏìÏêº,,1.0e-50,
2022/7/26 4:00,25.0,90,,0.0,,0.4,ìÏ,,1.0e-50,
2022/7/26 5:00,24.7,90,,0.0,,0.4,ìÏìÏìå,,1.0e-50,
2022/7/26 6:00,25.0,88,,0.0,,0.7,ìÏ,,0.01,
2022/7/26 7:00,25.9,82,,0.0,,0.8,ìÏêº,,0.01,
2022/7/26 8:00,27.4,73,,0.0,,1.2,ìÏêº,,0.01,
2022/7/26 9:00,28.9,66,,0.0,,1.2,ìÏêº,,0.01,
2022/7/26 10:00,30.2,60,,0.0,,0.8,ìÏêº,,0.01,
2022/7/26 11:00,31.5,55,,0.0,,0.7,ìÏêº,,0.01,
2022/7/26 12:00,32.7,51,,0.0,,0.8,êºìÏêº,,0.01,
2022/7/26 13:00,33.7,47,,0.0,,0.9,ìÏêº,,0.01,
2022/7/26 14:00,34.3,45,,0.0,,0.6,ìÏêº,,0.01,
2022/7/26 15:00,34.6,44,,0.0,,0.2,ìÏìÏìå,,0.01,
2022/7/26 16:00,34.6,45,,0.0,,0.2,ìÏìÏìå,,0.01,
2022/7/26 17:00,34.4,47,,0.0,,0.5,ìå,,0.01,
2022/7/26 18:00,33.4,55,,0.0,,0.7,ìåìÏìå,,0.01,
2022/7/26 19:00,31.9,62,,0.0,,0.8,ìÏìå,,0.01,
2022/7/26 20:00,30.8,66,,0.0,,0.8,ìÏìå,,0.01,
2022/7/26 21:00,29.6,67,,0.0,,0.9,ìÏìå,,1.0e-50,
2022/7/26 22:00,28.8,69,,0.0,,0.9,ìÏìå,,1.0e-50,
2022/7/26 23:00,28.1,71,,0.0,,0.7,ìÏìå,,1.0e-50,
2022/7/27 0:00,27.4,74,,0.0,,0.9,ìÏ,,1.0e-50,
2022/7/27 1:00,26.8,77,,0.0,,0.6,ìÏìå,,1.0e-50,
2022/7/27 2:00,26.3,80,,0.0,,0.7,ìÏìå,,1.0e-50,
2022/7/27 3:00,25.5,83,,0.0,,0.5,ìÏ,,1.0e-50,
2022/7/27 4:00,25.1,85,,0.0,,0.6,ìÏìÏêº,,1.0e-50,
2022/7/27 5:00,24.8,86,,0.0,,0.6,ìÏìÏêº,,1.0e-50,
2022/7/27 6:00,25.0,85,,0.0,,0.5,ìÏ,,0.01,
2022/7/27 7:00,26.2,79,,0.0,,0.7,ìÏêº,,0.01,
2022/7/27 8:00,27.7,71,,0.0,,1.4,ìÏêº,,0.01,
2022/7/27 9:00,29.4,62,,0.0,,1.5,ìÏêº,,0.01,
2022/7/27 10:00,30.8,56,,0.0,,1.5,ìÏêº,,0.01,
2022/7/27 11:00,32.1,51,,0.0,,1.6,ìÏêº,,0.01,
2022/7/27 12:00,32.9,48,,0.0,,1.1,ìÏêº,,0.01,
2022/7/27 13:00,33.8,45,,0.0,,0.8,ìÏìÏêº,,0.01,
2022/7/27 14:00,34.4,43,,0.0,,0.9,ìÏìÏêº,,0.01,
2022/7/27 15:00,35.2,41,,0.0,,1.4,ìÏìÏêº,,0.01,
2022/7/27 16:00,35.2,40,,0.0,,1.5,ìÏìÏêº,,0.01,
2022/7/27 17:00,34.9,41,,0.0,,1.6,ìÏìÏêº,,0.01,
2022/7/27 18:00,33.9,53,,0.0,,1.5,ìÏìÏêº,,0.01,
2022/7/27 19:00,32.0,61,,0.0,,1.3,ìÏìÏêº,,0.01,
2022/7/27 20:00,30.9,63,,0.0,,1.3,ìÏ,,1.0e-50,
2022/7/27 21:00,29.6,65,,0.0,,1.1,ìÏ,,1.0e-50,
2022/7/27 22:00,28.7,68,,0.0,,0.9,ìÏ,,1.0e-50,
2022/7/27 23:00,27.8,73,,0.0,,0.7,ìÏ,,1.0e-50,
2022/7/28 0:00,26.9,78,,0.0,,0.4,ìÏ,,1.0e-50,
2022/7/28 1:00,26.3,81,,0.0,,0.4,ìÏ,,1.0e-50,
2022/7/28 2:00,25.6,83,,0.0,,0.4,ìÏ,,1.0e-50,
2022/7/28 3:00,25.1,84,,0.0,,0.4,ìÏ,,1.0e-50,
2022/7/28 4:00,24.5,85,,0.0,,0.2,ìÏìå,,1.0e-50,
2022/7/28 5:00,24.2,86,,0.0,,0.2,ìåñkìå,,1.0e-50,
2022/7/28 6:00,24.4,84,,0.0,,0.3,ìÏìå,,0.01,
2022/7/28 7:00,26.0,78,,0.0,,0.6,ìÏ,,0.01,
2022/7/28 8:00,27.5,70,,0.0,,1.1,ìÏêº,,0.01,
2022/7/28 9:00,29.2,66,,0.0,,1.0,ìÏìÏêº,,0.01,
2022/7/28 10:00,31.0,58,,0.0,,1.0,ìÏìÏêº,,0.01,
2022/7/28 11:00,32.5,51,,0.0,,1.3,ìÏêº,,0.01,
2022/7/28 12:00,33.6,46,,0.0,,1.3,ìÏêº,,0.01,
2022/7/28 13:00,34.5,42,,0.0,,1.5,ìÏìÏêº,,0.01,
2022/7/28 14:00,35.0,41,,0.0,,1.7,ìÏêº,,0.01,
2022/7/28 15:00,35.3,42,,0.0,,1.7,ìÏêº,,0.01,
2022/7/28 16:00,35.3,43,,0.0,,1.9,ìÏìÏêº,,0.01,
2022/7/28 17:00,34.8,45,,0.0,,2.1,ìÏêº,,0.01,
2022/7/28 18:00,33.6,51,,0.0,,1.2,ìÏêº,,0.01,
2022/7/28 19:00,31.7,61,,0.2,,1.3,ñkêº,,0.01,
2022/7/28 20:00,30.5,62,,0.0,,1.0,ñkñkêº,,1.0e-50,
2022/7/28 21:00,29.5,67,,0.0,,0.2,ìåìÏìå,,1.0e-50,
2022/7/28 22:00,28.6,70,,0.0,,0.4,ìÏêº,,1.0e-50,
2022/7/28 23:00,27.8,73,,0.0,,0.3,ìÏêº,,1.0e-50,
2022/7/29 0:00,27.1,77,,0.0,,0.0,ìåñkìå,,1.0e-50,
2022/7/29 1:00,26.6,78,,0.0,,0.3,ñkñkêº,,1.0e-50,
2022/7/29 2:00,26.2,78,,0.0,,0.5,ñkñkìå,,1.0e-50,
2022/7/29 3:00,25.5,81,,0.0,,0.2,ìÏìÏìå,,1.0e-50,
2022/7/29 4:00,25.2,82,,0.0,,0.3,êºñkêº,,1.0e-50,
2022/7/29 5:00,25.0,81,,0.0,,0.5,ñkêº,,1.0e-50,
2022/7/29 6:00,25.1,79,,0.0,,0.2,ñkñkêº,,0.01,
2022/7/29 7:00,26.7,73,,0.0,,0.1,ìÏ,,0.01,
2022/7/29 8:00,28.1,70,,0.0,,0.6,ìÏìÏêº,,0.01,
2022/7/29 9:00,29.2,67,,0.0,,0.7,ìÏ,,0.01,
2022/7/29 10:00,30.3,63,,0.0,,0.8,ìÏìÏêº,,0.01,
2022/7/29 11:00,31.1,59,,0.0,,1.0,ìÏìÏêº,,0.01,
2022/7/29 12:00,31.7,57,,0.0,,0.8,ìÏ,,0.01,
2022/7/29 13:00,32.3,55,,0.0,,0.8,ìÏìÏêº,,0.01,
2022/7/29 14:00,33.0,51,,0.0,,1.0,ìÏêº,,0.01,
2022/7/29 15:00,34.2,47,,0.0,,1.2,ìÏêº,,0.01,
2022/7/29 16:00,34.4,45,,0.0,,1.7,ìÏêº,,0.01,
2022/7/29 17:00,33.8,45,,0.0,,2.0,ìÏêº,,0.01,
2022/7/29 18:00,31.3,56,,0.0,,2.0,ìÏìÏêº,,0.01,
2022/7/29 19:00,30.0,62,,0.0,,1.2,ìÏêº,,0.01,
2022/7/29 20:00,29.2,64,,0.0,,1.0,êºìÏêº,,1.0e-50,
2022/7/29 21:00,28.7,70,,0.0,,0.2,ìå,,1.0e-50,
2022/7/29 22:00,28.4,71,,0.0,,0.7,ìÏìÏêº,,1.0e-50,
2022/7/29 23:00,27.8,74,,0.0,,0.7,ìÏìÏìå,,1.0e-50,
2022/7/30 0:00,27.3,77,,0.0,,0.8,ìÏìå,,1.0e-50,
2022/7/30 1:00,26.9,79,,0.0,,0.6,ìåñkìå,,1.0e-50,
2022/7/30 2:00,26.8,78,,0.0,,0.9,ìåñkìå,,1.0e-50,
2022/7/30 3:00,25.9,82,,0.0,,0.4,ñkìå,,1.0e-50,
2022/7/30 4:00,25.9,80,,0.0,,0.8,ñk,,1.0e-50,
2022/7/30 5:00,25.6,83,,0.0,,0.8,ñkñkìå,,1.0e-50,
2022/7/30 6:00,25.5,87,,0.0,,0.8,ñkìå,,0.01,
2022/7/30 7:00,26.5,80,,0.0,,0.9,ìåìÏìå,,0.01,
2022/7/30 8:00,27.8,69,,0.0,,0.8,ìÏìÏìå,,0.01,
2022/7/30 9:00,29.5,59,,0.0,,1.0,ìÏìÏìå,,0.01,
2022/7/30 10:00,30.6,55,,0.0,,1.4,ìÏ,,0.01,
2022/7/30 11:00,31.9,49,,0.0,,1.6,ìÏìÏêº,,0.01,
2022/7/30 12:00,33.5,39,,0.0,,1.7,ìÏìÏêº,,0.01,
2022/7/30 13:00,34.2,37,,0.0,,1.7,ìÏìÏêº,,0.01,
2022/7/30 14:00,34.7,36,,0.0,,1.6,ìÏìÏêº,,0.01,
2022/7/30 15:00,34.6,38,,0.0,,1.6,ìÏ,,0.01,
2022/7/30 16:00,34.5,40,,0.0,,1.8,ìÏ,,0.01,
2022/7/30 17:00,34.0,43,,0.0,,2.0,ìÏ,,0.01,
2022/7/30 18:00,32.8,55,,0.0,,2.1,ìÏìÏìå,,0.01,
2022/7/30 19:00,31.3,62,,0.0,,1.2,ìÏìÏìå,,0.01,
2022/7/30 20:00,30.2,64,,0.0,,0.9,ìÏ,,1.0e-50,
2022/7/30 21:00,29.1,71,,0.0,,0.6,ìÏìÏìå,,1.0e-50,
2022/7/30 22:00,28.2,75,,0.0,,0.3,ìÏìå,,1.0e-50,
2022/7/30 23:00,27.6,77,,0.0,,0.6,ìåñkìå,,1.0e-50,
2022/7/31 0:00,26.8,78,,0.0,,1.0,ìå,,1.0e-50,
2022/7/31 1:00,26.2,78,,0.0,,1.0,ìåñkìå,,1.0e-50,
2022/7/31 2:00,25.6,78,,0.0,,0.9,ìåñkìå,,1.0e-50,
2022/7/31 3:00,24.8,83,,0.0,,1.2,ñkìå,,1.0e-50,
2022/7/31 4:00,24.2,87,,0.0,,1.2,ñkìå,,1.0e-50,
2022/7/31 5:00,23.8,89,,0.0,,1.2,ñkìå,,1.0e-50,
2022/7/31 6:00,24.0,89,,0.0,,1.0,ñkìå,,0.01,
2022/7/31 7:00,25.3,83,,0.0,,1.0,ìåñkìå,,0.01,
2022/7/31 8:00,26.9,72,,0.0,,1.2,ìåìÏìå,,0.01,
2022/7/31 9:00,28.9,61,,0.0,,1.7,ìå,,0.01,
2022/7/31 10:00,30.8,49,,0.0,,2.0,ìåìÏìå,,0.01,
2022/7/31 11:00,32.5,40,,0.0,,2.6,ìåìÏìå,,0.01,
2022/7/31 12:00,33.4,36,,0.0,,3.1,ìåìÏìå,,0.01,
2022/7/31 13:00,33.8,33,,0.0,,3.5,ìåìÏìå,,0.01,
2022/7/31 14:00,33.8,32,,0.0,,3.8,ìåìÏìå,,0.01,
2022/7/31 15:00,33.1,33,,0.0,,3.6,ìåìÏìå,,0.01,
2022/7/31 16:00,32.6,34,,0.0,,3.3,ìåìÏìå,,0.01,
2022/7/31 17:00,31.6,37,,0.0,,3.2,ìåìÏìå,,0.01,
2022/7/31 18:00,30.5,43,,0.0,,2.3,ìå,,0.01,
2022/7/31 19:00,28.6,56,,0.0,,2.0,ìå,,0.01,
2022/7/31 20:00,27.6,66,,0.1,,1.9,ìå,,1.0e-50,
2022/7/31 21:00,26.7,73,,0.1,,1.6,ìåñkìå,,1.0e-50,
2022/7/31 22:00,26.2,77,,0.7,,1.5,ìåñkìå,,1.0e-50,
2022/7/31 23:00,25.8,79,,0.3,,1.7,ìåñkìå,,1.0e-50,
2022/8/1 0:00,25.3,82,,0.0,,1.7,ìå,,1.0e-50,
2022/8/1 1:00,25.2,81,,0.4,,1.6,ìå,,1.0e-50,
2022/8/1 2:00,25.0,79,,0.1,,1.7,ìå,,1.0e-50,
2022/8/1 3:00,24.2,82,,0.0,,1.6,ìå,,1.0e-50,
2022/8/1 4:00,24.2,80,,0.6,,1.3,ìåñkìå,,1.0e-50,
2022/8/1 5:00,24.1,81,,0.0,,1.3,ñkìå,,1.0e-50,
2022/8/1 6:00,24.3,82,,0.0,,1.2,ñkìå,,0.01,
2022/8/1 7:00,24.6,80,,0.0,,1.4,ìåñkìå,,0.01,
2022/8/1 8:00,25.3,75,,0.0,,1.7,ìåìÏìå,,0.01,
2022/8/1 9:00,26.2,70,,0.0,,1.9,ìå,,0.01,
2022/8/1 10:00,27.1,66,,0.0,,1.8,ìåìÏìå,,0.01,
2022/8/1 11:00,27.8,63,,0.0,,1.9,ìÏìå,,0.01,
2022/8/1 12:00,28.8,58,,0.0,,2.2,ìåìÏìå,,0.01,
2022/8/1 13:00,29.1,57,,0.0,,2.7,ìåìÏìå,,0.01,
2022/8/1 14:00,28.8,58,,0.0,,3.2,ìåìÏìå,,0.01,
2022/8/1 15:00,29.4,56,,0.0,,2.9,ìåìÏìå,,0.01,
2022/8/1 16:00,29.1,56,,0.0,,2.7,ìåìÏìå,,0.01,
2022/8/1 17:00,28.5,59,,0.0,,2.6,ìåìÏìå,,0.01,
2022/8/1 18:00,28.4,60,,0.0,,2.0,ìåìÏìå,,0.01,
2022/8/1 19:00,27.2,65,,0.0,,1.6,ìå,,0.01,
2022/8/1 20:00,26.4,68,,0.0,,1.5,ìå,,1.0e-50,
2022/8/1 21:00,25.6,72,,0.0,,1.4,ñkìå,,1.0e-50,
2022/8/1 22:00,25.2,73,,0.0,,1.2,ìåñkìå,,1.0e-50,
2022/8/1 23:00,24.9,75,,0.0,,1.0,ñkìå,,1.0e-50,
2022/8/2 0:00,24.5,77,,0.0,,1.3,ñkñkìå,,1.0e-50,
2022/8/2 1:00,24.5,79,,0.0,,1.3,ñkìå,,1.0e-50,
2022/8/2 2:00,24.4,79,,0.0,,1.4,ñkìå,,1.0e-50,
2022/8/2 3:00,24.3,78,,0.0,,1.6,ñkìå,,1.0e-50,
2022/8/2 4:00,24.2,78,,0.0,,1.6,ñkìå,,1.0e-50,
2022/8/2 5:00,24.1,78,,0.0,,1.4,ñkìå,,1.0e-50,
2022/8/2 6:00,24.1,77,,0.0,,1.6,ñkìå,,0.01,
2022/8/2 7:00,24.6,75,,0.0,,1.8,ìåñkìå,,0.01,
2022/8/2 8:00,25.3,72,,0.0,,1.8,ìå,,0.01,
2022/8/2 9:00,25.9,70,,0.0,,1.9,ìå,,0.01,
2022/8/2 10:00,26.6,67,,0.0,,1.9,ìåìÏìå,,0.01,
2022/8/2 11:00,27.3,65,,0.0,,1.9,ìåìÏìå,,0.01,
2022/8/2 12:00,28.5,62,,0.0,,2.3,ìåìÏìå,,0.01,
2022/8/2 13:00,28.7,61,,0.0,,2.3,ìÏìå,,0.01,
2022/8/2 14:00,28.9,61,,0.0,,2.6,ìÏìå,,0.01,
2022/8/2 15:00,29.4,61,,0.0,,2.7,ìåìÏìå,,0.01,
2022/8/2 16:00,29.0,62,,0.0,,2.7,ìåìÏìå,,0.01,
2022/8/2 17:00,28.2,65,,0.0,,2.5,ìåìÏìå,,0.01,
2022/8/2 18:00,27.6,68,,0.0,,2.2,ìå,,0.01,
2022/8/2 19:00,26.9,72,,0.0,,1.4,ìå,,0.01,
2022/8/2 20:00,26.4,74,,0.0,,1.1,ìåñkìå,,1.0e-50,
2022/8/2 21:00,25.8,77,,0.0,,1.4,ìåñkìå,,1.0e-50,
2022/8/2 22:00,25.5,79,,0.0,,1.0,ìåñkìå,,1.0e-50,
2022/8/2 23:00,25.3,80,,0.0,,1.0,ñkìå,,1.0e-50,
2022/8/3 0:00,25.0,81,,0.0,,1.0,ñkìå,,1.0e-50,
2022/8/3 1:00,24.8,82,,0.0,,1.0,ñkìå,,1.0e-50,
2022/8/3 2:00,24.7,82,,0.0,,1.0,ñkìå,,1.0e-50,
2022/8/3 3:00,24.5,83,,0.0,,1.0,ñkìå,,1.0e-50,
2022/8/3 4:00,24.3,83,,0.0,,1.3,ñkìå,,1.0e-50,
2022/8/3 5:00,24.3,84,,0.0,,1.2,ñkìå,,1.0e-50,
2022/8/3 6:00,24.3,83,,0.0,,1.3,ñkìå,,0.01,
2022/8/3 7:00,24.7,81,,0.0,,1.5,ìåñkìå,,0.01,
2022/8/3 8:00,25.5,76,,0.0,,1.8,ìåñkìå,,0.01,
2022/8/3 9:00,27.0,68,,0.0,,2.0,ìå,,0.01,
2022/8/3 10:00,28.3,61,,0.0,,1.9,ìåìÏìå,,0.01,
2022/8/3 11:00,29.2,56,,0.0,,1.9,ìåìÏìå,,0.01,
2022/8/3 12:00,30.3,50,,0.0,,1.9,ìåìÏìå,,0.01,
2022/8/3 13:00,31.0,47,,0.0,,2.1,ìåìÏìå,,0.01,
2022/8/3 14:00,31.3,47,,0.0,,2.4,ìåìÏìå,,0.01,
2022/8/3 15:00,31.6,48,,0.0,,2.5,ìåìÏìå,,0.01,
2022/8/3 16:00,31.1,52,,0.0,,3.0,ìåìÏìå,,0.01,
2022/8/3 17:00,30.4,54,,0.0,,2.6,ìåìÏìå,,0.01,
2022/8/3 18:00,29.9,57,,0.0,,1.7,ìåìÏìå,,0.01,
2022/8/3 19:00,28.7,63,,0.0,,1.4,ìå,,0.01,
2022/8/3 20:00,27.8,65,,0.0,,1.3,ìåñkìå,,1.0e-50,
2022/8/3 21:00,27.0,69,,0.0,,1.1,ìåñkìå,,1.0e-50,
2022/8/3 22:00,26.4,71,,0.0,,0.9,ìåñkìå,,1.0e-50,
2022/8/3 23:00,25.9,72,,0.0,,1.1,ñkìå,,1.0e-50,
2022/8/4 0:00,25.4,75,,0.0,,1.3,ñkìå,,1.0e-50,
2022/8/4 1:00,25.0,76,,0.0,,1.2,ñkìå,,1.0e-50,
2022/8/4 2:00,24.7,78,,0.0,,1.2,ñkìå,,1.0e-50,
2022/8/4 3:00,24.2,82,,0.0,,1.4,ñkìå,,1.0e-50,
2022/8/4 4:00,24.0,84,,0.0,,1.3,ñkìå,,1.0e-50,
2022/8/4 5:00,23.8,84,,0.0,,1.2,ñkìå,,1.0e-50,
2022/8/4 6:00,24.0,83,,0.0,,1.2,ñkìå,,0.01,
2022/8/4 7:00,25.1,77,,0.0,,1.5,ìåñkìå,,0.01,
2022/8/4 8:00,26.4,71,,0.0,,1.7,ìå,,0.01,
2022/8/4 9:00,27.3,68,,0.0,,2.1,ìå,,0.01,
2022/8/4 10:00,28.7,61,,0.0,,2.2,ìåìÏìå,,0.01,
2022/8/4 11:00,30.1,54,,0.0,,2.6,ìåìÏìå,,0.01,
2022/8/4 12:00,31.1,48,,0.0,,2.9,ìåìÏìå,,0.01,
2022/8/4 13:00,31.8,44,,0.0,,2.9,ìåìÏìå,,0.01,
2022/8/4 14:00,32.2,42,,0.0,,2.9,ìåìÏìå,,0.01,
2022/8/4 15:00,32.0,45,,0.0,,2.7,ìåìÏìå,,0.01,
2022/8/4 16:00,31.9,46,,0.0,,3.0,ìåìÏìå,,0.01,
2022/8/4 17:00,31.3,48,,0.0,,2.7,ìåìÏìå,,0.01,
2022/8/4 18:00,30.7,52,,0.0,,1.8,ìåìÏìå,,0.01,
2022/8/4 19:00,29.5,57,,0.0,,1.2,ìå,,0.01,
2022/8/4 20:00,28.7,60,,0.0,,1.2,ìå,,1.0e-50,
2022/8/4 21:00,28.0,65,,0.0,,1.3,ìåìÏìå,,1.0e-50,
2022/8/4 22:00,27.3,69,,0.0,,0.9,ìåìÏìå,,1.0e-50,
2022/8/4 23:00,26.8,72,,0.0,,0.9,ìåñkìå,,1.0e-50,
2022/8/5 0:00,26.3,73,,0.0,,1.1,ñkìå,,1.0e-50,
2022/8/5 1:00,26.1,75,,0.0,,1.2,ñkìå,,1.0e-50,
2022/8/5 2:00,25.9,76,,0.0,,1.5,ñkìå,,1.0e-50,
2022/8/5 3:00,25.8,77,,0.0,,1.6,ìåñkìå,,1.0e-50,
2022/8/5 4:00,25.7,77,,0.0,,1.6,ìåñkìå,,1.0e-50,
2022/8/5 5:00,25.7,76,,0.0,,2.0,ñkìå,,1.0e-50,
2022/8/5 6:00,25.7,77,,0.0,,2.2,ñkìå,,0.01,
2022/8/5 7:00,26.1,75,,0.0,,2.3,ìåñkìå,,0.01,
2022/8/5 8:00,26.2,75,,0.0,,2.9,ìåñkìå,,0.01,
2022/8/5 9:00,26.6,77,,0.4,,3.0,ìåñkìå,,0.01,
2022/8/5 10:00,27.2,74,,0.8,,2.8,ìå,,0.01,
2022/8/5 11:00,28.1,70,,0.4,,2.9,ìå,,0.01,
2022/8/5 12:00,29.4,63,,0.0,,3.1,ìåìÏìå,,0.01,
2022/8/5 13:00,30.2,58,,0.0,,3.1,ìÏìå,,0.01,
2022/8/5 14:00,30.5,56,,0.0,,2.8,ìÏìå,,0.01,
2022/8/5 15:00,30.1,59,,0.0,,2.7,ìÏìå,,0.01,
2022/8/5 16:00,29.4,60,,0.0,,2.5,ìÏìå,,0.01,
2022/8/5 17:00,28.7,64,,0.0,,1.7,ìÏìÏìå,,0.01,
2022/8/5 18:00,28.3,69,,0.0,,1.0,ìÏìå,,0.01,
2022/8/5 19:00,27.6,73,,0.0,,0.9,ìÏìÏìå,,0.01,
2022/8/5 20:00,27.1,75,,0.0,,1.2,ìÏìÏìå,,1.0e-50,
2022/8/5 21:00,26.5,79,,0.0,,0.4,ìåìÏìå,,1.0e-50,
2022/8/5 22:00,26.2,80,,0.0,,0.9,ñkñkìå,,1.0e-50,
2022/8/5 23:00,26.0,81,,0.0,,1.1,ñkìå,,1.0e-50,
2022/8/6 0:00,25.6,84,,0.0,,1.0,ìåñkìå,,1.0e-50,
2022/8/6 1:00,25.4,85,,0.0,,0.9,ìåñkìå,,1.0e-50,
2022/8/6 2:00,25.3,85,,0.0,,1.0,ñkìå,,1.0e-50,
2022/8/6 3:00,25.1,85,,0.0,,0.9,ìåñkìå,,1.0e-50,
2022/8/6 4:00,24.9,85,,0.0,,0.8,ìåñkìå,,1.0e-50,
2022/8/6 5:00,24.9,84,,0.0,,1.0,ñkìå,,1.0e-50,
2022/8/6 6:00,24.8,86,,0.0,,0.7,ìåñkìå,,0.01,
2022/8/6 7:00,25.4,83,,0.0,,0.5,ñkìå,,0.01,
2022/8/6 8:00,26.5,77,,0.0,,0.5,ìÏìÏìå,,0.01,
2022/8/6 9:00,27.6,71,,0.0,,0.4,ìÏìÏìå,,0.01,
2022/8/6 10:00,28.7,66,,0.0,,1.2,ìÏêº,,0.01,
2022/8/6 11:00,29.4,62,,0.0,,1.6,ìÏêº,,0.01,
2022/8/6 12:00,30.3,60,,0.0,,1.5,ìÏìÏêº,,0.01,
2022/8/6 13:00,30.8,56,,0.0,,1.8,ìÏêº,,0.01,
2022/8/6 14:00,31.3,54,,0.0,,1.9,ìÏêº,,0.01,
2022/8/6 15:00,31.8,51,,0.0,,1.8,ìÏêº,,0.01,
2022/8/6 16:00,31.8,51,,0.0,,2.2,ìÏêº,,0.01,
2022/8/6 17:00,31.1,53,,0.0,,2.0,ìÏêº,,0.01,
2022/8/6 18:00,30.5,59,,0.0,,1.3,ìÏêº,,0.01,
2022/8/6 19:00,29.3,65,,0.0,,1.4,ìÏêº,,0.01,
2022/8/6 20:00,28.6,67,,0.0,,1.0,ìÏêº,,1.0e-50,
2022/8/6 21:00,27.4,73,,0.0,,0.5,êºìÏêº,,1.0e-50,
2022/8/6 22:00,26.9,74,,0.0,,0.6,êº,,1.0e-50,
2022/8/6 23:00,26.3,75,,0.0,,0.5,êºñkêº,,1.0e-50,
2022/8/7 0:00,26.2,75,,0.0,,0.6,ñkñkêº,,1.0e-50,
2022/8/7 1:00,25.9,77,,0.0,,0.7,ñkêº,,1.0e-50,
2022/8/7 2:00,25.4,79,,0.0,,0.3,ñkñkìå,,1.0e-50,
2022/8/7 3:00,24.8,83,,0.0,,0.3,ìÏêº,,1.0e-50,
2022/8/7 4:00,24.5,84,,0.0,,0.4,ìÏêº,,1.0e-50,
2022/8/7 5:00,24.2,86,,0.0,,0.4,ìåìÏìå,,1.0e-50,
2022/8/7 6:00,24.4,86,,0.0,,0.5,ìå,,0.01,
2022/8/7 7:00,25.5,81,,0.0,,0.4,ìÏìÏìå,,0.01,
2022/8/7 8:00,26.9,75,,0.0,,0.8,ìÏêº,,0.01,
2022/8/7 9:00,28.4,67,,0.0,,1.3,ìÏìÏêº,,0.01,
2022/8/7 10:00,29.9,60,,0.0,,1.7,ìÏêº,,0.01,
2022/8/7 11:00,31.2,54,,0.0,,1.4,ìÏêº,,0.01,
2022/8/7 12:00,32.2,51,,0.0,,1.3,ìÏìÏêº,,0.01,
2022/8/7 13:00,32.8,49,,0.0,,1.6,ìÏìÏêº,,0.01,
2022/8/7 14:00,33.1,48,,0.0,,1.6,ìÏ,,0.01,
2022/8/7 15:00,33.6,47,,0.0,,2.0,ìÏìÏêº,,0.01,
2022/8/7 16:00,33.3,48,,0.0,,1.9,ìÏìÏêº,,0.01,
2022/8/7 17:00,32.9,50,,0.0,,1.5,ìÏìÏêº,,0.01,
2022/8/7 18:00,32.4,52,,0.0,,1.6,ìÏìÏêº,,0.01,
2022/8/7 19:00,30.6,58,,0.0,,1.7,ìÏìÏêº,,0.01,
2022/8/7 20:00,29.5,61,,0.0,,1.4,ìÏêº,,1.0e-50,
2022/8/7 21:00,28.3,67,,0.0,,0.8,ìÏìÏêº,,1.0e-50,
2022/8/7 22:00,27.7,70,,0.0,,0.9,ìÏ,,1.0e-50,
2022/8/7 23:00,27.1,74,,0.0,,0.6,ìÏ,,1.0e-50,
2022/8/8 0:00,26.6,76,,0.0,,0.7,ìÏìÏêº,,1.0e-50,
2022/8/8 1:00,26.1,79,,0.0,,0.5,ìÏìÏêº,,1.0e-50,
2022/8/8 2:00,25.7,80,,0.0,,0.6,ìÏìÏêº,,1.0e-50,
2022/8/8 3:00,25.3,82,,0.0,,0.6,ìÏ,,1.0e-50,
2022/8/8 4:00,24.9,83,,0.0,,0.1,ñkêº,,1.0e-50,
2022/8/8 5:00,24.8,82,,0.0,,0.3,ìåñkìå,,1.0e-50,
2022/8/8 6:00,24.8,82,,0.0,,0.2,ìå,,0.01,
2022/8/8 7:00,26.0,76,,0.0,,0.3,ìÏ,,0.01,
2022/8/8 8:00,27.2,72,,0.0,,0.6,ìÏìÏêº,,0.01,
2022/8/8 9:00,28.0,70,,0.0,,1.1,ìÏìÏêº,,0.01,
2022/8/8 10:00,29.2,66,,0.0,,1.4,ìÏìÏêº,,0.01,
2022/8/8 11:00,30.4,62,,0.0,,1.2,ìÏìÏêº,,0.01,
2022/8/8 12:00,32.0,57,,0.0,,1.3,ìÏìÏêº,,0.01,
2022/8/8 13:00,33.0,53,,0.0,,1.7,ìÏìÏêº,,0.01,
2022/8/8 14:00,33.7,50,,0.0,,2.3,ìÏêº,,0.01,
2022/8/8 15:00,34.2,48,,0.0,,1.7,ìÏêº,,0.01,
2022/8/8 16:00,34.0,46,,0.0,,2.1,ìÏêº,,0.01,
2022/8/8 17:00,33.0,48,,0.0,,2.4,ìÏìÏêº,,0.01,
2022/8/8 18:00,32.0,53,,0.0,,1.8,ìÏìÏêº,,0.01,
2022/8/8 19:00,30.5,59,,0.0,,1.3,ìÏìÏêº,,0.01,
2022/8/8 20:00,29.7,65,,0.0,,1.0,ìÏ,,1.0e-50,
2022/8/8 21:00,28.5,70,,0.0,,0.3,ìÏìÏìå,,1.0e-50,
2022/8/8 22:00,28.0,72,,0.0,,0.5,ìÏ,,1.0e-50,
2022/8/8 23:00,27.4,75,,0.0,,0.5,ìÏìÏêº,,1.0e-50,
2022/8/9 0:00,26.9,78,,0.0,,0.3,êºìÏêº,,1.0e-50,
2022/8/9 1:00,26.5,78,,0.0,,0.8,êºìÏêº,,1.0e-50,
2022/8/9 2:00,26.0,78,,0.0,,0.8,ìÏìÏêº,,1.0e-50,
2022/8/9 3:00,25.3,81,,0.0,,0.6,ìÏ,,1.0e-50,
2022/8/9 4:00,24.8,84,,0.0,,0.5,ìÏ,,1.0e-50,
2022/8/9 5:00,24.4,85,,0.0,,0.4,ìÏìÏìå,,1.0e-50,
2022/8/9 6:00,24.7,82,,0.0,,0.1,êº,,0.01,
2022/8/9 7:00,26.3,74,,0.0,,0.2,ìå,,0.01,
2022/8/9 8:00,28.1,68,,0.0,,0.6,ìÏ,,0.01,
2022/8/9 9:00,29.4,64,,0.0,,1.0,ìÏìÏêº,,0.01,
2022/8/9 10:00,31.0,58,,0.0,,1.1,ìÏìÏêº,,0.01,
2022/8/9 11:00,32.4,53,,0.0,,1.1,ìÏêº,,0.01,
2022/8/9 12:00,33.4,49,,0.0,,0.7,ìÏ,,0.01,
2022/8/9 13:00,34.4,45,,0.0,,1.0,ìÏìÏêº,,0.01,
2022/8/9 14:00,35.1,42,,0.0,,1.1,ìÏêº,,0.01,
2022/8/9 15:00,35.3,41,,0.0,,0.8,ìÏ,,0.01,
2022/8/9 16:00,35.3,41,,0.0,,0.7,ìÏìÏêº,,0.01,
2022/8/9 17:00,34.5,46,,0.0,,0.5,ìÏìÏìå,,0.01,
2022/8/9 18:00,33.6,50,,0.1,,0.6,ìåñkìå,,0.01,
2022/8/9 19:00,32.0,55,,0.0,,1.2,ìå,,0.01,
2022/8/9 20:00,30.7,60,,0.0,,0.9,ìåìÏìå,,1.0e-50,
2022/8/9 21:00,29.6,67,,0.0,,0.7,ìÏìå,,1.0e-50,
2022/8/9 22:00,28.8,70,,0.0,,0.5,ìåìÏìå,,1.0e-50,
2022/8/9 23:00,28.0,73,,0.0,,0.2,ìÏìÏìå,,1.0e-50,
2022/8/10 0:00,27.3,74,,0.0,,0.4,ìÏêº,,1.0e-50,
2022/8/10 1:00,26.8,77,,0.0,,0.7,ìÏ,,1.0e-50,
2022/8/10 2:00,26.1,80,,0.0,,0.6,ìÏìÏìå,,1.0e-50,
2022/8/10 3:00,25.5,82,,0.0,,0.5,ìÏìå,,1.0e-50,
2022/8/10 4:00,24.9,85,,0.0,,0.1,ñkñkêº,,1.0e-50,
2022/8/10 5:00,24.6,86,,0.0,,0.4,ìÏ,,1.0e-50,
2022/8/10 6:00,24.8,83,,0.0,,0.2,ìÏêº,,0.01,
2022/8/10 7:00,26.5,76,,0.0,,0.2,ìÏìå,,0.01,
2022/8/10 8:00,28.4,67,,0.0,,1.2,ìÏìÏêº,,0.01,
2022/8/10 9:00,29.8,61,,0.0,,1.4,ìÏìÏêº,,0.01,
2022/8/10 10:00,31.2,55,,0.0,,1.5,ìÏêº,,0.01,
2022/8/10 11:00,32.5,51,,0.0,,1.8,ìÏêº,,0.01,
2022/8/10 12:00,33.5,48,,0.0,,2.2,ìÏêº,,0.01,
2022/8/10 13:00,34.2,45,,0.0,,2.4,ìÏêº,,0.01,
2022/8/10 14:00,34.5,45,,0.0,,2.7,ìÏêº,,0.01,
2022/8/10 15:00,34.4,46,,0.0,,2.4,ìÏêº,,0.01,
2022/8/10 16:00,34.2,48,,0.0,,2.5,ìÏêº,,0.01,
2022/8/10 17:00,33.6,50,,0.0,,2.5,ìÏêº,,0.01,
2022/8/10 18:00,33.0,54,,0.0,,1.8,ìÏêº,,0.01,
2022/8/10 19:00,31.4,60,,0.0,,1.1,êºìÏêº,,0.01,
2022/8/10 20:00,30.2,65,,0.0,,0.4,êº,,1.0e-50,
2022/8/10 21:00,28.9,71,,0.0,,0.6,ìÏìå,,1.0e-50,
2022/8/10 22:00,28.3,74,,0.0,,0.7,ìÏìÏìå,,1.0e-50,
2022/8/10 23:00,27.5,77,,0.0,,0.4,ìÏìÏêº,,1.0e-50,
2022/8/11 0:00,27.0,79,,0.0,,0.3,ìÏìå,,1.0e-50,
2022/8/11 1:00,26.6,80,,0.0,,0.3,ñkñkêº,,1.0e-50,
2022/8/11 2:00,26.5,80,,0.0,,0.5,ìÏêº,,1.0e-50,
2022/8/11 3:00,25.9,84,,0.0,,0.2,ìÏìÏêº,,1.0e-50,
2022/8/11 4:00,25.9,83,,0.0,,1.0,ìÏìÏêº,,1.0e-50,
2022/8/11 5:00,25.5,85,,0.0,,0.8,ìÏìÏêº,,1.0e-50,
2022/8/11 6:00,25.4,87,,0.0,,0.4,ìÏìÏêº,,0.01,
2022/8/11 7:00,26.5,82,,0.0,,0.8,ìÏêº,,0.01,
2022/8/11 8:00,27.9,77,,0.0,,1.4,êºìÏêº,,0.01,
2022/8/11 9:00,28.8,72,,0.0,,1.6,êºìÏêº,,0.01,
2022/8/11 10:00,30.2,64,,0.0,,1.7,êºìÏêº,,0.01,
2022/8/11 11:00,31.2,58,,0.0,,1.8,êº,,0.01,
2022/8/11 12:00,31.7,56,,0.4,,1.8,êºìÏêº,,0.01,
2022/8/11 13:00,32.3,53,,0.0,,1.6,êºìÏêº,,0.01,
2022/8/11 14:00,32.5,53,,0.8,,1.7,êº,,0.01,
2022/8/11 15:00,31.8,57,,3.3,,1.7,êºñkêº,,0.01,
2022/8/11 16:00,31.7,57,,0.6,,1.1,êºñkêº,,0.01,
2022/8/11 17:00,31.6,57,,0.0,,0.9,êºñkêº,,0.01,
2022/8/11 18:00,31.0,60,,0.0,,0.5,ñkñkìå,,0.01,
2022/8/11 19:00,29.9,66,,0.0,,0.8,ñkìå,,0.01,
2022/8/11 20:00,29.0,70,,0.0,,0.9,ñkñkìå,,1.0e-50,
2022/8/11 21:00,28.0,74,,0.0,,0.6,ñkìå,,1.0e-50,
2022/8/11 22:00,27.4,76,,0.0,,0.4,ìå,,1.0e-50,
2022/8/11 23:00,26.8,78,,0.0,,0.3,ìå,,1.0e-50,
2022/8/12 0:00,26.3,82,,0.0,,0.2,ìåìÏìå,,1.0e-50,
2022/8/12 1:00,26.0,83,,0.0,,0.3,ìÏ,,1.0e-50,
2022/8/12 2:00,25.7,84,,0.0,,0.5,ìÏìÏêº,,1.0e-50,
2022/8/12 3:00,25.4,84,,0.0,,0.6,ñkñkêº,,1.0e-50,
2022/8/12 4:00,24.8,85,,0.0,,0.3,ñkñkêº,,1.0e-50,
2022/8/12 5:00,24.5,86,,0.0,,0.4,ìÏ,,1.0e-50,
2022/8/12 6:00,24.6,85,,0.0,,0.3,ñk,,0.01,
2022/8/12 7:00,25.9,78,,0.0,,0.1,ñkñkêº,,0.01,
2022/8/12 8:00,28.0,68,,0.0,,0.6,êº,,0.01,
2022/8/12 9:00,29.4,62,,0.0,,0.7,êºìÏêº,,0.01,
2022/8/12 10:00,30.9,56,,0.0,,1.5,êº,,0.01,
2022/8/12 11:00,32.1,52,,0.0,,1.7,êº,,0.01,
2022/8/12 12:00,32.7,49,,0.0,,1.2,êºìÏêº,,0.01,
2022/8/12 13:00,33.5,46,,0.0,,1.4,êºìÏêº,,0.01,
2022/8/12 14:00,33.7,45,,0.0,,1.3,êºìÏêº,,0.01,
2022/8/12 15:00,33.6,45,,0.6,,0.9,êºñkêº,,0.01,
2022/8/12 16:00,33.4,46,,0.1,,0.8,ñk,,0.01,
2022/8/12 17:00,32.7,52,,0.1,,1.1,ñkìå,,0.01,
2022/8/12 18:00,31.2,61,,1.1,,1.1,ñkìå,,0.01,
2022/8/12 19:00,30.2,66,,0.0,,1.0,ñkñkìå,,0.01,
2022/8/12 20:00,29.4,66,,0.0,,1.2,ñkñkêº,,1.0e-50,
2022/8/12 21:00,28.3,73,,0.0,,0.2,ìÏ,,1.0e-50,
2022/8/12 22:00,27.9,74,,0.0,,0.6,ìÏ,,1.0e-50,
2022/8/12 23:00,27.4,76,,0.0,,0.6,ìÏìÏêº,,1.0e-50,
2022/8/13 0:00,26.9,79,,0.0,,0.3,êº,,1.0e-50,
2022/8/13 1:00,26.5,80,,0.0,,0.3,êº,,1.0e-50,
2022/8/13 2:00,26.4,81,,0.0,,0.7,ìÏìÏêº,,1.0e-50,
2022/8/13 3:00,25.9,83,,0.0,,0.5,ìÏìÏêº,,1.0e-50,
2022/8/13 4:00,25.4,85,,0.0,,0.3,ìÏêº,,1.0e-50,
2022/8/13 5:00,25.3,85,,0.0,,0.7,ìÏ,,1.0e-50,
2022/8/13 6:00,25.2,85,,0.0,,0.6,ìÏ,,0.01,
2022/8/13 7:00,26.1,81,,0.0,,0.5,ìÏêº,,0.01,
2022/8/13 8:00,27.5,73,,0.0,,0.6,ìÏìÏêº,,0.01,
2022/8/13 9:00,28.1,71,,0.0,,0.3,ìÏ,,0.01,
2022/8/13 10:00,29.0,66,,0.0,,0.4,ìÏìÏêº,,0.01,
2022/8/13 11:00,29.9,60,,0.0,,0.2,êºìÏêº,,0.01,
2022/8/13 12:00,32.0,52,,0.0,,0.3,ìÏìÏìå,,0.01,
2022/8/13 13:00,32.8,50,,0.0,,0.5,ìÏìÏìå,,0.01,
2022/8/13 14:00,33.3,48,,0.0,,0.7,ìÏ,,0.01,
2022/8/13 15:00,34.1,46,,0.0,,1.4,ìÏìÏêº,,0.01,
2022/8/13 16:00,34.1,46,,0.0,,1.5,ìÏìÏêº,,0.01,
2022/8/13 17:00,33.7,48,,0.0,,1.3,ìÏêº,,0.01,
2022/8/13 18:00,32.9,50,,0.0,,1.3,ìÏêº,,0.01,
2022/8/13 19:00,31.2,54,,0.0,,1.5,ìÏêº,,0.01,
2022/8/13 20:00,30.1,54,,0.0,,1.4,ìÏêº,,1.0e-50,
2022/8/13 21:00,29.0,64,,0.0,,1.2,ìÏìÏêº,,1.0e-50,
2022/8/13 22:00,28.3,69,,0.0,,1.0,ìÏìÏêº,,1.0e-50,
2022/8/13 23:00,27.3,75,,0.0,,0.4,ìÏìÏêº,,1.0e-50,
2022/8/14 0:00,26.9,79,,0.0,,0.5,ìÏêº,,1.0e-50,
2022/8/14 1:00,26.4,81,,0.0,,0.5,êºìÏêº,,1.0e-50,
2022/8/14 2:00,25.8,84,,0.0,,0.3,êºìÏêº,,1.0e-50,
2022/8/14 3:00,25.1,86,,0.0,,0.0,ìåìÏìå,,1.0e-50,
2022/8/14 4:00,25.0,87,,0.0,,0.4,ìÏìÏìå,,1.0e-50,
2022/8/14 5:00,24.9,88,,0.0,,0.3,ìåìÏìå,,1.0e-50,
2022/8/14 6:00,25.0,86,,0.0,,0.2,ìå,,0.01,
2022/8/14 7:00,26.5,79,,0.0,,0.1,ìåìÏìå,,0.01,
2022/8/14 8:00,27.9,77,,0.0,,1.1,ìÏìÏêº,,0.01,
2022/8/14 9:00,29.2,71,,0.0,,2.0,ìÏìÏêº,,0.01,
2022/8/14 10:00,30.3,65,,0.0,,2.4,ìÏìÏêº,,0.01,
2022/8/14 11:00,31.2,61,,0.0,,2.4,ìÏìÏêº,,0.01,
2022/8/14 12:00,32.4,53,,0.0,,2.7,ìÏìÏêº,,0.01,
2022/8/14 13:00,32.8,49,,0.0,,2.7,ìÏêº,,0.01,
2022/8/14 14:00,33.2,46,,0.0,,3.1,ìÏêº,,0.01,
2022/8/14 15:00,33.0,51,,0.0,,3.2,ìÏêº,,0.01,
2022/8/14 16:00,32.8,50,,0.0,,3.2,ìÏêº,,0.01,
2022/8/14 17:00,32.2,52,,0.0,,2.9,êºìÏêº,,0.01,
2022/8/14 18:00,31.0,55,,0.0,,2.0,êºìÏêº,,0.01,
2022/8/14 19:00,29.6,62,,0.0,,1.4,êºìÏêº,,0.01,
2022/8/14 20:00,28.8,67,,0.0,,1.4,êºìÏêº,,1.0e-50,
2022/8/14 21:00,28.1,71,,0.0,,1.5,ìÏêº,,1.0e-50,
2022/8/14 22:00,27.6,74,,0.0,,1.1,ìÏêº,,1.0e-50,
2022/8/14 23:00,27.1,76,,0.0,,0.9,ìÏìÏêº,,1.0e-50,
2022/8/15 0:00,26.7,79,,0.0,,0.9,ìÏìÏêº,,1.0e-50,
2022/8/15 1:00,26.3,81,,0.0,,0.5,ìÏ,,1.0e-50,
2022/8/15 2:00,25.9,82,,0.0,,0.5,ìÏìÏìå,,1.0e-50,
2022/8/15 3:00,25.4,84,,0.0,,0.5,ìÏìÏìå,,1.0e-50,
2022/8/15 4:00,25.1,85,,0.0,,0.5,ìÏìÏìå,,1.0e-50,
2022/8/15 5:00,24.9,86,,0.0,,0.5,ìÏìå,,1.0e-50,
2022/8/15 6:00,24.7,86,,0.0,,0.2,ìåìÏìå,,0.01,
2022/8/15 7:00,25.5,83,,0.0,,0.5,ñkñkìå,,0.01,
2022/8/15 8:00,26.1,79,,0.0,,0.2,ìÏìÏìå,,0.01,
2022/8/15 9:00,26.6,77,,0.0,,0.7,ìÏìÏìå,,0.01,
2022/8/15 10:00,27.7,72,,0.0,,1.2,ìÏìÏêº,,0.01,
2022/8/15 11:00,28.8,68,,0.0,,1.4,ìÏìÏêº,,0.01,
2022/8/15 12:00,29.9,65,,0.0,,2.0,ìÏêº,,0.01,
2022/8/15 13:00,30.2,62,,0.0,,2.3,ìÏêº,,0.01,
2022/8/15 14:00,30.3,61,,0.0,,2.3,ìÏêº,,0.01,
2022/8/15 15:00,31.3,57,,0.0,,2.5,ìÏêº,,0.01,
2022/8/15 16:00,30.8,59,,0.0,,2.5,ìÏêº,,0.01,
2022/8/15 17:00,30.3,61,,0.0,,2.3,ìÏêº,,0.01,
2022/8/15 18:00,30.2,62,,0.0,,1.8,ìÏêº,,0.01,
2022/8/15 19:00,29.0,69,,0.0,,1.4,ìÏìÏêº,,0.01,
2022/8/15 20:00,28.3,72,,0.0,,1.2,ìÏêº,,1.0e-50,
2022/8/15 21:00,27.1,78,,0.0,,0.3,ìÏêº,,1.0e-50,
2022/8/15 22:00,26.7,79,,0.0,,0.4,ñkêº,,1.0e-50,
2022/8/15 23:00,26.2,81,,0.0,,0.1,êºñkêº,,1.0e-50,
2022/8/16 0:00,25.8,83,,0.0,,0.2,ìåìÏìå,,1.0e-50,
2022/8/16 1:00,25.6,84,,0.0,,0.4,ìÏìÏêº,,1.0e-50,
2022/8/16 2:00,25.2,86,,0.0,,0.4,ìÏêº,,1.0e-50,
2022/8/16 3:00,24.8,89,,0.0,,0.3,ìÏ,,1.0e-50,
2022/8/16 4:00,24.8,88,,0.0,,0.7,êº,,1.0e-50,
2022/8/16 5:00,24.4,90,,0.0,,0.2,êºñkêº,,1.0e-50,
2022/8/16 6:00,24.6,89,,0.0,,0.6,êº,,0.01,
2022/8/16 7:00,25.8,83,,0.0,,0.4,ìÏ,,0.01,
2022/8/16 8:00,27.3,76,,0.0,,1.2,ìÏêº,,0.01,
2022/8/16 9:00,28.3,72,,0.0,,1.8,ìÏìÏêº,,0.01,
2022/8/16 10:00,29.5,66,,0.0,,2.2,ìÏêº,,0.01,
2022/8/16 11:00,30.7,61,,0.0,,2.6,ìÏêº,,0.01,
2022/8/16 12:00,31.7,57,,0.2,,2.8,êºìÏêº,,0.01,
2022/8/16 13:00,32.5,52,,0.0,,2.9,êºìÏêº,,0.01,
2022/8/16 14:00,32.9,49,,0.0,,2.8,êºìÏêº,,0.01,
2022/8/16 15:00,33.1,49,,0.0,,3.0,ìÏêº,,0.01,
2022/8/16 16:00,33.0,50,,0.0,,3.0,ìÏêº,,0.01,
2022/8/16 17:00,32.1,54,,0.0,,2.9,ìÏêº,,0.01,
2022/8/16 18:00,31.4,59,,0.0,,1.2,ìÏêº,,0.01,
2022/8/16 19:00,29.9,66,,0.2,,0.8,ìÏ,,0.01,
2022/8/16 20:00,29.0,70,,0.2,,0.6,ìÏìå,,1.0e-50,
2022/8/16 21:00,28.1,75,,0.1,,0.9,ìÏìå,,1.0e-50,
2022/8/16 22:00,27.6,77,,0.0,,0.9,ìÏìå,,1.0e-50,
2022/8/16 23:00,27.1,79,,0.0,,0.6,ìÏìÏìå,,1.0e-50,
2022/8/17 0:00,26.5,82,,0.0,,0.1,ìåñkìå,,1.0e-50,
2022/8/17 1:00,26.2,83,,0.1,,0.1,ìå,,1.0e-50,
2022/8/17 2:00,26.0,84,,0.0,,0.5,ìÏìå,,1.0e-50,
2022/8/17 3:00,25.5,86,,0.0,,0.5,ìÏ,,1.0e-50,
2022/8/17 4:00,25.2,88,,0.0,,0.5,ìÏ,,1.0e-50,
2022/8/17 5:00,24.8,90,,0.0,,0.1,ìÏ,,1.0e-50,
2022/8/17 6:00,25.1,88,,0.0,,0.6,ìÏêº,,0.01,
2022/8/17 7:00,26.1,84,,0.0,,0.7,ìÏêº,,0.01,
2022/8/17 8:00,27.4,80,,0.0,,1.5,ìÏêº,,0.01,
2022/8/17 9:00,28.2,77,,0.0,,1.5,ìÏìÏêº,,0.01,
2022/8/17 10:00,29.0,73,,0.0,,1.8,ìÏìÏêº,,0.01,
2022/8/17 11:00,30.1,68,,0.0,,2.3,ìÏìÏêº,,0.01,
2022/8/17 12:00,31.3,62,,0.0,,3.0,ìÏêº,,0.01,
2022/8/17 13:00,31.8,58,,0.0,,3.1,ìÏêº,,0.01,
2022/8/17 14:00,32.2,54,,0.0,,3.2,ìÏêº,,0.01,
2022/8/17 15:00,32.7,51,,0.0,,3.6,ìÏêº,,0.01,
2022/8/17 16:00,32.2,52,,0.0,,3.3,ìÏêº,,0.01,
2022/8/17 17:00,31.6,55,,0.0,,3.0,ìÏêº,,0.01,
2022/8/17 18:00,30.3,62,,0.0,,1.9,ìÏêº,,0.01,
2022/8/17 19:00,29.3,66,,0.0,,1.7,ìÏìÏêº,,0.01,
2022/8/17 20:00,28.6,70,,0.0,,1.4,ìÏìÏêº,,1.0e-50,
2022/8/17 21:00,28.0,74,,0.0,,0.8,ìÏêº,,1.0e-50,
2022/8/17 22:00,27.6,78,,0.0,,0.9,ìÏêº,,1.0e-50,
2022/8/17 23:00,27.3,83,,0.0,,1.1,ìÏìÏêº,,1.0e-50,
2022/8/18 0:00,26.7,86,,0.0,,0.7,ìÏ,,1.0e-50,
2022/8/18 1:00,26.4,89,,0.0,,0.7,ìÏìÏêº,,1.0e-50,
2022/8/18 2:00,26.1,90,,0.0,,0.8,ìÏìÏêº,,1.0e-50,
2022/8/18 3:00,25.7,91,,0.0,,1.0,ìÏìÏêº,,1.0e-50,
2022/8/18 4:00,25.4,92,,0.0,,1.0,ìÏìÏêº,,1.0e-50,
2022/8/18 5:00,24.9,93,,0.0,,0.6,ìÏ,,1.0e-50,
2022/8/18 6:00,24.7,92,,0.0,,0.6,ìÏ,,0.01,
2022/8/18 7:00,26.1,84,,0.0,,0.4,ìÏ,,0.01,
2022/8/18 8:00,27.5,79,,0.0,,1.5,ìÏìÏêº,,0.01,
2022/8/18 9:00,28.9,72,,0.0,,1.9,ìÏìÏêº,,0.01,
2022/8/18 10:00,30.3,65,,0.0,,2.6,ìÏêº,,0.01,
2022/8/18 11:00,31.5,58,,0.0,,2.9,ìÏêº,,0.01,
2022/8/18 12:00,32.4,53,,0.0,,3.4,ìÏêº,,0.01,
2022/8/18 13:00,32.7,51,,0.0,,3.4,ìÏêº,,0.01,
2022/8/18 14:00,32.9,49,,0.0,,3.5,ìÏêº,,0.01,
2022/8/18 15:00,33.2,49,,0.0,,3.5,ìÏêº,,0.01,
2022/8/18 16:00,32.6,53,,0.0,,3.5,ìÏêº,,0.01,
2022/8/18 17:00,31.4,61,,0.0,,2.9,ìÏêº,,0.01,
2022/8/18 18:00,29.9,68,,0.0,,2.7,êºìÏêº,,0.01,
2022/8/18 19:00,29.1,74,,0.0,,2.1,ìÏêº,,0.01,
2022/8/18 20:00,28.6,77,,0.0,,1.7,ìÏêº,,1.0e-50,
2022/8/18 21:00,27.9,81,,0.0,,0.6,êºìÏêº,,1.0e-50,
2022/8/18 22:00,27.4,84,,0.0,,0.6,êºìÏêº,,1.0e-50,
2022/8/18 23:00,27.1,85,,0.0,,0.8,ìÏêº,,1.0e-50,
2022/8/19 0:00,26.6,87,,0.0,,0.3,êº,,1.0e-50,
2022/8/19 1:00,26.5,87,,0.0,,0.7,ìÏêº,,1.0e-50,
2022/8/19 2:00,26.4,86,,0.0,,1.0,ìÏêº,,1.0e-50,
2022/8/19 3:00,26.3,86,,0.0,,1.1,ìÏêº,,1.0e-50,
2022/8/19 4:00,26.1,86,,0.1,,1.4,ìÏêº,,1.0e-50,
2022/8/19 5:00,25.7,88,,0.1,,0.8,ìÏêº,,1.0e-50,
2022/8/19 6:00,25.6,88,,0.1,,1.1,ìÏêº,,0.01,
2022/8/19 7:00,25.7,86,,0.0,,1.0,êºìÏêº,,0.01,
2022/8/19 8:00,25.5,87,,1.0,,1.0,ìÏìÏêº,,0.01,
2022/8/19 9:00,27.0,72,,0.2,,1.8,êºñkêº,,0.01,
2022/8/19 10:00,27.6,69,,0.0,,1.7,êºñkêº,,0.01,
2022/8/19 11:00,28.3,65,,0.0,,1.8,ñkêº,,0.01,
2022/8/19 12:00,28.6,60,,0.0,,2.1,ñkêº,,0.01,
2022/8/19 13:00,29.2,52,,0.0,,2.2,ñkêº,,0.01,
2022/8/19 14:00,29.3,49,,0.0,,2.3,ñkêº,,0.01,
2022/8/19 15:00,28.8,51,,0.0,,2.2,ñkñkêº,,0.01,
2022/8/19 16:00,28.5,51,,0.0,,2.0,ñkñkêº,,0.01,
2022/8/19 17:00,27.5,55,,0.0,,1.5,ñkêº,,0.01,
2022/8/19 18:00,27.1,56,,0.0,,1.4,ñkñkêº,,0.01,
2022/8/19 19:00,26.4,59,,0.0,,0.9,ñkñkêº,,0.01,
2022/8/19 20:00,25.9,61,,0.0,,0.5,ñk,,1.0e-50,
2022/8/19 21:00,25.3,63,,0.0,,1.1,ñkêº,,1.0e-50,
2022/8/19 22:00,25.2,64,,0.0,,1.1,ñkêº,,1.0e-50,
2022/8/19 23:00,25.0,65,,0.0,,1.0,ñkñkêº,,1.0e-50,
2022/8/20 0:00,24.4,66,,0.0,,0.3,ñkñkêº,,1.0e-50,
2022/8/20 1:00,24.2,67,,0.0,,0.4,ìåìÏìå,,1.0e-50,
2022/8/20 2:00,23.9,68,,0.0,,0.4,ñkñkêº,,1.0e-50,
2022/8/20 3:00,23.8,66,,0.2,,0.7,ñkñkêº,,1.0e-50,
2022/8/20 4:00,23.6,66,,0.0,,0.5,ñkìå,,1.0e-50,
2022/8/20 5:00,23.6,66,,0.1,,0.8,ñkñkêº,,1.0e-50,
2022/8/20 6:00,23.1,72,,0.7,,0.7,ñk,,0.01,
2022/8/20 7:00,23.1,73,,0.0,,0.7,ñk,,0.01,
2022/8/20 8:00,23.3,74,,0.0,,0.9,ñk,,0.01,
2022/8/20 9:00,24.6,64,,0.0,,1.5,ìåñkìå,,0.01,
2022/8/20 10:00,25.1,62,,0.0,,0.7,ìåñkìå,,0.01,
2022/8/20 11:00,25.5,60,,0.0,,0.6,ìåñkìå,,0.01,
2022/8/20 12:00,26.2,60,,0.0,,0.5,ìå,,0.01,
2022/8/20 13:00,26.2,61,,0.0,,0.3,ñkñkìå,,0.01,
2022/8/20 14:00,25.7,65,,0.2,,1.1,ñkñkêº,,0.01,
2022/8/20 15:00,24.7,75,,0.3,,0.5,ñkñkêº,,0.01,
2022/8/20 16:00,24.3,78,,0.6,,0.5,ñkñkêº,,0.01,
2022/8/20 17:00,24.0,80,,0.7,,0.4,ñkñkìå,,0.01,
2022/8/20 18:00,24.3,77,,0.5,,0.3,ñkñkêº,,0.01,
2022/8/20 19:00,24.0,80,,0.3,,0.4,ñkñkìå,,1.0e-50,
2022/8/20 20:00,23.8,82,,0.0,,0.0,ìÏìÏìå,,1.0e-50,
2022/8/20 21:00,23.4,83,,0.1,,0.1,ñkñkìå,,1.0e-50,
2022/8/20 22:00,23.3,84,,0.1,,0.3,ñkìå,,1.0e-50,
2022/8/20 23:00,23.2,85,,0.0,,0.4,ñkñkìå,,1.0e-50,
2022/8/21 0:00,23.4,83,,0.0,,0.7,ñk,,1.0e-50,
2022/8/21 1:00,23.4,82,,0.0,,0.9,ñkñkêº,,1.0e-50,
2022/8/21 2:00,23.2,83,,0.1,,0.5,ñkñkìå,,1.0e-50,
2022/8/21 3:00,22.9,85,,0.0,,0.4,ñkñkêº,,1.0e-50,
2022/8/21 4:00,22.8,85,,0.1,,0.6,ñk,,1.0e-50,
2022/8/21 5:00,22.7,86,,0.0,,0.3,ìåìÏìå,,1.0e-50,
2022/8/21 6:00,22.8,85,,0.1,,0.7,ñk,,0.01,
2022/8/21 7:00,22.8,85,,2.0,,1.3,êºñkêº,,0.01,
2022/8/21 8:00,22.7,84,,4.1,,0.4,êºñkêº,,0.01,
2022/8/21 9:00,23.7,81,,0.7,,0.5,êº,,0.01,
2022/8/21 10:00,24.3,77,,0.1,,0.8,êºñkêº,,0.01,
2022/8/21 11:00,24.7,76,,0.0,,0.8,êºìÏêº,,0.01,
2022/8/21 12:00,24.9,80,,0.0,,1.2,êºìÏêº,,0.01,
2022/8/21 13:00,25.2,79,,0.2,,1.0,ìÏêº,,0.01,
2022/8/21 14:00,25.4,78,,0.1,,0.6,ìÏ,,0.01,
2022/8/21 15:00,25.4,78,,0.2,,0.4,ìåìÏìå,,0.01,
2022/8/21 16:00,25.2,80,,0.5,,1.2,ìåñkìå,,0.01,
2022/8/21 17:00,25.1,81,,0.0,,0.9,ñkìå,,0.01,
2022/8/21 18:00,24.7,81,,2.4,,1.0,ìåñkìå,,0.01,
2022/8/21 19:00,24.4,84,,0.9,,1.3,ñkìå,,1.0e-50,
2022/8/21 20:00,24.4,83,,0.0,,1.2,ñkìå,,1.0e-50,
2022/8/21 21:00,24.2,75,,0.2,,1.7,ñkìå,,1.0e-50,
2022/8/21 22:00,24.0,76,,0.5,,1.6,ñkìå,,1.0e-50,
2022/8/21 23:00,23.9,78,,0.2,,0.9,ñkñkìå,,1.0e-50,
2022/8/22 0:00,23.7,80,,0.0,,0.7,ñkñkìå,,1.0e-50,
2022/8/22 1:00,23.7,81,,0.0,,0.8,ñk,,1.0e-50,
2022/8/22 2:00,23.5,82,,0.0,,0.5,ñkñkêº,,1.0e-50,
2022/8/22 3:00,23.1,79,,0.0,,0.4,êº,,1.0e-50,
2022/8/22 4:00,22.8,81,,0.0,,0.3,ìÏ,,1.0e-50,
2022/8/22 5:00,22.6,82,,0.0,,0.6,ìÏìÏêº,,1.0e-50,
2022/8/22 6:00,22.5,82,,0.0,,0.3,êºìÏêº,,0.01,
2022/8/22 7:00,22.7,82,,0.1,,0.6,ìÏêº,,0.01,
2022/8/22 8:00,23.3,78,,0.1,,0.4,ìÏìÏêº,,0.01,
2022/8/22 9:00,24.2,75,,0.1,,0.3,ñk,,0.01,
2022/8/22 10:00,25.4,69,,0.0,,0.3,ìÏìÏìå,,0.01,
2022/8/22 11:00,26.6,63,,0.0,,0.8,ìÏ,,0.01,
2022/8/22 12:00,28.2,57,,0.0,,1.0,ìÏìÏêº,,0.01,
2022/8/22 13:00,29.0,53,,0.0,,0.9,ìÏìÏêº,,0.01,
2022/8/22 14:00,29.5,51,,0.0,,1.0,ìÏìÏêº,,0.01,
2022/8/22 15:00,29.7,52,,0.0,,1.3,ìÏìÏêº,,0.01,
2022/8/22 16:00,29.8,52,,0.0,,1.1,ìÏêº,,0.01,
2022/8/22 17:00,29.6,53,,0.0,,1.0,ìÏìÏêº,,0.01,
2022/8/22 18:00,28.9,59,,0.0,,0.8,ìÏìå,,0.01,
2022/8/22 19:00,27.9,64,,0.0,,0.5,ìÏìÏìå,,0.01,
2022/8/22 20:00,27.1,69,,0.1,,0.3,ñkêº,,1.0e-50,
2022/8/22 21:00,26.6,71,,0.3,,0.8,ìåìÏìå,,1.0e-50,
2022/8/22 22:00,26.1,75,,0.1,,0.5,ìÏìÏìå,,1.0e-50,
2022/8/22 23:00,25.7,77,,0.1,,0.6,ìåìÏìå,,1.0e-50,
2022/8/23 0:00,25.4,80,,0.0,,0.7,ìÏìÏêº,,1.0e-50,
2022/8/23 1:00,24.9,83,,1.1,,0.4,ìÏìÏìå,,1.0e-50,
2022/8/23 2:00,24.5,85,,0.2,,0.1,ìÏ,,1.0e-50,
2022/8/23 3:00,24.4,85,,0.0,,0.4,ñkìå,,1.0e-50,
2022/8/23 4:00,24.2,85,,0.0,,0.4,ìåñkìå,,1.0e-50,
2022/8/23 5:00,24.1,85,,0.0,,0.6,ìåìÏìå,,1.0e-50,
2022/8/23 6:00,24.2,84,,0.0,,0.8,ìå,,0.01,
2022/8/23 7:00,24.5,83,,0.0,,0.6,ìåñkìå,,0.01,
2022/8/23 8:00,25.5,79,,0.0,,0.5,ìåìÏìå,,0.01,
2022/8/23 9:00,26.5,75,,0.0,,0.5,ìÏìå,,0.01,
2022/8/23 10:00,27.5,72,,0.0,,1.1,ìÏìÏêº,,0.01,
2022/8/23 11:00,28.7,67,,0.0,,1.7,ìÏìÏêº,,0.01,
2022/8/23 12:00,29.3,63,,0.0,,1.5,êºìÏêº,,0.01,
2022/8/23 13:00,29.8,60,,0.0,,1.6,êºìÏêº,,0.01,
2022/8/23 14:00,30.0,60,,0.0,,1.5,ìÏêº,,0.01,
2022/8/23 15:00,29.7,62,,2.9,,1.3,êºìÏêº,,0.01,
2022/8/23 16:00,29.7,62,,0.0,,1.2,êºìÏêº,,0.01,
2022/8/23 17:00,29.4,63,,0.0,,0.7,êº,,0.01,
2022/8/23 18:00,28.4,68,,0.0,,0.6,ñkñkêº,,0.01,
2022/8/23 19:00,27.8,69,,0.0,,0.9,ñkìå,,0.01,
2022/8/23 20:00,27.4,72,,0.0,,1.0,ìåñkìå,,1.0e-50,
2022/8/23 21:00,26.8,75,,0.0,,1.1,ñkìå,,1.0e-50,
2022/8/23 22:00,26.4,78,,0.0,,1.0,ñkìå,,1.0e-50,
2022/8/23 23:00,26.1,79,,0.0,,1.0,ñkìå,,1.0e-50,
2022/8/24 0:00,25.6,82,,0.0,,0.7,ìå,,1.0e-50,
2022/8/24 1:00,25.1,84,,0.0,,0.4,ñkìå,,1.0e-50,
2022/8/24 2:00,25.0,85,,0.0,,0.6,ìåñkìå,,1.0e-50,
2022/8/24 3:00,24.6,86,,0.0,,1.0,ìå,,1.0e-50,
2022/8/24 4:00,24.2,86,,0.0,,0.9,ñkìå,,1.0e-50,
2022/8/24 5:00,24.1,86,,0.0,,1.1,ñkìå,,1.0e-50,
2022/8/24 6:00,24.0,85,,0.0,,1.1,ñkìå,,0.01,
2022/8/24 7:00,24.7,81,,0.0,,0.9,ñkìå,,0.01,
2022/8/24 8:00,26.2,74,,0.0,,1.0,ìåìÏìå,,0.01,
2022/8/24 9:00,27.6,67,,0.0,,1.8,ìåìÏìå,,0.01,
2022/8/24 10:00,29.1,60,,0.0,,1.6,ìÏìå,,0.01,
2022/8/24 11:00,30.1,55,,0.0,,1.6,ìÏìå,,0.01,
2022/8/24 12:00,31.3,53,,0.0,,1.8,ìÏìå,,0.01,
2022/8/24 13:00,31.8,53,,0.0,,2.0,ìÏìå,,0.01,
2022/8/24 14:00,32.2,52,,0.0,,2.4,ìÏìå,,0.01,
2022/8/24 15:00,31.3,57,,0.0,,3.1,ìåìÏìå,,0.01,
2022/8/24 16:00,30.9,58,,0.0,,2.5,ìåìÏìå,,0.01,
2022/8/24 17:00,30.3,61,,0.0,,2.4,ìåìÏìå,,0.01,
2022/8/24 18:00,29.0,68,,0.0,,1.7,ìåìÏìå,,0.01,
2022/8/24 19:00,28.2,72,,0.0,,1.3,ìå,,0.01,
2022/8/24 20:00,27.7,74,,0.0,,1.2,ìåñkìå,,1.0e-50,
2022/8/24 21:00,27.3,78,,0.0,,0.9,ìåñkìå,,1.0e-50,
2022/8/24 22:00,27.0,79,,0.1,,0.8,ñkìå,,1.0e-50,
2022/8/24 23:00,26.6,81,,0.2,,0.8,ìåñkìå,,1.0e-50,
2022/8/25 0:00,26.2,82,,0.0,,0.9,ñkìå,,1.0e-50,
2022/8/25 1:00,26.0,82,,0.0,,1.1,ñkñkìå,,1.0e-50,
2022/8/25 2:00,25.7,84,,0.0,,0.9,ìåñkìå,,1.0e-50,
2022/8/25 3:00,25.5,85,,0.0,,1.0,ìåñkìå,,1.0e-50,
2022/8/25 4:00,25.3,86,,0.0,,0.9,ñkìå,,1.0e-50,
2022/8/25 5:00,25.2,86,,0.0,,0.9,ñkñkìå,,1.0e-50,
2022/8/25 6:00,25.0,87,,0.0,,1.0,ñkìå,,0.01,
2022/8/25 7:00,25.2,87,,0.2,,0.9,ñkìå,,0.01,
2022/8/25 8:00,25.7,86,,0.1,,0.7,ñkñkìå,,0.01,
2022/8/25 9:00,26.5,79,,0.0,,0.3,ìåñkìå,,0.01,
2022/8/25 10:00,27.2,75,,0.0,,0.5,ìÏ,,0.01,
2022/8/25 11:00,27.5,73,,0.0,,1.3,ìÏ,,0.01,
2022/8/25 12:00,28.0,72,,0.0,,0.9,ìÏìå,,0.01,
2022/8/25 13:00,28.2,72,,0.0,,1.1,ìÏìÏìå,,0.01,
2022/8/25 14:00,28.0,72,,0.2,,1.6,ìÏìÏìå,,0.01,
2022/8/25 15:00,28.7,66,,0.1,,0.9,ìÏìÏìå,,0.01,
2022/8/25 16:00,28.5,67,,0.0,,0.7,ìÏìÏêº,,0.01,
2022/8/25 17:00,28.1,70,,0.0,,0.6,êºìÏêº,,0.01,
2022/8/25 18:00,27.2,78,,0.0,,0.0,ñkìå,,0.01,
2022/8/25 19:00,26.7,80,,0.0,,0.4,ìå,,0.01,
2022/8/25 20:00,26.6,80,,0.0,,0.9,ìåìÏìå,,1.0e-50,
2022/8/25 21:00,26.1,82,,0.0,,0.9,ìå,,1.0e-50,
2022/8/25 22:00,25.8,81,,0.0,,0.8,ìåñkìå,,1.0e-50,
2022/8/25 23:00,25.6,81,,0.0,,1.0,ñkìå,,1.0e-50,
2022/8/26 0:00,25.3,83,,0.0,,1.0,ìåñkìå,,1.0e-50,
2022/8/26 1:00,25.2,84,,0.0,,0.9,ñkìå,,1.0e-50,
2022/8/26 2:00,25.0,84,,0.0,,1.1,ñkìå,,1.0e-50,
2022/8/26 3:00,24.7,86,,0.0,,0.8,ñkìå,,1.0e-50,
2022/8/26 4:00,24.5,87,,0.2,,0.8,ñkìå,,1.0e-50,
2022/8/26 5:00,24.4,88,,1.3,,0.8,ñkìå,,1.0e-50,
2022/8/26 6:00,24.5,86,,0.6,,1.0,ìåñkìå,,0.01,
2022/8/26 7:00,24.7,85,,0.0,,0.8,ñk,,0.01,
2022/8/26 8:00,25.3,82,,0.0,,0.5,ñkñkìå,,0.01,
2022/8/26 9:00,25.9,79,,0.0,,0.7,ìåñkìå,,0.01,
2022/8/26 10:00,27.0,71,,0.0,,0.8,ìåñkìå,,0.01,
2022/8/26 11:00,28.0,65,,0.0,,0.5,ìåñkìå,,0.01,
2022/8/26 12:00,29.4,61,,0.0,,0.6,ìåìÏìå,,0.01,
2022/8/26 13:00,29.8,59,,0.0,,0.7,ìÏìÏìå,,0.01,
2022/8/26 14:00,30.2,58,,0.0,,0.5,ìÏìÏêº,,0.01,
2022/8/26 15:00,30.6,58,,0.0,,0.5,êºìÏêº,,0.01,
2022/8/26 16:00,30.6,58,,0.0,,0.5,êºìÏêº,,0.01,
2022/8/26 17:00,30.6,58,,0.0,,0.3,êº,,0.01,
2022/8/26 18:00,29.5,67,,0.0,,0.6,êº,,0.01,
2022/8/26 19:00,28.6,72,,0.1,,0.7,êºìÏêº,,0.01,
2022/8/26 20:00,27.8,76,,0.6,,0.4,êº,,1.0e-50,
2022/8/26 21:00,27.2,78,,1.9,,0.5,ìåìÏìå,,1.0e-50,
2022/8/26 22:00,26.6,79,,0.5,,0.5,ìÏìå,,1.0e-50,
2022/8/26 23:00,26.1,80,,0.0,,0.3,ìÏ,,1.0e-50,
2022/8/27 0:00,25.7,81,,0.0,,0.2,ìåìÏìå,,1.0e-50,
2022/8/27 1:00,25.4,82,,0.0,,0.1,ìÏìå,,1.0e-50,
2022/8/27 2:00,25.0,84,,0.0,,0.0,ìÏìÏêº,,1.0e-50,
2022/8/27 3:00,24.7,86,,0.0,,0.3,ñkêº,,1.0e-50,
2022/8/27 4:00,24.5,87,,0.0,,0.3,êº,,1.0e-50,
2022/8/27 5:00,24.2,86,,0.0,,0.3,ñkêº,,1.0e-50,
2022/8/27 6:00,24.6,84,,0.0,,0.8,ñkñkìå,,0.01,
2022/8/27 7:00,25.1,81,,0.0,,0.6,ñkñkìå,,0.01,
2022/8/27 8:00,26.0,78,,0.0,,0.4,ñkìå,,0.01,
2022/8/27 9:00,26.7,74,,0.0,,0.9,ñkìå,,0.01,
2022/8/27 10:00,27.5,70,,0.0,,0.6,ñkìå,,0.01,
2022/8/27 11:00,28.2,66,,0.0,,0.4,ñkìå,,0.01,
2022/8/27 12:00,29.4,62,,0.0,,0.7,ìå,,0.01,
2022/8/27 13:00,30.1,59,,0.0,,0.6,ñkìå,,0.01,
2022/8/27 14:00,30.6,56,,0.0,,0.8,ìåñkìå,,0.01,
2022/8/27 15:00,31.5,53,,0.0,,2.3,ìåñkìå,,0.01,
2022/8/27 16:00,31.2,56,,0.0,,2.2,ìå,,0.01,
2022/8/27 17:00,30.5,60,,0.2,,1.9,ìå,,0.01,
2022/8/27 18:00,29.1,67,,0.3,,0.9,ìå,,0.01,
2022/8/27 19:00,28.2,71,,0.0,,1.1,ìåñkìå,,0.01,
2022/8/27 20:00,27.6,74,,0.0,,1.2,ìåñkìå,,1.0e-50,
2022/8/27 21:00,27.2,77,,0.0,,0.9,ìå,,1.0e-50,
2022/8/27 22:00,26.7,78,,0.0,,0.9,ìå,,1.0e-50,
2022/8/27 23:00,26.3,77,,0.0,,0.9,ìå,,1.0e-50,
2022/8/28 0:00,25.8,80,,0.0,,1.1,ñkìå,,1.0e-50,
2022/8/28 1:00,25.5,81,,0.0,,1.1,ñkìå,,1.0e-50,
2022/8/28 2:00,25.2,82,,0.0,,1.1,ñkìå,,1.0e-50,
2022/8/28 3:00,24.7,82,,0.0,,1.2,ñkìå,,1.0e-50,
2022/8/28 4:00,24.4,84,,0.0,,1.2,ñkìå,,1.0e-50,
2022/8/28 5:00,24.1,86,,0.0,,1.2,ñkìå,,1.0e-50,
2022/8/28 6:00,24.1,86,,0.0,,1.1,ñkñkìå,,0.01,
2022/8/28 7:00,24.9,83,,0.0,,1.0,ñkìå,,0.01,
2022/8/28 8:00,26.3,76,,0.0,,1.1,ìå,,0.01,
2022/8/28 9:00,27.5,68,,0.0,,1.5,ìåñkìå,,0.01,
2022/8/28 10:00,28.6,62,,0.0,,1.5,ìåñkìå,,0.01,
2022/8/28 11:00,29.7,57,,0.0,,1.5,ìåñkìå,,0.01,
2022/8/28 12:00,30.5,54,,0.0,,1.5,ìå,,0.01,
2022/8/28 13:00,31.0,52,,0.0,,1.3,ìå,,0.01,
2022/8/28 14:00,31.3,51,,0.0,,1.2,ìå,,0.01,
2022/8/28 15:00,31.8,49,,0.0,,1.6,ìå,,0.01,
2022/8/28 16:00,31.7,50,,0.0,,1.6,ìåñkìå,,0.01,
2022/8/28 17:00,31.3,52,,0.0,,1.6,ìåñkìå,,0.01,
2022/8/28 18:00,30.0,60,,0.0,,1.5,ìå,,0.01,
2022/8/28 19:00,28.7,64,,0.0,,1.4,ìåñkìå,,0.01,
2022/8/28 20:00,27.8,67,,0.0,,1.3,ìåñkìå,,1.0e-50,
2022/8/28 21:00,27.2,72,,0.0,,1.2,ñkìå,,1.0e-50,
2022/8/28 22:00,26.7,74,,0.0,,1.1,ñkñkìå,,1.0e-50,
2022/8/28 23:00,26.3,76,,0.0,,1.3,ñkìå,,1.0e-50,
2022/8/29 0:00,25.7,78,,0.0,,1.2,ñkìå,,1.0e-50,
2022/8/29 1:00,25.4,79,,0.0,,1.2,ñkìå,,1.0e-50,
2022/8/29 2:00,25.0,79,,0.0,,1.1,ñkìå,,1.0e-50,
2022/8/29 3:00,24.5,80,,0.0,,1.1,ñkìå,,1.0e-50,
2022/8/29 4:00,24.2,81,,0.0,,1.2,ñkìå,,1.0e-50,
2022/8/29 5:00,23.8,83,,0.0,,1.2,ñkìå,,1.0e-50,
2022/8/29 6:00,23.6,83,,0.0,,0.9,ñkñkìå,,0.01,
2022/8/29 7:00,24.5,80,,0.0,,0.4,ñkñkìå,,0.01,
2022/8/29 8:00,26.4,70,,0.0,,0.6,ìå,,0.01,
2022/8/29 9:00,27.8,63,,0.0,,1.0,ìå,,0.01,
2022/8/29 10:00,29.2,56,,0.0,,0.9,ìåìÏìå,,0.01,
2022/8/29 11:00,30.4,51,,0.0,,0.9,ìå,,0.01,
2022/8/29 12:00,31.2,49,,0.0,,1.1,ìå,,0.01,
2022/8/29 13:00,32.0,47,,0.0,,1.3,ìåñkìå,,0.01,
2022/8/29 14:00,32.5,45,,0.0,,1.7,ìåñkìå,,0.01,
2022/8/29 15:00,32.4,47,,0.0,,2.1,ìåñkìå,,0.01,
2022/8/29 16:00,32.3,47,,0.0,,1.9,ìå,,0.01,
2022/8/29 17:00,31.8,50,,0.0,,2.1,ìå,,0.01,
2022/8/29 18:00,30.3,53,,0.0,,1.8,ìå,,0.01,
2022/8/29 19:00,28.9,55,,0.0,,1.4,ìåñkìå,,0.01,
2022/8/29 20:00,28.0,56,,0.0,,1.3,ñkìå,,1.0e-50,
2022/8/29 21:00,27.1,59,,0.0,,1.3,ìåñkìå,,1.0e-50,
2022/8/29 22:00,26.4,63,,0.0,,1.1,ñkñkìå,,1.0e-50,
2022/8/29 23:00,25.7,67,,0.0,,1.1,ñkñkìå,,1.0e-50,
2022/8/30 0:00,25.3,71,,0.0,,1.3,ñkñkìå,,1.0e-50,
2022/8/30 1:00,24.9,73,,0.0,,1.2,ñkñkìå,,1.0e-50,
2022/8/30 2:00,24.6,73,,0.0,,1.2,ñkñkìå,,1.0e-50,
2022/8/30 3:00,24.2,76,,0.0,,1.2,ñkñkìå,,1.0e-50,
2022/8/30 4:00,23.9,77,,0.0,,1.2,ñkñkìå,,1.0e-50,
2022/8/30 5:00,23.6,78,,0.0,,1.2,ñkìå,,1.0e-50,
2022/8/30 6:00,23.3,81,,0.0,,1.1,ñkìå,,0.01,
2022/8/30 7:00,24.4,77,,0.0,,0.8,ñk,,0.01,
2022/8/30 8:00,26.4,67,,0.0,,0.8,ñkñkìå,,0.01,
2022/8/30 9:00,27.5,61,,0.0,,1.3,ìåñkìå,,0.01,
2022/8/30 10:00,28.5,57,,0.0,,1.2,ìå,,0.01,
2022/8/30 11:00,29.5,53,,0.0,,1.3,ìåìÏìå,,0.01,
2022/8/30 12:00,31.2,46,,0.0,,1.9,ìå,,0.01,
2022/8/30 13:00,31.6,45,,0.0,,1.8,ìåñkìå,,0.01,
2022/8/30 14:00,31.8,46,,0.0,,1.9,ìåñkìå,,0.01,
2022/8/30 15:00,32.3,46,,0.0,,2.2,ìå,,0.01,
2022/8/30 16:00,32.0,48,,0.0,,1.8,ìå,,0.01,
2022/8/30 17:00,31.7,46,,0.0,,1.5,ìåìÏìå,,0.01,
2022/8/30 18:00,30.3,53,,0.0,,1.1,ìå,,0.01,
2022/8/30 19:00,29.1,59,,0.0,,1.3,ìå,,0.01,
2022/8/30 20:00,28.1,61,,0.0,,0.9,ìåñkìå,,1.0e-50,
2022/8/30 21:00,27.7,64,,0.0,,1.2,ñkñkìå,,1.0e-50,
2022/8/30 22:00,27.3,65,,0.0,,1.4,ñkñkìå,,1.0e-50,
2022/8/30 23:00,26.8,67,,0.0,,1.3,ñkìå,,1.0e-50,
2022/8/31 0:00,26.3,72,,0.0,,1.1,ñkìå,,1.0e-50,
2022/8/31 1:00,26.0,74,,0.0,,1.1,ñkñkìå,,1.0e-50,
2022/8/31 2:00,25.8,75,,0.0,,1.3,ñkìå,,1.0e-50,
2022/8/31 3:00,25.4,75,,0.0,,1.2,ñkìå,,1.0e-50,
2022/8/31 4:00,25.2,76,,0.0,,1.4,ñkìå,,1.0e-50,
2022/8/31 5:00,25.0,76,,0.0,,1.4,ñkìå,,1.0e-50,
2022/8/31 6:00,24.9,79,,0.0,,1.1,ñkìå,,0.01,
2022/8/31 7:00,25.3,78,,0.0,,1.1,ñkìå,,0.01,
2022/8/31 8:00,26.4,73,,0.0,,1.5,ìåñkìå,,0.01,
2022/8/31 9:00,28.2,64,,0.0,,2.3,ñkìå,,0.01,
2022/8/31 10:00,29.2,61,,0.0,,2.9,ìå,,0.01,
2022/8/31 11:00,30.3,58,,0.0,,3.3,ìå,,0.01,
2022/8/31 12:00,31.0,55,,0.0,,3.3,ìå,,0.01,
2022/8/31 13:00,30.9,56,,0.0,,4.0,ìåìÏìå,,0.01,
2022/8/31 14:00,30.2,59,,0.0,,3.8,ìåìÏìå,,0.01,
2022/8/31 15:00,29.9,61,,0.0,,3.2,ìå,,0.01,
2022/8/31 16:00,29.3,63,,0.0,,3.1,ìå,,0.01,
2022/8/31 17:00,28.7,65,,0.0,,2.5,ìå,,0.01,
2022/8/31 18:00,28.0,70,,0.0,,2.1,ìåñkìå,,0.01,
2022/8/31 19:00,27.7,71,,0.0,,2.2,ìå,,0.01,
2022/8/31 20:00,27.4,72,,0.0,,1.3,ìåñkìå,,1.0e-50,
2022/8/31 21:00,27.0,74,,0.1,,1.8,ìåñkìå,,1.0e-50,
2022/8/31 22:00,26.8,73,,0.3,,1.7,ìåñkìå,,1.0e-50,
2022/8/31 23:00,26.3,75,,0.3,,1.1,ñkìå,,1.0e-50,
2022/9/1 0:00,26.2,79,,0.1,,1.3,ñkìå,,1.0e-50,
2022/9/1 1:00,25.9,80,,0.1,,1.2,ìåñkìå,,1.0e-50,
2022/9/1 2:00,25.5,81,,0.0,,0.9,ìåñkìå,,1.0e-50,
2022/9/1 3:00,25.3,80,,0.0,,1.0,ñkñkìå,,1.0e-50,
2022/9/1 4:00,25.0,81,,0.0,,0.6,ìåñkìå,,1.0e-50,
2022/9/1 5:00,24.8,80,,0.0,,0.6,ñkñkìå,,1.0e-50,
2022/9/1 6:00,24.8,80,,0.0,,0.7,ñk,,0.01,
2022/9/1 7:00,25.6,78,,0.0,,0.5,ñkìå,,0.01,
2022/9/1 8:00,27.1,74,,0.0,,0.8,ìåñkìå,,0.01,
2022/9/1 9:00,28.7,68,,0.0,,1.0,ìåñkìå,,0.01,
2022/9/1 10:00,30.0,65,,0.0,,1.2,ìåñkìå,,0.01,
2022/9/1 11:00,31.2,61,,0.0,,1.2,ìåñkìå,,0.01,
2022/9/1 12:00,32.0,58,,0.0,,1.4,ìå,,0.01,
2022/9/1 13:00,32.5,56,,0.1,,1.9,ìå,,0.01,
2022/9/1 14:00,32.6,55,,0.0,,2.1,ìåìÏìå,,0.01,
2022/9/1 15:00,32.4,58,,0.0,,2.4,ìåìÏìå,,0.01,
2022/9/1 16:00,31.2,61,,0.1,,2.4,ìÏìå,,0.01,
2022/9/1 17:00,29.9,65,,0.0,,1.9,ìåìÏìå,,0.01,
2022/9/1 18:00,29.1,69,,0.0,,0.9,ìå,,0.01,
2022/9/1 19:00,28.4,71,,0.0,,1.3,ìå,,0.01,
2022/9/1 20:00,28.0,71,,0.0,,1.6,ìå,,1.0e-50,
2022/9/1 21:00,27.2,75,,0.0,,1.3,ìå,,1.0e-50,
2022/9/1 22:00,26.8,78,,0.0,,1.1,ìåñkìå,,1.0e-50,
2022/9/1 23:00,26.6,80,,0.0,,1.1,ñkìå,,1.0e-50,
2022/9/2 0:00,26.5,79,,0.0,,1.1,ìåñkìå,,1.0e-50,
2022/9/2 1:00,26.2,80,,0.0,,0.9,ñkñkìå,,1.0e-50,
2022/9/2 2:00,25.9,81,,0.0,,1.0,ñkìå,,1.0e-50,
2022/9/2 3:00,25.7,83,,0.0,,0.8,ñkñkìå,,1.0e-50,
2022/9/2 4:00,25.6,83,,0.0,,0.9,ñkñkìå,,1.0e-50,
2022/9/2 5:00,25.5,84,,0.0,,1.0,ñkìå,,1.0e-50,
2022/9/2 6:00,25.7,84,,0.0,,1.6,ìåñkìå,,0.01,
2022/9/2 7:00,26.4,81,,0.0,,1.6,ìåñkìå,,0.01,
2022/9/2 8:00,27.7,68,,0.0,,2.0,ìå,,0.01,
2022/9/2 9:00,28.6,65,,0.0,,2.7,ìåìÏìå,,0.01,
2022/9/2 10:00,29.6,61,,0.0,,2.9,ìåìÏìå,,0.01,
2022/9/2 11:00,30.3,59,,0.0,,2.8,ìåìÏìå,,0.01,
2022/9/2 12:00,31.1,60,,0.0,,3.1,ìåìÏìå,,0.01,
2022/9/2 13:00,30.7,62,,0.0,,3.4,ìåìÏìå,,0.01,
2022/9/2 14:00,29.9,66,,0.1,,2.7,ìåìÏìå,,0.01,
2022/9/2 15:00,28.9,73,,1.2,,2.1,ìåìÏìå,,0.01,
2022/9/2 16:00,29.1,71,,0.0,,2.7,ìåìÏìå,,0.01,
2022/9/2 17:00,28.8,72,,0.0,,2.3,ìåìÏìå,,0.01,
2022/9/2 18:00,28.5,72,,0.0,,2.4,ìå,,0.01,
2022/9/2 19:00,28.3,73,,0.0,,1.8,ìåìÏìå,,0.01,
2022/9/2 20:00,28.2,72,,0.0,,1.8,ìåìÏìå,,1.0e-50,
2022/9/2 21:00,27.4,77,,0.0,,1.3,ìåìÏìå,,1.0e-50,
2022/9/2 22:00,27.6,78,,0.0,,2.0,ìåìÏìå,,1.0e-50,
2022/9/2 23:00,28.0,74,,0.0,,2.2,ìåìÏìå,,1.0e-50,
2022/9/3 0:00,28.3,73,,0.0,,2.1,ìÏìå,,1.0e-50,
2022/9/3 1:00,28.3,70,,0.0,,2.0,ìÏìå,,1.0e-50,
2022/9/3 2:00,28.4,69,,0.0,,2.0,ìÏìå,,1.0e-50,
2022/9/3 3:00,28.1,70,,0.0,,2.1,ìÏìå,,1.0e-50,
2022/9/3 4:00,27.9,70,,0.0,,2.3,ìÏìå,,1.0e-50,
2022/9/3 5:00,28.1,70,,0.0,,2.5,ìÏìå,,1.0e-50,
2022/9/3 6:00,27.7,71,,0.0,,2.2,ìÏìå,,0.01,
2022/9/3 7:00,28.1,71,,0.0,,1.9,ìÏìå,,0.01,
2022/9/3 8:00,29.1,68,,0.0,,2.1,ìÏìå,,0.01,
2022/9/3 9:00,30.2,62,,0.0,,2.3,ìÏ,,0.01,
2022/9/3 10:00,30.7,61,,0.0,,2.6,ìÏ,,0.01,
2022/9/3 11:00,31.1,59,,0.0,,2.9,ìÏ,,0.01,
2022/9/3 12:00,31.2,57,,0.0,,3.0,ìÏ,,0.01,
2022/9/3 13:00,30.6,60,,0.0,,2.2,ìÏìÏìå,,0.01,
2022/9/3 14:00,31.1,60,,0.0,,1.8,ìÏ,,0.01,
2022/9/3 15:00,31.1,60,,0.0,,1.8,ìÏ,,0.01,
2022/9/3 16:00,30.5,64,,0.0,,1.5,ìÏ,,0.01,
2022/9/3 17:00,29.7,69,,0.0,,1.6,ìÏ,,0.01,
2022/9/3 18:00,28.7,74,,0.0,,1.0,ìÏìÏìå,,0.01,
2022/9/3 19:00,27.8,77,,0.0,,0.8,ìÏìå,,0.01,
2022/9/3 20:00,27.3,79,,0.0,,0.7,ìåñkìå,,1.0e-50,
2022/9/3 21:00,26.9,80,,0.0,,0.7,ñkñkìå,,1.0e-50,
2022/9/3 22:00,26.4,83,,0.0,,0.6,ñk,,1.0e-50,
2022/9/3 23:00,26.1,84,,0.0,,0.7,ìåñkìå,,1.0e-50,
2022/9/4 0:00,25.9,86,,0.0,,0.9,ìåñkìå,,1.0e-50,
2022/9/4 1:00,25.5,87,,0.0,,0.7,ñkñkìå,,1.0e-50,
2022/9/4 2:00,25.1,89,,0.0,,0.7,ñkñkìå,,1.0e-50,
2022/9/4 3:00,24.9,89,,0.0,,0.8,ñkñkìå,,1.0e-50,
2022/9/4 4:00,24.7,90,,0.0,,0.7,ñkìå,,1.0e-50,
2022/9/4 5:00,24.6,90,,0.0,,0.6,ñkñkìå,,1.0e-50,
2022/9/4 6:00,24.8,89,,0.0,,0.6,ñkñkìå,,0.01,
2022/9/4 7:00,25.6,85,,0.0,,0.5,ñk,,0.01,
2022/9/4 8:00,26.7,82,,0.0,,0.2,ìÏìÏìå,,0.01,
2022/9/4 9:00,27.6,80,,0.2,,0.6,ìÏêº,,0.01,
2022/9/4 10:00,27.6,79,,0.5,,0.6,ìÏìÏêº,,0.01,
2022/9/4 11:00,27.9,78,,0.5,,0.8,ìÏìÏêº,,0.01,
2022/9/4 12:00,27.5,84,,0.4,,0.6,ìÏìÏêº,,0.01,
2022/9/4 13:00,27.8,80,,0.4,,0.9,ìÏêº,,0.01,
2022/9/4 14:00,27.8,79,,0.0,,0.8,êºìÏêº,,0.01,
2022/9/4 15:00,28.6,73,,0.0,,0.4,ñkêº,,0.01,
2022/9/4 16:00,28.5,73,,0.0,,0.3,ñk,,0.01,
2022/9/4 17:00,28.1,77,,0.0,,0.5,ìÏ,,0.01,
2022/9/4 18:00,27.6,83,,0.1,,0.5,ìÏìå,,0.01,
2022/9/4 19:00,27.0,86,,0.1,,1.0,ìåñkìå,,0.01,
2022/9/4 20:00,26.4,88,,0.2,,0.7,ñkñkìå,,1.0e-50,
2022/9/4 21:00,25.7,90,,0.2,,0.4,ìÏìå,,1.0e-50,
2022/9/4 22:00,25.5,90,,0.0,,0.3,ìÏìå,,1.0e-50,
2022/9/4 23:00,25.4,89,,0.0,,0.7,ñk,,1.0e-50,
2022/9/5 0:00,24.9,89,,0.0,,0.2,ñkêº,,1.0e-50,
2022/9/5 1:00,24.8,88,,0.0,,1.0,ñkêº,,1.0e-50,
2022/9/5 2:00,24.3,89,,0.0,,0.7,ñk,,1.0e-50,
2022/9/5 3:00,23.9,90,,0.0,,0.6,ñkìå,,1.0e-50,
2022/9/5 4:00,24.0,90,,0.0,,1.0,ñkñkìå,,1.0e-50,
2022/9/5 5:00,23.6,91,,0.0,,0.8,ñkñkìå,,1.0e-50,
2022/9/5 6:00,23.4,91,,0.0,,0.5,ñkìå,,0.01,
2022/9/5 7:00,24.3,87,,0.0,,0.2,êºìÏêº,,0.01,
2022/9/5 8:00,25.7,80,,0.0,,0.6,ìÏ,,0.01,
2022/9/5 9:00,27.0,75,,0.0,,0.6,ñkñkìå,,0.01,
2022/9/5 10:00,28.7,66,,0.0,,0.8,ìåñkìå,,0.01,
2022/9/5 11:00,30.1,59,,0.0,,1.1,ñkìå,,0.01,
2022/9/5 12:00,31.2,54,,0.0,,1.3,ìåñkìå,,0.01,
2022/9/5 13:00,32.0,51,,0.0,,1.6,ìåñkìå,,0.01,
2022/9/5 14:00,32.3,52,,0.0,,1.7,ìåñkìå,,0.01,
2022/9/5 15:00,32.8,50,,0.0,,1.9,ìåñkìå,,0.01,
2022/9/5 16:00,32.3,53,,0.0,,1.7,ìåñkìå,,0.01,
2022/9/5 17:00,31.3,57,,0.0,,1.5,ìåñkìå,,0.01,
2022/9/5 18:00,29.9,66,,0.0,,1.5,ìå,,0.01,
2022/9/5 19:00,28.8,67,,0.0,,0.9,ìåñkìå,,0.01,
2022/9/5 20:00,27.9,71,,0.0,,0.8,ñkìå,,1.0e-50,
2022/9/5 21:00,27.1,77,,0.0,,0.9,ñkìå,,1.0e-50,
2022/9/5 22:00,26.5,79,,0.0,,1.0,ñkìå,,1.0e-50,
2022/9/5 23:00,26.0,82,,0.0,,0.9,ñkñkìå,,1.0e-50,
2022/9/6 0:00,25.5,85,,0.0,,0.6,ìåñkìå,,1.0e-50,
2022/9/6 1:00,25.6,83,,0.0,,1.1,ñkñkìå,,1.0e-50,
2022/9/6 2:00,25.2,85,,0.0,,1.1,ñkñkìå,,1.0e-50,
2022/9/6 3:00,25.1,84,,0.0,,1.1,ñkñkìå,,1.0e-50,
2022/9/6 4:00,25.0,85,,0.0,,1.1,ñkñkìå,,1.0e-50,
2022/9/6 5:00,25.0,85,,0.0,,1.2,ñkñkìå,,1.0e-50,
2022/9/6 6:00,25.1,81,,0.0,,1.4,ìåñkìå,,0.01,
2022/9/6 7:00,25.7,79,,0.0,,1.2,ìåñkìå,,0.01,
2022/9/6 8:00,26.9,74,,0.0,,1.8,ìåñkìå,,0.01,
2022/9/6 9:00,27.6,69,,0.0,,2.1,ìå,,0.01,
2022/9/6 10:00,27.9,69,,0.1,,2.4,ìåñkìå,,0.01,
2022/9/6 11:00,28.7,67,,0.0,,2.5,ìå,,0.01,
2022/9/6 12:00,28.9,66,,0.0,,2.7,ìå,,0.01,
2022/9/6 13:00,29.6,63,,0.1,,3.1,ìåìÏìå,,0.01,
2022/9/6 14:00,29.6,62,,0.1,,3.2,ìåìÏìå,,0.01,
2022/9/6 15:00,29.2,62,,0.0,,2.4,ìåìÏìå,,0.01,
2022/9/6 16:00,28.2,69,,0.2,,1.8,ìå,,0.01,
2022/9/6 17:00,27.6,73,,0.9,,1.8,ìå,,0.01,
2022/9/6 18:00,26.8,77,,0.4,,2.1,ìåñkìå,,0.01,
2022/9/6 19:00,26.8,77,,0.8,,1.9,ìå,,0.01,
2022/9/6 20:00,27.0,76,,0.6,,2.1,ìå,,1.0e-50,
2022/9/6 21:00,27.2,75,,2.0,,2.7,ìå,,1.0e-50,
2022/9/6 22:00,27.4,73,,1.8,,2.4,ìåìÏìå,,1.0e-50,
2022/9/6 23:00,27.6,72,,0.6,,2.5,ìå,,1.0e-50,
2022/9/7 0:00,27.6,72,,0.2,,2.8,ìåìÏìå,,1.0e-50,
2022/9/7 1:00,27.9,71,,0.6,,2.9,ìåìÏìå,,1.0e-50,
2022/9/7 2:00,28.3,69,,0.7,,2.8,ìåìÏìå,,1.0e-50,
2022/9/7 3:00,28.8,67,,0.3,,3.2,ìåìÏìå,,1.0e-50,
2022/9/7 4:00,29.2,66,,0.0,,3.2,ìåìÏìå,,1.0e-50,
2022/9/7 5:00,29.6,64,,0.6,,3.2,ìÏìå,,1.0e-50,
2022/9/7 6:00,28.6,66,,0.9,,2.4,ìÏìå,,0.01,
2022/9/7 7:00,27.8,74,,0.0,,2.6,ìåìÏìå,,0.01,
2022/9/7 8:00,28.7,73,,0.0,,2.6,ìÏìå,,0.01,
2022/9/7 9:00,30.7,59,,0.0,,3.9,ìÏìÏìå,,0.01,
2022/9/7 10:00,31.9,52,,0.0,,4.0,ìÏìÏìå,,0.01,
2022/9/7 11:00,32.9,49,,0.0,,4.0,ìÏìÏìå,,0.01,
2022/9/7 12:00,32.9,49,,0.0,,4.4,ìÏ,,0.01,
2022/9/7 13:00,33.1,48,,0.0,,4.5,ìÏ,,0.01,
2022/9/7 14:00,32.7,49,,0.0,,4.4,ìÏ,,0.01,
2022/9/7 15:00,31.4,53,,1.2,,3.9,ìÏ,,0.01,
2022/9/7 16:00,30.2,58,,0.0,,3.3,ìÏ,,0.01,
2022/9/7 17:00,29.7,62,,0.0,,2.5,ìÏ,,0.01,
2022/9/7 18:00,28.4,65,,0.0,,2.1,ìÏ,,0.01,
2022/9/7 19:00,27.7,68,,0.0,,1.4,ìÏ,,0.01,
2022/9/7 20:00,27.2,69,,0.0,,1.3,ìÏìÏìå,,1.0e-50,
2022/9/7 21:00,27.0,69,,0.0,,1.3,ìÏìÏìå,,1.0e-50,
2022/9/7 22:00,26.7,69,,0.0,,1.5,ìÏìÏìå,,1.0e-50,
2022/9/7 23:00,26.5,70,,0.0,,1.5,ìÏìÏìå,,1.0e-50,
2022/9/8 0:00,26.3,69,,0.0,,1.4,ìÏìÏìå,,1.0e-50,
2022/9/8 1:00,25.8,71,,0.0,,1.2,ìÏìÏìå,,1.0e-50,
2022/9/8 2:00,25.3,74,,0.0,,0.6,ìÏ,,1.0e-50,
2022/9/8 3:00,24.8,75,,0.0,,0.6,ìÏìå,,1.0e-50,
2022/9/8 4:00,24.5,76,,0.0,,0.3,êº,,1.0e-50,
2022/9/8 5:00,23.9,79,,0.0,,0.2,êº,,1.0e-50,
2022/9/8 6:00,23.5,81,,0.0,,0.2,ñk,,0.01,
2022/9/8 7:00,24.6,76,,0.0,,0.5,ìÏ,,0.01,
2022/9/8 8:00,26.3,71,,0.0,,1.5,ìÏ,,0.01,
2022/9/8 9:00,28.4,63,,0.0,,2.0,ìÏ,,0.01,
2022/9/8 10:00,29.5,60,,0.0,,2.4,ìÏìÏêº,,0.01,
2022/9/8 11:00,30.4,56,,0.0,,2.6,ìÏìÏêº,,0.01,
2022/9/8 12:00,31.9,45,,0.0,,3.0,ìÏêº,,0.01,
2022/9/8 13:00,31.9,44,,0.0,,3.1,ìÏêº,,0.01,
2022/9/8 14:00,31.7,42,,0.0,,2.8,ìÏêº,,0.01,
2022/9/8 15:00,31.6,41,,0.0,,2.3,ìÏìÏêº,,0.01,
2022/9/8 16:00,31.1,43,,0.0,,2.1,ìÏêº,,0.01,
2022/9/8 17:00,29.8,48,,0.0,,1.5,ìÏêº,,0.01,
2022/9/8 18:00,28.0,60,,0.0,,1.0,ìÏ,,0.01,
2022/9/8 19:00,26.4,68,,0.0,,0.8,ìÏìÏìå,,0.01,
2022/9/8 20:00,25.4,71,,0.0,,0.3,ìåñkìå,,1.0e-50,
2022/9/8 21:00,24.6,73,,0.0,,0.8,ñkìå,,1.0e-50,
2022/9/8 22:00,23.8,77,,0.0,,0.6,ñkìå,,1.0e-50,
2022/9/8 23:00,23.2,79,,0.0,,0.9,ñkìå,,1.0e-50,
2022/9/9 0:00,22.6,80,,0.0,,1.0,ñkìå,,1.0e-50,
2022/9/9 1:00,22.1,84,,0.0,,1.0,ñkìå,,1.0e-50,
2022/9/9 2:00,21.9,86,,0.0,,1.0,ñkìå,,1.0e-50,
2022/9/9 3:00,21.7,86,,0.0,,1.1,ñkìå,,1.0e-50,
2022/9/9 4:00,21.2,88,,0.0,,0.7,ñkìå,,1.0e-50,
2022/9/9 5:00,20.8,90,,0.0,,0.4,ñkñkêº,,1.0e-50,
2022/9/9 6:00,21.2,88,,0.0,,0.7,ìåìÏìå,,0.01,
2022/9/9 7:00,22.0,84,,0.0,,0.2,ìåìÏìå,,0.01,
2022/9/9 8:00,23.1,79,,0.0,,0.2,ñkñkìå,,0.01,
2022/9/9 9:00,23.4,80,,0.3,,0.3,ñk,,0.01,
2022/9/9 10:00,25.1,71,,0.0,,0.1,ìå,,0.01,
2022/9/9 11:00,26.5,63,,0.0,,0.8,ìÏìÏêº,,0.01,
2022/9/9 12:00,26.3,64,,0.0,,1.8,ìÏêº,,0.01,
2022/9/9 13:00,25.2,65,,0.6,,1.6,ìÏêº,,0.01,
2022/9/9 14:00,24.2,68,,1.5,,1.3,ìÏìÏêº,,0.01,
2022/9/9 15:00,23.6,73,,3.1,,1.1,ìÏìå,,0.01,
2022/9/9 16:00,23.9,72,,0.2,,0.5,ìå,,0.01,
2022/9/9 17:00,23.7,75,,0.4,,0.7,ìå,,0.01,
2022/9/9 18:00,23.6,76,,0.2,,0.6,ñkñkêº,,0.01,
2022/9/9 19:00,23.2,78,,0.2,,0.7,ñkñkìå,,0.01,
2022/9/9 20:00,23.0,80,,0.3,,0.2,ñkñkìå,,1.0e-50,
2022/9/9 21:00,23.0,82,,0.2,,0.6,ìå,,1.0e-50,
2022/9/9 22:00,22.6,84,,0.9,,0.5,ñkñkêº,,1.0e-50,
2022/9/9 23:00,22.4,86,,1.3,,0.5,ñkñkêº,,1.0e-50,
2022/9/10 0:00,22.3,89,,1.2,,0.7,ìåñkìå,,1.0e-50,
2022/9/10 1:00,22.2,88,,0.0,,0.9,ñk,,1.0e-50,
2022/9/10 2:00,22.0,89,,0.0,,0.4,ìåñkìå,,1.0e-50,
2022/9/10 3:00,22.0,90,,0.0,,0.4,ñkìå,,1.0e-50,
2022/9/10 4:00,22.0,90,,0.0,,0.5,ñk,,1.0e-50,
2022/9/10 5:00,22.2,90,,1.6,,0.7,ñk,,1.0e-50,
2022/9/10 6:00,22.3,90,,0.6,,0.9,ñk,,0.01,
2022/9/10 7:00,22.8,88,,0.0,,0.6,ñkñkìå,,0.01,
2022/9/10 8:00,23.7,84,,0.1,,0.5,ìåñkìå,,0.01,
2022/9/10 9:00,24.9,76,,0.0,,0.9,ìåñkìå,,0.01,
2022/9/10 10:00,25.7,73,,0.2,,0.9,ìåìÏìå,,0.01,
2022/9/10 11:00,25.7,74,,0.6,,0.7,ìåìÏìå,,0.01,
2022/9/10 12:00,26.5,70,,0.4,,0.3,ìÏ,,0.01,
2022/9/10 13:00,26.5,71,,0.2,,0.4,ñkñkìå,,0.01,
2022/9/10 14:00,27.1,69,,0.5,,0.4,ìÏìå,,0.01,
2022/9/10 15:00,27.5,65,,0.4,,1.0,ìÏêº,,0.01,
2022/9/10 16:00,27.2,66,,0.0,,0.9,ìÏìÏêº,,0.01,
2022/9/10 17:00,26.3,72,,0.1,,0.8,ìÏìÏìå,,0.01,
2022/9/10 18:00,25.3,79,,0.3,,0.9,ìåìÏìå,,0.01,
2022/9/10 19:00,24.8,81,,0.0,,0.7,ñkìå,,0.01,
2022/9/10 20:00,24.3,84,,0.0,,0.8,ñkìå,,1.0e-50,
2022/9/10 21:00,23.9,87,,0.0,,0.7,ñkñkìå,,1.0e-50,
2022/9/10 22:00,23.4,90,,0.0,,0.6,ñkñkêº,,1.0e-50,
2022/9/10 23:00,23.2,90,,0.0,,0.7,ñkñkìå,,1.0e-50,
2022/9/11 0:00,23.1,92,,0.0,,0.6,ñkñkìå,,1.0e-50,
2022/9/11 1:00,23.0,92,,0.0,,0.9,ñkñkìå,,1.0e-50,
2022/9/11 2:00,22.8,92,,0.0,,0.5,ñkñkìå,,1.0e-50,
2022/9/11 3:00,22.8,91,,0.0,,0.7,ñk,,1.0e-50,
2022/9/11 4:00,22.6,91,,0.0,,0.6,ñk,,1.0e-50,
2022/9/11 5:00,22.5,91,,0.0,,0.7,ñkñkìå,,1.0e-50,
2022/9/11 6:00,22.8,88,,0.0,,0.7,ñkñkìå,,0.01,
2022/9/11 7:00,23.3,85,,0.4,,1.2,ñkìå,,0.01,
2022/9/11 8:00,23.8,86,,2.3,,0.9,ñkìå,,0.01,
2022/9/11 9:00,25.0,79,,1.4,,1.2,ìåñkìå,,0.01,
2022/9/11 10:00,26.6,73,,0.0,,1.6,ìå,,0.01,
2022/9/11 11:00,27.6,69,,0.0,,1.3,ìå,,0.01,
2022/9/11 12:00,28.1,69,,0.0,,1.3,ìå,,0.01,
2022/9/11 13:00,28.8,63,,0.0,,1.4,ìåìÏìå,,0.01,
2022/9/11 14:00,29.3,59,,0.0,,1.6,ìå,,0.01,
2022/9/11 15:00,27.6,67,,0.0,,0.9,ñkìå,,0.01,
2022/9/11 16:00,26.7,73,,0.9,,1.1,ñkìå,,0.01,
2022/9/11 17:00,26.3,76,,0.5,,1.3,ñkìå,,0.01,
2022/9/11 18:00,25.9,80,,0.2,,0.9,ñkñkìå,,0.01,
2022/9/11 19:00,25.4,82,,0.0,,0.9,ñkñkìå,,0.01,
2022/9/11 20:00,25.0,83,,0.0,,0.8,ñkñkìå,,1.0e-50,
2022/9/11 21:00,25.0,83,,0.0,,0.8,ñkñkìå,,1.0e-50,
2022/9/11 22:00,24.8,81,,0.0,,1.0,ñkñkìå,,1.0e-50,
2022/9/11 23:00,24.5,80,,0.0,,0.9,ñkìå,,1.0e-50,
2022/9/12 0:00,24.5,82,,0.0,,0.9,ñkìå,,1.0e-50,
2022/9/12 1:00,24.2,84,,0.0,,0.9,ñkñkìå,,1.0e-50,
2022/9/12 2:00,24.0,87,,0.0,,0.9,ñk,,1.0e-50,
2022/9/12 3:00,23.8,89,,0.0,,1.0,ñk,,1.0e-50,
2022/9/12 4:00,23.6,90,,0.0,,0.9,ñk,,1.0e-50,
2022/9/12 5:00,23.5,90,,0.0,,1.0,ñkñkìå,,1.0e-50,
2022/9/12 6:00,23.7,90,,0.0,,1.2,ñkìå,,0.01,
2022/9/12 7:00,24.6,86,,0.0,,1.0,ñkìå,,0.01,
2022/9/12 8:00,26.3,77,,0.0,,1.5,ìå,,0.01,
2022/9/12 9:00,27.6,67,,0.0,,2.0,ìå,,0.01,
2022/9/12 10:00,28.5,61,,0.0,,2.0,ìÏìå,,0.01,
2022/9/12 11:00,29.1,60,,0.0,,2.2,ìÏìå,,0.01,
2022/9/12 12:00,29.2,61,,0.0,,1.9,ìÏìÏìå,,0.01,
2022/9/12 13:00,29.5,61,,0.0,,2.0,ìåìÏìå,,0.01,
2022/9/12 14:00,29.7,61,,0.0,,1.6,ìåìÏìå,,0.01,
2022/9/12 15:00,29.8,61,,0.0,,1.8,ìÏìå,,0.01,
2022/9/12 16:00,29.4,63,,0.0,,1.4,ìÏìå,,0.01,
2022/9/12 17:00,28.7,68,,0.0,,0.9,ìÏìå,,0.01,
2022/9/12 18:00,27.9,73,,0.1,,0.9,ìÏ,,0.01,
2022/9/12 19:00,27.1,76,,0.0,,0.8,ìÏ,,0.01,
2022/9/12 20:00,26.5,78,,0.0,,0.8,ìÏìå,,1.0e-50,
2022/9/12 21:00,26.0,81,,0.0,,0.8,ìÏìå,,1.0e-50,
2022/9/12 22:00,25.6,83,,0.0,,0.7,ìÏìå,,1.0e-50,
2022/9/12 23:00,25.2,84,,0.0,,0.7,ìÏìå,,1.0e-50,
2022/9/13 0:00,24.7,87,,0.0,,0.3,ñkìå,,1.0e-50,
2022/9/13 1:00,24.3,89,,0.0,,0.3,ñk,,1.0e-50,
2022/9/13 2:00,24.1,89,,0.0,,0.3,ìå,,1.0e-50,
2022/9/13 3:00,24.1,90,,0.2,,0.6,ìåìÏìå,,1.0e-50,
2022/9/13 4:00,24.0,89,,0.0,,0.7,ìÏìå,,1.0e-50,
2022/9/13 5:00,23.8,88,,0.2,,0.8,ìÏìÏìå,,1.0e-50,
2022/9/13 6:00,23.8,90,,1.3,,0.8,ìÏìÏìå,,0.01,
2022/9/13 7:00,23.9,90,,0.8,,0.7,ìÏìÏìå,,0.01,
2022/9/13 8:00,24.5,88,,0.1,,0.6,ìÏìÏêº,,0.01,
2022/9/13 9:00,25.2,85,,0.0,,1.3,ìÏìÏêº,,0.01,
2022/9/13 10:00,26.0,78,,0.0,,1.5,ìÏìÏêº,,0.01,
2022/9/13 11:00,26.2,76,,0.0,,1.4,ìÏìÏêº,,0.01,
2022/9/13 12:00,26.6,72,,0.0,,1.8,ìÏìÏêº,,0.01,
2022/9/13 13:00,27.0,69,,0.0,,1.6,ìÏ,,0.01,
2022/9/13 14:00,27.8,65,,0.0,,1.7,ìÏìÏêº,,0.01,
2022/9/13 15:00,28.4,61,,0.0,,1.7,ìÏìÏêº,,0.01,
2022/9/13 16:00,28.3,61,,0.0,,1.2,ìÏìÏêº,,0.01,
2022/9/13 17:00,27.1,68,,0.1,,0.6,ìÏìÏìå,,0.01,
2022/9/13 18:00,26.2,69,,0.9,,0.7,ñkñkêº,,0.01,
2022/9/13 19:00,25.0,68,,0.1,,1.4,ñk,,0.01,
2022/9/13 20:00,24.5,68,,0.2,,1.6,ñkñkêº,,1.0e-50,
2022/9/13 21:00,24.2,69,,0.0,,1.4,ñkñkêº,,1.0e-50,
2022/9/13 22:00,23.7,68,,0.0,,1.9,ñkñkêº,,1.0e-50,
2022/9/13 23:00,23.2,65,,0.0,,1.5,ñkñkêº,,1.0e-50,
2022/9/14 0:00,22.7,67,,0.0,,1.4,ñkñkêº,,1.0e-50,
2022/9/14 1:00,22.3,68,,0.0,,1.1,ñkñkêº,,1.0e-50,
2022/9/14 2:00,21.8,70,,0.0,,0.8,ñkêº,,1.0e-50,
2022/9/14 3:00,21.1,73,,0.0,,0.9,ñkêº,,1.0e-50,
2022/9/14 4:00,20.6,75,,0.0,,0.8,ñkêº,,1.0e-50,
2022/9/14 5:00,20.0,78,,0.0,,0.3,ñkêº,,1.0e-50,
2022/9/14 6:00,19.8,80,,0.0,,0.6,êºñkêº,,0.01,
2022/9/14 7:00,20.6,76,,0.0,,1.0,ñkêº,,0.01,
2022/9/14 8:00,22.2,69,,0.0,,1.2,ñkêº,,0.01,
2022/9/14 9:00,23.3,62,,0.0,,1.5,ñkñkêº,,0.01,
2022/9/14 10:00,24.4,58,,0.0,,1.4,ñkñkêº,,0.01,
2022/9/14 11:00,25.0,55,,0.0,,1.5,ñkñkêº,,0.01,
2022/9/14 12:00,25.5,53,,0.0,,1.4,ñkêº,,0.01,
2022/9/14 13:00,25.9,52,,0.0,,1.9,ñkñkêº,,0.01,
2022/9/14 14:00,25.8,53,,0.0,,1.3,ñk,,0.01,
2022/9/14 15:00,25.1,55,,0.0,,1.9,ñkñkêº,,0.01,
2022/9/14 16:00,25.0,55,,0.0,,1.9,ñk,,0.01,
2022/9/14 17:00,24.5,58,,0.0,,1.4,ñk,,0.01,
2022/9/14 18:00,23.1,64,,0.0,,1.5,ñk,,0.01,
2022/9/14 19:00,22.2,67,,0.0,,1.0,ñk,,0.01,
2022/9/14 20:00,21.3,71,,0.0,,0.5,ñk,,1.0e-50,
2022/9/14 21:00,20.7,74,,0.0,,0.5,ìÏ,,1.0e-50,
2022/9/14 22:00,20.2,77,,0.0,,0.5,ìÏìÏêº,,1.0e-50,
2022/9/14 23:00,19.5,81,,0.0,,0.3,ìÏêº,,1.0e-50,
2022/9/15 0:00,19.3,82,,0.0,,0.9,ñkêº,,1.0e-50,
2022/9/15 1:00,18.9,85,,0.0,,0.8,ñkñkêº,,1.0e-50,
2022/9/15 2:00,18.5,87,,0.0,,0.7,ñkìå,,1.0e-50,
2022/9/15 3:00,18.2,88,,0.0,,0.8,ñk,,1.0e-50,
2022/9/15 4:00,17.8,90,,0.0,,0.6,ìå,,1.0e-50,
2022/9/15 5:00,17.4,91,,0.0,,0.4,ìÏ,,1.0e-50,
2022/9/15 6:00,17.2,92,,0.0,,0.7,ìå,,0.01,
2022/9/15 7:00,18.3,87,,0.0,,0.1,ìÏêº,,0.01,
2022/9/15 8:00,20.2,79,,0.0,,0.4,êºìÏêº,,0.01,
2022/9/15 9:00,21.7,71,,0.0,,0.4,ìÏìÏìå,,0.01,
2022/9/15 10:00,23.5,63,,0.0,,0.5,ìÏìÏìå,,0.01,
2022/9/15 11:00,24.7,58,,0.0,,0.4,ìå,,0.01,
2022/9/15 12:00,25.9,54,,0.0,,1.0,ìåñkìå,,0.01,
2022/9/15 13:00,26.8,50,,0.0,,0.8,ìåìÏìå,,0.01,
2022/9/15 14:00,27.3,47,,0.0,,1.2,ìå,,0.01,
2022/9/15 15:00,27.5,49,,0.0,,0.6,ìåìÏìå,,0.01,
2022/9/15 16:00,27.2,51,,0.0,,1.3,ìå,,0.01,
2022/9/15 17:00,26.3,55,,0.0,,1.2,ìå,,0.01,
2022/9/15 18:00,25.2,62,,0.0,,1.0,ìåñkìå,,0.01,
2022/9/15 19:00,24.2,66,,0.0,,1.0,ñkìå,,0.01,
2022/9/15 20:00,23.3,70,,0.0,,0.8,ñkñkìå,,1.0e-50,
2022/9/15 21:00,22.8,71,,0.0,,0.9,ñkñkìå,,1.0e-50,
2022/9/15 22:00,22.1,73,,0.0,,0.8,ñkñkìå,,1.0e-50,
2022/9/15 23:00,21.5,76,,0.0,,0.6,ñkñkìå,,1.0e-50,
2022/9/16 0:00,21.3,78,,0.0,,0.6,ñkñkêº,,1.0e-50,
2022/9/16 1:00,21.0,79,,0.0,,0.8,ñkñkìå,,1.0e-50,
2022/9/16 2:00,20.6,81,,0.0,,0.7,ñkñkìå,,1.0e-50,
2022/9/16 3:00,20.5,81,,0.0,,0.8,ñkñkìå,,1.0e-50,
2022/9/16 4:00,20.6,81,,0.0,,0.7,ñkñkìå,,1.0e-50,
2022/9/16 5:00,20.5,82,,0.0,,0.9,ñkñkìå,,1.0e-50,
2022/9/16 6:00,20.6,85,,0.0,,0.8,ñkñkìå,,0.01,
2022/9/16 7:00,21.1,85,,0.0,,0.8,ñkìå,,0.01,
2022/9/16 8:00,22.1,81,,0.0,,1.1,ìåñkìå,,0.01,
2022/9/16 9:00,23.4,75,,0.0,,1.2,ìå,,0.01,
2022/9/16 10:00,24.5,70,,0.0,,1.1,ìå,,0.01,
2022/9/16 11:00,25.4,66,,0.0,,1.1,ìÏìå,,0.01,
2022/9/16 12:00,25.9,65,,0.0,,1.2,ìÏìÏìå,,0.01,
2022/9/16 13:00,26.2,63,,0.0,,1.5,ìÏìÏìå,,0.01,
2022/9/16 14:00,26.6,62,,0.0,,1.1,ìÏìÏìå,,0.01,
2022/9/16 15:00,27.3,61,,0.0,,1.6,ìÏìÏìå,,0.01,
2022/9/16 16:00,26.6,65,,0.0,,1.1,ìÏìÏìå,,0.01,
2022/9/16 17:00,25.8,69,,0.0,,1.0,ìÏìå,,0.01,
2022/9/16 18:00,25.5,72,,0.0,,0.8,ìåìÏìå,,0.01,
2022/9/16 19:00,25.1,73,,0.0,,0.9,ìå,,1.0e-50,
2022/9/16 20:00,24.8,74,,0.0,,0.8,ìÏìå,,1.0e-50,
2022/9/16 21:00,24.2,77,,0.0,,0.9,ìåìÏìå,,1.0e-50,
2022/9/16 22:00,23.8,79,,0.0,,0.2,ìÏìå,,1.0e-50,
2022/9/16 23:00,23.5,80,,0.5,,0.5,ñkñkìå,,1.0e-50,
2022/9/17 0:00,23.2,81,,1.0,,0.3,ìåñkìå,,1.0e-50,
2022/9/17 1:00,23.0,80,,0.0,,0.7,ñkñkìå,,1.0e-50,
2022/9/17 2:00,22.7,82,,0.0,,0.7,ñkñkêº,,1.0e-50,
2022/9/17 3:00,22.3,84,,0.1,,0.4,ñkêº,,1.0e-50,
2022/9/17 4:00,22.1,85,,0.0,,0.3,ìåñkìå,,1.0e-50,
2022/9/17 5:00,22.0,85,,0.0,,0.6,ìå,,1.0e-50,
2022/9/17 6:00,21.9,85,,0.0,,0.6,ñkìå,,0.01,
2022/9/17 7:00,22.4,83,,0.0,,0.4,ñkñkìå,,0.01,
2022/9/17 8:00,23.7,78,,0.0,,0.5,ìå,,0.01,
2022/9/17 9:00,24.9,74,,0.0,,0.6,ìÏìå,,0.01,
2022/9/17 10:00,25.9,70,,0.0,,0.7,ìÏìå,,0.01,
2022/9/17 11:00,27.1,67,,0.0,,0.9,ìÏìÏìå,,0.01,
2022/9/17 12:00,27.6,66,,0.0,,0.8,ìÏìå,,0.01,
2022/9/17 13:00,28.3,65,,0.0,,0.8,ìÏ,,0.01,
2022/9/17 14:00,28.1,67,,0.0,,1.0,ìÏìÏêº,,0.01,
2022/9/17 15:00,28.2,70,,0.1,,1.4,ìÏìÏêº,,0.01,
2022/9/17 16:00,27.2,75,,2.0,,1.5,ìÏìÏêº,,0.01,
2022/9/17 17:00,26.1,82,,3.9,,0.8,ìÏ,,0.01,
2022/9/17 18:00,25.7,86,,1.2,,1.0,ìÏìÏìå,,0.01,
2022/9/17 19:00,25.3,88,,1.5,,1.0,ìÏìÏìå,,1.0e-50,
2022/9/17 20:00,25.1,88,,0.3,,1.1,ìÏ,,1.0e-50,
2022/9/17 21:00,24.8,89,,0.0,,0.7,ìÏìå,,1.0e-50,
2022/9/17 22:00,24.5,90,,0.0,,0.9,ìÏìå,,1.0e-50,
2022/9/17 23:00,24.4,90,,0.0,,0.8,ìÏìÏìå,,1.0e-50,
2022/9/18 0:00,24.4,90,,0.0,,1.1,ìÏìÏìå,,1.0e-50,
2022/9/18 1:00,24.3,89,,0.1,,1.0,ìÏìÏìå,,1.0e-50,
2022/9/18 2:00,24.3,88,,0.1,,1.0,ìÏìÏìå,,1.0e-50,
2022/9/18 3:00,24.1,87,,0.4,,0.7,ìåìÏìå,,1.0e-50,
2022/9/18 4:00,24.0,87,,2.0,,1.0,ìÏ,,1.0e-50,
2022/9/18 5:00,23.9,89,,2.2,,1.0,ìÏ,,1.0e-50,
2022/9/18 6:00,24.7,86,,0.3,,1.4,ìÏ,,0.01,
2022/9/18 7:00,24.5,86,,0.1,,1.1,ìÏìÏìå,,0.01,
2022/9/18 8:00,24.8,86,,0.1,,1.0,ìÏ,,0.01,
2022/9/18 9:00,25.5,82,,0.2,,1.2,ìÏìÏêº,,0.01,
2022/9/18 10:00,26.7,77,,0.1,,2.0,ìÏêº,,0.01,
2022/9/18 11:00,27.9,72,,0.5,,2.8,ìÏêº,,0.01,
2022/9/18 12:00,28.8,67,,0.7,,3.2,ìÏêº,,0.01,
2022/9/18 13:00,28.1,69,,0.1,,3.0,ìÏêº,,0.01,
2022/9/18 14:00,27.5,74,,0.9,,2.4,êºìÏêº,,0.01,
2022/9/18 15:00,26.8,79,,2.8,,1.7,êº,,0.01,
2022/9/18 16:00,25.3,75,,2.8,,2.3,ñkêº,,0.01,
2022/9/18 17:00,24.0,75,,0.3,,1.9,ñkñkêº,,0.01,
2022/9/18 18:00,23.6,74,,0.1,,1.5,ñkñkêº,,0.01,
2022/9/18 19:00,23.5,74,,0.0,,0.5,ñkêº,,1.0e-50,
2022/9/18 20:00,23.2,74,,0.0,,0.8,êºñkêº,,1.0e-50,
2022/9/18 21:00,22.6,78,,0.0,,0.6,êºñkêº,,1.0e-50,
2022/9/18 22:00,22.4,77,,0.0,,0.5,êºñkêº,,1.0e-50,
2022/9/18 23:00,22.1,77,,0.0,,0.7,êº,,1.0e-50,
2022/9/19 0:00,21.8,76,,0.0,,0.7,ñkêº,,1.0e-50,
2022/9/19 1:00,21.6,77,,0.0,,0.6,êº,,1.0e-50,
2022/9/19 2:00,21.5,77,,0.0,,0.6,ñkêº,,1.0e-50,
2022/9/19 3:00,21.3,76,,0.0,,0.6,ñkñkêº,,1.0e-50,
2022/9/19 4:00,21.3,75,,0.0,,0.7,êº,,1.0e-50,
2022/9/19 5:00,21.0,71,,0.0,,0.9,ñkñkêº,,1.0e-50,
2022/9/19 6:00,20.9,69,,0.0,,1.0,ñkêº,,0.01,
2022/9/19 7:00,21.0,69,,0.0,,0.8,ñkêº,,0.01,
2022/9/19 8:00,21.9,62,,0.0,,1.5,ñkñkêº,,0.01,
2022/9/19 9:00,23.2,55,,0.0,,1.8,ñkêº,,0.01,
2022/9/19 10:00,24.5,49,,0.0,,1.8,êºñkêº,,0.01,
2022/9/19 11:00,25.5,44,,0.0,,1.9,êºñkêº,,0.01,
2022/9/19 12:00,26.4,40,,0.0,,2.1,êºñkêº,,0.01,
2022/9/19 13:00,26.8,39,,0.0,,2.0,êºñkêº,,0.01,
2022/9/19 14:00,27.0,39,,0.0,,1.9,êºñkêº,,0.01,
2022/9/19 15:00,26.9,41,,0.0,,2.4,ñkêº,,0.01,
2022/9/19 16:00,26.3,45,,0.0,,2.0,ñkñkêº,,0.01,
2022/9/19 17:00,25.2,51,,0.0,,1.7,ñkñkêº,,0.01,
2022/9/19 18:00,23.7,55,,0.0,,1.9,ñk,,0.01,
2022/9/19 19:00,23.2,52,,0.0,,1.8,ñk,,1.0e-50,
2022/9/19 20:00,22.5,47,,0.0,,1.2,ñk,,1.0e-50,
2022/9/19 21:00,21.9,53,,0.0,,0.7,ñk,,1.0e-50,
2022/9/19 22:00,21.4,52,,0.0,,0.9,ñkñkìå,,1.0e-50,
2022/9/19 23:00,20.5,57,,0.0,,0.4,ìÏìÏìå,,1.0e-50,
2022/9/20 0:00,20.4,53,,0.0,,0.7,ñk,,1.0e-50,
2022/9/20 1:00,20.3,54,,0.0,,0.9,ñkñkêº,,1.0e-50,
2022/9/20 2:00,19.9,56,,0.0,,1.0,ñkêº,,1.0e-50,
2022/9/20 3:00,19.4,59,,0.0,,0.6,ñkñkìå,,1.0e-50,
2022/9/20 4:00,19.0,61,,0.0,,0.8,ìÏ,,1.0e-50,
2022/9/20 5:00,18.8,63,,0.0,,0.5,ìÏìÏìå,,1.0e-50,
2022/9/20 6:00,18.7,64,,0.0,,0.5,ìÏìå,,0.01,
2022/9/20 7:00,18.7,66,,0.0,,0.6,ìÏìÏìå,,0.01,
2022/9/20 8:00,19.2,66,,0.0,,1.0,ìÏìÏêº,,0.01,
2022/9/20 9:00,20.0,65,,0.0,,1.0,ìÏìÏêº,,0.01,
2022/9/20 10:00,21.6,59,,0.0,,1.2,ìÏìÏêº,,0.01,
2022/9/20 11:00,23.0,55,,0.0,,1.4,ìÏìÏêº,,0.01,
2022/9/20 12:00,24.5,50,,0.0,,1.3,ìÏìÏêº,,0.01,
2022/9/20 13:00,25.2,48,,0.0,,1.8,ìÏ,,0.01,
2022/9/20 14:00,25.4,47,,0.0,,1.1,ìÏìÏêº,,0.01,
2022/9/20 15:00,25.2,46,,0.0,,1.6,ìÏìÏêº,,0.01,
2022/9/20 16:00,24.8,49,,0.0,,0.9,ìÏìÏêº,,0.01,
2022/9/20 17:00,24.1,57,,0.0,,0.8,ìÏêº,,0.01,
2022/9/20 18:00,23.0,61,,0.0,,0.5,ìÏêº,,0.01,
2022/9/20 19:00,22.4,63,,0.0,,1.0,ñkêº,,1.0e-50,
2022/9/20 20:00,22.2,65,,0.0,,1.4,ñkñkêº,,1.0e-50,
2022/9/20 21:00,22.0,64,,0.0,,0.7,ñkñkêº,,1.0e-50,
2022/9/20 22:00,21.7,66,,0.0,,1.1,ñkñkêº,,1.0e-50,
2022/9/20 23:00,21.4,71,,0.0,,1.1,ñk,,1.0e-50,
2022/9/21 0:00,21.0,69,,0.0,,0.9,ñkñkêº,,1.0e-50,
2022/9/21 1:00,20.6,68,,0.0,,0.6,êºñkêº,,1.0e-50,
2022/9/21 2:00,20.4,67,,0.0,,0.9,ñkñkêº,,1.0e-50,
2022/9/21 3:00,20.3,65,,0.0,,0.8,ñkñkêº,,1.0e-50,
2022/9/21 4:00,20.1,65,,0.0,,1.0,ñkñkêº,,1.0e-50,
2022/9/21 5:00,19.5,66,,0.0,,0.5,ñkêº,,1.0e-50,
2022/9/21 6:00,19.1,68,,0.0,,1.0,ñkêº,,0.01,
2022/9/21 7:00,19.6,67,,0.0,,0.8,ñkñkêº,,0.01,
2022/9/21 8:00,21.3,59,,0.0,,0.8,ñkìå,,0.01,
2022/9/21 9:00,22.9,52,,0.0,,1.2,ñkñkìå,,0.01,
2022/9/21 10:00,24.1,45,,0.0,,1.3,ñk,,0.01,
2022/9/21 11:00,25.1,41,,0.0,,1.3,ñk,,0.01,
2022/9/21 12:00,25.6,39,,0.0,,1.5,ñk,,0.01,
2022/9/21 13:00,25.9,39,,0.0,,2.0,ñkñkêº,,0.01,
2022/9/21 14:00,26.0,37,,0.0,,2.1,ñkñkêº,,0.01,
2022/9/21 15:00,25.9,38,,0.0,,1.8,ñk,,0.01,
2022/9/21 16:00,25.3,39,,0.0,,2.0,ñkñkêº,,0.01,
2022/9/21 17:00,23.9,48,,0.0,,2.1,ñk,,0.01,
2022/9/21 18:00,22.6,54,,0.0,,1.8,ñk,,0.01,
2022/9/21 19:00,21.8,59,,0.0,,1.3,ñkñkìå,,1.0e-50,
2022/9/21 20:00,21.1,62,,0.0,,1.0,ñkñkìå,,1.0e-50,
2022/9/21 21:00,20.3,68,,0.0,,1.0,ñk,,1.0e-50,
2022/9/21 22:00,19.5,72,,0.0,,0.7,ñkñkêº,,1.0e-50,
2022/9/21 23:00,19.0,72,,0.0,,0.8,ñkñkêº,,1.0e-50,
2022/9/22 0:00,18.7,71,,0.0,,0.5,ñkñkêº,,1.0e-50,
2022/9/22 1:00,18.4,72,,0.0,,0.8,ñkñkêº,,1.0e-50,
2022/9/22 2:00,18.0,75,,0.0,,1.0,ñkñkêº,,1.0e-50,
2022/9/22 3:00,17.7,74,,0.0,,0.8,ñkñkìå,,1.0e-50,
2022/9/22 4:00,17.5,75,,0.0,,0.4,ñkñkìå,,1.0e-50,
2022/9/22 5:00,18.0,72,,0.0,,0.9,ñk,,1.0e-50,
2022/9/22 6:00,17.7,75,,0.0,,1.0,ñk,,0.01,
2022/9/22 7:00,18.6,74,,0.0,,0.3,ìåñkìå,,0.01,
2022/9/22 8:00,20.3,69,,0.0,,0.6,ñkñkìå,,0.01,
2022/9/22 9:00,22.2,61,,0.0,,1.0,ñkìå,,0.01,
2022/9/22 10:00,23.7,55,,0.0,,1.6,ìåñkìå,,0.01,
2022/9/22 11:00,24.8,51,,0.0,,1.8,ìåñkìå,,0.01,
2022/9/22 12:00,24.5,54,,0.0,,1.8,ìåñkìå,,0.01,
2022/9/22 13:00,25.1,51,,0.0,,2.0,ìå,,0.01,
2022/9/22 14:00,25.1,48,,0.0,,1.8,ìå,,0.01,
2022/9/22 15:00,25.1,53,,0.0,,1.5,ìåñkìå,,0.01,
2022/9/22 16:00,24.7,54,,0.0,,1.5,ìåñkìå,,0.01,
2022/9/22 17:00,23.7,59,,0.0,,1.0,ìå,,0.01,
2022/9/22 18:00,23.0,62,,0.0,,0.8,ìå,,0.01,
2022/9/22 19:00,22.5,65,,0.0,,1.0,ìåñkìå,,1.0e-50,
2022/9/22 20:00,22.0,68,,0.0,,1.1,ìåìÏìå,,1.0e-50,
2022/9/22 21:00,21.9,71,,0.0,,0.7,ìå,,1.0e-50,
2022/9/22 22:00,21.6,72,,0.1,,0.8,ñk,,1.0e-50,
2022/9/22 23:00,21.5,74,,0.0,,0.8,ñkñkìå,,1.0e-50,
2022/9/23 0:00,21.6,75,,0.0,,1.0,ñkñkìå,,1.0e-50,
2022/9/23 1:00,21.3,76,,0.0,,0.9,ñkñkìå,,1.0e-50,
2022/9/23 2:00,21.1,75,,0.0,,1.0,ñk,,1.0e-50,
2022/9/23 3:00,20.9,75,,0.0,,1.0,ñk,,1.0e-50,
2022/9/23 4:00,20.7,73,,0.0,,0.8,ñkñkìå,,1.0e-50,
2022/9/23 5:00,20.4,74,,0.0,,0.6,ñkìå,,1.0e-50,
2022/9/23 6:00,20.3,77,,0.0,,0.7,ìå,,0.01,
2022/9/23 7:00,20.8,76,,0.0,,0.3,ìå,,0.01,
2022/9/23 8:00,22.4,71,,0.0,,0.8,ñkìå,,0.01,
2022/9/23 9:00,24.5,63,,0.0,,1.8,ñkìå,,0.01,
2022/9/23 10:00,25.9,55,,0.0,,2.2,ñkìå,,0.01,
2022/9/23 11:00,26.7,52,,0.0,,2.4,ñkñkìå,,0.01,
2022/9/23 12:00,27.0,52,,0.0,,2.4,ñkìå,,0.01,
2022/9/23 13:00,27.4,51,,0.0,,2.1,ñkìå,,0.01,
2022/9/23 14:00,27.4,52,,0.0,,1.7,ñkìå,,0.01,
2022/9/23 15:00,27.2,53,,0.0,,2.3,ñk,,0.01,
2022/9/23 16:00,26.4,57,,0.0,,2.3,ñk,,0.01,
2022/9/23 17:00,25.4,61,,0.0,,2.0,ñk,,0.01,
2022/9/23 18:00,24.6,65,,0.0,,1.6,ñkñkêº,,0.01,
2022/9/23 19:00,24.1,68,,0.0,,1.3,ñk,,1.0e-50,
2022/9/23 20:00,23.7,70,,0.0,,1.1,ñk,,1.0e-50,
2022/9/23 21:00,23.3,71,,0.0,,0.4,ñkñkìå,,1.0e-50,
2022/9/23 22:00,23.0,73,,0.0,,0.8,êºñkêº,,1.0e-50,
2022/9/23 23:00,22.7,76,,0.0,,0.7,ñkêº,,1.0e-50,
2022/9/24 0:00,22.2,77,,0.0,,0.5,êºìÏêº,,1.0e-50,
2022/9/24 1:00,22.1,78,,0.0,,0.9,êº,,1.0e-50,
2022/9/24 2:00,21.6,80,,0.0,,0.9,ìÏìÏêº,,1.0e-50,
2022/9/24 3:00,20.8,82,,0.0,,0.4,ìÏ,,1.0e-50,
2022/9/24 4:00,20.6,84,,0.0,,0.7,ìÏ,,1.0e-50,
2022/9/24 5:00,20.4,85,,0.0,,0.7,ìÏ,,1.0e-50,
2022/9/24 6:00,20.3,86,,0.0,,0.6,ìÏìÏìå,,0.01,
2022/9/24 7:00,20.6,85,,0.0,,0.5,ìÏìÏìå,,0.01,
2022/9/24 8:00,21.3,83,,0.0,,0.7,ìÏ,,0.01,
2022/9/24 9:00,22.2,79,,0.1,,0.9,ìÏ,,0.01,
2022/9/24 10:00,22.9,77,,0.0,,0.9,ìÏ,,0.01,
2022/9/24 11:00,23.1,76,,0.0,,0.8,ìÏêº,,0.01,
2022/9/24 12:00,23.6,77,,0.0,,0.5,ìÏêº,,0.01,
2022/9/24 13:00,24.1,75,,0.0,,0.7,êºìÏêº,,0.01,
2022/9/24 14:00,24.7,72,,0.0,,0.8,ìÏ,,0.01,
2022/9/24 15:00,25.0,74,,0.0,,1.0,ìÏìÏêº,,0.01,
2022/9/24 16:00,24.9,75,,0.0,,0.8,ìÏ,,0.01,
2022/9/24 17:00,24.2,79,,0.2,,0.7,ìÏìÏìå,,0.01,
2022/9/24 18:00,23.7,82,,0.5,,0.6,ñkêº,,0.01,
2022/9/24 19:00,23.4,83,,0.0,,0.5,ìÏìå,,1.0e-50,
2022/9/24 20:00,22.9,85,,0.2,,0.8,ìÏìå,,1.0e-50,
2022/9/24 21:00,22.5,88,,0.6,,0.6,ìåìÏìå,,1.0e-50,
2022/9/24 22:00,22.2,89,,0.3,,0.3,ìåìÏìå,,1.0e-50,
2022/9/24 23:00,21.9,90,,0.9,,0.3,ñkìå,,1.0e-50,
2022/9/25 0:00,21.7,93,,1.6,,0.8,ñkìå,,1.0e-50,
2022/9/25 1:00,21.5,94,,0.8,,0.5,ìåìÏìå,,1.0e-50,
2022/9/25 2:00,21.5,92,,1.5,,0.8,ìåñkìå,,1.0e-50,
2022/9/25 3:00,21.6,88,,2.4,,0.9,ìåñkìå,,1.0e-50,
2022/9/25 4:00,21.4,86,,2.2,,0.8,ñkñkìå,,1.0e-50,
2022/9/25 5:00,21.3,84,,2.6,,0.8,ñkìå,,1.0e-50,
2022/9/25 6:00,21.5,85,,4.0,,1.1,ñkìå,,0.01,
2022/9/25 7:00,21.3,87,,5.0,,1.3,ñkñkìå,,1.0e-50,
2022/9/25 8:00,21.1,89,,11.2,,1.5,ñkìå,,0.01,
2022/9/25 9:00,21.2,86,,15.2,,2.3,ñkìå,,0.01,
2022/9/25 10:00,20.9,86,,5.4,,1.1,ñkñkìå,,0.01,
2022/9/25 11:00,20.8,87,,5.8,,1.2,ñkìå,,0.01,
2022/9/25 12:00,22.3,76,,6.9,,1.5,ñkìå,,1.0e-50,
2022/9/25 13:00,21.8,81,,1.8,,0.8,ñk,,0.01,
2022/9/25 14:00,21.9,82,,1.1,,1.0,ñkìå,,1.0e-50,
2022/9/25 15:00,22.0,83,,0.1,,1.2,ñkñkìå,,0.01,
2022/9/25 16:00,22.2,82,,0.5,,0.8,ñkìå,,0.01,
2022/9/25 17:00,22.0,84,,0.2,,0.7,ñkñkêº,,0.01,
2022/9/25 18:00,21.2,86,,0.3,,0.4,ìÏìå,,0.01,
2022/9/25 19:00,21.0,87,,0.3,,0.4,êº,,1.0e-50,
2022/9/25 20:00,20.8,88,,0.0,,0.4,ìÏìÏêº,,1.0e-50,
2022/9/25 21:00,20.7,88,,0.0,,0.4,ìÏêº,,1.0e-50,
2022/9/25 22:00,20.7,88,,0.0,,0.6,ìÏ,,1.0e-50,
2022/9/25 23:00,20.5,89,,0.0,,0.7,ìÏ,,1.0e-50,
2022/9/26 0:00,20.4,90,,0.0,,0.8,ìÏìÏêº,,1.0e-50,
2022/9/26 1:00,20.2,90,,0.0,,1.0,ìÏ,,1.0e-50,
2022/9/26 2:00,20.1,90,,0.0,,0.9,ìÏ,,1.0e-50,
2022/9/26 3:00,20.1,87,,0.0,,1.1,ìÏ,,1.0e-50,
2022/9/26 4:00,19.9,87,,0.0,,1.2,ìÏ,,1.0e-50,
2022/9/26 5:00,19.8,86,,0.0,,1.2,ìÏ,,1.0e-50,
2022/9/26 6:00,19.6,87,,0.0,,0.8,ìÏ,,0.01,
2022/9/26 7:00,20.0,85,,0.0,,1.2,ìÏ,,0.01,
2022/9/26 8:00,20.6,81,,0.0,,1.4,ìÏìÏêº,,0.01,
2022/9/26 9:00,20.5,81,,0.0,,0.8,ìÏìÏêº,,0.01,
2022/9/26 10:00,21.4,77,,0.0,,1.3,ìÏìÏêº,,0.01,
2022/9/26 11:00,22.3,74,,0.0,,1.3,ìÏêº,,0.01,
2022/9/26 12:00,23.3,71,,0.0,,1.4,ìÏêº,,0.01,
2022/9/26 13:00,23.7,69,,0.0,,1.2,ìÏêº,,0.01,
2022/9/26 14:00,23.8,69,,0.0,,1.7,ìÏìÏêº,,0.01,
2022/9/26 15:00,23.9,69,,0.0,,1.6,ìÏìÏêº,,0.01,
2022/9/26 16:00,23.8,70,,0.1,,1.2,ìÏìÏêº,,0.01,
2022/9/26 17:00,23.2,75,,0.1,,0.9,ìÏêº,,0.01,
2022/9/26 18:00,22.7,76,,0.0,,0.7,êº,,0.01,
2022/9/26 19:00,22.1,79,,0.2,,0.5,êºìÏêº,,1.0e-50,
2022/9/26 20:00,21.7,79,,0.0,,1.0,êºñkêº,,1.0e-50,
2022/9/26 21:00,21.3,80,,0.0,,1.1,êºñkêº,,1.0e-50,
2022/9/26 22:00,20.9,81,,0.0,,0.9,êºñkêº,,1.0e-50,
2022/9/26 23:00,20.6,82,,0.0,,0.7,êºñkêº,,1.0e-50,
2022/9/27 0:00,20.5,82,,0.0,,0.9,êºñkêº,,1.0e-50,
2022/9/27 1:00,20.3,82,,0.0,,0.9,ñkêº,,1.0e-50,
2022/9/27 2:00,19.9,83,,0.0,,0.5,ñkêº,,1.0e-50,
2022/9/27 3:00,19.8,84,,0.0,,0.4,êºìÏêº,,1.0e-50,
2022/9/27 4:00,20.0,82,,0.0,,0.8,ìÏêº,,1.0e-50,
2022/9/27 5:00,19.8,82,,0.0,,0.8,êºìÏêº,,1.0e-50,
2022/9/27 6:00,19.7,84,,0.0,,0.9,êºñkêº,,0.01,
2022/9/27 7:00,20.2,78,,0.0,,0.8,ñkêº,,0.01,
2022/9/27 8:00,21.7,66,,0.0,,1.9,ñkñkêº,,0.01,
2022/9/27 9:00,22.8,59,,0.0,,2.2,ñkñkêº,,0.01,
2022/9/27 10:00,23.5,58,,0.0,,2.4,ñkñkêº,,0.01,
2022/9/27 11:00,23.9,56,,0.0,,3.1,ñkñkêº,,0.01,
2022/9/27 12:00,23.0,59,,0.0,,2.8,ñkñkêº,,0.01,
2022/9/27 13:00,22.7,60,,0.0,,3.0,ñkñkêº,,0.01,
2022/9/27 14:00,22.3,62,,0.0,,3.0,ñkñkêº,,0.01,
2022/9/27 15:00,22.8,56,,0.0,,2.9,ñkñkêº,,0.01,
2022/9/27 16:00,22.2,60,,0.0,,2.7,ñk,,0.01,
2022/9/27 17:00,21.4,63,,0.0,,2.3,ñk,,0.01,
2022/9/27 18:00,20.7,64,,0.0,,1.6,ñkñkêº,,0.01,
2022/9/27 19:00,20.2,68,,0.0,,1.3,ñkñkêº,,1.0e-50,
2022/9/27 20:00,20.1,68,,0.0,,1.4,ñk,,1.0e-50,
2022/9/27 21:00,19.3,72,,0.0,,0.7,ñkñkêº,,1.0e-50,
2022/9/27 22:00,19.2,74,,0.0,,0.8,ñk,,1.0e-50,
2022/9/27 23:00,18.9,75,,0.0,,0.7,ñkñkêº,,1.0e-50,
2022/9/28 0:00,18.2,73,,0.0,,0.8,ñkñkêº,,1.0e-50,
2022/9/28 1:00,18.2,71,,0.0,,0.9,ñk,,1.0e-50,
2022/9/28 2:00,17.9,73,,0.0,,0.8,ñk,,1.0e-50,
2022/9/28 3:00,17.3,76,,0.0,,0.5,ìåñkìå,,1.0e-50,
2022/9/28 4:00,17.0,78,,0.0,,0.3,ìÏ,,1.0e-50,
2022/9/28 5:00,16.4,80,,0.0,,0.4,êº,,1.0e-50,
2022/9/28 6:00,16.2,81,,0.0,,0.5,ñkìå,,0.01,
2022/9/28 7:00,17.2,77,,0.0,,0.5,ìÏ,,0.01,
2022/9/28 8:00,18.8,71,,0.0,,0.4,ìÏìÏìå,,0.01,
2022/9/28 9:00,20.0,66,,0.0,,0.4,ìÏìÏìå,,0.01,
2022/9/28 10:00,22.3,57,,0.0,,0.6,ñkñkêº,,0.01,
2022/9/28 11:00,24.0,48,,0.0,,2.0,ñk,,0.01,
2022/9/28 12:00,24.3,48,,0.0,,2.0,ñkñkìå,,0.01,
2022/9/28 13:00,25.0,44,,0.0,,2.1,ñk,,0.01,
2022/9/28 14:00,25.2,43,,0.0,,2.1,ñk,,0.01,
2022/9/28 15:00,24.9,45,,0.0,,1.9,ñk,,0.01,
2022/9/28 16:00,24.2,49,,0.0,,2.1,ñk,,0.01,
2022/9/28 17:00,22.8,54,,0.0,,1.9,ñk,,0.01,
2022/9/28 18:00,21.5,58,,0.0,,1.5,ñk,,0.01,
2022/9/28 19:00,20.5,61,,0.0,,0.8,ñk,,1.0e-50,
2022/9/28 20:00,19.7,65,,0.0,,0.6,ñkñkêº,,1.0e-50,
2022/9/28 21:00,19.0,69,,0.0,,0.5,ñkñkêº,,1.0e-50,
2022/9/28 22:00,18.4,72,,0.0,,0.3,ñkêº,,1.0e-50,
2022/9/28 23:00,17.9,74,,0.0,,0.7,ñk,,1.0e-50,
2022/9/29 0:00,17.4,73,,0.0,,0.7,ñk,,1.0e-50,
2022/9/29 1:00,17.2,73,,0.0,,1.0,ñk,,1.0e-50,
2022/9/29 2:00,16.9,75,,0.0,,0.9,ñkñkìå,,1.0e-50,
2022/9/29 3:00,16.9,76,,0.0,,0.8,ñkñkìå,,1.0e-50,
2022/9/29 4:00,16.9,77,,0.0,,0.8,ñk,,1.0e-50,
2022/9/29 5:00,17.0,76,,0.0,,0.8,ñkêº,,1.0e-50,
2022/9/29 6:00,16.9,76,,0.0,,0.9,ñkñkêº,,1.0e-50,
2022/9/29 7:00,17.5,75,,0.0,,0.3,ñk,,0.01,
2022/9/29 8:00,19.2,70,,0.0,,0.8,ñkñkìå,,0.01,
2022/9/29 9:00,20.5,67,,0.0,,0.7,ìå,,0.01,
2022/9/29 10:00,21.0,66,,0.0,,1.0,ñkìå,,0.01,
2022/9/29 11:00,21.8,64,,0.0,,1.4,ìåñkìå,,0.01,
2022/9/29 12:00,23.2,61,,0.0,,0.9,ìå,,0.01,
2022/9/29 13:00,24.0,58,,0.0,,0.8,ìå,,0.01,
2022/9/29 14:00,24.5,57,,0.0,,0.9,ìåñkìå,,0.01,
2022/9/29 15:00,24.8,55,,0.0,,0.9,ìåñkìå,,0.01,
2022/9/29 16:00,24.4,57,,0.0,,1.4,ìåñkìå,,0.01,
2022/9/29 17:00,23.4,63,,0.0,,1.0,ñkìå,,0.01,
2022/9/29 18:00,22.8,67,,0.0,,1.1,ñkìå,,0.01,
2022/9/29 19:00,22.0,70,,0.0,,0.8,ñkñkìå,,1.0e-50,
2022/9/29 20:00,21.2,74,,0.0,,0.7,ñkñkìå,,1.0e-50,
2022/9/29 21:00,20.8,74,,0.0,,0.7,ñkñkìå,,1.0e-50,
2022/9/29 22:00,20.3,75,,0.0,,0.7,ñk,,1.0e-50,
2022/9/29 23:00,19.8,76,,0.0,,0.8,ñk,,1.0e-50,
2022/9/30 0:00,19.1,78,,0.0,,0.9,ñk,,1.0e-50,
2022/9/30 1:00,18.6,79,,0.0,,1.0,ñk,,1.0e-50,
2022/9/30 2:00,18.0,81,,0.0,,0.8,ñk,,1.0e-50,
2022/9/30 3:00,17.6,82,,0.0,,0.9,ñkñkìå,,1.0e-50,
2022/9/30 4:00,17.3,82,,0.0,,0.8,ñkìå,,1.0e-50,
2022/9/30 5:00,16.9,82,,0.0,,0.5,ñkìå,,1.0e-50,
2022/9/30 6:00,16.8,81,,0.0,,1.0,ñkìå,,1.0e-50,
2022/9/30 7:00,17.5,80,,0.0,,0.4,êºìÏêº,,0.01,
2022/9/30 8:00,18.9,75,,0.0,,0.2,êºìÏêº,,0.01,
2022/9/30 9:00,20.2,71,,0.0,,0.2,ìÏ,,0.01,
2022/9/30 10:00,21.9,63,,0.0,,0.3,ìÏêº,,0.01,
2022/9/30 11:00,22.9,59,,0.0,,0.8,êºìÏêº,,0.01,
2022/9/30 12:00,23.8,56,,0.0,,1.2,ìÏêº,,0.01,
2022/9/30 13:00,23.9,54,,0.0,,1.5,êº,,0.01,
2022/9/30 14:00,23.7,54,,0.0,,1.6,êºñkêº,,0.01,
2022/9/30 15:00,23.9,51,,0.0,,1.5,ñkêº,,0.01,
2022/9/30 16:00,23.2,53,,0.0,,1.3,ñkñkêº,,0.01,
2022/9/30 17:00,22.3,58,,0.0,,1.1,ñkñkêº,,0.01,
2022/9/30 18:00,21.7,62,,0.0,,1.1,ñkñkêº,,0.01,
2022/9/30 19:00,21.7,66,,0.8,,0.8,ñkìå,,1.0e-50,
2022/9/30 20:00,21.9,69,,1.8,,1.1,ìÏìå,,1.0e-50,
2022/9/30 21:00,21.8,74,,1.4,,0.8,ìåñkìå,,1.0e-50,
2022/9/30 22:00,21.8,78,,1.6,,1.0,êºñkêº,,1.0e-50,
2022/9/30 23:00,22.2,78,,1.0,,2.2,êºñkêº,,1.0e-50,
2022/10/1 0:00,21.6,76,,0.6,,3.0,êºñkêº,,1.0e-50,
2022/10/1 1:00,21.6,75,,1.6,,2.3,êº,,1.0e-50,
2022/10/1 2:00,21.7,75,,0.5,,2.0,êºìÏêº,,1.0e-50,
2022/10/1 3:00,22.1,72,,0.2,,1.8,êºìÏêº,,1.0e-50,
2022/10/1 4:00,21.9,69,,0.0,,2.1,êºìÏêº,,1.0e-50,
2022/10/1 5:00,21.9,65,,0.0,,2.9,êº,,1.0e-50,
2022/10/1 6:00,21.1,67,,0.0,,2.2,êºìÏêº,,1.0e-50,
2022/10/1 7:00,20.7,67,,0.0,,1.8,êºìÏêº,,0.01,
2022/10/1 8:00,21.5,57,,0.0,,2.6,êº,,0.01,
2022/10/1 9:00,22.4,47,,0.0,,3.1,êºìÏêº,,0.01,
2022/10/1 10:00,23.2,41,,0.0,,3.3,êºìÏêº,,0.01,
2022/10/1 11:00,23.7,36,,0.0,,3.3,êºìÏêº,,0.01,
2022/10/1 12:00,23.8,32,,0.0,,3.2,êº,,0.01,
2022/10/1 13:00,24.5,31,,0.0,,2.8,êºìÏêº,,0.01,
2022/10/1 14:00,24.8,30,,0.0,,2.8,êºìÏêº,,0.01,
2022/10/1 15:00,24.5,33,,0.0,,3.0,êºìÏêº,,0.01,
2022/10/1 16:00,24.1,36,,0.0,,2.8,êºìÏêº,,0.01,
2022/10/1 17:00,23.2,38,,0.0,,2.0,êºìÏêº,,0.01,
2022/10/1 18:00,21.5,47,,0.0,,1.4,ìÏêº,,0.01,
2022/10/1 19:00,20.4,53,,0.0,,1.4,ìÏêº,,1.0e-50,
2022/10/1 20:00,19.7,58,,0.0,,1.2,êºìÏêº,,1.0e-50,
2022/10/1 21:00,19.6,55,,0.0,,1.3,êº,,1.0e-50,
2022/10/1 22:00,18.8,54,,0.0,,1.1,êº,,1.0e-50,
2022/10/1 23:00,18.0,57,,0.0,,1.0,êºìÏêº,,1.0e-50,
2022/10/2 0:00,17.9,58,,0.0,,1.5,êºñkêº,,1.0e-50,
2022/10/2 1:00,16.8,63,,0.0,,1.0,êº,,1.0e-50,
2022/10/2 2:00,16.3,65,,0.0,,0.9,ìÏìÏêº,,1.0e-50,
2022/10/2 3:00,15.7,67,,0.0,,0.7,êº,,1.0e-50,
2022/10/2 4:00,15.2,69,,0.0,,1.0,ìÏ,,1.0e-50,
2022/10/2 5:00,14.8,71,,0.0,,0.9,ìÏ,,1.0e-50,
2022/10/2 6:00,15.0,71,,0.0,,0.4,ìÏìÏêº,,1.0e-50,
2022/10/2 7:00,15.6,70,,0.0,,0.7,ìÏ,,0.01,
2022/10/2 8:00,17.3,64,,0.0,,0.7,ìÏìÏêº,,0.01,
2022/10/2 9:00,19.4,56,,0.0,,0.7,ìÏêº,,0.01,
2022/10/2 10:00,21.2,51,,0.0,,1.2,ìÏêº,,0.01,
2022/10/2 11:00,22.3,47,,0.0,,1.5,êº,,0.01,
2022/10/2 12:00,22.7,47,,0.0,,1.6,êº,,0.01,
2022/10/2 13:00,23.6,42,,0.0,,1.8,êº,,0.01,
2022/10/2 14:00,24.1,39,,0.0,,1.7,êºñkêº,,0.01,
2022/10/2 15:00,24.0,40,,0.0,,1.6,êºñkêº,,0.01,
2022/10/2 16:00,23.7,43,,0.0,,1.5,êºñkêº,,0.01,
2022/10/2 17:00,22.8,50,,0.0,,0.9,ñkñkìå,,0.01,
2022/10/2 18:00,21.5,57,,0.0,,1.4,ñkñkìå,,0.01,
2022/10/2 19:00,20.6,59,,0.0,,1.1,ñkñkìå,,1.0e-50,
2022/10/2 20:00,20.0,61,,0.0,,0.8,ìåñkìå,,1.0e-50,
2022/10/2 21:00,19.8,63,,0.0,,1.2,ñkìå,,1.0e-50,
2022/10/2 22:00,19.3,64,,0.0,,0.8,ñkñkêº,,1.0e-50,
2022/10/2 23:00,18.6,65,,0.0,,0.3,êº,,1.0e-50,
2022/10/3 0:00,18.9,62,,0.0,,0.9,ñkñkìå,,1.0e-50,
2022/10/3 1:00,17.9,63,,0.0,,0.7,êº,,1.0e-50,
2022/10/3 2:00,17.3,63,,0.0,,0.6,êºìÏêº,,1.0e-50,
2022/10/3 3:00,17.3,63,,0.0,,1.0,ñk,,1.0e-50,
2022/10/3 4:00,16.5,65,,0.0,,1.0,êºñkêº,,1.0e-50,
2022/10/3 5:00,15.9,64,,0.0,,0.9,êº,,1.0e-50,
2022/10/3 6:00,15.8,71,,0.0,,0.3,ñkñkìå,,1.0e-50,
2022/10/3 7:00,16.5,68,,0.0,,0.6,ìÏêº,,0.01,
2022/10/3 8:00,18.7,60,,0.0,,0.6,ìåñkìå,,0.01,
2022/10/3 9:00,21.1,51,,0.0,,0.7,ñkìå,,0.01,
2022/10/3 10:00,23.1,44,,0.0,,1.2,ìå,,0.01,
2022/10/3 11:00,24.2,40,,0.0,,1.6,ìåñkìå,,0.01,
2022/10/3 12:00,24.5,38,,0.0,,1.3,ìåñkìå,,0.01,
2022/10/3 13:00,25.4,35,,0.0,,1.7,ìå,,0.01,
2022/10/3 14:00,25.6,33,,0.0,,1.7,ìå,,0.01,
2022/10/3 15:00,25.1,35,,0.0,,1.3,ìå,,0.01,
2022/10/3 16:00,24.6,37,,0.0,,1.5,ìåñkìå,,0.01,
2022/10/3 17:00,23.7,42,,0.0,,0.9,ìåñkìå,,0.01,
2022/10/3 18:00,22.1,42,,0.0,,1.7,ñk,,0.01,
2022/10/3 19:00,21.4,42,,0.0,,0.8,ñkìå,,1.0e-50,
2022/10/3 20:00,20.8,45,,0.0,,0.4,ìÏ,,1.0e-50,
2022/10/3 21:00,20.0,52,,0.0,,0.8,ñkñkìå,,1.0e-50,
2022/10/3 22:00,19.1,56,,0.0,,0.4,ìÏìÏêº,,1.0e-50,
2022/10/3 23:00,18.5,61,,0.0,,0.5,ìÏêº,,1.0e-50,
2022/10/4 0:00,18.7,65,,0.0,,1.0,ñkñkìå,,1.0e-50,
2022/10/4 1:00,17.9,68,,0.0,,0.6,êº,,1.0e-50,
2022/10/4 2:00,17.6,68,,0.0,,0.4,êºìÏêº,,1.0e-50,
2022/10/4 3:00,18.1,64,,0.0,,1.4,ñkñkìå,,1.0e-50,
2022/10/4 4:00,17.2,68,,0.0,,0.8,ñk,,1.0e-50,
2022/10/4 5:00,16.9,71,,0.0,,0.6,ìåñkìå,,1.0e-50,
2022/10/4 6:00,17.6,68,,0.0,,1.1,ñkñkìå,,1.0e-50,
2022/10/4 7:00,17.7,70,,0.0,,0.2,ñkêº,,0.01,
2022/10/4 8:00,18.7,71,,0.0,,1.4,ìåñkìå,,0.01,
2022/10/4 9:00,19.0,71,,0.0,,1.1,ìåñkìå,,0.01,
2022/10/4 10:00,19.9,67,,0.0,,1.9,ìåñkìå,,0.01,
2022/10/4 11:00,20.5,67,,0.0,,1.7,ìåñkìå,,0.01,
2022/10/4 12:00,20.1,69,,0.0,,1.9,ìåñkìå,,0.01,
2022/10/4 13:00,20.5,70,,0.0,,2.0,ìåñkìå,,0.01,
2022/10/4 14:00,20.7,70,,0.0,,2.0,ìåñkìå,,0.01,
2022/10/4 15:00,19.4,76,,0.0,,1.9,ìåñkìå,,0.01,
2022/10/4 16:00,19.2,80,,0.4,,1.9,ìåñkìå,,0.01,
2022/10/4 17:00,19.1,81,,0.1,,2.0,ìåñkìå,,0.01,
2022/10/4 18:00,19.4,75,,0.0,,1.8,ñkìå,,0.01,
2022/10/4 19:00,19.6,72,,0.0,,2.1,ìåñkìå,,1.0e-50,
2022/10/4 20:00,19.6,71,,0.0,,1.7,ìåñkìå,,1.0e-50,
2022/10/4 21:00,19.6,72,,0.0,,1.5,ñkìå,,1.0e-50,
2022/10/4 22:00,19.7,72,,0.0,,1.6,ìåñkìå,,1.0e-50,
2022/10/4 23:00,19.8,73,,0.0,,1.7,ìåñkìå,,1.0e-50,
2022/10/5 0:00,19.9,72,,0.0,,1.8,ñkìå,,1.0e-50,
2022/10/5 1:00,19.9,74,,0.0,,1.8,ìåñkìå,,1.0e-50,
2022/10/5 2:00,20.0,75,,0.0,,1.6,ìåñkìå,,1.0e-50,
2022/10/5 3:00,19.8,74,,0.0,,1.6,ñkìå,,1.0e-50,
2022/10/5 4:00,19.9,73,,0.0,,1.5,ìåñkìå,,1.0e-50,
2022/10/5 5:00,20.0,67,,0.0,,1.5,ìåñkìå,,1.0e-50,
2022/10/5 6:00,20.2,64,,0.0,,1.8,ñkìå,,1.0e-50,
2022/10/5 7:00,20.2,65,,0.0,,1.9,ìåñkìå,,0.01,
2022/10/5 8:00,21.0,65,,0.0,,2.1,ìåñkìå,,0.01,
2022/10/5 9:00,22.2,61,,0.0,,2.0,ìåñkìå,,0.01,
2022/10/5 10:00,23.7,60,,0.0,,2.4,ìå,,0.01,
2022/10/5 11:00,24.6,58,,0.0,,2.6,ìå,,0.01,
2022/10/5 12:00,24.8,62,,0.0,,2.6,ìåìÏìå,,0.01,
2022/10/5 13:00,25.2,63,,0.0,,2.4,ìåìÏìå,,0.01,
2022/10/5 14:00,25.1,65,,0.0,,2.5,ìåìÏìå,,0.01,
2022/10/5 15:00,25.5,66,,0.0,,2.6,ìåìÏìå,,0.01,
2022/10/5 16:00,25.2,68,,0.0,,2.6,ìåìÏìå,,0.01,
2022/10/5 17:00,24.5,72,,0.0,,1.9,ìå,,0.01,
2022/10/5 18:00,23.8,77,,0.0,,1.8,ìåñkìå,,0.01,
2022/10/5 19:00,23.5,81,,0.0,,1.6,ìåñkìå,,1.0e-50,
2022/10/5 20:00,23.5,80,,0.0,,1.3,ìåñkìå,,1.0e-50,
2022/10/5 21:00,23.4,83,,0.0,,1.7,ìåñkìå,,1.0e-50,
2022/10/5 22:00,23.4,83,,0.0,,1.6,ìå,,1.0e-50,
2022/10/5 23:00,23.4,82,,0.0,,1.3,ìå,,1.0e-50,
2022/10/6 0:00,23.1,86,,0.0,,1.6,ìåñkìå,,1.0e-50,
2022/10/6 1:00,23.2,86,,0.0,,1.4,ìåñkìå,,1.0e-50,
2022/10/6 2:00,23.2,85,,0.0,,1.5,ìåñkìå,,1.0e-50,
2022/10/6 3:00,23.5,87,,0.0,,1.9,ìåñkìå,,1.0e-50,
2022/10/6 4:00,23.4,88,,0.0,,1.3,ìåñkìå,,1.0e-50,
2022/10/6 5:00,23.6,86,,0.1,,1.4,ìåñkìå,,1.0e-50,
2022/10/6 6:00,23.4,85,,0.0,,1.7,ìåñkìå,,1.0e-50,
2022/10/6 7:00,23.2,88,,0.9,,1.3,ñkìå,,0.01,
2022/10/6 8:00,24.3,85,,1.0,,1.6,ìå,,0.01,
2022/10/6 9:00,26.5,75,,0.0,,1.7,ìåìÏìå,,0.01,
2022/10/6 10:00,27.8,72,,0.2,,2.3,ìÏìå,,0.01,
2022/10/6 11:00,28.6,70,,0.6,,2.5,ìÏìå,,0.01,
2022/10/6 12:00,29.2,63,,0.2,,2.8,ìÏìå,,0.01,
2022/10/6 13:00,28.6,70,,1.4,,2.4,ìÏìÏìå,,0.01,
2022/10/6 14:00,29.0,70,,2.5,,2.1,ìÏìÏêº,,0.01,
2022/10/6 15:00,30.0,57,,1.8,,3.2,ìÏìÏêº,,0.01,
2022/10/6 16:00,29.7,57,,0.0,,2.7,ìÏ,,0.01,
2022/10/6 17:00,28.6,62,,0.0,,2.3,ìÏ,,0.01,
2022/10/6 18:00,27.4,65,,0.0,,2.7,ìÏ,,0.01,
2022/10/6 19:00,26.9,63,,0.0,,2.5,ìÏ,,1.0e-50,
2022/10/6 20:00,26.2,65,,0.0,,2.3,ìÏìÏêº,,1.0e-50,
2022/10/6 21:00,25.7,70,,0.0,,2.3,ìÏ,,1.0e-50,
2022/10/6 22:00,25.2,76,,0.0,,1.9,ìÏìÏêº,,1.0e-50,
2022/10/6 23:00,25.2,74,,0.0,,2.3,ìÏìÏêº,,1.0e-50,
2022/10/7 0:00,24.8,78,,0.0,,2.3,ìÏìÏêº,,1.0e-50,
2022/10/7 1:00,24.4,83,,0.1,,2.1,ìÏêº,,1.0e-50,
2022/10/7 2:00,24.2,81,,0.0,,1.5,ìÏêº,,1.0e-50,
2022/10/7 3:00,23.7,83,,0.0,,1.1,ìÏêº,,1.0e-50,
2022/10/7 4:00,22.8,84,,0.0,,0.8,ñkêº,,1.0e-50,
2022/10/7 5:00,22.1,79,,0.0,,0.9,ñk,,1.0e-50,
2022/10/7 6:00,22.2,71,,0.0,,1.4,ñkñkêº,,1.0e-50,
2022/10/7 7:00,21.8,71,,0.0,,1.0,ñk,,0.01,
2022/10/7 8:00,22.7,68,,0.0,,1.7,ñkñkêº,,0.01,
2022/10/7 9:00,23.5,65,,0.0,,1.1,ñkñkêº,,0.01,
2022/10/7 10:00,25.1,59,,0.0,,1.6,ñkñkêº,,0.01,
2022/10/7 11:00,26.0,55,,0.0,,1.8,ñkñkêº,,0.01,
2022/10/7 12:00,26.6,53,,0.0,,1.2,ñkêº,,0.01,
2022/10/7 13:00,26.9,52,,0.0,,1.8,ñkñkêº,,0.01,
2022/10/7 14:00,26.5,54,,0.0,,2.1,ñk,,0.01,
2022/10/7 15:00,26.3,54,,0.0,,2.1,ñkñkêº,,0.01,
2022/10/7 16:00,25.7,55,,0.0,,2.0,ñkñkêº,,0.01,
2022/10/7 17:00,24.6,59,,0.0,,1.6,ñk,,0.01,
2022/10/7 18:00,23.4,64,,0.0,,1.3,ñk,,0.01,
2022/10/7 19:00,22.3,69,,0.0,,0.8,ñk,,1.0e-50,
2022/10/7 20:00,21.5,72,,0.0,,0.6,ñkñkêº,,1.0e-50,
2022/10/7 21:00,20.7,76,,0.0,,1.0,ñkñkêº,,1.0e-50,
2022/10/7 22:00,19.9,79,,0.0,,0.5,êºñkêº,,1.0e-50,
2022/10/7 23:00,19.5,80,,0.0,,0.7,ìÏêº,,1.0e-50,
2022/10/8 0:00,19.0,82,,0.0,,0.4,ìÏìÏìå,,1.0e-50,
2022/10/8 1:00,18.3,86,,0.0,,0.9,ìÏêº,,1.0e-50,
2022/10/8 2:00,17.8,88,,0.0,,0.6,êº,,1.0e-50,
2022/10/8 3:00,17.5,88,,0.0,,0.3,êºìÏêº,,1.0e-50,
2022/10/8 4:00,17.0,91,,0.0,,1.0,ìÏêº,,1.0e-50,
2022/10/8 5:00,16.6,92,,0.0,,0.9,ìÏêº,,1.0e-50,
2022/10/8 6:00,16.4,93,,0.0,,0.2,ñkìå,,1.0e-50,
2022/10/8 7:00,17.2,90,,0.0,,0.4,ìÏìÏìå,,0.01,
2022/10/8 8:00,19.3,78,,0.0,,0.4,ìå,,0.01,
2022/10/8 9:00,21.6,64,,0.0,,0.7,ñkìå,,0.01,
2022/10/8 10:00,23.4,55,,0.0,,0.3,ìå,,0.01,
2022/10/8 11:00,24.6,49,,0.0,,0.3,ìåñkìå,,0.01,
2022/10/8 12:00,25.4,44,,0.0,,0.4,ñk,,0.01,
2022/10/8 13:00,26.4,38,,0.0,,1.5,ñkêº,,0.01,
2022/10/8 14:00,26.6,36,,0.0,,2.0,ñkñkêº,,0.01,
2022/10/8 15:00,26.3,37,,0.0,,1.8,ñkñkêº,,0.01,
2022/10/8 16:00,25.8,39,,0.0,,1.9,ñkñkêº,,0.01,
2022/10/8 17:00,24.4,43,,0.0,,1.6,ñkñkêº,,0.01,
2022/10/8 18:00,22.5,50,,0.0,,1.5,ñk,,0.01,
2022/10/8 19:00,20.7,56,,0.0,,0.9,ñkñkìå,,1.0e-50,
2022/10/8 20:00,19.8,59,,0.0,,0.7,ìå,,1.0e-50,
2022/10/8 21:00,19.1,65,,0.0,,0.8,ñkìå,,1.0e-50,
2022/10/8 22:00,18.0,71,,0.0,,0.3,ìÏ,,1.0e-50,
2022/10/8 23:00,17.3,75,,0.0,,0.4,ìÏêº,,1.0e-50,
2022/10/9 0:00,17.8,69,,0.0,,1.1,ñkñkìå,,1.0e-50,
2022/10/9 1:00,17.0,72,,0.0,,0.5,ìÏ,,1.0e-50,
2022/10/9 2:00,16.2,73,,0.0,,0.7,êºìÏêº,,1.0e-50,
2022/10/9 3:00,16.4,74,,0.0,,0.7,ñk,,1.0e-50,
2022/10/9 4:00,15.6,80,,0.0,,0.4,êºìÏêº,,1.0e-50,
2022/10/9 5:00,15.2,83,,0.0,,0.3,ìÏìÏìå,,1.0e-50,
2022/10/9 6:00,15.6,84,,0.0,,0.7,ìåñkìå,,1.0e-50,
2022/10/9 7:00,16.2,82,,0.0,,0.7,êºìÏêº,,0.01,
2022/10/9 8:00,18.3,74,,0.0,,0.3,êº,,0.01,
2022/10/9 9:00,20.8,62,,0.0,,0.5,ìåñkìå,,0.01,
2022/10/9 10:00,22.9,53,,0.0,,0.6,ìå,,0.01,
2022/10/9 11:00,24.4,46,,0.0,,0.7,ìå,,0.01,
2022/10/9 12:00,25.0,42,,0.0,,0.6,ìå,,0.01,
2022/10/9 13:00,25.9,40,,0.0,,0.7,ìÏìå,,0.01,
2022/10/9 14:00,26.3,39,,0.0,,0.5,ìÏìå,,0.01,
2022/10/9 15:00,26.1,38,,0.0,,0.9,ìåñkìå,,0.01,
2022/10/9 16:00,25.7,39,,0.0,,1.3,ìåñkìå,,0.01,
2022/10/9 17:00,24.4,46,,0.0,,1.4,ìåñkìå,,0.01,
2022/10/9 18:00,22.8,57,,0.0,,1.4,ñkìå,,0.01,
2022/10/9 19:00,21.3,65,,0.0,,0.9,ñkìå,,1.0e-50,
2022/10/9 20:00,20.4,68,,0.0,,0.7,ñkñkìå,,1.0e-50,
2022/10/9 21:00,20.1,68,,0.0,,1.0,ñkñkìå,,1.0e-50,
2022/10/9 22:00,19.4,71,,0.0,,0.8,ñkìå,,1.0e-50,
2022/10/9 23:00,19.1,73,,0.0,,0.7,ñkìå,,1.0e-50,
2022/10/10 0:00,19.9,69,,0.0,,1.1,ñkìå,,1.0e-50,
2022/10/10 1:00,19.3,75,,0.0,,0.9,ñkìå,,1.0e-50,
2022/10/10 2:00,18.9,76,,0.0,,0.6,ñkñkìå,,1.0e-50,
2022/10/10 3:00,19.4,72,,0.0,,1.2,ñkñkìå,,1.0e-50,
2022/10/10 4:00,18.8,73,,0.0,,0.9,ñkìå,,1.0e-50,
2022/10/10 5:00,18.7,73,,0.0,,0.9,ìåñkìå,,1.0e-50,
2022/10/10 6:00,19.3,71,,0.0,,1.5,ñkìå,,1.0e-50,
2022/10/10 7:00,19.0,78,,0.0,,0.8,ñkìå,,0.01,
2022/10/10 8:00,19.8,80,,0.0,,0.8,ñkìå,,0.01,
2022/10/10 9:00,20.6,79,,0.0,,1.1,ìåñkìå,,0.01,
2022/10/10 10:00,21.8,75,,0.0,,1.2,ìåìÏìå,,0.01,
2022/10/10 11:00,22.1,74,,0.0,,0.3,êºìÏêº,,0.01,
2022/10/10 12:00,21.8,79,,0.0,,0.5,ñkñkêº,,0.01,
2022/10/10 13:00,21.5,82,,3.0,,1.2,ñkêº,,0.01,
2022/10/10 14:00,21.0,82,,1.9,,1.3,êºñkêº,,0.01,
2022/10/10 15:00,20.1,81,,2.2,,0.4,ìÏìÏêº,,0.01,
2022/10/10 16:00,20.0,83,,1.5,,0.4,ìåñkìå,,0.01,
2022/10/10 17:00,19.8,85,,0.0,,0.5,ñk,,0.01,
2022/10/10 18:00,20.0,82,,0.0,,0.8,ñk,,0.01,
2022/10/10 19:00,19.6,84,,0.0,,0.8,ìåìÏìå,,1.0e-50,
2022/10/10 20:00,19.2,87,,0.0,,0.1,ìÏêº,,1.0e-50,
2022/10/10 21:00,19.6,84,,0.0,,1.1,ñkñkìå,,1.0e-50,
2022/10/10 22:00,18.8,87,,0.0,,0.5,ñk,,1.0e-50,
2022/10/10 23:00,18.7,86,,0.0,,0.5,ñkêº,,1.0e-50,
2022/10/11 0:00,19.0,85,,0.0,,0.3,ñkìå,,1.0e-50,
2022/10/11 1:00,18.6,89,,1.1,,0.5,ìåìÏìå,,1.0e-50,
2022/10/11 2:00,18.4,91,,0.9,,0.3,ñkñkêº,,1.0e-50,
2022/10/11 3:00,18.5,90,,1.2,,0.4,ñkñkìå,,1.0e-50,
2022/10/11 4:00,18.2,92,,1.6,,0.4,ñkñkêº,,1.0e-50,
2022/10/11 5:00,18.0,92,,0.3,,0.4,êºñkêº,,1.0e-50,
2022/10/11 6:00,18.2,87,,0.0,,0.6,ñkêº,,1.0e-50,
2022/10/11 7:00,18.1,86,,0.0,,0.8,ñkêº,,0.01,
2022/10/11 8:00,18.2,84,,0.0,,0.5,ñkêº,,0.01,
2022/10/11 9:00,18.7,81,,0.0,,0.8,ñkñkêº,,0.01,
2022/10/11 10:00,19.0,78,,0.2,,1.3,ñkêº,,0.01,
2022/10/11 11:00,19.4,75,,0.0,,1.0,ñkñkêº,,0.01,
2022/10/11 12:00,19.1,77,,0.0,,0.4,êºìÏêº,,0.01,
2022/10/11 13:00,19.3,76,,0.1,,1.1,êºñkêº,,0.01,
2022/10/11 14:00,19.8,72,,0.0,,1.2,êºñkêº,,0.01,
2022/10/11 15:00,19.2,77,,0.0,,0.9,êº,,0.01,
2022/10/11 16:00,18.7,81,,0.8,,0.7,êº,,0.01,
2022/10/11 17:00,18.3,82,,0.2,,0.9,êºìÏêº,,0.01,
2022/10/11 18:00,18.3,83,,0.1,,0.6,ìÏêº,,0.01,
2022/10/11 19:00,18.1,84,,0.0,,0.8,ìÏêº,,1.0e-50,
2022/10/11 20:00,17.8,87,,0.1,,0.7,êºìÏêº,,1.0e-50,
2022/10/11 21:00,17.5,88,,0.0,,0.5,ìÏìÏêº,,1.0e-50,
2022/10/11 22:00,17.4,87,,0.0,,0.6,êºìÏêº,,1.0e-50,
2022/10/11 23:00,17.7,78,,0.0,,1.1,êºñkêº,,1.0e-50,
2022/10/12 0:00,17.6,72,,0.0,,1.4,ñkêº,,1.0e-50,
2022/10/12 1:00,17.4,65,,0.0,,1.8,ñkêº,,1.0e-50,
2022/10/12 2:00,16.9,63,,0.0,,2.4,ñkêº,,1.0e-50,
2022/10/12 3:00,17.0,61,,0.0,,2.5,ñkñkêº,,1.0e-50,
2022/10/12 4:00,16.4,59,,0.0,,3.0,ñkñkêº,,1.0e-50,
2022/10/12 5:00,16.1,57,,0.0,,2.5,ñkñkêº,,1.0e-50,
2022/10/12 6:00,16.1,56,,0.0,,2.3,ñkñkêº,,1.0e-50,
2022/10/12 7:00,16.0,57,,0.0,,1.8,ñkñkêº,,0.01,
2022/10/12 8:00,16.7,53,,0.0,,2.5,ñkñkêº,,0.01,
2022/10/12 9:00,17.8,48,,0.0,,2.3,ñk,,0.01,
2022/10/12 10:00,19.1,42,,0.0,,3.1,ñk,,0.01,
2022/10/12 11:00,18.9,51,,0.0,,3.5,ñkñkêº,,0.01,
2022/10/12 12:00,19.3,45,,0.0,,3.2,ñkñkêº,,0.01,
2022/10/12 13:00,19.9,38,,0.0,,3.6,ñkñkêº,,0.01,
2022/10/12 14:00,19.7,39,,0.0,,3.7,ñkñkêº,,0.01,
2022/10/12 15:00,19.4,46,,0.0,,3.1,ñkñkêº,,0.01,
2022/10/12 16:00,18.7,46,,0.0,,3.3,ñkñkêº,,0.01,
2022/10/12 17:00,17.7,49,,0.0,,2.3,ñk,,0.01,
2022/10/12 18:00,16.9,56,,0.0,,1.1,ñk,,0.01,
2022/10/12 19:00,16.2,60,,0.0,,0.6,êºñkêº,,1.0e-50,
2022/10/12 20:00,15.9,62,,0.0,,0.6,êºìÏêº,,1.0e-50,
2022/10/12 21:00,15.3,66,,0.0,,1.0,ñkñkêº,,1.0e-50,
2022/10/12 22:00,14.5,68,,0.0,,0.8,êºìÏêº,,1.0e-50,
2022/10/12 23:00,14.2,68,,0.0,,0.9,êºìÏêº,,1.0e-50,
2022/10/13 0:00,14.5,66,,0.0,,1.1,ñk,,1.0e-50,
2022/10/13 1:00,13.9,68,,0.0,,0.5,êºìÏêº,,1.0e-50,
2022/10/13 2:00,14.2,66,,0.0,,1.1,êºñkêº,,1.0e-50,
2022/10/13 3:00,13.4,71,,0.0,,0.1,êº,,1.0e-50,
2022/10/13 4:00,12.7,74,,0.0,,1.0,ìÏ,,1.0e-50,
2022/10/13 5:00,12.5,75,,0.0,,0.8,ìÏ,,1.0e-50,
2022/10/13 6:00,13.1,71,,0.0,,0.3,ìåñkìå,,1.0e-50,
2022/10/13 7:00,13.2,72,,0.0,,0.8,ìÏ,,0.01,
2022/10/13 8:00,14.6,66,,0.0,,0.4,ìÏìÏêº,,0.01,
2022/10/13 9:00,17.1,56,,0.0,,0.8,ñkìå,,0.01,
2022/10/13 10:00,19.1,49,,0.0,,0.7,ñkìå,,0.01,
2022/10/13 11:00,19.9,46,,0.0,,0.8,ìå,,0.01,
2022/10/13 12:00,20.5,45,,0.0,,1.1,ìåñkìå,,0.01,
2022/10/13 13:00,20.7,45,,0.0,,1.9,ìåñkìå,,0.01,
2022/10/13 14:00,20.3,50,,0.0,,2.0,ñkìå,,0.01,
2022/10/13 15:00,20.9,46,,0.0,,1.3,ìåñkìå,,0.01,
2022/10/13 16:00,20.8,47,,0.0,,1.3,ìåñkìå,,0.01,
2022/10/13 17:00,20.1,50,,0.0,,1.0,ìåñkìå,,0.01,
2022/10/13 18:00,19.5,58,,0.0,,1.6,ñk,,0.01,
2022/10/13 19:00,18.6,61,,0.0,,0.8,ñk,,1.0e-50,
2022/10/13 20:00,18.1,64,,0.0,,0.6,ñk,,1.0e-50,
2022/10/13 21:00,17.7,68,,0.0,,0.5,ñkìå,,1.0e-50,
2022/10/13 22:00,17.2,71,,0.0,,0.6,êºìÏêº,,1.0e-50,
2022/10/13 23:00,16.9,73,,0.0,,0.6,ìÏêº,,1.0e-50,
2022/10/14 0:00,16.9,73,,0.0,,0.7,ñkñkêº,,1.0e-50,
2022/10/14 1:00,16.6,74,,0.0,,0.7,ìÏêº,,1.0e-50,
2022/10/14 2:00,16.2,74,,0.0,,0.8,êºìÏêº,,1.0e-50,
2022/10/14 3:00,16.0,76,,0.0,,0.1,ìå,,1.0e-50,
2022/10/14 4:00,15.6,76,,0.0,,0.9,êº,,1.0e-50,
2022/10/14 5:00,15.3,78,,0.0,,0.8,ìÏêº,,1.0e-50,
2022/10/14 6:00,15.2,79,,0.0,,0.7,ìÏêº,,1.0e-50,
2022/10/14 7:00,15.2,80,,0.0,,0.6,ìÏêº,,0.01,
2022/10/14 8:00,16.5,73,,0.0,,0.3,ìÏêº,,0.01,
2022/10/14 9:00,18.3,64,,0.0,,0.3,ìåìÏìå,,0.01,
2022/10/14 10:00,19.5,60,,0.0,,0.5,ìÏ,,0.01,
2022/10/14 11:00,20.8,53,,0.0,,0.4,ìÏ,,0.01,
2022/10/14 12:00,21.4,51,,0.0,,0.4,ìÏìå,,0.01,
2022/10/14 13:00,22.1,48,,0.0,,0.6,ìÏìÏìå,,0.01,
2022/10/14 14:00,22.6,46,,0.0,,0.8,ìÏìÏìå,,0.01,
2022/10/14 15:00,22.8,43,,0.0,,0.3,ìÏìå,,0.01,
2022/10/14 16:00,22.6,46,,0.0,,0.9,ìåìÏìå,,0.01,
2022/10/14 17:00,21.4,53,,0.0,,1.3,ñkìå,,0.01,
2022/10/14 18:00,20.2,56,,0.0,,1.8,ñkñkìå,,0.01,
2022/10/14 19:00,19.0,60,,0.0,,1.2,ñkñkìå,,1.0e-50,
2022/10/14 20:00,18.3,62,,0.0,,0.3,ñkêº,,1.0e-50,
2022/10/14 21:00,18.1,64,,0.0,,0.7,ñk,,1.0e-50,
2022/10/14 22:00,17.5,67,,0.0,,0.4,ìÏìÏêº,,1.0e-50,
2022/10/14 23:00,17.2,68,,0.0,,0.6,êº,,1.0e-50,
2022/10/15 0:00,17.2,66,,0.0,,0.8,ñk,,1.0e-50,
2022/10/15 1:00,16.7,68,,0.0,,0.3,êºìÏêº,,1.0e-50,
2022/10/15 2:00,16.4,68,,0.0,,0.2,ñkêº,,1.0e-50,
2022/10/15 3:00,16.7,64,,0.0,,1.0,ñk,,1.0e-50,
2022/10/15 4:00,16.1,66,,0.0,,0.7,êºìÏêº,,1.0e-50,
2022/10/15 5:00,16.0,66,,0.0,,0.7,êº,,1.0e-50,
2022/10/15 6:00,16.1,67,,0.0,,0.4,ñkñkìå,,1.0e-50,
2022/10/15 7:00,16.1,69,,0.0,,0.6,ìÏ,,0.01,
2022/10/15 8:00,16.4,70,,0.0,,0.2,ìå,,0.01,
2022/10/15 9:00,17.1,72,,0.0,,0.9,ñkìå,,0.01,
2022/10/15 10:00,18.1,65,,0.0,,1.2,ñkìå,,0.01,
2022/10/15 11:00,18.8,61,,0.0,,1.2,ìåñkìå,,0.01,
2022/10/15 12:00,19.4,61,,0.0,,1.2,ìåñkìå,,0.01,
2022/10/15 13:00,20.7,58,,0.0,,0.9,ìå,,0.01,
2022/10/15 14:00,21.4,55,,0.0,,0.6,ìå,,0.01,
2022/10/15 15:00,21.7,55,,0.0,,0.6,ìÏìå,,0.01,
2022/10/15 16:00,21.6,55,,0.0,,0.5,ìÏìÏìå,,0.01,
2022/10/15 17:00,20.9,60,,0.0,,0.7,ñkìå,,0.01,
2022/10/15 18:00,19.7,66,,0.0,,1.4,ìå,,0.01,
2022/10/15 19:00,18.3,73,,0.0,,1.0,ìåñkìå,,1.0e-50,
2022/10/15 20:00,17.3,78,,0.0,,0.7,ñkìå,,1.0e-50,
2022/10/15 21:00,17.3,78,,0.0,,1.1,ñkñkìå,,1.0e-50,
2022/10/15 22:00,16.6,82,,0.0,,0.9,ñk,,1.0e-50,
2022/10/15 23:00,16.2,84,,0.0,,0.8,ñk,,1.0e-50,
2022/10/16 0:00,16.5,83,,0.0,,1.0,ñkñkêº,,1.0e-50,
2022/10/16 1:00,16.1,84,,0.0,,0.9,ñkñkêº,,1.0e-50,
2022/10/16 2:00,15.8,82,,0.0,,0.8,ñkñkêº,,1.0e-50,
2022/10/16 3:00,16.0,80,,0.0,,0.9,ñk,,1.0e-50,
2022/10/16 4:00,15.4,82,,0.0,,1.0,ìÏ,,1.0e-50,
2022/10/16 5:00,14.9,85,,0.0,,0.7,ìÏìÏêº,,1.0e-50,
2022/10/16 6:00,15.1,87,,0.0,,0.4,ìåñkìå,,1.0e-50,
2022/10/16 7:00,15.3,85,,0.0,,0.7,ìÏêº,,0.01,
2022/10/16 8:00,16.3,80,,0.0,,0.3,êºñkêº,,0.01,
2022/10/16 9:00,18.4,71,,0.0,,0.6,ñkìå,,0.01,
2022/10/16 10:00,20.1,60,,0.0,,0.9,ìåñkìå,,0.01,
2022/10/16 11:00,21.0,54,,0.0,,1.3,ñkìå,,0.01,
2022/10/16 12:00,21.5,52,,0.0,,1.0,ìåñkìå,,0.01,
2022/10/16 13:00,22.2,47,,0.0,,1.1,ìåñkìå,,0.01,
2022/10/16 14:00,22.3,46,,0.0,,1.6,ìåñkìå,,0.01,
2022/10/16 15:00,21.9,49,,0.0,,1.5,ìåñkìå,,0.01,
2022/10/16 16:00,21.3,51,,0.0,,1.7,ìåñkìå,,0.01,
2022/10/16 17:00,20.7,54,,0.0,,1.1,ñkìå,,0.01,
2022/10/16 18:00,19.6,58,,0.0,,1.9,ñk,,0.01,
2022/10/16 19:00,18.8,55,,0.0,,1.4,ñk,,1.0e-50,
2022/10/16 20:00,18.3,57,,0.0,,0.4,ìÏìÏìå,,1.0e-50,
2022/10/16 21:00,18.1,61,,0.0,,0.9,ñkñkìå,,1.0e-50,
2022/10/16 22:00,17.5,64,,0.0,,0.2,êºìÏêº,,1.0e-50,
2022/10/16 23:00,17.3,64,,0.0,,0.4,êº,,1.0e-50,
2022/10/17 0:00,17.1,67,,0.3,,0.7,ñkñkêº,,1.0e-50,
2022/10/17 1:00,16.3,72,,0.6,,0.5,ìÏìå,,1.0e-50,
2022/10/17 2:00,16.1,72,,0.0,,0.8,êºñkêº,,1.0e-50,
2022/10/17 3:00,16.3,72,,0.0,,0.7,êºñkêº,,1.0e-50,
2022/10/17 4:00,16.0,73,,0.0,,1.0,ñkêº,,1.0e-50,
2022/10/17 5:00,15.6,75,,0.0,,0.6,êº,,1.0e-50,
2022/10/17 6:00,15.5,76,,0.0,,0.8,ñkêº,,1.0e-50,
2022/10/17 7:00,15.4,77,,0.0,,0.7,ñkêº,,0.01,
2022/10/17 8:00,16.6,73,,0.0,,0.7,ñkêº,,0.01,
2022/10/17 9:00,18.5,63,,0.0,,1.1,ñkêº,,0.01,
2022/10/17 10:00,19.9,52,,0.0,,1.4,ñkêº,,0.01,
2022/10/17 11:00,20.6,47,,0.0,,1.9,ñkêº,,0.01,
2022/10/17 12:00,20.8,46,,0.0,,1.9,ñkêº,,0.01,
2022/10/17 13:00,20.6,47,,0.0,,2.4,ñkñkêº,,0.01,
2022/10/17 14:00,20.7,45,,0.0,,2.4,ñk,,0.01,
2022/10/17 15:00,20.5,47,,0.0,,2.3,ñkñkêº,,0.01,
2022/10/17 16:00,20.2,49,,0.0,,2.1,ñk,,0.01,
2022/10/17 17:00,19.4,54,,0.0,,1.2,ñkñkêº,,0.01,
2022/10/17 18:00,18.6,62,,0.0,,1.4,ñk,,0.01,
2022/10/17 19:00,17.5,65,,0.0,,0.5,ñk,,1.0e-50,
2022/10/17 20:00,17.0,64,,0.0,,0.2,ìåìÏìå,,1.0e-50,
2022/10/17 21:00,16.3,71,,0.0,,0.7,ñkìå,,1.0e-50,
2022/10/17 22:00,15.6,75,,0.0,,0.5,ìÏêº,,1.0e-50,
2022/10/17 23:00,15.2,77,,0.0,,0.9,ìÏêº,,1.0e-50,
2022/10/18 0:00,15.4,76,,0.0,,0.6,ñk,,1.0e-50,
2022/10/18 1:00,14.8,79,,0.0,,0.9,ìÏêº,,1.0e-50,
2022/10/18 2:00,14.4,80,,0.0,,1.0,êºìÏêº,,1.0e-50,
2022/10/18 3:00,14.1,81,,0.0,,0.4,ñkñkìå,,1.0e-50,
2022/10/18 4:00,13.7,83,,0.0,,1.1,ìÏìÏêº,,1.0e-50,
2022/10/18 5:00,13.2,86,,0.0,,0.8,ìÏêº,,1.0e-50,
2022/10/18 6:00,13.2,87,,0.0,,0.3,ñkñkêº,,1.0e-50,
2022/10/18 7:00,13.7,85,,0.0,,0.8,ìÏ,,0.01,
2022/10/18 8:00,15.1,78,,0.0,,0.2,ìÏ,,0.01,
2022/10/18 9:00,17.3,66,,0.0,,0.2,ìÏìå,,0.01,
2022/10/18 10:00,18.9,58,,0.0,,0.3,ìÏìå,,0.01,
2022/10/18 11:00,20.1,52,,0.0,,0.5,ìÏ,,0.01,
2022/10/18 12:00,20.8,49,,0.0,,0.3,ìÏìÏêº,,0.01,
2022/10/18 13:00,21.8,44,,0.0,,0.8,ìÏìÏêº,,0.01,
2022/10/18 14:00,22.2,41,,0.0,,0.9,ìÏêº,,0.01,
2022/10/18 15:00,22.5,41,,0.0,,0.5,ìÏêº,,0.01,
2022/10/18 16:00,22.4,42,,0.0,,0.5,ìÏ,,0.01,
2022/10/18 17:00,21.4,48,,0.0,,0.7,ìåìÏìå,,0.01,
2022/10/18 18:00,20.4,48,,0.0,,1.1,ìÏìå,,0.01,
2022/10/18 19:00,18.9,54,,0.0,,0.6,ìåñkìå,,1.0e-50,
2022/10/18 20:00,18.3,60,,0.0,,0.7,ñk,,1.0e-50,
2022/10/18 21:00,17.9,67,,0.0,,0.8,ñk,,1.0e-50,
2022/10/18 22:00,17.4,71,,0.0,,0.6,ñk,,1.0e-50,
2022/10/18 23:00,16.6,77,,0.0,,0.5,ñkñkìå,,1.0e-50,
2022/10/19 0:00,16.9,77,,0.0,,0.9,ñkìå,,1.0e-50,
2022/10/19 1:00,16.2,80,,0.0,,0.8,ñkñkìå,,1.0e-50,
2022/10/19 2:00,15.6,83,,0.0,,0.3,êºñkêº,,1.0e-50,
2022/10/19 3:00,16.1,76,,0.0,,1.0,ñk,,1.0e-50,
2022/10/19 4:00,15.3,79,,0.0,,0.6,ñk,,1.0e-50,
2022/10/19 5:00,15.0,79,,0.0,,0.8,ñkêº,,1.0e-50,
2022/10/19 6:00,15.0,79,,0.0,,0.4,ñkñkìå,,1.0e-50,
2022/10/19 7:00,15.1,79,,0.0,,0.5,ìÏìÏêº,,0.01,
2022/10/19 8:00,16.6,74,,0.0,,0.3,ìÏìÏêº,,0.01,
2022/10/19 9:00,18.3,66,,0.0,,0.6,êºìÏêº,,0.01,
2022/10/19 10:00,19.7,59,,0.0,,0.8,êºìÏêº,,0.01,
2022/10/19 11:00,20.8,53,,0.0,,1.3,êºìÏêº,,0.01,
2022/10/19 12:00,21.5,50,,0.0,,1.1,êºìÏêº,,0.01,
2022/10/19 13:00,22.4,44,,0.0,,1.2,êºìÏêº,,0.01,
2022/10/19 14:00,23.0,42,,0.0,,1.7,ìÏêº,,0.01,
2022/10/19 15:00,22.9,40,,0.0,,1.9,êºñkêº,,0.01,
2022/10/19 16:00,22.6,41,,0.0,,1.5,êºñkêº,,0.01,
2022/10/19 17:00,21.4,47,,0.0,,0.7,ñkêº,,0.01,
2022/10/19 18:00,19.4,55,,0.0,,2.1,ñkñkêº,,0.01,
2022/10/19 19:00,18.0,65,,0.0,,0.8,ñkñkìå,,1.0e-50,
2022/10/19 20:00,17.1,69,,0.0,,0.3,ìåñkìå,,1.0e-50,
2022/10/19 21:00,16.7,73,,0.0,,0.6,ñkñkìå,,1.0e-50,
2022/10/19 22:00,15.9,76,,0.0,,0.7,êºìÏêº,,1.0e-50,
2022/10/19 23:00,15.4,78,,0.0,,0.8,êºìÏêº,,1.0e-50,
2022/10/20 0:00,15.0,79,,0.0,,1.0,ñk,,1.0e-50,
2022/10/20 1:00,14.4,83,,0.0,,0.8,êºìÏêº,,1.0e-50,
2022/10/20 2:00,14.0,87,,0.0,,0.9,êº,,1.0e-50,
2022/10/20 3:00,14.0,87,,0.0,,1.0,ñkñkêº,,1.0e-50,
2022/10/20 4:00,13.8,89,,0.0,,0.9,ìÏêº,,1.0e-50,
2022/10/20 5:00,13.9,88,,0.0,,0.8,ìÏêº,,1.0e-50,
2022/10/20 6:00,13.8,89,,0.0,,0.4,êº,,1.0e-50,
2022/10/20 7:00,14.0,89,,0.3,,0.6,ìÏêº,,0.01,
2022/10/20 8:00,15.9,75,,0.0,,0.9,ñk,,0.01,
2022/10/20 9:00,16.4,70,,0.0,,1.7,ñkñkêº,,0.01,
2022/10/20 10:00,17.2,67,,0.5,,1.8,ñkñkêº,,0.01,
2022/10/20 11:00,18.3,59,,0.0,,2.8,ñkñkêº,,0.01,
2022/10/20 12:00,19.0,53,,0.0,,2.9,ñk,,0.01,
2022/10/20 13:00,19.4,50,,0.0,,3.2,ñkñkêº,,0.01,
2022/10/20 14:00,18.6,53,,0.0,,3.7,ñkñkêº,,0.01,
2022/10/20 15:00,18.8,50,,0.0,,3.3,ñkñkêº,,0.01,
2022/10/20 16:00,18.2,48,,0.0,,3.0,ñkñkêº,,0.01,
2022/10/20 17:00,17.0,50,,0.0,,2.2,ñkñkêº,,0.01,
2022/10/20 18:00,16.2,55,,0.0,,1.3,ñkñkêº,,0.01,
2022/10/20 19:00,15.1,58,,0.0,,1.1,ñkêº,,1.0e-50,
2022/10/20 20:00,14.4,60,,0.0,,0.9,ñkêº,,1.0e-50,
2022/10/20 21:00,13.8,64,,0.0,,0.8,ñkñkêº,,1.0e-50,
2022/10/20 22:00,13.1,67,,0.0,,1.0,ìÏìÏêº,,1.0e-50,
2022/10/20 23:00,12.6,69,,0.0,,1.0,êºìÏêº,,1.0e-50,
2022/10/21 0:00,12.1,73,,0.0,,0.5,ñkñkêº,,1.0e-50,
2022/10/21 1:00,11.7,75,,0.0,,1.2,ìÏìÏêº,,1.0e-50,
2022/10/21 2:00,11.2,78,,0.0,,0.9,ìÏêº,,1.0e-50,
2022/10/21 3:00,10.8,80,,0.0,,0.3,êºñkêº,,1.0e-50,
2022/10/21 4:00,10.8,80,,0.0,,0.9,ìÏ,,1.0e-50,
2022/10/21 5:00,11.0,78,,0.0,,1.3,ìÏ,,1.0e-50,
2022/10/21 6:00,10.8,80,,0.0,,1.2,ìÏ,,1.0e-50,
2022/10/21 7:00,10.5,82,,0.0,,0.7,ìÏìÏêº,,0.01,
2022/10/21 8:00,12.9,73,,0.0,,0.3,ìÏ,,0.01,
2022/10/21 9:00,15.7,61,,0.0,,0.3,ñkêº,,0.01,
2022/10/21 10:00,18.3,50,,0.0,,0.4,ìåñkìå,,0.01,
2022/10/21 11:00,20.6,38,,0.0,,1.2,ñkñkìå,,0.01,
2022/10/21 12:00,21.4,34,,0.0,,2.0,ñkñkìå,,0.01,
2022/10/21 13:00,22.1,32,,0.0,,1.9,ñkñkìå,,0.01,
2022/10/21 14:00,22.3,33,,0.0,,1.6,ñk,,0.01,
2022/10/21 15:00,21.5,36,,0.0,,1.9,ñkñkìå,,0.01,
2022/10/21 16:00,20.8,41,,0.0,,2.1,ñk,,0.01,
2022/10/21 17:00,18.9,51,,0.0,,1.7,ñkñkêº,,0.01,
2022/10/21 18:00,17.6,58,,0.0,,1.1,ñkñkêº,,0.01,
2022/10/21 19:00,16.3,66,,0.0,,0.6,êºñkêº,,1.0e-50,
2022/10/21 20:00,15.7,70,,0.0,,1.0,êºìÏêº,,1.0e-50,
2022/10/21 21:00,15.1,74,,0.0,,0.7,ñkìå,,1.0e-50,
2022/10/21 22:00,14.5,76,,0.0,,0.8,ìÏêº,,1.0e-50,
2022/10/21 23:00,13.8,80,,0.0,,1.0,ìÏìÏêº,,1.0e-50,
2022/10/22 0:00,13.4,82,,0.0,,0.1,ñk,,1.0e-50,
2022/10/22 1:00,12.7,85,,0.0,,1.0,ìÏêº,,1.0e-50,
2022/10/22 2:00,12.1,86,,0.0,,0.9,ìÏìÏêº,,1.0e-50,
2022/10/22 3:00,12.2,80,,0.0,,0.5,ñkìå,,1.0e-50,
2022/10/22 4:00,11.6,82,,0.0,,1.0,ìÏìÏêº,,1.0e-50,
2022/10/22 5:00,11.3,81,,0.0,,0.7,ìÏ,,1.0e-50,
2022/10/22 6:00,12.1,72,,0.0,,1.3,ñkñkìå,,1.0e-50,
2022/10/22 7:00,11.7,77,,0.0,,0.5,ìåìÏìå,,0.01,
2022/10/22 8:00,14.2,68,,0.0,,0.4,ìåñkìå,,0.01,
2022/10/22 9:00,16.7,53,,0.0,,0.6,ìå,,0.01,
2022/10/22 10:00,19.1,45,,0.0,,0.4,ìÏìå,,0.01,
2022/10/22 11:00,20.7,40,,0.0,,1.0,ìÏìÏìå,,0.01,
2022/10/22 12:00,21.7,41,,0.0,,1.0,ìÏìå,,0.01,
2022/10/22 13:00,22.7,39,,0.0,,1.0,ìÏìÏìå,,0.01,
2022/10/22 14:00,22.9,37,,0.0,,1.2,ìÏ,,0.01,
2022/10/22 15:00,22.4,40,,0.0,,1.5,ìÏìå,,0.01,
2022/10/22 16:00,21.9,44,,0.0,,1.5,ìÏìå,,0.01,
2022/10/22 17:00,20.7,52,,0.0,,1.6,ìåìÏìå,,0.01,
2022/10/22 18:00,19.4,55,,0.0,,1.3,ìå,,0.01,
2022/10/22 19:00,18.6,57,,0.0,,0.8,ìåñkìå,,1.0e-50,
2022/10/22 20:00,18.1,59,,0.0,,0.7,ñkìå,,1.0e-50,
2022/10/22 21:00,17.8,60,,0.0,,0.8,ñkìå,,1.0e-50,
2022/10/22 22:00,17.3,62,,0.0,,0.9,ñkñkêº,,1.0e-50,
2022/10/22 23:00,16.8,62,,0.0,,1.1,ñk,,1.0e-50,
2022/10/23 0:00,17.1,59,,0.0,,1.4,ñk,,1.0e-50,
2022/10/23 1:00,16.0,62,,0.0,,1.2,ñk,,1.0e-50,
2022/10/23 2:00,15.7,64,,0.0,,1.2,ñkìå,,1.0e-50,
2022/10/23 3:00,15.9,67,,0.0,,1.6,ñkìå,,1.0e-50,
2022/10/23 4:00,15.4,72,,0.0,,1.2,ñkìå,,1.0e-50,
2022/10/23 5:00,15.4,70,,0.0,,1.1,ñkñkìå,,1.0e-50,
2022/10/23 6:00,15.5,68,,0.0,,1.4,ñkñkìå,,1.0e-50,
2022/10/23 7:00,15.4,69,,0.0,,1.0,ñkìå,,0.01,
2022/10/23 8:00,16.4,62,,0.0,,0.8,ñkñkìå,,0.01,
2022/10/23 9:00,17.4,55,,0.0,,1.2,ìåñkìå,,0.01,
2022/10/23 10:00,17.0,62,,0.5,,1.5,ìåìÏìå,,0.01,
2022/10/23 11:00,17.7,65,,0.1,,1.6,ìå,,0.01,
2022/10/23 12:00,18.3,64,,0.0,,1.2,ìå,,0.01,
2022/10/23 13:00,18.8,65,,0.0,,1.6,ìåìÏìå,,0.01,
2022/10/23 14:00,19.0,66,,0.0,,1.8,ìå,,0.01,
2022/10/23 15:00,19.5,63,,0.0,,1.0,ìåñkìå,,0.01,
2022/10/23 16:00,19.1,65,,0.0,,1.0,ìåñkìå,,0.01,
2022/10/23 17:00,18.5,67,,0.0,,1.3,ìåñkìå,,0.01,
2022/10/23 18:00,17.9,70,,0.8,,1.3,ñkìå,,0.01,
2022/10/23 19:00,17.1,75,,1.0,,1.1,ìåñkìå,,1.0e-50,
2022/10/23 20:00,16.6,79,,1.6,,0.4,ñkìå,,1.0e-50,
2022/10/23 21:00,16.5,78,,0.2,,1.1,ñkñkìå,,1.0e-50,
2022/10/23 22:00,16.2,81,,0.7,,1.4,ìåñkìå,,1.0e-50,
2022/10/23 23:00,16.0,81,,0.2,,1.5,ñkìå,,1.0e-50,
2022/10/24 0:00,16.1,80,,0.1,,1.0,ñkìå,,1.0e-50,
2022/10/24 1:00,16.0,80,,0.1,,0.8,ñkìå,,1.0e-50,
2022/10/24 2:00,15.8,83,,0.1,,0.3,ñkìå,,1.0e-50,
2022/10/24 3:00,15.9,81,,0.1,,1.1,ñk,,1.0e-50,
2022/10/24 4:00,15.4,83,,0.0,,0.8,ñk,,1.0e-50,
2022/10/24 5:00,15.3,83,,0.0,,0.9,ñkêº,,1.0e-50,
2022/10/24 6:00,15.8,82,,0.5,,1.1,ñk,,1.0e-50,
2022/10/24 7:00,15.5,86,,0.1,,0.5,ñk,,0.01,
2022/10/24 8:00,16.9,78,,0.0,,0.7,ìåñkìå,,0.01,
2022/10/24 9:00,18.4,71,,0.0,,1.0,ñkñkìå,,0.01,
2022/10/24 10:00,20.0,62,,0.0,,0.9,ñk,,0.01,
2022/10/24 11:00,21.2,50,,0.0,,1.9,ñk,,0.01,
2022/10/24 12:00,22.0,43,,0.0,,2.2,ñkñkêº,,0.01,
2022/10/24 13:00,22.3,42,,0.0,,2.8,ñkñkêº,,0.01,
2022/10/24 14:00,22.0,41,,0.0,,2.9,ñkñkêº,,0.01,
2022/10/24 15:00,21.4,43,,0.0,,2.8,ñkñkêº,,0.01,
2022/10/24 16:00,20.5,47,,0.0,,2.5,ñkñkêº,,0.01,
2022/10/24 17:00,19.0,52,,0.0,,1.9,ñk,,0.01,
2022/10/24 18:00,18.1,58,,0.0,,1.4,ñkñkêº,,0.01,
2022/10/24 19:00,16.9,63,,0.0,,1.0,ñkñkêº,,1.0e-50,
2022/10/24 20:00,15.8,65,,0.0,,0.8,ñkêº,,1.0e-50,
2022/10/24 21:00,15.1,66,,0.0,,1.0,ñkñkêº,,1.0e-50,
2022/10/24 22:00,14.1,70,,0.0,,0.8,ìÏêº,,1.0e-50,
2022/10/24 23:00,13.8,71,,0.0,,1.2,ìÏìÏêº,,1.0e-50,
2022/10/25 0:00,12.9,76,,0.0,,0.5,êº,,1.0e-50,
2022/10/25 1:00,12.6,77,,0.0,,1.1,ìÏìÏêº,,1.0e-50,
2022/10/25 2:00,12.2,79,,0.0,,1.2,ìÏêº,,1.0e-50,
2022/10/25 3:00,11.9,79,,0.0,,0.7,ìÏìÏêº,,1.0e-50,
2022/10/25 4:00,11.3,82,,0.0,,1.1,ìÏìÏêº,,1.0e-50,
2022/10/25 5:00,10.9,83,,0.0,,1.1,ìÏìÏêº,,1.0e-50,
2022/10/25 6:00,11.1,83,,0.0,,0.9,ìÏ,,1.0e-50,
2022/10/25 7:00,11.1,85,,0.0,,0.9,ìÏêº,,0.01,
2022/10/25 8:00,13.6,75,,0.0,,0.5,ìÏ,,0.01,
2022/10/25 9:00,16.0,65,,0.0,,0.4,ñk,,0.01,
2022/10/25 10:00,18.7,52,,0.0,,0.8,ñk,,0.01,
2022/10/25 11:00,20.4,43,,0.0,,2.1,ñk,,0.01,
2022/10/25 12:00,20.9,38,,0.0,,2.1,ñk,,0.01,
2022/10/25 13:00,21.5,36,,0.0,,2.2,ñk,,0.01,
2022/10/25 14:00,21.4,39,,0.0,,2.3,ñkñkêº,,0.01,
2022/10/25 15:00,20.9,40,,0.0,,2.2,ñkñkêº,,0.01,
2022/10/25 16:00,19.9,44,,0.0,,2.2,ñkñkêº,,0.01,
2022/10/25 17:00,18.2,53,,0.0,,1.8,ñkñkêº,,0.01,
2022/10/25 18:00,16.9,58,,0.0,,1.8,ñkñkêº,,0.01,
2022/10/25 19:00,15.5,64,,0.0,,0.9,ñk,,1.0e-50,
2022/10/25 20:00,14.8,67,,0.0,,0.6,ìÏêº,,1.0e-50,
2022/10/25 21:00,14.3,70,,0.0,,0.9,ñkñkìå,,1.0e-50,
2022/10/25 22:00,13.7,73,,0.0,,1.1,ìÏìÏêº,,1.0e-50,
2022/10/25 23:00,12.8,78,,0.0,,0.9,êºìÏêº,,1.0e-50,
2022/10/26 0:00,12.5,80,,0.0,,0.3,ìÏìå,,1.0e-50,
2022/10/26 1:00,11.9,83,,0.0,,1.0,ìÏêº,,1.0e-50,
2022/10/26 2:00,11.3,85,,0.0,,0.9,ìÏ,,1.0e-50,
2022/10/26 3:00,11.9,76,,0.0,,1.2,ñkìå,,1.0e-50,
2022/10/26 4:00,10.6,84,,0.0,,0.6,ìÏìå,,1.0e-50,
2022/10/26 5:00,10.5,87,,0.0,,0.5,ìÏìå,,1.0e-50,
2022/10/26 6:00,12.2,78,,0.0,,1.7,ñkìå,,1.0e-50,
2022/10/26 7:00,11.8,76,,0.0,,1.3,ñkìå,,0.01,
2022/10/26 8:00,13.7,64,,0.0,,0.4,ñkìå,,0.01,
2022/10/26 9:00,16.8,55,,0.0,,1.1,ìåìÏìå,,0.01,
2022/10/26 10:00,19.4,51,,0.0,,1.4,ìÏìÏìå,,0.01,
2022/10/26 11:00,21.0,47,,0.0,,1.9,ìÏ,,0.01,
2022/10/26 12:00,21.9,48,,0.0,,2.0,ìÏìÏìå,,0.01,
2022/10/26 13:00,23.1,44,,0.0,,2.1,ìÏ,,0.01,
2022/10/26 14:00,23.7,42,,0.0,,1.6,ìÏ,,0.01,
2022/10/26 15:00,23.4,45,,0.0,,1.6,ìÏìå,,0.01,
2022/10/26 16:00,22.6,51,,0.0,,1.4,ìåìÏìå,,0.01,
2022/10/26 17:00,21.6,55,,0.0,,1.9,ìåìÏìå,,0.01,
2022/10/26 18:00,20.5,61,,0.0,,1.7,ìåìÏìå,,0.01,
2022/10/26 19:00,20.5,58,,0.0,,2.3,ìÏìå,,1.0e-50,
2022/10/26 20:00,20.3,59,,0.0,,2.0,ìÏìÏìå,,1.0e-50,
2022/10/26 21:00,19.6,68,,0.0,,2.4,ìÏìå,,1.0e-50,
2022/10/26 22:00,19.2,71,,1.1,,2.5,ìÏìÏìå,,1.0e-50,
2022/10/26 23:00,19.0,69,,1.8,,2.4,ìÏìÏìå,,1.0e-50,
2022/10/27 0:00,18.9,66,,0.0,,1.8,ìÏìÏìå,,1.0e-50,
2022/10/27 1:00,18.5,70,,0.2,,2.2,ìÏ,,1.0e-50,
2022/10/27 2:00,18.0,75,,0.5,,0.9,ìÏ,,1.0e-50,
2022/10/27 3:00,17.7,77,,0.0,,0.8,ìÏìÏìå,,1.0e-50,
2022/10/27 4:00,17.3,80,,0.1,,0.4,ñkñkêº,,1.0e-50,
2022/10/27 5:00,17.0,82,,0.1,,0.5,ñkñkêº,,1.0e-50,
2022/10/27 6:00,17.1,81,,0.9,,1.2,êº,,1.0e-50,
2022/10/27 7:00,16.9,84,,0.0,,0.8,ìÏìÏìå,,0.01,
2022/10/27 8:00,17.7,81,,0.0,,1.1,ìÏêº,,0.01,
2022/10/27 9:00,18.9,69,,0.0,,2.0,êº,,0.01,
2022/10/27 10:00,20.1,61,,0.0,,1.7,êº,,0.01,
2022/10/27 11:00,21.2,51,,0.0,,2.2,êº,,0.01,
2022/10/27 12:00,21.6,39,,0.0,,3.0,êº,,0.01,
2022/10/27 13:00,22.0,36,,0.0,,2.6,êº,,0.01,
2022/10/27 14:00,22.0,37,,0.0,,2.3,êº,,0.01,
2022/10/27 15:00,21.2,40,,0.0,,2.4,ñkêº,,0.01,
2022/10/27 16:00,19.3,50,,0.0,,2.8,ñkêº,,0.01,
2022/10/27 17:00,17.8,50,,0.0,,2.6,ñkñkêº,,0.01,
2022/10/27 18:00,17.1,51,,0.0,,2.8,ñkñkêº,,0.01,
2022/10/27 19:00,16.0,51,,0.0,,2.2,ñkêº,,1.0e-50,
2022/10/27 20:00,15.3,52,,0.0,,1.8,ñkêº,,1.0e-50,
2022/10/27 21:00,14.8,56,,0.0,,1.3,ñkêº,,1.0e-50,
2022/10/27 22:00,13.7,61,,0.0,,1.0,êº,,1.0e-50,
2022/10/27 23:00,12.9,65,,0.0,,0.9,êºñkêº,,1.0e-50,
2022/10/28 0:00,12.8,65,,0.0,,1.2,êºñkêº,,1.0e-50,
2022/10/28 1:00,12.0,66,,0.0,,1.0,êºìÏêº,,1.0e-50,
2022/10/28 2:00,11.8,65,,0.0,,1.0,êºìÏêº,,1.0e-50,
2022/10/28 3:00,11.4,68,,0.0,,1.0,ìÏìÏêº,,1.0e-50,
2022/10/28 4:00,10.7,72,,0.0,,1.0,ìÏ,,1.0e-50,
2022/10/28 5:00,10.6,72,,0.0,,1.0,ìÏ,,1.0e-50,
2022/10/28 6:00,10.8,71,,0.0,,0.8,ìÏêº,,1.0e-50,
2022/10/28 7:00,10.8,71,,0.0,,0.9,ìÏ,,0.01,
2022/10/28 8:00,12.7,64,,0.0,,0.9,ìÏêº,,0.01,
2022/10/28 9:00,14.9,56,,0.0,,1.1,êºìÏêº,,0.01,
2022/10/28 10:00,16.8,49,,0.0,,1.7,êºìÏêº,,0.01,
2022/10/28 11:00,18.1,43,,0.0,,2.1,êº,,0.01,
2022/10/28 12:00,18.7,39,,0.0,,2.0,êº,,0.01,
2022/10/28 13:00,19.3,34,,0.0,,2.3,êº,,0.01,
2022/10/28 14:00,19.5,34,,0.0,,1.8,êºìÏêº,,0.01,
2022/10/28 15:00,19.2,35,,0.0,,1.9,êºìÏêº,,0.01,
2022/10/28 16:00,18.7,36,,0.0,,1.8,êºìÏêº,,0.01,
2022/10/28 17:00,17.5,43,,0.0,,1.1,ìÏêº,,0.01,
2022/10/28 18:00,15.9,52,,0.0,,1.2,ìÏìÏêº,,0.01,
2022/10/28 19:00,14.5,58,,0.0,,1.0,ìÏ,,1.0e-50,
2022/10/28 20:00,13.7,61,,0.0,,0.9,ìÏ,,1.0e-50,
2022/10/28 21:00,13.6,63,,0.0,,0.7,ñkêº,,1.0e-50,
2022/10/28 22:00,13.0,64,,0.0,,1.2,ìÏìÏêº,,1.0e-50,
2022/10/28 23:00,12.8,67,,0.0,,1.0,ìÏ,,1.0e-50,
2022/10/29 0:00,12.5,69,,0.0,,0.4,ìÏìÏêº,,1.0e-50,
2022/10/29 1:00,12.1,71,,0.0,,1.1,ìÏìÏìå,,1.0e-50,
2022/10/29 2:00,11.5,74,,0.0,,0.9,ìÏ,,1.0e-50,
2022/10/29 3:00,11.4,74,,0.0,,0.8,ìÏìå,,1.0e-50,
2022/10/29 4:00,10.9,76,,0.0,,1.0,ìÏ,,1.0e-50,
2022/10/29 5:00,10.7,78,,0.0,,0.9,ìÏ,,1.0e-50,
2022/10/29 6:00,11.0,77,,0.0,,0.2,ñkñkìå,,1.0e-50,
2022/10/29 7:00,11.2,77,,0.0,,0.7,ìÏ,,0.01,
2022/10/29 8:00,13.1,73,,0.0,,1.1,êº,,0.01,
2022/10/29 9:00,14.9,68,,0.0,,1.1,êºñkêº,,0.01,
2022/10/29 10:00,16.9,62,,0.0,,1.8,êº,,0.01,
2022/10/29 11:00,18.0,55,,0.0,,1.9,êºìÏêº,,0.01,
2022/10/29 12:00,18.7,52,,0.0,,1.9,êºìÏêº,,0.01,
2022/10/29 13:00,19.7,40,,0.0,,3.0,êºìÏêº,,0.01,
2022/10/29 14:00,19.9,38,,0.0,,3.0,êºìÏêº,,0.01,
2022/10/29 15:00,19.5,40,,0.0,,2.8,êº,,0.01,
2022/10/29 16:00,19.1,43,,0.0,,1.9,êºìÏêº,,0.01,
2022/10/29 17:00,17.8,51,,0.0,,1.3,êºìÏêº,,0.01,
2022/10/29 18:00,16.6,59,,0.0,,1.2,êºìÏêº,,0.01,
2022/10/29 19:00,15.0,67,,0.0,,0.8,êº,,1.0e-50,
2022/10/29 20:00,14.1,72,,0.0,,0.2,ñkêº,,1.0e-50,
2022/10/29 21:00,13.8,73,,0.0,,0.6,ìÏìå,,1.0e-50,
2022/10/29 22:00,13.0,78,,0.0,,1.1,ìÏ,,1.0e-50,
2022/10/29 23:00,12.8,77,,0.0,,1.2,ìÏìÏêº,,1.0e-50,
2022/10/30 0:00,12.7,74,,0.0,,0.5,ìÏ,,1.0e-50,
2022/10/30 1:00,12.7,75,,0.0,,1.1,ìÏìÏìå,,1.0e-50,
2022/10/30 2:00,12.6,75,,0.0,,0.7,ìÏ,,1.0e-50,
2022/10/30 3:00,13.0,71,,0.0,,0.8,êºìÏêº,,1.0e-50,
2022/10/30 4:00,13.0,69,,0.0,,1.2,ìÏêº,,1.0e-50,
2022/10/30 5:00,12.3,72,,0.0,,1.1,ìÏêº,,1.0e-50,
2022/10/30 6:00,11.7,75,,0.0,,0.9,êºñkêº,,1.0e-50,
2022/10/30 7:00,11.9,72,,0.0,,1.3,êº,,0.01,
2022/10/30 8:00,13.7,58,,0.0,,2.1,êºñkêº,,0.01,
2022/10/30 9:00,15.3,54,,0.0,,1.8,êºñkêº,,0.01,
2022/10/30 10:00,16.8,43,,0.0,,2.9,êº,,0.01,
2022/10/30 11:00,17.6,37,,0.0,,2.9,êºñkêº,,0.01,
2022/10/30 12:00,17.8,39,,0.0,,2.5,êºñkêº,,0.01,
2022/10/30 13:00,18.0,37,,0.0,,2.6,êºñkêº,,0.01,
2022/10/30 14:00,18.1,37,,0.0,,2.3,êºñkêº,,0.01,
2022/10/30 15:00,17.6,42,,0.0,,1.8,ñkêº,,0.01,
2022/10/30 16:00,17.3,43,,0.0,,1.7,ñkêº,,0.01,
2022/10/30 17:00,16.3,47,,0.0,,1.5,ñkñkêº,,0.01,
2022/10/30 18:00,15.5,49,,0.0,,1.8,ñkñkêº,,0.01,
2022/10/30 19:00,14.6,52,,0.0,,1.4,ñkñkêº,,1.0e-50,
2022/10/30 20:00,14.0,58,,0.0,,1.5,ñkñkêº,,1.0e-50,
2022/10/30 21:00,13.3,62,,0.0,,1.4,ñkêº,,1.0e-50,
2022/10/30 22:00,12.5,67,,0.0,,0.9,êºìÏêº,,1.0e-50,
2022/10/30 23:00,11.9,70,,0.0,,0.6,êºìÏêº,,1.0e-50,
2022/10/31 0:00,11.6,71,,0.0,,0.8,ñkêº,,1.0e-50,
2022/10/31 1:00,11.1,73,,0.0,,0.7,êºìÏêº,,1.0e-50,
2022/10/31 2:00,10.9,72,,0.0,,0.9,ìÏêº,,1.0e-50,
2022/10/31 3:00,11.2,70,,0.0,,0.7,êºìÏêº,,1.0e-50,
2022/10/31 4:00,10.8,70,,0.0,,0.8,ìÏêº,,1.0e-50,
2022/10/31 5:00,10.6,68,,0.0,,1.0,êºìÏêº,,1.0e-50,
2022/10/31 6:00,10.7,68,,0.0,,1.1,êºñkêº,,1.0e-50,
2022/10/31 7:00,10.7,70,,0.0,,1.2,êº,,0.01,
2022/10/31 8:00,11.9,65,,0.0,,1.5,êºñkêº,,0.01,
2022/10/31 9:00,13.3,58,,0.0,,1.3,êºñkêº,,0.01,
2022/10/31 10:00,15.2,48,,0.0,,2.5,êºñkêº,,0.01,
2022/10/31 11:00,16.2,38,,0.0,,2.7,êºñkêº,,0.01,
2022/10/31 12:00,16.1,39,,0.0,,2.6,êºñkêº,,0.01,
2022/10/31 13:00,16.5,39,,0.0,,2.9,ñkêº,,0.01,
2022/10/31 14:00,16.0,46,,0.0,,2.6,ñkêº,,0.01,
2022/10/31 15:00,15.1,53,,0.0,,2.7,ñkñkêº,,0.01,
2022/10/31 16:00,14.3,56,,0.0,,2.4,ñkêº,,0.01,
2022/10/31 17:00,13.8,59,,0.0,,1.6,ñkêº,,0.01,
2022/10/31 18:00,13.2,64,,0.0,,1.4,êºñkêº,,0.01,
2022/10/31 19:00,12.9,67,,0.0,,0.9,êºñkêº,,1.0e-50,
2022/10/31 20:00,12.7,69,,0.0,,0.9,êºñkêº,,1.0e-50,
2022/10/31 21:00,12.8,69,,0.0,,0.9,ñkêº,,1.0e-50,
2022/10/31 22:00,12.8,67,,0.1,,0.8,êºñkêº,,1.0e-50,
2022/10/31 23:00,12.5,68,,0.1,,0.8,êºñkêº,,1.0e-50,
2022/11/1 0:00,12.5,69,,0.2,,1.0,ñkñkêº,,1.0e-50,
2022/11/1 1:00,12.3,71,,0.4,,0.4,ñkñkêº,,1.0e-50,
2022/11/1 2:00,12.1,75,,0.3,,0.3,êº,,1.0e-50,
2022/11/1 3:00,12.0,77,,0.3,,0.5,ìÏêº,,1.0e-50,
2022/11/1 4:00,12.0,79,,0.3,,0.7,êºìÏêº,,1.0e-50,
2022/11/1 5:00,12.1,81,,0.6,,0.8,ìÏêº,,1.0e-50,
2022/11/1 6:00,12.1,83,,0.4,,1.1,ìÏêº,,1.0e-50,
2022/11/1 7:00,12.2,83,,0.1,,1.1,ìÏìÏêº,,0.01,
2022/11/1 8:00,12.7,81,,0.0,,1.1,ìÏêº,,0.01,
2022/11/1 9:00,14.1,74,,0.0,,1.7,ìÏêº,,0.01,
2022/11/1 10:00,16.0,63,,0.0,,2.0,êº,,0.01,
2022/11/1 11:00,17.8,51,,0.0,,3.2,ñkêº,,0.01,
2022/11/1 12:00,18.4,48,,0.0,,3.2,ñkêº,,0.01,
2022/11/1 13:00,17.5,51,,0.0,,4.0,ñkêº,,0.01,
2022/11/1 14:00,18.1,44,,0.0,,4.2,ñkêº,,0.01,
2022/11/1 15:00,17.0,49,,0.0,,3.8,ñkêº,,0.01,
2022/11/1 16:00,15.6,58,,0.0,,3.7,ñkñkêº,,0.01,
2022/11/1 17:00,14.9,58,,0.0,,3.3,ñk,,0.01,
2022/11/1 18:00,14.4,58,,0.0,,2.4,ñk,,1.0e-50,
2022/11/1 19:00,13.8,57,,0.0,,2.6,ñk,,1.0e-50,
2022/11/1 20:00,13.2,56,,0.0,,2.9,ñkñkìå,,1.0e-50,
2022/11/1 21:00,12.4,56,,0.0,,2.2,ñk,,1.0e-50,
2022/11/1 22:00,11.9,55,,0.0,,2.4,ñkñkìå,,1.0e-50,
2022/11/1 23:00,11.5,53,,0.0,,2.3,ñkñkìå,,1.0e-50,
2022/11/2 0:00,10.9,52,,0.0,,2.0,ñkñkìå,,1.0e-50,
2022/11/2 1:00,10.5,53,,0.0,,1.7,ñkñkìå,,1.0e-50,
2022/11/2 2:00,10.0,56,,0.0,,1.0,ñkñkìå,,1.0e-50,
2022/11/2 3:00,9.4,60,,0.0,,1.1,ñkìå,,1.0e-50,
2022/11/2 4:00,8.8,64,,0.0,,0.7,ñkìå,,1.0e-50,
2022/11/2 5:00,8.4,67,,0.0,,0.7,ñk,,1.0e-50,
2022/11/2 6:00,7.9,67,,0.0,,0.6,ñkñkêº,,1.0e-50,
2022/11/2 7:00,7.8,65,,0.0,,0.5,êºñkêº,,0.01,
2022/11/2 8:00,10.0,49,,0.0,,0.4,ñkêº,,0.01,
2022/11/2 9:00,11.8,39,,0.0,,0.1,ñkñkìå,,0.01,
2022/11/2 10:00,13.9,29,,0.0,,0.3,ìåìÏìå,,0.01,
2022/11/2 11:00,15.6,24,,0.0,,0.3,ìåìÏìå,,0.01,
2022/11/2 12:00,16.6,22,,0.0,,0.4,ìå,,0.01,
2022/11/2 13:00,17.4,20,,0.0,,0.5,ìÏìå,,0.01,
2022/11/2 14:00,17.9,20,,0.0,,0.8,ìÏ,,0.01,
2022/11/2 15:00,18.1,22,,0.0,,0.9,ìÏìÏêº,,0.01,
2022/11/2 16:00,17.8,23,,0.0,,1.3,ìÏìÏêº,,0.01,
2022/11/2 17:00,16.5,29,,0.0,,1.2,ìÏìÏêº,,0.01,
2022/11/2 18:00,14.9,35,,0.0,,1.3,ìÏêº,,1.0e-50,
2022/11/2 19:00,13.6,40,,0.0,,0.9,ìÏêº,,1.0e-50,
2022/11/2 20:00,12.5,47,,0.0,,0.5,ìÏêº,,1.0e-50,
2022/11/2 21:00,11.8,52,,0.0,,0.3,ìÏìå,,1.0e-50,
2022/11/2 22:00,11.2,57,,0.0,,0.2,ñkñkêº,,1.0e-50,
2022/11/2 23:00,10.9,58,,0.0,,0.3,ñkñkìå,,1.0e-50,
2022/11/3 0:00,10.5,60,,0.0,,0.4,ìåñkìå,,1.0e-50,
2022/11/3 1:00,10.3,60,,0.0,,0.7,ìåìÏìå,,1.0e-50,
2022/11/3 2:00,9.7,65,,0.0,,0.3,ìÏêº,,1.0e-50,
2022/11/3 3:00,10.0,71,,0.0,,1.2,ñkêº,,1.0e-50,
2022/11/3 4:00,10.5,67,,0.0,,2.0,ñkêº,,1.0e-50,
2022/11/3 5:00,10.7,61,,0.0,,2.2,ñkêº,,1.0e-50,
2022/11/3 6:00,10.6,59,,0.0,,2.0,ñkêº,,1.0e-50,
2022/11/3 7:00,9.9,62,,0.0,,1.4,êºñkêº,,0.01,
2022/11/3 8:00,11.1,57,,0.0,,2.0,êºñkêº,,0.01,
2022/11/3 9:00,13.1,50,,0.0,,2.4,êºñkêº,,0.01,
2022/11/3 10:00,14.1,46,,0.0,,3.0,êºñkêº,,0.01,
2022/11/3 11:00,15.0,43,,0.0,,3.2,êºñkêº,,0.01,
2022/11/3 12:00,15.5,41,,0.0,,3.5,ñkêº,,0.01,
2022/11/3 13:00,15.9,40,,0.0,,3.9,ñkêº,,0.01,
2022/11/3 14:00,16.0,39,,0.0,,3.6,ñkêº,,0.01,
2022/11/3 15:00,15.6,39,,0.0,,3.5,ñkêº,,0.01,
2022/11/3 16:00,15.0,42,,0.0,,3.1,ñkêº,,0.01,
2022/11/3 17:00,14.2,47,,0.0,,1.8,êºñkêº,,0.01,
2022/11/3 18:00,13.3,53,,0.0,,1.0,êº,,1.0e-50,
2022/11/3 19:00,12.3,58,,0.0,,1.0,êº,,1.0e-50,
2022/11/3 20:00,11.7,59,,0.0,,1.0,êºìÏêº,,1.0e-50,
2022/11/3 21:00,11.9,59,,0.0,,1.3,êºñkêº,,1.0e-50,
2022/11/3 22:00,11.6,60,,0.0,,1.0,êºñkêº,,1.0e-50,
2022/11/3 23:00,10.8,64,,0.0,,1.1,êºñkêº,,1.0e-50,
2022/11/4 0:00,10.2,68,,0.0,,1.2,ñkêº,,1.0e-50,
2022/11/4 1:00,9.8,70,,0.0,,1.2,ñkêº,,1.0e-50,
2022/11/4 2:00,9.3,72,,0.0,,1.0,êºñkêº,,1.0e-50,
2022/11/4 3:00,9.3,71,,0.0,,1.3,ñkêº,,1.0e-50,
2022/11/4 4:00,9.0,71,,0.0,,1.4,ñkêº,,1.0e-50,
2022/11/4 5:00,8.7,71,,0.0,,1.2,ñkêº,,1.0e-50,
2022/11/4 6:00,8.7,72,,0.0,,1.0,ñkêº,,1.0e-50,
2022/11/4 7:00,8.6,74,,0.0,,0.6,êºñkêº,,0.01,
2022/11/4 8:00,10.3,67,,0.0,,0.5,ñkêº,,0.01,
2022/11/4 9:00,12.2,58,,0.0,,0.7,ìÏêº,,0.01,
2022/11/4 10:00,14.2,52,,0.0,,1.0,ìÏêº,,0.01,
2022/11/4 11:00,15.6,47,,0.0,,0.9,êºìÏêº,,0.01,
2022/11/4 12:00,16.4,45,,0.0,,0.8,ìÏìÏêº,,0.01,
2022/11/4 13:00,17.3,41,,0.0,,0.3,êºìÏêº,,0.01,
2022/11/4 14:00,18.0,39,,0.0,,0.5,ñkêº,,0.01,
2022/11/4 15:00,17.9,39,,0.0,,0.6,ñkêº,,0.01,
2022/11/4 16:00,17.7,40,,0.0,,0.8,ñkêº,,0.01,
2022/11/4 17:00,16.3,47,,0.0,,0.6,ñkêº,,0.01,
2022/11/4 18:00,14.9,52,,0.0,,0.6,ñkñkìå,,1.0e-50,
2022/11/4 19:00,13.8,56,,0.0,,0.7,ìåñkìå,,1.0e-50,
2022/11/4 20:00,13.0,59,,0.0,,0.7,ñkìå,,1.0e-50,
2022/11/4 21:00,12.4,62,,0.0,,0.9,ñk,,1.0e-50,
2022/11/4 22:00,11.7,63,,0.0,,0.6,ñk,,1.0e-50,
2022/11/4 23:00,11.2,64,,0.0,,0.6,ñk,,1.0e-50,
2022/11/5 0:00,10.9,67,,0.0,,0.9,ñk,,1.0e-50,
2022/11/5 1:00,10.4,68,,0.0,,0.7,ñk,,1.0e-50,
2022/11/5 2:00,9.8,71,,0.0,,0.4,ñkêº,,1.0e-50,
2022/11/5 3:00,9.8,71,,0.0,,0.9,ñk,,1.0e-50,
2022/11/5 4:00,9.5,71,,0.0,,0.9,ñkñkêº,,1.0e-50,
2022/11/5 5:00,9.1,73,,0.0,,0.8,ñkêº,,1.0e-50,
2022/11/5 6:00,9.0,75,,0.0,,0.9,ñk,,1.0e-50,
2022/11/5 7:00,9.1,74,,0.0,,0.9,ñk,,0.01,
2022/11/5 8:00,11.1,65,,0.0,,0.1,ñkêº,,0.01,
2022/11/5 9:00,13.2,56,,0.0,,0.7,ìÏìÏêº,,0.01,
2022/11/5 10:00,15.3,48,,0.0,,1.2,ìÏìÏêº,,0.01,
2022/11/5 11:00,16.9,42,,0.0,,1.6,ìÏìÏêº,,0.01,
2022/11/5 12:00,17.9,39,,0.0,,2.2,ìÏêº,,0.01,
2022/11/5 13:00,18.8,36,,0.0,,2.5,ìÏêº,,0.01,
2022/11/5 14:00,19.3,36,,0.0,,2.5,ìÏêº,,0.01,
2022/11/5 15:00,19.3,41,,0.0,,2.4,ìÏêº,,0.01,
2022/11/5 16:00,18.9,45,,0.0,,2.1,ìÏêº,,0.01,
2022/11/5 17:00,17.3,53,,0.0,,1.5,ìÏìÏêº,,0.01,
2022/11/5 18:00,15.5,61,,0.0,,1.0,ìÏêº,,1.0e-50,
2022/11/5 19:00,14.0,65,,0.0,,0.5,êºìÏêº,,1.0e-50,
2022/11/5 20:00,13.0,66,,0.0,,0.5,êºñkêº,,1.0e-50,
2022/11/5 21:00,12.3,70,,0.0,,0.4,ìÏêº,,1.0e-50,
2022/11/5 22:00,11.7,74,,0.0,,0.1,ìÏìÏìå,,1.0e-50,
2022/11/5 23:00,11.5,76,,0.0,,0.5,ìÏìÏìå,,1.0e-50,
2022/11/6 0:00,11.1,77,,0.0,,0.2,ìÏìÏìå,,1.0e-50,
2022/11/6 1:00,11.3,77,,0.0,,0.1,êºìÏêº,,1.0e-50,
2022/11/6 2:00,11.4,76,,0.0,,0.5,ìÏìÏêº,,1.0e-50,
2022/11/6 3:00,10.7,79,,0.0,,0.3,ìÏìÏêº,,1.0e-50,
2022/11/6 4:00,10.2,82,,0.0,,0.4,ìÏìÏìå,,1.0e-50,
2022/11/6 5:00,10.4,85,,0.0,,0.5,ñkêº,,1.0e-50,
2022/11/6 6:00,11.1,88,,0.0,,1.2,ñk,,1.0e-50,
2022/11/6 7:00,12.0,87,,0.0,,1.5,ñkñkìå,,0.01,
2022/11/6 8:00,14.0,75,,0.0,,1.5,ñk,,0.01,
2022/11/6 9:00,15.6,65,,0.0,,1.7,ñk,,0.01,
2022/11/6 10:00,16.3,56,,0.0,,3.6,ñk,,0.01,
2022/11/6 11:00,16.4,52,,0.0,,4.1,ñk,,0.01,
2022/11/6 12:00,16.3,50,,0.0,,3.9,ñk,,0.01,
2022/11/6 13:00,16.6,47,,0.0,,4.4,ñk,,0.01,
2022/11/6 14:00,16.3,47,,0.0,,4.4,ñk,,0.01,
2022/11/6 15:00,15.1,50,,0.0,,4.0,ñkñkêº,,0.01,
2022/11/6 16:00,14.1,49,,0.0,,3.6,ñkñkêº,,0.01,
2022/11/6 17:00,12.8,53,,0.0,,2.5,ñk,,0.01,
2022/11/6 18:00,11.9,56,,0.0,,2.0,ñkñkêº,,1.0e-50,
2022/11/6 19:00,11.2,57,,0.0,,1.5,ñkñkêº,,1.0e-50,
2022/11/6 20:00,10.6,61,,0.0,,0.8,ñk,,1.0e-50,
2022/11/6 21:00,9.7,66,,0.0,,0.3,ìÏìÏêº,,1.0e-50,
2022/11/6 22:00,9.3,69,,0.0,,0.6,êºìÏêº,,1.0e-50,
2022/11/6 23:00,8.8,73,,0.0,,0.3,ìÏ,,1.0e-50,
2022/11/7 0:00,8.3,75,,0.0,,0.3,ìÏìÏêº,,1.0e-50,
2022/11/7 1:00,8.1,75,,0.0,,0.6,ìÏìÏìå,,1.0e-50,
2022/11/7 2:00,7.5,78,,0.0,,0.2,ìåñkìå,,1.0e-50,
2022/11/7 3:00,7.5,79,,0.0,,0.5,ìå,,1.0e-50,
2022/11/7 4:00,7.5,79,,0.0,,0.8,ìå,,1.0e-50,
2022/11/7 5:00,7.2,82,,0.0,,0.6,ìå,,1.0e-50,
2022/11/7 6:00,7.5,83,,0.0,,0.9,ìåìÏìå,,1.0e-50,
2022/11/7 7:00,7.4,84,,0.0,,0.5,ìåñkìå,,0.01,
2022/11/7 8:00,9.7,73,,0.0,,0.3,ìå,,0.01,
2022/11/7 9:00,11.5,65,,0.0,,0.1,ñkñkêº,,0.01,
2022/11/7 10:00,13.8,50,,0.0,,0.2,ìåìÏìå,,0.01,
2022/11/7 11:00,15.6,41,,0.0,,0.4,ìÏìÏìå,,0.01,
2022/11/7 12:00,16.4,39,,0.0,,1.0,ìåìÏìå,,0.01,
2022/11/7 13:00,17.3,36,,0.0,,0.6,ìåìÏìå,,0.01,
2022/11/7 14:00,18.0,35,,0.0,,1.0,ìÏìå,,0.01,
2022/11/7 15:00,17.7,36,,0.0,,1.1,ìå,,0.01,
2022/11/7 16:00,17.6,38,,0.0,,0.8,ìåñkìå,,0.01,
2022/11/7 17:00,16.4,42,,0.0,,1.3,ñkñkìå,,0.01,
2022/11/7 18:00,14.9,48,,0.0,,1.5,ñkìå,,1.0e-50,
2022/11/7 19:00,14.2,53,,0.0,,1.2,ñkìå,,1.0e-50,
2022/11/7 20:00,13.8,60,,0.0,,1.3,ñkìå,,1.0e-50,
2022/11/7 21:00,13.5,70,,0.0,,1.2,ìåñkìå,,1.0e-50,
2022/11/7 22:00,13.1,75,,0.0,,0.9,ñkñkìå,,1.0e-50,
2022/11/7 23:00,12.8,77,,0.0,,0.9,ìå,,1.0e-50,
2022/11/8 0:00,12.5,77,,0.0,,1.2,ìå,,1.0e-50,
2022/11/8 1:00,12.0,79,,0.0,,0.7,ñkìå,,1.0e-50,
2022/11/8 2:00,12.0,78,,0.0,,1.0,ñkìå,,1.0e-50,
2022/11/8 3:00,12.1,77,,0.0,,1.2,ñkìå,,1.0e-50,
2022/11/8 4:00,12.2,76,,0.0,,1.3,ñkñkìå,,1.0e-50,
2022/11/8 5:00,12.4,75,,0.0,,1.3,ñkìå,,1.0e-50,
2022/11/8 6:00,12.0,79,,0.0,,0.9,ñkìå,,1.0e-50,
2022/11/8 7:00,12.5,76,,0.0,,1.3,ñkñkìå,,0.01,
2022/11/8 8:00,13.4,71,,0.0,,1.1,ñkìå,,0.01,
2022/11/8 9:00,14.6,69,,0.0,,0.8,ñkìå,,0.01,
2022/11/8 10:00,15.4,66,,0.0,,0.9,ìÏìÏìå,,0.01,
2022/11/8 11:00,15.9,64,,0.0,,1.2,ìÏ,,0.01,
2022/11/8 12:00,15.8,70,,0.0,,1.4,ìÏìÏêº,,0.01,
2022/11/8 13:00,15.5,74,,0.5,,1.4,ìÏìÏêº,,0.01,
2022/11/8 14:00,15.4,77,,0.5,,1.1,ìÏ,,0.01,
2022/11/8 15:00,14.7,83,,0.7,,1.0,ìÏ,,0.01,
2022/11/8 16:00,14.6,84,,0.1,,0.8,ìÏ,,0.01,
2022/11/8 17:00,14.2,88,,0.2,,0.5,ìÏìÏêº,,0.01,
2022/11/8 18:00,14.3,90,,0.5,,0.7,êºìÏêº,,1.0e-50,
2022/11/8 19:00,14.5,84,,0.8,,1.5,ñkêº,,1.0e-50,
2022/11/8 20:00,14.5,68,,0.4,,2.0,ñkñkêº,,1.0e-50,
2022/11/8 21:00,14.2,65,,0.1,,2.5,ñk,,1.0e-50,
2022/11/8 22:00,13.7,62,,0.2,,3.5,ñk,,1.0e-50,
2022/11/8 23:00,13.0,59,,0.0,,3.9,ñk,,1.0e-50,
2022/11/9 0:00,11.9,59,,0.0,,3.5,ñk,,1.0e-50,
2022/11/9 1:00,11.4,59,,0.0,,3.4,ñk,,1.0e-50,
2022/11/9 2:00,10.9,59,,0.0,,3.2,ñk,,1.0e-50,
2022/11/9 3:00,10.2,59,,0.0,,2.8,ñkñkìå,,1.0e-50,
2022/11/9 4:00,9.8,60,,0.0,,2.8,ñk,,1.0e-50,
2022/11/9 5:00,9.5,60,,0.0,,3.1,ñk,,1.0e-50,
2022/11/9 6:00,8.9,62,,0.0,,2.8,ñkñkìå,,1.0e-50,
2022/11/9 7:00,8.6,63,,0.0,,2.7,ñk,,0.01,
2022/11/9 8:00,9.4,59,,0.0,,4.3,ñk,,0.01,
2022/11/9 9:00,10.4,57,,0.0,,3.4,ñk,,0.01,
2022/11/9 10:00,10.6,53,,0.1,,4.2,ñk,,0.01,
2022/11/9 11:00,10.8,51,,0.1,,4.5,ñk,,0.01,
2022/11/9 12:00,10.8,50,,0.0,,4.1,ñk,,0.01,
2022/11/9 13:00,10.8,48,,0.0,,4.4,ñkñkêº,,0.01,
2022/11/9 14:00,10.5,47,,0.0,,4.6,ñk,,0.01,
2022/11/9 15:00,10.1,48,,0.0,,4.0,ñkñkêº,,0.01,
2022/11/9 16:00,9.6,47,,0.0,,3.7,ñkñkêº,,0.01,
2022/11/9 17:00,9.0,47,,0.0,,3.1,ñkñkêº,,0.01,
2022/11/9 18:00,8.4,50,,0.0,,1.9,ñkñkêº,,1.0e-50,
2022/11/9 19:00,7.9,53,,0.0,,1.4,ñkñkêº,,1.0e-50,
2022/11/9 20:00,7.6,55,,0.0,,1.2,ñkñkêº,,1.0e-50,
2022/11/9 21:00,7.7,56,,0.0,,1.2,ñkêº,,1.0e-50,
2022/11/9 22:00,7.6,57,,0.0,,1.1,ñkñkêº,,1.0e-50,
2022/11/9 23:00,7.5,59,,0.0,,0.9,êºñkêº,,1.0e-50,
2022/11/10 0:00,7.1,61,,0.0,,1.1,ñkêº,,1.0e-50,
2022/11/10 1:00,6.9,62,,0.0,,1.2,ñk,,1.0e-50,
2022/11/10 2:00,6.8,64,,0.0,,1.1,ñkñkêº,,1.0e-50,
2022/11/10 3:00,6.9,64,,0.0,,0.7,ñk,,1.0e-50,
2022/11/10 4:00,7.0,64,,0.0,,0.6,ñk,,1.0e-50,
2022/11/10 5:00,7.2,63,,0.0,,0.8,ñkñkìå,,1.0e-50,
2022/11/10 6:00,7.0,65,,0.0,,0.5,ñkñkìå,,1.0e-50,
2022/11/10 7:00,7.1,64,,0.0,,0.7,ñk,,0.01,
2022/11/10 8:00,8.1,60,,0.0,,1.0,ñkñkìå,,0.01,
2022/11/10 9:00,8.9,55,,0.0,,1.2,ñkìå,,0.01,
2022/11/10 10:00,10.6,43,,0.0,,2.0,ñkñkìå,,0.01,
2022/11/10 11:00,12.2,35,,0.0,,1.8,ñkñkìå,,0.01,
2022/11/10 12:00,12.4,36,,0.0,,1.3,ñkìå,,0.01,
2022/11/10 13:00,13.0,34,,0.0,,1.5,ìåñkìå,,0.01,
2022/11/10 14:00,13.6,32,,0.0,,1.6,ìåñkìå,,0.01,
2022/11/10 15:00,13.1,34,,0.0,,2.1,ìå,,0.01,
2022/11/10 16:00,12.8,36,,0.0,,1.9,ìåñkìå,,0.01,
2022/11/10 17:00,12.4,39,,0.0,,1.5,ìåñkìå,,0.01,
2022/11/10 18:00,12.0,42,,0.0,,1.5,ñkìå,,1.0e-50,
2022/11/10 19:00,12.0,42,,0.0,,1.1,ñkìå,,1.0e-50,
2022/11/10 20:00,12.0,43,,0.0,,1.0,ñkìå,,1.0e-50,
2022/11/10 21:00,12.0,46,,0.0,,0.8,ìåñkìå,,1.0e-50,
2022/11/10 22:00,11.9,50,,0.0,,0.8,ñkìå,,1.0e-50,
2022/11/10 23:00,12.0,52,,0.0,,1.0,ñkñkìå,,1.0e-50,
2022/11/11 0:00,12.0,56,,0.0,,0.9,ñk,,1.0e-50,
2022/11/11 1:00,11.7,62,,1.1,,0.7,ñkñkìå,,1.0e-50,
2022/11/11 2:00,11.4,70,,2.6,,1.0,ñkñkìå,,1.0e-50,
2022/11/11 3:00,11.3,75,,2.1,,0.5,ñk,,1.0e-50,
2022/11/11 4:00,11.2,77,,0.3,,0.7,ìå,,1.0e-50,
2022/11/11 5:00,11.0,80,,0.0,,0.9,ìåñkìå,,1.0e-50,
2022/11/11 6:00,11.0,81,,0.0,,1.0,ìåñkìå,,1.0e-50,
2022/11/11 7:00,10.8,83,,0.0,,0.6,ñkñkìå,,0.01,
2022/11/11 8:00,12.0,79,,0.0,,0.7,ñkêº,,0.01,
2022/11/11 9:00,13.9,70,,0.0,,0.8,êºìÏêº,,0.01,
2022/11/11 10:00,15.7,61,,0.0,,1.5,êºìÏêº,,0.01,
2022/11/11 11:00,17.4,50,,0.0,,2.2,êº,,0.01,
2022/11/11 12:00,17.9,48,,0.0,,2.4,êº,,0.01,
2022/11/11 13:00,18.4,47,,0.0,,1.7,êº,,0.01,
2022/11/11 14:00,18.9,44,,0.0,,1.7,êºñkêº,,0.01,
2022/11/11 15:00,18.9,44,,0.0,,2.0,ñkêº,,0.01,
2022/11/11 16:00,18.4,46,,0.0,,2.0,ñkñkêº,,0.01,
2022/11/11 17:00,17.1,52,,0.0,,1.6,ñkñkêº,,0.01,
2022/11/11 18:00,15.9,58,,0.0,,1.2,ñkñkêº,,1.0e-50,
2022/11/11 19:00,15.0,61,,0.0,,1.1,ñkñkêº,,1.0e-50,
2022/11/11 20:00,13.9,63,,0.0,,0.5,ñkêº,,1.0e-50,
2022/11/11 21:00,13.1,66,,0.0,,0.6,ñkêº,,1.0e-50,
2022/11/11 22:00,12.7,67,,0.0,,0.7,êºñkêº,,1.0e-50,
2022/11/11 23:00,12.4,68,,0.0,,0.7,êºñkêº,,1.0e-50,
2022/11/12 0:00,11.5,71,,0.0,,1.0,ñkêº,,1.0e-50,
2022/11/12 1:00,10.9,75,,0.0,,0.8,ñkñkêº,,1.0e-50,
2022/11/12 2:00,10.2,78,,0.0,,0.5,ñk,,1.0e-50,
2022/11/12 3:00,10.2,78,,0.0,,0.9,ñkñkêº,,1.0e-50,
2022/11/12 4:00,9.9,81,,0.0,,0.9,ñkñkêº,,1.0e-50,
2022/11/12 5:00,9.2,84,,0.0,,0.7,ñkñkêº,,1.0e-50,
2022/11/12 6:00,8.8,86,,0.0,,0.4,ñkêº,,1.0e-50,
2022/11/12 7:00,8.6,86,,0.0,,0.3,ñk,,0.01,
2022/11/12 8:00,10.7,75,,0.0,,0.3,ñkñkêº,,0.01,
2022/11/12 9:00,13.5,62,,0.0,,0.4,ñkñkêº,,0.01,
2022/11/12 10:00,15.9,49,,0.0,,0.8,ñkñkêº,,0.01,
2022/11/12 11:00,17.6,41,,0.0,,1.2,ñkñkìå,,0.01,
2022/11/12 12:00,18.4,38,,0.0,,0.8,ñkñkìå,,0.01,
2022/11/12 13:00,19.2,34,,0.0,,1.2,ñkìå,,0.01,
2022/11/12 14:00,19.7,32,,0.0,,1.1,ñkñkìå,,0.01,
2022/11/12 15:00,19.8,32,,0.0,,0.5,ñkñkêº,,0.01,
2022/11/12 16:00,19.3,35,,0.0,,0.6,ñkñkêº,,0.01,
2022/11/12 17:00,17.3,40,,0.0,,1.2,ñk,,0.01,
2022/11/12 18:00,15.5,47,,0.0,,1.3,ñkñkìå,,1.0e-50,
2022/11/12 19:00,14.3,49,,0.0,,1.2,ñkñkìå,,1.0e-50,
2022/11/12 20:00,13.4,51,,0.0,,1.0,ñkìå,,1.0e-50,
2022/11/12 21:00,12.9,54,,0.0,,1.1,ñkñkìå,,1.0e-50,
2022/11/12 22:00,12.3,55,,0.0,,0.7,ñkñkêº,,1.0e-50,
2022/11/12 23:00,12.6,53,,0.0,,1.2,ñk,,1.0e-50,
2022/11/13 0:00,12.4,59,,0.0,,1.2,ñkñkìå,,1.0e-50,
2022/11/13 1:00,12.1,63,,0.0,,1.1,ìåñkìå,,1.0e-50,
2022/11/13 2:00,12.0,62,,0.0,,1.3,ìåñkìå,,1.0e-50,
2022/11/13 3:00,11.3,66,,0.0,,0.9,ñkñkìå,,1.0e-50,
2022/11/13 4:00,11.8,62,,0.0,,1.6,ñkñkêº,,1.0e-50,
2022/11/13 5:00,11.3,63,,0.0,,1.2,ñk,,1.0e-50,
2022/11/13 6:00,11.3,62,,0.0,,1.4,ñkìå,,1.0e-50,
2022/11/13 7:00,11.0,61,,0.0,,1.2,ñkìå,,0.01,
2022/11/13 8:00,12.7,54,,0.0,,1.0,ñkñkìå,,0.01,
2022/11/13 9:00,14.6,52,,0.0,,0.4,ñk,,0.01,
2022/11/13 10:00,17.0,43,,0.0,,0.6,ìÏ,,0.01,
2022/11/13 11:00,18.8,40,,0.0,,1.0,ìÏìÏêº,,0.01,
2022/11/13 12:00,19.9,40,,0.0,,1.4,ìÏìÏêº,,0.01,
2022/11/13 13:00,20.6,39,,0.0,,1.4,ìÏìÏêº,,0.01,
2022/11/13 14:00,21.1,37,,0.0,,1.5,ìÏêº,,0.01,
2022/11/13 15:00,21.1,38,,0.0,,1.5,ìÏêº,,0.01,
2022/11/13 16:00,20.3,41,,0.0,,1.1,ìÏêº,,0.01,
2022/11/13 17:00,18.3,50,,0.0,,0.9,ìÏêº,,0.01,
2022/11/13 18:00,17.2,53,,0.0,,1.1,ñk,,1.0e-50,
2022/11/13 19:00,16.3,55,,0.0,,1.0,ñkìå,,1.0e-50,
2022/11/13 20:00,15.5,59,,0.0,,1.2,ìåñkìå,,1.0e-50,
2022/11/13 21:00,14.6,63,,0.0,,1.1,ñkñkìå,,1.0e-50,
2022/11/13 22:00,14.6,62,,0.0,,1.2,ñkñkìå,,1.0e-50,
2022/11/13 23:00,14.3,62,,0.0,,1.1,ñkñkìå,,1.0e-50,
2022/11/14 0:00,13.9,59,,0.0,,1.2,ñk,,1.0e-50,
2022/11/14 1:00,13.6,60,,0.0,,0.9,ñkñkìå,,1.0e-50,
2022/11/14 2:00,13.1,64,,0.0,,0.7,ñkìå,,1.0e-50,
2022/11/14 3:00,13.0,66,,0.0,,1.0,ñkìå,,1.0e-50,
2022/11/14 4:00,13.2,62,,0.0,,1.2,ñkìå,,1.0e-50,
2022/11/14 5:00,13.1,62,,0.0,,1.3,ñkñkìå,,1.0e-50,
2022/11/14 6:00,13.0,65,,0.0,,1.1,ìåñkìå,,1.0e-50,
2022/11/14 7:00,13.1,65,,0.0,,1.4,ñkìå,,0.01,
2022/11/14 8:00,14.1,62,,0.0,,1.6,ñkìå,,0.01,
2022/11/14 9:00,14.5,64,,0.0,,1.2,ñkìå,,0.01,
2022/11/14 10:00,15.4,67,,0.3,,0.7,ìå,,0.01,
2022/11/14 11:00,15.9,74,,1.1,,0.5,ìå,,0.01,
2022/11/14 12:00,16.3,76,,1.7,,0.7,ñkñkìå,,0.01,
2022/11/14 13:00,16.7,76,,0.0,,1.3,ìåñkìå,,0.01,
2022/11/14 14:00,16.9,77,,0.0,,1.4,ìåñkìå,,0.01,
2022/11/14 15:00,16.7,80,,0.1,,1.4,ñkìå,,0.01,
2022/11/14 16:00,16.5,81,,0.1,,2.1,ìåñkìå,,0.01,
2022/11/14 17:00,16.4,80,,0.0,,1.7,ìåñkìå,,0.01,
2022/11/14 18:00,16.2,78,,0.0,,1.4,ìåñkìå,,1.0e-50,
2022/11/14 19:00,16.3,78,,0.0,,1.4,ñkìå,,1.0e-50,
2022/11/14 20:00,16.2,79,,0.1,,1.2,ñkñkìå,,1.0e-50,
2022/11/14 21:00,15.8,80,,0.2,,1.5,ñkìå,,1.0e-50,
2022/11/14 22:00,15.7,83,,0.3,,1.2,ñkìå,,1.0e-50,
2022/11/14 23:00,15.6,84,,0.8,,1.4,ñkìå,,1.0e-50,
2022/11/15 0:00,15.2,85,,1.0,,1.1,ìåñkìå,,1.0e-50,
2022/11/15 1:00,15.3,85,,0.3,,1.4,ñkñkìå,,1.0e-50,
2022/11/15 2:00,15.2,86,,0.6,,1.2,ñkñkìå,,1.0e-50,
2022/11/15 3:00,14.9,89,,0.4,,1.2,ñk,,1.0e-50,
2022/11/15 4:00,15.0,90,,2.7,,1.1,ìå,,1.0e-50,
2022/11/15 5:00,14.7,92,,0.0,,0.7,ñkìå,,1.0e-50,
2022/11/15 6:00,14.4,92,,0.0,,0.7,ìÏìÏêº,,1.0e-50,
2022/11/15 7:00,14.3,93,,0.0,,0.9,ìÏêº,,0.01,
2022/11/15 8:00,14.7,92,,0.0,,0.4,ìÏ,,0.01,
2022/11/15 9:00,16.0,85,,0.0,,0.4,ìÏìÏêº,,0.01,
2022/11/15 10:00,17.6,78,,0.0,,0.7,ìÏêº,,0.01,
2022/11/15 11:00,19.2,70,,0.0,,1.0,êºìÏêº,,0.01,
2022/11/15 12:00,20.4,64,,0.0,,1.8,êºñkêº,,0.01,
2022/11/15 13:00,20.8,61,,0.0,,2.5,ñkêº,,0.01,
2022/11/15 14:00,20.5,63,,0.0,,2.3,êºñkêº,,0.01,
2022/11/15 15:00,20.3,63,,0.0,,3.3,ñkêº,,0.01,
2022/11/15 16:00,17.7,66,,0.0,,4.0,ñkñkêº,,0.01,
2022/11/15 17:00,16.4,64,,0.0,,4.0,ñkñkêº,,0.01,
2022/11/15 18:00,15.2,62,,0.0,,4.3,ñkñkêº,,1.0e-50,
2022/11/15 19:00,14.1,61,,0.0,,4.0,ñkñkêº,,1.0e-50,
2022/11/15 20:00,13.4,61,,0.0,,3.3,ñk,,1.0e-50,
2022/11/15 21:00,13.0,61,,0.0,,2.7,ñk,,1.0e-50,
2022/11/15 22:00,12.4,58,,0.0,,2.6,ñkñkêº,,1.0e-50,
2022/11/15 23:00,11.7,58,,0.0,,1.8,ñkñkêº,,1.0e-50,
2022/11/16 0:00,11.1,60,,0.0,,1.5,ñkñkêº,,1.0e-50,
2022/11/16 1:00,10.4,60,,0.0,,1.3,ñk,,1.0e-50,
2022/11/16 2:00,9.7,60,,0.0,,1.2,ñk,,1.0e-50,
2022/11/16 3:00,9.0,62,,0.0,,1.3,ñk,,1.0e-50,
2022/11/16 4:00,8.5,62,,0.0,,1.3,ñk,,1.0e-50,
2022/11/16 5:00,8.2,62,,0.0,,1.4,ñk,,1.0e-50,
2022/11/16 6:00,7.8,63,,0.0,,1.3,ñkñkìå,,1.0e-50,
2022/11/16 7:00,7.4,65,,0.0,,1.2,ñkñkìå,,0.01,
2022/11/16 8:00,8.7,60,,0.0,,1.0,ñkñkìå,,0.01,
2022/11/16 9:00,10.7,51,,0.0,,1.9,ñk,,0.01,
2022/11/16 10:00,12.7,42,,0.0,,2.5,ñk,,0.01,
2022/11/16 11:00,13.9,38,,0.0,,2.6,ñk,,0.01,
2022/11/16 12:00,14.6,37,,0.0,,2.3,ñk,,0.01,
2022/11/16 13:00,15.0,35,,0.0,,2.3,ñk,,0.01,
2022/11/16 14:00,15.2,34,,0.0,,2.9,ñkñkêº,,0.01,
2022/11/16 15:00,15.0,34,,0.0,,2.2,ñkñkêº,,0.01,
2022/11/16 16:00,14.1,38,,0.0,,2.3,ñkñkêº,,0.01,
2022/11/16 17:00,12.8,44,,0.0,,1.5,ñkñkêº,,0.01,
2022/11/16 18:00,11.4,50,,0.0,,1.4,ñkñkêº,,1.0e-50,
2022/11/16 19:00,10.4,55,,0.0,,0.5,ñk,,1.0e-50,
2022/11/16 20:00,10.1,57,,0.0,,0.3,êº,,1.0e-50,
2022/11/16 21:00,9.5,58,,0.0,,0.6,êºìÏêº,,1.0e-50,
2022/11/16 22:00,9.4,59,,0.0,,0.5,ìÏìÏêº,,1.0e-50,
2022/11/16 23:00,9.1,62,,0.0,,0.3,ìÏìÏêº,,1.0e-50,
2022/11/17 0:00,8.9,63,,0.0,,0.3,ìÏìÏêº,,1.0e-50,
2022/11/17 1:00,8.6,64,,0.0,,0.5,ìÏìÏêº,,1.0e-50,
2022/11/17 2:00,8.4,65,,0.0,,0.6,êºìÏêº,,1.0e-50,
2022/11/17 3:00,7.9,67,,0.0,,0.6,ìÏ,,1.0e-50,
2022/11/17 4:00,7.6,68,,0.0,,0.8,ìÏìÏêº,,1.0e-50,
2022/11/17 5:00,7.1,71,,0.0,,0.6,ìÏêº,,1.0e-50,
2022/11/17 6:00,6.7,72,,0.0,,0.3,êºìÏêº,,1.0e-50,
2022/11/17 7:00,6.7,71,,0.0,,0.4,ìÏìÏìå,,0.01,
2022/11/17 8:00,8.6,63,,0.0,,0.8,ìÏìÏìå,,0.01,
2022/11/17 9:00,10.7,58,,0.0,,0.7,ìÏìÏêº,,0.01,
2022/11/17 10:00,13.2,50,,0.0,,0.6,êºìÏêº,,0.01,
2022/11/17 11:00,15.3,43,,0.0,,1.0,êº,,0.01,
2022/11/17 12:00,16.2,42,,0.0,,1.9,êºñkêº,,0.01,
2022/11/17 13:00,16.5,48,,0.0,,2.6,ñkêº,,0.01,
2022/11/17 14:00,16.7,51,,0.0,,2.6,ñkñkêº,,0.01,
2022/11/17 15:00,16.4,54,,0.0,,2.9,ñkñkêº,,0.01,
2022/11/17 16:00,15.4,58,,0.0,,3.1,ñk,,0.01,
2022/11/17 17:00,14.4,58,,0.0,,2.4,ñk,,0.01,
2022/11/17 18:00,13.6,62,,0.0,,1.5,ñk,,1.0e-50,
2022/11/17 19:00,12.7,64,,0.0,,1.1,ñk,,1.0e-50,
2022/11/17 20:00,11.6,68,,0.0,,0.9,ñkñkìå,,1.0e-50,
2022/11/17 21:00,10.7,74,,0.0,,0.9,ñkñkìå,,1.0e-50,
2022/11/17 22:00,10.1,75,,0.0,,1.1,ñk,,1.0e-50,
2022/11/17 23:00,9.1,77,,0.0,,0.8,ñk,,1.0e-50,
2022/11/18 0:00,8.2,78,,0.0,,0.7,ñkñkìå,,1.0e-50,
2022/11/18 1:00,7.9,76,,0.0,,0.9,ñkñkìå,,1.0e-50,
2022/11/18 2:00,6.9,78,,0.0,,0.2,ñkìå,,1.0e-50,
2022/11/18 3:00,6.4,76,,0.0,,0.4,ìåñkìå,,1.0e-50,
2022/11/18 4:00,6.2,74,,0.0,,0.7,ñkìå,,1.0e-50,
2022/11/18 5:00,6.2,65,,0.0,,1.1,ñkñkìå,,1.0e-50,
2022/11/18 6:00,6.0,64,,0.0,,1.1,ñkìå,,1.0e-50,
2022/11/18 7:00,6.2,64,,0.0,,1.2,ñkñkìå,,0.01,
2022/11/18 8:00,7.9,55,,0.0,,1.1,ñkñkìå,,0.01,
2022/11/18 9:00,10.3,57,,0.0,,1.0,ìåñkìå,,0.01,
2022/11/18 10:00,13.2,44,,0.0,,1.4,ìåñkìå,,0.01,
2022/11/18 11:00,15.6,37,,0.0,,1.0,ìåìÏìå,,0.01,
2022/11/18 12:00,17.1,36,,0.0,,0.9,ìåìÏìå,,0.01,
2022/11/18 13:00,18.4,34,,0.0,,0.8,ìÏìÏìå,,0.01,
2022/11/18 14:00,19.3,32,,0.0,,1.1,ìÏìÏêº,,0.01,
2022/11/18 15:00,19.6,34,,0.0,,1.2,ìÏìÏêº,,0.01,
2022/11/18 16:00,18.8,39,,0.0,,0.7,ìÏ,,0.01,
2022/11/18 17:00,16.8,49,,0.0,,1.2,ìåìÏìå,,0.01,
2022/11/18 18:00,15.3,64,,0.0,,1.6,ìåñkìå,,1.0e-50,
2022/11/18 19:00,14.7,72,,0.0,,1.6,ìåñkìå,,1.0e-50,
2022/11/18 20:00,14.8,78,,0.0,,1.5,ñkìå,,1.0e-50,
2022/11/18 21:00,14.5,80,,0.0,,2.0,ìåñkìå,,1.0e-50,
2022/11/18 22:00,14.6,80,,0.0,,1.6,ìåñkìå,,1.0e-50,
2022/11/18 23:00,14.8,79,,0.1,,1.5,ñkìå,,1.0e-50,
2022/11/19 0:00,14.4,78,,0.0,,1.8,ñkìå,,1.0e-50,
2022/11/19 1:00,14.3,79,,0.1,,1.7,ñkìå,,1.0e-50,
2022/11/19 2:00,14.3,80,,0.7,,1.6,ìåñkìå,,1.0e-50,
2022/11/19 3:00,14.0,83,,1.1,,2.1,ìåñkìå,,1.0e-50,
2022/11/19 4:00,14.1,82,,0.7,,1.9,ìåñkìå,,1.0e-50,
2022/11/19 5:00,14.2,82,,0.1,,1.4,ìåñkìå,,1.0e-50,
2022/11/19 6:00,13.9,83,,0.4,,1.3,ìå,,1.0e-50,
2022/11/19 7:00,14.0,84,,0.3,,1.3,ñkìå,,0.01,
2022/11/19 8:00,14.4,84,,0.1,,1.2,ìåñkìå,,0.01,
2022/11/19 9:00,14.2,85,,2.0,,1.0,ñkìå,,0.01,
2022/11/19 10:00,14.8,82,,0.4,,0.8,ñkìå,,0.01,
2022/11/19 11:00,15.9,77,,0.0,,0.3,ñk,,0.01,
2022/11/19 12:00,17.4,70,,0.0,,0.5,ìå,,0.01,
2022/11/19 13:00,18.5,68,,0.0,,0.8,ìÏìÏêº,,0.01,
2022/11/19 14:00,19.5,68,,0.0,,1.7,ìÏìÏêº,,0.01,
2022/11/19 15:00,19.7,71,,0.0,,1.8,ìÏìÏêº,,0.01,
2022/11/19 16:00,19.2,75,,0.0,,1.7,ìÏìÏêº,,0.01,
2022/11/19 17:00,18.2,82,,0.0,,1.3,ìÏìÏêº,,0.01,
2022/11/19 18:00,17.4,87,,0.0,,1.0,ìÏêº,,1.0e-50,
2022/11/19 19:00,16.3,92,,0.0,,0.2,ñkêº,,1.0e-50,
2022/11/19 20:00,15.7,93,,0.0,,0.3,êº,,1.0e-50,
2022/11/19 21:00,15.2,92,,0.0,,0.7,ñkêº,,1.0e-50,
2022/11/19 22:00,14.5,94,,0.0,,0.3,ìÏìÏêº,,1.0e-50,
2022/11/19 23:00,14.5,94,,0.0,,0.8,ìÏìÏìå,,1.0e-50,
2022/11/20 0:00,13.9,94,,0.0,,0.3,ñkñkêº,,1.0e-50,
2022/11/20 1:00,14.1,95,,0.0,,0.6,ìÏ,,1.0e-50,
2022/11/20 2:00,14.4,95,,0.0,,0.7,ìÏìÏêº,,1.0e-50,
2022/11/20 3:00,13.9,95,,0.0,,0.6,ìÏìÏêº,,1.0e-50,
2022/11/20 4:00,14.2,95,,0.0,,1.0,ìÏ,,1.0e-50,
2022/11/20 5:00,14.0,95,,0.0,,0.7,ìÏ,,1.0e-50,
2022/11/20 6:00,14.1,95,,0.0,,0.6,ìÏêº,,1.0e-50,
2022/11/20 7:00,14.0,95,,0.0,,0.5,ìÏìÏìå,,0.01,
2022/11/20 8:00,14.6,94,,0.0,,0.7,ìÏìÏêº,,0.01,
2022/11/20 9:00,16.0,88,,0.0,,1.1,ìÏìÏêº,,0.01,
2022/11/20 10:00,17.1,84,,0.0,,1.1,ìÏìÏêº,,0.01,
2022/11/20 11:00,17.8,81,,0.0,,1.1,ìÏêº,,0.01,
2022/11/20 12:00,18.7,77,,0.0,,0.6,êºìÏêº,,0.01,
2022/11/20 13:00,19.4,71,,0.0,,0.5,êºìÏêº,,0.01,
2022/11/20 14:00,19.7,69,,0.0,,0.5,ìÏêº,,0.01,
2022/11/20 15:00,19.5,73,,0.0,,0.3,ìÏêº,,0.01,
2022/11/20 16:00,18.6,76,,0.0,,0.6,êº,,0.01,
2022/11/20 17:00,18.0,77,,0.0,,1.2,êºñkêº,,0.01,
2022/11/20 18:00,17.5,76,,0.0,,1.7,ñkêº,,1.0e-50,
2022/11/20 19:00,17.0,79,,0.5,,1.2,ñkñkêº,,1.0e-50,
2022/11/20 20:00,16.5,77,,0.0,,1.3,ñkñkìå,,1.0e-50,
2022/11/20 21:00,15.5,82,,0.0,,1.2,ñkñkêº,,1.0e-50,
2022/11/20 22:00,14.9,83,,0.0,,1.2,ñk,,1.0e-50,
2022/11/20 23:00,13.5,89,,0.0,,0.7,ñk,,1.0e-50,
2022/11/21 0:00,12.5,92,,0.0,,0.5,ñk,,1.0e-50,
2022/11/21 1:00,12.1,92,,0.0,,0.8,ìå,,1.0e-50,
2022/11/21 2:00,11.2,94,,0.0,,0.4,ìåìÏìå,,1.0e-50,
2022/11/21 3:00,11.7,90,,0.0,,1.4,ñkñkìå,,1.0e-50,
2022/11/21 4:00,11.3,89,,0.0,,1.3,ñkñkìå,,1.0e-50,
2022/11/21 5:00,10.3,91,,0.0,,0.8,ìåñkìå,,1.0e-50,
2022/11/21 6:00,10.0,92,,0.0,,0.9,ñkìå,,1.0e-50,
2022/11/21 7:00,9.7,91,,0.0,,0.8,ñkñkìå,,0.01,
2022/11/21 8:00,10.7,84,,0.0,,0.7,ñk,,0.01,
2022/11/21 9:00,13.3,73,,0.0,,1.1,ñkìå,,0.01,
2022/11/21 10:00,16.0,63,,0.0,,1.4,ìåñkìå,,0.01,
2022/11/21 11:00,18.0,55,,0.0,,1.9,ìåñkìå,,0.01,
2022/11/21 12:00,19.2,55,,0.0,,1.9,ìå,,0.01,
2022/11/21 13:00,20.2,56,,0.0,,2.2,ìåìÏìå,,0.01,
2022/11/21 14:00,20.0,60,,0.0,,2.1,ìåìÏìå,,0.01,
2022/11/21 15:00,19.0,63,,0.0,,1.6,ìåìÏìå,,0.01,
2022/11/21 16:00,18.0,70,,0.0,,1.2,ìå,,0.01,
2022/11/21 17:00,17.3,76,,0.0,,1.1,ñkìå,,0.01,
2022/11/21 18:00,16.8,78,,0.0,,1.2,ñkìå,,1.0e-50,
2022/11/21 19:00,16.6,82,,0.0,,1.3,ñkñkìå,,1.0e-50,
2022/11/21 20:00,16.4,84,,0.0,,1.3,ñkñkìå,,1.0e-50,
2022/11/21 21:00,16.3,85,,0.0,,1.3,ñkìå,,1.0e-50,
2022/11/21 22:00,16.3,86,,0.0,,1.4,ñkñkìå,,1.0e-50,
2022/11/21 23:00,16.2,87,,0.2,,1.4,ñk,,1.0e-50,
2022/11/22 0:00,16.0,89,,0.4,,1.6,ñkñkìå,,1.0e-50,
2022/11/22 1:00,15.8,90,,0.0,,1.6,ñk,,1.0e-50,
2022/11/22 2:00,15.7,91,,0.0,,1.6,ñkñkìå,,1.0e-50,
2022/11/22 3:00,15.3,92,,0.0,,1.2,ñkñkìå,,1.0e-50,
2022/11/22 4:00,15.1,92,,0.0,,1.4,ñkñkêº,,1.0e-50,
2022/11/22 5:00,14.9,91,,0.0,,1.9,ñkêº,,1.0e-50,
2022/11/22 6:00,15.4,76,,0.0,,2.0,ñkñkêº,,1.0e-50,
2022/11/22 7:00,14.4,80,,0.0,,1.2,ñkñkêº,,0.01,
2022/11/22 8:00,14.8,78,,0.0,,0.7,ñkêº,,0.01,
2022/11/22 9:00,16.4,68,,0.0,,1.3,ñkñkêº,,0.01,
2022/11/22 10:00,18.1,57,,0.0,,1.8,ñkêº,,0.01,
2022/11/22 11:00,19.4,48,,0.0,,2.3,ñkêº,,0.01,
2022/11/22 12:00,20.3,46,,0.0,,2.4,ñkêº,,0.01,
2022/11/22 13:00,20.6,44,,0.0,,2.4,ñkêº,,0.01,
2022/11/22 14:00,20.5,43,,0.0,,2.9,ñkêº,,0.01,
2022/11/22 15:00,19.7,45,,0.0,,3.2,ñkêº,,0.01,
2022/11/22 16:00,18.5,49,,0.0,,2.5,ñkêº,,0.01,
2022/11/22 17:00,16.9,54,,0.0,,1.4,ñkñkêº,,0.01,
2022/11/22 18:00,15.4,60,,0.0,,1.2,ñkñkêº,,1.0e-50,
2022/11/22 19:00,14.4,65,,0.0,,1.0,ñkñkêº,,1.0e-50,
2022/11/22 20:00,13.8,67,,0.0,,0.5,ñk,,1.0e-50,
2022/11/22 21:00,13.5,68,,0.0,,0.6,ñkñkêº,,1.0e-50,
2022/11/22 22:00,13.5,68,,0.0,,1.0,ñkêº,,1.0e-50,
2022/11/22 23:00,13.8,70,,0.0,,1.8,ñkêº,,1.0e-50,
2022/11/23 0:00,13.9,74,,0.0,,2.5,ñkñkêº,,1.0e-50,
2022/11/23 1:00,14.2,68,,0.0,,3.0,ñkñkêº,,1.0e-50,
2022/11/23 2:00,13.6,62,,0.0,,3.4,ñkñkêº,,1.0e-50,
2022/11/23 3:00,12.8,61,,0.0,,3.1,ñkñkêº,,1.0e-50,
2022/11/23 4:00,11.9,60,,0.0,,3.3,ñkñkêº,,1.0e-50,
2022/11/23 5:00,11.1,59,,0.0,,3.4,ñkñkêº,,1.0e-50,
2022/11/23 6:00,10.6,59,,0.0,,3.5,ñkñkêº,,1.0e-50,
2022/11/23 7:00,10.1,58,,0.0,,3.5,ñk,,0.01,
2022/11/23 8:00,9.9,57,,0.0,,4.1,ñk,,0.01,
2022/11/23 9:00,10.3,53,,0.0,,3.8,ñk,,0.01,
2022/11/23 10:00,11.0,51,,0.0,,3.9,ñk,,0.01,
2022/11/23 11:00,11.2,49,,0.0,,4.1,ñk,,0.01,
2022/11/23 12:00,11.3,48,,0.0,,4.1,ñk,,0.01,
2022/11/23 13:00,11.3,48,,0.0,,3.9,ñk,,0.01,
2022/11/23 14:00,11.1,47,,0.0,,3.7,ñk,,0.01,
2022/11/23 15:00,10.9,46,,0.0,,3.2,ñk,,0.01,
2022/11/23 16:00,10.3,47,,0.0,,3.3,ñk,,0.01,
2022/11/23 17:00,9.1,49,,0.0,,2.8,ñk,,0.01,
2022/11/23 18:00,8.6,48,,0.0,,2.2,ñk,,1.0e-50,
2022/11/23 19:00,8.4,44,,0.0,,2.1,ñk,,1.0e-50,
2022/11/23 20:00,8.3,40,,0.0,,2.1,ñkñkìå,,1.0e-50,
2022/11/23 21:00,8.0,38,,0.0,,1.8,ñkñkìå,,1.0e-50,
2022/11/23 22:00,8.2,35,,0.0,,0.9,ñkñkìå,,1.0e-50,
2022/11/23 23:00,8.1,39,,0.0,,0.2,ìÏìå,,1.0e-50,
2022/11/24 0:00,7.8,39,,0.1,,0.2,êº,,1.0e-50,
2022/11/24 1:00,7.5,41,,0.1,,0.4,ñk,,1.0e-50,
2022/11/24 2:00,6.6,49,,0.3,,0.5,ìåñkìå,,1.0e-50,
2022/11/24 3:00,6.3,54,,0.3,,0.8,ìåñkìå,,1.0e-50,
2022/11/24 4:00,5.9,60,,0.3,,0.8,ñkñkìå,,1.0e-50,
2022/11/24 5:00,6.1,62,,0.2,,1.0,ñkñkìå,,1.0e-50,
2022/11/24 6:00,6.4,60,,0.0,,0.5,ñkñkìå,,1.0e-50,
2022/11/24 7:00,6.3,62,,0.0,,0.5,ìÏìÏêº,,0.01,
2022/11/24 8:00,6.6,62,,0.0,,0.6,êº,,0.01,
2022/11/24 9:00,7.8,59,,0.0,,0.6,ìÏêº,,0.01,
2022/11/24 10:00,9.2,55,,0.0,,1.2,êºìÏêº,,0.01,
2022/11/24 11:00,10.5,50,,0.0,,1.3,êºìÏêº,,0.01,
2022/11/24 12:00,11.2,51,,0.0,,1.5,êºìÏêº,,0.01,
2022/11/24 13:00,11.9,49,,0.0,,1.5,êºñkêº,,0.01,
2022/11/24 14:00,12.1,48,,0.0,,2.4,ñkêº,,0.01,
2022/11/24 15:00,12.3,47,,0.0,,2.3,ñkêº,,0.01,
2022/11/24 16:00,12.0,47,,0.0,,1.8,ñkêº,,0.01,
2022/11/24 17:00,11.0,52,,0.0,,1.3,ñkêº,,0.01,
2022/11/24 18:00,9.9,60,,0.0,,1.2,ñkêº,,1.0e-50,
2022/11/24 19:00,8.9,65,,0.0,,0.9,ñkñkêº,,1.0e-50,
2022/11/24 20:00,8.2,67,,0.0,,0.5,ñkñkêº,,1.0e-50,
2022/11/24 21:00,7.9,71,,0.0,,0.8,êºñkêº,,1.0e-50,
2022/11/24 22:00,7.3,72,,0.0,,0.7,ñkñkêº,,1.0e-50,
2022/11/24 23:00,6.9,70,,0.0,,0.5,ñkêº,,1.0e-50,
2022/11/25 0:00,6.7,69,,0.0,,0.5,ñk,,1.0e-50,
2022/11/25 1:00,6.4,73,,0.0,,0.8,ìÏìå,,1.0e-50,
2022/11/25 2:00,5.9,78,,0.0,,0.6,ìÏêº,,1.0e-50,
2022/11/25 3:00,5.1,80,,0.0,,0.3,ñkñkêº,,1.0e-50,
2022/11/25 4:00,5.1,80,,0.0,,0.4,êºìÏêº,,1.0e-50,
2022/11/25 5:00,4.8,83,,0.0,,0.3,ìÏ,,1.0e-50,
2022/11/25 6:00,4.8,83,,0.0,,0.0,ìÏìÏêº,,1.0e-50,
2022/11/25 7:00,4.7,83,,0.0,,0.1,ìÏìÏìå,,0.01,
2022/11/25 8:00,6.0,75,,0.0,,0.6,ìÏìÏêº,,0.01,
2022/11/25 9:00,7.5,68,,0.0,,0.3,ìÏìÏêº,,0.01,
2022/11/25 10:00,9.2,60,,0.0,,0.9,êºìÏêº,,0.01,
2022/11/25 11:00,11.2,52,,0.0,,1.3,êºìÏêº,,0.01,
2022/11/25 12:00,11.7,55,,0.0,,1.8,êºñkêº,,0.01,
2022/11/25 13:00,12.3,52,,0.0,,1.8,ñkêº,,0.01,
2022/11/25 14:00,12.8,47,,0.0,,1.3,êºñkêº,,0.01,
2022/11/25 15:00,13.0,45,,0.0,,1.1,êºñkêº,,0.01,
2022/11/25 16:00,12.7,47,,0.0,,1.2,ñkêº,,0.01,
2022/11/25 17:00,11.6,52,,0.0,,1.2,ñkñkêº,,0.01,
2022/11/25 18:00,10.7,56,,0.0,,1.4,ñk,,1.0e-50,
2022/11/25 19:00,9.8,61,,0.0,,1.0,ñkñkìå,,1.0e-50,
2022/11/25 20:00,9.2,65,,0.0,,0.9,ñkñkêº,,1.0e-50,
2022/11/25 21:00,8.6,70,,0.0,,0.7,ñkñkêº,,1.0e-50,
2022/11/25 22:00,8.0,73,,0.0,,0.6,ñkñkêº,,1.0e-50,
2022/11/25 23:00,7.6,75,,0.0,,0.7,ñkêº,,1.0e-50,
2022/11/26 0:00,7.6,74,,0.0,,1.1,ñkêº,,1.0e-50,
2022/11/26 1:00,6.8,78,,0.0,,0.3,ñkêº,,1.0e-50,
2022/11/26 2:00,6.3,80,,0.0,,0.3,ìÏìÏìå,,1.0e-50,
2022/11/26 3:00,5.7,80,,0.0,,0.3,êºñkêº,,1.0e-50,
2022/11/26 4:00,5.2,81,,0.0,,0.3,ìÏìå,,1.0e-50,
2022/11/26 5:00,4.9,82,,0.0,,0.4,ìåìÏìå,,1.0e-50,
2022/11/26 6:00,4.6,81,,0.0,,0.4,ìåìÏìå,,1.0e-50,
2022/11/26 7:00,4.4,81,,0.0,,0.5,ìå,,0.01,
2022/11/26 8:00,5.9,73,,0.0,,0.3,ìåñkìå,,0.01,
2022/11/26 9:00,8.5,66,,0.0,,0.6,ìå,,0.01,
2022/11/26 10:00,10.9,59,,0.0,,1.1,ìå,,0.01,
2022/11/26 11:00,12.6,46,,0.0,,1.1,ìåìÏìå,,0.01,
2022/11/26 12:00,14.0,35,,0.0,,1.3,ìÏìå,,0.01,
2022/11/26 13:00,15.2,32,,0.0,,1.8,ìÏìÏìå,,0.01,
2022/11/26 14:00,15.9,33,,0.0,,1.9,ìÏìÏìå,,0.01,
2022/11/26 15:00,16.0,36,,0.0,,1.6,ìÏìÏìå,,0.01,
2022/11/26 16:00,15.5,41,,0.0,,1.3,ìÏìå,,0.01,
2022/11/26 17:00,14.2,47,,0.0,,1.7,ìåìÏìå,,0.01,
2022/11/26 18:00,13.5,47,,0.0,,1.5,ìå,,1.0e-50,
2022/11/26 19:00,13.3,50,,0.0,,0.8,ñkìå,,1.0e-50,
2022/11/26 20:00,13.4,50,,0.0,,1.1,ìå,,1.0e-50,
2022/11/26 21:00,12.7,66,,0.2,,1.0,ñkìå,,1.0e-50,
2022/11/26 22:00,12.2,74,,1.8,,0.7,ñkñkêº,,1.0e-50,
2022/11/26 23:00,12.0,82,,3.2,,0.8,ñkìå,,1.0e-50,
2022/11/27 0:00,11.7,87,,3.6,,0.8,ìåñkìå,,1.0e-50,
2022/11/27 1:00,11.7,88,,1.5,,1.0,ñkìå,,1.0e-50,
2022/11/27 2:00,11.7,89,,0.3,,1.1,ñkìå,,1.0e-50,
2022/11/27 3:00,11.6,90,,0.3,,1.0,ñkìå,,1.0e-50,
2022/11/27 4:00,11.5,90,,0.2,,0.9,ñkñkìå,,1.0e-50,
2022/11/27 5:00,11.5,89,,0.2,,1.0,ñkñkìå,,1.0e-50,
2022/11/27 6:00,11.6,89,,0.1,,1.0,ñkìå,,1.0e-50,
2022/11/27 7:00,11.6,90,,0.6,,1.0,ñkìå,,0.01,
2022/11/27 8:00,11.7,90,,0.8,,0.9,ñkñkìå,,0.01,
2022/11/27 9:00,11.9,90,,1.1,,1.1,ñk,,0.01,
2022/11/27 10:00,12.3,88,,1.9,,1.0,ñkñkìå,,0.01,
2022/11/27 11:00,12.6,87,,1.8,,0.8,ñk,,0.01,
2022/11/27 12:00,12.7,88,,2.0,,0.7,ñk,,0.01,
2022/11/27 13:00,12.9,87,,1.8,,0.8,ñkñkìå,,0.01,
2022/11/27 14:00,12.9,87,,1.7,,0.6,ñk,,0.01,
2022/11/27 15:00,12.6,88,,1.6,,0.7,ñkñkêº,,0.01,
2022/11/27 16:00,12.3,89,,3.3,,0.7,ñkñkìå,,0.01,
2022/11/27 17:00,12.2,89,,0.9,,0.9,ñkñkêº,,0.01,
2022/11/27 18:00,12.2,87,,0.4,,1.0,ñkñkêº,,1.0e-50,
2022/11/27 19:00,11.9,86,,0.1,,0.7,ñkñkêº,,1.0e-50,
2022/11/27 20:00,11.9,85,,0.2,,1.0,êºñkêº,,1.0e-50,
2022/11/27 21:00,11.7,85,,0.2,,1.0,êº,,1.0e-50,
2022/11/27 22:00,11.8,84,,0.1,,1.3,êº,,1.0e-50,
2022/11/27 23:00,11.9,82,,0.1,,1.2,êºñkêº,,1.0e-50,
2022/11/28 0:00,12.2,75,,0.0,,2.1,ñkêº,,1.0e-50,
2022/11/28 1:00,12.3,63,,0.0,,3.0,ñkñkêº,,1.0e-50,
2022/11/28 2:00,11.9,59,,0.0,,2.4,ñkêº,,1.0e-50,
2022/11/28 3:00,11.1,62,,0.0,,2.2,ñkêº,,1.0e-50,
2022/11/28 4:00,10.7,67,,0.0,,2.8,ñkêº,,1.0e-50,
2022/11/28 5:00,10.6,67,,0.0,,2.2,ñkêº,,1.0e-50,
2022/11/28 6:00,9.8,71,,0.0,,1.2,êºñkêº,,1.0e-50,
2022/11/28 7:00,9.3,72,,0.0,,1.3,êº,,0.01,
2022/11/28 8:00,9.6,70,,0.0,,1.0,êºìÏêº,,0.01,
2022/11/28 9:00,11.3,58,,0.0,,2.5,ñkêº,,0.01,
2022/11/28 10:00,12.6,44,,0.0,,3.6,ñkêº,,0.01,
2022/11/28 11:00,13.1,41,,0.0,,4.2,ñkñkêº,,0.01,
2022/11/28 12:00,12.9,43,,0.0,,3.9,ñkñkêº,,0.01,
2022/11/28 13:00,13.0,41,,0.0,,3.9,ñkñkêº,,0.01,
2022/11/28 14:00,12.9,41,,0.0,,4.1,ñkñkêº,,0.01,
2022/11/28 15:00,12.1,45,,0.0,,3.5,ñkñkêº,,0.01,
2022/11/28 16:00,11.4,47,,0.0,,2.9,ñkñkêº,,0.01,
2022/11/28 17:00,10.7,52,,0.0,,1.5,ñkñkêº,,0.01,
2022/11/28 18:00,9.9,57,,0.0,,1.1,ñkêº,,1.0e-50,
2022/11/28 19:00,9.1,61,,0.0,,1.2,êºñkêº,,1.0e-50,
2022/11/28 20:00,8.6,65,,0.0,,1.3,êºñkêº,,1.0e-50,
2022/11/28 21:00,8.2,69,,0.0,,1.1,ñkêº,,1.0e-50,
2022/11/28 22:00,7.9,72,,0.0,,1.2,ñkêº,,1.0e-50,
2022/11/28 23:00,7.5,75,,0.0,,1.1,ñkêº,,1.0e-50,
2022/11/29 0:00,7.3,75,,0.0,,1.0,ñkêº,,1.0e-50,
2022/11/29 1:00,7.4,75,,0.0,,1.1,ñkñkêº,,1.0e-50,
2022/11/29 2:00,7.3,77,,0.0,,1.1,ñkêº,,1.0e-50,
2022/11/29 3:00,7.1,78,,0.0,,1.2,ñkñkêº,,1.0e-50,
2022/11/29 4:00,7.2,79,,0.0,,1.1,ñkêº,,1.0e-50,
2022/11/29 5:00,7.1,81,,0.0,,1.0,ñkñkêº,,1.0e-50,
2022/11/29 6:00,6.7,83,,0.0,,0.9,ñkñkêº,,1.0e-50,
2022/11/29 7:00,6.4,85,,0.0,,0.6,ñkñkêº,,0.01,
2022/11/29 8:00,7.1,81,,0.0,,0.8,ñkñkêº,,0.01,
2022/11/29 9:00,8.7,71,,0.0,,0.6,ñkêº,,0.01,
2022/11/29 10:00,10.2,64,,0.0,,1.1,êºñkêº,,0.01,
2022/11/29 11:00,11.3,59,,0.0,,2.2,ñkêº,,0.01,
2022/11/29 12:00,12.2,56,,0.0,,2.5,ñkêº,,0.01,
2022/11/29 13:00,12.2,54,,0.0,,2.9,ñkñkêº,,0.01,
2022/11/29 14:00,12.2,52,,0.0,,3.0,ñkñkêº,,0.01,
2022/11/29 15:00,11.7,54,,0.0,,3.0,ñkñkêº,,0.01,
2022/11/29 16:00,11.2,57,,0.0,,2.5,ñkñkêº,,0.01,
2022/11/29 17:00,10.6,60,,0.0,,1.8,ñkñkêº,,0.01,
2022/11/29 18:00,10.0,64,,0.0,,1.4,ñkêº,,1.0e-50,
2022/11/29 19:00,9.3,67,,0.0,,1.2,ñkêº,,1.0e-50,
2022/11/29 20:00,8.8,68,,0.0,,0.9,ñk,,1.0e-50,
2022/11/29 21:00,8.6,70,,0.0,,0.9,ñk,,1.0e-50,
2022/11/29 22:00,8.2,72,,0.0,,1.0,ñkñkìå,,1.0e-50,
2022/11/29 23:00,7.6,75,,0.0,,0.6,ñkìå,,1.0e-50,
2022/11/30 0:00,7.1,77,,0.0,,1.2,ñk,,1.0e-50,
2022/11/30 1:00,6.5,77,,0.0,,1.2,ñkñkìå,,1.0e-50,
2022/11/30 2:00,6.1,76,,0.0,,1.2,ñk,,1.0e-50,
2022/11/30 3:00,5.5,75,,0.0,,1.1,ñkñkìå,,1.0e-50,
2022/11/30 4:00,4.5,79,,0.0,,0.2,ñkêº,,1.0e-50,
2022/11/30 5:00,4.1,81,,0.0,,0.3,êºìÏêº,,1.0e-50,
2022/11/30 6:00,4.1,81,,0.0,,0.7,ñk,,1.0e-50,
2022/11/30 7:00,4.0,83,,0.0,,0.7,ìåìÏìå,,0.01,
2022/11/30 8:00,5.0,78,,0.0,,0.4,ñk,,0.01,
2022/11/30 9:00,6.5,69,,0.0,,0.6,ñkìå,,0.01,
2022/11/30 10:00,8.4,57,,0.0,,0.9,ìåñkìå,,0.01,
2022/11/30 11:00,9.6,48,,0.0,,0.8,ìåñkìå,,0.01,
2022/11/30 12:00,10.3,43,,0.0,,0.7,ìåìÏìå,,0.01,
2022/11/30 13:00,11.0,40,,0.0,,0.5,ìÏìå,,0.01,
2022/11/30 14:00,11.4,38,,0.0,,0.4,ìÏìÏìå,,0.01,
2022/11/30 15:00,11.4,39,,0.0,,0.3,ìåìÏìå,,0.01,
2022/11/30 16:00,11.2,42,,0.0,,0.7,ìåñkìå,,0.01,
2022/11/30 17:00,10.6,46,,0.0,,1.1,ñkìå,,0.01,
2022/11/30 18:00,10.4,51,,0.0,,1.3,ñkìå,,1.0e-50,
2022/11/30 19:00,10.1,53,,0.0,,1.0,ñkñkìå,,1.0e-50,
2022/11/30 20:00,9.8,57,,0.0,,1.1,ñkìå,,1.0e-50,
2022/11/30 21:00,9.2,65,,0.0,,0.8,ñkñkìå,,1.0e-50,
2022/11/30 22:00,8.7,68,,0.0,,0.8,ñk,,1.0e-50,
2022/11/30 23:00,8.4,68,,0.0,,1.0,ñkñkìå,,1.0e-50,
2022/12/1 0:00,7.7,70,,0.0,,0.8,ñk,,1.0e-50,
2022/12/1 1:00,7.1,72,,0.0,,0.9,ñk,,1.0e-50,
2022/12/1 2:00,6.2,75,,0.0,,0.3,ñkñkêº,,1.0e-50,
2022/12/1 3:00,5.9,76,,0.0,,0.4,ìÏìÏêº,,1.0e-50,
2022/12/1 4:00,5.2,78,,0.0,,0.6,ìÏìÏêº,,1.0e-50,
2022/12/1 5:00,4.5,80,,0.0,,0.6,ìÏ,,1.0e-50,
2022/12/1 6:00,4.0,77,,0.0,,0.9,ìÏêº,,1.0e-50,
2022/12/1 7:00,3.5,81,,0.0,,0.3,ìÏêº,,0.01,
2022/12/1 8:00,4.9,76,,0.0,,0.4,ìÏìÏêº,,0.01,
2022/12/1 9:00,7.4,66,,0.0,,0.5,ìÏìÏêº,,0.01,
2022/12/1 10:00,9.9,60,,0.0,,1.5,êºìÏêº,,0.01,
2022/12/1 11:00,12.1,53,,0.0,,2.1,êºìÏêº,,0.01,
2022/12/1 12:00,12.8,49,,0.0,,2.7,êºìÏêº,,0.01,
2022/12/1 13:00,13.6,42,,0.0,,2.8,êºìÏêº,,0.01,
2022/12/1 14:00,14.0,39,,0.0,,2.9,êº,,0.01,
2022/12/1 15:00,14.1,39,,0.0,,2.6,êºìÏêº,,0.01,
2022/12/1 16:00,13.6,42,,0.0,,1.8,êºìÏêº,,0.01,
2022/12/1 17:00,12.2,48,,0.0,,1.5,ìÏêº,,0.01,
2022/12/1 18:00,11.1,55,,0.0,,1.2,êº,,1.0e-50,
2022/12/1 19:00,10.3,60,,0.0,,1.2,ñkêº,,1.0e-50,
2022/12/1 20:00,9.5,65,,0.0,,0.9,ñk,,1.0e-50,
2022/12/1 21:00,8.6,72,,0.0,,0.3,ñkìå,,1.0e-50,
2022/12/1 22:00,7.8,74,,0.0,,0.1,ìÏìå,,1.0e-50,
2022/12/1 23:00,7.3,76,,0.0,,0.6,êºìÏêº,,1.0e-50,
2022/12/2 0:00,6.4,80,,0.0,,0.6,ñkêº,,1.0e-50,
2022/12/2 1:00,5.8,82,,0.0,,0.4,ìÏêº,,1.0e-50,
2022/12/2 2:00,5.6,84,,0.0,,0.8,ìÏ,,1.0e-50,
2022/12/2 3:00,4.9,83,,0.0,,0.4,êºìÏêº,,1.0e-50,
2022/12/2 4:00,4.7,85,,0.0,,0.7,ìÏìÏêº,,1.0e-50,
2022/12/2 5:00,4.6,86,,0.0,,0.9,ìÏ,,1.0e-50,
2022/12/2 6:00,4.2,88,,0.0,,0.8,ìÏ,,1.0e-50,
2022/12/2 7:00,4.2,87,,0.0,,1.1,ìÏ,,0.01,
2022/12/2 8:00,5.2,81,,0.0,,0.9,ìÏ,,0.01,
2022/12/2 9:00,7.6,70,,0.0,,0.6,ìÏìÏêº,,0.01,
2022/12/2 10:00,10.1,59,,0.0,,1.4,ìÏêº,,0.01,
2022/12/2 11:00,12.0,51,,0.0,,1.4,êºìÏêº,,0.01,
2022/12/2 12:00,12.8,48,,0.0,,2.0,êºìÏêº,,0.01,
2022/12/2 13:00,13.7,45,,0.0,,2.0,êºìÏêº,,0.01,
2022/12/2 14:00,14.2,42,,0.0,,1.8,êºìÏêº,,0.01,
2022/12/2 15:00,14.1,42,,0.0,,1.6,êºìÏêº,,0.01,
2022/12/2 16:00,13.8,43,,0.0,,0.8,êºìÏêº,,0.01,
2022/12/2 17:00,11.9,52,,0.0,,0.8,êºìÏêº,,0.01,
2022/12/2 18:00,10.9,60,,0.0,,0.8,êº,,1.0e-50,
2022/12/2 19:00,10.4,61,,0.0,,0.8,ñkêº,,1.0e-50,
2022/12/2 20:00,9.7,64,,0.0,,0.6,ñkêº,,1.0e-50,
2022/12/2 21:00,8.9,69,,0.0,,0.4,êºìÏêº,,1.0e-50,
2022/12/2 22:00,8.4,71,,0.0,,0.4,ìÏìÏêº,,1.0e-50,
2022/12/2 23:00,8.0,72,,0.0,,0.5,ìÏìÏêº,,1.0e-50,
2022/12/3 0:00,7.2,75,,0.0,,0.2,êºñkêº,,1.0e-50,
2022/12/3 1:00,6.7,77,,0.0,,0.3,ñkêº,,1.0e-50,
2022/12/3 2:00,6.3,78,,0.0,,0.7,êºñkêº,,1.0e-50,
2022/12/3 3:00,6.1,77,,0.0,,0.7,êº,,1.0e-50,
2022/12/3 4:00,5.5,77,,0.0,,0.6,ìÏêº,,1.0e-50,
2022/12/3 5:00,5.1,78,,0.0,,0.6,ìÏìÏêº,,1.0e-50,
2022/12/3 6:00,4.8,79,,0.0,,0.5,êºìÏêº,,1.0e-50,
2022/12/3 7:00,4.3,80,,0.0,,0.5,ìÏêº,,0.01,
2022/12/3 8:00,5.8,72,,0.0,,1.0,ìÏìÏêº,,0.01,
2022/12/3 9:00,8.2,59,,0.0,,1.1,ìÏêº,,0.01,
2022/12/3 10:00,11.0,43,,0.0,,2.1,êºìÏêº,,0.01,
2022/12/3 11:00,12.5,31,,0.0,,2.2,êºìÏêº,,0.01,
2022/12/3 12:00,13.2,25,,0.0,,2.4,êºìÏêº,,0.01,
2022/12/3 13:00,13.7,24,,0.0,,2.0,êºìÏêº,,0.01,
2022/12/3 14:00,14.0,24,,0.0,,1.8,êº,,0.01,
2022/12/3 15:00,13.9,26,,0.0,,1.4,êºìÏêº,,0.01,
2022/12/3 16:00,13.4,29,,0.0,,0.9,êºìÏêº,,0.01,
2022/12/3 17:00,11.5,37,,0.0,,1.3,ìÏêº,,0.01,
2022/12/3 18:00,9.5,47,,0.0,,0.6,êºìÏêº,,1.0e-50,
2022/12/3 19:00,8.3,52,,0.0,,0.4,êºñkêº,,1.0e-50,
2022/12/3 20:00,7.6,55,,0.0,,0.4,ñkêº,,1.0e-50,
2022/12/3 21:00,7.3,57,,0.0,,0.3,ñkêº,,1.0e-50,
2022/12/3 22:00,7.3,58,,0.0,,0.3,ñk,,1.0e-50,
2022/12/3 23:00,7.0,61,,0.0,,0.1,ñkñkìå,,1.0e-50,
2022/12/4 0:00,6.3,64,,0.0,,0.2,ìÏêº,,1.0e-50,
2022/12/4 1:00,6.4,64,,0.0,,0.7,ìÏ,,1.0e-50,
2022/12/4 2:00,6.1,66,,0.0,,1.0,ìÏ,,1.0e-50,
2022/12/4 3:00,5.5,71,,0.0,,0.3,ìÏêº,,1.0e-50,
2022/12/4 4:00,5.2,72,,0.0,,0.2,ñkñkêº,,1.0e-50,
2022/12/4 5:00,4.9,74,,0.0,,0.3,ñk,,1.0e-50,
2022/12/4 6:00,5.1,74,,0.0,,0.5,ìåñkìå,,1.0e-50,
2022/12/4 7:00,4.7,77,,0.0,,0.3,êº,,0.01,
2022/12/4 8:00,5.8,72,,0.0,,0.3,ñkñkìå,,0.01,
2022/12/4 9:00,8.0,65,,0.0,,0.4,ñkêº,,0.01,
2022/12/4 10:00,10.0,54,,0.0,,1.0,ìÏêº,,0.01,
2022/12/4 11:00,11.6,48,,0.0,,1.3,êºìÏêº,,0.01,
2022/12/4 12:00,12.5,44,,0.0,,1.7,êºìÏêº,,0.01,
2022/12/4 13:00,13.2,39,,0.0,,1.9,êº,,0.01,
2022/12/4 14:00,13.6,35,,0.0,,1.8,êºñkêº,,0.01,
2022/12/4 15:00,13.6,33,,0.0,,1.6,êºñkêº,,0.01,
2022/12/4 16:00,13.1,35,,0.0,,1.8,ñkêº,,0.01,
2022/12/4 17:00,11.9,45,,0.0,,2.2,ñkêº,,0.01,
2022/12/4 18:00,10.8,57,,0.0,,2.3,ñkêº,,1.0e-50,
2022/12/4 19:00,10.1,65,,0.0,,1.9,ñkêº,,1.0e-50,
2022/12/4 20:00,9.6,71,,0.0,,1.6,ñkêº,,1.0e-50,
2022/12/4 21:00,9.0,74,,0.0,,1.4,ñkêº,,1.0e-50,
2022/12/4 22:00,8.5,79,,0.0,,1.0,êºñkêº,,1.0e-50,
2022/12/4 23:00,7.6,84,,0.0,,0.4,êºìÏêº,,1.0e-50,
2022/12/5 0:00,6.9,85,,0.0,,0.5,ìÏêº,,1.0e-50,
2022/12/5 1:00,6.3,86,,0.0,,0.5,ìÏ,,1.0e-50,
2022/12/5 2:00,6.3,85,,0.0,,1.0,ìÏìÏêº,,1.0e-50,
2022/12/5 3:00,5.9,86,,0.0,,0.7,ìÏìÏêº,,1.0e-50,
2022/12/5 4:00,5.5,87,,0.0,,0.7,ìÏìÏêº,,1.0e-50,
2022/12/5 5:00,5.2,88,,0.0,,0.6,ìÏ,,1.0e-50,
2022/12/5 6:00,4.7,91,,0.0,,0.4,ìÏêº,,1.0e-50,
2022/12/5 7:00,4.8,89,,0.0,,0.8,ìÏêº,,1.0e-50,
2022/12/5 8:00,5.8,84,,0.0,,0.6,ìÏìÏêº,,0.01,
2022/12/5 9:00,8.0,74,,0.0,,0.3,ìÏìÏêº,,0.01,
2022/12/5 10:00,10.5,62,,0.0,,1.4,ìÏêº,,0.01,
2022/12/5 11:00,12.3,55,,0.0,,1.6,ìÏêº,,0.01,
2022/12/5 12:00,13.3,51,,0.0,,1.9,êºìÏêº,,0.01,
2022/12/5 13:00,14.0,45,,0.0,,1.9,êºìÏêº,,0.01,
2022/12/5 14:00,14.5,40,,0.0,,1.8,êºìÏêº,,0.01,
2022/12/5 15:00,14.7,38,,0.0,,2.1,êºìÏêº,,0.01,
2022/12/5 16:00,14.1,39,,0.0,,1.5,êºìÏêº,,0.01,
2022/12/5 17:00,12.4,46,,0.0,,1.3,êºìÏêº,,0.01,
2022/12/5 18:00,10.5,54,,0.0,,0.9,ìÏêº,,1.0e-50,
2022/12/5 19:00,9.3,58,,0.0,,0.6,êº,,1.0e-50,
2022/12/5 20:00,8.6,62,,0.0,,0.3,ìÏìå,,1.0e-50,
2022/12/5 21:00,8.0,64,,0.0,,0.4,ñkñkêº,,1.0e-50,
2022/12/5 22:00,7.5,66,,0.0,,0.3,ìÏìå,,1.0e-50,
2022/12/5 23:00,7.1,69,,0.0,,0.3,ìÏìÏìå,,1.0e-50,
2022/12/6 0:00,6.5,72,,0.0,,0.2,ñk,,1.0e-50,
2022/12/6 1:00,6.2,75,,0.0,,0.3,ìåìÏìå,,1.0e-50,
2022/12/6 2:00,5.9,77,,0.0,,0.4,ìÏìå,,1.0e-50,
2022/12/6 3:00,5.8,78,,0.0,,0.1,êºìÏêº,,1.0e-50,
2022/12/6 4:00,5.8,76,,0.0,,0.8,ìÏ,,1.0e-50,
2022/12/6 5:00,5.9,75,,0.0,,1.1,ìÏ,,1.0e-50,
2022/12/6 6:00,4.9,82,,0.0,,0.8,ìÏ,,1.0e-50,
2022/12/6 7:00,5.3,80,,0.0,,1.1,ìÏìÏìå,,1.0e-50,
2022/12/6 8:00,6.0,79,,0.0,,0.8,ìÏ,,0.01,
2022/12/6 9:00,8.3,71,,0.0,,0.2,ìÏìÏêº,,0.01,
2022/12/6 10:00,11.2,63,,0.0,,1.8,êºìÏêº,,0.01,
2022/12/6 11:00,13.4,52,,0.0,,2.9,êºìÏêº,,0.01,
2022/12/6 12:00,14.1,46,,0.0,,3.5,êº,,0.01,
2022/12/6 13:00,14.4,45,,0.0,,3.3,êº,,0.01,
2022/12/6 14:00,14.6,44,,0.0,,2.7,êº,,0.01,
2022/12/6 15:00,14.3,48,,0.0,,2.4,êºñkêº,,0.01,
2022/12/6 16:00,13.3,53,,0.1,,2.1,ñkêº,,0.01,
2022/12/6 17:00,12.1,59,,0.0,,0.9,êºñkêº,,0.01,
2022/12/6 18:00,10.9,61,,0.0,,1.5,ñkêº,,1.0e-50,
2022/12/6 19:00,10.1,66,,0.0,,1.7,ñkêº,,1.0e-50,
2022/12/6 20:00,9.8,72,,0.0,,2.1,ñkêº,,1.0e-50,
2022/12/6 21:00,9.2,76,,0.0,,1.6,ñkêº,,1.0e-50,
2022/12/6 22:00,8.2,81,,0.0,,1.1,ñkêº,,1.0e-50,
2022/12/6 23:00,7.4,84,,0.0,,1.0,ñkêº,,1.0e-50,
2022/12/7 0:00,6.7,86,,0.0,,0.7,ñkêº,,1.0e-50,
2022/12/7 1:00,6.1,89,,0.0,,0.5,êº,,1.0e-50,
2022/12/7 2:00,5.8,90,,0.0,,0.6,êºìÏêº,,1.0e-50,
2022/12/7 3:00,5.9,89,,0.0,,1.2,êº,,1.0e-50,
2022/12/7 4:00,5.3,91,,0.0,,0.8,êº,,1.0e-50,
2022/12/7 5:00,5.0,93,,0.0,,0.9,ìÏêº,,1.0e-50,
2022/12/7 6:00,4.8,93,,0.0,,1.0,êºìÏêº,,1.0e-50,
2022/12/7 7:00,4.9,92,,0.0,,1.0,êºìÏêº,,1.0e-50,
2022/12/7 8:00,5.5,87,,0.0,,0.9,êºìÏêº,,0.01,
2022/12/7 9:00,7.4,76,,0.0,,1.3,êºñkêº,,0.01,
2022/12/7 10:00,9.2,64,,0.0,,1.9,êºñkêº,,0.01,
2022/12/7 11:00,10.3,55,,0.0,,2.7,êºñkêº,,0.01,
2022/12/7 12:00,11.3,47,,0.0,,3.0,êºñkêº,,0.01,
2022/12/7 13:00,11.3,48,,0.0,,2.9,êºñkêº,,0.01,
2022/12/7 14:00,11.3,50,,0.0,,3.0,êºñkêº,,0.01,
2022/12/7 15:00,11.4,47,,0.0,,3.0,êºñkêº,,0.01,
2022/12/7 16:00,10.8,51,,0.0,,2.5,ñkêº,,0.01,
2022/12/7 17:00,10.0,57,,0.0,,1.3,êºñkêº,,0.01,
2022/12/7 18:00,9.0,63,,0.0,,1.3,êº,,1.0e-50,
2022/12/7 19:00,8.6,66,,0.0,,1.5,êºñkêº,,1.0e-50,
2022/12/7 20:00,8.3,68,,0.0,,1.6,êºñkêº,,1.0e-50,
2022/12/7 21:00,7.6,71,,0.0,,1.7,êºñkêº,,1.0e-50,
2022/12/7 22:00,7.5,70,,0.0,,1.5,ñkêº,,1.0e-50,
2022/12/7 23:00,6.9,72,,0.0,,1.3,êºñkêº,,1.0e-50,
2022/12/8 0:00,6.8,70,,0.0,,1.4,êºñkêº,,1.0e-50,
2022/12/8 1:00,6.5,70,,0.0,,1.3,ñkêº,,1.0e-50,
2022/12/8 2:00,6.2,72,,0.0,,1.2,ñkêº,,1.0e-50,
2022/12/8 3:00,6.0,74,,0.0,,1.4,ñkêº,,1.0e-50,
2022/12/8 4:00,6.0,75,,0.0,,1.3,ñkñkêº,,1.0e-50,
2022/12/8 5:00,5.6,77,,0.0,,1.2,ñkñkêº,,1.0e-50,
2022/12/8 6:00,5.5,79,,0.0,,1.0,ñkñkêº,,1.0e-50,
2022/12/8 7:00,5.2,81,,0.0,,1.1,ñk,,1.0e-50,
2022/12/8 8:00,5.7,78,,0.0,,0.9,ñk,,0.01,
2022/12/8 9:00,6.9,71,,0.0,,0.6,ñkñkêº,,0.01,
2022/12/8 10:00,8.6,60,,0.0,,1.4,ñkñkìå,,0.01,
2022/12/8 11:00,10.0,49,,0.0,,2.5,ñk,,0.01,
2022/12/8 12:00,10.5,44,,0.0,,2.7,ñk,,0.01,
2022/12/8 13:00,10.9,40,,0.0,,3.1,ñk,,0.01,
2022/12/8 14:00,11.0,39,,0.0,,3.0,ñkñkêº,,0.01,
2022/12/8 15:00,10.6,41,,0.0,,2.5,ñkñkêº,,0.01,
2022/12/8 16:00,10.1,43,,0.0,,2.1,ñkñkêº,,0.01,
2022/12/8 17:00,8.8,49,,0.0,,1.4,ñkñkêº,,0.01,
2022/12/8 18:00,7.8,56,,0.0,,1.3,ñk,,1.0e-50,
2022/12/8 19:00,6.8,60,,0.0,,1.0,ñkñkêº,,1.0e-50,
2022/12/8 20:00,6.2,63,,0.0,,1.0,ñkñkìå,,1.0e-50,
2022/12/8 21:00,5.6,68,,0.0,,0.9,ñk,,1.0e-50,
2022/12/8 22:00,5.0,70,,0.0,,0.8,ñkñkêº,,1.0e-50,
2022/12/8 23:00,4.6,72,,0.0,,0.7,ñkìå,,1.0e-50,
2022/12/9 0:00,4.4,74,,0.0,,0.7,ñk,,1.0e-50,
2022/12/9 1:00,3.8,77,,0.0,,0.4,ñkñkêº,,1.0e-50,
2022/12/9 2:00,3.7,76,,0.0,,0.7,ñkìå,,1.0e-50,
2022/12/9 3:00,3.8,71,,0.0,,1.2,ñkìå,,1.0e-50,
2022/12/9 4:00,3.6,70,,0.0,,1.3,ñkìå,,1.0e-50,
2022/12/9 5:00,3.0,69,,0.0,,0.8,ñkìå,,1.0e-50,
2022/12/9 6:00,3.2,69,,0.0,,0.8,ñkìå,,1.0e-50,
2022/12/9 7:00,3.4,65,,0.0,,1.2,ìåñkìå,,1.0e-50,
2022/12/9 8:00,4.3,64,,0.0,,1.0,ñkìå,,0.01,
2022/12/9 9:00,6.0,62,,0.0,,0.6,ñkñkìå,,0.01,
2022/12/9 10:00,8.3,44,,0.0,,1.0,ìÏìÏìå,,0.01,
2022/12/9 11:00,10.1,35,,0.0,,1.6,ìÏ,,0.01,
2022/12/9 12:00,11.8,33,,0.0,,1.8,ìÏìÏêº,,0.01,
2022/12/9 13:00,12.6,36,,0.0,,1.8,ìÏìÏêº,,0.01,
2022/12/9 14:00,12.9,37,,0.0,,1.8,ìÏ,,0.01,
2022/12/9 15:00,12.4,42,,0.0,,1.4,ìÏ,,0.01,
2022/12/9 16:00,11.8,47,,0.0,,0.6,ìÏìÏìå,,0.01,
2022/12/9 17:00,11.4,47,,0.0,,1.5,ìå,,0.01,
2022/12/9 18:00,11.0,50,,0.0,,1.8,ìåìÏìå,,1.0e-50,
2022/12/9 19:00,11.0,55,,0.0,,1.9,ìå,,1.0e-50,
2022/12/9 20:00,11.0,60,,0.0,,1.7,ìåìÏìå,,1.0e-50,
2022/12/9 21:00,10.7,64,,0.0,,1.9,ìå,,1.0e-50,
2022/12/9 22:00,10.7,66,,0.1,,2.6,ìåìÏìå,,1.0e-50,
2022/12/9 23:00,11.0,68,,0.2,,2.2,ìåìÏìå,,1.0e-50,
2022/12/10 0:00,10.7,78,,0.3,,1.7,ìÏìå,,1.0e-50,
2022/12/10 1:00,11.0,80,,1.4,,2.3,ìåìÏìå,,1.0e-50,
2022/12/10 2:00,11.8,77,,0.4,,2.5,ìåìÏìå,,1.0e-50,
2022/12/10 3:00,10.2,83,,0.3,,1.8,ìå,,1.0e-50,
2022/12/10 4:00,11.0,84,,4.9,,2.7,ìåñkìå,,1.0e-50,
2022/12/10 5:00,10.7,88,,8.2,,1.2,ñkñkìå,,1.0e-50,
2022/12/10 6:00,10.3,68,,0.3,,1.7,êº,,1.0e-50,
2022/12/10 7:00,9.8,73,,0.4,,1.8,ìÏêº,,1.0e-50,
2022/12/10 8:00,9.9,76,,0.1,,2.5,ìÏêº,,0.01,
2022/12/10 9:00,11.2,72,,0.0,,2.7,êºìÏêº,,0.01,
2022/12/10 10:00,11.9,62,,0.0,,3.6,êº,,0.01,
2022/12/10 11:00,12.0,60,,0.2,,4.9,êºñkêº,,0.01,
2022/12/10 12:00,11.1,59,,0.5,,4.7,êºñkêº,,0.01,
2022/12/10 13:00,11.3,55,,0.1,,4.9,ñkêº,,0.01,
2022/12/10 14:00,11.3,50,,0.1,,5.0,ñkêº,,0.01,
2022/12/10 15:00,10.9,49,,0.0,,4.6,ñkêº,,0.01,
2022/12/10 16:00,10.1,50,,0.0,,4.5,ñkêº,,0.01,
2022/12/10 17:00,8.9,54,,0.0,,3.2,ñkêº,,0.01,
2022/12/10 18:00,7.8,57,,0.0,,2.3,êºñkêº,,1.0e-50,
2022/12/10 19:00,7.2,59,,0.0,,1.1,êºñkêº,,1.0e-50,
2022/12/10 20:00,6.6,59,,0.0,,1.3,êº,,1.0e-50,
2022/12/10 21:00,6.8,58,,0.0,,1.9,êº,,1.0e-50,
2022/12/10 22:00,6.2,61,,0.0,,1.3,êº,,1.0e-50,
2022/12/10 23:00,5.5,64,,0.0,,1.3,êºìÏêº,,1.0e-50,
2022/12/11 0:00,4.9,67,,0.0,,1.2,êº,,1.0e-50,
2022/12/11 1:00,4.3,70,,0.0,,1.2,êºìÏêº,,1.0e-50,
2022/12/11 2:00,3.7,72,,0.0,,1.1,êºìÏêº,,1.0e-50,
2022/12/11 3:00,2.9,76,,0.0,,0.7,êº,,1.0e-50,
2022/12/11 4:00,2.5,77,,0.0,,0.6,ìÏêº,,1.0e-50,
2022/12/11 5:00,2.1,79,,0.0,,0.5,ìÏìÏêº,,1.0e-50,
2022/12/11 6:00,2.0,80,,0.0,,0.6,ìÏ,,1.0e-50,
2022/12/11 7:00,2.1,80,,0.0,,0.6,ìÏêº,,1.0e-50,
2022/12/11 8:00,2.8,75,,0.0,,0.4,ìåìÏìå,,0.01,
2022/12/11 9:00,4.9,64,,0.0,,0.5,ìÏ,,0.01,
2022/12/11 10:00,6.5,57,,0.0,,2.0,ìÏ,,0.01,
2022/12/11 11:00,7.7,54,,0.0,,2.2,ìÏìÏêº,,0.01,
2022/12/11 12:00,9.3,50,,0.0,,2.6,ìÏìÏêº,,0.01,
2022/12/11 13:00,10.1,54,,0.2,,3.1,êºìÏêº,,0.01,
2022/12/11 14:00,11.3,44,,0.0,,4.6,êºìÏêº,,0.01,
2022/12/11 15:00,11.7,36,,0.0,,4.4,êºìÏêº,,0.01,
2022/12/11 16:00,11.1,34,,0.0,,3.4,êºìÏêº,,0.01,
2022/12/11 17:00,9.9,38,,0.0,,2.4,ìÏêº,,0.01,
2022/12/11 18:00,8.8,46,,0.0,,2.0,êºìÏêº,,1.0e-50,
2022/12/11 19:00,8.5,47,,0.0,,2.6,êº,,1.0e-50,
2022/12/11 20:00,7.9,51,,0.0,,3.3,êº,,1.0e-50,
2022/12/11 21:00,6.8,59,,0.0,,2.4,êºìÏêº,,1.0e-50,
2022/12/11 22:00,6.0,60,,0.0,,2.6,êºìÏêº,,1.0e-50,
2022/12/11 23:00,5.6,57,,0.0,,2.9,êº,,1.0e-50,
2022/12/12 0:00,5.1,55,,0.0,,2.9,êº,,1.0e-50,
2022/12/12 1:00,4.9,52,,0.0,,3.0,êº,,1.0e-50,
2022/12/12 2:00,4.5,53,,0.0,,2.9,êº,,1.0e-50,
2022/12/12 3:00,3.3,57,,0.0,,2.7,êº,,1.0e-50,
2022/12/12 4:00,3.1,58,,0.0,,2.5,êº,,1.0e-50,
2022/12/12 5:00,2.8,62,,0.0,,2.7,êº,,1.0e-50,
2022/12/12 6:00,2.0,64,,0.0,,2.8,êº,,1.0e-50,
2022/12/12 7:00,1.9,63,,0.0,,2.5,êº,,1.0e-50,
2022/12/12 8:00,2.3,60,,0.0,,3.3,êºìÏêº,,0.01,
2022/12/12 9:00,4.2,51,,0.0,,4.0,êº,,0.01,
2022/12/12 10:00,5.2,43,,0.0,,4.6,êº,,0.01,
2022/12/12 11:00,5.9,39,,0.0,,4.4,êº,,0.01,
2022/12/12 12:00,6.3,38,,0.0,,4.0,êº,,0.01,
2022/12/12 13:00,7.0,34,,0.0,,3.8,êº,,0.01,
2022/12/12 14:00,7.6,30,,0.0,,3.9,êº,,0.01,
2022/12/12 15:00,7.4,31,,0.0,,3.6,êº,,0.01,
2022/12/12 16:00,7.2,30,,0.0,,2.8,êºñkêº,,0.01,
2022/12/12 17:00,6.0,35,,0.0,,1.2,êºñkêº,,0.01,
2022/12/12 18:00,5.0,42,,0.0,,1.1,êº,,1.0e-50,
2022/12/12 19:00,4.0,46,,0.0,,1.0,êº,,1.0e-50,
2022/12/12 20:00,3.1,49,,0.0,,0.9,êº,,1.0e-50,
2022/12/12 21:00,2.8,53,,0.0,,0.6,êºìÏêº,,1.0e-50,
2022/12/12 22:00,2.3,54,,0.0,,0.5,ìÏêº,,1.0e-50,
2022/12/12 23:00,1.8,55,,0.0,,0.2,êºìÏêº,,1.0e-50,
2022/12/13 0:00,1.7,55,,0.0,,0.4,ìÏìÏìå,,1.0e-50,
2022/12/13 1:00,1.6,56,,0.0,,0.4,ìÏ,,1.0e-50,
2022/12/13 2:00,1.3,56,,0.0,,0.3,ìÏ,,1.0e-50,
2022/12/13 3:00,1.4,55,,0.0,,1.0,ìÏêº,,1.0e-50,
2022/12/13 4:00,1.4,57,,0.0,,1.1,ìÏìÏêº,,1.0e-50,
2022/12/13 5:00,1.2,60,,0.0,,0.6,ìÏ,,1.0e-50,
2022/12/13 6:00,1.2,62,,0.0,,0.2,ìåìÏìå,,1.0e-50,
2022/12/13 7:00,1.2,65,,0.0,,0.1,ñkìå,,1.0e-50,
2022/12/13 8:00,2.8,62,,0.0,,0.9,ìÏ,,0.01,
2022/12/13 9:00,4.8,55,,0.0,,0.4,ìÏêº,,0.01,
2022/12/13 10:00,6.7,59,,0.0,,1.2,êºìÏêº,,0.01,
2022/12/13 11:00,8.7,62,,0.5,,3.2,êº,,0.01,
2022/12/13 12:00,9.6,60,,0.7,,3.8,êºìÏêº,,0.01,
2022/12/13 13:00,10.4,50,,0.0,,4.6,êº,,0.01,
2022/12/13 14:00,10.8,44,,0.0,,4.8,êº,,0.01,
2022/12/13 15:00,7.4,59,,0.1,,4.0,ñkêº,,0.01,
2022/12/13 16:00,7.7,47,,0.0,,3.5,êºñkêº,,0.01,
2022/12/13 17:00,6.9,42,,0.0,,3.0,êºñkêº,,0.01,
2022/12/13 18:00,5.8,43,,0.0,,3.4,ñkêº,,1.0e-50,
2022/12/13 19:00,4.6,41,,0.0,,3.0,êºñkêº,,1.0e-50,
2022/12/13 20:00,3.9,42,,0.0,,2.6,êº,,1.0e-50,
2022/12/13 21:00,3.7,43,,0.0,,2.2,êº,,1.0e-50,
2022/12/13 22:00,3.2,46,,0.0,,1.8,êºìÏêº,,1.0e-50,
2022/12/13 23:00,2.8,50,,0.0,,2.2,êºìÏêº,,1.0e-50,
2022/12/14 0:00,2.3,54,,0.0,,2.1,êºìÏêº,,1.0e-50,
2022/12/14 1:00,2.0,55,,0.0,,2.5,êº,,1.0e-50,
2022/12/14 2:00,1.9,53,,0.0,,2.6,êº,,1.0e-50,
2022/12/14 3:00,1.3,58,,0.0,,2.5,êº,,1.0e-50,
2022/12/14 4:00,1.1,58,,0.0,,2.0,êº,,1.0e-50,
2022/12/14 5:00,0.8,59,,0.0,,1.7,êºìÏêº,,1.0e-50,
2022/12/14 6:00,0.6,60,,0.0,,1.6,êº,,1.0e-50,
2022/12/14 7:00,0.6,60,,0.0,,1.5,êºìÏêº,,1.0e-50,
2022/12/14 8:00,1.1,59,,0.0,,1.9,êºìÏêº,,0.01,
2022/12/14 9:00,3.0,51,,0.0,,2.9,êºìÏêº,,0.01,
2022/12/14 10:00,4.7,45,,0.0,,3.9,êºìÏêº,,0.01,
2022/12/14 11:00,5.8,41,,0.0,,4.7,êº,,0.01,
2022/12/14 12:00,6.3,39,,0.0,,4.6,êº,,0.01,
2022/12/14 13:00,6.7,38,,0.0,,4.6,êº,,0.01,
2022/12/14 14:00,7.1,37,,0.0,,4.1,êº,,0.01,
2022/12/14 15:00,7.0,39,,0.0,,3.6,êº,,0.01,
2022/12/14 16:00,7.0,38,,0.0,,3.2,êº,,0.01,
2022/12/14 17:00,6.4,40,,0.0,,2.7,êºìÏêº,,0.01,
2022/12/14 18:00,5.6,42,,0.0,,2.6,êºìÏêº,,1.0e-50,
2022/12/14 19:00,5.1,46,,0.0,,3.1,êºìÏêº,,1.0e-50,
2022/12/14 20:00,4.7,47,,0.0,,3.1,êºìÏêº,,1.0e-50,
2022/12/14 21:00,4.6,50,,0.0,,2.7,êº,,1.0e-50,
2022/12/14 22:00,4.1,53,,0.0,,2.6,êºìÏêº,,1.0e-50,
2022/12/14 23:00,3.7,58,,0.0,,2.9,êºìÏêº,,1.0e-50,
2022/12/15 0:00,3.0,59,,0.0,,2.8,êºìÏêº,,1.0e-50,
2022/12/15 1:00,3.0,60,,0.0,,2.5,êºìÏêº,,1.0e-50,
2022/12/15 2:00,3.2,60,,0.0,,2.8,êº,,1.0e-50,
2022/12/15 3:00,2.8,63,,0.1,,2.6,êºìÏêº,,1.0e-50,
2022/12/15 4:00,2.9,64,,0.0,,2.5,êºìÏêº,,1.0e-50,
2022/12/15 5:00,3.0,65,,0.1,,2.5,êº,,1.0e-50,
2022/12/15 6:00,3.0,66,,0.1,,2.3,êºìÏêº,,1.0e-50,
2022/12/15 7:00,3.0,68,,0.0,,2.3,êºìÏêº,,1.0e-50,
2022/12/15 8:00,3.5,68,,0.0,,2.1,êºìÏêº,,0.01,
2022/12/15 9:00,5.5,60,,0.0,,3.1,êºìÏêº,,0.01,
2022/12/15 10:00,6.7,57,,0.0,,3.4,êº,,0.01,
2022/12/15 11:00,7.5,54,,0.0,,3.5,êº,,0.01,
2022/12/15 12:00,8.1,51,,0.0,,3.3,êºñkêº,,0.01,
2022/12/15 13:00,8.1,52,,0.1,,3.6,êºñkêº,,0.01,
2022/12/15 14:00,8.5,48,,0.0,,3.9,êºñkêº,,0.01,
2022/12/15 15:00,8.8,47,,0.0,,4.0,êºñkêº,,0.01,
2022/12/15 16:00,8.1,54,,0.0,,3.7,êºñkêº,,0.01,
2022/12/15 17:00,7.1,59,,0.1,,2.9,êºñkêº,,0.01,
2022/12/15 18:00,6.3,63,,0.0,,1.9,êº,,1.0e-50,
2022/12/15 19:00,5.5,69,,0.2,,2.8,êºñkêº,,1.0e-50,
2022/12/15 20:00,5.3,71,,0.1,,2.4,êºñkêº,,1.0e-50,
2022/12/15 21:00,4.8,67,,0.0,,2.1,êºñkêº,,1.0e-50,
2022/12/15 22:00,4.4,63,,0.0,,1.6,êºñkêº,,1.0e-50,
2022/12/15 23:00,3.9,64,,0.0,,1.1,êº,,1.0e-50,
2022/12/16 0:00,3.8,63,,0.0,,2.0,êº,,1.0e-50,
2022/12/16 1:00,3.8,64,,0.0,,1.9,êº,,1.0e-50,
2022/12/16 2:00,3.9,65,,0.0,,1.5,êºñkêº,,1.0e-50,
2022/12/16 3:00,3.7,63,,0.0,,1.8,êº,,1.0e-50,
2022/12/16 4:00,3.6,61,,0.0,,1.6,êº,,1.0e-50,
2022/12/16 5:00,3.5,63,,0.0,,1.1,êºñkêº,,1.0e-50,
2022/12/16 6:00,3.2,67,,0.0,,1.4,êº,,1.0e-50,
2022/12/16 7:00,3.1,71,,0.0,,1.2,êº,,1.0e-50,
2022/12/16 8:00,3.5,71,,0.0,,1.2,êºñkêº,,0.01,
2022/12/16 9:00,5.6,59,,0.0,,2.1,ñkêº,,0.01,
2022/12/16 10:00,7.4,50,,0.0,,3.0,ñkêº,,0.01,
2022/12/16 11:00,8.3,43,,0.0,,3.7,ñkêº,,0.01,
2022/12/16 12:00,8.2,42,,0.0,,3.8,ñkñkêº,,0.01,
2022/12/16 13:00,8.5,42,,0.0,,3.9,ñkñkêº,,0.01,
2022/12/16 14:00,8.4,43,,0.0,,3.9,ñkñkêº,,0.01,
2022/12/16 15:00,8.0,45,,0.0,,3.5,ñkñkêº,,0.01,
2022/12/16 16:00,7.5,48,,0.0,,2.9,ñkñkêº,,0.01,
2022/12/16 17:00,6.8,52,,0.0,,1.5,ñkñkêº,,0.01,
2022/12/16 18:00,6.5,54,,0.0,,1.2,êºñkêº,,1.0e-50,
2022/12/16 19:00,6.2,58,,0.0,,1.2,êºñkêº,,1.0e-50,
2022/12/16 20:00,6.0,60,,0.0,,0.9,êºìÏêº,,1.0e-50,
2022/12/16 21:00,5.9,62,,0.0,,1.0,êº,,1.0e-50,
2022/12/16 22:00,5.8,64,,0.0,,1.4,êºñkêº,,1.0e-50,
2022/12/16 23:00,5.6,66,,0.0,,1.3,ñkêº,,1.0e-50,
2022/12/17 0:00,5.0,69,,0.0,,1.1,ñkêº,,1.0e-50,
2022/12/17 1:00,4.8,70,,0.0,,0.9,êºñkêº,,1.0e-50,
2022/12/17 2:00,4.9,70,,0.0,,1.1,êºìÏêº,,1.0e-50,
2022/12/17 3:00,4.6,72,,0.0,,0.7,êºñkêº,,1.0e-50,
2022/12/17 4:00,4.5,72,,0.0,,0.5,êºìÏêº,,1.0e-50,
2022/12/17 5:00,4.4,72,,0.0,,0.7,êº,,1.0e-50,
2022/12/17 6:00,4.3,73,,0.0,,0.8,ìÏêº,,1.0e-50,
2022/12/17 7:00,4.0,75,,0.0,,0.6,ìÏìÏêº,,1.0e-50,
2022/12/17 8:00,4.5,72,,0.0,,0.8,ìÏêº,,0.01,
2022/12/17 9:00,5.6,68,,0.0,,0.4,êºñkêº,,0.01,
2022/12/17 10:00,7.1,60,,0.0,,0.3,ñkñkêº,,0.01,
2022/12/17 11:00,8.1,56,,0.0,,0.1,êºìÏêº,,0.01,
2022/12/17 12:00,8.8,53,,0.0,,0.9,ñkñkìå,,0.01,
2022/12/17 13:00,9.7,47,,0.0,,2.3,ñk,,0.01,
2022/12/17 14:00,9.7,45,,0.0,,2.9,ñk,,0.01,
2022/12/17 15:00,9.6,45,,0.0,,2.7,ñk,,0.01,
2022/12/17 16:00,9.1,48,,0.0,,1.9,ñk,,0.01,
2022/12/17 17:00,8.2,53,,0.0,,0.6,ñkñkêº,,0.01,
2022/12/17 18:00,7.8,56,,0.0,,1.0,ñkñkêº,,1.0e-50,
2022/12/17 19:00,7.3,59,,0.0,,0.9,ñk,,1.0e-50,
2022/12/17 20:00,6.7,64,,0.0,,0.4,ñk,,1.0e-50,
2022/12/17 21:00,6.5,66,,0.0,,0.8,ñkñkêº,,1.0e-50,
2022/12/17 22:00,6.3,68,,0.0,,0.7,ñkñkêº,,1.0e-50,
2022/12/17 23:00,6.2,70,,0.0,,0.7,ñk,,1.0e-50,
2022/12/18 0:00,5.6,73,,0.0,,0.4,ñkêº,,1.0e-50,
2022/12/18 1:00,5.6,71,,0.0,,0.6,êºìÏêº,,1.0e-50,
2022/12/18 2:00,5.3,72,,0.0,,0.1,ìÏìÏêº,,1.0e-50,
2022/12/18 3:00,5.4,70,,0.0,,0.7,ñk,,1.0e-50,
2022/12/18 4:00,5.6,61,,0.0,,1.2,ñkñkêº,,1.0e-50,
2022/12/18 5:00,5.6,63,,0.4,,0.8,ñk,,1.0e-50,
2022/12/18 6:00,5.3,70,,0.6,,1.2,ñkñkìå,,1.0e-50,
2022/12/18 7:00,5.6,75,,1.3,,1.2,ñkñkìå,,1.0e-50,
2022/12/18 8:00,5.7,79,,1.3,,1.1,ñkñkìå,,0.01,
2022/12/18 9:00,6.1,82,,1.5,,1.4,ñkñkìå,,0.01,
2022/12/18 10:00,6.8,82,,1.5,,1.5,ñkìå,,0.01,
2022/12/18 11:00,7.3,80,,1.4,,1.9,ñkìå,,0.01,
2022/12/18 12:00,7.1,76,,1.2,,3.3,ìåñkìå,,0.01,
2022/12/18 13:00,7.3,74,,0.6,,3.5,ñkìå,,0.01,
2022/12/18 14:00,7.5,74,,0.6,,3.2,ñkìå,,0.01,
2022/12/18 15:00,6.9,74,,1.0,,3.5,ñkìå,,0.01,
2022/12/18 16:00,6.9,75,,0.2,,2.7,ñkìå,,0.01,
2022/12/18 17:00,6.9,77,,0.2,,2.3,ñkìå,,0.01,
2022/12/18 18:00,6.9,78,,0.2,,1.8,ñkìå,,1.0e-50,
2022/12/18 19:00,6.7,81,,0.6,,1.4,ìåñkìå,,1.0e-50,
2022/12/18 20:00,6.6,83,,1.2,,1.3,ìåñkìå,,1.0e-50,
2022/12/18 21:00,6.5,84,,0.7,,1.4,ìåñkìå,,1.0e-50,
2022/12/18 22:00,6.6,84,,0.2,,1.2,ñk,,1.0e-50,
2022/12/18 23:00,6.7,84,,0.1,,1.5,ñkñkìå,,1.0e-50,
2022/12/19 0:00,6.8,84,,0.3,,1.8,ñkìå,,1.0e-50,
2022/12/19 1:00,6.8,84,,0.0,,1.6,ñkìå,,1.0e-50,
2022/12/19 2:00,6.7,84,,0.0,,1.2,ñk,,1.0e-50,
2022/12/19 3:00,6.6,86,,0.0,,1.2,ñkñkêº,,1.0e-50,
2022/12/19 4:00,6.7,86,,0.0,,1.2,ñkêº,,1.0e-50,
2022/12/19 5:00,6.7,86,,0.6,,1.2,ñk,,1.0e-50,
2022/12/19 6:00,6.8,88,,0.1,,1.2,ñk,,1.0e-50,
2022/12/19 7:00,6.8,88,,0.0,,1.0,ñk,,1.0e-50,
2022/12/19 8:00,7.1,86,,0.0,,0.9,ñkñkêº,,0.01,
2022/12/19 9:00,7.4,85,,0.0,,0.7,ñk,,0.01,
2022/12/19 10:00,8.1,82,,0.2,,0.9,êº,,0.01,
2022/12/19 11:00,8.4,81,,0.7,,1.0,ìÏìÏêº,,0.01,
2022/12/19 12:00,8.7,80,,0.1,,1.5,ìÏìÏêº,,0.01,
2022/12/19 13:00,8.8,80,,0.2,,1.4,ìÏêº,,0.01,
2022/12/19 14:00,9.1,80,,0.1,,1.6,ìÏìÏêº,,0.01,
2022/12/19 15:00,9.5,77,,0.0,,1.9,ìÏìÏêº,,0.01,
2022/12/19 16:00,9.3,79,,0.0,,1.7,ìÏìÏêº,,0.01,
2022/12/19 17:00,8.7,83,,0.0,,1.1,ìÏ,,0.01,
2022/12/19 18:00,8.1,87,,0.0,,1.4,ìÏìÏìå,,1.0e-50,
2022/12/19 19:00,7.5,91,,0.0,,0.4,êºìÏêº,,1.0e-50,
2022/12/19 20:00,7.3,90,,0.0,,0.9,ñkêº,,1.0e-50,
2022/12/19 21:00,7.4,91,,0.1,,0.9,êºñkêº,,1.0e-50,
2022/12/19 22:00,7.3,89,,0.1,,1.1,êºñkêº,,1.0e-50,
2022/12/19 23:00,7.3,76,,0.1,,1.9,êºñkêº,,1.0e-50,
2022/12/20 0:00,6.7,77,,0.0,,1.7,êº,,1.0e-50,
2022/12/20 1:00,6.5,74,,0.0,,2.0,êº,,1.0e-50,
2022/12/20 2:00,5.8,61,,0.0,,2.5,êº,,1.0e-50,
2022/12/20 3:00,4.2,63,,0.0,,2.1,êºìÏêº,,1.0e-50,
2022/12/20 4:00,3.3,60,,0.0,,2.0,êºìÏêº,,1.0e-50,
2022/12/20 5:00,2.8,57,,0.0,,1.9,êºìÏêº,,1.0e-50,
2022/12/20 6:00,2.5,63,,0.0,,2.4,êºìÏêº,,1.0e-50,
2022/12/20 7:00,2.4,63,,0.0,,2.4,êºìÏêº,,1.0e-50,
2022/12/20 8:00,2.5,60,,0.0,,2.3,êº,,0.01,
2022/12/20 9:00,3.9,46,,0.0,,2.5,êº,,0.01,
2022/12/20 10:00,5.0,38,,0.0,,2.9,êºìÏêº,,0.01,
2022/12/20 11:00,6.0,40,,0.0,,4.2,êº,,0.01,
2022/12/20 12:00,5.6,40,,0.0,,4.1,êºñkêº,,0.01,
2022/12/20 13:00,5.9,38,,0.0,,4.0,êºñkêº,,0.01,
2022/12/20 14:00,6.4,35,,0.0,,3.8,êº,,0.01,
2022/12/20 15:00,6.6,32,,0.0,,3.8,êº,,0.01,
2022/12/20 16:00,6.2,35,,0.0,,4.0,êºìÏêº,,0.01,
2022/12/20 17:00,5.6,40,,0.0,,3.3,êºìÏêº,,0.01,
2022/12/20 18:00,5.4,47,,0.0,,2.9,êºìÏêº,,1.0e-50,
2022/12/20 19:00,5.2,55,,0.0,,2.9,êºìÏêº,,1.0e-50,
2022/12/20 20:00,5.1,62,,0.0,,2.9,êºìÏêº,,1.0e-50,
2022/12/20 21:00,5.3,69,,0.0,,3.3,êºìÏêº,,1.0e-50,
2022/12/20 22:00,5.1,69,,0.0,,3.6,êºìÏêº,,1.0e-50,
2022/12/20 23:00,4.9,70,,0.0,,3.4,êºìÏêº,,1.0e-50,
2022/12/21 0:00,4.5,72,,0.0,,3.0,êºìÏêº,,1.0e-50,
2022/12/21 1:00,4.2,72,,0.0,,3.2,êºìÏêº,,1.0e-50,
2022/12/21 2:00,4.1,72,,0.0,,3.4,ìÏêº,,1.0e-50,
2022/12/21 3:00,3.4,72,,0.0,,3.3,êºìÏêº,,1.0e-50,
2022/12/21 4:00,3.4,71,,0.0,,3.4,êºìÏêº,,1.0e-50,
2022/12/21 5:00,3.4,70,,0.0,,3.1,ìÏêº,,1.0e-50,
2022/12/21 6:00,3.6,72,,0.0,,2.8,êºìÏêº,,1.0e-50,
2022/12/21 7:00,3.6,74,,0.1,,2.6,êºìÏêº,,1.0e-50,
2022/12/21 8:00,3.9,77,,0.1,,2.7,êºìÏêº,,0.01,
2022/12/21 9:00,4.8,75,,0.1,,2.7,êºìÏêº,,0.01,
2022/12/21 10:00,5.8,72,,0.1,,3.1,êº,,0.01,
2022/12/21 11:00,6.5,69,,0.1,,3.3,êº,,0.01,
2022/12/21 12:00,7.2,65,,0.1,,3.3,êº,,0.01,
2022/12/21 13:00,7.4,65,,0.2,,3.2,êºñkêº,,0.01,
2022/12/21 14:00,7.4,66,,0.2,,3.1,êºñkêº,,0.01,
2022/12/21 15:00,7.3,67,,0.3,,3.0,êºñkêº,,0.01,
2022/12/21 16:00,7.0,70,,0.3,,2.4,ñkêº,,0.01,
2022/12/21 17:00,6.5,74,,0.4,,1.2,êºñkêº,,0.01,
2022/12/21 18:00,6.1,75,,0.5,,1.2,êºìÏêº,,1.0e-50,
2022/12/21 19:00,5.8,77,,0.1,,1.2,ìÏêº,,1.0e-50,
2022/12/21 20:00,5.6,78,,0.2,,1.2,êºìÏêº,,1.0e-50,
2022/12/21 21:00,5.6,76,,0.1,,1.5,êº,,1.0e-50,
2022/12/21 22:00,5.2,79,,0.5,,1.5,êº,,1.0e-50,
2022/12/21 23:00,4.7,81,,1.0,,1.7,êºñkêº,,1.0e-50,
2022/12/22 0:00,4.4,78,,0.3,,1.8,êº,,1.0e-50,
2022/12/22 1:00,4.2,76,,0.0,,1.8,êº,,1.0e-50,
2022/12/22 2:00,4.0,75,,0.0,,1.6,êºìÏêº,,1.0e-50,
2022/12/22 3:00,3.6,74,,0.0,,1.9,êºìÏêº,,1.0e-50,
2022/12/22 4:00,3.3,73,,0.0,,1.8,êº,,1.0e-50,
2022/12/22 5:00,3.1,73,,0.0,,1.7,êº,,1.0e-50,
2022/12/22 6:00,3.0,73,,0.0,,2.0,êºñkêº,,1.0e-50,
2022/12/22 7:00,2.8,74,,0.0,,2.0,êºñkêº,,1.0e-50,
2022/12/22 8:00,3.1,73,,0.0,,1.9,êºñkêº,,0.01,
2022/12/22 9:00,4.5,65,,0.0,,3.1,êºñkêº,,0.01,
2022/12/22 10:00,5.7,55,,0.0,,3.3,êºñkêº,,0.01,
2022/12/22 11:00,6.2,52,,0.0,,3.4,ñkêº,,0.01,
2022/12/22 12:00,6.7,46,,0.0,,3.6,ñkêº,,0.01,
2022/12/22 13:00,7.0,41,,0.0,,4.0,ñkñkêº,,0.01,
2022/12/22 14:00,6.9,40,,0.0,,4.0,ñkêº,,0.01,
2022/12/22 15:00,6.2,49,,0.0,,3.6,ñkêº,,0.01,
2022/12/22 16:00,5.8,52,,0.0,,3.1,ñkñkêº,,0.01,
2022/12/22 17:00,5.1,53,,0.0,,1.7,ñkêº,,0.01,
2022/12/22 18:00,4.2,57,,0.0,,1.3,êºñkêº,,1.0e-50,
2022/12/22 19:00,3.7,61,,0.0,,1.2,êº,,1.0e-50,
2022/12/22 20:00,3.3,65,,0.0,,1.1,êºìÏêº,,1.0e-50,
2022/12/22 21:00,3.3,69,,0.0,,1.3,êº,,1.0e-50,
2022/12/22 22:00,3.0,71,,0.0,,1.2,êº,,1.0e-50,
2022/12/22 23:00,2.8,72,,0.0,,1.0,êºìÏêº,,1.0e-50,
2022/12/23 0:00,2.1,74,,0.0,,1.1,êº,,1.0e-50,
2022/12/23 1:00,1.6,75,,0.0,,1.1,ìÏêº,,1.0e-50,
2022/12/23 2:00,1.1,77,,0.0,,1.1,ìÏìÏêº,,1.0e-50,
2022/12/23 3:00,0.7,78,,0.0,,1.0,ìÏìÏêº,,1.0e-50,
2022/12/23 4:00,0.6,78,,0.0,,1.1,ìÏìÏêº,,1.0e-50,
2022/12/23 5:00,0.5,78,,0.0,,0.7,ìÏ,,1.0e-50,
2022/12/23 6:00,0.7,77,,0.0,,1.0,ìÏìÏêº,,1.0e-50,
2022/12/23 7:00,0.6,77,,0.0,,0.9,ìÏìÏêº,,1.0e-50,
2022/12/23 8:00,1.0,75,,0.0,,0.9,ìÏìÏêº,,0.01,
2022/12/23 9:00,2.4,67,,0.0,,0.7,ìÏêº,,0.01,
2022/12/23 10:00,4.7,56,,0.0,,1.3,êº,,0.01,
2022/12/23 11:00,6.7,47,,0.0,,1.8,êºñkêº,,0.01,
2022/12/23 12:00,7.5,43,,0.0,,1.9,ñkêº,,0.01,
2022/12/23 13:00,8.2,41,,0.0,,2.5,ñkêº,,0.01,
2022/12/23 14:00,8.5,38,,0.0,,2.8,ñkêº,,0.01,
2022/12/23 15:00,8.6,38,,0.0,,2.5,ñkêº,,0.01,
2022/12/23 16:00,8.2,39,,0.0,,2.2,ñkñkêº,,0.01,
2022/12/23 17:00,7.1,45,,0.0,,1.3,ñkêº,,0.01,
2022/12/23 18:00,5.8,51,,0.0,,1.2,ñkêº,,1.0e-50,
2022/12/23 19:00,5.1,55,,0.0,,1.1,ñkêº,,1.0e-50,
2022/12/23 20:00,4.6,58,,0.0,,0.9,ñkêº,,1.0e-50,
2022/12/23 21:00,4.6,62,,0.0,,1.1,ñkêº,,1.0e-50,
2022/12/23 22:00,4.4,63,,0.0,,1.1,ñkñkêº,,1.0e-50,
2022/12/23 23:00,4.2,65,,0.0,,0.9,ñkñkêº,,1.0e-50,
2022/12/24 0:00,3.8,66,,0.0,,0.9,ñk,,1.0e-50,
2022/12/24 1:00,3.5,68,,0.0,,0.2,êº,,1.0e-50,
2022/12/24 2:00,3.6,67,,0.0,,0.9,ìÏ,,1.0e-50,
2022/12/24 3:00,3.3,68,,0.0,,0.8,ìÏêº,,1.0e-50,
2022/12/24 4:00,3.3,69,,0.0,,0.9,ìÏêº,,1.0e-50,
2022/12/24 5:00,3.1,72,,0.0,,0.8,ìÏêº,,1.0e-50,
2022/12/24 6:00,2.9,73,,0.0,,0.6,ìÏìÏêº,,1.0e-50,
2022/12/24 7:00,2.8,74,,0.0,,0.5,ìÏìÏêº,,1.0e-50,
2022/12/24 8:00,3.0,73,,0.0,,0.6,ìÏìÏêº,,0.01,
2022/12/24 9:00,4.2,67,,0.0,,0.2,êºñkêº,,0.01,
2022/12/24 10:00,6.0,60,,0.0,,0.7,êºñkêº,,0.01,
2022/12/24 11:00,7.3,56,,0.0,,1.4,ñkñkêº,,0.01,
2022/12/24 12:00,7.4,56,,0.0,,2.1,ñkêº,,0.01,
2022/12/24 13:00,7.8,55,,0.0,,2.3,ñkêº,,0.01,
2022/12/24 14:00,7.8,58,,0.0,,3.0,ñkñkêº,,0.01,
2022/12/24 15:00,7.3,61,,0.0,,3.4,ñkñkêº,,0.01,
2022/12/24 16:00,6.6,60,,0.1,,3.6,ñkñkêº,,0.01,
2022/12/24 17:00,5.9,57,,0.0,,2.2,ñkñkêº,,0.01,
2022/12/24 18:00,5.2,64,,0.0,,1.3,êºñkêº,,1.0e-50,
2022/12/24 19:00,4.6,65,,0.0,,1.4,ñkêº,,1.0e-50,
2022/12/24 20:00,4.2,65,,0.0,,1.4,ñkêº,,1.0e-50,
2022/12/24 21:00,3.9,68,,0.0,,1.2,êºñkêº,,1.0e-50,
2022/12/24 22:00,3.6,69,,0.0,,1.2,êºñkêº,,1.0e-50,
2022/12/24 23:00,3.4,71,,0.0,,1.2,êº,,1.0e-50,
2022/12/25 0:00,3.2,73,,0.0,,1.4,êºñkêº,,1.0e-50,
2022/12/25 1:00,2.8,74,,0.0,,1.3,êº,,1.0e-50,
2022/12/25 2:00,2.5,75,,0.0,,1.1,êº,,1.0e-50,
2022/12/25 3:00,2.0,76,,0.0,,1.0,ñkêº,,1.0e-50,
2022/12/25 4:00,1.4,78,,0.0,,0.9,ñkêº,,1.0e-50,
2022/12/25 5:00,1.0,80,,0.0,,0.8,êº,,1.0e-50,
2022/12/25 6:00,0.5,81,,0.0,,0.6,ñkñkìå,,1.0e-50,
2022/12/25 7:00,-0.0,84,,0.0,,0.1,ñkñkêº,,1.0e-50,
2022/12/25 8:00,0.6,81,,0.0,,0.1,êºìÏêº,,0.01,
2022/12/25 9:00,2.7,68,,0.0,,0.4,ìÏ,,0.01,
2022/12/25 10:00,4.8,59,,0.0,,0.5,ìÏìå,,0.01,
2022/12/25 11:00,6.5,53,,0.0,,0.6,ìåìÏìå,,0.01,
2022/12/25 12:00,7.1,51,,0.0,,0.7,ìÏìÏìå,,0.01,
2022/12/25 13:00,7.9,45,,0.0,,0.2,ìÏìÏìå,,0.01,
2022/12/25 14:00,9.0,40,,0.0,,0.9,ñkìå,,0.01,
2022/12/25 15:00,9.0,41,,0.0,,1.4,ìåñkìå,,0.01,
2022/12/25 16:00,8.8,42,,0.0,,1.5,ìåñkìå,,0.01,
2022/12/25 17:00,7.1,51,,0.0,,0.9,ñkìå,,0.01,
2022/12/25 18:00,6.4,56,,0.0,,1.3,ñkñkìå,,1.0e-50,
2022/12/25 19:00,5.4,60,,0.0,,0.9,ìåñkìå,,1.0e-50,
2022/12/25 20:00,4.4,63,,0.0,,0.3,ìåñkìå,,1.0e-50,
2022/12/25 21:00,4.2,67,,0.0,,0.6,ñkñkêº,,1.0e-50,
2022/12/25 22:00,4.5,63,,0.0,,1.4,ìåñkìå,,1.0e-50,
2022/12/25 23:00,4.1,62,,0.0,,1.3,ìåñkìå,,1.0e-50,
2022/12/26 0:00,3.8,65,,0.0,,1.5,ìåñkìå,,1.0e-50,
2022/12/26 1:00,3.4,67,,0.0,,0.8,ìåñkìå,,1.0e-50,
2022/12/26 2:00,3.6,67,,0.0,,0.9,ñkñkìå,,1.0e-50,
2022/12/26 3:00,3.8,61,,0.0,,1.5,ñkñkìå,,1.0e-50,
2022/12/26 4:00,3.9,59,,0.0,,1.7,ñkñkìå,,1.0e-50,
2022/12/26 5:00,3.8,61,,0.0,,1.5,ñkìå,,1.0e-50,
2022/12/26 6:00,3.9,68,,0.0,,1.6,ñkìå,,1.0e-50,
2022/12/26 7:00,4.1,71,,0.0,,1.2,ñkìå,,1.0e-50,
2022/12/26 8:00,4.7,71,,0.0,,1.1,ñkìå,,0.01,
2022/12/26 9:00,6.0,76,,0.0,,0.9,ñkñkìå,,0.01,
2022/12/26 10:00,6.9,73,,0.0,,0.5,ñkñkìå,,0.01,
2022/12/26 11:00,7.6,71,,0.0,,0.3,ìÏ,,0.01,
2022/12/26 12:00,8.2,70,,0.1,,0.3,ìåñkìå,,0.01,
2022/12/26 13:00,8.4,71,,0.3,,1.2,ñkñkìå,,0.01,
2022/12/26 14:00,8.7,72,,0.1,,1.1,ñkìå,,0.01,
2022/12/26 15:00,8.9,74,,0.0,,0.6,ìÏìÏìå,,0.01,
2022/12/26 16:00,8.2,81,,0.8,,0.1,ìåìÏìå,,0.01,
2022/12/26 17:00,7.9,85,,2.1,,0.8,ñk,,0.01,
2022/12/26 18:00,7.3,87,,1.0,,1.1,ñkñkêº,,1.0e-50,
2022/12/26 19:00,7.0,85,,1.8,,1.2,ñkêº,,1.0e-50,
2022/12/26 20:00,6.6,85,,2.5,,0.7,ñkñkêº,,1.0e-50,
2022/12/26 21:00,6.2,86,,1.0,,0.8,ñkìå,,1.0e-50,
2022/12/26 22:00,5.9,87,,0.2,,0.2,ìåñkìå,,1.0e-50,
2022/12/26 23:00,5.8,86,,0.0,,0.7,êº,,1.0e-50,
2022/12/27 0:00,5.8,88,,0.0,,0.6,êºìÏêº,,1.0e-50,
2022/12/27 1:00,5.7,87,,0.0,,0.9,ìÏêº,,1.0e-50,
2022/12/27 2:00,5.5,87,,0.0,,1.0,ìÏêº,,1.0e-50,
2022/12/27 3:00,5.3,84,,0.0,,1.3,êºìÏêº,,1.0e-50,
2022/12/27 4:00,5.7,81,,0.0,,1.3,êº,,1.0e-50,
2022/12/27 5:00,5.7,80,,0.0,,1.4,êºìÏêº,,1.0e-50,
2022/12/27 6:00,5.4,82,,0.0,,1.4,êºìÏêº,,1.0e-50,
2022/12/27 7:00,5.4,80,,0.0,,1.8,êº,,1.0e-50,
2022/12/27 8:00,5.4,78,,0.1,,2.9,êºñkêº,,0.01,
2022/12/27 9:00,5.9,75,,0.0,,2.4,ñkêº,,0.01,
2022/12/27 10:00,6.7,70,,0.0,,2.8,ñkêº,,0.01,
2022/12/27 11:00,6.9,67,,0.1,,3.2,ñkêº,,0.01,
2022/12/27 12:00,7.2,62,,0.3,,3.1,êºñkêº,,0.01,
2022/12/27 13:00,7.2,62,,0.1,,3.2,ñkêº,,0.01,
2022/12/27 14:00,6.5,65,,0.3,,4.0,ñkêº,,0.01,
2022/12/27 15:00,6.1,67,,0.4,,3.4,ñkñkêº,,0.01,
2022/12/27 16:00,5.0,73,,1.2,,3.0,ñkñkêº,,0.01,
2022/12/27 17:00,4.6,71,,1.1,,2.5,ñkñkêº,,0.01,
2022/12/27 18:00,4.3,71,,0.3,,1.8,ñkñkêº,,1.0e-50,
2022/12/27 19:00,4.1,70,,0.3,,1.9,ñkñkêº,,1.0e-50,
2022/12/27 20:00,4.0,64,,0.1,,1.4,ñkêº,,1.0e-50,
2022/12/27 21:00,3.6,66,,0.0,,2.1,êºñkêº,,1.0e-50,
2022/12/27 22:00,3.2,66,,0.2,,2.7,ñkêº,,1.0e-50,
2022/12/27 23:00,3.0,60,,0.0,,2.8,ñkêº,,1.0e-50,
2022/12/28 0:00,2.4,66,,0.0,,1.9,êºñkêº,,1.0e-50,
2022/12/28 1:00,2.2,65,,0.0,,1.9,êº,,1.0e-50,
2022/12/28 2:00,2.0,65,,0.0,,2.0,êºñkêº,,1.0e-50,
2022/12/28 3:00,1.5,69,,0.0,,1.9,êº,,1.0e-50,
2022/12/28 4:00,1.2,71,,0.0,,1.7,êº,,1.0e-50,
2022/12/28 5:00,1.0,73,,0.0,,1.6,êº,,1.0e-50,
2022/12/28 6:00,1.2,71,,0.0,,1.8,êº,,1.0e-50,
2022/12/28 7:00,1.1,72,,0.0,,1.9,êº,,1.0e-50,
2022/12/28 8:00,1.2,72,,0.1,,2.0,êº,,0.01,
2022/12/28 9:00,2.4,65,,0.1,,2.2,êº,,0.01,
2022/12/28 10:00,3.4,57,,0.0,,2.6,êº,,0.01,
2022/12/28 11:00,4.1,52,,0.0,,3.1,êº,,0.01,
2022/12/28 12:00,4.3,51,,0.0,,3.0,êº,,0.01,
2022/12/28 13:00,5.1,43,,0.0,,3.0,êº,,0.01,
2022/12/28 14:00,5.7,38,,0.0,,3.3,êº,,0.01,
2022/12/28 15:00,5.6,39,,0.0,,3.2,êº,,0.01,
2022/12/28 16:00,5.1,42,,0.0,,2.9,êºñkêº,,0.01,
2022/12/28 17:00,4.4,47,,0.0,,2.0,êº,,0.01,
2022/12/28 18:00,3.5,65,,0.0,,2.3,êºñkêº,,1.0e-50,
2022/12/28 19:00,2.9,70,,0.0,,2.2,êºñkêº,,1.0e-50,
2022/12/28 20:00,2.1,67,,0.1,,2.6,êº,,1.0e-50,
2022/12/28 21:00,1.9,69,,0.1,,1.9,êº,,1.0e-50,
2022/12/28 22:00,1.6,67,,0.2,,1.9,êº,,1.0e-50,
2022/12/28 23:00,1.4,67,,0.5,,1.8,êºìÏêº,,1.0e-50,
2022/12/29 0:00,1.4,65,,0.0,,1.8,êºìÏêº,,1.0e-50,
2022/12/29 1:00,1.2,65,,0.0,,1.5,êº,,1.0e-50,
2022/12/29 2:00,0.9,65,,0.0,,1.5,êºìÏêº,,1.0e-50,
2022/12/29 3:00,0.2,66,,0.0,,1.6,êºìÏêº,,1.0e-50,
2022/12/29 4:00,-0.0,66,,0.0,,1.6,êºìÏêº,,1.0e-50,
2022/12/29 5:00,-0.3,67,,0.0,,1.1,êºìÏêº,,1.0e-50,
2022/12/29 6:00,-0.3,68,,0.0,,0.8,ìÏêº,,1.0e-50,
2022/12/29 7:00,-0.6,68,,0.0,,0.7,ìÏêº,,1.0e-50,
2022/12/29 8:00,-0.3,65,,0.0,,0.9,ìÏêº,,0.01,
2022/12/29 9:00,1.1,58,,0.0,,1.7,êºìÏêº,,0.01,
2022/12/29 10:00,3.0,50,,0.0,,2.4,êºìÏêº,,0.01,
2022/12/29 11:00,4.5,44,,0.0,,3.1,êºìÏêº,,0.01,
2022/12/29 12:00,5.2,40,,0.0,,3.4,êºìÏêº,,0.01,
2022/12/29 13:00,5.8,34,,0.0,,3.3,êº,,0.01,
2022/12/29 14:00,6.2,32,,0.0,,3.5,êº,,0.01,
2022/12/29 15:00,6.0,34,,0.0,,3.4,êº,,0.01,
2022/12/29 16:00,5.5,36,,0.0,,2.7,êº,,0.01,
2022/12/29 17:00,4.7,41,,0.0,,1.7,êº,,0.01,
2022/12/29 18:00,3.7,49,,0.0,,1.4,êº,,1.0e-50,
2022/12/29 19:00,3.0,51,,0.0,,1.5,êº,,1.0e-50,
2022/12/29 20:00,2.5,53,,0.0,,1.6,êº,,1.0e-50,
2022/12/29 21:00,1.8,60,,0.0,,1.1,êºìÏêº,,1.0e-50,
2022/12/29 22:00,1.4,62,,0.0,,1.1,ìÏêº,,1.0e-50,
2022/12/29 23:00,1.0,65,,0.0,,1.1,ìÏìÏêº,,1.0e-50,
2022/12/30 0:00,0.5,69,,0.0,,1.2,ìÏêº,,1.0e-50,
2022/12/30 1:00,0.2,72,,0.0,,0.8,ìÏêº,,1.0e-50,
2022/12/30 2:00,-0.3,75,,0.0,,0.6,ìÏ,,1.0e-50,
2022/12/30 3:00,-0.7,76,,0.0,,0.9,ìÏìÏêº,,1.0e-50,
2022/12/30 4:00,-1.2,78,,0.0,,0.6,ìÏìÏìå,,1.0e-50,
2022/12/30 5:00,-1.4,80,,0.0,,0.8,ìÏ,,1.0e-50,
2022/12/30 6:00,-1.7,81,,0.0,,0.6,ìÏêº,,1.0e-50,
2022/12/30 7:00,-1.8,82,,0.0,,0.6,ìÏ,,1.0e-50,
2022/12/30 8:00,-1.1,78,,0.0,,0.5,ìÏ,,0.01,
2022/12/30 9:00,0.8,70,,0.0,,0.8,ìÏìÏêº,,0.01,
2022/12/30 10:00,3.3,59,,0.0,,1.8,êºìÏêº,,0.01,
2022/12/30 11:00,6.0,47,,0.0,,2.7,êºìÏêº,,0.01,
2022/12/30 12:00,7.3,44,,0.0,,3.2,êºìÏêº,,0.01,
2022/12/30 13:00,8.0,40,,0.0,,3.6,êºìÏêº,,0.01,
2022/12/30 14:00,8.2,39,,0.0,,3.4,êº,,0.01,
2022/12/30 15:00,7.7,41,,0.0,,3.0,êºìÏêº,,0.01,
2022/12/30 16:00,7.4,43,,0.0,,2.6,êºìÏêº,,0.01,
2022/12/30 17:00,6.4,48,,0.0,,1.6,ìÏêº,,0.01,
2022/12/30 18:00,5.5,53,,0.0,,1.2,ìÏêº,,1.0e-50,
2022/12/30 19:00,4.6,57,,0.0,,1.1,êºìÏêº,,1.0e-50,
2022/12/30 20:00,3.9,62,,0.0,,1.0,êºìÏêº,,1.0e-50,
2022/12/30 21:00,3.8,67,,0.0,,0.7,êºìÏêº,,1.0e-50,
2022/12/30 22:00,3.4,71,,0.0,,0.7,êºìÏêº,,1.0e-50,
2022/12/30 23:00,3.2,73,,0.0,,0.6,êºìÏêº,,1.0e-50,
2022/12/31 0:00,2.8,77,,0.0,,0.6,ìÏìÏìå,,1.0e-50,
2022/12/31 1:00,2.7,79,,0.0,,0.5,ìÏ,,1.0e-50,
2022/12/31 2:00,3.1,78,,0.0,,0.9,ìÏìÏêº,,1.0e-50,
2022/12/31 3:00,2.6,81,,0.0,,0.5,ìÏìÏêº,,1.0e-50,
2022/12/31 4:00,2.4,84,,0.0,,0.7,ìÏìÏêº,,1.0e-50,
2022/12/31 5:00,2.2,88,,0.0,,1.2,ìÏìÏêº,,1.0e-50,
2022/12/31 6:00,1.6,92,,0.0,,0.7,ìÏ,,1.0e-50,
2022/12/31 7:00,1.2,93,,0.0,,0.6,ìÏêº,,1.0e-50,
2022/12/31 8:00,1.8,92,,0.0,,0.7,ìÏêº,,0.01,
2022/12/31 9:00,4.0,80,,0.0,,0.3,ìÏìÏêº,,0.01,
2022/12/31 10:00,6.9,65,,0.0,,1.5,êºìÏêº,,0.01,
2022/12/31 11:00,9.0,50,,0.0,,2.3,êºìÏêº,,0.01,
2022/12/31 12:00,9.9,41,,0.0,,3.2,êºìÏêº,,0.01,
2022/12/31 13:00,10.2,36,,0.0,,3.3,êºìÏêº,,0.01,
2022/12/31 14:00,10.5,31,,0.0,,3.5,êºìÏêº,,0.01,
2022/12/31 15:00,10.6,32,,0.0,,3.0,êºìÏêº,,0.01,
2022/12/31 16:00,10.2,36,,0.0,,2.2,êºìÏêº,,0.01,
2022/12/31 17:00,8.6,43,,0.0,,1.2,êºìÏêº,,0.01,
2022/12/31 18:00,6.7,53,,0.0,,0.9,ìÏêº,,1.0e-50,
2022/12/31 19:00,5.8,58,,0.0,,1.0,ìÏêº,,1.0e-50,
2022/12/31 20:00,4.7,65,,0.0,,0.3,ìÏêº,,1.0e-50,
2022/12/31 21:00,4.3,70,,0.0,,0.1,êºñkêº,,1.0e-50,
2022/12/31 22:00,4.3,70,,0.0,,0.6,ìÏìÏìå,,1.0e-50,
2022/12/31 23:00,4.5,70,,0.0,,1.0,ìÏìÏêº,,1.0e-50,
