“úŽž,‹C‰·,‘Š‘ÎŽ¼“x,‹Cˆ³,~…—Ê,~á—Ê,•—‘¬,•—Œü,‘S“V“úŽË—Ê,‘å‹C“§‰ß—¦,‰_—Ê
y/m/d HH:MM,Ž,%,Pa,mm,mm,m/s,-,W/m2,-,-
date,temp,rh,p_atm,Jp,Js,WS,WD,Qs,tau,cloudiness
2022/4/1 0:00,1.0,86,,0.0,,0.9,“ì¼,,1.0e-50,
2022/4/1 1:00,0.3,91,,0.0,,0.7,“ì“ì¼,,1.0e-50,
2022/4/1 2:00,-0.5,93,,0.0,,0.8,“ì“ì“Œ,,1.0e-50,
2022/4/1 3:00,-1.2,91,,0.0,,1.2,“ì,,1.0e-50,
2022/4/1 4:00,-1.6,91,,0.0,,1.4,“ì,,1.0e-50,
2022/4/1 5:00,-2.1,92,,0.0,,1.5,“ì“ì“Œ,,1.0e-50,
2022/4/1 6:00,-2.3,92,,0.0,,1.7,“ì“ì“Œ,,0.01,
2022/4/1 7:00,-0.1,90,,0.0,,1.8,“ì“ì“Œ,,0.01,
2022/4/1 8:00,2.9,81,,0.0,,1.8,“ì“Œ,,0.01,
2022/4/1 9:00,5.3,70,,0.0,,2.7,“ì“ì“Œ,,0.01,
2022/4/1 10:00,7.2,62,,0.0,,2.9,“ì“ì“Œ,,0.01,
2022/4/1 11:00,8.6,53,,0.0,,2.9,“ì,,0.01,
2022/4/1 12:00,9.3,51,,0.0,,2.9,“ì,,0.01,
2022/4/1 13:00,9.4,54,,0.0,,3.5,“ì,,0.01,
2022/4/1 14:00,9.3,56,,0.0,,3.7,“ì,,0.01,
2022/4/1 15:00,9.1,58,,0.0,,3.4,“ì,,0.01,
2022/4/1 16:00,7.9,66,,0.0,,3.3,“ì“ì“Œ,,0.01,
2022/4/1 17:00,6.7,73,,0.0,,3.0,“ì“ì“Œ,,0.01,
2022/4/1 18:00,5.4,79,,0.0,,4.1,“ì“ì“Œ,,0.01,
2022/4/1 19:00,5.0,80,,0.0,,4.3,“ì“ì“Œ,,1.0e-50,
2022/4/1 20:00,5.2,77,,0.0,,4.2,“ì“ì“Œ,,1.0e-50,
2022/4/1 21:00,5.7,73,,0.0,,4.3,“ì“ì“Œ,,1.0e-50,
2022/4/1 22:00,5.7,76,,0.3,,3.8,“ì“ì“Œ,,1.0e-50,
2022/4/1 23:00,4.6,85,,0.9,,0.0,¼–k¼,,1.0e-50,
2022/4/2 0:00,3.5,85,,0.5,,2.1,–k–k¼,,1.0e-50,
2022/4/2 1:00,2.7,83,,0.2,,3.0,–k¼,,1.0e-50,
2022/4/2 2:00,2.0,67,,0.1,,2.7,¼–k¼,,1.0e-50,
2022/4/2 3:00,0.7,68,,0.0,,1.9,¼–k¼,,1.0e-50,
2022/4/2 4:00,-0.3,69,,0.0,,2.0,¼,,1.0e-50,
2022/4/2 5:00,-0.7,70,,0.1,,1.9,¼,,1.0e-50,
2022/4/2 6:00,-1.4,73,,0.1,,1.7,¼“ì¼,,0.01,
2022/4/2 7:00,-0.6,70,,0.1,,1.6,¼,,0.01,
2022/4/2 8:00,0.8,58,,0.1,,3.3,¼,,0.01,
2022/4/2 9:00,1.9,53,,0.1,,3.7,¼,,0.01,
2022/4/2 10:00,2.2,51,,0.1,,4.2,¼,,0.01,
2022/4/2 11:00,2.4,48,,0.1,,4.6,¼,,0.01,
2022/4/2 12:00,2.7,47,,0.1,,4.6,¼,,0.01,
2022/4/2 13:00,2.4,48,,0.0,,4.9,¼,,0.01,
2022/4/2 14:00,1.9,51,,0.1,,4.7,¼,,0.01,
2022/4/2 15:00,1.6,53,,0.1,,3.8,¼,,0.01,
2022/4/2 16:00,1.0,56,,0.0,,3.3,¼,,0.01,
2022/4/2 17:00,0.3,62,,0.1,,2.3,¼–k¼,,0.01,
2022/4/2 18:00,-0.4,68,,0.1,,1.7,¼“ì¼,,0.01,
2022/4/2 19:00,-1.0,67,,0.0,,1.8,¼“ì¼,,1.0e-50,
2022/4/2 20:00,-1.2,66,,0.0,,2.0,¼“ì¼,,1.0e-50,
2022/4/2 21:00,-1.4,66,,0.0,,2.2,¼“ì¼,,1.0e-50,
2022/4/2 22:00,-1.1,66,,0.1,,2.5,¼,,1.0e-50,
2022/4/2 23:00,-1.0,73,,0.4,,2.5,¼–k¼,,1.0e-50,
2022/4/3 0:00,-0.7,68,,0.2,,2.9,¼–k¼,,1.0e-50,
2022/4/3 1:00,-0.7,63,,0.1,,2.8,¼–k¼,,1.0e-50,
2022/4/3 2:00,-0.9,63,,0.1,,2.9,¼–k¼,,1.0e-50,
2022/4/3 3:00,-1.0,67,,0.1,,2.9,¼–k¼,,1.0e-50,
2022/4/3 4:00,-1.0,64,,0.0,,2.8,¼–k¼,,1.0e-50,
2022/4/3 5:00,-1.2,64,,0.0,,2.6,¼–k¼,,1.0e-50,
2022/4/3 6:00,-1.3,69,,0.1,,2.7,¼–k¼,,0.01,
2022/4/3 7:00,-0.4,67,,0.1,,3.0,¼–k¼,,0.01,
2022/4/3 8:00,0.9,61,,0.0,,4.0,–k¼,,0.01,
2022/4/3 9:00,0.8,68,,0.0,,4.3,–k¼,,0.01,
2022/4/3 10:00,1.0,71,,0.5,,4.0,–k¼,,0.01,
2022/4/3 11:00,1.2,69,,0.7,,3.9,–k–k¼,,0.01,
2022/4/3 12:00,1.3,67,,0.4,,4.0,–k–k¼,,0.01,
2022/4/3 13:00,1.5,66,,0.2,,4.0,–k–k¼,,0.01,
2022/4/3 14:00,1.5,68,,0.1,,3.9,–k–k¼,,0.01,
2022/4/3 15:00,1.3,71,,0.1,,3.7,–k–k¼,,0.01,
2022/4/3 16:00,1.0,73,,0.2,,3.1,–k–k¼,,0.01,
2022/4/3 17:00,0.6,77,,0.4,,2.4,–k–k¼,,0.01,
2022/4/3 18:00,-0.0,81,,0.5,,1.9,–k–k¼,,0.01,
2022/4/3 19:00,-0.3,81,,0.5,,1.5,–k–k¼,,1.0e-50,
2022/4/3 20:00,-0.7,83,,0.5,,1.2,–k–k¼,,1.0e-50,
2022/4/3 21:00,-1.1,79,,0.4,,1.3,–k,,1.0e-50,
2022/4/3 22:00,-1.6,81,,0.1,,0.8,–k,,1.0e-50,
2022/4/3 23:00,-2.2,84,,0.1,,0.3,–k¼,,1.0e-50,
2022/4/4 0:00,-3.0,81,,0.0,,0.9,–k,,1.0e-50,
2022/4/4 1:00,-4.4,84,,0.0,,0.4,–k–k¼,,1.0e-50,
2022/4/4 2:00,-5.1,84,,0.0,,0.7,¼–k¼,,1.0e-50,
2022/4/4 3:00,-5.6,84,,0.0,,1.0,¼,,1.0e-50,
2022/4/4 4:00,-6.3,82,,0.0,,1.3,¼“ì¼,,1.0e-50,
2022/4/4 5:00,-6.7,80,,0.0,,1.6,¼“ì¼,,1.0e-50,
2022/4/4 6:00,-6.7,73,,0.0,,1.5,¼“ì¼,,0.01,
2022/4/4 7:00,-4.8,69,,0.0,,1.2,¼“ì¼,,0.01,
2022/4/4 8:00,-2.4,65,,0.0,,0.4,“ì¼,,0.01,
2022/4/4 9:00,-0.5,52,,0.0,,0.5,¼–k¼,,0.01,
2022/4/4 10:00,0.4,53,,0.0,,1.1,–k–k¼,,0.01,
2022/4/4 11:00,1.2,53,,0.0,,1.9,–k–k¼,,0.01,
2022/4/4 12:00,2.1,47,,0.0,,3.2,–k–k¼,,0.01,
2022/4/4 13:00,2.5,46,,0.0,,3.2,–k¼,,0.01,
2022/4/4 14:00,2.6,45,,0.0,,2.9,–k–k¼,,0.01,
2022/4/4 15:00,3.0,48,,0.0,,2.4,–k–k¼,,0.01,
2022/4/4 16:00,2.6,53,,0.0,,2.1,–k–k¼,,0.01,
2022/4/4 17:00,1.8,68,,0.0,,0.7,–k,,0.01,
2022/4/4 18:00,-0.0,73,,0.0,,1.5,“ì¼,,0.01,
2022/4/4 19:00,-1.6,71,,0.0,,1.7,“ì¼,,1.0e-50,
2022/4/4 20:00,-2.3,71,,0.0,,1.5,“ì“ì¼,,1.0e-50,
2022/4/4 21:00,-2.8,74,,0.0,,1.5,“ì“ì¼,,1.0e-50,
2022/4/4 22:00,-3.3,73,,0.0,,1.5,“ì,,1.0e-50,
2022/4/4 23:00,-3.4,71,,0.0,,1.6,“ì,,1.0e-50,
2022/4/5 0:00,-4.3,74,,0.0,,0.8,“ì“ì“Œ,,1.0e-50,
2022/4/5 1:00,-4.3,73,,0.0,,1.2,“ì“ì“Œ,,1.0e-50,
2022/4/5 2:00,-4.1,73,,0.0,,1.4,“ì“ì“Œ,,1.0e-50,
2022/4/5 3:00,-4.8,77,,0.0,,0.8,“ì“Œ,,1.0e-50,
2022/4/5 4:00,-5.5,77,,0.0,,1.1,“ì“Œ,,1.0e-50,
2022/4/5 5:00,-4.7,73,,0.0,,1.5,“ì“ì“Œ,,1.0e-50,
2022/4/5 6:00,-4.8,76,,0.0,,0.8,“ì“ì“Œ,,0.01,
2022/4/5 7:00,-3.0,79,,0.0,,0.5,“ì“Œ,,0.01,
2022/4/5 8:00,1.1,75,,0.0,,0.4,“ì“Œ,,0.01,
2022/4/5 9:00,5.0,63,,0.0,,0.5,–k–k“Œ,,0.01,
2022/4/5 10:00,6.7,61,,0.0,,0.8,–k–k“Œ,,0.01,
2022/4/5 11:00,8.0,60,,0.0,,1.1,–k–k“Œ,,0.01,
2022/4/5 12:00,9.9,57,,0.0,,0.7,–k“Œ,,0.01,
2022/4/5 13:00,10.6,58,,0.0,,1.3,–k,,0.01,
2022/4/5 14:00,11.0,59,,0.0,,1.4,–k–k¼,,0.01,
2022/4/5 15:00,11.2,60,,0.0,,0.8,–k–k¼,,0.01,
2022/4/5 16:00,10.6,67,,0.0,,1.1,–k,,0.01,
2022/4/5 17:00,8.7,77,,0.0,,1.2,–k–k“Œ,,0.01,
2022/4/5 18:00,6.0,84,,0.0,,0.7,“ì¼,,0.01,
2022/4/5 19:00,4.0,73,,0.0,,0.9,“ì¼,,1.0e-50,
2022/4/5 20:00,2.2,76,,0.0,,0.5,“ì“ì“Œ,,1.0e-50,
2022/4/5 21:00,2.1,61,,0.0,,1.4,“ì¼,,1.0e-50,
2022/4/5 22:00,0.9,63,,0.0,,1.2,“ì¼,,1.0e-50,
2022/4/5 23:00,-0.5,68,,0.0,,0.8,“ì¼,,1.0e-50,
2022/4/6 0:00,-1.5,69,,0.0,,0.9,“ì¼,,1.0e-50,
2022/4/6 1:00,-1.6,68,,0.0,,1.2,“ì“ì¼,,1.0e-50,
2022/4/6 2:00,-2.0,67,,0.0,,1.1,“ì“ì¼,,1.0e-50,
2022/4/6 3:00,-2.4,70,,0.0,,1.4,“ì,,1.0e-50,
2022/4/6 4:00,-2.1,68,,0.0,,1.7,“ì,,1.0e-50,
2022/4/6 5:00,-2.5,72,,0.0,,1.5,“ì,,1.0e-50,
2022/4/6 6:00,-1.3,71,,0.0,,1.6,“ì,,0.01,
2022/4/6 7:00,0.6,71,,0.0,,1.2,“ì“ì“Œ,,0.01,
2022/4/6 8:00,3.9,70,,0.0,,0.9,“Œ“ì“Œ,,0.01,
2022/4/6 9:00,8.3,61,,0.0,,0.7,“Œ–k“Œ,,0.01,
2022/4/6 10:00,10.7,52,,0.0,,0.6,–k,,0.01,
2022/4/6 11:00,12.2,48,,0.0,,0.7,¼–k¼,,0.01,
2022/4/6 12:00,14.1,41,,0.0,,2.0,¼“ì¼,,0.01,
2022/4/6 13:00,14.4,41,,0.0,,2.8,¼“ì¼,,0.01,
2022/4/6 14:00,13.9,43,,0.0,,3.3,¼“ì¼,,0.01,
2022/4/6 15:00,13.3,43,,0.0,,2.1,¼“ì¼,,0.01,
2022/4/6 16:00,12.4,47,,0.0,,1.1,¼“ì¼,,0.01,
2022/4/6 17:00,10.7,58,,0.0,,0.8,“ì“ì“Œ,,0.01,
2022/4/6 18:00,8.2,66,,0.0,,1.2,“ì“ì“Œ,,0.01,
2022/4/6 19:00,6.0,65,,0.0,,1.0,“ì“ì“Œ,,0.01,
2022/4/6 20:00,4.3,67,,0.0,,0.6,“ì“Œ,,1.0e-50,
2022/4/6 21:00,3.4,63,,0.0,,1.7,“ì“ì“Œ,,1.0e-50,
2022/4/6 22:00,3.7,56,,0.0,,2.3,“ì“ì“Œ,,1.0e-50,
2022/4/6 23:00,3.8,56,,0.0,,2.2,“ì“ì“Œ,,1.0e-50,
2022/4/7 0:00,1.1,63,,0.0,,1.6,“ì“ì“Œ,,1.0e-50,
2022/4/7 1:00,0.2,64,,0.0,,1.7,“ì“ì“Œ,,1.0e-50,
2022/4/7 2:00,0.7,66,,0.0,,2.3,“ì“Œ,,1.0e-50,
2022/4/7 3:00,0.8,63,,0.0,,2.2,“ì“ì“Œ,,1.0e-50,
2022/4/7 4:00,0.5,64,,0.0,,2.1,“ì“ì“Œ,,1.0e-50,
2022/4/7 5:00,0.0,70,,0.0,,2.1,“ì“ì“Œ,,1.0e-50,
2022/4/7 6:00,1.3,69,,0.0,,2.3,“ì“ì“Œ,,0.01,
2022/4/7 7:00,3.2,72,,0.0,,2.4,“ì“Œ,,0.01,
2022/4/7 8:00,5.9,68,,0.0,,2.5,“ì“Œ,,0.01,
2022/4/7 9:00,8.3,61,,0.0,,3.1,“ì“Œ,,0.01,
2022/4/7 10:00,10.1,55,,0.0,,3.2,“ì“ì“Œ,,0.01,
2022/4/7 11:00,11.6,52,,0.0,,3.3,“ì“ì“Œ,,0.01,
2022/4/7 12:00,11.8,57,,0.0,,3.6,“ì,,0.01,
2022/4/7 13:00,12.5,56,,0.0,,4.1,“ì,,0.01,
2022/4/7 14:00,13.1,57,,0.0,,4.3,“ì“ì¼,,0.01,
2022/4/7 15:00,13.5,60,,0.0,,4.0,“ì“ì¼,,0.01,
2022/4/7 16:00,12.9,63,,0.0,,3.3,“ì,,0.01,
2022/4/7 17:00,11.6,68,,0.0,,3.0,“ì,,0.01,
2022/4/7 18:00,10.5,72,,0.0,,2.7,“ì,,0.01,
2022/4/7 19:00,9.8,68,,0.0,,2.8,“ì,,0.01,
2022/4/7 20:00,9.1,66,,0.0,,3.0,“ì,,1.0e-50,
2022/4/7 21:00,8.7,74,,0.0,,3.0,“ì“ì“Œ,,1.0e-50,
2022/4/7 22:00,8.2,79,,0.2,,2.9,“ì“ì“Œ,,1.0e-50,
2022/4/7 23:00,8.3,81,,0.1,,3.1,“ì“ì“Œ,,1.0e-50,
2022/4/8 0:00,8.1,82,,0.0,,2.8,“ì“ì“Œ,,1.0e-50,
2022/4/8 1:00,8.0,82,,0.1,,3.0,“ì“ì“Œ,,1.0e-50,
2022/4/8 2:00,7.6,85,,0.0,,2.6,“ì“Œ,,1.0e-50,
2022/4/8 3:00,7.2,87,,0.0,,2.5,“ì“ì“Œ,,1.0e-50,
2022/4/8 4:00,7.0,85,,0.0,,1.7,“ì“ì“Œ,,1.0e-50,
2022/4/8 5:00,6.8,82,,0.1,,1.7,“ì“ì“Œ,,1.0e-50,
2022/4/8 6:00,6.8,79,,0.2,,1.7,“ì,,0.01,
2022/4/8 7:00,6.4,78,,0.5,,1.3,“ì,,0.01,
2022/4/8 8:00,6.4,78,,0.2,,1.0,“ì“Œ,,0.01,
2022/4/8 9:00,6.7,79,,0.2,,0.2,“Œ“ì“Œ,,0.01,
2022/4/8 10:00,7.3,78,,0.4,,1.0,–k–k¼,,0.01,
2022/4/8 11:00,7.8,73,,0.1,,1.8,–k¼,,0.01,
2022/4/8 12:00,7.3,68,,0.0,,3.8,–k¼,,0.01,
2022/4/8 13:00,7.3,54,,0.0,,4.3,–k¼,,0.01,
2022/4/8 14:00,7.5,52,,0.0,,4.3,–k¼,,0.01,
2022/4/8 15:00,7.9,39,,0.0,,3.8,¼–k¼,,0.01,
2022/4/8 16:00,7.3,41,,0.0,,3.1,¼–k¼,,0.01,
2022/4/8 17:00,6.6,45,,0.0,,2.2,¼–k¼,,0.01,
2022/4/8 18:00,4.8,57,,0.0,,0.9,–k¼,,0.01,
2022/4/8 19:00,3.0,56,,0.0,,1.0,“ì¼,,0.01,
2022/4/8 20:00,2.5,48,,0.0,,1.6,“ì¼,,1.0e-50,
2022/4/8 21:00,2.6,41,,0.0,,1.8,“ì¼,,1.0e-50,
2022/4/8 22:00,2.1,41,,0.0,,1.8,“ì¼,,1.0e-50,
2022/4/8 23:00,1.6,41,,0.0,,1.7,“ì¼,,1.0e-50,
2022/4/9 0:00,0.7,38,,0.0,,1.5,“ì,,1.0e-50,
2022/4/9 1:00,-0.1,42,,0.0,,1.4,“ì“ì¼,,1.0e-50,
2022/4/9 2:00,-0.7,45,,0.0,,1.3,“ì“ì¼,,1.0e-50,
2022/4/9 3:00,-1.2,42,,0.0,,1.5,“ì,,1.0e-50,
2022/4/9 4:00,-1.4,41,,0.0,,1.6,“ì,,1.0e-50,
2022/4/9 5:00,-1.7,45,,0.0,,1.5,“ì,,1.0e-50,
2022/4/9 6:00,-1.3,48,,0.0,,1.6,“ì,,0.01,
2022/4/9 7:00,0.5,47,,0.0,,1.3,“ì“ì“Œ,,0.01,
2022/4/9 8:00,3.6,41,,0.0,,1.9,“ì“Œ,,0.01,
2022/4/9 9:00,6.4,34,,0.0,,2.8,“ì“Œ,,0.01,
2022/4/9 10:00,8.1,26,,0.0,,3.6,“ì“Œ,,0.01,
2022/4/9 11:00,9.4,22,,0.0,,4.3,“ì“ì“Œ,,0.01,
2022/4/9 12:00,10.3,23,,0.0,,4.2,“ì“ì“Œ,,0.01,
2022/4/9 13:00,10.5,28,,0.0,,3.8,“ì“ì“Œ,,0.01,
2022/4/9 14:00,10.5,33,,0.0,,3.9,“ì“ì“Œ,,0.01,
2022/4/9 15:00,9.8,35,,0.0,,3.5,“ì“ì“Œ,,0.01,
2022/4/9 16:00,9.1,38,,0.0,,3.5,“ì“ì“Œ,,0.01,
2022/4/9 17:00,7.9,44,,0.0,,3.1,“ì“ì“Œ,,0.01,
2022/4/9 18:00,6.9,51,,0.0,,1.4,“ì“ì“Œ,,0.01,
2022/4/9 19:00,5.0,62,,0.0,,0.7,“ì“ì¼,,0.01,
2022/4/9 20:00,3.8,69,,0.0,,0.6,“ì¼,,1.0e-50,
2022/4/9 21:00,2.7,72,,0.0,,0.8,“ì“ì¼,,1.0e-50,
2022/4/9 22:00,2.0,73,,0.0,,0.9,“ì¼,,1.0e-50,
2022/4/9 23:00,1.3,70,,0.0,,0.9,“ì¼,,1.0e-50,
2022/4/10 0:00,0.6,70,,0.0,,1.1,“ì,,1.0e-50,
2022/4/10 1:00,-0.2,76,,0.0,,0.7,“ì¼,,1.0e-50,
2022/4/10 2:00,-1.1,81,,0.0,,0.4,¼“ì¼,,1.0e-50,
2022/4/10 3:00,-1.6,83,,0.0,,0.4,“ì¼,,1.0e-50,
2022/4/10 4:00,-2.0,85,,0.0,,0.3,“ì“ì¼,,1.0e-50,
2022/4/10 5:00,-1.8,80,,0.0,,1.0,“ì“ì“Œ,,1.0e-50,
2022/4/10 6:00,-0.6,71,,0.0,,1.7,“ì,,0.01,
2022/4/10 7:00,1.5,64,,0.0,,2.0,“ì“ì“Œ,,0.01,
2022/4/10 8:00,4.7,51,,0.0,,2.2,“ì“Œ,,0.01,
2022/4/10 9:00,7.7,37,,0.0,,2.4,“ì“ì“Œ,,0.01,
2022/4/10 10:00,10.4,25,,0.0,,2.1,“ì“ì“Œ,,0.01,
2022/4/10 11:00,12.3,21,,0.0,,1.4,“ì“ì“Œ,,0.01,
2022/4/10 12:00,13.6,21,,0.0,,1.9,“ì“ì“Œ,,0.01,
2022/4/10 13:00,14.3,23,,0.0,,2.3,“ì“ì“Œ,,0.01,
2022/4/10 14:00,14.4,25,,0.0,,2.8,“ì,,0.01,
2022/4/10 15:00,13.6,30,,0.0,,3.4,“ì,,0.01,
2022/4/10 16:00,12.4,37,,0.0,,3.5,“ì,,0.01,
2022/4/10 17:00,10.8,46,,0.0,,3.2,“ì“ì“Œ,,0.01,
2022/4/10 18:00,8.8,57,,0.0,,3.1,“ì“ì“Œ,,0.01,
2022/4/10 19:00,7.5,64,,0.0,,3.0,“ì“ì“Œ,,0.01,
2022/4/10 20:00,6.8,67,,0.0,,2.7,“ì“ì“Œ,,1.0e-50,
2022/4/10 21:00,5.6,79,,0.0,,3.4,“ì“ì“Œ,,1.0e-50,
2022/4/10 22:00,5.5,78,,0.0,,3.9,“ì“Œ,,1.0e-50,
2022/4/10 23:00,6.0,73,,0.0,,3.8,“ì“ì“Œ,,1.0e-50,
2022/4/11 0:00,5.9,76,,0.5,,1.6,“ì,,1.0e-50,
2022/4/11 1:00,5.0,84,,0.7,,0.6,–k,,1.0e-50,
2022/4/11 2:00,4.1,87,,0.2,,0.2,“ì,,1.0e-50,
2022/4/11 3:00,4.1,86,,0.1,,1.4,–k¼,,1.0e-50,
2022/4/11 4:00,4.0,83,,0.0,,1.6,–k¼,,1.0e-50,
2022/4/11 5:00,3.2,82,,0.0,,1.3,¼–k¼,,1.0e-50,
2022/4/11 6:00,2.5,72,,0.0,,1.6,¼,,0.01,
2022/4/11 7:00,3.7,58,,0.0,,1.7,¼–k¼,,0.01,
2022/4/11 8:00,5.4,51,,0.0,,2.7,¼–k¼,,0.01,
2022/4/11 9:00,6.7,42,,0.0,,2.8,–k¼,,0.01,
2022/4/11 10:00,7.3,36,,0.0,,3.3,–k¼,,0.01,
2022/4/11 11:00,7.2,45,,0.0,,4.0,–k¼,,0.01,
2022/4/11 12:00,6.7,51,,0.0,,3.9,–k¼,,0.01,
2022/4/11 13:00,6.3,52,,0.0,,4.5,–k–k¼,,0.01,
2022/4/11 14:00,5.5,52,,0.0,,4.5,–k–k¼,,0.01,
2022/4/11 15:00,5.0,53,,0.0,,3.5,–k–k¼,,0.01,
2022/4/11 16:00,4.5,53,,0.0,,3.4,–k–k¼,,0.01,
2022/4/11 17:00,3.8,55,,0.0,,3.2,–k–k¼,,0.01,
2022/4/11 18:00,3.2,60,,0.0,,2.1,–k–k¼,,0.01,
2022/4/11 19:00,2.2,63,,0.0,,1.4,–k–k¼,,0.01,
2022/4/11 20:00,1.4,68,,0.0,,1.2,–k¼,,1.0e-50,
2022/4/11 21:00,0.9,73,,0.0,,1.4,¼–k¼,,1.0e-50,
2022/4/11 22:00,0.6,73,,0.0,,1.4,¼–k¼,,1.0e-50,
2022/4/11 23:00,0.3,75,,0.0,,1.4,¼–k¼,,1.0e-50,
2022/4/12 0:00,0.0,79,,0.0,,1.4,¼,,1.0e-50,
2022/4/12 1:00,-0.2,80,,0.0,,1.5,¼,,1.0e-50,
2022/4/12 2:00,-0.5,80,,0.0,,1.4,¼,,1.0e-50,
2022/4/12 3:00,-0.7,77,,0.0,,1.4,¼,,1.0e-50,
2022/4/12 4:00,-1.3,75,,0.0,,1.4,¼,,1.0e-50,
2022/4/12 5:00,-1.6,70,,0.0,,1.6,¼,,1.0e-50,
2022/4/12 6:00,-1.6,63,,0.0,,1.5,¼“ì¼,,0.01,
2022/4/12 7:00,0.1,56,,0.0,,0.8,“ì¼,,0.01,
2022/4/12 8:00,2.2,50,,0.0,,0.5,–k,,0.01,
2022/4/12 9:00,4.2,39,,0.0,,1.7,–k–k¼,,0.01,
2022/4/12 10:00,5.4,33,,0.0,,2.5,–k¼,,0.01,
2022/4/12 11:00,6.2,30,,0.0,,2.8,–k¼,,0.01,
2022/4/12 12:00,7.0,33,,0.0,,3.1,–k¼,,0.01,
2022/4/12 13:00,7.5,31,,0.0,,3.1,–k¼,,0.01,
2022/4/12 14:00,7.9,27,,0.0,,3.0,¼–k¼,,0.01,
2022/4/12 15:00,8.1,31,,0.0,,2.0,–k¼,,0.01,
2022/4/12 16:00,8.1,32,,0.0,,2.1,–k¼,,0.01,
2022/4/12 17:00,7.4,37,,0.0,,1.6,–k¼,,0.01,
2022/4/12 18:00,6.0,47,,0.0,,0.5,“Œ“ì“Œ,,0.01,
2022/4/12 19:00,5.0,50,,0.0,,1.6,“ì,,0.01,
2022/4/12 20:00,4.3,52,,0.0,,1.6,“ì,,1.0e-50,
2022/4/12 21:00,3.7,54,,0.0,,1.6,“ì“ì¼,,1.0e-50,
2022/4/12 22:00,3.5,58,,0.0,,1.5,“ì,,1.0e-50,
2022/4/12 23:00,3.5,63,,0.0,,1.6,“ì“ì“Œ,,1.0e-50,
2022/4/13 0:00,3.5,67,,0.0,,1.9,“ì“ì“Œ,,1.0e-50,
2022/4/13 1:00,3.6,71,,0.0,,2.2,“ì“ì“Œ,,1.0e-50,
2022/4/13 2:00,3.6,75,,0.0,,2.4,“ì“ì“Œ,,1.0e-50,
2022/4/13 3:00,2.8,80,,0.0,,2.3,“ì“ì“Œ,,1.0e-50,
2022/4/13 4:00,2.8,83,,0.0,,2.5,“ì“ì“Œ,,1.0e-50,
2022/4/13 5:00,3.0,87,,0.0,,2.8,“ì“Œ,,1.0e-50,
2022/4/13 6:00,3.0,89,,0.1,,2.7,“ì“ì“Œ,,0.01,
2022/4/13 7:00,3.9,87,,0.2,,2.6,“ì“Œ,,0.01,
2022/4/13 8:00,4.3,87,,0.8,,2.9,“ì“Œ,,0.01,
2022/4/13 9:00,4.9,84,,0.5,,2.9,“ì“Œ,,0.01,
2022/4/13 10:00,5.6,77,,0.4,,3.1,“ì“ì“Œ,,0.01,
2022/4/13 11:00,7.4,66,,0.0,,2.2,“ì“Œ,,0.01,
2022/4/13 12:00,8.9,60,,0.1,,1.7,“ì“Œ,,0.01,
2022/4/13 13:00,10.0,56,,0.0,,0.8,“Œ,,0.01,
2022/4/13 14:00,11.1,49,,0.0,,1.7,–k¼,,0.01,
2022/4/13 15:00,10.9,42,,0.0,,3.4,¼–k¼,,0.01,
2022/4/13 16:00,9.9,42,,0.0,,3.6,¼–k¼,,0.01,
2022/4/13 17:00,8.5,47,,0.0,,3.5,¼–k¼,,0.01,
2022/4/13 18:00,6.8,59,,0.0,,2.0,–k¼,,0.01,
2022/4/13 19:00,5.2,65,,0.0,,1.0,¼–k¼,,0.01,
2022/4/13 20:00,4.1,66,,0.0,,0.7,¼“ì¼,,1.0e-50,
2022/4/13 21:00,4.5,67,,0.0,,1.2,“ì,,1.0e-50,
2022/4/13 22:00,4.6,60,,0.0,,1.5,“ì,,1.0e-50,
2022/4/13 23:00,4.6,59,,0.0,,1.0,“ì,,1.0e-50,
2022/4/14 0:00,3.8,61,,0.0,,1.3,“ì,,1.0e-50,
2022/4/14 1:00,3.9,57,,0.0,,1.4,“ì¼,,1.0e-50,
2022/4/14 2:00,4.6,57,,0.0,,2.1,¼“ì¼,,1.0e-50,
2022/4/14 3:00,2.5,74,,0.0,,0.8,¼–k¼,,1.0e-50,
2022/4/14 4:00,3.9,68,,0.0,,1.9,¼“ì¼,,1.0e-50,
2022/4/14 5:00,3.7,73,,0.1,,1.6,¼,,1.0e-50,
2022/4/14 6:00,2.6,77,,0.2,,0.7,“Œ“ì“Œ,,0.01,
2022/4/14 7:00,3.7,73,,0.0,,0.5,“ì“Œ,,0.01,
2022/4/14 8:00,4.8,72,,0.1,,1.0,“ì“ì“Œ,,0.01,
2022/4/14 9:00,7.7,57,,0.0,,0.5,“Œ“ì“Œ,,0.01,
2022/4/14 10:00,9.5,48,,0.0,,1.3,“ì,,0.01,
2022/4/14 11:00,11.7,38,,0.0,,0.4,“ì,,0.01,
2022/4/14 12:00,12.4,39,,0.0,,2.6,–k,,0.01,
2022/4/14 13:00,12.4,34,,0.0,,2.8,–k–k¼,,0.01,
2022/4/14 14:00,12.4,30,,0.0,,2.3,–k–k¼,,0.01,
2022/4/14 15:00,12.5,26,,0.0,,2.2,–k,,0.01,
2022/4/14 16:00,11.8,24,,0.0,,2.1,–k,,0.01,
2022/4/14 17:00,11.0,24,,0.0,,1.5,–k,,0.01,
2022/4/14 18:00,8.8,32,,0.0,,0.7,–k,,0.01,
2022/4/14 19:00,7.8,35,,0.0,,1.3,“ì“ì¼,,0.01,
2022/4/14 20:00,7.9,38,,0.0,,1.9,“ì,,1.0e-50,
2022/4/14 21:00,7.3,57,,0.0,,1.7,“ì“ì“Œ,,1.0e-50,
2022/4/14 22:00,6.7,66,,0.0,,1.8,“ì“ì“Œ,,1.0e-50,
2022/4/14 23:00,6.9,64,,0.0,,2.3,“ì“ì“Œ,,1.0e-50,
2022/4/15 0:00,5.9,65,,0.0,,2.3,“ì“ì“Œ,,1.0e-50,
2022/4/15 1:00,5.8,70,,0.0,,2.3,“ì“Œ,,1.0e-50,
2022/4/15 2:00,5.7,79,,0.0,,2.7,“ì“Œ,,1.0e-50,
2022/4/15 3:00,5.4,84,,0.0,,2.8,“ì“ì“Œ,,1.0e-50,
2022/4/15 4:00,5.9,83,,0.0,,2.9,“ì“ì“Œ,,1.0e-50,
2022/4/15 5:00,6.4,80,,0.0,,3.2,“ì“ì“Œ,,1.0e-50,
2022/4/15 6:00,6.8,79,,0.0,,3.5,“ì“ì“Œ,,0.01,
2022/4/15 7:00,8.8,68,,0.0,,3.9,“ì“ì“Œ,,0.01,
2022/4/15 8:00,10.8,60,,0.0,,4.7,“ì“ì“Œ,,0.01,
2022/4/15 9:00,12.7,53,,0.0,,4.9,“ì“ì“Œ,,0.01,
2022/4/15 10:00,13.4,52,,0.0,,4.8,“ì“ì“Œ,,0.01,
2022/4/15 11:00,13.8,50,,0.0,,4.8,“ì“ì“Œ,,0.01,
2022/4/15 12:00,13.7,51,,0.0,,5.1,“ì“ì“Œ,,0.01,
2022/4/15 13:00,14.2,47,,0.0,,5.1,“ì“ì“Œ,,0.01,
2022/4/15 14:00,13.8,46,,0.0,,4.6,“ì“ì“Œ,,0.01,
2022/4/15 15:00,14.7,42,,0.0,,4.1,“ì“ì“Œ,,0.01,
2022/4/15 16:00,13.7,46,,0.0,,3.9,“ì“ì“Œ,,0.01,
2022/4/15 17:00,12.8,48,,0.0,,3.8,“ì“ì“Œ,,0.01,
2022/4/15 18:00,11.9,50,,0.0,,4.1,“ì“ì“Œ,,0.01,
2022/4/15 19:00,11.5,51,,0.0,,4.2,“ì“ì“Œ,,0.01,
2022/4/15 20:00,10.9,55,,0.0,,3.9,“ì“ì“Œ,,1.0e-50,
2022/4/15 21:00,11.2,57,,0.0,,3.8,“ì“ì“Œ,,1.0e-50,
2022/4/15 22:00,10.8,62,,0.0,,3.6,“ì“ì“Œ,,1.0e-50,
2022/4/15 23:00,10.5,66,,0.0,,3.2,“ì“Œ,,1.0e-50,
2022/4/16 0:00,9.1,70,,0.0,,3.0,“ì“ì“Œ,,1.0e-50,
2022/4/16 1:00,9.4,71,,0.0,,3.9,“ì“ì“Œ,,1.0e-50,
2022/4/16 2:00,9.4,74,,0.0,,4.0,“ì“ì“Œ,,1.0e-50,
2022/4/16 3:00,8.6,76,,0.0,,3.6,“ì“ì“Œ,,1.0e-50,
2022/4/16 4:00,8.1,79,,0.0,,3.1,“ì“ì“Œ,,1.0e-50,
2022/4/16 5:00,8.3,79,,0.0,,3.1,“ì“ì“Œ,,1.0e-50,
2022/4/16 6:00,8.9,79,,0.0,,3.1,“ì,,0.01,
2022/4/16 7:00,9.6,76,,0.0,,3.3,“ì“ì“Œ,,0.01,
2022/4/16 8:00,9.5,80,,0.1,,3.3,“ì“ì“Œ,,0.01,
2022/4/16 9:00,10.5,77,,0.6,,3.1,“ì“Œ,,0.01,
2022/4/16 10:00,11.0,75,,0.3,,3.6,“ì“Œ,,0.01,
2022/4/16 11:00,10.7,75,,0.2,,3.2,“ì“ì“Œ,,0.01,
2022/4/16 12:00,11.5,72,,0.9,,3.1,“ì“Œ,,0.01,
2022/4/16 13:00,11.1,76,,0.1,,1.8,“ì“Œ,,0.01,
2022/4/16 14:00,9.2,83,,3.3,,3.3,–k–k¼,,0.01,
2022/4/16 15:00,7.8,84,,4.4,,3.3,–k–k¼,,0.01,
2022/4/16 16:00,7.3,77,,4.0,,3.5,–k¼,,0.01,
2022/4/16 17:00,5.8,74,,1.5,,3.8,–k¼,,0.01,
2022/4/16 18:00,4.2,75,,0.5,,4.7,¼–k¼,,0.01,
2022/4/16 19:00,3.5,75,,0.5,,5.0,¼–k¼,,0.01,
2022/4/16 20:00,3.2,76,,0.6,,5.2,¼–k¼,,1.0e-50,
2022/4/16 21:00,2.7,78,,0.8,,5.7,–k¼,,1.0e-50,
2022/4/16 22:00,2.4,79,,1.3,,5.9,–k¼,,1.0e-50,
2022/4/16 23:00,2.3,78,,1.3,,6.3,–k¼,,1.0e-50,
2022/4/17 0:00,2.1,77,,1.4,,6.9,–k¼,,1.0e-50,
2022/4/17 1:00,2.3,75,,0.9,,6.6,–k¼,,1.0e-50,
2022/4/17 2:00,2.5,72,,0.8,,6.1,¼–k¼,,1.0e-50,
2022/4/17 3:00,2.0,71,,0.7,,6.0,–k¼,,1.0e-50,
2022/4/17 4:00,2.1,71,,0.7,,5.5,–k¼,,1.0e-50,
2022/4/17 5:00,2.2,70,,0.4,,5.3,–k¼,,1.0e-50,
2022/4/17 6:00,2.1,72,,0.6,,4.9,–k¼,,0.01,
2022/4/17 7:00,2.4,67,,0.5,,5.2,–k¼,,0.01,
2022/4/17 8:00,2.7,59,,0.3,,5.7,–k¼,,0.01,
2022/4/17 9:00,3.3,57,,0.2,,5.9,–k¼,,0.01,
2022/4/17 10:00,3.3,56,,0.2,,6.1,–k¼,,0.01,
2022/4/17 11:00,3.4,54,,0.2,,6.2,–k¼,,0.01,
2022/4/17 12:00,3.9,49,,0.1,,6.4,–k¼,,0.01,
2022/4/17 13:00,4.0,48,,0.0,,6.4,–k¼,,0.01,
2022/4/17 14:00,3.9,48,,0.0,,6.4,–k¼,,0.01,
2022/4/17 15:00,4.4,44,,0.1,,6.4,–k¼,,0.01,
2022/4/17 16:00,3.7,56,,0.0,,6.0,–k¼,,0.01,
2022/4/17 17:00,3.0,67,,0.1,,5.7,–k¼,,0.01,
2022/4/17 18:00,3.4,62,,0.2,,5.1,–k¼,,0.01,
2022/4/17 19:00,3.4,63,,0.0,,5.0,–k¼,,0.01,
2022/4/17 20:00,3.5,63,,0.0,,5.1,–k¼,,1.0e-50,
2022/4/17 21:00,4.1,58,,0.0,,4.3,–k¼,,1.0e-50,
2022/4/17 22:00,4.1,59,,0.0,,4.3,–k¼,,1.0e-50,
2022/4/17 23:00,3.9,62,,0.0,,4.2,–k¼,,1.0e-50,
2022/4/18 0:00,3.5,65,,0.0,,3.9,–k¼,,1.0e-50,
2022/4/18 1:00,3.3,69,,0.0,,4.2,–k¼,,1.0e-50,
2022/4/18 2:00,3.3,72,,0.0,,4.0,–k¼,,1.0e-50,
2022/4/18 3:00,2.9,74,,0.0,,3.6,–k¼,,1.0e-50,
2022/4/18 4:00,3.0,73,,0.0,,3.4,–k¼,,1.0e-50,
2022/4/18 5:00,3.0,74,,0.0,,3.1,–k¼,,0.01,
2022/4/18 6:00,2.8,76,,0.0,,2.3,–k¼,,0.01,
2022/4/18 7:00,4.0,70,,0.0,,3.5,–k¼,,0.01,
2022/4/18 8:00,4.6,69,,0.0,,4.0,–k–k¼,,0.01,
2022/4/18 9:00,6.0,62,,0.0,,4.5,–k–k¼,,0.01,
2022/4/18 10:00,6.5,60,,0.0,,4.8,–k¼,,0.01,
2022/4/18 11:00,6.8,61,,0.0,,4.8,–k¼,,0.01,
2022/4/18 12:00,6.8,63,,0.0,,4.7,–k¼,,0.01,
2022/4/18 13:00,7.1,63,,0.0,,4.6,–k¼,,0.01,
2022/4/18 14:00,7.2,61,,0.0,,4.5,–k–k¼,,0.01,
2022/4/18 15:00,6.3,61,,0.0,,4.5,–k¼,,0.01,
2022/4/18 16:00,6.1,64,,0.0,,4.1,–k¼,,0.01,
2022/4/18 17:00,5.8,69,,0.0,,3.8,–k¼,,0.01,
2022/4/18 18:00,4.8,74,,0.0,,2.7,–k¼,,0.01,
2022/4/18 19:00,4.3,77,,0.0,,2.2,–k¼,,0.01,
2022/4/18 20:00,3.9,81,,0.0,,1.8,¼–k¼,,1.0e-50,
2022/4/18 21:00,3.1,84,,0.0,,1.3,¼–k¼,,1.0e-50,
2022/4/18 22:00,2.4,83,,0.0,,1.1,–k¼,,1.0e-50,
2022/4/18 23:00,1.9,74,,0.0,,1.2,–k¼,,1.0e-50,
2022/4/19 0:00,1.3,77,,0.0,,1.0,¼,,1.0e-50,
2022/4/19 1:00,1.5,71,,0.0,,1.4,¼“ì¼,,1.0e-50,
2022/4/19 2:00,1.2,73,,0.0,,1.1,“ì¼,,1.0e-50,
2022/4/19 3:00,0.2,78,,0.0,,0.1,–k,,1.0e-50,
2022/4/19 4:00,-0.2,80,,0.0,,0.3,“ì“ì¼,,1.0e-50,
2022/4/19 5:00,0.4,75,,0.0,,1.3,“ì¼,,0.01,
2022/4/19 6:00,0.9,68,,0.0,,1.1,“ì¼,,0.01,
2022/4/19 7:00,1.9,62,,0.0,,0.9,“Œ,,0.01,
2022/4/19 8:00,3.3,58,,0.0,,1.3,“Œ,,0.01,
2022/4/19 9:00,5.0,56,,0.0,,1.6,“Œ,,0.01,
2022/4/19 10:00,6.6,48,,0.0,,2.1,“Œ,,0.01,
2022/4/19 11:00,7.9,44,,0.0,,2.4,“Œ,,0.01,
2022/4/19 12:00,9.0,41,,0.0,,2.0,“Œ,,0.01,
2022/4/19 13:00,9.7,39,,0.0,,1.9,“Œ–k“Œ,,0.01,
2022/4/19 14:00,10.2,39,,0.0,,1.8,“Œ–k“Œ,,0.01,
2022/4/19 15:00,9.7,42,,0.0,,1.6,–k–k“Œ,,0.01,
2022/4/19 16:00,9.4,45,,0.0,,0.3,–k–k¼,,0.01,
2022/4/19 17:00,8.4,52,,0.0,,1.7,“ì“ì“Œ,,0.01,
2022/4/19 18:00,6.7,59,,0.0,,1.4,“Œ,,0.01,
2022/4/19 19:00,5.5,63,,0.0,,1.5,“Œ“ì“Œ,,0.01,
2022/4/19 20:00,4.6,67,,0.0,,1.2,“ì“Œ,,1.0e-50,
2022/4/19 21:00,4.5,69,,0.0,,0.7,“ì“ì“Œ,,1.0e-50,
2022/4/19 22:00,3.8,73,,0.0,,0.3,“ì,,1.0e-50,
2022/4/19 23:00,3.3,76,,0.0,,0.8,–k“Œ,,1.0e-50,
2022/4/20 0:00,2.2,78,,0.0,,0.5,“Œ–k“Œ,,1.0e-50,
2022/4/20 1:00,1.6,75,,0.0,,0.5,“Œ,,1.0e-50,
2022/4/20 2:00,1.2,75,,0.0,,0.1,–k–k“Œ,,1.0e-50,
2022/4/20 3:00,0.9,72,,0.0,,0.2,“ì“ì“Œ,,1.0e-50,
2022/4/20 4:00,0.5,72,,0.0,,0.1,“ì“ì“Œ,,1.0e-50,
2022/4/20 5:00,0.3,73,,0.0,,0.3,“ì“ì“Œ,,0.01,
2022/4/20 6:00,0.9,65,,0.0,,0.6,“ì¼,,0.01,
2022/4/20 7:00,1.8,59,,0.0,,0.8,“Œ“ì“Œ,,0.01,
2022/4/20 8:00,3.1,53,,0.0,,0.9,“Œ,,0.01,
2022/4/20 9:00,4.6,49,,0.0,,1.1,“Œ,,0.01,
2022/4/20 10:00,6.0,41,,0.0,,1.3,“Œ,,0.01,
2022/4/20 11:00,7.2,35,,0.0,,1.4,“Œ,,0.01,
2022/4/20 12:00,8.3,32,,0.0,,1.2,“Œ,,0.01,
2022/4/20 13:00,9.3,30,,0.0,,1.2,“Œ,,0.01,
2022/4/20 14:00,10.0,29,,0.0,,1.1,“Œ,,0.01,
2022/4/20 15:00,8.6,37,,0.0,,2.9,–k–k¼,,0.01,
2022/4/20 16:00,7.9,40,,0.0,,2.4,–k¼,,0.01,
2022/4/20 17:00,7.4,44,,0.0,,2.2,–k–k¼,,0.01,
2022/4/20 18:00,6.1,54,,0.0,,2.0,–k–k¼,,0.01,
2022/4/20 19:00,5.6,58,,0.0,,1.0,–k–k¼,,0.01,
2022/4/20 20:00,5.2,62,,0.0,,0.2,–k“Œ,,1.0e-50,
2022/4/20 21:00,5.0,63,,0.0,,1.3,“ì“Œ,,1.0e-50,
2022/4/20 22:00,4.2,71,,0.0,,0.8,“ì“ì“Œ,,1.0e-50,
2022/4/20 23:00,3.8,75,,0.0,,0.7,“ì“ì“Œ,,1.0e-50,
2022/4/21 0:00,3.7,75,,0.0,,0.9,“ì“ì“Œ,,1.0e-50,
2022/4/21 1:00,3.5,77,,0.0,,0.9,“ì“Œ,,1.0e-50,
2022/4/21 2:00,3.2,78,,0.0,,0.8,“ì“Œ,,1.0e-50,
2022/4/21 3:00,2.9,80,,0.0,,0.9,“ì“ì“Œ,,1.0e-50,
2022/4/21 4:00,2.6,84,,0.0,,0.7,“ì“Œ,,1.0e-50,
2022/4/21 5:00,2.2,87,,0.1,,0.5,“Œ“ì“Œ,,0.01,
2022/4/21 6:00,2.4,85,,0.0,,0.8,“ì“ì“Œ,,0.01,
2022/4/21 7:00,3.2,82,,0.0,,0.7,“ì“ì“Œ,,0.01,
2022/4/21 8:00,4.2,75,,0.0,,0.6,–k,,0.01,
2022/4/21 9:00,4.9,71,,0.0,,1.1,–k,,0.01,
2022/4/21 10:00,5.8,65,,0.0,,2.0,–k,,0.01,
2022/4/21 11:00,6.3,61,,0.0,,2.4,–k,,0.01,
2022/4/21 12:00,7.2,58,,0.0,,2.0,–k,,0.01,
2022/4/21 13:00,7.0,58,,0.1,,2.4,–k–k¼,,0.01,
2022/4/21 14:00,6.8,59,,0.1,,2.4,–k–k¼,,0.01,
2022/4/21 15:00,6.9,60,,0.0,,1.9,–k–k¼,,0.01,
2022/4/21 16:00,6.6,61,,0.0,,2.0,–k–k¼,,0.01,
2022/4/21 17:00,6.3,63,,0.0,,1.9,–k,,0.01,
2022/4/21 18:00,5.8,68,,0.0,,1.4,–k–k¼,,0.01,
2022/4/21 19:00,5.1,72,,0.0,,0.9,–k–k¼,,0.01,
2022/4/21 20:00,4.6,75,,0.0,,0.9,¼–k¼,,1.0e-50,
2022/4/21 21:00,4.2,78,,0.0,,0.8,¼,,1.0e-50,
2022/4/21 22:00,4.0,79,,0.0,,0.9,“ì¼,,1.0e-50,
2022/4/21 23:00,3.9,80,,0.2,,0.8,“ì“ì¼,,1.0e-50,
2022/4/22 0:00,3.6,80,,0.1,,1.0,“ì,,1.0e-50,
2022/4/22 1:00,3.4,82,,0.1,,1.0,“ì“ì“Œ,,1.0e-50,
2022/4/22 2:00,3.1,85,,0.0,,1.1,“ì“ì“Œ,,1.0e-50,
2022/4/22 3:00,2.8,89,,0.0,,1.5,“ì“ì“Œ,,1.0e-50,
2022/4/22 4:00,2.8,89,,0.0,,1.9,“ì“Œ,,1.0e-50,
2022/4/22 5:00,2.7,89,,0.0,,2.1,“ì“Œ,,0.01,
2022/4/22 6:00,2.8,87,,0.0,,2.5,“ì“Œ,,0.01,
2022/4/22 7:00,3.6,80,,0.0,,2.9,“ì“Œ,,0.01,
2022/4/22 8:00,4.8,72,,0.0,,3.3,“ì“ì“Œ,,0.01,
2022/4/22 9:00,6.0,65,,0.0,,3.7,“ì“ì“Œ,,0.01,
2022/4/22 10:00,6.6,61,,0.0,,4.1,“ì“ì“Œ,,0.01,
2022/4/22 11:00,6.7,59,,0.0,,4.5,“ì“ì“Œ,,0.01,
2022/4/22 12:00,6.7,59,,0.0,,4.5,“ì“ì“Œ,,0.01,
2022/4/22 13:00,6.6,59,,0.0,,4.8,“ì“ì“Œ,,0.01,
2022/4/22 14:00,6.6,58,,0.0,,4.7,“ì“ì“Œ,,0.01,
2022/4/22 15:00,6.0,61,,0.0,,4.9,“ì“ì“Œ,,0.01,
2022/4/22 16:00,5.5,61,,0.0,,4.8,“ì“ì“Œ,,0.01,
2022/4/22 17:00,4.7,65,,0.0,,4.7,“ì“ì“Œ,,0.01,
2022/4/22 18:00,4.0,69,,0.0,,4.2,“ì“ì“Œ,,0.01,
2022/4/22 19:00,3.5,71,,0.0,,4.1,“ì“ì“Œ,,0.01,
2022/4/22 20:00,3.3,72,,0.0,,4.1,“ì“ì“Œ,,1.0e-50,
2022/4/22 21:00,3.6,72,,0.0,,3.7,“ì“ì“Œ,,1.0e-50,
2022/4/22 22:00,3.5,74,,0.0,,3.9,“ì“ì“Œ,,1.0e-50,
2022/4/22 23:00,3.4,74,,0.0,,4.2,“ì“ì“Œ,,1.0e-50,
2022/4/23 0:00,4.0,73,,0.0,,4.5,“ì“ì“Œ,,1.0e-50,
2022/4/23 1:00,4.1,76,,0.0,,4.5,“ì“ì“Œ,,1.0e-50,
2022/4/23 2:00,4.1,78,,0.0,,4.3,“ì“ì“Œ,,1.0e-50,
2022/4/23 3:00,4.3,81,,0.0,,4.2,“ì“ì“Œ,,1.0e-50,
2022/4/23 4:00,4.8,81,,0.0,,4.3,“ì“ì“Œ,,1.0e-50,
2022/4/23 5:00,5.2,81,,0.0,,4.4,“ì“ì“Œ,,0.01,
2022/4/23 6:00,5.6,80,,0.0,,4.0,“ì“ì“Œ,,0.01,
2022/4/23 7:00,6.2,79,,0.0,,4.0,“ì“ì“Œ,,0.01,
2022/4/23 8:00,6.7,79,,0.1,,4.3,“ì“ì“Œ,,0.01,
2022/4/23 9:00,7.1,79,,0.1,,3.9,“ì“ì“Œ,,0.01,
2022/4/23 10:00,7.6,79,,0.0,,4.2,“ì“ì“Œ,,0.01,
2022/4/23 11:00,8.2,79,,0.2,,4.8,“ì“ì“Œ,,0.01,
2022/4/23 12:00,8.4,81,,0.4,,4.7,“ì“ì“Œ,,0.01,
2022/4/23 13:00,8.9,80,,0.8,,4.1,“ì“ì“Œ,,0.01,
2022/4/23 14:00,9.3,81,,0.4,,3.9,“ì“ì“Œ,,0.01,
2022/4/23 15:00,9.1,81,,0.2,,4.4,“ì“ì“Œ,,0.01,
2022/4/23 16:00,9.1,81,,0.3,,4.4,“ì“ì“Œ,,0.01,
2022/4/23 17:00,9.0,81,,0.2,,4.5,“ì“ì“Œ,,0.01,
2022/4/23 18:00,8.8,81,,0.2,,4.1,“ì“ì“Œ,,0.01,
2022/4/23 19:00,8.8,80,,0.5,,3.7,“ì“ì“Œ,,0.01,
2022/4/23 20:00,8.9,80,,0.5,,3.5,“ì“ì“Œ,,1.0e-50,
2022/4/23 21:00,7.9,82,,0.5,,3.5,“ì“ì“Œ,,1.0e-50,
2022/4/23 22:00,8.2,83,,0.7,,3.2,“ì“ì“Œ,,1.0e-50,
2022/4/23 23:00,8.4,84,,0.8,,2.9,“ì“ì“Œ,,1.0e-50,
2022/4/24 0:00,7.9,83,,0.7,,3.0,“ì“ì“Œ,,1.0e-50,
2022/4/24 1:00,7.9,83,,0.8,,1.8,“ì“ì“Œ,,1.0e-50,
2022/4/24 2:00,7.1,90,,0.6,,0.4,“Œ,,1.0e-50,
2022/4/24 3:00,7.0,95,,1.1,,0.5,“Œ–k“Œ,,1.0e-50,
2022/4/24 4:00,6.3,96,,3.2,,0.3,¼“ì¼,,1.0e-50,
2022/4/24 5:00,6.4,94,,2.2,,0.9,“ì“Œ,,0.01,
2022/4/24 6:00,5.9,82,,0.4,,1.2,“ì“Œ,,0.01,
2022/4/24 7:00,6.1,76,,0.3,,1.4,“ì“ì“Œ,,0.01,
2022/4/24 8:00,7.1,64,,0.0,,0.9,“ì“ì¼,,0.01,
2022/4/24 9:00,9.1,60,,0.0,,1.1,–k–k¼,,0.01,
2022/4/24 10:00,10.1,51,,0.0,,1.2,–k–k¼,,0.01,
2022/4/24 11:00,10.9,45,,0.0,,0.9,–k¼,,0.01,
2022/4/24 12:00,12.2,37,,0.0,,0.4,¼“ì¼,,0.01,
2022/4/24 13:00,12.6,35,,0.0,,1.2,¼“ì¼,,0.01,
2022/4/24 14:00,12.5,35,,0.0,,2.0,¼“ì¼,,0.01,
2022/4/24 15:00,11.9,39,,0.0,,2.8,“ì¼,,0.01,
2022/4/24 16:00,11.3,42,,0.0,,3.6,“ì¼,,0.01,
2022/4/24 17:00,10.4,48,,0.0,,3.4,“ì“ì¼,,0.01,
2022/4/24 18:00,8.8,58,,0.0,,3.0,“ì,,0.01,
2022/4/24 19:00,7.6,67,,0.4,,3.1,“ì,,0.01,
2022/4/24 20:00,6.8,70,,0.6,,2.6,“ì“ì“Œ,,1.0e-50,
2022/4/24 21:00,7.0,71,,0.3,,2.1,“ì“ì“Œ,,1.0e-50,
2022/4/24 22:00,6.7,74,,0.6,,2.0,“ì,,1.0e-50,
2022/4/24 23:00,6.1,77,,0.5,,1.8,“ì“ì“Œ,,1.0e-50,
2022/4/25 0:00,5.2,81,,0.0,,1.8,“ì“ì“Œ,,1.0e-50,
2022/4/25 1:00,4.7,79,,0.0,,2.0,“ì“ì“Œ,,1.0e-50,
2022/4/25 2:00,4.5,75,,0.0,,2.3,“ì“ì“Œ,,1.0e-50,
2022/4/25 3:00,4.2,75,,0.0,,2.2,“ì“ì“Œ,,1.0e-50,
2022/4/25 4:00,4.4,75,,0.2,,2.4,“ì“ì“Œ,,1.0e-50,
2022/4/25 5:00,4.7,77,,0.5,,2.3,“ì“ì“Œ,,0.01,
2022/4/25 6:00,5.0,78,,0.1,,2.7,“ì“ì“Œ,,0.01,
2022/4/25 7:00,6.2,73,,0.1,,3.0,“ì“ì“Œ,,0.01,
2022/4/25 8:00,7.8,65,,0.3,,3.2,“ì,,0.01,
2022/4/25 9:00,9.1,62,,0.1,,3.3,“ì,,0.01,
2022/4/25 10:00,10.9,50,,0.0,,3.4,“ì“ì¼,,0.01,
2022/4/25 11:00,11.1,50,,0.1,,4.3,“ì,,0.01,
2022/4/25 12:00,9.8,56,,1.9,,2.9,“ì“ì¼,,0.01,
2022/4/25 13:00,11.0,50,,0.0,,3.6,“ì“ì¼,,0.01,
2022/4/25 14:00,10.1,58,,0.0,,4.4,“ì“ì“Œ,,0.01,
2022/4/25 15:00,9.6,62,,0.0,,3.6,“ì“ì“Œ,,0.01,
2022/4/25 16:00,9.2,64,,0.1,,2.9,“ì,,0.01,
2022/4/25 17:00,8.4,65,,0.3,,2.6,“ì,,0.01,
2022/4/25 18:00,7.6,70,,0.1,,2.4,“ì“ì“Œ,,0.01,
2022/4/25 19:00,6.9,73,,0.2,,2.3,“ì“ì“Œ,,0.01,
2022/4/25 20:00,6.5,76,,0.1,,2.4,“ì“ì“Œ,,1.0e-50,
2022/4/25 21:00,6.0,81,,0.0,,1.8,“ì“ì“Œ,,1.0e-50,
2022/4/25 22:00,5.6,83,,0.0,,1.8,“ì“ì“Œ,,1.0e-50,
2022/4/25 23:00,5.0,85,,0.0,,1.7,“ì“ì“Œ,,1.0e-50,
2022/4/26 0:00,4.5,86,,0.0,,2.1,“ì“ì“Œ,,1.0e-50,
2022/4/26 1:00,4.7,79,,0.0,,2.1,“ì,,1.0e-50,
2022/4/26 2:00,4.8,76,,0.0,,1.9,“ì“ì“Œ,,1.0e-50,
2022/4/26 3:00,4.8,77,,0.0,,1.4,“ì“Œ,,1.0e-50,
2022/4/26 4:00,4.7,77,,0.0,,1.5,“ì“ì“Œ,,1.0e-50,
2022/4/26 5:00,4.8,77,,0.0,,1.5,“ì“ì“Œ,,0.01,
2022/4/26 6:00,4.8,80,,0.0,,1.7,“ì“Œ,,0.01,
2022/4/26 7:00,6.7,67,,0.0,,1.8,“ì“ì“Œ,,0.01,
2022/4/26 8:00,9.3,50,,0.0,,2.0,“ì,,0.01,
2022/4/26 9:00,11.4,45,,0.0,,2.1,“ì,,0.01,
2022/4/26 10:00,13.1,37,,0.0,,2.9,“ì¼,,0.01,
2022/4/26 11:00,13.8,36,,0.0,,3.5,“ì¼,,0.01,
2022/4/26 12:00,13.7,39,,0.0,,4.0,“ì¼,,0.01,
2022/4/26 13:00,13.7,41,,0.4,,3.8,“ì¼,,0.01,
2022/4/26 14:00,14.4,37,,0.1,,3.4,“ì¼,,0.01,
2022/4/26 15:00,14.0,42,,0.0,,3.1,“ì¼,,0.01,
2022/4/26 16:00,14.0,44,,0.0,,2.9,“ì“ì¼,,0.01,
2022/4/26 17:00,13.6,48,,0.0,,2.5,“ì,,0.01,
2022/4/26 18:00,11.7,62,,0.0,,2.4,“ì“ì“Œ,,0.01,
2022/4/26 19:00,10.3,68,,0.0,,2.2,“ì,,0.01,
2022/4/26 20:00,9.3,73,,0.0,,1.6,“ì,,1.0e-50,
2022/4/26 21:00,7.7,83,,0.0,,0.8,“ì“Œ,,1.0e-50,
2022/4/26 22:00,7.1,87,,0.0,,1.3,“ì“Œ,,1.0e-50,
2022/4/26 23:00,6.5,88,,0.0,,1.3,“ì“ì“Œ,,1.0e-50,
2022/4/27 0:00,5.8,91,,0.0,,0.9,“ì“ì“Œ,,1.0e-50,
2022/4/27 1:00,5.3,91,,0.0,,1.0,“ì,,1.0e-50,
2022/4/27 2:00,4.9,92,,0.0,,1.0,“ì,,1.0e-50,
2022/4/27 3:00,4.7,91,,0.0,,1.2,“ì“ì¼,,1.0e-50,
2022/4/27 4:00,4.3,88,,0.0,,1.3,“ì,,1.0e-50,
2022/4/27 5:00,3.7,85,,0.0,,1.0,“ì¼,,0.01,
2022/4/27 6:00,4.8,76,,0.0,,0.8,¼,,0.01,
2022/4/27 7:00,6.9,68,,0.0,,0.2,“Œ“ì“Œ,,0.01,
2022/4/27 8:00,8.6,72,,0.0,,1.1,“Œ“ì“Œ,,0.01,
2022/4/27 9:00,10.0,68,,0.0,,0.9,“Œ,,0.01,
2022/4/27 10:00,11.0,65,,0.0,,1.1,–k“Œ,,0.01,
2022/4/27 11:00,12.0,61,,0.0,,1.6,–k–k“Œ,,0.01,
2022/4/27 12:00,13.0,52,,0.0,,1.2,–k“Œ,,0.01,
2022/4/27 13:00,13.6,49,,0.0,,1.6,–k–k“Œ,,0.01,
2022/4/27 14:00,13.4,55,,0.0,,2.4,–k,,0.01,
2022/4/27 15:00,13.6,53,,0.0,,1.9,–k–k¼,,0.01,
2022/4/27 16:00,12.3,61,,0.0,,2.6,–k–k¼,,0.01,
2022/4/27 17:00,11.2,62,,0.0,,2.4,–k¼,,0.01,
2022/4/27 18:00,10.2,65,,0.0,,1.7,¼–k¼,,0.01,
2022/4/27 19:00,9.5,70,,0.2,,0.4,¼,,0.01,
2022/4/27 20:00,9.1,76,,0.5,,0.8,“Œ,,1.0e-50,
2022/4/27 21:00,8.8,82,,0.3,,1.3,“Œ“ì“Œ,,1.0e-50,
2022/4/27 22:00,8.4,85,,0.3,,1.0,“ì“Œ,,1.0e-50,
2022/4/27 23:00,8.2,87,,0.9,,1.3,“ì“ì“Œ,,1.0e-50,
2022/4/28 0:00,7.4,91,,1.3,,0.7,“Œ“ì“Œ,,1.0e-50,
2022/4/28 1:00,7.1,94,,1.4,,0.2,–k,,1.0e-50,
2022/4/28 2:00,7.0,94,,1.7,,0.7,¼–k¼,,1.0e-50,
2022/4/28 3:00,6.3,94,,2.7,,0.5,¼–k¼,,1.0e-50,
2022/4/28 4:00,6.2,93,,3.1,,0.9,–k¼,,1.0e-50,
2022/4/28 5:00,6.1,92,,2.7,,0.9,–k¼,,0.01,
2022/4/28 6:00,5.7,90,,1.5,,1.0,“Œ,,0.01,
2022/4/28 7:00,6.0,88,,0.6,,1.3,“Œ“ì“Œ,,0.01,
2022/4/28 8:00,6.6,87,,0.4,,2.0,“Œ“ì“Œ,,0.01,
2022/4/28 9:00,7.7,85,,0.4,,2.5,“ì“Œ,,0.01,
2022/4/28 10:00,8.9,81,,0.5,,2.8,“ì“Œ,,0.01,
2022/4/28 11:00,10.1,76,,0.0,,2.9,“ì“Œ,,0.01,
2022/4/28 12:00,13.1,62,,0.0,,3.0,“ì“ì“Œ,,0.01,
2022/4/28 13:00,15.5,52,,0.0,,3.5,“ì“ì“Œ,,0.01,
2022/4/28 14:00,15.8,50,,0.0,,4.5,“ì,,0.01,
2022/4/28 15:00,14.3,50,,0.0,,4.6,“ì,,0.01,
2022/4/28 16:00,13.6,53,,0.0,,4.7,“ì,,0.01,
2022/4/28 17:00,11.7,62,,0.0,,4.5,“ì“ì“Œ,,0.01,
2022/4/28 18:00,10.3,68,,0.0,,3.6,“ì“ì“Œ,,0.01,
2022/4/28 19:00,9.4,71,,0.0,,3.2,“ì“ì“Œ,,0.01,
2022/4/28 20:00,8.9,72,,0.0,,2.5,“ì“Œ,,1.0e-50,
2022/4/28 21:00,8.4,76,,0.0,,1.8,“ì“ì“Œ,,1.0e-50,
2022/4/28 22:00,7.8,78,,0.0,,0.4,“ì,,1.0e-50,
2022/4/28 23:00,6.7,70,,0.5,,6.7,¼–k¼,,1.0e-50,
2022/4/29 0:00,4.9,71,,0.5,,5.6,¼–k¼,,1.0e-50,
2022/4/29 1:00,4.8,68,,0.3,,4.5,¼–k¼,,1.0e-50,
2022/4/29 2:00,4.7,66,,0.3,,3.9,¼–k¼,,1.0e-50,
2022/4/29 3:00,4.2,64,,0.1,,3.2,¼–k¼,,1.0e-50,
2022/4/29 4:00,4.2,62,,0.0,,2.5,¼–k¼,,1.0e-50,
2022/4/29 5:00,3.9,66,,0.0,,1.7,¼–k¼,,0.01,
2022/4/29 6:00,3.8,66,,0.0,,0.8,“ì“ì“Œ,,0.01,
2022/4/29 7:00,4.9,61,,0.0,,1.3,“ì“ì“Œ,,0.01,
2022/4/29 8:00,6.7,56,,0.0,,1.7,“ì¼,,0.01,
2022/4/29 9:00,8.5,53,,0.0,,2.4,¼“ì¼,,0.01,
2022/4/29 10:00,9.8,48,,0.0,,2.7,¼,,0.01,
2022/4/29 11:00,9.9,52,,0.2,,3.5,¼,,0.01,
2022/4/29 12:00,11.1,47,,0.1,,3.9,¼“ì¼,,0.01,
2022/4/29 13:00,12.2,35,,0.0,,5.0,¼“ì¼,,0.01,
2022/4/29 14:00,12.7,30,,0.0,,5.1,¼“ì¼,,0.01,
2022/4/29 15:00,11.8,35,,0.0,,4.3,¼“ì¼,,0.01,
2022/4/29 16:00,12.0,33,,0.0,,3.9,¼“ì¼,,0.01,
2022/4/29 17:00,11.4,38,,0.0,,3.6,“ì¼,,0.01,
2022/4/29 18:00,10.0,46,,0.0,,1.3,“ì¼,,0.01,
2022/4/29 19:00,8.5,54,,0.0,,1.2,“ì“ì“Œ,,0.01,
2022/4/29 20:00,7.6,58,,0.0,,1.7,“ì,,1.0e-50,
2022/4/29 21:00,6.9,65,,0.0,,1.7,“ì“ì“Œ,,1.0e-50,
2022/4/29 22:00,6.5,67,,0.0,,1.9,“ì,,1.0e-50,
2022/4/29 23:00,6.4,67,,0.0,,2.0,“ì,,1.0e-50,
2022/4/30 0:00,6.0,70,,0.0,,1.6,“ì,,1.0e-50,
2022/4/30 1:00,5.9,70,,0.0,,1.5,“ì“ì¼,,1.0e-50,
2022/4/30 2:00,6.2,68,,0.0,,2.1,“ì¼,,1.0e-50,
2022/4/30 3:00,4.8,75,,0.0,,1.3,“ì,,1.0e-50,
2022/4/30 4:00,4.9,70,,0.0,,1.7,“ì“ì¼,,1.0e-50,
2022/4/30 5:00,5.3,63,,0.0,,1.9,“ì¼,,0.01,
2022/4/30 6:00,5.8,66,,0.0,,1.2,“ì“ì¼,,0.01,
2022/4/30 7:00,8.6,54,,0.0,,1.4,¼“ì¼,,0.01,
2022/4/30 8:00,12.0,39,,0.0,,2.9,¼,,0.01,
2022/4/30 9:00,15.2,28,,0.0,,3.9,¼,,0.01,
2022/4/30 10:00,16.5,24,,0.0,,4.8,¼,,0.01,
2022/4/30 11:00,17.2,23,,0.0,,5.1,¼,,0.01,
2022/4/30 12:00,17.8,23,,0.0,,4.9,¼,,0.01,
2022/4/30 13:00,18.0,23,,0.0,,4.8,¼,,0.01,
2022/4/30 14:00,17.8,24,,0.0,,4.0,¼,,0.01,
2022/4/30 15:00,16.5,35,,0.0,,3.3,¼“ì¼,,0.01,
2022/4/30 16:00,16.1,39,,0.0,,2.3,¼“ì¼,,0.01,
2022/4/30 17:00,15.2,46,,0.0,,2.1,“ì¼,,0.01,
2022/4/30 18:00,14.0,55,,0.0,,1.2,“ì“ì¼,,0.01,
2022/4/30 19:00,12.6,63,,0.0,,1.2,“ì“Œ,,0.01,
2022/4/30 20:00,11.6,69,,0.0,,1.5,“ì“Œ,,1.0e-50,
2022/4/30 21:00,11.0,74,,0.0,,1.3,“ì“ì“Œ,,1.0e-50,
2022/4/30 22:00,10.7,77,,0.0,,1.1,“ì“ì“Œ,,1.0e-50,
2022/4/30 23:00,10.5,80,,0.0,,0.6,“ì“Œ,,1.0e-50,
2022/5/1 0:00,10.1,85,,0.0,,0.8,“ì“Œ,,1.0e-50,
2022/5/1 1:00,9.8,87,,0.0,,0.5,“ì“ì“Œ,,1.0e-50,
2022/5/1 2:00,9.6,90,,0.7,,0.6,“Œ,,1.0e-50,
2022/5/1 3:00,9.3,91,,0.3,,0.5,“ì¼,,1.0e-50,
2022/5/1 4:00,8.9,95,,0.2,,0.5,–k–k“Œ,,1.0e-50,
2022/5/1 5:00,8.7,96,,0.3,,1.1,–k–k¼,,0.01,
2022/5/1 6:00,9.1,92,,0.1,,2.3,–k¼,,0.01,
2022/5/1 7:00,9.4,86,,0.1,,2.1,–k¼,,0.01,
2022/5/1 8:00,10.7,78,,0.0,,2.7,–k¼,,0.01,
2022/5/1 9:00,11.7,75,,0.0,,2.9,–k–k¼,,0.01,
2022/5/1 10:00,13.3,69,,0.0,,2.7,–k–k¼,,0.01,
2022/5/1 11:00,14.6,62,,0.0,,2.6,–k–k¼,,0.01,
2022/5/1 12:00,14.7,58,,0.0,,3.2,–k–k¼,,0.01,
2022/5/1 13:00,14.7,55,,0.0,,3.5,–k–k¼,,0.01,
2022/5/1 14:00,14.8,49,,0.0,,3.7,–k¼,,0.01,
2022/5/1 15:00,13.6,58,,0.0,,3.4,–k¼,,0.01,
2022/5/1 16:00,13.3,53,,0.0,,3.5,–k¼,,0.01,
2022/5/1 17:00,12.5,53,,0.0,,3.0,–k¼,,0.01,
2022/5/1 18:00,11.8,56,,0.0,,2.2,–k¼,,0.01,
2022/5/1 19:00,10.1,66,,0.0,,2.0,–k–k¼,,0.01,
2022/5/1 20:00,9.1,72,,0.0,,1.3,–k,,1.0e-50,
2022/5/1 21:00,9.2,53,,0.0,,1.6,¼–k¼,,1.0e-50,
2022/5/1 22:00,8.1,65,,0.0,,1.3,–k–k“Œ,,1.0e-50,
2022/5/1 23:00,7.3,79,,0.0,,0.9,–k–k“Œ,,1.0e-50,
2022/5/2 0:00,7.9,48,,0.0,,1.0,¼“ì¼,,1.0e-50,
2022/5/2 1:00,7.1,61,,0.0,,1.4,“Œ–k“Œ,,1.0e-50,
2022/5/2 2:00,6.3,66,,0.0,,1.2,“Œ,,1.0e-50,
2022/5/2 3:00,7.2,46,,0.0,,1.3,“ì“ì“Œ,,1.0e-50,
2022/5/2 4:00,6.4,67,,0.0,,1.5,“Œ,,1.0e-50,
2022/5/2 5:00,6.4,86,,0.0,,1.4,“Œ,,0.01,
2022/5/2 6:00,7.4,87,,0.0,,1.2,“Œ“ì“Œ,,0.01,
2022/5/2 7:00,8.5,82,,0.0,,1.7,“Œ“ì“Œ,,0.01,
2022/5/2 8:00,10.3,73,,0.0,,1.8,“Œ“ì“Œ,,0.01,
2022/5/2 9:00,12.6,63,,0.0,,1.7,“Œ“ì“Œ,,0.01,
2022/5/2 10:00,14.7,55,,0.0,,2.1,“Œ“ì“Œ,,0.01,
2022/5/2 11:00,15.5,49,,0.0,,2.5,“ì“Œ,,0.01,
2022/5/2 12:00,15.6,47,,0.0,,2.4,“ì“Œ,,0.01,
2022/5/2 13:00,15.7,43,,0.0,,2.7,“ì“ì“Œ,,0.01,
2022/5/2 14:00,15.3,43,,0.0,,2.3,“ì“ì“Œ,,0.01,
2022/5/2 15:00,14.4,49,,0.0,,1.8,“ì“Œ,,0.01,
2022/5/2 16:00,13.8,50,,0.0,,1.8,“ì“Œ,,0.01,
2022/5/2 17:00,12.9,52,,0.0,,2.4,“ì“ì“Œ,,0.01,
2022/5/2 18:00,12.0,55,,0.0,,2.1,“ì“Œ,,0.01,
2022/5/2 19:00,11.4,56,,0.0,,2.8,“ì“ì“Œ,,0.01,
2022/5/2 20:00,10.8,59,,0.0,,2.9,“ì“ì“Œ,,1.0e-50,
2022/5/2 21:00,10.3,61,,0.0,,3.1,“ì“ì“Œ,,1.0e-50,
2022/5/2 22:00,9.8,64,,0.0,,3.2,“ì“ì“Œ,,1.0e-50,
2022/5/2 23:00,9.4,71,,0.0,,3.3,“ì“ì“Œ,,1.0e-50,
2022/5/3 0:00,9.0,75,,0.0,,3.0,“ì“ì“Œ,,1.0e-50,
2022/5/3 1:00,9.0,78,,0.0,,3.0,“ì“ì“Œ,,1.0e-50,
2022/5/3 2:00,9.1,81,,0.0,,3.3,“ì“ì“Œ,,1.0e-50,
2022/5/3 3:00,9.2,83,,0.5,,3.0,“ì“ì“Œ,,1.0e-50,
2022/5/3 4:00,9.2,85,,0.6,,2.7,“ì“Œ,,1.0e-50,
2022/5/3 5:00,9.5,87,,1.0,,2.9,“ì“ì“Œ,,0.01,
2022/5/3 6:00,10.4,85,,1.7,,3.8,“ì“ì“Œ,,0.01,
2022/5/3 7:00,10.7,87,,2.0,,3.2,“ì“ì“Œ,,0.01,
2022/5/3 8:00,11.5,87,,2.2,,3.4,“ì“ì“Œ,,0.01,
2022/5/3 9:00,11.8,84,,0.5,,3.7,“ì“ì“Œ,,0.01,
2022/5/3 10:00,12.5,82,,0.9,,3.8,“ì“Œ,,0.01,
2022/5/3 11:00,13.3,81,,0.3,,4.3,“ì“Œ,,0.01,
2022/5/3 12:00,13.7,75,,0.4,,4.1,“ì“ì“Œ,,0.01,
2022/5/3 13:00,14.2,76,,0.3,,4.0,“ì“ì“Œ,,0.01,
2022/5/3 14:00,14.0,78,,0.0,,3.8,“ì“ì“Œ,,0.01,
2022/5/3 15:00,14.1,72,,0.0,,4.4,“ì“ì“Œ,,0.01,
2022/5/3 16:00,13.3,74,,0.0,,3.8,“ì“ì“Œ,,0.01,
2022/5/3 17:00,12.5,77,,0.1,,3.3,“ì“ì“Œ,,0.01,
2022/5/3 18:00,12.4,76,,0.0,,3.7,“ì,,0.01,
2022/5/3 19:00,11.8,77,,0.0,,2.6,“ì“ì“Œ,,0.01,
2022/5/3 20:00,11.4,78,,0.0,,2.2,“ì“ì“Œ,,1.0e-50,
2022/5/3 21:00,11.0,80,,0.6,,1.9,“ì“ì“Œ,,1.0e-50,
2022/5/3 22:00,10.8,78,,0.0,,1.6,“ì“ì“Œ,,1.0e-50,
2022/5/3 23:00,10.5,77,,0.0,,1.5,“ì“Œ,,1.0e-50,
2022/5/4 0:00,10.0,70,,0.0,,1.3,“ì“Œ,,1.0e-50,
2022/5/4 1:00,9.4,72,,0.0,,1.7,“ì“Œ,,1.0e-50,
2022/5/4 2:00,8.9,70,,0.0,,1.2,“ì“Œ,,1.0e-50,
2022/5/4 3:00,8.4,82,,0.0,,1.8,“ì“Œ,,1.0e-50,
2022/5/4 4:00,6.9,89,,0.0,,1.4,“Œ“ì“Œ,,1.0e-50,
2022/5/4 5:00,6.4,85,,0.0,,1.5,“Œ“ì“Œ,,0.01,
2022/5/4 6:00,7.7,72,,0.0,,1.7,“ì“ì“Œ,,0.01,
2022/5/4 7:00,10.8,60,,0.0,,2.2,“ì“ì“Œ,,0.01,
2022/5/4 8:00,12.9,55,,0.0,,2.8,“ì,,0.01,
2022/5/4 9:00,13.2,53,,0.0,,2.5,“ì“ì“Œ,,0.01,
2022/5/4 10:00,13.3,54,,0.0,,2.2,“ì,,0.01,
2022/5/4 11:00,13.9,45,,0.0,,1.6,“ì¼,,0.01,
2022/5/4 12:00,14.8,41,,0.0,,2.4,“ì,,0.01,
2022/5/4 13:00,14.7,42,,0.0,,2.5,“ì“ì¼,,0.01,
2022/5/4 14:00,14.1,45,,0.0,,2.2,“ì¼,,0.01,
2022/5/4 15:00,13.9,41,,0.0,,3.0,“ì¼,,0.01,
2022/5/4 16:00,13.2,42,,0.0,,1.2,¼“ì¼,,0.01,
2022/5/4 17:00,11.7,55,,0.0,,0.8,–k–k“Œ,,0.01,
2022/5/4 18:00,12.3,43,,0.0,,1.4,“ì,,0.01,
2022/5/4 19:00,11.0,53,,0.0,,1.6,“ì“ì“Œ,,0.01,
2022/5/4 20:00,9.7,60,,0.0,,2.0,“ì“ì“Œ,,1.0e-50,
2022/5/4 21:00,9.4,61,,0.0,,2.2,“ì“ì“Œ,,1.0e-50,
2022/5/4 22:00,8.9,63,,0.0,,2.1,“ì“ì“Œ,,1.0e-50,
2022/5/4 23:00,8.5,71,,0.0,,2.1,“ì“Œ,,1.0e-50,
2022/5/5 0:00,8.0,75,,0.0,,2.0,“ì“Œ,,1.0e-50,
2022/5/5 1:00,7.3,84,,0.0,,2.0,“Œ“ì“Œ,,1.0e-50,
2022/5/5 2:00,7.1,87,,0.0,,1.8,“ì“Œ,,1.0e-50,
2022/5/5 3:00,7.4,85,,0.0,,2.1,“ì“ì“Œ,,1.0e-50,
2022/5/5 4:00,7.3,83,,0.0,,1.8,“ì“ì“Œ,,1.0e-50,
2022/5/5 5:00,7.1,78,,0.0,,1.6,“ì“Œ,,0.01,
2022/5/5 6:00,7.1,76,,0.0,,1.4,“ì“ì“Œ,,0.01,
2022/5/5 7:00,8.2,67,,0.0,,1.0,“ì“ì“Œ,,0.01,
2022/5/5 8:00,9.4,56,,0.0,,1.3,“ì¼,,0.01,
2022/5/5 9:00,10.2,52,,0.0,,1.1,“ì“ì¼,,0.01,
2022/5/5 10:00,10.9,49,,0.0,,1.1,“ì“ì¼,,0.01,
2022/5/5 11:00,9.7,63,,0.4,,2.4,–k–k¼,,0.01,
2022/5/5 12:00,10.5,53,,1.0,,1.7,¼–k¼,,0.01,
2022/5/5 13:00,11.0,52,,0.0,,2.9,–k¼,,0.01,
2022/5/5 14:00,10.5,55,,0.0,,2.8,–k¼,,0.01,
2022/5/5 15:00,10.7,55,,0.0,,2.3,–k¼,,0.01,
2022/5/5 16:00,9.9,57,,0.1,,1.9,¼–k¼,,0.01,
2022/5/5 17:00,9.0,63,,0.3,,1.5,¼–k¼,,0.01,
2022/5/5 18:00,8.8,63,,0.0,,1.0,–k¼,,0.01,
2022/5/5 19:00,8.1,68,,0.0,,0.8,–k“Œ,,0.01,
2022/5/5 20:00,7.7,73,,0.0,,1.0,“Œ–k“Œ,,1.0e-50,
2022/5/5 21:00,7.1,79,,0.0,,0.6,“ì“Œ,,1.0e-50,
2022/5/5 22:00,6.6,83,,0.0,,1.0,“Œ“ì“Œ,,1.0e-50,
2022/5/5 23:00,6.2,88,,0.0,,1.2,“Œ“ì“Œ,,1.0e-50,
2022/5/6 0:00,6.2,86,,0.0,,1.0,“ì“ì“Œ,,1.0e-50,
2022/5/6 1:00,5.5,91,,0.0,,1.0,“Œ,,1.0e-50,
2022/5/6 2:00,5.2,93,,0.0,,1.0,“Œ,,1.0e-50,
2022/5/6 3:00,5.4,87,,0.0,,0.8,“ì,,1.0e-50,
2022/5/6 4:00,4.8,92,,0.0,,1.0,“Œ,,1.0e-50,
2022/5/6 5:00,4.6,92,,0.0,,0.7,“Œ–k“Œ,,0.01,
2022/5/6 6:00,5.6,79,,0.0,,0.9,“ì,,0.01,
2022/5/6 7:00,6.7,77,,0.0,,1.1,“Œ“ì“Œ,,0.01,
2022/5/6 8:00,7.6,75,,0.0,,1.7,“Œ“ì“Œ,,0.01,
2022/5/6 9:00,8.9,68,,0.0,,1.9,“ì“Œ,,0.01,
2022/5/6 10:00,9.9,65,,0.0,,2.1,“ì“Œ,,0.01,
2022/5/6 11:00,9.9,65,,0.2,,2.4,“ì“Œ,,0.01,
2022/5/6 12:00,9.7,70,,0.6,,2.3,“ì“Œ,,0.01,
2022/5/6 13:00,9.2,76,,1.2,,2.5,“ì“Œ,,0.01,
2022/5/6 14:00,8.4,81,,1.4,,2.5,“ì“Œ,,0.01,
2022/5/6 15:00,8.1,79,,2.6,,2.7,“ì“Œ,,0.01,
2022/5/6 16:00,7.4,84,,3.8,,2.4,“ì“Œ,,0.01,
2022/5/6 17:00,7.1,88,,2.4,,1.4,“ì“Œ,,0.01,
2022/5/6 18:00,7.4,85,,3.0,,1.2,“ì“Œ,,0.01,
2022/5/6 19:00,7.0,90,,1.2,,1.1,“Œ,,0.01,
2022/5/6 20:00,6.7,93,,1.3,,1.2,“Œ–k“Œ,,1.0e-50,
2022/5/6 21:00,6.6,92,,0.3,,0.6,–k–k“Œ,,1.0e-50,
2022/5/6 22:00,6.3,95,,0.4,,1.0,–k,,1.0e-50,
2022/5/6 23:00,6.2,96,,0.0,,1.1,–k,,1.0e-50,
2022/5/7 0:00,7.2,94,,0.0,,1.4,–k¼,,1.0e-50,
2022/5/7 1:00,6.8,96,,0.0,,1.3,–k–k¼,,1.0e-50,
2022/5/7 2:00,6.6,96,,0.0,,1.5,–k–k¼,,1.0e-50,
2022/5/7 3:00,6.8,94,,0.0,,1.5,–k¼,,1.0e-50,
2022/5/7 4:00,6.4,96,,0.0,,1.4,–k–k¼,,1.0e-50,
2022/5/7 5:00,6.5,93,,0.0,,1.6,–k–k¼,,0.01,
2022/5/7 6:00,7.1,90,,0.0,,1.2,–k¼,,0.01,
2022/5/7 7:00,8.4,82,,0.0,,2.3,–k–k¼,,0.01,
2022/5/7 8:00,9.2,74,,0.0,,2.7,–k–k¼,,0.01,
2022/5/7 9:00,10.3,68,,0.0,,2.8,–k–k¼,,0.01,
2022/5/7 10:00,10.8,62,,0.0,,3.5,–k–k¼,,0.01,
2022/5/7 11:00,11.5,57,,0.0,,3.5,–k–k¼,,0.01,
2022/5/7 12:00,12.2,57,,0.0,,3.4,–k–k¼,,0.01,
2022/5/7 13:00,12.1,56,,0.0,,3.6,–k–k¼,,0.01,
2022/5/7 14:00,12.0,56,,0.0,,3.6,–k–k¼,,0.01,
2022/5/7 15:00,12.3,57,,0.0,,3.0,–k–k¼,,0.01,
2022/5/7 16:00,10.8,64,,0.0,,3.4,–k–k¼,,0.01,
2022/5/7 17:00,9.8,67,,0.0,,3.0,–k¼,,0.01,
2022/5/7 18:00,9.7,68,,0.0,,2.4,–k¼,,0.01,
2022/5/7 19:00,8.4,75,,0.0,,2.2,–k¼,,0.01,
2022/5/7 20:00,8.1,72,,0.0,,1.1,–k¼,,1.0e-50,
2022/5/7 21:00,8.2,71,,0.0,,1.2,“ì“ì¼,,1.0e-50,
2022/5/7 22:00,7.3,77,,0.0,,1.2,“Œ–k“Œ,,1.0e-50,
2022/5/7 23:00,6.7,84,,0.0,,1.1,“Œ–k“Œ,,1.0e-50,
2022/5/8 0:00,7.4,76,,0.0,,0.9,“ì“ì“Œ,,1.0e-50,
2022/5/8 1:00,6.8,82,,0.0,,1.2,“Œ–k“Œ,,1.0e-50,
2022/5/8 2:00,6.2,83,,0.0,,1.1,“Œ–k“Œ,,1.0e-50,
2022/5/8 3:00,6.1,81,,0.0,,0.7,“ì“Œ,,1.0e-50,
2022/5/8 4:00,5.5,87,,0.0,,1.2,“Œ–k“Œ,,1.0e-50,
2022/5/8 5:00,5.2,90,,0.0,,1.1,–k“Œ,,0.01,
2022/5/8 6:00,6.4,78,,0.0,,0.5,“Œ–k“Œ,,0.01,
2022/5/8 7:00,7.0,79,,0.0,,1.3,–k–k“Œ,,0.01,
2022/5/8 8:00,7.7,77,,0.0,,1.3,–k–k“Œ,,0.01,
2022/5/8 9:00,9.5,69,,0.0,,0.8,–k“Œ,,0.01,
2022/5/8 10:00,10.8,63,,0.0,,1.2,–k–k“Œ,,0.01,
2022/5/8 11:00,11.8,59,,0.0,,1.9,–k–k¼,,0.01,
2022/5/8 12:00,10.8,63,,0.0,,2.7,–k–k¼,,0.01,
2022/5/8 13:00,10.5,62,,0.0,,3.1,–k–k¼,,0.01,
2022/5/8 14:00,10.7,59,,0.0,,3.1,–k¼,,0.01,
2022/5/8 15:00,11.1,55,,0.0,,2.8,–k–k¼,,0.01,
2022/5/8 16:00,10.2,57,,0.0,,2.9,–k–k¼,,0.01,
2022/5/8 17:00,9.2,61,,0.0,,2.7,–k¼,,0.01,
2022/5/8 18:00,9.0,64,,0.0,,2.1,–k¼,,0.01,
2022/5/8 19:00,7.9,70,,0.0,,1.1,–k–k¼,,0.01,
2022/5/8 20:00,7.2,73,,0.0,,0.5,–k–k“Œ,,1.0e-50,
2022/5/8 21:00,7.2,74,,0.0,,1.1,“ì“ì¼,,1.0e-50,
2022/5/8 22:00,6.1,81,,0.0,,1.1,“Œ,,1.0e-50,
2022/5/8 23:00,5.4,85,,0.0,,1.1,“Œ,,1.0e-50,
2022/5/9 0:00,5.6,80,,0.0,,1.2,“ì“ì“Œ,,1.0e-50,
2022/5/9 1:00,5.3,84,,0.0,,1.2,“Œ“ì“Œ,,1.0e-50,
2022/5/9 2:00,5.1,83,,0.0,,1.0,“Œ“ì“Œ,,1.0e-50,
2022/5/9 3:00,5.6,80,,0.0,,1.3,“ì“ì“Œ,,1.0e-50,
2022/5/9 4:00,5.0,82,,0.0,,1.5,“Œ“ì“Œ,,1.0e-50,
2022/5/9 5:00,4.9,83,,0.0,,1.7,“ì“Œ,,0.01,
2022/5/9 6:00,5.8,78,,0.0,,2.0,“ì“ì“Œ,,0.01,
2022/5/9 7:00,7.5,69,,0.0,,2.8,“ì“ì“Œ,,0.01,
2022/5/9 8:00,8.5,63,,0.0,,3.1,“ì“ì“Œ,,0.01,
2022/5/9 9:00,9.6,57,,0.0,,2.5,“ì“Œ,,0.01,
2022/5/9 10:00,10.8,52,,0.0,,2.7,“ì“Œ,,0.01,
2022/5/9 11:00,11.6,49,,0.0,,2.7,“ì“Œ,,0.01,
2022/5/9 12:00,12.3,48,,0.0,,2.5,“Œ“ì“Œ,,0.01,
2022/5/9 13:00,13.0,47,,0.0,,3.0,“ì“Œ,,0.01,
2022/5/9 14:00,12.9,47,,0.0,,2.9,“ì“Œ,,0.01,
2022/5/9 15:00,12.0,50,,0.0,,2.4,“ì“Œ,,0.01,
2022/5/9 16:00,11.8,51,,0.0,,2.2,“ì“Œ,,0.01,
2022/5/9 17:00,11.0,55,,0.0,,1.4,“ì“Œ,,0.01,
2022/5/9 18:00,10.4,57,,0.0,,1.8,“ì“Œ,,0.01,
2022/5/9 19:00,8.5,64,,0.0,,1.9,“Œ“ì“Œ,,0.01,
2022/5/9 20:00,7.3,69,,0.0,,1.7,“Œ“ì“Œ,,1.0e-50,
2022/5/9 21:00,6.4,72,,0.0,,2.0,“ì“ì“Œ,,1.0e-50,
2022/5/9 22:00,5.3,75,,0.0,,1.5,“Œ“ì“Œ,,1.0e-50,
2022/5/9 23:00,4.8,78,,0.0,,1.5,“Œ“ì“Œ,,1.0e-50,
2022/5/10 0:00,5.0,73,,0.0,,1.3,“ì“ì“Œ,,1.0e-50,
2022/5/10 1:00,4.3,78,,0.0,,1.3,“Œ“ì“Œ,,1.0e-50,
2022/5/10 2:00,4.0,80,,0.0,,1.3,“Œ“ì“Œ,,1.0e-50,
2022/5/10 3:00,4.1,77,,0.0,,0.8,“ì“ì“Œ,,1.0e-50,
2022/5/10 4:00,3.4,83,,0.0,,1.1,“Œ,,1.0e-50,
2022/5/10 5:00,3.3,83,,0.0,,1.0,“Œ–k“Œ,,0.01,
2022/5/10 6:00,4.7,72,,0.0,,0.7,“ì“ì“Œ,,0.01,
2022/5/10 7:00,6.6,64,,0.0,,0.9,“Œ,,0.01,
2022/5/10 8:00,8.4,57,,0.0,,0.9,“Œ–k“Œ,,0.01,
2022/5/10 9:00,9.8,52,,0.0,,0.8,“Œ–k“Œ,,0.01,
2022/5/10 10:00,11.2,47,,0.0,,1.1,–k“Œ,,0.01,
2022/5/10 11:00,12.3,45,,0.0,,1.3,–k–k“Œ,,0.01,
2022/5/10 12:00,12.5,47,,0.0,,1.8,–k,,0.01,
2022/5/10 13:00,12.3,48,,0.0,,3.0,–k–k¼,,0.01,
2022/5/10 14:00,10.9,56,,0.0,,3.4,–k–k¼,,0.01,
2022/5/10 15:00,9.9,66,,0.0,,3.4,–k–k¼,,0.01,
2022/5/10 16:00,9.4,66,,0.0,,3.1,–k–k¼,,0.01,
2022/5/10 17:00,8.8,69,,0.0,,2.8,–k–k¼,,0.01,
2022/5/10 18:00,8.4,74,,0.0,,2.4,–k–k¼,,0.01,
2022/5/10 19:00,7.5,80,,0.0,,1.5,–k–k¼,,0.01,
2022/5/10 20:00,7.0,83,,0.0,,1.1,–k,,1.0e-50,
2022/5/10 21:00,7.1,82,,0.0,,1.0,¼–k¼,,1.0e-50,
2022/5/10 22:00,6.2,86,,0.0,,1.1,–k“Œ,,1.0e-50,
2022/5/10 23:00,5.7,89,,0.0,,1.3,“Œ–k“Œ,,1.0e-50,
2022/5/11 0:00,5.4,85,,0.0,,1.2,“ì“ì“Œ,,1.0e-50,
2022/5/11 1:00,5.2,91,,0.0,,1.1,“Œ“ì“Œ,,1.0e-50,
2022/5/11 2:00,5.1,91,,0.0,,1.3,“Œ“ì“Œ,,1.0e-50,
2022/5/11 3:00,5.2,86,,0.0,,1.4,“ì“Œ,,1.0e-50,
2022/5/11 4:00,4.8,86,,0.0,,1.1,“Œ“ì“Œ,,1.0e-50,
2022/5/11 5:00,4.9,84,,0.0,,1.1,“Œ“ì“Œ,,0.01,
2022/5/11 6:00,6.3,81,,0.0,,1.2,“Œ“ì“Œ,,0.01,
2022/5/11 7:00,8.4,73,,0.0,,1.1,“Œ,,0.01,
2022/5/11 8:00,10.2,67,,0.0,,1.0,“Œ–k“Œ,,0.01,
2022/5/11 9:00,13.7,54,,0.0,,0.6,–k–k“Œ,,0.01,
2022/5/11 10:00,15.5,49,,0.0,,1.6,–k,,0.01,
2022/5/11 11:00,16.7,46,,0.0,,1.5,–k,,0.01,
2022/5/11 12:00,18.1,43,,0.0,,2.2,–k¼,,0.01,
2022/5/11 13:00,18.6,43,,0.0,,2.5,–k¼,,0.01,
2022/5/11 14:00,18.5,45,,0.0,,2.3,–k¼,,0.01,
2022/5/11 15:00,18.9,45,,0.0,,2.7,¼–k¼,,0.01,
2022/5/11 16:00,18.1,49,,0.0,,2.1,¼–k¼,,0.01,
2022/5/11 17:00,17.8,50,,0.0,,2.0,¼,,0.01,
2022/5/11 18:00,16.4,57,,0.0,,0.8,–k,,0.01,
2022/5/11 19:00,14.6,65,,0.0,,1.1,“Œ“ì“Œ,,0.01,
2022/5/11 20:00,14.1,64,,0.0,,1.1,“ì,,1.0e-50,
2022/5/11 21:00,13.6,67,,0.0,,1.0,“ì“ì¼,,1.0e-50,
2022/5/11 22:00,12.7,72,,0.0,,0.7,–k–k“Œ,,1.0e-50,
2022/5/11 23:00,11.5,79,,0.0,,1.0,“Œ–k“Œ,,1.0e-50,
2022/5/12 0:00,11.3,76,,0.0,,0.1,¼–k¼,,1.0e-50,
2022/5/12 1:00,10.2,84,,0.0,,1.1,“Œ,,1.0e-50,
2022/5/12 2:00,9.3,87,,0.0,,1.2,“Œ,,1.0e-50,
2022/5/12 3:00,9.9,75,,0.0,,1.1,“ì¼,,1.0e-50,
2022/5/12 4:00,8.9,79,,0.0,,1.1,“Œ“ì“Œ,,1.0e-50,
2022/5/12 5:00,8.6,80,,0.0,,1.2,“Œ“ì“Œ,,0.01,
2022/5/12 6:00,10.2,70,,0.0,,0.5,“ì¼,,0.01,
2022/5/12 7:00,12.9,60,,0.0,,0.5,–k“Œ,,0.01,
2022/5/12 8:00,15.6,50,,0.0,,0.7,–k,,0.01,
2022/5/12 9:00,18.2,40,,0.0,,1.9,–k¼,,0.01,
2022/5/12 10:00,19.7,35,,0.0,,2.6,–k¼,,0.01,
2022/5/12 11:00,20.0,35,,0.0,,2.8,–k–k¼,,0.01,
2022/5/12 12:00,20.4,37,,0.0,,2.7,–k–k¼,,0.01,
2022/5/12 13:00,20.4,36,,0.0,,2.9,–k–k¼,,0.01,
2022/5/12 14:00,19.8,36,,0.0,,2.9,–k–k¼,,0.01,
2022/5/12 15:00,19.9,40,,0.0,,2.3,–k–k¼,,0.01,
2022/5/12 16:00,19.3,41,,0.0,,2.0,–k,,0.01,
2022/5/12 17:00,18.4,44,,0.0,,1.5,–k,,0.01,
2022/5/12 18:00,17.5,51,,0.0,,1.1,–k,,0.01,
2022/5/12 19:00,15.2,60,,0.0,,1.0,–k,,0.01,
2022/5/12 20:00,14.0,64,,0.0,,0.3,–k–k“Œ,,1.0e-50,
2022/5/12 21:00,14.3,61,,0.0,,1.3,“ì¼,,1.0e-50,
2022/5/12 22:00,14.0,61,,0.0,,1.4,“Œ,,1.0e-50,
2022/5/12 23:00,13.3,63,,0.0,,1.2,“Œ,,1.0e-50,
2022/5/13 0:00,12.7,70,,0.0,,1.3,“Œ“ì“Œ,,1.0e-50,
2022/5/13 1:00,12.1,73,,0.0,,1.4,“ì“Œ,,1.0e-50,
2022/5/13 2:00,11.9,68,,0.0,,1.6,“ì“Œ,,1.0e-50,
2022/5/13 3:00,12.1,65,,0.0,,1.8,“ì“Œ,,1.0e-50,
2022/5/13 4:00,11.1,70,,0.0,,1.6,“ì“Œ,,1.0e-50,
2022/5/13 5:00,10.9,73,,0.0,,1.4,“ì“Œ,,0.01,
2022/5/13 6:00,12.0,71,,0.0,,1.7,“ì“ì“Œ,,0.01,
2022/5/13 7:00,12.5,71,,0.0,,1.3,“ì“Œ,,0.01,
2022/5/13 8:00,12.7,74,,0.3,,1.8,“ì“Œ,,0.01,
2022/5/13 9:00,13.1,76,,1.3,,1.7,“Œ“ì“Œ,,0.01,
2022/5/13 10:00,13.6,78,,1.9,,2.6,“ì“Œ,,0.01,
2022/5/13 11:00,13.5,80,,1.4,,3.6,“ì“Œ,,0.01,
2022/5/13 12:00,13.8,74,,0.3,,3.6,“ì“Œ,,0.01,
2022/5/13 13:00,14.2,70,,0.2,,4.1,“ì“ì“Œ,,0.01,
2022/5/13 14:00,13.4,74,,0.0,,4.6,“ì“ì“Œ,,0.01,
2022/5/13 15:00,13.7,72,,0.0,,3.3,“ì“ì“Œ,,0.01,
2022/5/13 16:00,13.7,72,,0.0,,3.3,“ì“ì“Œ,,0.01,
2022/5/13 17:00,13.6,71,,0.0,,3.3,“ì“ì“Œ,,0.01,
2022/5/13 18:00,13.3,70,,0.0,,3.0,“ì“ì“Œ,,0.01,
2022/5/13 19:00,13.1,73,,0.4,,3.4,“ì“ì“Œ,,0.01,
2022/5/13 20:00,12.8,74,,0.5,,2.9,“ì“ì“Œ,,1.0e-50,
2022/5/13 21:00,13.1,72,,0.1,,2.3,“ì“Œ,,1.0e-50,
2022/5/13 22:00,12.6,81,,1.3,,2.5,“ì“Œ,,1.0e-50,
2022/5/13 23:00,12.3,85,,1.8,,2.6,“ì“Œ,,1.0e-50,
2022/5/14 0:00,12.2,84,,0.0,,2.2,“ì“ì“Œ,,1.0e-50,
2022/5/14 1:00,12.1,84,,0.0,,1.6,“ì“Œ,,1.0e-50,
2022/5/14 2:00,11.4,89,,0.4,,1.2,“Œ,,1.0e-50,
2022/5/14 3:00,11.1,90,,0.0,,1.0,“ì“Œ,,1.0e-50,
2022/5/14 4:00,10.2,95,,0.0,,1.0,“Œ–k“Œ,,1.0e-50,
2022/5/14 5:00,10.0,96,,0.0,,0.9,–k–k“Œ,,0.01,
2022/5/14 6:00,11.5,86,,0.0,,1.0,–k¼,,0.01,
2022/5/14 7:00,12.6,82,,0.0,,1.9,–k–k¼,,0.01,
2022/5/14 8:00,12.6,81,,0.0,,2.3,–k–k¼,,0.01,
2022/5/14 9:00,13.4,75,,0.0,,2.7,–k–k¼,,0.01,
2022/5/14 10:00,13.2,75,,0.0,,3.2,–k–k¼,,0.01,
2022/5/14 11:00,13.3,73,,0.0,,3.6,–k–k¼,,0.01,
2022/5/14 12:00,14.0,69,,0.0,,4.0,–k–k¼,,0.01,
2022/5/14 13:00,13.9,69,,0.0,,4.0,–k–k¼,,0.01,
2022/5/14 14:00,13.8,70,,0.0,,4.0,–k–k¼,,0.01,
2022/5/14 15:00,13.6,71,,0.0,,3.6,–k–k¼,,0.01,
2022/5/14 16:00,12.8,75,,0.0,,3.3,–k–k¼,,0.01,
2022/5/14 17:00,11.8,80,,0.0,,3.2,–k–k¼,,0.01,
2022/5/14 18:00,11.3,82,,0.0,,3.2,–k–k¼,,0.01,
2022/5/14 19:00,9.9,89,,0.0,,2.7,–k–k¼,,0.01,
2022/5/14 20:00,9.4,91,,0.0,,1.7,–k–k¼,,1.0e-50,
2022/5/14 21:00,9.6,88,,0.0,,1.9,–k–k¼,,1.0e-50,
2022/5/14 22:00,8.8,95,,0.0,,1.5,–k,,1.0e-50,
2022/5/14 23:00,8.7,95,,0.1,,1.5,–k,,1.0e-50,
2022/5/15 0:00,9.2,86,,0.1,,2.1,–k–k¼,,1.0e-50,
2022/5/15 1:00,8.4,95,,0.0,,1.4,–k,,1.0e-50,
2022/5/15 2:00,8.2,96,,0.1,,1.0,–k–k“Œ,,1.0e-50,
2022/5/15 3:00,8.0,81,,0.0,,0.8,–k¼,,1.0e-50,
2022/5/15 4:00,7.3,95,,0.0,,1.1,“Œ–k“Œ,,1.0e-50,
2022/5/15 5:00,7.3,96,,0.0,,1.1,“Œ“ì“Œ,,0.01,
2022/5/15 6:00,10.0,72,,0.0,,1.6,“ì“ì“Œ,,0.01,
2022/5/15 7:00,11.7,69,,0.0,,2.0,“Œ“ì“Œ,,0.01,
2022/5/15 8:00,14.3,58,,0.0,,1.9,“Œ“ì“Œ,,0.01,
2022/5/15 9:00,18.0,44,,0.0,,1.6,“ì“Œ,,0.01,
2022/5/15 10:00,20.4,39,,0.0,,1.5,“Œ,,0.01,
2022/5/15 11:00,22.3,36,,0.0,,1.0,“Œ–k“Œ,,0.01,
2022/5/15 12:00,23.4,36,,0.0,,0.5,–k“Œ,,0.01,
2022/5/15 13:00,24.5,34,,0.0,,0.3,¼–k¼,,0.01,
2022/5/15 14:00,24.6,34,,0.0,,1.5,–k¼,,0.01,
2022/5/15 15:00,24.8,36,,0.0,,0.7,¼–k¼,,0.01,
2022/5/15 16:00,24.4,37,,0.0,,2.0,¼–k¼,,0.01,
2022/5/15 17:00,22.8,41,,0.0,,1.3,–k¼,,0.01,
2022/5/15 18:00,21.0,49,,0.0,,1.0,–k¼,,0.01,
2022/5/15 19:00,18.4,54,,0.0,,1.2,–k,,0.01,
2022/5/15 20:00,16.8,57,,0.0,,0.7,–k“Œ,,1.0e-50,
2022/5/15 21:00,16.3,63,,0.0,,1.6,“ì“ì“Œ,,1.0e-50,
2022/5/15 22:00,15.0,67,,0.0,,1.5,“ì“Œ,,1.0e-50,
2022/5/15 23:00,14.2,72,,0.0,,1.5,“ì“ì“Œ,,1.0e-50,
2022/5/16 0:00,14.2,70,,0.0,,1.7,“ì“Œ,,1.0e-50,
2022/5/16 1:00,12.9,76,,0.0,,1.7,“Œ“ì“Œ,,1.0e-50,
2022/5/16 2:00,12.0,81,,0.0,,1.8,“ì“Œ,,1.0e-50,
2022/5/16 3:00,12.3,80,,0.0,,1.8,“ì“ì“Œ,,1.0e-50,
2022/5/16 4:00,10.9,87,,0.0,,1.8,“ì“Œ,,1.0e-50,
2022/5/16 5:00,10.7,89,,0.0,,1.6,“ì“Œ,,0.01,
2022/5/16 6:00,13.2,77,,0.0,,2.0,“ì“ì“Œ,,0.01,
2022/5/16 7:00,15.1,71,,0.0,,1.8,“ì“Œ,,0.01,
2022/5/16 8:00,17.2,64,,0.0,,1.7,“ì“Œ,,0.01,
2022/5/16 9:00,20.3,55,,0.0,,1.4,“Œ“ì“Œ,,0.01,
2022/5/16 10:00,21.1,54,,0.0,,1.8,“Œ“ì“Œ,,0.01,
2022/5/16 11:00,22.0,52,,0.0,,1.7,“Œ“ì“Œ,,0.01,
2022/5/16 12:00,23.3,50,,0.0,,1.4,“Œ“ì“Œ,,0.01,
2022/5/16 13:00,24.9,46,,0.0,,2.0,“Œ“ì“Œ,,0.01,
2022/5/16 14:00,25.4,44,,0.0,,1.4,“Œ“ì“Œ,,0.01,
2022/5/16 15:00,26.9,41,,0.0,,1.8,“ì,,0.01,
2022/5/16 16:00,27.0,40,,0.0,,3.2,“ì¼,,0.01,
2022/5/16 17:00,25.3,43,,0.0,,2.9,“ì¼,,0.01,
2022/5/16 18:00,23.0,50,,0.0,,1.9,“ì“ì“Œ,,0.01,
2022/5/16 19:00,20.8,54,,0.0,,2.0,“ì“Œ,,0.01,
2022/5/16 20:00,19.5,53,,0.0,,2.2,“ì“Œ,,1.0e-50,
2022/5/16 21:00,18.2,57,,0.0,,2.6,“ì“Œ,,1.0e-50,
2022/5/16 22:00,16.9,62,,0.0,,2.4,“Œ“ì“Œ,,1.0e-50,
2022/5/16 23:00,16.3,65,,0.0,,2.5,“ì“Œ,,1.0e-50,
2022/5/17 0:00,17.0,66,,0.0,,2.3,“ì“Œ,,1.0e-50,
2022/5/17 1:00,16.3,72,,0.0,,2.0,“ì“Œ,,1.0e-50,
2022/5/17 2:00,16.0,76,,0.0,,2.4,“ì“Œ,,1.0e-50,
2022/5/17 3:00,15.2,80,,0.0,,2.8,“ì“Œ,,1.0e-50,
2022/5/17 4:00,14.6,84,,0.0,,2.3,“ì“Œ,,1.0e-50,
2022/5/17 5:00,14.4,85,,0.2,,2.2,“ì“Œ,,0.01,
2022/5/17 6:00,15.4,80,,0.2,,2.1,“ì“Œ,,0.01,
2022/5/17 7:00,16.5,77,,0.0,,0.8,“Œ–k“Œ,,0.01,
2022/5/17 8:00,14.1,83,,0.3,,4.5,–k¼,,0.01,
2022/5/17 9:00,12.4,84,,0.2,,3.8,–k¼,,0.01,
2022/5/17 10:00,11.7,79,,0.3,,4.6,–k¼,,0.01,
2022/5/17 11:00,11.3,77,,0.1,,4.8,–k¼,,0.01,
2022/5/17 12:00,12.1,68,,0.0,,5.0,–k¼,,0.01,
2022/5/17 13:00,12.3,62,,0.0,,5.0,–k¼,,0.01,
2022/5/17 14:00,12.2,59,,0.0,,5.0,–k¼,,0.01,
2022/5/17 15:00,11.9,59,,0.0,,5.4,–k¼,,0.01,
2022/5/17 16:00,11.5,61,,0.0,,4.8,–k¼,,0.01,
2022/5/17 17:00,10.9,63,,0.0,,4.5,–k¼,,0.01,
2022/5/17 18:00,11.1,63,,0.0,,3.5,–k¼,,0.01,
2022/5/17 19:00,10.5,64,,0.0,,2.8,–k¼,,0.01,
2022/5/17 20:00,10.7,60,,0.0,,2.5,–k¼,,1.0e-50,
2022/5/17 21:00,11.1,60,,0.0,,2.2,¼–k¼,,1.0e-50,
2022/5/17 22:00,10.8,60,,0.0,,1.6,–k¼,,1.0e-50,
2022/5/17 23:00,10.3,60,,0.0,,1.4,–k¼,,1.0e-50,
2022/5/18 0:00,11.2,52,,0.0,,1.9,¼,,1.0e-50,
2022/5/18 1:00,10.0,55,,0.0,,0.7,–k,,1.0e-50,
2022/5/18 2:00,9.8,53,,0.0,,1.5,–k–k“Œ,,1.0e-50,
2022/5/18 3:00,9.2,57,,0.0,,1.2,“ì“Œ,,1.0e-50,
2022/5/18 4:00,8.4,75,,0.0,,1.6,“Œ“ì“Œ,,1.0e-50,
2022/5/18 5:00,8.9,78,,0.0,,2.1,“ì“Œ,,0.01,
2022/5/18 6:00,9.5,75,,0.0,,2.3,“ì“Œ,,0.01,
2022/5/18 7:00,10.1,70,,0.0,,2.7,“ì“Œ,,0.01,
2022/5/18 8:00,10.2,66,,0.0,,2.9,“ì“ì“Œ,,0.01,
2022/5/18 9:00,10.3,65,,0.0,,3.3,“ì“ì“Œ,,0.01,
2022/5/18 10:00,10.2,66,,0.0,,3.3,“ì“ì“Œ,,0.01,
2022/5/18 11:00,9.8,69,,0.0,,3.4,“ì“ì“Œ,,0.01,
2022/5/18 12:00,10.2,66,,0.0,,3.7,“ì“ì“Œ,,0.01,
2022/5/18 13:00,9.8,66,,0.0,,3.5,“ì“ì“Œ,,0.01,
2022/5/18 14:00,8.7,74,,0.6,,2.8,“ì“ì“Œ,,0.01,
2022/5/18 15:00,8.7,70,,1.3,,3.0,“ì“ì“Œ,,0.01,
2022/5/18 16:00,8.0,79,,1.3,,2.5,“Œ“ì“Œ,,0.01,
2022/5/18 17:00,7.6,82,,2.6,,2.6,“Œ,,0.01,
2022/5/18 18:00,7.5,77,,3.3,,2.4,“ì“Œ,,0.01,
2022/5/18 19:00,6.9,79,,1.9,,3.2,“Œ“ì“Œ,,0.01,
2022/5/18 20:00,6.4,80,,0.7,,3.3,“Œ“ì“Œ,,1.0e-50,
2022/5/18 21:00,7.3,71,,0.4,,2.0,“ì“Œ,,1.0e-50,
2022/5/18 22:00,6.7,79,,0.7,,2.0,“ì“Œ,,1.0e-50,
2022/5/18 23:00,6.5,83,,1.0,,1.9,“ì“Œ,,1.0e-50,
2022/5/19 0:00,6.8,77,,0.3,,1.2,“ì“ì“Œ,,1.0e-50,
2022/5/19 1:00,6.4,82,,0.4,,1.0,“Œ“ì“Œ,,1.0e-50,
2022/5/19 2:00,6.3,83,,0.0,,0.9,–k“Œ,,1.0e-50,
2022/5/19 3:00,6.2,81,,0.0,,0.9,–k¼,,1.0e-50,
2022/5/19 4:00,5.9,84,,0.2,,1.4,–k–k¼,,1.0e-50,
2022/5/19 5:00,6.0,84,,0.6,,1.8,–k,,0.01,
2022/5/19 6:00,6.1,78,,0.9,,1.7,–k,,0.01,
2022/5/19 7:00,5.8,82,,2.1,,3.1,–k“Œ,,0.01,
2022/5/19 8:00,5.4,85,,2.0,,2.9,–k“Œ,,0.01,
2022/5/19 9:00,7.2,75,,1.6,,1.9,–k“Œ,,0.01,
2022/5/19 10:00,7.4,79,,1.6,,2.5,–k“Œ,,0.01,
2022/5/19 11:00,8.0,77,,1.5,,3.2,“Œ–k“Œ,,0.01,
2022/5/19 12:00,9.2,67,,2.0,,1.8,–k–k“Œ,,0.01,
2022/5/19 13:00,10.3,61,,0.1,,2.6,–k“Œ,,0.01,
2022/5/19 14:00,11.0,55,,0.1,,2.7,“Œ,,0.01,
2022/5/19 15:00,10.9,58,,0.0,,1.0,–k–k“Œ,,0.01,
2022/5/19 16:00,11.5,57,,0.0,,1.6,–k–k¼,,0.01,
2022/5/19 17:00,11.1,60,,0.0,,1.8,–k–k¼,,0.01,
2022/5/19 18:00,10.8,61,,0.0,,1.5,¼–k¼,,0.01,
2022/5/19 19:00,10.2,62,,0.0,,1.6,–k–k¼,,0.01,
2022/5/19 20:00,10.1,65,,0.0,,2.1,–k¼,,1.0e-50,
2022/5/19 21:00,10.2,64,,0.0,,2.5,¼–k¼,,1.0e-50,
2022/5/19 22:00,9.9,63,,0.0,,2.2,–k¼,,1.0e-50,
2022/5/19 23:00,9.8,61,,0.0,,1.9,–k¼,,1.0e-50,
2022/5/20 0:00,9.9,57,,0.0,,2.0,¼–k¼,,1.0e-50,
2022/5/20 1:00,9.4,57,,0.0,,2.0,–k¼,,1.0e-50,
2022/5/20 2:00,9.4,55,,0.0,,2.1,–k¼,,1.0e-50,
2022/5/20 3:00,9.6,54,,0.0,,2.6,–k¼,,1.0e-50,
2022/5/20 4:00,9.4,53,,0.0,,2.7,–k¼,,1.0e-50,
2022/5/20 5:00,9.4,53,,0.0,,2.5,–k¼,,0.01,
2022/5/20 6:00,10.5,44,,0.0,,2.2,¼–k¼,,0.01,
2022/5/20 7:00,12.9,31,,0.0,,2.6,–k¼,,0.01,
2022/5/20 8:00,14.4,31,,0.0,,3.0,–k–k¼,,0.01,
2022/5/20 9:00,15.5,31,,0.0,,3.1,–k¼,,0.01,
2022/5/20 10:00,16.6,33,,0.0,,3.0,–k–k¼,,0.01,
2022/5/20 11:00,17.3,38,,0.0,,2.7,–k–k¼,,0.01,
2022/5/20 12:00,16.8,45,,0.0,,4.2,–k–k¼,,0.01,
2022/5/20 13:00,14.8,55,,0.0,,4.8,–k–k¼,,0.01,
2022/5/20 14:00,14.2,57,,0.0,,4.7,–k¼,,0.01,
2022/5/20 15:00,13.7,62,,0.0,,4.8,–k¼,,0.01,
2022/5/20 16:00,13.2,62,,0.0,,4.1,–k¼,,0.01,
2022/5/20 17:00,12.3,62,,0.0,,4.3,–k¼,,0.01,
2022/5/20 18:00,12.3,64,,0.0,,3.4,–k¼,,0.01,
2022/5/20 19:00,11.1,65,,0.0,,2.9,–k¼,,0.01,
2022/5/20 20:00,10.7,61,,0.0,,2.7,–k¼,,1.0e-50,
2022/5/20 21:00,10.7,65,,0.0,,2.3,–k¼,,1.0e-50,
2022/5/20 22:00,9.9,69,,0.0,,2.1,–k¼,,1.0e-50,
2022/5/20 23:00,9.8,64,,0.0,,1.9,–k–k¼,,1.0e-50,
2022/5/21 0:00,10.2,64,,0.0,,1.8,–k–k¼,,1.0e-50,
2022/5/21 1:00,10.1,67,,0.0,,1.6,–k,,1.0e-50,
2022/5/21 2:00,9.6,67,,0.0,,1.4,–k–k“Œ,,1.0e-50,
2022/5/21 3:00,9.1,70,,0.0,,0.7,–k,,1.0e-50,
2022/5/21 4:00,8.1,84,,0.0,,1.1,“Œ,,1.0e-50,
2022/5/21 5:00,7.8,88,,0.0,,0.8,“Œ“ì“Œ,,0.01,
2022/5/21 6:00,10.1,66,,0.0,,0.4,–k–k¼,,0.01,
2022/5/21 7:00,11.5,70,,0.0,,1.2,–k–k“Œ,,0.01,
2022/5/21 8:00,13.2,62,,0.0,,1.3,–k,,0.01,
2022/5/21 9:00,16.2,48,,0.0,,1.6,–k,,0.01,
2022/5/21 10:00,17.5,43,,0.0,,1.9,–k,,0.01,
2022/5/21 11:00,18.8,42,,0.0,,2.0,–k,,0.01,
2022/5/21 12:00,21.1,37,,0.0,,2.7,–k–k¼,,0.01,
2022/5/21 13:00,22.1,35,,0.0,,2.9,–k–k¼,,0.01,
2022/5/21 14:00,21.5,37,,0.0,,3.1,–k–k¼,,0.01,
2022/5/21 15:00,22.0,38,,0.0,,2.7,–k–k¼,,0.01,
2022/5/21 16:00,21.3,39,,0.0,,2.4,–k–k¼,,0.01,
2022/5/21 17:00,19.9,42,,0.0,,2.4,–k¼,,0.01,
2022/5/21 18:00,18.9,43,,0.0,,2.0,–k¼,,0.01,
2022/5/21 19:00,16.5,51,,0.0,,1.7,–k–k¼,,0.01,
2022/5/21 20:00,15.7,49,,0.0,,0.9,–k,,1.0e-50,
2022/5/21 21:00,15.6,43,,0.0,,1.2,–k¼,,1.0e-50,
2022/5/21 22:00,13.7,57,,0.0,,1.0,“Œ,,1.0e-50,
2022/5/21 23:00,13.3,61,,0.0,,1.0,“ì“Œ,,1.0e-50,
2022/5/22 0:00,14.2,46,,0.0,,1.4,“ì“ì“Œ,,1.0e-50,
2022/5/22 1:00,13.2,51,,0.0,,1.6,“ì“Œ,,1.0e-50,
2022/5/22 2:00,13.3,48,,0.0,,1.6,“ì“Œ,,1.0e-50,
2022/5/22 3:00,12.4,53,,0.0,,0.4,“Œ“ì“Œ,,1.0e-50,
2022/5/22 4:00,11.1,64,,0.0,,1.2,–k“Œ,,1.0e-50,
2022/5/22 5:00,10.6,70,,0.0,,1.0,–k“Œ,,0.01,
2022/5/22 6:00,12.4,58,,0.0,,0.4,“Œ–k“Œ,,0.01,
2022/5/22 7:00,14.7,51,,0.0,,0.7,“Œ“ì“Œ,,0.01,
2022/5/22 8:00,17.2,43,,0.0,,0.9,“Œ“ì“Œ,,0.01,
2022/5/22 9:00,19.3,39,,0.0,,1.0,“Œ–k“Œ,,0.01,
2022/5/22 10:00,21.1,34,,0.0,,1.2,–k“Œ,,0.01,
2022/5/22 11:00,22.3,33,,0.0,,1.1,–k–k“Œ,,0.01,
2022/5/22 12:00,23.3,32,,0.0,,1.5,–k,,0.01,
2022/5/22 13:00,23.8,31,,0.0,,2.1,–k,,0.01,
2022/5/22 14:00,23.0,29,,0.0,,2.3,–k–k¼,,0.01,
2022/5/22 15:00,24.8,21,,0.0,,1.6,¼–k¼,,0.01,
2022/5/22 16:00,24.1,20,,0.0,,2.1,¼–k¼,,0.01,
2022/5/22 17:00,22.4,23,,0.0,,1.6,¼–k¼,,0.01,
2022/5/22 18:00,20.6,33,,0.0,,1.1,–k–k¼,,0.01,
2022/5/22 19:00,17.6,44,,0.0,,1.1,–k,,0.01,
2022/5/22 20:00,15.6,50,,0.0,,0.8,–k“Œ,,1.0e-50,
2022/5/22 21:00,14.5,45,,0.0,,0.6,“ì“ì“Œ,,1.0e-50,
2022/5/22 22:00,13.4,54,,0.0,,1.2,“Œ“ì“Œ,,1.0e-50,
2022/5/22 23:00,12.5,62,,0.0,,1.4,“Œ,,1.0e-50,
2022/5/23 0:00,13.3,40,,0.0,,1.8,“ì,,1.0e-50,
2022/5/23 1:00,11.6,45,,0.0,,1.5,“ì“Œ,,1.0e-50,
2022/5/23 2:00,11.0,49,,0.0,,1.5,“Œ“ì“Œ,,1.0e-50,
2022/5/23 3:00,11.9,42,,0.0,,1.9,“ì“ì“Œ,,1.0e-50,
2022/5/23 4:00,10.4,47,,0.0,,1.5,“Œ“ì“Œ,,1.0e-50,
2022/5/23 5:00,10.5,50,,0.0,,1.6,“ì“Œ,,0.01,
2022/5/23 6:00,13.2,45,,0.0,,1.8,“ì“ì“Œ,,0.01,
2022/5/23 7:00,16.3,38,,0.0,,2.1,“ì“Œ,,0.01,
2022/5/23 8:00,19.2,29,,0.0,,3.4,“ì“Œ,,0.01,
2022/5/23 9:00,20.5,31,,0.0,,3.3,“ì“ì“Œ,,0.01,
2022/5/23 10:00,21.9,33,,0.0,,3.8,“ì“ì“Œ,,0.01,
2022/5/23 11:00,22.6,33,,0.0,,4.7,“ì“ì“Œ,,0.01,
2022/5/23 12:00,22.9,34,,0.0,,4.3,“ì“ì“Œ,,0.01,
2022/5/23 13:00,22.6,34,,0.0,,4.3,“ì“ì“Œ,,0.01,
2022/5/23 14:00,21.6,37,,0.0,,4.2,“ì“ì“Œ,,0.01,
2022/5/23 15:00,20.8,41,,0.0,,3.3,“ì“ì“Œ,,0.01,
2022/5/23 16:00,19.9,45,,0.0,,3.2,“ì“ì“Œ,,0.01,
2022/5/23 17:00,18.0,52,,0.0,,3.0,“ì“ì“Œ,,0.01,
2022/5/23 18:00,17.0,58,,0.0,,3.2,“ì“ì“Œ,,0.01,
2022/5/23 19:00,15.8,62,,0.0,,2.9,“ì“ì“Œ,,0.01,
2022/5/23 20:00,15.6,61,,0.0,,2.3,“ì“Œ,,1.0e-50,
2022/5/23 21:00,15.1,67,,0.0,,2.4,“ì“Œ,,1.0e-50,
2022/5/23 22:00,14.4,71,,0.0,,2.7,“ì“Œ,,1.0e-50,
2022/5/23 23:00,14.6,71,,0.0,,2.1,“ì“ì“Œ,,1.0e-50,
2022/5/24 0:00,14.5,72,,0.0,,1.7,“ì“ì“Œ,,1.0e-50,
2022/5/24 1:00,13.3,81,,0.1,,1.4,–k,,1.0e-50,
2022/5/24 2:00,12.2,89,,0.0,,1.4,–k–k“Œ,,1.0e-50,
2022/5/24 3:00,12.2,85,,0.0,,1.9,–k,,1.0e-50,
2022/5/24 4:00,11.0,87,,0.0,,1.4,–k,,1.0e-50,
2022/5/24 5:00,10.6,86,,0.0,,1.7,–k–k¼,,0.01,
2022/5/24 6:00,11.2,77,,0.0,,2.1,–k–k¼,,0.01,
2022/5/24 7:00,12.4,59,,0.0,,2.1,–k–k¼,,0.01,
2022/5/24 8:00,13.3,48,,0.0,,2.4,–k,,0.01,
2022/5/24 9:00,14.2,44,,0.0,,2.5,–k–k¼,,0.01,
2022/5/24 10:00,15.1,37,,0.0,,2.7,–k–k¼,,0.01,
2022/5/24 11:00,15.3,33,,0.0,,3.0,–k–k¼,,0.01,
2022/5/24 12:00,16.1,31,,0.0,,2.8,–k–k¼,,0.01,
2022/5/24 13:00,16.7,29,,0.0,,2.8,–k–k¼,,0.01,
2022/5/24 14:00,16.3,29,,0.0,,2.4,–k–k¼,,0.01,
2022/5/24 15:00,16.8,30,,0.0,,2.7,–k–k¼,,0.01,
2022/5/24 16:00,15.5,37,,0.0,,3.4,–k–k¼,,0.01,
2022/5/24 17:00,14.0,46,,0.0,,2.6,–k–k¼,,0.01,
2022/5/24 18:00,13.8,52,,0.0,,1.7,–k–k¼,,0.01,
2022/5/24 19:00,12.5,58,,0.0,,0.9,–k–k“Œ,,0.01,
2022/5/24 20:00,11.7,61,,0.0,,0.8,“Œ,,1.0e-50,
2022/5/24 21:00,13.1,54,,0.0,,1.6,“ì,,1.0e-50,
2022/5/24 22:00,12.4,53,,0.0,,1.2,“ì“Œ,,1.0e-50,
2022/5/24 23:00,12.3,49,,0.0,,1.2,“Œ–k“Œ,,1.0e-50,
2022/5/25 0:00,12.6,51,,0.2,,1.6,“ì,,1.0e-50,
2022/5/25 1:00,11.5,51,,0.2,,2.9,“ì“ì“Œ,,1.0e-50,
2022/5/25 2:00,11.6,51,,0.0,,3.1,“ì“Œ,,1.0e-50,
2022/5/25 3:00,11.4,47,,0.0,,2.8,“ì“ì“Œ,,1.0e-50,
2022/5/25 4:00,11.4,54,,0.0,,2.8,“ì“ì“Œ,,1.0e-50,
2022/5/25 5:00,11.1,66,,0.0,,2.1,“ì“Œ,,0.01,
2022/5/25 6:00,11.4,75,,0.0,,2.5,“ì“ì“Œ,,0.01,
2022/5/25 7:00,11.4,78,,0.9,,2.8,“ì“ì“Œ,,0.01,
2022/5/25 8:00,12.0,73,,0.5,,3.3,“ì“ì“Œ,,0.01,
2022/5/25 9:00,13.8,68,,0.0,,2.1,“ì“ì“Œ,,0.01,
2022/5/25 10:00,15.4,62,,0.0,,1.3,“Œ,,0.01,
2022/5/25 11:00,15.9,62,,0.1,,1.9,–k–k“Œ,,0.01,
2022/5/25 12:00,16.3,60,,0.2,,2.0,–k,,0.01,
2022/5/25 13:00,16.1,61,,0.2,,3.3,–k,,0.01,
2022/5/25 14:00,15.5,61,,0.3,,3.3,–k–k¼,,0.01,
2022/5/25 15:00,16.1,56,,0.0,,2.4,–k–k¼,,0.01,
2022/5/25 16:00,15.9,50,,0.0,,2.8,–k¼,,0.01,
2022/5/25 17:00,14.7,53,,0.0,,2.8,–k¼,,0.01,
2022/5/25 18:00,13.1,67,,0.0,,2.8,–k–k¼,,0.01,
2022/5/25 19:00,11.5,79,,0.0,,2.3,–k–k¼,,0.01,
2022/5/25 20:00,10.5,82,,0.0,,2.0,–k–k¼,,1.0e-50,
2022/5/25 21:00,10.6,82,,0.0,,1.9,–k–k¼,,1.0e-50,
2022/5/25 22:00,9.8,85,,0.0,,1.7,–k–k¼,,1.0e-50,
2022/5/25 23:00,9.4,83,,0.0,,1.7,–k–k¼,,1.0e-50,
2022/5/26 0:00,9.7,76,,0.0,,1.9,–k¼,,1.0e-50,
2022/5/26 1:00,9.3,79,,0.0,,2.0,–k–k¼,,1.0e-50,
2022/5/26 2:00,9.1,82,,0.0,,2.8,–k¼,,1.0e-50,
2022/5/26 3:00,9.4,77,,0.1,,2.9,–k¼,,1.0e-50,
2022/5/26 4:00,8.8,79,,0.1,,2.5,–k¼,,1.0e-50,
2022/5/26 5:00,8.7,84,,0.1,,2.4,–k–k¼,,0.01,
2022/5/26 6:00,9.5,76,,0.0,,2.5,–k–k¼,,0.01,
2022/5/26 7:00,10.4,70,,0.0,,2.5,–k–k¼,,0.01,
2022/5/26 8:00,11.5,63,,0.0,,2.6,–k–k¼,,0.01,
2022/5/26 9:00,12.3,60,,0.0,,2.9,–k–k¼,,0.01,
2022/5/26 10:00,12.8,60,,0.0,,3.5,–k–k¼,,0.01,
2022/5/26 11:00,12.7,62,,0.0,,3.6,–k–k¼,,0.01,
2022/5/26 12:00,12.9,61,,0.0,,3.5,–k–k¼,,0.01,
2022/5/26 13:00,12.8,61,,0.0,,3.9,–k–k¼,,0.01,
2022/5/26 14:00,12.6,61,,0.0,,4.0,–k–k¼,,0.01,
2022/5/26 15:00,12.5,61,,0.0,,3.8,–k–k¼,,0.01,
2022/5/26 16:00,12.0,65,,0.0,,3.4,–k–k¼,,0.01,
2022/5/26 17:00,11.4,67,,0.0,,3.1,–k–k¼,,0.01,
2022/5/26 18:00,10.7,71,,0.0,,2.9,–k–k¼,,0.01,
2022/5/26 19:00,9.7,78,,0.0,,1.9,–k–k¼,,0.01,
2022/5/26 20:00,9.0,82,,0.0,,1.4,–k,,1.0e-50,
2022/5/26 21:00,9.1,84,,0.0,,1.5,–k–k¼,,1.0e-50,
2022/5/26 22:00,8.6,87,,0.0,,1.5,–k,,1.0e-50,
2022/5/26 23:00,8.2,89,,0.0,,1.2,–k,,1.0e-50,
2022/5/27 0:00,8.1,87,,0.0,,1.3,–k¼,,1.0e-50,
2022/5/27 1:00,7.4,91,,0.0,,1.1,–k,,1.0e-50,
2022/5/27 2:00,7.1,92,,0.0,,1.1,–k,,1.0e-50,
2022/5/27 3:00,7.4,88,,0.0,,1.3,¼–k¼,,1.0e-50,
2022/5/27 4:00,6.7,93,,0.0,,1.2,–k,,1.0e-50,
2022/5/27 5:00,6.9,92,,0.0,,1.0,–k,,0.01,
2022/5/27 6:00,8.4,83,,0.0,,0.8,–k,,0.01,
2022/5/27 7:00,10.1,75,,0.0,,1.5,–k–k“Œ,,0.01,
2022/5/27 8:00,11.2,68,,0.0,,1.9,–k,,0.01,
2022/5/27 9:00,12.0,63,,0.0,,2.5,–k–k¼,,0.01,
2022/5/27 10:00,13.0,58,,0.0,,2.9,–k–k¼,,0.01,
2022/5/27 11:00,13.8,53,,0.0,,2.7,–k–k¼,,0.01,
2022/5/27 12:00,14.5,52,,0.0,,2.7,–k–k¼,,0.01,
2022/5/27 13:00,14.9,52,,0.0,,3.0,–k–k¼,,0.01,
2022/5/27 14:00,14.7,52,,0.0,,3.2,–k–k¼,,0.01,
2022/5/27 15:00,14.5,54,,0.0,,3.2,–k–k¼,,0.01,
2022/5/27 16:00,13.8,57,,0.0,,3.0,–k–k¼,,0.01,
2022/5/27 17:00,12.7,60,,0.0,,3.2,–k–k¼,,0.01,
2022/5/27 18:00,12.7,63,,0.0,,2.2,–k–k¼,,0.01,
2022/5/27 19:00,11.0,72,,0.0,,1.7,–k–k¼,,0.01,
2022/5/27 20:00,10.2,76,,0.0,,0.9,–k–k“Œ,,1.0e-50,
2022/5/27 21:00,9.9,80,,0.0,,0.2,“ì¼,,1.0e-50,
2022/5/27 22:00,9.1,83,,0.0,,1.1,“Œ–k“Œ,,1.0e-50,
2022/5/27 23:00,8.7,85,,0.0,,1.1,“Œ,,1.0e-50,
2022/5/28 0:00,9.1,76,,0.0,,0.9,“ì,,1.0e-50,
2022/5/28 1:00,8.0,86,,0.0,,1.2,“Œ,,1.0e-50,
2022/5/28 2:00,7.5,88,,0.0,,1.2,“Œ“ì“Œ,,1.0e-50,
2022/5/28 3:00,8.5,71,,0.0,,1.4,“ì,,1.0e-50,
2022/5/28 4:00,7.4,81,,0.0,,1.3,“Œ,,1.0e-50,
2022/5/28 5:00,7.8,80,,0.0,,1.0,“Œ,,0.01,
2022/5/28 6:00,9.9,68,,0.0,,0.9,“ì“ì“Œ,,0.01,
2022/5/28 7:00,11.7,62,,0.0,,1.1,“Œ“ì“Œ,,0.01,
2022/5/28 8:00,13.0,59,,0.0,,1.1,“Œ“ì“Œ,,0.01,
2022/5/28 9:00,14.6,53,,0.0,,1.2,“ì“Œ,,0.01,
2022/5/28 10:00,15.7,49,,0.0,,1.5,“Œ“ì“Œ,,0.01,
2022/5/28 11:00,16.4,47,,0.0,,1.1,“ì“ì“Œ,,0.01,
2022/5/28 12:00,17.3,46,,0.0,,0.6,“Œ–k“Œ,,0.01,
2022/5/28 13:00,17.6,46,,0.0,,1.3,–k“Œ,,0.01,
2022/5/28 14:00,17.6,46,,0.0,,1.2,–k–k“Œ,,0.01,
2022/5/28 15:00,17.8,50,,0.0,,1.1,“Œ“ì“Œ,,0.01,
2022/5/28 16:00,18.2,50,,0.0,,1.4,“Œ“ì“Œ,,0.01,
2022/5/28 17:00,17.8,53,,0.0,,1.1,“Œ,,0.01,
2022/5/28 18:00,16.7,59,,0.0,,0.8,–k“Œ,,0.01,
2022/5/28 19:00,15.0,64,,0.0,,1.1,–k,,0.01,
2022/5/28 20:00,13.7,67,,0.0,,0.9,–k–k“Œ,,1.0e-50,
2022/5/28 21:00,13.4,73,,0.0,,0.7,¼“ì¼,,1.0e-50,
2022/5/28 22:00,12.6,76,,0.0,,1.3,–k“Œ,,1.0e-50,
2022/5/28 23:00,11.5,82,,0.0,,1.0,“Œ,,1.0e-50,
2022/5/29 0:00,11.5,74,,0.0,,1.0,“ì“ì“Œ,,1.0e-50,
2022/5/29 1:00,10.7,77,,0.0,,1.3,“Œ,,1.0e-50,
2022/5/29 2:00,10.4,77,,0.0,,1.3,“Œ“ì“Œ,,1.0e-50,
2022/5/29 3:00,10.7,70,,0.0,,1.3,“ì“ì“Œ,,1.0e-50,
2022/5/29 4:00,9.5,76,,0.0,,1.3,“Œ“ì“Œ,,1.0e-50,
2022/5/29 5:00,9.5,77,,0.0,,1.1,“Œ,,0.01,
2022/5/29 6:00,11.6,70,,0.0,,0.6,“ì“ì“Œ,,0.01,
2022/5/29 7:00,13.9,61,,0.0,,0.9,“Œ,,0.01,
2022/5/29 8:00,15.9,54,,0.0,,1.1,“Œ–k“Œ,,0.01,
2022/5/29 9:00,18.6,45,,0.0,,1.2,“Œ–k“Œ,,0.01,
2022/5/29 10:00,20.4,40,,0.0,,1.6,“Œ–k“Œ,,0.01,
2022/5/29 11:00,21.5,37,,0.0,,1.5,“Œ–k“Œ,,0.01,
2022/5/29 12:00,22.0,37,,0.0,,1.7,–k–k“Œ,,0.01,
2022/5/29 13:00,22.5,36,,0.0,,2.2,–k,,0.01,
2022/5/29 14:00,20.8,39,,0.0,,3.3,–k–k¼,,0.01,
2022/5/29 15:00,19.9,46,,0.0,,2.7,–k–k¼,,0.01,
2022/5/29 16:00,18.5,54,,0.0,,2.6,–k–k¼,,0.01,
2022/5/29 17:00,17.3,60,,0.0,,2.1,–k–k¼,,0.01,
2022/5/29 18:00,16.8,63,,0.0,,1.5,–k,,0.01,
2022/5/29 19:00,15.0,71,,0.0,,0.9,–k,,0.01,
2022/5/29 20:00,13.9,75,,0.0,,0.8,–k“Œ,,1.0e-50,
2022/5/29 21:00,14.5,73,,0.0,,1.3,“ì“ì¼,,1.0e-50,
2022/5/29 22:00,13.5,77,,0.0,,1.4,“Œ,,1.0e-50,
2022/5/29 23:00,12.7,81,,0.0,,1.3,“Œ“ì“Œ,,1.0e-50,
2022/5/30 0:00,13.5,76,,0.0,,1.7,“ì“ì“Œ,,1.0e-50,
2022/5/30 1:00,12.1,83,,0.0,,1.6,“Œ“ì“Œ,,1.0e-50,
2022/5/30 2:00,11.6,84,,0.0,,1.6,“Œ“ì“Œ,,1.0e-50,
2022/5/30 3:00,12.3,76,,0.0,,1.7,“ì“ì“Œ,,1.0e-50,
2022/5/30 4:00,11.0,82,,0.0,,1.6,“Œ“ì“Œ,,1.0e-50,
2022/5/30 5:00,11.3,82,,0.0,,1.5,“Œ“ì“Œ,,0.01,
2022/5/30 6:00,14.0,71,,0.0,,1.6,“ì“ì“Œ,,0.01,
2022/5/30 7:00,16.8,62,,0.0,,2.0,“ì“Œ,,0.01,
2022/5/30 8:00,19.8,52,,0.0,,2.5,“ì“Œ,,0.01,
2022/5/30 9:00,21.7,46,,0.0,,2.5,“ì“Œ,,0.01,
2022/5/30 10:00,23.9,41,,0.0,,3.3,“ì“Œ,,0.01,
2022/5/30 11:00,24.3,41,,0.0,,4.1,“ì“ì“Œ,,0.01,
2022/5/30 12:00,25.3,38,,0.0,,3.6,“ì“ì“Œ,,0.01,
2022/5/30 13:00,25.6,38,,0.0,,3.7,“ì“ì“Œ,,0.01,
2022/5/30 14:00,25.6,38,,0.0,,3.4,“ì“ì“Œ,,0.01,
2022/5/30 15:00,25.3,40,,0.0,,3.2,“ì“ì“Œ,,0.01,
2022/5/30 16:00,23.9,43,,0.0,,3.3,“ì“ì“Œ,,0.01,
2022/5/30 17:00,22.0,49,,0.0,,2.6,“ì“ì“Œ,,0.01,
2022/5/30 18:00,20.8,56,,0.0,,1.0,“ì“Œ,,0.01,
2022/5/30 19:00,19.3,61,,0.0,,0.5,–k“Œ,,0.01,
2022/5/30 20:00,18.3,64,,0.0,,1.0,–k,,1.0e-50,
2022/5/30 21:00,17.5,69,,0.0,,1.3,“ì“ì“Œ,,1.0e-50,
2022/5/30 22:00,16.9,70,,0.0,,1.3,“Œ“ì“Œ,,1.0e-50,
2022/5/30 23:00,16.2,77,,0.0,,1.7,“Œ“ì“Œ,,1.0e-50,
2022/5/31 0:00,16.1,79,,0.1,,2.1,“ì“Œ,,1.0e-50,
2022/5/31 1:00,15.5,82,,0.0,,1.9,“Œ“ì“Œ,,1.0e-50,
2022/5/31 2:00,15.1,84,,0.6,,1.8,“Œ“ì“Œ,,1.0e-50,
2022/5/31 3:00,15.1,84,,1.7,,2.0,“ì“Œ,,1.0e-50,
2022/5/31 4:00,14.4,88,,1.3,,2.1,“ì“Œ,,1.0e-50,
2022/5/31 5:00,14.0,89,,0.3,,2.2,“ì“Œ,,0.01,
2022/5/31 6:00,14.9,84,,0.1,,2.4,“ì“Œ,,0.01,
2022/5/31 7:00,15.8,80,,0.0,,2.8,“ì“ì“Œ,,0.01,
2022/5/31 8:00,16.7,78,,0.0,,2.7,“ì“ì“Œ,,0.01,
2022/5/31 9:00,18.5,68,,0.0,,2.6,“ì“ì“Œ,,0.01,
2022/5/31 10:00,20.5,60,,0.0,,2.6,“ì“ì“Œ,,0.01,
2022/5/31 11:00,20.2,63,,0.0,,3.0,“ì“ì“Œ,,0.01,
2022/5/31 12:00,18.4,71,,0.1,,3.2,“ì“ì“Œ,,0.01,
2022/5/31 13:00,19.1,68,,0.0,,3.5,“ì“Œ,,0.01,
2022/5/31 14:00,19.0,68,,0.0,,3.4,“ì“Œ,,0.01,
2022/5/31 15:00,18.6,71,,0.3,,2.3,“ì“Œ,,0.01,
2022/5/31 16:00,17.3,79,,4.4,,1.2,“Œ,,0.01,
2022/5/31 17:00,16.5,84,,5.9,,1.2,“ì“Œ,,0.01,
2022/5/31 18:00,16.5,84,,0.4,,1.3,“ì“Œ,,0.01,
2022/5/31 19:00,15.6,88,,0.0,,1.2,“Œ,,0.01,
2022/5/31 20:00,14.9,89,,0.0,,0.8,“Œ“ì“Œ,,0.01,
2022/5/31 21:00,14.6,89,,0.1,,0.4,“Œ“ì“Œ,,1.0e-50,
2022/5/31 22:00,14.3,89,,0.0,,0.6,“Œ,,1.0e-50,
2022/5/31 23:00,14.2,86,,0.0,,0.6,“Œ,,1.0e-50,
2022/6/1 0:00,14.1,85,,0.0,,0.3,“ì“ì“Œ,,1.0e-50,
2022/6/1 1:00,13.2,88,,0.0,,0.3,“Œ,,1.0e-50,
2022/6/1 2:00,12.6,86,,0.0,,0.6,“ì“Œ,,1.0e-50,
2022/6/1 3:00,12.3,78,,0.0,,1.2,“ì“ì¼,,1.0e-50,
2022/6/1 4:00,11.6,73,,0.0,,1.1,“ì“Œ,,1.0e-50,
2022/6/1 5:00,11.7,68,,0.0,,1.3,“ì“Œ,,0.01,
2022/6/1 6:00,13.1,60,,0.0,,1.5,“ì“ì“Œ,,0.01,
2022/6/1 7:00,15.8,50,,0.0,,1.6,“ì“ì¼,,0.01,
2022/6/1 8:00,17.8,43,,0.0,,1.9,“ì¼,,0.01,
2022/6/1 9:00,19.3,37,,0.0,,2.5,“ì¼,,0.01,
2022/6/1 10:00,20.5,35,,0.0,,3.1,“ì¼,,0.01,
2022/6/1 11:00,20.8,35,,0.0,,3.1,“ì¼,,0.01,
2022/6/1 12:00,20.3,38,,0.0,,3.3,“ì¼,,0.01,
2022/6/1 13:00,20.4,38,,0.0,,3.4,“ì¼,,0.01,
2022/6/1 14:00,19.9,38,,0.0,,3.1,“ì¼,,0.01,
2022/6/1 15:00,19.5,43,,0.0,,3.0,“ì“ì¼,,0.01,
2022/6/1 16:00,20.1,42,,0.0,,2.7,“ì“ì¼,,0.01,
2022/6/1 17:00,19.6,46,,0.0,,2.5,“ì“ì¼,,0.01,
2022/6/1 18:00,19.0,52,,0.0,,1.5,“ì“ì¼,,0.01,
2022/6/1 19:00,17.4,59,,0.0,,1.7,“ì“Œ,,0.01,
2022/6/1 20:00,16.2,64,,0.0,,1.9,“ì“Œ,,0.01,
2022/6/1 21:00,15.0,72,,0.0,,2.0,“ì“Œ,,1.0e-50,
2022/6/1 22:00,14.2,76,,0.0,,2.2,“ì“Œ,,1.0e-50,
2022/6/1 23:00,14.7,67,,3.7,,2.6,“ì“ì¼,,1.0e-50,
2022/6/2 0:00,13.5,80,,1.9,,1.8,“ì“Œ,,1.0e-50,
2022/6/2 1:00,12.9,85,,0.0,,1.4,“ì“Œ,,1.0e-50,
2022/6/2 2:00,12.5,88,,0.0,,1.4,“ì“Œ,,1.0e-50,
2022/6/2 3:00,12.5,86,,0.0,,1.4,“ì“ì“Œ,,1.0e-50,
2022/6/2 4:00,11.6,90,,0.0,,1.4,“Œ“ì“Œ,,1.0e-50,
2022/6/2 5:00,11.9,87,,0.0,,1.1,“Œ,,0.01,
2022/6/2 6:00,13.3,80,,0.0,,0.9,“ì“Œ,,0.01,
2022/6/2 7:00,15.6,65,,0.0,,1.0,“Œ“ì“Œ,,0.01,
2022/6/2 8:00,17.4,55,,0.0,,1.3,“Œ,,0.01,
2022/6/2 9:00,18.5,52,,0.0,,1.2,“Œ,,0.01,
2022/6/2 10:00,20.1,45,,0.0,,1.2,“Œ–k“Œ,,0.01,
2022/6/2 11:00,21.3,41,,0.0,,1.1,–k–k“Œ,,0.01,
2022/6/2 12:00,21.4,43,,0.0,,1.7,–k,,0.01,
2022/6/2 13:00,21.6,42,,0.0,,2.3,–k–k¼,,0.01,
2022/6/2 14:00,21.1,44,,0.0,,2.0,–k,,0.01,
2022/6/2 15:00,22.1,41,,0.0,,1.3,–k,,0.01,
2022/6/2 16:00,21.5,45,,0.0,,1.4,“Œ–k“Œ,,0.01,
2022/6/2 17:00,20.6,49,,0.0,,1.5,“Œ,,0.01,
2022/6/2 18:00,20.0,51,,0.0,,1.0,“Œ–k“Œ,,0.01,
2022/6/2 19:00,18.3,60,,0.0,,0.9,“Œ–k“Œ,,0.01,
2022/6/2 20:00,16.8,66,,0.0,,0.9,“Œ–k“Œ,,0.01,
2022/6/2 21:00,16.5,65,,0.0,,1.1,“ì“ì¼,,1.0e-50,
2022/6/2 22:00,15.0,72,,0.0,,1.0,“Œ,,1.0e-50,
2022/6/2 23:00,14.2,75,,0.0,,1.2,“Œ“ì“Œ,,1.0e-50,
2022/6/3 0:00,14.6,66,,0.0,,1.6,“ì,,1.0e-50,
2022/6/3 1:00,13.2,71,,0.0,,1.5,“Œ“ì“Œ,,1.0e-50,
2022/6/3 2:00,12.4,73,,0.0,,1.6,“Œ“ì“Œ,,1.0e-50,
2022/6/3 3:00,13.1,62,,0.0,,2.0,“ì“ì“Œ,,1.0e-50,
2022/6/3 4:00,12.0,68,,0.0,,1.9,“ì“Œ,,1.0e-50,
2022/6/3 5:00,12.3,72,,0.0,,1.8,“ì“Œ,,0.01,
2022/6/3 6:00,14.4,65,,0.0,,1.9,“ì“Œ,,0.01,
2022/6/3 7:00,16.8,58,,0.0,,2.2,“ì“Œ,,0.01,
2022/6/3 8:00,19.7,49,,0.0,,2.6,“ì“Œ,,0.01,
2022/6/3 9:00,21.7,44,,0.0,,2.5,“ì“ì“Œ,,0.01,
2022/6/3 10:00,23.7,38,,0.0,,3.1,“ì“ì“Œ,,0.01,
2022/6/3 11:00,24.8,34,,0.0,,3.3,“ì“ì“Œ,,0.01,
2022/6/3 12:00,25.3,32,,0.0,,3.0,“ì“ì“Œ,,0.01,
2022/6/3 13:00,26.1,28,,0.0,,2.8,“ì,,0.01,
2022/6/3 14:00,26.2,29,,0.0,,2.1,“ì,,0.01,
2022/6/3 15:00,25.9,32,,0.0,,1.1,“ì“ì¼,,0.01,
2022/6/3 16:00,24.5,39,,0.0,,1.6,–k¼,,0.01,
2022/6/3 17:00,22.1,46,,0.0,,1.7,–k–k¼,,0.01,
2022/6/3 18:00,22.5,47,,0.0,,0.2,–k–k“Œ,,0.01,
2022/6/3 19:00,20.0,58,,0.0,,1.0,–k–k“Œ,,0.01,
2022/6/3 20:00,18.1,62,,0.0,,0.4,–k,,0.01,
2022/6/3 21:00,17.2,65,,0.0,,1.0,“ì“ì¼,,1.0e-50,
2022/6/3 22:00,15.6,72,,0.0,,1.2,“Œ“ì“Œ,,1.0e-50,
2022/6/3 23:00,14.8,73,,0.0,,1.4,“Œ“ì“Œ,,1.0e-50,
2022/6/4 0:00,14.9,69,,0.0,,1.6,“ì“ì“Œ,,1.0e-50,
2022/6/4 1:00,13.5,75,,0.0,,1.5,“Œ“ì“Œ,,1.0e-50,
2022/6/4 2:00,12.7,78,,0.0,,1.5,“ì“Œ,,1.0e-50,
2022/6/4 3:00,13.2,69,,0.0,,1.6,“ì“ì“Œ,,1.0e-50,
2022/6/4 4:00,12.1,73,,0.0,,1.4,“Œ“ì“Œ,,1.0e-50,
2022/6/4 5:00,12.2,76,,0.0,,1.4,“ì“Œ,,0.01,
2022/6/4 6:00,14.2,72,,0.0,,1.6,“ì“Œ,,0.01,
2022/6/4 7:00,15.3,69,,0.0,,1.5,“ì“Œ,,0.01,
2022/6/4 8:00,16.4,67,,0.0,,1.5,“ì“Œ,,0.01,
2022/6/4 9:00,18.7,59,,0.0,,1.7,“ì“Œ,,0.01,
2022/6/4 10:00,19.5,57,,0.0,,1.8,“ì“Œ,,0.01,
2022/6/4 11:00,19.9,57,,0.0,,0.6,“Œ“ì“Œ,,0.01,
2022/6/4 12:00,20.0,57,,0.2,,0.1,“ì“ì“Œ,,0.01,
2022/6/4 13:00,17.8,69,,0.2,,2.9,–k–k¼,,0.01,
2022/6/4 14:00,15.7,78,,0.8,,2.4,–k–k¼,,0.01,
2022/6/4 15:00,16.7,76,,2.1,,1.7,–k,,0.01,
2022/6/4 16:00,16.1,80,,0.0,,1.7,–k,,0.01,
2022/6/4 17:00,15.3,84,,0.1,,2.1,–k–k¼,,0.01,
2022/6/4 18:00,15.3,84,,0.3,,1.5,–k,,0.01,
2022/6/4 19:00,14.3,90,,0.2,,1.3,–k,,0.01,
2022/6/4 20:00,13.9,92,,0.1,,1.2,–k,,0.01,
2022/6/4 21:00,14.0,92,,0.0,,0.7,–k–k“Œ,,1.0e-50,
2022/6/4 22:00,13.5,94,,0.0,,0.8,–k“Œ,,1.0e-50,
2022/6/4 23:00,13.3,95,,0.0,,0.6,–k,,1.0e-50,
2022/6/5 0:00,13.2,94,,0.0,,0.4,–k¼,,1.0e-50,
2022/6/5 1:00,12.8,95,,0.0,,0.9,–k–k“Œ,,1.0e-50,
2022/6/5 2:00,12.6,96,,0.0,,0.8,–k,,1.0e-50,
2022/6/5 3:00,12.6,92,,0.0,,0.8,¼–k¼,,1.0e-50,
2022/6/5 4:00,12.3,95,,0.0,,0.9,–k,,1.0e-50,
2022/6/5 5:00,12.4,95,,0.0,,0.3,–k,,0.01,
2022/6/5 6:00,13.8,84,,0.0,,1.0,“ì,,0.01,
2022/6/5 7:00,14.4,84,,0.0,,0.8,“Œ,,0.01,
2022/6/5 8:00,14.9,84,,0.0,,0.7,“Œ,,0.01,
2022/6/5 9:00,15.2,83,,0.4,,0.9,“Œ,,0.01,
2022/6/5 10:00,14.9,87,,6.1,,1.3,–k“Œ,,0.01,
2022/6/5 11:00,15.3,86,,3.0,,0.8,–k“Œ,,0.01,
2022/6/5 12:00,15.2,84,,1.6,,1.4,–k,,0.01,
2022/6/5 13:00,16.0,79,,0.0,,1.3,–k–k“Œ,,0.01,
2022/6/5 14:00,16.4,77,,0.0,,1.7,–k,,0.01,
2022/6/5 15:00,15.5,81,,0.2,,1.7,–k,,0.01,
2022/6/5 16:00,15.6,80,,0.0,,1.8,–k,,0.01,
2022/6/5 17:00,15.3,81,,0.0,,1.4,–k–k¼,,0.01,
2022/6/5 18:00,15.1,80,,0.0,,1.2,–k–k¼,,0.01,
2022/6/5 19:00,14.3,84,,0.0,,1.4,–k–k¼,,0.01,
2022/6/5 20:00,13.4,89,,0.0,,1.1,–k–k¼,,0.01,
2022/6/5 21:00,13.5,85,,0.0,,1.5,¼–k¼,,1.0e-50,
2022/6/5 22:00,12.5,91,,0.0,,1.1,–k,,1.0e-50,
2022/6/5 23:00,12.0,94,,0.0,,1.1,–k,,1.0e-50,
2022/6/6 0:00,12.9,84,,0.0,,1.6,¼,,1.0e-50,
2022/6/6 1:00,11.8,91,,0.0,,1.4,–k,,1.0e-50,
2022/6/6 2:00,11.1,95,,0.0,,1.2,–k,,1.0e-50,
2022/6/6 3:00,11.5,85,,0.0,,1.4,¼,,1.0e-50,
2022/6/6 4:00,10.6,91,,0.0,,1.5,–k“Œ,,1.0e-50,
2022/6/6 5:00,10.3,93,,0.0,,0.9,–k“Œ,,0.01,
2022/6/6 6:00,12.8,74,,0.0,,0.5,–k–k¼,,0.01,
2022/6/6 7:00,14.4,74,,0.0,,0.4,–k–k“Œ,,0.01,
2022/6/6 8:00,16.3,68,,0.0,,0.6,“Œ–k“Œ,,0.01,
2022/6/6 9:00,18.1,59,,0.0,,0.8,“Œ–k“Œ,,0.01,
2022/6/6 10:00,20.1,49,,0.0,,1.0,–k“Œ,,0.01,
2022/6/6 11:00,21.3,43,,0.0,,1.1,–k“Œ,,0.01,
2022/6/6 12:00,21.2,45,,0.0,,2.0,–k,,0.01,
2022/6/6 13:00,21.6,39,,0.0,,2.6,–k,,0.01,
2022/6/6 14:00,20.9,38,,0.0,,2.5,–k–k¼,,0.01,
2022/6/6 15:00,20.4,43,,0.0,,2.0,–k–k¼,,0.01,
2022/6/6 16:00,20.0,45,,0.0,,1.9,–k,,0.01,
2022/6/6 17:00,19.1,49,,0.0,,1.5,–k,,0.01,
2022/6/6 18:00,18.9,56,,0.0,,1.0,“Œ“ì“Œ,,0.01,
2022/6/6 19:00,17.4,68,,0.0,,1.2,“Œ,,0.01,
2022/6/6 20:00,16.2,72,,0.0,,0.9,“Œ,,0.01,
2022/6/6 21:00,15.5,75,,0.0,,1.2,“ì“ì“Œ,,1.0e-50,
2022/6/6 22:00,14.9,76,,0.0,,1.1,“Œ“ì“Œ,,1.0e-50,
2022/6/6 23:00,14.3,78,,0.0,,1.3,“Œ“ì“Œ,,1.0e-50,
2022/6/7 0:00,13.8,80,,0.0,,1.1,“ì“Œ,,1.0e-50,
2022/6/7 1:00,13.3,83,,0.0,,1.3,“Œ“ì“Œ,,1.0e-50,
2022/6/7 2:00,13.0,85,,0.0,,1.3,“ì“Œ,,1.0e-50,
2022/6/7 3:00,13.0,83,,0.0,,1.7,“ì“Œ,,1.0e-50,
2022/6/7 4:00,12.5,86,,0.0,,1.8,“ì“Œ,,1.0e-50,
2022/6/7 5:00,12.4,87,,0.0,,1.6,“ì“Œ,,0.01,
2022/6/7 6:00,13.6,82,,0.0,,1.9,“ì“Œ,,0.01,
2022/6/7 7:00,14.9,75,,0.0,,2.2,“ì“Œ,,0.01,
2022/6/7 8:00,16.1,69,,0.0,,1.9,“ì“Œ,,0.01,
2022/6/7 9:00,16.6,68,,0.0,,1.9,“Œ“ì“Œ,,0.01,
2022/6/7 10:00,17.6,63,,0.0,,2.7,“ì“Œ,,0.01,
2022/6/7 11:00,18.5,58,,0.0,,2.8,“ì“Œ,,0.01,
2022/6/7 12:00,17.8,63,,0.0,,2.3,“Œ“ì“Œ,,0.01,
2022/6/7 13:00,18.4,61,,0.0,,2.6,“Œ“ì“Œ,,0.01,
2022/6/7 14:00,18.6,60,,0.0,,2.3,“Œ“ì“Œ,,0.01,
2022/6/7 15:00,17.7,64,,0.0,,2.3,“Œ“ì“Œ,,0.01,
2022/6/7 16:00,17.4,66,,0.0,,2.2,“ì“Œ,,0.01,
2022/6/7 17:00,17.2,67,,0.0,,1.7,“ì“Œ,,0.01,
2022/6/7 18:00,16.5,70,,0.0,,1.7,“ì“Œ,,0.01,
2022/6/7 19:00,15.7,74,,0.0,,1.7,“Œ“ì“Œ,,0.01,
2022/6/7 20:00,14.9,77,,0.0,,1.8,“ì“Œ,,0.01,
2022/6/7 21:00,14.1,81,,0.0,,1.7,“ì“Œ,,1.0e-50,
2022/6/7 22:00,13.7,81,,0.0,,1.6,“ì“Œ,,1.0e-50,
2022/6/7 23:00,13.4,82,,0.0,,1.5,“Œ“ì“Œ,,1.0e-50,
2022/6/8 0:00,13.0,84,,0.0,,1.1,“ì“Œ,,1.0e-50,
2022/6/8 1:00,12.4,87,,0.0,,1.1,“Œ,,1.0e-50,
2022/6/8 2:00,12.0,88,,0.0,,1.2,“Œ,,1.0e-50,
2022/6/8 3:00,11.9,86,,0.0,,0.8,“ì“Œ,,1.0e-50,
2022/6/8 4:00,11.0,92,,0.0,,1.0,“Œ–k“Œ,,1.0e-50,
2022/6/8 5:00,11.0,92,,0.0,,0.7,“Œ,,0.01,
2022/6/8 6:00,13.2,77,,0.0,,0.6,“ì,,0.01,
2022/6/8 7:00,14.6,73,,0.0,,0.5,“Œ–k“Œ,,0.01,
2022/6/8 8:00,16.1,68,,0.0,,0.7,–k–k“Œ,,0.01,
2022/6/8 9:00,16.8,66,,0.0,,1.1,–k,,0.01,
2022/6/8 10:00,18.5,57,,0.0,,1.5,–k,,0.01,
2022/6/8 11:00,19.7,52,,0.0,,1.6,–k,,0.01,
2022/6/8 12:00,20.0,53,,0.0,,2.0,–k,,0.01,
2022/6/8 13:00,19.7,57,,0.0,,2.9,–k–k¼,,0.01,
2022/6/8 14:00,18.8,60,,0.0,,3.1,–k–k¼,,0.01,
2022/6/8 15:00,18.0,64,,0.0,,3.0,–k¼,,0.01,
2022/6/8 16:00,18.2,63,,0.0,,2.7,–k¼,,0.01,
2022/6/8 17:00,17.9,62,,0.0,,2.3,–k¼,,0.01,
2022/6/8 18:00,17.1,66,,0.0,,2.7,–k¼,,0.01,
2022/6/8 19:00,16.4,68,,0.0,,1.5,–k¼,,0.01,
2022/6/8 20:00,16.1,66,,0.0,,1.1,–k–k¼,,0.01,
2022/6/8 21:00,15.7,68,,0.0,,1.0,“ì,,1.0e-50,
2022/6/8 22:00,14.8,75,,0.0,,1.1,“Œ“ì“Œ,,1.0e-50,
2022/6/8 23:00,14.1,80,,0.0,,1.0,“Œ–k“Œ,,1.0e-50,
2022/6/9 0:00,14.2,77,,0.0,,0.5,“ì,,1.0e-50,
2022/6/9 1:00,13.4,84,,0.0,,1.1,–k“Œ,,1.0e-50,
2022/6/9 2:00,12.8,88,,0.0,,1.0,–k“Œ,,1.0e-50,
2022/6/9 3:00,12.6,81,,0.0,,0.5,¼,,1.0e-50,
2022/6/9 4:00,11.8,89,,0.0,,1.2,–k“Œ,,1.0e-50,
2022/6/9 5:00,11.8,91,,0.0,,0.8,–k“Œ,,0.01,
2022/6/9 6:00,13.8,76,,0.0,,0.2,–k“Œ,,0.01,
2022/6/9 7:00,15.8,69,,0.0,,0.4,“Œ,,0.01,
2022/6/9 8:00,17.4,64,,0.0,,1.3,–k–k“Œ,,0.01,
2022/6/9 9:00,18.0,61,,0.0,,0.7,–k–k“Œ,,0.01,
2022/6/9 10:00,19.6,54,,0.0,,1.1,–k“Œ,,0.01,
2022/6/9 11:00,20.8,49,,0.0,,1.2,–k–k“Œ,,0.01,
2022/6/9 12:00,19.4,56,,0.0,,2.4,–k–k¼,,0.01,
2022/6/9 13:00,18.8,58,,0.0,,3.0,–k–k¼,,0.01,
2022/6/9 14:00,18.4,59,,0.0,,2.6,–k–k¼,,0.01,
2022/6/9 15:00,18.4,59,,0.0,,2.2,–k–k¼,,0.01,
2022/6/9 16:00,17.7,61,,0.0,,2.4,–k–k¼,,0.01,
2022/6/9 17:00,16.8,65,,0.0,,1.9,–k–k¼,,0.01,
2022/6/9 18:00,16.7,65,,0.0,,1.6,–k–k¼,,0.01,
2022/6/9 19:00,15.6,71,,0.0,,1.2,–k,,0.01,
2022/6/9 20:00,15.0,75,,0.0,,0.7,–k–k“Œ,,0.01,
2022/6/9 21:00,14.7,78,,0.0,,0.8,“Œ,,1.0e-50,
2022/6/9 22:00,14.1,81,,0.0,,1.0,“Œ,,1.0e-50,
2022/6/9 23:00,13.7,83,,0.0,,1.2,“Œ“ì“Œ,,1.0e-50,
2022/6/10 0:00,14.0,79,,0.0,,1.8,“ì“ì“Œ,,1.0e-50,
2022/6/10 1:00,13.5,80,,0.0,,1.7,“ì“Œ,,1.0e-50,
2022/6/10 2:00,13.1,79,,0.0,,2.0,“ì“Œ,,1.0e-50,
2022/6/10 3:00,12.8,77,,0.0,,2.1,“ì“ì“Œ,,1.0e-50,
2022/6/10 4:00,12.1,80,,0.0,,2.0,“ì“Œ,,1.0e-50,
2022/6/10 5:00,12.2,78,,0.0,,1.7,“Œ“ì“Œ,,0.01,
2022/6/10 6:00,13.5,73,,0.0,,1.7,“ì“Œ,,0.01,
2022/6/10 7:00,14.4,68,,0.0,,2.1,“ì“Œ,,0.01,
2022/6/10 8:00,15.8,61,,0.0,,2.0,“ì“Œ,,0.01,
2022/6/10 9:00,17.5,54,,0.0,,2.1,“ì“Œ,,0.01,
2022/6/10 10:00,18.9,50,,0.0,,2.5,“ì“Œ,,0.01,
2022/6/10 11:00,19.7,46,,0.0,,3.0,“ì“Œ,,0.01,
2022/6/10 12:00,19.6,47,,0.0,,3.2,“ì“Œ,,0.01,
2022/6/10 13:00,20.0,45,,0.0,,3.5,“ì“Œ,,0.01,
2022/6/10 14:00,19.8,45,,0.0,,3.5,“ì“ì“Œ,,0.01,
2022/6/10 15:00,18.6,49,,0.0,,3.1,“ì“Œ,,0.01,
2022/6/10 16:00,18.3,50,,0.0,,3.0,“ì“Œ,,0.01,
2022/6/10 17:00,17.6,51,,0.0,,2.9,“ì“ì“Œ,,0.01,
2022/6/10 18:00,17.3,53,,0.0,,2.6,“ì“Œ,,0.01,
2022/6/10 19:00,15.5,59,,0.0,,2.6,“ì“Œ,,0.01,
2022/6/10 20:00,14.8,61,,0.0,,2.7,“ì“ì“Œ,,0.01,
2022/6/10 21:00,13.9,67,,0.0,,2.3,“ì“ì“Œ,,1.0e-50,
2022/6/10 22:00,13.2,71,,0.0,,2.2,“ì“Œ,,1.0e-50,
2022/6/10 23:00,12.9,74,,0.0,,2.1,“ì“Œ,,1.0e-50,
2022/6/11 0:00,12.5,75,,0.0,,1.8,“ì“ì“Œ,,1.0e-50,
2022/6/11 1:00,11.8,81,,0.0,,1.8,“Œ“ì“Œ,,1.0e-50,
2022/6/11 2:00,11.2,86,,0.0,,1.6,“Œ“ì“Œ,,1.0e-50,
2022/6/11 3:00,11.0,82,,0.0,,1.4,“ì“ì“Œ,,1.0e-50,
2022/6/11 4:00,10.0,89,,0.0,,1.4,“Œ“ì“Œ,,1.0e-50,
2022/6/11 5:00,10.3,87,,0.0,,1.3,“Œ“ì“Œ,,0.01,
2022/6/11 6:00,12.6,71,,0.0,,1.2,“ì“ì“Œ,,0.01,
2022/6/11 7:00,15.1,61,,0.0,,1.6,“ì“Œ,,0.01,
2022/6/11 8:00,17.2,55,,0.0,,2.2,“ì“Œ,,0.01,
2022/6/11 9:00,18.9,48,,0.0,,2.2,“ì“Œ,,0.01,
2022/6/11 10:00,19.9,44,,0.0,,2.6,“ì“Œ,,0.01,
2022/6/11 11:00,20.5,42,,0.0,,3.1,“ì“Œ,,0.01,
2022/6/11 12:00,20.2,44,,0.0,,3.5,“ì“Œ,,0.01,
2022/6/11 13:00,20.8,40,,0.0,,3.6,“ì“Œ,,0.01,
2022/6/11 14:00,21.0,40,,0.0,,3.6,“ì“Œ,,0.01,
2022/6/11 15:00,20.2,42,,0.0,,3.2,“ì“Œ,,0.01,
2022/6/11 16:00,19.7,43,,0.0,,3.3,“ì“Œ,,0.01,
2022/6/11 17:00,18.6,46,,0.0,,3.1,“ì“ì“Œ,,0.01,
2022/6/11 18:00,17.8,50,,0.0,,2.7,“ì“ì“Œ,,0.01,
2022/6/11 19:00,16.4,55,,0.0,,2.5,“ì“Œ,,0.01,
2022/6/11 20:00,15.3,58,,0.0,,2.1,“ì“Œ,,0.01,
2022/6/11 21:00,14.3,64,,0.0,,1.8,“ì“Œ,,1.0e-50,
2022/6/11 22:00,13.6,67,,0.0,,1.5,“Œ“ì“Œ,,1.0e-50,
2022/6/11 23:00,13.3,69,,0.0,,1.3,“Œ“ì“Œ,,1.0e-50,
2022/6/12 0:00,13.4,68,,0.0,,1.3,“ì“ì“Œ,,1.0e-50,
2022/6/12 1:00,12.8,70,,0.0,,1.5,“Œ“ì“Œ,,1.0e-50,
2022/6/12 2:00,12.5,69,,0.0,,1.4,“ì“Œ,,1.0e-50,
2022/6/12 3:00,12.2,69,,0.0,,1.3,“ì“ì“Œ,,1.0e-50,
2022/6/12 4:00,11.2,72,,0.0,,1.3,“Œ,,1.0e-50,
2022/6/12 5:00,11.2,73,,0.0,,1.1,“Œ,,0.01,
2022/6/12 6:00,12.9,68,,0.0,,0.8,“ì“Œ,,0.01,
2022/6/12 7:00,14.2,64,,0.0,,1.0,“Œ,,0.01,
2022/6/12 8:00,15.5,59,,0.0,,0.5,“Œ,,0.01,
2022/6/12 9:00,16.8,54,,0.0,,0.9,–k“Œ,,0.01,
2022/6/12 10:00,17.8,51,,0.0,,1.5,–k,,0.01,
2022/6/12 11:00,17.9,52,,0.0,,2.1,–k–k¼,,0.01,
2022/6/12 12:00,17.1,57,,0.0,,2.4,–k–k¼,,0.01,
2022/6/12 13:00,16.5,64,,0.0,,2.5,–k–k¼,,0.01,
2022/6/12 14:00,16.1,68,,0.0,,2.5,–k–k¼,,0.01,
2022/6/12 15:00,16.0,68,,0.0,,2.4,–k–k¼,,0.01,
2022/6/12 16:00,16.0,67,,0.0,,2.1,–k–k¼,,0.01,
2022/6/12 17:00,15.9,66,,0.0,,1.9,–k–k¼,,0.01,
2022/6/12 18:00,15.7,68,,0.0,,1.9,–k–k¼,,0.01,
2022/6/12 19:00,14.8,76,,0.0,,1.6,–k–k¼,,0.01,
2022/6/12 20:00,14.3,80,,0.0,,1.7,–k–k¼,,0.01,
2022/6/12 21:00,14.2,81,,0.0,,1.7,–k–k¼,,1.0e-50,
2022/6/12 22:00,13.7,86,,0.0,,1.5,–k–k¼,,1.0e-50,
2022/6/12 23:00,13.4,88,,0.1,,1.2,–k–k¼,,1.0e-50,
2022/6/13 0:00,13.5,87,,0.1,,1.2,–k¼,,1.0e-50,
2022/6/13 1:00,13.0,91,,0.6,,0.8,–k,,1.0e-50,
2022/6/13 2:00,12.7,91,,0.0,,1.0,–k–k¼,,1.0e-50,
2022/6/13 3:00,12.9,86,,0.0,,0.9,–k–k¼,,1.0e-50,
2022/6/13 4:00,12.4,90,,0.0,,0.9,–k“Œ,,1.0e-50,
2022/6/13 5:00,12.5,89,,0.0,,0.7,–k,,0.01,
2022/6/13 6:00,13.3,78,,0.0,,0.5,“ì“ì¼,,0.01,
2022/6/13 7:00,14.2,77,,0.0,,0.6,“Œ–k“Œ,,0.01,
2022/6/13 8:00,14.8,76,,0.0,,1.1,–k,,0.01,
2022/6/13 9:00,15.4,72,,0.1,,1.6,–k,,0.01,
2022/6/13 10:00,15.8,72,,0.1,,1.8,–k,,0.01,
2022/6/13 11:00,16.0,71,,0.1,,1.5,–k,,0.01,
2022/6/13 12:00,16.3,67,,0.0,,1.7,–k,,0.01,
2022/6/13 13:00,16.8,66,,0.0,,1.6,–k,,0.01,
2022/6/13 14:00,17.1,65,,0.0,,1.5,–k,,0.01,
2022/6/13 15:00,16.9,66,,0.0,,1.9,–k,,0.01,
2022/6/13 16:00,16.1,69,,0.0,,1.9,–k,,0.01,
2022/6/13 17:00,15.6,71,,0.0,,1.6,–k–k¼,,0.01,
2022/6/13 18:00,15.3,73,,0.0,,1.5,–k–k“Œ,,0.01,
2022/6/13 19:00,14.6,78,,0.0,,0.9,–k–k“Œ,,0.01,
2022/6/13 20:00,14.2,80,,0.0,,0.8,“Œ–k“Œ,,0.01,
2022/6/13 21:00,14.1,81,,0.0,,1.1,“ì“Œ,,1.0e-50,
2022/6/13 22:00,13.6,84,,0.0,,1.2,“Œ“ì“Œ,,1.0e-50,
2022/6/13 23:00,13.1,86,,0.0,,1.4,“ì“Œ,,1.0e-50,
2022/6/14 0:00,13.3,84,,0.0,,1.8,“ì“Œ,,1.0e-50,
2022/6/14 1:00,12.8,88,,0.0,,2.0,“ì“Œ,,1.0e-50,
2022/6/14 2:00,12.7,87,,0.0,,2.2,“ì“Œ,,1.0e-50,
2022/6/14 3:00,13.1,79,,0.0,,2.4,“ì“ì“Œ,,1.0e-50,
2022/6/14 4:00,12.8,82,,0.0,,2.3,“ì“Œ,,1.0e-50,
2022/6/14 5:00,12.9,83,,0.0,,2.3,“ì“Œ,,0.01,
2022/6/14 6:00,14.6,73,,0.0,,2.9,“ì“ì“Œ,,0.01,
2022/6/14 7:00,16.3,65,,0.0,,3.2,“ì“ì“Œ,,0.01,
2022/6/14 8:00,17.7,57,,0.0,,3.7,“ì“ì“Œ,,0.01,
2022/6/14 9:00,19.9,47,,0.0,,3.6,“ì“ì“Œ,,0.01,
2022/6/14 10:00,21.3,45,,0.0,,4.0,“ì“ì“Œ,,0.01,
2022/6/14 11:00,22.1,42,,0.0,,4.1,“ì“ì“Œ,,0.01,
2022/6/14 12:00,22.8,41,,0.0,,3.8,“ì“ì“Œ,,0.01,
2022/6/14 13:00,23.4,39,,0.0,,4.2,“ì“ì“Œ,,0.01,
2022/6/14 14:00,23.2,40,,0.0,,4.2,“ì“ì“Œ,,0.01,
2022/6/14 15:00,23.8,38,,0.0,,3.7,“ì“ì“Œ,,0.01,
2022/6/14 16:00,22.8,41,,0.0,,4.0,“ì“ì“Œ,,0.01,
2022/6/14 17:00,21.3,47,,0.0,,3.7,“ì“ì“Œ,,0.01,
2022/6/14 18:00,20.5,49,,0.0,,3.0,“ì“ì“Œ,,0.01,
2022/6/14 19:00,18.2,57,,0.0,,3.0,“ì“ì“Œ,,0.01,
2022/6/14 20:00,17.0,63,,0.0,,2.8,“ì“ì“Œ,,0.01,
2022/6/14 21:00,16.7,64,,0.0,,2.5,“ì“ì“Œ,,1.0e-50,
2022/6/14 22:00,15.9,69,,0.0,,2.8,“ì“Œ,,1.0e-50,
2022/6/14 23:00,15.5,73,,0.0,,2.7,“ì“Œ,,1.0e-50,
2022/6/15 0:00,15.5,71,,0.0,,2.9,“ì“ì“Œ,,1.0e-50,
2022/6/15 1:00,15.3,71,,0.0,,2.9,“ì“ì“Œ,,1.0e-50,
2022/6/15 2:00,15.0,74,,0.0,,3.2,“ì“ì“Œ,,1.0e-50,
2022/6/15 3:00,15.0,78,,0.0,,2.5,“ì“ì“Œ,,1.0e-50,
2022/6/15 4:00,15.0,81,,0.0,,2.8,“ì“ì“Œ,,1.0e-50,
2022/6/15 5:00,15.3,83,,0.0,,3.0,“ì“ì“Œ,,0.01,
2022/6/15 6:00,16.1,84,,0.0,,3.2,“ì“ì“Œ,,0.01,
2022/6/15 7:00,17.2,76,,0.0,,4.2,“ì“ì“Œ,,0.01,
2022/6/15 8:00,18.1,73,,0.0,,4.2,“ì“ì“Œ,,0.01,
2022/6/15 9:00,18.3,73,,0.0,,4.4,“ì“ì“Œ,,0.01,
2022/6/15 10:00,19.3,69,,0.0,,5.0,“ì“ì“Œ,,0.01,
2022/6/15 11:00,19.6,67,,0.0,,5.2,“ì“ì“Œ,,0.01,
2022/6/15 12:00,18.4,74,,0.0,,4.6,“ì“ì“Œ,,0.01,
2022/6/15 13:00,19.2,70,,0.0,,4.9,“ì“ì“Œ,,0.01,
2022/6/15 14:00,18.8,70,,0.0,,5.0,“ì“ì“Œ,,0.01,
2022/6/15 15:00,17.2,80,,0.0,,4.2,“ì“ì“Œ,,0.01,
2022/6/15 16:00,17.4,76,,0.1,,3.8,“ì“ì“Œ,,0.01,
2022/6/15 17:00,16.6,78,,0.0,,4.1,“ì“ì“Œ,,0.01,
2022/6/15 18:00,16.5,81,,0.0,,3.3,“ì“ì“Œ,,0.01,
2022/6/15 19:00,15.9,82,,0.1,,3.5,“ì“ì“Œ,,0.01,
2022/6/15 20:00,15.7,83,,0.1,,3.5,“ì“Œ,,0.01,
2022/6/15 21:00,15.9,82,,0.0,,2.7,“ì“ì“Œ,,1.0e-50,
2022/6/15 22:00,15.6,83,,0.5,,2.5,“ì“Œ,,1.0e-50,
2022/6/15 23:00,15.1,85,,0.4,,1.5,“Œ“ì“Œ,,1.0e-50,
2022/6/16 0:00,15.0,89,,0.1,,1.3,“Œ“ì“Œ,,1.0e-50,
2022/6/16 1:00,14.6,93,,0.5,,1.2,“Œ–k“Œ,,1.0e-50,
2022/6/16 2:00,14.3,92,,0.1,,0.8,–k“Œ,,1.0e-50,
2022/6/16 3:00,14.4,86,,0.3,,1.0,–k–k“Œ,,1.0e-50,
2022/6/16 4:00,13.9,88,,1.0,,0.5,–k“Œ,,1.0e-50,
2022/6/16 5:00,13.5,91,,5.2,,1.2,–k–k“Œ,,0.01,
2022/6/16 6:00,14.0,90,,2.3,,1.7,–k–k¼,,0.01,
2022/6/16 7:00,14.3,88,,1.8,,1.9,–k–k¼,,0.01,
2022/6/16 8:00,14.6,86,,3.2,,2.2,–k,,0.01,
2022/6/16 9:00,15.2,81,,0.6,,2.2,–k–k¼,,0.01,
2022/6/16 10:00,16.2,76,,0.4,,2.7,–k,,0.01,
2022/6/16 11:00,17.8,69,,0.0,,2.9,–k–k¼,,0.01,
2022/6/16 12:00,17.5,67,,0.0,,3.0,–k–k¼,,0.01,
2022/6/16 13:00,17.9,65,,0.0,,3.5,–k–k¼,,0.01,
2022/6/16 14:00,18.2,63,,0.0,,3.3,–k–k¼,,0.01,
2022/6/16 15:00,16.9,71,,0.0,,2.5,–k¼,,0.01,
2022/6/16 16:00,16.3,74,,0.3,,2.9,–k–k¼,,0.01,
2022/6/16 17:00,15.4,75,,0.3,,2.6,–k–k¼,,0.01,
2022/6/16 18:00,15.7,71,,0.3,,2.9,–k–k¼,,0.01,
2022/6/16 19:00,15.2,71,,0.0,,2.7,–k–k¼,,0.01,
2022/6/16 20:00,14.6,70,,0.1,,3.2,–k,,0.01,
2022/6/16 21:00,14.4,69,,0.1,,3.5,–k–k¼,,1.0e-50,
2022/6/16 22:00,13.4,76,,0.4,,3.4,–k–k¼,,1.0e-50,
2022/6/16 23:00,12.9,77,,0.4,,3.0,–k–k¼,,1.0e-50,
2022/6/17 0:00,12.9,75,,0.4,,4.4,–k–k¼,,1.0e-50,
2022/6/17 1:00,12.0,80,,0.5,,4.1,–k–k¼,,1.0e-50,
2022/6/17 2:00,12.1,78,,0.3,,4.5,–k–k¼,,1.0e-50,
2022/6/17 3:00,12.3,75,,0.2,,5.5,–k–k¼,,1.0e-50,
2022/6/17 4:00,11.8,78,,0.4,,4.8,–k–k¼,,1.0e-50,
2022/6/17 5:00,11.7,83,,0.3,,4.6,–k–k¼,,0.01,
2022/6/17 6:00,12.0,76,,0.8,,5.3,–k–k¼,,0.01,
2022/6/17 7:00,11.6,81,,1.3,,4.6,–k–k¼,,0.01,
2022/6/17 8:00,11.8,79,,0.9,,4.8,–k–k¼,,0.01,
2022/6/17 9:00,12.1,75,,0.8,,5.0,–k–k¼,,0.01,
2022/6/17 10:00,11.8,80,,0.9,,4.4,–k–k¼,,0.01,
2022/6/17 11:00,11.8,79,,0.6,,4.5,–k–k¼,,0.01,
2022/6/17 12:00,12.5,70,,0.3,,4.8,–k¼,,0.01,
2022/6/17 13:00,12.8,68,,0.3,,4.4,–k¼,,0.01,
2022/6/17 14:00,13.0,67,,0.0,,4.2,–k¼,,0.01,
2022/6/17 15:00,13.0,67,,0.0,,4.5,–k¼,,0.01,
2022/6/17 16:00,13.2,64,,0.1,,4.5,–k¼,,0.01,
2022/6/17 17:00,12.9,59,,0.0,,4.5,–k¼,,0.01,
2022/6/17 18:00,12.3,61,,0.0,,4.0,–k¼,,0.01,
2022/6/17 19:00,11.7,63,,0.0,,2.8,–k¼,,0.01,
2022/6/17 20:00,11.2,65,,0.0,,2.1,–k¼,,0.01,
2022/6/17 21:00,11.3,63,,0.0,,3.0,–k¼,,1.0e-50,
2022/6/17 22:00,10.9,68,,0.0,,2.2,–k¼,,1.0e-50,
2022/6/17 23:00,10.7,69,,0.0,,1.5,–k–k¼,,1.0e-50,
2022/6/18 0:00,10.8,64,,0.0,,1.7,¼–k¼,,1.0e-50,
2022/6/18 1:00,10.5,65,,0.0,,1.1,–k–k¼,,1.0e-50,
2022/6/18 2:00,10.2,66,,0.0,,0.7,–k–k“Œ,,1.0e-50,
2022/6/18 3:00,10.3,61,,0.0,,1.1,“ì“ì¼,,1.0e-50,
2022/6/18 4:00,9.9,61,,0.0,,1.3,“Œ“ì“Œ,,1.0e-50,
2022/6/18 5:00,9.9,63,,0.0,,1.6,“ì“Œ,,0.01,
2022/6/18 6:00,11.6,61,,0.0,,1.4,“ì“Œ,,0.01,
2022/6/18 7:00,13.2,60,,0.0,,1.6,“Œ“ì“Œ,,0.01,
2022/6/18 8:00,15.1,57,,0.0,,1.8,“ì“Œ,,0.01,
2022/6/18 9:00,17.4,50,,0.0,,1.1,“ì“ì“Œ,,0.01,
2022/6/18 10:00,19.2,44,,0.0,,0.8,“ì“ì¼,,0.01,
2022/6/18 11:00,20.4,40,,0.0,,0.8,¼,,0.01,
2022/6/18 12:00,20.3,44,,0.0,,1.7,–k–k“Œ,,0.01,
2022/6/18 13:00,19.8,49,,0.0,,2.2,–k–k“Œ,,0.01,
2022/6/18 14:00,19.3,53,,0.4,,2.3,“Œ–k“Œ,,0.01,
2022/6/18 15:00,19.9,49,,0.4,,1.0,“Œ–k“Œ,,0.01,
2022/6/18 16:00,18.7,58,,0.2,,1.2,“Œ,,0.01,
2022/6/18 17:00,18.1,63,,0.4,,0.7,“Œ–k“Œ,,0.01,
2022/6/18 18:00,18.3,59,,0.0,,0.7,–k,,0.01,
2022/6/18 19:00,16.8,72,,0.1,,1.4,“Œ–k“Œ,,0.01,
2022/6/18 20:00,16.2,75,,0.0,,1.0,“Œ,,0.01,
2022/6/18 21:00,15.9,71,,0.0,,1.0,“ì“ì“Œ,,1.0e-50,
2022/6/18 22:00,15.3,69,,0.0,,1.3,“Œ“ì“Œ,,1.0e-50,
2022/6/18 23:00,14.9,66,,0.0,,1.2,“ì“Œ,,1.0e-50,
2022/6/19 0:00,14.5,69,,0.0,,1.3,“ì“ì“Œ,,1.0e-50,
2022/6/19 1:00,13.8,74,,0.0,,1.2,“Œ“ì“Œ,,1.0e-50,
2022/6/19 2:00,13.3,76,,0.0,,1.3,“Œ“ì“Œ,,1.0e-50,
2022/6/19 3:00,13.0,74,,0.0,,1.4,“ì“ì“Œ,,1.0e-50,
2022/6/19 4:00,12.2,78,,0.0,,1.5,“Œ“ì“Œ,,1.0e-50,
2022/6/19 5:00,12.3,76,,0.0,,1.5,“Œ“ì“Œ,,0.01,
2022/6/19 6:00,14.2,66,,0.0,,1.4,“ì“Œ,,0.01,
2022/6/19 7:00,16.3,58,,0.0,,1.8,“ì“Œ,,0.01,
2022/6/19 8:00,18.3,51,,0.0,,2.0,“ì“Œ,,0.01,
2022/6/19 9:00,19.6,46,,0.0,,1.7,“ì“Œ,,0.01,
2022/6/19 10:00,20.9,43,,0.0,,2.3,“ì“Œ,,0.01,
2022/6/19 11:00,21.7,40,,0.0,,2.6,“ì“Œ,,0.01,
2022/6/19 12:00,21.5,43,,0.0,,1.7,“Œ“ì“Œ,,0.01,
2022/6/19 13:00,22.1,42,,0.0,,2.2,“ì“Œ,,0.01,
2022/6/19 14:00,22.5,41,,0.0,,2.2,“ì“Œ,,0.01,
2022/6/19 15:00,22.5,43,,0.0,,1.7,“ì“Œ,,0.01,
2022/6/19 16:00,22.6,43,,0.0,,2.5,“ì“Œ,,0.01,
2022/6/19 17:00,22.1,44,,0.0,,2.4,“ì“ì“Œ,,0.01,
2022/6/19 18:00,21.1,49,,0.0,,1.9,“ì“Œ,,0.01,
2022/6/19 19:00,19.5,55,,0.0,,1.6,“ì“Œ,,0.01,
2022/6/19 20:00,18.4,59,,0.0,,1.0,“Œ“ì“Œ,,0.01,
2022/6/19 21:00,17.5,63,,0.0,,0.8,“ì“ì“Œ,,1.0e-50,
2022/6/19 22:00,16.5,63,,0.0,,1.1,“Œ“ì“Œ,,1.0e-50,
2022/6/19 23:00,15.8,65,,0.0,,1.0,“Œ“ì“Œ,,1.0e-50,
2022/6/20 0:00,15.6,67,,0.0,,0.9,“ì“ì“Œ,,1.0e-50,
2022/6/20 1:00,14.7,71,,0.0,,1.2,“Œ“ì“Œ,,1.0e-50,
2022/6/20 2:00,14.0,75,,0.0,,1.1,“Œ“ì“Œ,,1.0e-50,
2022/6/20 3:00,14.0,78,,0.0,,0.9,“ì“ì“Œ,,1.0e-50,
2022/6/20 4:00,13.2,82,,0.0,,1.1,“Œ,,1.0e-50,
2022/6/20 5:00,13.5,82,,0.0,,1.0,“Œ,,0.01,
2022/6/20 6:00,15.4,77,,0.0,,0.7,“ì“Œ,,0.01,
2022/6/20 7:00,17.2,69,,0.0,,1.1,“Œ“ì“Œ,,0.01,
2022/6/20 8:00,19.3,60,,0.0,,1.7,“Œ“ì“Œ,,0.01,
2022/6/20 9:00,20.3,57,,0.0,,1.7,“Œ“ì“Œ,,0.01,
2022/6/20 10:00,22.1,51,,0.0,,2.2,“Œ“ì“Œ,,0.01,
2022/6/20 11:00,23.2,47,,0.0,,2.5,“Œ“ì“Œ,,0.01,
2022/6/20 12:00,24.3,45,,0.0,,2.3,“ì“Œ,,0.01,
2022/6/20 13:00,24.6,44,,0.0,,2.6,“ì“ì“Œ,,0.01,
2022/6/20 14:00,24.1,46,,0.3,,1.8,“ì,,0.01,
2022/6/20 15:00,23.2,50,,0.2,,1.6,–k¼,,0.01,
2022/6/20 16:00,20.8,58,,0.0,,2.8,–k–k¼,,0.01,
2022/6/20 17:00,19.8,64,,0.0,,2.1,–k–k¼,,0.01,
2022/6/20 18:00,19.0,71,,0.0,,1.3,–k,,0.01,
2022/6/20 19:00,18.3,77,,0.0,,0.9,–k,,0.01,
2022/6/20 20:00,17.6,82,,0.0,,0.6,–k–k“Œ,,0.01,
2022/6/20 21:00,17.7,80,,0.0,,0.7,“ì“Œ,,1.0e-50,
2022/6/20 22:00,17.1,82,,0.0,,1.1,“Œ,,1.0e-50,
2022/6/20 23:00,16.7,78,,0.0,,1.2,“ì“Œ,,1.0e-50,
2022/6/21 0:00,16.8,69,,0.0,,1.7,“ì“ì“Œ,,1.0e-50,
2022/6/21 1:00,16.1,74,,0.0,,1.9,“ì“Œ,,1.0e-50,
2022/6/21 2:00,15.8,77,,0.0,,2.0,“ì“Œ,,1.0e-50,
2022/6/21 3:00,15.1,81,,0.0,,2.2,“ì“Œ,,1.0e-50,
2022/6/21 4:00,14.6,87,,0.0,,2.3,“ì“Œ,,1.0e-50,
2022/6/21 5:00,14.9,85,,0.0,,2.8,“ì“Œ,,0.01,
2022/6/21 6:00,15.8,86,,0.0,,2.7,“ì“ì“Œ,,0.01,
2022/6/21 7:00,16.7,80,,0.0,,2.7,“ì“Œ,,0.01,
2022/6/21 8:00,17.3,76,,0.0,,2.9,“ì“Œ,,0.01,
2022/6/21 9:00,17.8,75,,0.0,,3.5,“ì“ì“Œ,,0.01,
2022/6/21 10:00,18.7,71,,0.0,,3.3,“ì“ì“Œ,,0.01,
2022/6/21 11:00,19.3,67,,0.0,,3.5,“ì“ì“Œ,,0.01,
2022/6/21 12:00,17.7,77,,0.0,,3.9,“ì“ì“Œ,,0.01,
2022/6/21 13:00,17.6,77,,0.1,,3.0,“ì“ì“Œ,,0.01,
2022/6/21 14:00,17.9,75,,1.0,,3.1,“ì“ì“Œ,,0.01,
2022/6/21 15:00,17.9,74,,0.6,,3.8,“ì“ì“Œ,,0.01,
2022/6/21 16:00,17.6,75,,0.0,,3.1,“ì“ì“Œ,,0.01,
2022/6/21 17:00,17.4,76,,0.0,,2.9,“ì“ì“Œ,,0.01,
2022/6/21 18:00,16.7,81,,0.0,,3.1,“ì“ì“Œ,,0.01,
2022/6/21 19:00,15.9,85,,1.9,,2.5,“ì“Œ,,0.01,
2022/6/21 20:00,15.7,83,,1.1,,2.5,“ì“Œ,,0.01,
2022/6/21 21:00,16.1,82,,0.1,,3.0,“ì“ì“Œ,,1.0e-50,
2022/6/21 22:00,15.9,84,,0.0,,2.6,“ì“Œ,,1.0e-50,
2022/6/21 23:00,15.8,84,,0.1,,2.7,“ì“ì“Œ,,1.0e-50,
2022/6/22 0:00,16.0,86,,0.2,,3.3,“ì“ì“Œ,,1.0e-50,
2022/6/22 1:00,16.1,83,,0.0,,3.0,“ì“ì“Œ,,1.0e-50,
2022/6/22 2:00,16.1,85,,0.8,,3.0,“ì“ì“Œ,,1.0e-50,
2022/6/22 3:00,15.9,90,,0.0,,3.1,“ì“ì“Œ,,1.0e-50,
2022/6/22 4:00,16.0,88,,0.3,,2.4,“ì“ì“Œ,,1.0e-50,
2022/6/22 5:00,16.2,85,,0.0,,2.5,“ì“ì“Œ,,0.01,
2022/6/22 6:00,16.4,90,,0.0,,3.2,“ì“ì“Œ,,0.01,
2022/6/22 7:00,16.8,86,,0.3,,2.5,“ì“ì“Œ,,0.01,
2022/6/22 8:00,17.2,84,,0.7,,2.7,“ì“ì“Œ,,0.01,
2022/6/22 9:00,17.4,83,,0.0,,2.7,“ì“ì“Œ,,0.01,
2022/6/22 10:00,18.1,81,,0.2,,2.8,“ì“ì“Œ,,0.01,
2022/6/22 11:00,18.0,81,,1.3,,3.1,“ì“ì“Œ,,0.01,
2022/6/22 12:00,17.5,81,,0.3,,2.9,“ì“ì“Œ,,0.01,
2022/6/22 13:00,17.5,82,,4.4,,2.4,“ì“ì“Œ,,0.01,
2022/6/22 14:00,17.3,84,,3.1,,2.0,“ì“Œ,,0.01,
2022/6/22 15:00,17.4,83,,1.0,,2.7,“ì“Œ,,0.01,
2022/6/22 16:00,17.2,84,,1.3,,2.5,“ì“ì“Œ,,0.01,
2022/6/22 17:00,16.8,87,,1.4,,1.9,“ì“Œ,,0.01,
2022/6/22 18:00,16.8,86,,1.9,,1.9,“ì“Œ,,0.01,
2022/6/22 19:00,16.4,90,,2.7,,1.7,“ì“Œ,,0.01,
2022/6/22 20:00,16.4,88,,1.8,,2.2,“ì“Œ,,0.01,
2022/6/22 21:00,16.7,84,,0.5,,2.9,“ì“ì“Œ,,1.0e-50,
2022/6/22 22:00,16.3,87,,1.1,,3.0,“ì“Œ,,1.0e-50,
2022/6/22 23:00,16.3,86,,0.1,,3.1,“ì“ì“Œ,,1.0e-50,
2022/6/23 0:00,16.4,83,,0.0,,3.4,“ì“ì“Œ,,1.0e-50,
2022/6/23 1:00,16.0,83,,0.0,,3.0,“ì“ì“Œ,,1.0e-50,
2022/6/23 2:00,15.8,80,,0.0,,2.7,“ì“ì“Œ,,1.0e-50,
2022/6/23 3:00,15.8,78,,0.0,,2.6,“ì“ì“Œ,,1.0e-50,
2022/6/23 4:00,15.6,75,,0.0,,2.3,“ì“ì“Œ,,1.0e-50,
2022/6/23 5:00,14.9,79,,0.5,,1.9,“ì“ì“Œ,,0.01,
2022/6/23 6:00,15.3,77,,0.2,,2.0,“ì“ì“Œ,,0.01,
2022/6/23 7:00,15.2,80,,2.0,,1.8,“ì“ì“Œ,,0.01,
2022/6/23 8:00,16.0,75,,0.3,,1.6,“ì“ì“Œ,,0.01,
2022/6/23 9:00,16.8,68,,0.0,,2.3,“ì“Œ,,0.01,
2022/6/23 10:00,18.0,64,,0.1,,2.1,“ì“Œ,,0.01,
2022/6/23 11:00,19.7,55,,0.0,,2.2,“ì“Œ,,0.01,
2022/6/23 12:00,21.1,46,,0.0,,2.4,“ì“ì“Œ,,0.01,
2022/6/23 13:00,22.2,44,,0.0,,2.3,“ì“ì“Œ,,0.01,
2022/6/23 14:00,22.8,43,,0.0,,1.9,“ì,,0.01,
2022/6/23 15:00,23.5,42,,0.0,,1.5,“Œ,,0.01,
2022/6/23 16:00,23.5,42,,0.0,,1.4,“Œ,,0.01,
2022/6/23 17:00,22.7,47,,0.0,,1.0,–k–k¼,,0.01,
2022/6/23 18:00,21.4,54,,0.0,,1.3,–k–k¼,,0.01,
2022/6/23 19:00,19.3,63,,0.0,,1.3,–k–k¼,,0.01,
2022/6/23 20:00,18.4,66,,0.0,,1.1,–k,,0.01,
2022/6/23 21:00,17.6,69,,0.0,,0.5,–k–k“Œ,,1.0e-50,
2022/6/23 22:00,16.5,73,,0.0,,1.0,“Œ–k“Œ,,1.0e-50,
2022/6/23 23:00,15.7,75,,0.0,,0.9,–k“Œ,,1.0e-50,
2022/6/24 0:00,15.6,73,,0.0,,0.5,“ì,,1.0e-50,
2022/6/24 1:00,14.7,77,,0.0,,1.0,“Œ,,1.0e-50,
2022/6/24 2:00,14.0,80,,0.0,,1.0,–k“Œ,,1.0e-50,
2022/6/24 3:00,13.9,76,,0.0,,0.2,¼–k¼,,1.0e-50,
2022/6/24 4:00,13.0,83,,0.0,,1.0,“Œ–k“Œ,,1.0e-50,
2022/6/24 5:00,13.1,84,,0.0,,0.7,“Œ–k“Œ,,0.01,
2022/6/24 6:00,15.5,69,,0.0,,0.3,“Œ,,0.01,
2022/6/24 7:00,17.1,63,,0.0,,1.0,“Œ,,0.01,
2022/6/24 8:00,18.7,60,,0.0,,1.1,“Œ,,0.01,
2022/6/24 9:00,20.4,56,,0.0,,1.1,“Œ–k“Œ,,0.01,
2022/6/24 10:00,21.9,50,,0.0,,1.1,–k“Œ,,0.01,
2022/6/24 11:00,23.2,46,,0.0,,1.1,“Œ–k“Œ,,0.01,
2022/6/24 12:00,24.0,45,,0.0,,1.5,–k“Œ,,0.01,
2022/6/24 13:00,24.5,44,,0.0,,1.9,–k–k“Œ,,0.01,
2022/6/24 14:00,23.7,44,,0.0,,2.7,–k–k¼,,0.01,
2022/6/24 15:00,23.5,46,,0.0,,2.1,–k,,0.01,
2022/6/24 16:00,22.5,48,,0.0,,2.0,–k,,0.01,
2022/6/24 17:00,21.6,51,,0.0,,1.6,–k,,0.01,
2022/6/24 18:00,21.2,55,,0.0,,1.1,“Œ“ì“Œ,,0.01,
2022/6/24 19:00,19.8,61,,0.0,,1.3,“Œ“ì“Œ,,0.01,
2022/6/24 20:00,18.4,65,,0.0,,1.3,“Œ“ì“Œ,,0.01,
2022/6/24 21:00,17.5,69,,0.0,,1.1,“Œ“ì“Œ,,1.0e-50,
2022/6/24 22:00,16.4,73,,0.0,,1.3,“Œ“ì“Œ,,1.0e-50,
2022/6/24 23:00,15.9,75,,0.0,,1.0,“Œ,,1.0e-50,
2022/6/25 0:00,16.1,76,,0.0,,0.7,“ì“Œ,,1.0e-50,
2022/6/25 1:00,15.4,78,,0.0,,0.9,“Œ,,1.0e-50,
2022/6/25 2:00,14.8,80,,0.0,,1.1,“Œ–k“Œ,,1.0e-50,
2022/6/25 3:00,14.9,77,,0.0,,0.7,“ì“ì“Œ,,1.0e-50,
2022/6/25 4:00,13.9,81,,0.0,,1.2,“Œ,,1.0e-50,
2022/6/25 5:00,13.9,82,,0.0,,1.0,“Œ–k“Œ,,0.01,
2022/6/25 6:00,16.1,73,,0.0,,0.9,“ì“Œ,,0.01,
2022/6/25 7:00,17.6,67,,0.0,,1.2,“Œ“ì“Œ,,0.01,
2022/6/25 8:00,19.0,61,,0.0,,1.3,“Œ,,0.01,
2022/6/25 9:00,20.8,56,,0.0,,1.3,“Œ,,0.01,
2022/6/25 10:00,22.3,51,,0.0,,1.6,“Œ,,0.01,
2022/6/25 11:00,23.5,48,,0.0,,1.4,“Œ–k“Œ,,0.01,
2022/6/25 12:00,23.6,51,,0.0,,1.2,–k“Œ,,0.01,
2022/6/25 13:00,23.7,51,,0.0,,2.2,–k,,0.01,
2022/6/25 14:00,22.8,55,,0.0,,2.2,–k,,0.01,
2022/6/25 15:00,23.5,54,,0.0,,1.5,–k–k“Œ,,0.01,
2022/6/25 16:00,23.0,56,,0.0,,1.6,–k,,0.01,
2022/6/25 17:00,21.8,60,,0.0,,2.0,–k,,0.01,
2022/6/25 18:00,20.9,65,,0.0,,2.0,–k–k¼,,0.01,
2022/6/25 19:00,19.1,74,,0.0,,1.4,–k,,0.01,
2022/6/25 20:00,18.4,78,,0.0,,0.8,–k“Œ,,0.01,
2022/6/25 21:00,17.9,81,,0.0,,0.9,“Œ“ì“Œ,,1.0e-50,
2022/6/25 22:00,16.9,85,,0.0,,1.2,“Œ“ì“Œ,,1.0e-50,
2022/6/25 23:00,16.1,86,,0.0,,1.2,“Œ“ì“Œ,,1.0e-50,
2022/6/26 0:00,16.1,83,,0.0,,1.2,“ì“ì“Œ,,1.0e-50,
2022/6/26 1:00,14.9,88,,0.0,,1.2,“Œ“ì“Œ,,1.0e-50,
2022/6/26 2:00,14.3,90,,0.0,,1.1,“Œ“ì“Œ,,1.0e-50,
2022/6/26 3:00,14.2,88,,0.0,,0.9,“ì“Œ,,1.0e-50,
2022/6/26 4:00,13.2,94,,0.0,,1.0,“Œ–k“Œ,,1.0e-50,
2022/6/26 5:00,13.3,93,,0.0,,0.8,“Œ,,0.01,
2022/6/26 6:00,16.1,79,,0.0,,1.3,“ì“Œ,,0.01,
2022/6/26 7:00,18.1,73,,0.0,,1.5,“Œ“ì“Œ,,0.01,
2022/6/26 8:00,19.7,67,,0.0,,1.0,“Œ,,0.01,
2022/6/26 9:00,21.5,59,,0.0,,1.3,“Œ,,0.01,
2022/6/26 10:00,23.3,54,,0.0,,1.6,“Œ–k“Œ,,0.01,
2022/6/26 11:00,24.6,50,,0.0,,1.5,“Œ–k“Œ,,0.01,
2022/6/26 12:00,25.3,50,,0.0,,1.5,“Œ,,0.01,
2022/6/26 13:00,26.3,48,,0.0,,1.5,“Œ–k“Œ,,0.01,
2022/6/26 14:00,26.0,48,,0.0,,1.7,–k,,0.01,
2022/6/26 15:00,25.6,51,,0.0,,1.2,–k–k“Œ,,0.01,
2022/6/26 16:00,24.3,53,,0.0,,2.3,–k–k¼,,0.01,
2022/6/26 17:00,22.0,60,,0.0,,2.4,–k–k¼,,0.01,
2022/6/26 18:00,21.5,62,,0.0,,1.8,–k,,0.01,
2022/6/26 19:00,20.1,68,,0.0,,1.1,–k,,0.01,
2022/6/26 20:00,19.1,72,,0.0,,0.8,–k–k“Œ,,0.01,
2022/6/26 21:00,18.6,75,,0.0,,0.9,–k,,1.0e-50,
2022/6/26 22:00,17.3,80,,0.0,,1.0,“Œ–k“Œ,,1.0e-50,
2022/6/26 23:00,16.6,83,,0.0,,1.0,“Œ“ì“Œ,,1.0e-50,
2022/6/27 0:00,16.8,82,,0.0,,1.5,“ì“ì“Œ,,1.0e-50,
2022/6/27 1:00,15.8,89,,0.0,,1.1,“Œ“ì“Œ,,1.0e-50,
2022/6/27 2:00,15.6,90,,0.0,,1.1,“Œ“ì“Œ,,1.0e-50,
2022/6/27 3:00,15.8,86,,0.0,,1.3,“ì“Œ,,1.0e-50,
2022/6/27 4:00,15.0,91,,0.0,,0.9,“Œ–k“Œ,,1.0e-50,
2022/6/27 5:00,15.0,91,,0.0,,1.0,–k“Œ,,0.01,
2022/6/27 6:00,16.5,81,,0.0,,0.9,“Œ“ì“Œ,,0.01,
2022/6/27 7:00,18.4,71,,0.0,,1.3,“Œ,,0.01,
2022/6/27 8:00,19.9,64,,0.0,,1.5,“Œ,,0.01,
2022/6/27 9:00,22.0,55,,0.0,,0.9,–k“Œ,,0.01,
2022/6/27 10:00,23.5,51,,0.0,,1.5,–k“Œ,,0.01,
2022/6/27 11:00,24.1,50,,0.0,,1.7,–k–k“Œ,,0.01,
2022/6/27 12:00,22.9,57,,0.0,,2.1,–k,,0.01,
2022/6/27 13:00,22.5,59,,0.0,,2.6,–k,,0.01,
2022/6/27 14:00,20.4,69,,0.0,,3.2,–k–k¼,,0.01,
2022/6/27 15:00,20.0,71,,0.0,,2.5,–k–k¼,,0.01,
2022/6/27 16:00,18.6,77,,0.0,,2.7,–k–k¼,,0.01,
2022/6/27 17:00,17.7,80,,0.0,,2.3,–k–k¼,,0.01,
2022/6/27 18:00,17.9,79,,0.0,,1.7,–k,,0.01,
2022/6/27 19:00,16.8,84,,0.0,,1.9,–k–k¼,,0.01,
2022/6/27 20:00,16.2,86,,0.0,,1.5,–k–k¼,,0.01,
2022/6/27 21:00,16.6,85,,0.0,,1.0,–k,,1.0e-50,
2022/6/27 22:00,16.0,88,,0.0,,0.9,–k,,1.0e-50,
2022/6/27 23:00,15.6,89,,0.0,,0.6,–k–k“Œ,,1.0e-50,
2022/6/28 0:00,15.7,89,,0.0,,0.3,–k,,1.0e-50,
2022/6/28 1:00,15.4,91,,0.0,,0.6,–k,,1.0e-50,
2022/6/28 2:00,15.2,92,,0.0,,0.6,–k–k¼,,1.0e-50,
2022/6/28 3:00,15.7,85,,0.0,,0.9,“ì,,1.0e-50,
2022/6/28 4:00,15.1,90,,0.0,,1.0,–k“Œ,,1.0e-50,
2022/6/28 5:00,15.2,91,,0.0,,0.8,“Œ–k“Œ,,0.01,
2022/6/28 6:00,16.8,82,,0.0,,0.8,“Œ“ì“Œ,,0.01,
2022/6/28 7:00,18.2,78,,0.0,,1.1,“Œ“ì“Œ,,0.01,
2022/6/28 8:00,19.7,69,,0.0,,0.7,“Œ,,0.01,
2022/6/28 9:00,20.2,68,,0.0,,1.3,“Œ–k“Œ,,0.01,
2022/6/28 10:00,21.4,62,,0.0,,1.5,“Œ–k“Œ,,0.01,
2022/6/28 11:00,22.5,56,,0.0,,1.6,“Œ,,0.01,
2022/6/28 12:00,21.9,60,,0.0,,1.7,“Œ,,0.01,
2022/6/28 13:00,22.8,55,,0.0,,2.4,“Œ“ì“Œ,,0.01,
2022/6/28 14:00,23.1,52,,0.0,,2.0,“ì“Œ,,0.01,
2022/6/28 15:00,22.4,54,,0.0,,1.4,“Œ,,0.01,
2022/6/28 16:00,21.9,57,,0.0,,1.2,“Œ–k“Œ,,0.01,
2022/6/28 17:00,20.8,61,,0.0,,0.9,–k“Œ,,0.01,
2022/6/28 18:00,20.4,61,,0.0,,1.7,“Œ“ì“Œ,,0.01,
2022/6/28 19:00,19.0,66,,0.0,,1.2,“Œ“ì“Œ,,0.01,
2022/6/28 20:00,18.0,70,,0.0,,0.6,“Œ,,0.01,
2022/6/28 21:00,16.9,71,,0.0,,1.8,“ì“Œ,,1.0e-50,
2022/6/28 22:00,16.2,72,,0.0,,1.9,“ì“Œ,,1.0e-50,
2022/6/28 23:00,15.9,72,,0.0,,1.8,“ì“Œ,,1.0e-50,
2022/6/29 0:00,15.9,70,,0.0,,2.4,“ì“Œ,,1.0e-50,
2022/6/29 1:00,15.7,68,,0.0,,2.4,“ì“Œ,,1.0e-50,
2022/6/29 2:00,15.3,65,,0.0,,2.4,“ì“ì“Œ,,1.0e-50,
2022/6/29 3:00,15.1,62,,0.0,,2.5,“ì“Œ,,1.0e-50,
2022/6/29 4:00,15.0,58,,0.0,,2.5,“ì“Œ,,1.0e-50,
2022/6/29 5:00,14.7,56,,0.0,,2.7,“ì“Œ,,0.01,
2022/6/29 6:00,15.2,54,,0.0,,2.8,“ì“ì“Œ,,0.01,
2022/6/29 7:00,16.1,50,,0.0,,3.1,“ì“ì“Œ,,0.01,
2022/6/29 8:00,16.5,47,,0.0,,3.5,“ì“ì“Œ,,0.01,
2022/6/29 9:00,17.3,48,,0.0,,3.6,“ì“ì“Œ,,0.01,
2022/6/29 10:00,17.7,47,,0.0,,4.0,“ì“ì“Œ,,0.01,
2022/6/29 11:00,17.6,48,,0.0,,3.9,“ì“ì“Œ,,0.01,
2022/6/29 12:00,17.9,51,,0.0,,3.6,“ì“ì“Œ,,0.01,
2022/6/29 13:00,17.9,55,,0.0,,3.8,“ì“Œ,,0.01,
2022/6/29 14:00,17.1,62,,0.0,,4.0,“ì“ì“Œ,,0.01,
2022/6/29 15:00,17.4,64,,0.0,,3.3,“ì“Œ,,0.01,
2022/6/29 16:00,16.8,68,,0.0,,3.4,“ì“Œ,,0.01,
2022/6/29 17:00,16.2,71,,0.0,,3.4,“ì“Œ,,0.01,
2022/6/29 18:00,15.6,75,,0.0,,3.2,“ì“ì“Œ,,0.01,
2022/6/29 19:00,15.3,76,,0.0,,3.1,“ì“ì“Œ,,0.01,
2022/6/29 20:00,14.9,76,,0.0,,3.3,“ì“Œ,,0.01,
2022/6/29 21:00,15.1,74,,0.0,,2.9,“ì“Œ,,1.0e-50,
2022/6/29 22:00,14.8,76,,0.0,,3.3,“ì“Œ,,1.0e-50,
2022/6/29 23:00,14.5,78,,0.0,,3.4,“ì“Œ,,1.0e-50,
2022/6/30 0:00,14.7,78,,0.1,,3.0,“ì“ì“Œ,,1.0e-50,
2022/6/30 1:00,14.6,78,,0.0,,3.0,“ì“Œ,,1.0e-50,
2022/6/30 2:00,14.4,79,,0.0,,3.0,“ì“Œ,,1.0e-50,
2022/6/30 3:00,14.6,81,,0.0,,3.1,“ì“ì“Œ,,1.0e-50,
2022/6/30 4:00,14.8,80,,0.0,,3.1,“ì“ì“Œ,,1.0e-50,
2022/6/30 5:00,14.8,80,,0.0,,2.9,“ì“ì“Œ,,0.01,
2022/6/30 6:00,15.7,79,,0.0,,3.1,“ì“ì“Œ,,0.01,
2022/6/30 7:00,16.6,74,,0.0,,3.4,“ì“ì“Œ,,0.01,
2022/6/30 8:00,17.5,70,,0.0,,3.6,“ì“ì“Œ,,0.01,
2022/6/30 9:00,18.7,66,,0.0,,4.1,“ì“ì“Œ,,0.01,
2022/6/30 10:00,19.0,63,,0.0,,4.1,“ì“ì“Œ,,0.01,
2022/6/30 11:00,19.7,61,,0.0,,4.0,“ì“ì“Œ,,0.01,
2022/6/30 12:00,18.7,64,,0.0,,4.0,“ì“ì“Œ,,0.01,
2022/6/30 13:00,18.8,64,,0.0,,4.0,“ì“ì“Œ,,0.01,
2022/6/30 14:00,19.0,64,,0.0,,3.6,“ì“ì“Œ,,0.01,
2022/6/30 15:00,18.4,68,,0.0,,3.8,“ì,,0.01,
2022/6/30 16:00,18.2,69,,0.0,,3.6,“ì,,0.01,
2022/6/30 17:00,17.6,70,,0.0,,3.3,“ì“ì“Œ,,0.01,
2022/6/30 18:00,17.1,74,,0.0,,3.2,“ì,,0.01,
2022/6/30 19:00,16.7,77,,0.1,,2.0,“ì“ì“Œ,,0.01,
2022/6/30 20:00,16.5,77,,0.0,,1.6,“ì“ì“Œ,,0.01,
2022/6/30 21:00,16.9,78,,0.0,,1.7,“ì,,1.0e-50,
2022/6/30 22:00,16.9,78,,0.0,,1.2,“ì“ì“Œ,,1.0e-50,
2022/6/30 23:00,16.8,79,,0.0,,1.0,“ì“ì“Œ,,1.0e-50,
2022/7/1 0:00,16.8,80,,0.0,,0.6,“ì“ì“Œ,,1.0e-50,
2022/7/1 1:00,16.6,82,,0.0,,0.6,“ì“ì“Œ,,1.0e-50,
2022/7/1 2:00,16.4,84,,0.0,,0.2,“ì“ì“Œ,,1.0e-50,
2022/7/1 3:00,16.4,86,,0.0,,0.2,“ì¼,,1.0e-50,
2022/7/1 4:00,16.3,88,,0.0,,0.4,¼,,1.0e-50,
2022/7/1 5:00,16.5,88,,0.0,,0.6,–k–k¼,,0.01,
2022/7/1 6:00,17.4,85,,0.0,,1.2,–k–k¼,,0.01,
2022/7/1 7:00,18.7,79,,0.0,,1.3,–k–k¼,,0.01,
2022/7/1 8:00,19.7,74,,0.0,,1.7,–k,,0.01,
2022/7/1 9:00,20.6,72,,0.0,,2.5,–k–k¼,,0.01,
2022/7/1 10:00,21.4,70,,0.0,,2.4,–k–k¼,,0.01,
2022/7/1 11:00,22.5,65,,0.0,,2.5,–k–k¼,,0.01,
2022/7/1 12:00,23.5,61,,0.0,,3.0,–k–k¼,,0.01,
2022/7/1 13:00,23.9,59,,0.0,,3.3,–k–k¼,,0.01,
2022/7/1 14:00,23.9,59,,0.0,,3.4,–k–k¼,,0.01,
2022/7/1 15:00,23.6,60,,0.0,,3.3,–k–k¼,,0.01,
2022/7/1 16:00,22.7,62,,0.0,,3.5,–k–k¼,,0.01,
2022/7/1 17:00,21.4,67,,0.0,,3.6,–k–k¼,,0.01,
2022/7/1 18:00,20.8,67,,0.0,,3.1,–k¼,,0.01,
2022/7/1 19:00,18.9,74,,0.0,,3.0,–k–k¼,,0.01,
2022/7/1 20:00,17.8,79,,0.0,,2.7,–k–k¼,,0.01,
2022/7/1 21:00,17.4,79,,0.0,,2.3,–k¼,,1.0e-50,
2022/7/1 22:00,16.9,82,,0.0,,1.7,–k–k¼,,1.0e-50,
2022/7/1 23:00,16.3,83,,0.0,,1.1,–k–k¼,,1.0e-50,
2022/7/2 0:00,16.1,79,,0.0,,1.3,–k¼,,1.0e-50,
2022/7/2 1:00,15.9,77,,0.0,,1.4,–k¼,,1.0e-50,
2022/7/2 2:00,15.2,79,,0.0,,0.9,¼–k¼,,1.0e-50,
2022/7/2 3:00,15.0,75,,0.0,,1.2,–k¼,,1.0e-50,
2022/7/2 4:00,15.1,85,,0.0,,1.4,–k–k¼,,1.0e-50,
2022/7/2 5:00,15.4,85,,0.0,,1.3,–k¼,,0.01,
2022/7/2 6:00,16.9,77,,0.0,,1.2,–k–k¼,,0.01,
2022/7/2 7:00,18.7,72,,0.0,,1.6,–k–k¼,,0.01,
2022/7/2 8:00,20.4,64,,0.0,,2.0,–k–k¼,,0.01,
2022/7/2 9:00,21.6,61,,0.0,,1.9,–k,,0.01,
2022/7/2 10:00,23.2,55,,0.0,,1.5,–k,,0.01,
2022/7/2 11:00,24.7,50,,0.0,,1.7,–k,,0.01,
2022/7/2 12:00,24.5,52,,0.0,,3.4,–k–k¼,,0.01,
2022/7/2 13:00,23.3,57,,0.0,,3.6,–k–k¼,,0.01,
2022/7/2 14:00,22.9,58,,0.0,,3.0,–k–k¼,,0.01,
2022/7/2 15:00,24.3,54,,0.0,,1.8,–k–k¼,,0.01,
2022/7/2 16:00,24.5,53,,0.0,,1.1,–k,,0.01,
2022/7/2 17:00,24.1,56,,0.0,,1.3,–k,,0.01,
2022/7/2 18:00,23.3,60,,0.0,,1.1,“Œ–k“Œ,,0.01,
2022/7/2 19:00,21.7,67,,0.0,,1.3,“Œ“ì“Œ,,0.01,
2022/7/2 20:00,20.3,71,,0.0,,1.3,“ì“Œ,,0.01,
2022/7/2 21:00,19.2,75,,0.0,,1.8,“ì“Œ,,1.0e-50,
2022/7/2 22:00,18.6,75,,0.0,,2.1,“ì“Œ,,1.0e-50,
2022/7/2 23:00,18.3,74,,0.0,,2.1,“ì“Œ,,1.0e-50,
2022/7/3 0:00,17.7,74,,0.0,,1.8,“ì“Œ,,1.0e-50,
2022/7/3 1:00,17.3,73,,0.0,,1.8,“ì“Œ,,1.0e-50,
2022/7/3 2:00,16.8,73,,0.0,,1.6,“ì“Œ,,1.0e-50,
2022/7/3 3:00,16.5,71,,0.0,,2.0,“ì“ì“Œ,,1.0e-50,
2022/7/3 4:00,16.4,69,,0.0,,2.1,“ì“ì“Œ,,1.0e-50,
2022/7/3 5:00,16.5,71,,0.0,,1.9,“ì“ì“Œ,,0.01,
2022/7/3 6:00,17.4,72,,0.0,,2.5,“ì“Œ,,0.01,
2022/7/3 7:00,19.1,67,,0.0,,3.0,“ì“Œ,,0.01,
2022/7/3 8:00,20.5,63,,0.0,,3.4,“ì“Œ,,0.01,
2022/7/3 9:00,21.6,60,,0.0,,3.0,“ì“Œ,,0.01,
2022/7/3 10:00,22.7,58,,0.0,,3.0,“ì“Œ,,0.01,
2022/7/3 11:00,23.4,57,,0.0,,3.1,“ì“Œ,,0.01,
2022/7/3 12:00,23.5,58,,0.0,,3.3,“ì“Œ,,0.01,
2022/7/3 13:00,24.4,55,,0.0,,3.5,“ì“Œ,,0.01,
2022/7/3 14:00,25.2,53,,0.0,,3.6,“ì“Œ,,0.01,
2022/7/3 15:00,25.7,54,,0.0,,3.6,“ì“Œ,,0.01,
2022/7/3 16:00,25.3,57,,0.0,,3.1,“ì“Œ,,0.01,
2022/7/3 17:00,24.3,62,,0.0,,3.0,“ì“Œ,,0.01,
2022/7/3 18:00,22.9,68,,0.0,,3.0,“ì“Œ,,0.01,
2022/7/3 19:00,21.9,72,,0.0,,2.3,“ì“ì“Œ,,0.01,
2022/7/3 20:00,21.2,74,,0.0,,2.1,“ì“Œ,,0.01,
2022/7/3 21:00,20.9,76,,0.0,,2.6,“ì“Œ,,1.0e-50,
2022/7/3 22:00,20.4,81,,0.0,,2.8,“ì“Œ,,1.0e-50,
2022/7/3 23:00,20.1,84,,0.0,,2.8,“ì“Œ,,1.0e-50,
2022/7/4 0:00,19.9,86,,0.0,,2.5,“ì“Œ,,1.0e-50,
2022/7/4 1:00,19.7,88,,0.0,,2.5,“ì“Œ,,1.0e-50,
2022/7/4 2:00,19.8,90,,0.0,,2.7,“ì“ì“Œ,,1.0e-50,
2022/7/4 3:00,19.4,91,,0.0,,2.5,“ì“Œ,,1.0e-50,
2022/7/4 4:00,19.5,91,,0.0,,2.8,“ì“ì“Œ,,1.0e-50,
2022/7/4 5:00,19.8,90,,0.0,,2.9,“ì“ì“Œ,,0.01,
2022/7/4 6:00,19.8,88,,0.6,,2.6,“ì“ì“Œ,,0.01,
2022/7/4 7:00,20.0,87,,1.9,,3.2,“ì“Œ,,0.01,
2022/7/4 8:00,20.2,87,,1.7,,4.1,“ì“ì“Œ,,0.01,
2022/7/4 9:00,20.3,86,,2.4,,4.2,“ì“ì“Œ,,1.0e-50,
2022/7/4 10:00,21.5,87,,1.5,,5.2,“ì“Œ,,0.01,
2022/7/4 11:00,21.9,82,,1.6,,5.8,“ì“ì“Œ,,0.01,
2022/7/4 12:00,21.5,80,,2.0,,4.3,“ì,,0.01,
2022/7/4 13:00,21.5,75,,0.8,,5.5,“ì“ì“Œ,,0.01,
2022/7/4 14:00,21.7,76,,0.2,,5.8,“ì“ì“Œ,,0.01,
2022/7/4 15:00,21.6,76,,0.0,,4.9,“ì“ì“Œ,,0.01,
2022/7/4 16:00,22.1,76,,0.0,,4.4,“ì“ì“Œ,,0.01,
2022/7/4 17:00,22.5,74,,0.0,,3.3,“ì“ì“Œ,,0.01,
2022/7/4 18:00,22.5,74,,0.0,,2.7,“ì,,0.01,
2022/7/4 19:00,21.6,76,,0.0,,2.2,“ì“ì“Œ,,0.01,
2022/7/4 20:00,20.7,79,,0.0,,1.7,“ì“Œ,,0.01,
2022/7/4 21:00,20.1,84,,0.0,,1.8,“ì“Œ,,1.0e-50,
2022/7/4 22:00,19.8,84,,0.0,,1.5,“ì“ì“Œ,,1.0e-50,
2022/7/4 23:00,19.7,83,,0.0,,1.3,“ì“ì“Œ,,1.0e-50,
2022/7/5 0:00,19.2,84,,0.0,,1.1,“ì“ì“Œ,,1.0e-50,
2022/7/5 1:00,18.6,85,,0.0,,0.5,“ì“ì¼,,1.0e-50,
2022/7/5 2:00,18.1,86,,0.0,,0.3,“Œ–k“Œ,,1.0e-50,
2022/7/5 3:00,17.9,85,,0.0,,0.7,“Œ,,1.0e-50,
2022/7/5 4:00,17.6,85,,0.0,,1.1,“Œ,,1.0e-50,
2022/7/5 5:00,17.5,85,,0.0,,1.1,–k“Œ,,0.01,
2022/7/5 6:00,17.4,84,,0.0,,0.6,–k“Œ,,0.01,
2022/7/5 7:00,18.2,78,,0.0,,0.2,–k¼,,0.01,
2022/7/5 8:00,19.1,73,,0.0,,0.6,¼“ì¼,,0.01,
2022/7/5 9:00,21.8,62,,0.0,,1.2,“ì“ì“Œ,,0.01,
2022/7/5 10:00,23.6,55,,0.0,,1.7,“ì“ì¼,,0.01,
2022/7/5 11:00,24.2,53,,0.0,,2.9,“ì¼,,0.01,
2022/7/5 12:00,25.9,47,,0.0,,2.2,“ì“ì¼,,0.01,
2022/7/5 13:00,26.4,46,,0.0,,3.6,“ì¼,,0.01,
2022/7/5 14:00,26.1,47,,0.0,,3.7,“ì¼,,0.01,
2022/7/5 15:00,25.8,49,,0.0,,2.4,¼“ì¼,,0.01,
2022/7/5 16:00,25.4,51,,0.0,,2.6,“ì¼,,0.01,
2022/7/5 17:00,24.4,55,,0.0,,2.7,“ì¼,,0.01,
2022/7/5 18:00,23.7,60,,0.0,,1.1,“ì¼,,0.01,
2022/7/5 19:00,22.6,66,,0.0,,0.7,“ì,,0.01,
2022/7/5 20:00,21.9,68,,0.0,,1.8,“ì,,0.01,
2022/7/5 21:00,21.0,70,,0.1,,2.2,“ì,,1.0e-50,
2022/7/5 22:00,20.7,73,,0.0,,1.7,“ì,,1.0e-50,
2022/7/5 23:00,20.1,76,,0.0,,0.8,“ì“ì“Œ,,1.0e-50,
2022/7/6 0:00,19.4,74,,0.0,,1.1,“ì,,1.0e-50,
2022/7/6 1:00,18.8,78,,0.3,,0.4,“Œ“ì“Œ,,1.0e-50,
2022/7/6 2:00,18.3,81,,0.2,,0.6,“Œ–k“Œ,,1.0e-50,
2022/7/6 3:00,18.0,84,,0.0,,0.8,–k–k“Œ,,1.0e-50,
2022/7/6 4:00,17.6,85,,0.0,,0.5,–k“Œ,,1.0e-50,
2022/7/6 5:00,17.5,86,,0.0,,0.8,“ì“Œ,,0.01,
2022/7/6 6:00,18.5,81,,0.0,,1.1,“Œ“ì“Œ,,0.01,
2022/7/6 7:00,20.0,73,,0.0,,0.5,“Œ–k“Œ,,0.01,
2022/7/6 8:00,21.3,66,,0.0,,0.7,–k–k“Œ,,0.01,
2022/7/6 9:00,22.9,60,,0.0,,1.0,–k“Œ,,0.01,
2022/7/6 10:00,24.0,56,,0.0,,0.9,–k“Œ,,0.01,
2022/7/6 11:00,25.3,52,,0.0,,0.9,–k–k“Œ,,0.01,
2022/7/6 12:00,26.7,48,,0.0,,1.3,–k,,0.01,
2022/7/6 13:00,27.4,45,,0.0,,0.8,–k“Œ,,0.01,
2022/7/6 14:00,27.8,44,,0.0,,1.5,“Œ“ì“Œ,,0.01,
2022/7/6 15:00,26.8,52,,0.0,,1.8,“Œ“ì“Œ,,0.01,
2022/7/6 16:00,26.2,54,,0.0,,2.2,“Œ“ì“Œ,,0.01,
2022/7/6 17:00,25.4,58,,0.0,,1.8,“ì“Œ,,0.01,
2022/7/6 18:00,24.8,60,,0.0,,1.9,“ì“Œ,,0.01,
2022/7/6 19:00,23.6,66,,0.0,,1.6,“ì“Œ,,0.01,
2022/7/6 20:00,22.6,68,,0.0,,1.3,“ì,,0.01,
2022/7/6 21:00,21.7,69,,0.0,,1.5,“ì“ì“Œ,,1.0e-50,
2022/7/6 22:00,21.0,70,,0.0,,1.2,“ì“ì“Œ,,1.0e-50,
2022/7/6 23:00,20.3,70,,0.0,,1.1,“ì“ì“Œ,,1.0e-50,
2022/7/7 0:00,19.7,69,,0.0,,1.2,“ì,,1.0e-50,
2022/7/7 1:00,19.6,66,,0.0,,1.5,“ì,,1.0e-50,
2022/7/7 2:00,19.2,65,,0.0,,1.4,“ì,,1.0e-50,
2022/7/7 3:00,18.9,67,,0.0,,1.6,“ì“ì“Œ,,1.0e-50,
2022/7/7 4:00,18.6,69,,0.0,,1.7,“ì“ì“Œ,,1.0e-50,
2022/7/7 5:00,18.5,73,,0.0,,1.8,“ì“ì“Œ,,0.01,
2022/7/7 6:00,19.6,69,,0.0,,1.8,“ì“Œ,,0.01,
2022/7/7 7:00,21.4,63,,0.0,,2.3,“ì“Œ,,0.01,
2022/7/7 8:00,23.4,55,,0.0,,2.8,“ì“Œ,,0.01,
2022/7/7 9:00,25.9,45,,0.0,,3.0,“ì“Œ,,0.01,
2022/7/7 10:00,27.3,44,,0.0,,4.1,“ì“ì“Œ,,0.01,
2022/7/7 11:00,27.8,42,,0.0,,4.8,“ì“ì“Œ,,0.01,
2022/7/7 12:00,28.3,42,,0.0,,4.6,“ì“ì“Œ,,0.01,
2022/7/7 13:00,28.3,40,,0.0,,4.5,“ì“ì“Œ,,0.01,
2022/7/7 14:00,28.1,39,,0.0,,4.0,“ì“ì“Œ,,0.01,
2022/7/7 15:00,27.0,43,,0.0,,4.1,“ì“ì“Œ,,0.01,
2022/7/7 16:00,26.4,46,,0.0,,3.6,“ì“ì“Œ,,0.01,
2022/7/7 17:00,24.9,52,,0.0,,3.2,“ì“ì“Œ,,0.01,
2022/7/7 18:00,24.0,55,,0.0,,2.8,“ì“ì“Œ,,0.01,
2022/7/7 19:00,22.8,61,,0.0,,2.7,“ì“ì“Œ,,0.01,
2022/7/7 20:00,22.0,69,,0.0,,2.9,“ì“ì“Œ,,0.01,
2022/7/7 21:00,21.8,77,,0.0,,2.6,“ì“Œ,,1.0e-50,
2022/7/7 22:00,21.3,84,,0.0,,3.4,“ì“ì“Œ,,1.0e-50,
2022/7/7 23:00,21.3,85,,0.0,,3.1,“ì“ì“Œ,,1.0e-50,
2022/7/8 0:00,21.0,87,,0.0,,2.7,“ì“ì“Œ,,1.0e-50,
2022/7/8 1:00,21.0,88,,0.0,,2.6,“ì“ì“Œ,,1.0e-50,
2022/7/8 2:00,21.1,88,,0.0,,2.5,“ì“ì“Œ,,1.0e-50,
2022/7/8 3:00,20.1,87,,0.1,,2.3,“ì“Œ,,1.0e-50,
2022/7/8 4:00,20.0,88,,0.4,,2.6,“ì“ì“Œ,,1.0e-50,
2022/7/8 5:00,20.0,88,,0.0,,2.6,“ì“ì“Œ,,1.0e-50,
2022/7/8 6:00,19.9,88,,0.4,,1.8,“ì“ì“Œ,,0.01,
2022/7/8 7:00,19.9,87,,0.2,,2.4,“ì“Œ,,0.01,
2022/7/8 8:00,20.4,83,,0.1,,2.9,“ì“Œ,,0.01,
2022/7/8 9:00,20.5,82,,0.0,,2.8,“ì“Œ,,0.01,
2022/7/8 10:00,20.3,82,,0.3,,2.9,“ì“Œ,,0.01,
2022/7/8 11:00,20.1,80,,0.6,,3.2,“ì“Œ,,0.01,
2022/7/8 12:00,21.2,77,,0.0,,3.6,“ì“Œ,,0.01,
2022/7/8 13:00,21.7,75,,0.0,,3.8,“ì“ì“Œ,,0.01,
2022/7/8 14:00,21.6,75,,0.0,,3.6,“ì“ì“Œ,,0.01,
2022/7/8 15:00,22.1,73,,0.0,,3.6,“ì“Œ,,0.01,
2022/7/8 16:00,22.1,74,,0.0,,3.6,“ì“Œ,,0.01,
2022/7/8 17:00,21.8,77,,0.1,,3.5,“ì“ì“Œ,,0.01,
2022/7/8 18:00,21.2,80,,0.0,,3.2,“ì“ì“Œ,,0.01,
2022/7/8 19:00,20.9,82,,0.0,,3.2,“ì“Œ,,0.01,
2022/7/8 20:00,20.8,84,,0.0,,2.8,“ì“ì“Œ,,0.01,
2022/7/8 21:00,20.6,86,,0.0,,2.8,“ì“ì“Œ,,1.0e-50,
2022/7/8 22:00,20.8,86,,0.0,,2.9,“ì“ì“Œ,,1.0e-50,
2022/7/8 23:00,21.1,86,,0.0,,2.5,“ì“ì“Œ,,1.0e-50,
2022/7/9 0:00,21.0,88,,0.0,,2.2,“ì“ì“Œ,,1.0e-50,
2022/7/9 1:00,20.8,88,,0.0,,1.8,“ì“ì“Œ,,1.0e-50,
2022/7/9 2:00,20.5,89,,0.0,,1.2,“ì“ì“Œ,,1.0e-50,
2022/7/9 3:00,20.0,90,,0.0,,1.1,“ì,,1.0e-50,
2022/7/9 4:00,19.2,93,,0.0,,0.1,“ì“ì¼,,1.0e-50,
2022/7/9 5:00,19.2,94,,0.0,,0.5,–k,,0.01,
2022/7/9 6:00,20.0,91,,0.0,,1.1,–k,,0.01,
2022/7/9 7:00,20.6,86,,0.0,,1.0,–k,,0.01,
2022/7/9 8:00,21.6,81,,0.0,,0.8,–k–k“Œ,,0.01,
2022/7/9 9:00,23.5,72,,0.0,,0.9,–k“Œ,,0.01,
2022/7/9 10:00,24.6,68,,0.0,,0.9,“Œ–k“Œ,,0.01,
2022/7/9 11:00,25.8,64,,0.0,,0.9,“Œ,,0.01,
2022/7/9 12:00,27.3,60,,0.0,,1.0,–k“Œ,,0.01,
2022/7/9 13:00,27.7,59,,0.0,,1.6,–k,,0.01,
2022/7/9 14:00,26.8,62,,0.0,,2.9,–k–k¼,,0.01,
2022/7/9 15:00,24.6,70,,0.0,,2.9,–k–k¼,,0.01,
2022/7/9 16:00,22.9,75,,0.0,,2.3,–k–k¼,,0.01,
2022/7/9 17:00,22.2,77,,0.0,,1.5,–k–k¼,,0.01,
2022/7/9 18:00,23.6,74,,0.0,,0.5,–k–k“Œ,,0.01,
2022/7/9 19:00,22.8,77,,0.0,,0.6,–k,,0.01,
2022/7/9 20:00,22.1,79,,0.0,,0.7,–k–k“Œ,,0.01,
2022/7/9 21:00,21.3,84,,0.0,,0.9,–k–k“Œ,,1.0e-50,
2022/7/9 22:00,20.9,87,,1.3,,0.5,“Œ,,1.0e-50,
2022/7/9 23:00,21.0,90,,4.0,,1.4,“ì“Œ,,1.0e-50,
2022/7/10 0:00,21.4,90,,1.8,,1.7,“ì“Œ,,1.0e-50,
2022/7/10 1:00,21.5,89,,1.4,,2.0,“ì“Œ,,1.0e-50,
2022/7/10 2:00,21.7,88,,0.2,,2.3,“ì“Œ,,1.0e-50,
2022/7/10 3:00,21.4,87,,0.0,,2.3,“ì“Œ,,1.0e-50,
2022/7/10 4:00,21.8,86,,0.0,,2.7,“ì“Œ,,1.0e-50,
2022/7/10 5:00,21.9,86,,0.2,,2.7,“ì“Œ,,1.0e-50,
2022/7/10 6:00,21.1,89,,0.0,,1.1,“ì“Œ,,0.01,
2022/7/10 7:00,22.0,86,,0.0,,0.7,“ì“Œ,,0.01,
2022/7/10 8:00,22.8,83,,0.0,,0.3,–k“Œ,,0.01,
2022/7/10 9:00,22.9,80,,0.0,,2.0,–k–k¼,,0.01,
2022/7/10 10:00,22.8,77,,0.0,,2.1,–k–k¼,,0.01,
2022/7/10 11:00,23.5,72,,0.0,,1.8,–k–k¼,,0.01,
2022/7/10 12:00,24.8,66,,0.0,,3.2,–k–k¼,,0.01,
2022/7/10 13:00,24.4,67,,0.0,,3.4,–k–k¼,,0.01,
2022/7/10 14:00,24.1,67,,0.0,,3.1,–k–k¼,,0.01,
2022/7/10 15:00,23.8,67,,0.0,,3.2,–k–k¼,,0.01,
2022/7/10 16:00,23.8,68,,0.0,,2.9,–k–k¼,,0.01,
2022/7/10 17:00,23.2,70,,0.0,,2.9,–k–k¼,,0.01,
2022/7/10 18:00,22.6,72,,0.0,,2.1,–k–k¼,,0.01,
2022/7/10 19:00,21.5,77,,0.0,,1.4,–k,,0.01,
2022/7/10 20:00,20.7,81,,0.0,,0.8,–k,,0.01,
2022/7/10 21:00,19.6,87,,0.0,,0.2,–k,,1.0e-50,
2022/7/10 22:00,19.1,90,,0.0,,0.4,“ì¼,,1.0e-50,
2022/7/10 23:00,18.9,90,,0.0,,0.6,“ì“ì¼,,1.0e-50,
2022/7/11 0:00,19.0,89,,0.0,,1.1,“ì¼,,1.0e-50,
2022/7/11 1:00,18.9,87,,0.0,,1.3,“ì“ì¼,,1.0e-50,
2022/7/11 2:00,19.0,86,,0.0,,1.5,“ì,,1.0e-50,
2022/7/11 3:00,18.9,88,,0.0,,1.5,“ì,,1.0e-50,
2022/7/11 4:00,18.8,90,,0.0,,1.5,“ì,,1.0e-50,
2022/7/11 5:00,19.1,90,,0.0,,1.5,“ì,,0.01,
2022/7/11 6:00,19.8,88,,0.0,,1.1,“ì“Œ,,0.01,
2022/7/11 7:00,21.3,84,,0.0,,1.7,“ì“Œ,,0.01,
2022/7/11 8:00,22.6,78,,0.0,,2.1,“ì“Œ,,0.01,
2022/7/11 9:00,24.0,71,,0.0,,2.2,“ì“Œ,,0.01,
2022/7/11 10:00,25.1,64,,0.0,,2.5,“ì“Œ,,0.01,
2022/7/11 11:00,25.7,62,,0.0,,2.3,“Œ“ì“Œ,,0.01,
2022/7/11 12:00,26.6,59,,0.0,,2.9,“ì“Œ,,0.01,
2022/7/11 13:00,26.8,58,,0.0,,2.8,“ì“Œ,,0.01,
2022/7/11 14:00,26.5,59,,0.0,,2.7,“ì“ì“Œ,,0.01,
2022/7/11 15:00,25.8,61,,0.0,,2.5,“ì“ì“Œ,,0.01,
2022/7/11 16:00,24.9,67,,0.4,,1.9,“ì“ì“Œ,,0.01,
2022/7/11 17:00,23.3,76,,1.2,,1.5,“ì“Œ,,0.01,
2022/7/11 18:00,23.7,72,,0.2,,2.1,“ì“Œ,,0.01,
2022/7/11 19:00,22.8,74,,0.0,,2.2,“ì“Œ,,0.01,
2022/7/11 20:00,22.4,75,,0.1,,2.8,“ì“ì“Œ,,0.01,
2022/7/11 21:00,21.9,76,,0.7,,3.0,“ì“ì“Œ,,1.0e-50,
2022/7/11 22:00,21.4,78,,0.0,,2.9,“ì“ì“Œ,,1.0e-50,
2022/7/11 23:00,21.2,80,,0.0,,2.9,“ì“ì“Œ,,1.0e-50,
2022/7/12 0:00,20.8,82,,0.0,,2.3,“ì“Œ,,1.0e-50,
2022/7/12 1:00,20.7,84,,0.0,,2.2,“ì“Œ,,1.0e-50,
2022/7/12 2:00,20.5,84,,0.0,,2.2,“ì“Œ,,1.0e-50,
2022/7/12 3:00,20.1,88,,0.0,,1.6,“ì“Œ,,1.0e-50,
2022/7/12 4:00,19.7,89,,0.0,,1.4,“ì“Œ,,1.0e-50,
2022/7/12 5:00,19.6,88,,0.0,,1.3,“ì“ì“Œ,,0.01,
2022/7/12 6:00,20.0,85,,0.0,,0.4,“Œ,,0.01,
2022/7/12 7:00,21.0,80,,0.0,,0.5,“Œ,,0.01,
2022/7/12 8:00,22.5,73,,0.0,,1.0,“Œ,,0.01,
2022/7/12 9:00,24.5,66,,0.0,,0.7,“Œ,,0.01,
2022/7/12 10:00,26.3,59,,0.0,,0.8,“Œ–k“Œ,,0.01,
2022/7/12 11:00,27.6,54,,0.0,,1.0,–k“Œ,,0.01,
2022/7/12 12:00,28.2,53,,0.0,,1.3,–k“Œ,,0.01,
2022/7/12 13:00,28.9,52,,0.0,,1.3,“Œ–k“Œ,,0.01,
2022/7/12 14:00,28.7,53,,0.0,,1.2,–k–k“Œ,,0.01,
2022/7/12 15:00,27.4,58,,0.0,,2.5,–k–k¼,,0.01,
2022/7/12 16:00,25.1,66,,0.0,,2.4,–k–k¼,,0.01,
2022/7/12 17:00,24.0,71,,0.0,,2.0,–k–k¼,,0.01,
2022/7/12 18:00,23.9,72,,0.0,,2.2,–k–k¼,,0.01,
2022/7/12 19:00,22.2,78,,1.4,,2.1,–k–k¼,,0.01,
2022/7/12 20:00,21.6,80,,0.3,,0.9,–k,,0.01,
2022/7/12 21:00,21.9,80,,0.0,,1.2,“ì“Œ,,1.0e-50,
2022/7/12 22:00,21.5,83,,0.0,,0.8,“Œ“ì“Œ,,1.0e-50,
2022/7/12 23:00,20.9,87,,0.0,,0.3,“ì“Œ,,1.0e-50,
2022/7/13 0:00,20.5,86,,0.0,,1.0,–k–k¼,,1.0e-50,
2022/7/13 1:00,20.1,88,,0.0,,0.8,–k¼,,1.0e-50,
2022/7/13 2:00,19.9,89,,0.0,,0.9,–k¼,,1.0e-50,
2022/7/13 3:00,19.2,93,,0.0,,0.7,–k–k¼,,1.0e-50,
2022/7/13 4:00,19.2,92,,0.0,,1.1,–k–k¼,,1.0e-50,
2022/7/13 5:00,19.2,93,,0.0,,1.0,–k–k¼,,0.01,
2022/7/13 6:00,19.5,92,,0.0,,0.9,–k¼,,0.01,
2022/7/13 7:00,20.0,88,,0.0,,0.8,–k,,0.01,
2022/7/13 8:00,21.1,83,,0.0,,0.5,“Œ–k“Œ,,0.01,
2022/7/13 9:00,23.4,74,,0.0,,1.0,“Œ“ì“Œ,,0.01,
2022/7/13 10:00,24.8,68,,0.0,,1.1,“Œ–k“Œ,,0.01,
2022/7/13 11:00,25.9,64,,0.0,,1.1,–k–k“Œ,,0.01,
2022/7/13 12:00,26.8,61,,0.0,,1.7,–k,,0.01,
2022/7/13 13:00,25.8,64,,0.0,,3.3,–k–k¼,,0.01,
2022/7/13 14:00,23.8,71,,0.0,,3.6,–k–k¼,,0.01,
2022/7/13 15:00,23.9,70,,0.0,,3.1,–k–k¼,,0.01,
2022/7/13 16:00,22.3,77,,0.0,,3.2,–k–k¼,,0.01,
2022/7/13 17:00,21.6,80,,0.0,,2.7,–k–k¼,,0.01,
2022/7/13 18:00,21.8,79,,0.5,,1.8,–k–k¼,,0.01,
2022/7/13 19:00,21.3,82,,0.0,,1.2,–k–k¼,,0.01,
2022/7/13 20:00,20.8,84,,0.0,,0.9,–k–k¼,,0.01,
2022/7/13 21:00,20.4,85,,0.0,,0.9,¼–k¼,,1.0e-50,
2022/7/13 22:00,20.2,86,,0.0,,0.7,–k¼,,1.0e-50,
2022/7/13 23:00,19.6,91,,0.5,,0.1,“ì“ì¼,,1.0e-50,
2022/7/14 0:00,19.3,92,,0.3,,0.5,“ì“ì“Œ,,1.0e-50,
2022/7/14 1:00,19.6,91,,0.6,,1.0,“ì“ì“Œ,,1.0e-50,
2022/7/14 2:00,19.8,91,,0.4,,1.4,“ì“ì“Œ,,1.0e-50,
2022/7/14 3:00,19.6,92,,0.9,,1.4,“ì“ì“Œ,,1.0e-50,
2022/7/14 4:00,19.5,93,,0.7,,1.2,“ì“Œ,,1.0e-50,
2022/7/14 5:00,19.6,93,,0.9,,1.4,“ì“Œ,,0.01,
2022/7/14 6:00,19.8,93,,0.5,,1.6,“ì“Œ,,0.01,
2022/7/14 7:00,20.3,91,,1.6,,2.0,“ì“Œ,,0.01,
2022/7/14 8:00,20.8,88,,2.0,,2.3,“ì“Œ,,0.01,
2022/7/14 9:00,20.5,91,,3.1,,1.1,–k“Œ,,1.0e-50,
2022/7/14 10:00,20.6,90,,5.3,,0.9,“Œ“ì“Œ,,0.01,
2022/7/14 11:00,21.0,88,,1.5,,1.3,“Œ,,0.01,
2022/7/14 12:00,21.0,88,,1.1,,1.5,“Œ“ì“Œ,,0.01,
2022/7/14 13:00,21.1,88,,1.3,,1.8,“ì“Œ,,0.01,
2022/7/14 14:00,21.5,86,,0.2,,1.4,“Œ“ì“Œ,,0.01,
2022/7/14 15:00,22.3,82,,0.0,,1.6,“ì“Œ,,0.01,
2022/7/14 16:00,21.7,85,,0.6,,1.5,“Œ,,0.01,
2022/7/14 17:00,21.3,87,,0.5,,1.1,“Œ“ì“Œ,,0.01,
2022/7/14 18:00,20.9,89,,0.8,,1.0,“Œ–k“Œ,,0.01,
2022/7/14 19:00,20.6,90,,0.0,,1.0,“Œ“ì“Œ,,0.01,
2022/7/14 20:00,20.6,89,,0.0,,1.2,“ì“ì“Œ,,0.01,
2022/7/14 21:00,20.0,91,,0.0,,0.9,“ì“Œ,,1.0e-50,
2022/7/14 22:00,20.0,91,,0.0,,1.2,“ì“Œ,,1.0e-50,
2022/7/14 23:00,19.8,91,,0.0,,1.2,“ì“Œ,,1.0e-50,
2022/7/15 0:00,20.1,90,,0.0,,1.3,“ì“Œ,,1.0e-50,
2022/7/15 1:00,20.3,89,,0.0,,1.7,“ì“ì“Œ,,1.0e-50,
2022/7/15 2:00,20.2,88,,0.1,,1.8,“ì“Œ,,1.0e-50,
2022/7/15 3:00,19.9,87,,0.0,,1.9,“ì“Œ,,1.0e-50,
2022/7/15 4:00,19.8,85,,0.0,,2.2,“ì“Œ,,1.0e-50,
2022/7/15 5:00,19.8,84,,0.0,,2.7,“ì“ì“Œ,,0.01,
2022/7/15 6:00,19.1,81,,0.0,,3.6,“ì“ì“Œ,,0.01,
2022/7/15 7:00,19.5,78,,0.0,,4.0,“ì“ì“Œ,,0.01,
2022/7/15 8:00,20.2,74,,0.0,,4.3,“ì“ì“Œ,,0.01,
2022/7/15 9:00,21.5,70,,0.0,,4.0,“ì“ì“Œ,,0.01,
2022/7/15 10:00,22.4,65,,0.0,,4.3,“ì“ì“Œ,,0.01,
2022/7/15 11:00,22.4,65,,0.0,,4.5,“ì“ì“Œ,,0.01,
2022/7/15 12:00,24.4,59,,0.0,,3.8,“ì“ì“Œ,,0.01,
2022/7/15 13:00,24.0,60,,0.0,,3.9,“ì“ì“Œ,,0.01,
2022/7/15 14:00,23.3,62,,0.0,,3.8,“ì“ì“Œ,,0.01,
2022/7/15 15:00,23.0,62,,0.0,,3.3,“ì“Œ,,0.01,
2022/7/15 16:00,22.0,66,,0.0,,3.4,“ì“Œ,,0.01,
2022/7/15 17:00,21.0,70,,0.0,,3.4,“ì“Œ,,0.01,
2022/7/15 18:00,20.3,75,,0.0,,3.3,“ì“ì“Œ,,0.01,
2022/7/15 19:00,19.6,78,,0.0,,3.0,“ì“ì“Œ,,0.01,
2022/7/15 20:00,19.1,79,,0.0,,2.9,“ì“Œ,,0.01,
2022/7/15 21:00,18.8,79,,0.0,,2.9,“ì“ì“Œ,,1.0e-50,
2022/7/15 22:00,18.6,80,,0.0,,2.7,“ì“Œ,,1.0e-50,
2022/7/15 23:00,18.5,81,,0.0,,2.6,“ì“Œ,,1.0e-50,
2022/7/16 0:00,18.3,82,,0.0,,2.6,“ì“Œ,,1.0e-50,
2022/7/16 1:00,18.1,83,,0.0,,2.7,“ì“Œ,,1.0e-50,
2022/7/16 2:00,18.0,84,,0.0,,2.8,“ì“Œ,,1.0e-50,
2022/7/16 3:00,17.8,84,,0.0,,2.6,“ì“Œ,,1.0e-50,
2022/7/16 4:00,17.8,84,,0.0,,2.5,“ì“Œ,,1.0e-50,
2022/7/16 5:00,17.7,84,,0.0,,2.4,“ì“Œ,,0.01,
2022/7/16 6:00,17.7,85,,0.0,,2.0,“ì“Œ,,0.01,
2022/7/16 7:00,18.2,83,,0.1,,2.0,“ì“Œ,,0.01,
2022/7/16 8:00,18.7,82,,0.3,,2.3,“ì“Œ,,0.01,
2022/7/16 9:00,19.0,82,,0.3,,2.2,“ì“Œ,,0.01,
2022/7/16 10:00,19.5,81,,0.8,,2.6,“ì“ì“Œ,,0.01,
2022/7/16 11:00,19.8,80,,1.7,,2.7,“ì“ì“Œ,,0.01,
2022/7/16 12:00,20.8,76,,0.9,,3.4,“ì“ì“Œ,,0.01,
2022/7/16 13:00,20.6,77,,0.4,,3.2,“ì“Œ,,0.01,
2022/7/16 14:00,20.2,79,,0.6,,3.4,“ì“Œ,,0.01,
2022/7/16 15:00,19.7,81,,0.1,,3.1,“ì“Œ,,0.01,
2022/7/16 16:00,19.3,83,,1.5,,3.1,“ì“Œ,,0.01,
2022/7/16 17:00,19.2,83,,0.8,,3.3,“ì“Œ,,0.01,
2022/7/16 18:00,18.6,85,,2.2,,3.2,“ì“Œ,,0.01,
2022/7/16 19:00,18.7,86,,5.0,,2.9,“ì“Œ,,1.0e-50,
2022/7/16 20:00,18.8,86,,4.0,,2.4,“ì“Œ,,0.01,
2022/7/16 21:00,18.7,87,,0.9,,2.5,“ì“Œ,,1.0e-50,
2022/7/16 22:00,19.0,86,,0.2,,2.5,“ì“Œ,,1.0e-50,
2022/7/16 23:00,19.3,85,,0.3,,2.4,“ì“Œ,,1.0e-50,
2022/7/17 0:00,19.2,82,,1.1,,2.5,“ì“Œ,,1.0e-50,
2022/7/17 1:00,19.3,84,,0.1,,2.5,“ì“Œ,,1.0e-50,
2022/7/17 2:00,19.3,86,,0.1,,2.5,“ì“Œ,,1.0e-50,
2022/7/17 3:00,19.0,85,,0.2,,2.1,“ì“Œ,,1.0e-50,
2022/7/17 4:00,19.1,87,,0.1,,2.3,“ì“Œ,,1.0e-50,
2022/7/17 5:00,19.3,89,,0.0,,2.2,“ì“Œ,,0.01,
2022/7/17 6:00,19.1,89,,0.1,,1.5,“ì“Œ,,0.01,
2022/7/17 7:00,19.4,89,,0.0,,1.3,“ì“Œ,,0.01,
2022/7/17 8:00,19.8,88,,0.5,,1.3,“ì“Œ,,0.01,
2022/7/17 9:00,21.0,84,,0.2,,1.4,“ì“Œ,,0.01,
2022/7/17 10:00,21.7,81,,0.0,,1.6,“ì“Œ,,0.01,
2022/7/17 11:00,22.4,79,,0.0,,1.3,“Œ“ì“Œ,,0.01,
2022/7/17 12:00,23.0,76,,0.0,,0.8,“Œ–k“Œ,,0.01,
2022/7/17 13:00,23.0,76,,0.0,,1.2,–k“Œ,,0.01,
2022/7/17 14:00,23.0,76,,0.1,,1.1,“Œ–k“Œ,,0.01,
2022/7/17 15:00,23.1,75,,0.0,,1.0,–k“Œ,,0.01,
2022/7/17 16:00,22.9,76,,0.0,,0.9,“Œ–k“Œ,,0.01,
2022/7/17 17:00,22.6,78,,0.0,,0.8,“Œ–k“Œ,,0.01,
2022/7/17 18:00,22.0,80,,0.1,,1.4,–k,,0.01,
2022/7/17 19:00,21.0,83,,0.0,,1.7,–k–k¼,,0.01,
2022/7/17 20:00,20.6,84,,0.0,,1.1,–k¼,,0.01,
2022/7/17 21:00,20.3,86,,0.0,,1.1,–k–k¼,,1.0e-50,
2022/7/17 22:00,20.0,87,,0.0,,1.0,–k–k¼,,1.0e-50,
2022/7/17 23:00,19.8,88,,0.0,,0.9,–k¼,,1.0e-50,
2022/7/18 0:00,19.7,88,,0.0,,0.8,¼“ì¼,,1.0e-50,
2022/7/18 1:00,19.6,87,,0.0,,0.8,“ì¼,,1.0e-50,
2022/7/18 2:00,19.4,87,,0.0,,0.8,“ì¼,,1.0e-50,
2022/7/18 3:00,19.1,88,,0.0,,0.9,–k–k¼,,1.0e-50,
2022/7/18 4:00,18.6,92,,0.0,,0.5,–k–k¼,,1.0e-50,
2022/7/18 5:00,18.4,92,,0.0,,0.2,¼–k¼,,0.01,
2022/7/18 6:00,18.8,90,,0.0,,0.2,¼“ì¼,,0.01,
2022/7/18 7:00,19.6,86,,0.0,,0.2,“Œ–k“Œ,,0.01,
2022/7/18 8:00,20.2,84,,0.0,,0.5,–k–k“Œ,,0.01,
2022/7/18 9:00,20.5,84,,0.0,,1.3,–k,,0.01,
2022/7/18 10:00,20.7,82,,0.0,,1.7,–k,,0.01,
2022/7/18 11:00,20.8,80,,0.0,,2.1,–k–k¼,,0.01,
2022/7/18 12:00,21.8,75,,0.0,,2.2,–k–k¼,,0.01,
2022/7/18 13:00,21.6,75,,0.0,,2.8,–k–k¼,,0.01,
2022/7/18 14:00,21.8,74,,0.0,,2.7,–k–k¼,,0.01,
2022/7/18 15:00,21.9,74,,0.0,,3.0,–k–k¼,,0.01,
2022/7/18 16:00,21.4,77,,0.0,,3.1,–k–k¼,,0.01,
2022/7/18 17:00,21.1,78,,0.0,,2.8,–k–k¼,,0.01,
2022/7/18 18:00,21.3,75,,0.0,,2.5,–k–k¼,,0.01,
2022/7/18 19:00,20.2,81,,0.0,,2.2,–k–k¼,,0.01,
2022/7/18 20:00,19.5,84,,0.0,,1.7,–k–k¼,,0.01,
2022/7/18 21:00,18.9,87,,0.0,,1.7,–k–k¼,,1.0e-50,
2022/7/18 22:00,18.7,88,,0.0,,1.5,–k¼,,1.0e-50,
2022/7/18 23:00,18.5,88,,0.0,,1.3,–k¼,,1.0e-50,
2022/7/19 0:00,18.4,85,,0.0,,1.3,–k¼,,1.0e-50,
2022/7/19 1:00,18.2,85,,0.0,,1.2,–k–k¼,,1.0e-50,
2022/7/19 2:00,18.1,84,,0.0,,1.3,–k¼,,1.0e-50,
2022/7/19 3:00,17.7,86,,0.0,,1.3,–k¼,,1.0e-50,
2022/7/19 4:00,17.4,89,,0.0,,1.2,–k¼,,1.0e-50,
2022/7/19 5:00,17.6,88,,0.0,,1.2,–k¼,,0.01,
2022/7/19 6:00,18.8,84,,0.0,,0.9,–k¼,,0.01,
2022/7/19 7:00,20.4,77,,0.0,,1.3,–k–k¼,,0.01,
2022/7/19 8:00,22.1,68,,0.0,,1.4,–k,,0.01,
2022/7/19 9:00,23.4,62,,0.0,,1.7,–k,,0.01,
2022/7/19 10:00,24.7,57,,0.0,,1.6,–k,,0.01,
2022/7/19 11:00,25.9,52,,0.0,,1.5,–k,,0.01,
2022/7/19 12:00,27.4,48,,0.0,,1.4,“Œ–k“Œ,,0.01,
2022/7/19 13:00,27.9,47,,0.0,,0.9,–k“Œ,,0.01,
2022/7/19 14:00,28.1,47,,0.0,,0.9,–k–k“Œ,,0.01,
2022/7/19 15:00,28.2,48,,0.0,,2.0,–k,,0.01,
2022/7/19 16:00,26.9,52,,0.0,,1.9,–k–k¼,,0.01,
2022/7/19 17:00,26.2,54,,0.0,,1.2,–k,,0.01,
2022/7/19 18:00,24.8,59,,0.0,,0.9,–k–k“Œ,,0.01,
2022/7/19 19:00,23.6,65,,0.0,,0.3,–k–k“Œ,,0.01,
2022/7/19 20:00,22.3,71,,0.0,,0.4,“Œ,,0.01,
2022/7/19 21:00,21.6,75,,0.0,,1.1,“ì“Œ,,1.0e-50,
2022/7/19 22:00,21.1,75,,0.0,,1.5,“ì“ì“Œ,,1.0e-50,
2022/7/19 23:00,20.7,74,,0.0,,1.5,“ì“ì“Œ,,1.0e-50,
2022/7/20 0:00,20.1,74,,0.0,,1.5,“ì“ì“Œ,,1.0e-50,
2022/7/20 1:00,19.7,75,,0.0,,1.5,“ì“ì“Œ,,1.0e-50,
2022/7/20 2:00,19.2,78,,0.0,,1.5,“ì“Œ,,1.0e-50,
2022/7/20 3:00,18.5,81,,0.0,,1.5,“ì“Œ,,1.0e-50,
2022/7/20 4:00,18.1,83,,0.0,,1.3,“ì“Œ,,1.0e-50,
2022/7/20 5:00,17.7,85,,0.0,,0.9,“ì“Œ,,0.01,
2022/7/20 6:00,19.0,79,,0.0,,1.0,“ì“Œ,,0.01,
2022/7/20 7:00,20.7,71,,0.0,,1.5,“ì“Œ,,0.01,
2022/7/20 8:00,22.5,59,,0.0,,1.8,“ì“Œ,,0.01,
2022/7/20 9:00,23.4,56,,0.0,,2.2,“Œ“ì“Œ,,0.01,
2022/7/20 10:00,24.7,50,,0.0,,2.4,“Œ“ì“Œ,,0.01,
2022/7/20 11:00,25.9,45,,0.0,,2.9,“Œ“ì“Œ,,0.01,
2022/7/20 12:00,25.9,44,,0.0,,3.1,“Œ“ì“Œ,,0.01,
2022/7/20 13:00,26.1,44,,0.0,,3.0,“ì“Œ,,0.01,
2022/7/20 14:00,26.2,43,,0.0,,3.1,“ì“Œ,,0.01,
2022/7/20 15:00,26.4,40,,0.0,,2.6,“Œ“ì“Œ,,0.01,
2022/7/20 16:00,25.8,41,,0.0,,2.8,“ì“Œ,,0.01,
2022/7/20 17:00,24.6,46,,0.0,,2.3,“ì“ì“Œ,,0.01,
2022/7/20 18:00,22.7,49,,0.0,,2.4,“ì“Œ,,0.01,
2022/7/20 19:00,20.9,56,,0.0,,2.3,“ì“Œ,,0.01,
2022/7/20 20:00,19.6,59,,0.0,,2.0,“ì“Œ,,0.01,
2022/7/20 21:00,18.2,65,,0.0,,1.8,“ì“Œ,,1.0e-50,
2022/7/20 22:00,17.6,67,,0.0,,1.3,“ì“Œ,,1.0e-50,
2022/7/20 23:00,17.3,69,,0.0,,1.1,“ì“Œ,,1.0e-50,
2022/7/21 0:00,16.7,71,,0.0,,1.3,“ì“ì“Œ,,1.0e-50,
2022/7/21 1:00,16.3,73,,0.0,,1.1,“ì“Œ,,1.0e-50,
2022/7/21 2:00,15.6,73,,0.0,,1.3,“ì“Œ,,1.0e-50,
2022/7/21 3:00,14.8,73,,0.0,,1.3,“ì“Œ,,1.0e-50,
2022/7/21 4:00,14.2,77,,0.0,,1.2,“ì“ì“Œ,,1.0e-50,
2022/7/21 5:00,13.8,78,,0.0,,0.8,“ì“Œ,,0.01,
2022/7/21 6:00,14.9,72,,0.0,,1.0,“ì“Œ,,0.01,
2022/7/21 7:00,16.8,60,,0.0,,0.6,“ì“Œ,,0.01,
2022/7/21 8:00,18.6,53,,0.0,,1.2,“Œ,,0.01,
2022/7/21 9:00,19.8,47,,0.0,,1.7,“Œ“ì“Œ,,0.01,
2022/7/21 10:00,21.2,41,,0.0,,1.8,“Œ“ì“Œ,,0.01,
2022/7/21 11:00,22.5,37,,0.0,,1.8,“Œ“ì“Œ,,0.01,
2022/7/21 12:00,23.6,34,,0.0,,1.6,“Œ“ì“Œ,,0.01,
2022/7/21 13:00,24.4,33,,0.0,,1.1,“Œ,,0.01,
2022/7/21 14:00,23.9,38,,0.0,,2.2,–k,,0.01,
2022/7/21 15:00,22.9,44,,0.0,,2.6,–k–k¼,,0.01,
2022/7/21 16:00,22.2,46,,0.0,,2.3,–k–k¼,,0.01,
2022/7/21 17:00,21.6,48,,0.0,,1.9,–k–k¼,,0.01,
2022/7/21 18:00,21.6,50,,0.0,,0.6,–k–k“Œ,,0.01,
2022/7/21 19:00,20.4,56,,0.0,,0.9,“Œ–k“Œ,,0.01,
2022/7/21 20:00,19.0,61,,0.0,,1.1,“ì“Œ,,0.01,
2022/7/21 21:00,17.7,70,,0.0,,0.9,“Œ“ì“Œ,,1.0e-50,
2022/7/21 22:00,17.2,70,,0.0,,0.8,“ì“Œ,,1.0e-50,
2022/7/21 23:00,16.8,69,,0.0,,0.9,“ì“Œ,,1.0e-50,
2022/7/22 0:00,16.6,64,,0.0,,1.7,“ì“ì“Œ,,1.0e-50,
2022/7/22 1:00,16.4,62,,0.0,,1.7,“ì“ì“Œ,,1.0e-50,
2022/7/22 2:00,16.1,65,,0.0,,1.8,“ì“ì“Œ,,1.0e-50,
2022/7/22 3:00,15.3,72,,0.0,,1.9,“ì“ì“Œ,,1.0e-50,
2022/7/22 4:00,15.1,74,,0.0,,1.9,“ì“ì“Œ,,1.0e-50,
2022/7/22 5:00,15.0,76,,0.0,,1.8,“ì“ì“Œ,,0.01,
2022/7/22 6:00,15.9,72,,0.0,,2.1,“ì“Œ,,0.01,
2022/7/22 7:00,17.5,66,,0.0,,2.6,“ì“Œ,,0.01,
2022/7/22 8:00,19.2,59,,0.0,,2.8,“ì“Œ,,0.01,
2022/7/22 9:00,20.2,52,,0.0,,3.4,“ì“Œ,,0.01,
2022/7/22 10:00,21.5,47,,0.0,,3.6,“ì“ì“Œ,,0.01,
2022/7/22 11:00,22.3,44,,0.0,,3.7,“ì“ì“Œ,,0.01,
2022/7/22 12:00,22.6,41,,0.0,,4.3,“ì“ì“Œ,,0.01,
2022/7/22 13:00,22.6,42,,0.0,,4.5,“ì“ì“Œ,,0.01,
2022/7/22 14:00,22.1,46,,0.0,,4.4,“ì“ì“Œ,,0.01,
2022/7/22 15:00,21.0,49,,0.0,,4.1,“ì“ì“Œ,,0.01,
2022/7/22 16:00,20.6,51,,0.0,,4.0,“ì“ì“Œ,,0.01,
2022/7/22 17:00,20.1,54,,0.0,,3.8,“ì“ì“Œ,,0.01,
2022/7/22 18:00,19.4,56,,0.0,,3.6,“ì“ì“Œ,,0.01,
2022/7/22 19:00,18.1,64,,0.0,,3.1,“ì“ì“Œ,,0.01,
2022/7/22 20:00,17.3,70,,0.0,,3.1,“ì“ì“Œ,,0.01,
2022/7/22 21:00,17.1,71,,0.0,,2.9,“ì“Œ,,1.0e-50,
2022/7/22 22:00,16.8,75,,0.0,,3.2,“ì“ì“Œ,,1.0e-50,
2022/7/22 23:00,16.7,78,,0.0,,3.0,“ì“Œ,,1.0e-50,
2022/7/23 0:00,15.9,81,,0.0,,3.0,“ì“Œ,,1.0e-50,
2022/7/23 1:00,15.7,81,,0.0,,3.0,“ì“Œ,,1.0e-50,
2022/7/23 2:00,15.6,82,,0.0,,2.9,“ì“Œ,,1.0e-50,
2022/7/23 3:00,15.5,83,,0.0,,2.9,“ì“Œ,,1.0e-50,
2022/7/23 4:00,15.5,83,,0.0,,2.6,“ì“Œ,,1.0e-50,
2022/7/23 5:00,15.6,85,,0.0,,2.5,“ì“Œ,,0.01,
2022/7/23 6:00,16.0,84,,0.0,,2.7,“ì“Œ,,0.01,
2022/7/23 7:00,17.1,79,,0.0,,3.1,“ì“Œ,,0.01,
2022/7/23 8:00,18.5,73,,0.0,,3.5,“ì“Œ,,0.01,
2022/7/23 9:00,19.9,66,,0.0,,3.7,“ì“Œ,,0.01,
2022/7/23 10:00,21.6,58,,0.0,,4.1,“ì“ì“Œ,,0.01,
2022/7/23 11:00,22.2,55,,0.0,,4.4,“ì“ì“Œ,,0.01,
2022/7/23 12:00,23.1,50,,0.0,,3.9,“ì“Œ,,0.01,
2022/7/23 13:00,23.5,49,,0.0,,4.3,“ì“Œ,,0.01,
2022/7/23 14:00,23.4,48,,0.0,,4.7,“ì“ì“Œ,,0.01,
2022/7/23 15:00,23.1,49,,0.0,,4.0,“ì“ì“Œ,,0.01,
2022/7/23 16:00,23.2,49,,0.0,,3.8,“ì“ì“Œ,,0.01,
2022/7/23 17:00,22.6,51,,0.0,,3.8,“ì“ì“Œ,,0.01,
2022/7/23 18:00,21.7,55,,0.0,,3.4,“ì“Œ,,0.01,
2022/7/23 19:00,20.0,64,,0.0,,3.2,“ì“Œ,,0.01,
2022/7/23 20:00,18.8,70,,0.0,,3.0,“ì“ì“Œ,,0.01,
2022/7/23 21:00,17.6,76,,0.0,,2.7,“ì“ì“Œ,,1.0e-50,
2022/7/23 22:00,17.4,78,,0.0,,2.5,“ì“ì“Œ,,1.0e-50,
2022/7/23 23:00,17.0,80,,0.0,,2.6,“ì“ì“Œ,,1.0e-50,
2022/7/24 0:00,16.6,81,,0.0,,2.5,“ì“ì“Œ,,1.0e-50,
2022/7/24 1:00,16.4,82,,0.0,,2.1,“ì“Œ,,1.0e-50,
2022/7/24 2:00,16.4,84,,0.0,,1.9,“ì“ì“Œ,,1.0e-50,
2022/7/24 3:00,15.9,87,,0.0,,1.8,“ì“Œ,,1.0e-50,
2022/7/24 4:00,15.9,89,,0.0,,1.5,“ì“Œ,,1.0e-50,
2022/7/24 5:00,16.0,89,,0.0,,1.3,“ì“Œ,,0.01,
2022/7/24 6:00,16.9,82,,0.0,,1.1,“Œ“ì“Œ,,0.01,
2022/7/24 7:00,18.7,75,,0.0,,1.5,“ì“Œ,,0.01,
2022/7/24 8:00,20.6,68,,0.0,,1.9,“ì“Œ,,0.01,
2022/7/24 9:00,23.0,58,,0.0,,1.4,“Œ“ì“Œ,,0.01,
2022/7/24 10:00,24.3,56,,0.0,,1.6,“Œ“ì“Œ,,0.01,
2022/7/24 11:00,25.4,54,,0.0,,1.6,“Œ“ì“Œ,,0.01,
2022/7/24 12:00,25.0,54,,0.0,,1.3,–k,,0.01,
2022/7/24 13:00,25.0,54,,0.0,,2.3,–k–k¼,,0.01,
2022/7/24 14:00,24.4,56,,0.0,,2.5,–k–k¼,,0.01,
2022/7/24 15:00,23.6,60,,0.0,,2.4,–k–k¼,,0.01,
2022/7/24 16:00,23.2,61,,0.0,,2.5,–k–k¼,,0.01,
2022/7/24 17:00,22.5,62,,0.0,,2.3,–k–k¼,,0.01,
2022/7/24 18:00,22.6,65,,0.0,,1.7,–k–k¼,,0.01,
2022/7/24 19:00,21.6,69,,0.0,,1.6,–k–k¼,,0.01,
2022/7/24 20:00,21.0,71,,0.0,,1.0,–k–k¼,,0.01,
2022/7/24 21:00,20.2,78,,0.0,,0.5,–k–k¼,,1.0e-50,
2022/7/24 22:00,20.0,78,,0.0,,0.8,–k,,1.0e-50,
2022/7/24 23:00,19.6,81,,0.0,,0.8,¼–k¼,,1.0e-50,
2022/7/25 0:00,19.2,84,,0.0,,0.3,–k“Œ,,1.0e-50,
2022/7/25 1:00,18.8,85,,0.0,,0.5,“ì“ì“Œ,,1.0e-50,
2022/7/25 2:00,18.9,84,,0.0,,1.2,–k–k“Œ,,1.0e-50,
2022/7/25 3:00,17.7,89,,0.0,,0.3,¼,,1.0e-50,
2022/7/25 4:00,17.6,90,,0.0,,0.4,–k–k¼,,1.0e-50,
2022/7/25 5:00,17.5,90,,0.0,,0.3,–k–k¼,,0.01,
2022/7/25 6:00,18.9,82,,0.0,,0.8,“ì,,0.01,
2022/7/25 7:00,20.5,76,,0.0,,0.6,“ì“ì“Œ,,0.01,
2022/7/25 8:00,22.4,67,,0.0,,0.6,“Œ,,0.01,
2022/7/25 9:00,23.6,64,,0.0,,1.3,–k–k“Œ,,0.01,
2022/7/25 10:00,24.3,61,,0.0,,1.2,–k–k“Œ,,0.01,
2022/7/25 11:00,25.3,57,,0.0,,1.4,–k–k“Œ,,0.01,
2022/7/25 12:00,26.0,56,,0.0,,1.6,–k–k“Œ,,0.01,
2022/7/25 13:00,26.2,55,,0.0,,2.4,–k,,0.01,
2022/7/25 14:00,25.1,56,,0.0,,3.4,–k–k¼,,0.01,
2022/7/25 15:00,23.9,60,,0.0,,3.0,–k–k¼,,0.01,
2022/7/25 16:00,23.4,61,,0.0,,2.6,–k–k¼,,0.01,
2022/7/25 17:00,23.2,62,,0.0,,1.9,–k¼,,0.01,
2022/7/25 18:00,23.1,64,,0.0,,1.4,–k¼,,0.01,
2022/7/25 19:00,22.0,69,,0.0,,1.5,–k–k¼,,0.01,
2022/7/25 20:00,21.2,71,,0.0,,1.3,–k¼,,1.0e-50,
2022/7/25 21:00,20.5,75,,0.0,,0.7,–k¼,,1.0e-50,
2022/7/25 22:00,20.1,78,,0.0,,1.0,–k–k¼,,1.0e-50,
2022/7/25 23:00,19.6,80,,0.0,,0.9,–k¼,,1.0e-50,
2022/7/26 0:00,19.0,83,,0.0,,1.1,¼“ì¼,,1.0e-50,
2022/7/26 1:00,18.9,83,,0.0,,1.3,¼“ì¼,,1.0e-50,
2022/7/26 2:00,18.5,83,,0.0,,1.2,¼“ì¼,,1.0e-50,
2022/7/26 3:00,18.1,81,,0.0,,1.3,¼“ì¼,,1.0e-50,
2022/7/26 4:00,17.3,83,,0.0,,0.7,¼“ì¼,,1.0e-50,
2022/7/26 5:00,17.3,81,,0.0,,1.1,“ì¼,,0.01,
2022/7/26 6:00,18.8,74,,0.0,,0.9,¼“ì¼,,0.01,
2022/7/26 7:00,20.7,67,,0.0,,0.6,–k,,0.01,
2022/7/26 8:00,22.1,62,,0.0,,0.9,–k,,0.01,
2022/7/26 9:00,23.1,60,,0.0,,1.1,–k,,0.01,
2022/7/26 10:00,24.1,57,,0.0,,1.6,–k,,0.01,
2022/7/26 11:00,25.0,55,,0.0,,1.4,–k,,0.01,
2022/7/26 12:00,25.8,53,,0.0,,1.7,–k,,0.01,
2022/7/26 13:00,26.1,53,,0.0,,1.9,–k,,0.01,
2022/7/26 14:00,26.1,53,,0.0,,2.0,–k,,0.01,
2022/7/26 15:00,24.6,58,,0.0,,2.4,–k–k¼,,0.01,
2022/7/26 16:00,23.8,61,,0.0,,1.9,–k–k¼,,0.01,
2022/7/26 17:00,23.5,63,,0.0,,1.2,–k–k¼,,0.01,
2022/7/26 18:00,23.0,65,,0.0,,1.2,–k–k¼,,0.01,
2022/7/26 19:00,22.3,69,,0.0,,0.8,–k–k¼,,0.01,
2022/7/26 20:00,21.7,73,,0.0,,0.1,–k–k¼,,1.0e-50,
2022/7/26 21:00,20.8,77,,0.0,,0.2,–k,,1.0e-50,
2022/7/26 22:00,20.4,79,,0.0,,0.1,“ì“Œ,,1.0e-50,
2022/7/26 23:00,20.0,80,,0.0,,0.2,“ì“ì¼,,1.0e-50,
2022/7/27 0:00,20.1,79,,0.0,,0.9,“ì“ì¼,,1.0e-50,
2022/7/27 1:00,20.5,76,,0.0,,1.4,“ì“ì¼,,1.0e-50,
2022/7/27 2:00,20.4,76,,0.0,,1.2,“ì“ì¼,,1.0e-50,
2022/7/27 3:00,19.7,77,,0.0,,1.0,“ì,,1.0e-50,
2022/7/27 4:00,19.7,76,,0.0,,1.1,“ì,,1.0e-50,
2022/7/27 5:00,20.0,76,,0.0,,1.4,“ì,,0.01,
2022/7/27 6:00,20.1,77,,0.0,,1.1,“ì,,0.01,
2022/7/27 7:00,20.8,75,,0.0,,0.9,“ì“ì“Œ,,0.01,
2022/7/27 8:00,21.7,73,,0.0,,0.9,“Œ“ì“Œ,,0.01,
2022/7/27 9:00,22.5,68,,0.0,,1.2,“Œ,,0.01,
2022/7/27 10:00,23.3,63,,0.0,,1.3,“Œ“ì“Œ,,0.01,
2022/7/27 11:00,24.7,59,,0.0,,1.4,“Œ“ì“Œ,,0.01,
2022/7/27 12:00,26.1,57,,0.0,,1.2,“Œ,,0.01,
2022/7/27 13:00,26.3,57,,0.0,,1.3,“Œ–k“Œ,,0.01,
2022/7/27 14:00,26.3,58,,0.0,,1.3,–k“Œ,,0.01,
2022/7/27 15:00,26.7,59,,0.0,,0.9,–k“Œ,,0.01,
2022/7/27 16:00,26.6,60,,0.0,,1.0,–k“Œ,,0.01,
2022/7/27 17:00,25.6,64,,0.0,,1.7,–k,,0.01,
2022/7/27 18:00,24.7,65,,0.1,,1.3,–k–k¼,,0.01,
2022/7/27 19:00,23.6,68,,0.0,,0.9,–k–k¼,,0.01,
2022/7/27 20:00,22.8,71,,0.0,,0.6,–k¼,,1.0e-50,
2022/7/27 21:00,21.9,77,,0.0,,0.7,¼“ì¼,,1.0e-50,
2022/7/27 22:00,21.2,81,,0.0,,0.4,“ì¼,,1.0e-50,
2022/7/27 23:00,20.7,84,,0.0,,0.3,¼“ì¼,,1.0e-50,
2022/7/28 0:00,20.9,82,,0.0,,1.2,“ì,,1.0e-50,
2022/7/28 1:00,20.5,82,,0.0,,1.3,“ì,,1.0e-50,
2022/7/28 2:00,20.1,82,,0.0,,1.1,“ì“ì“Œ,,1.0e-50,
2022/7/28 3:00,19.8,81,,0.0,,1.2,“ì“ì“Œ,,1.0e-50,
2022/7/28 4:00,19.6,81,,0.0,,1.2,“ì“ì“Œ,,1.0e-50,
2022/7/28 5:00,19.2,82,,0.0,,1.1,“ì“Œ,,0.01,
2022/7/28 6:00,20.1,80,,0.0,,0.9,“ì“ì“Œ,,0.01,
2022/7/28 7:00,21.6,73,,0.0,,1.1,“ì“Œ,,0.01,
2022/7/28 8:00,23.1,68,,0.0,,0.9,“Œ“ì“Œ,,0.01,
2022/7/28 9:00,25.2,61,,0.0,,1.5,“Œ,,0.01,
2022/7/28 10:00,26.2,59,,0.0,,1.8,“Œ,,0.01,
2022/7/28 11:00,27.3,56,,0.0,,1.8,“Œ“ì“Œ,,0.01,
2022/7/28 12:00,28.5,53,,0.0,,1.7,“Œ“ì“Œ,,0.01,
2022/7/28 13:00,29.5,49,,0.0,,1.8,“ì“Œ,,0.01,
2022/7/28 14:00,29.5,49,,0.0,,1.5,“Œ“ì“Œ,,0.01,
2022/7/28 15:00,28.7,50,,0.0,,0.5,–k,,0.01,
2022/7/28 16:00,27.8,53,,0.0,,1.2,–k–k¼,,0.01,
2022/7/28 17:00,27.3,55,,0.0,,0.8,–k–k¼,,0.01,
2022/7/28 18:00,26.1,59,,0.0,,1.5,–k,,0.01,
2022/7/28 19:00,24.7,66,,0.0,,0.8,–k,,0.01,
2022/7/28 20:00,23.5,72,,0.0,,0.3,–k–k¼,,1.0e-50,
2022/7/28 21:00,22.6,78,,0.0,,0.6,“Œ“ì“Œ,,1.0e-50,
2022/7/28 22:00,22.3,81,,0.0,,0.7,“ì“ì“Œ,,1.0e-50,
2022/7/28 23:00,21.7,83,,0.0,,0.4,“ì“ì“Œ,,1.0e-50,
2022/7/29 0:00,21.4,85,,0.0,,0.9,“ì“ì“Œ,,1.0e-50,
2022/7/29 1:00,21.1,84,,0.0,,1.0,“ì“ì“Œ,,1.0e-50,
2022/7/29 2:00,20.8,83,,0.0,,1.0,“ì“ì“Œ,,1.0e-50,
2022/7/29 3:00,20.3,83,,0.0,,1.0,“ì,,1.0e-50,
2022/7/29 4:00,19.9,83,,0.0,,1.0,“ì,,1.0e-50,
2022/7/29 5:00,19.6,82,,0.0,,0.8,“ì,,0.01,
2022/7/29 6:00,20.7,76,,0.0,,0.6,“ì“ì“Œ,,0.01,
2022/7/29 7:00,22.7,67,,0.0,,0.5,“ì“Œ,,0.01,
2022/7/29 8:00,24.7,58,,0.0,,0.5,–k“Œ,,0.01,
2022/7/29 9:00,25.9,57,,0.0,,1.4,–k–k“Œ,,0.01,
2022/7/29 10:00,26.6,57,,0.0,,1.6,–k–k“Œ,,0.01,
2022/7/29 11:00,27.3,55,,0.0,,1.6,–k,,0.01,
2022/7/29 12:00,27.8,54,,0.0,,2.3,–k–k¼,,0.01,
2022/7/29 13:00,27.0,58,,0.0,,2.8,–k–k¼,,0.01,
2022/7/29 14:00,25.9,63,,0.0,,2.8,–k–k¼,,0.01,
2022/7/29 15:00,25.7,62,,0.0,,2.8,–k¼,,0.01,
2022/7/29 16:00,25.5,63,,0.0,,2.8,–k¼,,0.01,
2022/7/29 17:00,24.9,65,,0.0,,2.7,–k¼,,0.01,
2022/7/29 18:00,23.9,68,,0.0,,2.7,–k¼,,0.01,
2022/7/29 19:00,23.4,69,,0.0,,1.7,¼–k¼,,0.01,
2022/7/29 20:00,23.2,68,,0.0,,1.2,¼–k¼,,1.0e-50,
2022/7/29 21:00,22.2,74,,0.0,,0.8,–k¼,,1.0e-50,
2022/7/29 22:00,21.8,76,,0.0,,1.0,–k–k¼,,1.0e-50,
2022/7/29 23:00,21.5,78,,0.0,,1.3,–k¼,,1.0e-50,
2022/7/30 0:00,21.0,82,,0.0,,0.8,–k–k¼,,1.0e-50,
2022/7/30 1:00,20.6,84,,0.0,,0.7,–k¼,,1.0e-50,
2022/7/30 2:00,20.5,83,,0.1,,0.9,¼–k¼,,1.0e-50,
2022/7/30 3:00,19.7,84,,0.0,,0.3,¼“ì¼,,1.0e-50,
2022/7/30 4:00,19.5,84,,0.0,,0.1,“ì“Œ,,1.0e-50,
2022/7/30 5:00,19.6,85,,0.0,,0.5,“ì“ì“Œ,,0.01,
2022/7/30 6:00,20.3,83,,0.0,,0.3,“ì¼,,0.01,
2022/7/30 7:00,21.6,79,,0.0,,0.8,“ì“ì“Œ,,0.01,
2022/7/30 8:00,23.4,70,,0.0,,1.6,“ì“Œ,,0.01,
2022/7/30 9:00,24.7,66,,0.0,,1.3,“Œ“ì“Œ,,0.01,
2022/7/30 10:00,26.0,61,,0.0,,1.7,“Œ“ì“Œ,,0.01,
2022/7/30 11:00,26.8,58,,0.0,,2.1,“Œ“ì“Œ,,0.01,
2022/7/30 12:00,27.3,59,,0.0,,2.0,“Œ,,0.01,
2022/7/30 13:00,26.9,60,,0.0,,2.3,“ì“Œ,,0.01,
2022/7/30 14:00,26.5,60,,0.0,,2.2,“ì“Œ,,0.01,
2022/7/30 15:00,25.8,61,,0.0,,1.9,“Œ“ì“Œ,,0.01,
2022/7/30 16:00,25.1,63,,0.0,,2.2,“ì“Œ,,0.01,
2022/7/30 17:00,24.2,66,,0.0,,2.8,“ì“Œ,,0.01,
2022/7/30 18:00,23.9,67,,0.0,,2.7,“ì“Œ,,0.01,
2022/7/30 19:00,22.3,72,,0.0,,3.0,“ì“Œ,,0.01,
2022/7/30 20:00,21.5,74,,0.0,,2.8,“ì“ì“Œ,,1.0e-50,
2022/7/30 21:00,20.3,78,,0.0,,2.6,“ì“Œ,,1.0e-50,
2022/7/30 22:00,20.1,78,,0.0,,2.5,“ì“Œ,,1.0e-50,
2022/7/30 23:00,20.0,77,,0.0,,2.2,“ì“ì“Œ,,1.0e-50,
2022/7/31 0:00,19.7,78,,0.0,,2.3,“ì“Œ,,1.0e-50,
2022/7/31 1:00,19.2,81,,0.0,,2.1,“ì“Œ,,1.0e-50,
2022/7/31 2:00,18.9,81,,0.0,,1.9,“ì“ì“Œ,,1.0e-50,
2022/7/31 3:00,18.5,79,,0.0,,1.6,“ì“Œ,,1.0e-50,
2022/7/31 4:00,18.2,81,,0.0,,1.7,“ì“Œ,,1.0e-50,
2022/7/31 5:00,18.0,83,,0.0,,1.7,“ì“ì“Œ,,0.01,
2022/7/31 6:00,18.6,79,,0.0,,1.8,“ì“Œ,,0.01,
2022/7/31 7:00,20.3,72,,0.0,,2.5,“ì“Œ,,0.01,
2022/7/31 8:00,21.9,65,,0.0,,2.6,“ì“Œ,,0.01,
2022/7/31 9:00,23.3,58,,0.0,,2.7,“ì“Œ,,0.01,
2022/7/31 10:00,24.1,56,,0.0,,3.3,“ì“Œ,,0.01,
2022/7/31 11:00,24.8,53,,0.0,,3.2,“ì“Œ,,0.01,
2022/7/31 12:00,25.9,48,,0.0,,2.5,“Œ“ì“Œ,,0.01,
2022/7/31 13:00,26.5,46,,0.0,,2.5,“Œ“ì“Œ,,0.01,
2022/7/31 14:00,26.7,45,,0.0,,2.9,“ì“Œ,,0.01,
2022/7/31 15:00,26.6,44,,0.0,,2.5,“ì“Œ,,0.01,
2022/7/31 16:00,26.3,44,,0.0,,2.4,“ì“Œ,,0.01,
2022/7/31 17:00,25.6,48,,0.0,,2.2,“ì“Œ,,0.01,
2022/7/31 18:00,23.7,54,,0.0,,2.2,“ì“Œ,,0.01,
2022/7/31 19:00,22.0,64,,0.0,,2.1,“ì“Œ,,0.01,
2022/7/31 20:00,21.0,70,,0.0,,1.9,“ì“ì“Œ,,1.0e-50,
2022/7/31 21:00,20.6,73,,0.0,,0.9,“ì“ì“Œ,,1.0e-50,
2022/7/31 22:00,19.9,77,,0.0,,0.7,“ì,,1.0e-50,
2022/7/31 23:00,19.4,79,,0.0,,0.6,“ì,,1.0e-50,
2022/8/1 0:00,19.2,78,,0.0,,0.5,“ì,,1.0e-50,
2022/8/1 1:00,18.9,80,,0.0,,0.6,“ì¼,,1.0e-50,
2022/8/1 2:00,18.5,82,,0.0,,0.7,“ì“ì¼,,1.0e-50,
2022/8/1 3:00,18.5,85,,0.0,,0.8,“ì,,1.0e-50,
2022/8/1 4:00,18.6,85,,0.0,,1.0,“ì“ì¼,,1.0e-50,
2022/8/1 5:00,18.7,86,,0.0,,0.7,“ì“ì¼,,0.01,
2022/8/1 6:00,19.9,85,,0.0,,0.3,“ì“ì¼,,0.01,
2022/8/1 7:00,21.3,81,,0.0,,0.4,“Œ“ì“Œ,,0.01,
2022/8/1 8:00,23.0,74,,0.0,,0.9,“Œ,,0.01,
2022/8/1 9:00,24.4,67,,0.0,,1.3,“Œ,,0.01,
2022/8/1 10:00,26.0,60,,0.0,,1.6,“Œ“ì“Œ,,0.01,
2022/8/1 11:00,27.5,55,,0.0,,1.8,“Œ“ì“Œ,,0.01,
2022/8/1 12:00,28.7,50,,0.0,,1.7,“Œ“ì“Œ,,0.01,
2022/8/1 13:00,29.1,49,,0.0,,1.4,“Œ“ì“Œ,,0.01,
2022/8/1 14:00,28.3,53,,0.0,,0.6,–k–k“Œ,,0.01,
2022/8/1 15:00,26.5,62,,0.0,,2.2,–k–k¼,,0.01,
2022/8/1 16:00,24.8,70,,0.0,,1.9,–k–k¼,,0.01,
2022/8/1 17:00,24.4,71,,0.0,,1.2,–k,,0.01,
2022/8/1 18:00,23.7,74,,0.0,,1.4,–k,,0.01,
2022/8/1 19:00,22.7,80,,0.0,,0.7,–k“Œ,,0.01,
2022/8/1 20:00,22.0,83,,0.0,,0.6,“Œ“ì“Œ,,1.0e-50,
2022/8/1 21:00,21.1,83,,0.0,,1.3,“ì“Œ,,1.0e-50,
2022/8/1 22:00,20.6,85,,0.0,,1.2,“ì“ì“Œ,,1.0e-50,
2022/8/1 23:00,20.3,87,,0.0,,1.3,“ì“Œ,,1.0e-50,
2022/8/2 0:00,19.5,88,,0.0,,1.6,“ì“Œ,,1.0e-50,
2022/8/2 1:00,19.4,84,,0.0,,1.8,“ì“Œ,,1.0e-50,
2022/8/2 2:00,19.4,82,,0.0,,2.0,“ì“ì“Œ,,1.0e-50,
2022/8/2 3:00,19.4,84,,0.0,,1.8,“ì“ì“Œ,,1.0e-50,
2022/8/2 4:00,19.2,87,,0.0,,1.7,“ì“ì“Œ,,1.0e-50,
2022/8/2 5:00,19.3,88,,0.0,,1.8,“ì“ì“Œ,,0.01,
2022/8/2 6:00,19.9,86,,0.0,,1.9,“ì“ì“Œ,,0.01,
2022/8/2 7:00,21.2,80,,0.0,,2.5,“ì“ì“Œ,,0.01,
2022/8/2 8:00,22.6,73,,0.0,,2.8,“ì“ì“Œ,,0.01,
2022/8/2 9:00,23.7,68,,0.0,,2.1,“ì“Œ,,0.01,
2022/8/2 10:00,24.4,64,,0.0,,2.4,“ì“ì“Œ,,0.01,
2022/8/2 11:00,25.3,61,,0.0,,2.5,“ì“ì“Œ,,0.01,
2022/8/2 12:00,25.7,61,,0.0,,3.1,“ì“ì“Œ,,0.01,
2022/8/2 13:00,26.3,59,,0.0,,3.3,“ì“ì“Œ,,0.01,
2022/8/2 14:00,26.5,59,,0.0,,3.4,“ì“ì“Œ,,0.01,
2022/8/2 15:00,26.6,59,,0.0,,3.0,“ì“Œ,,0.01,
2022/8/2 16:00,25.9,62,,0.0,,3.1,“ì“Œ,,0.01,
2022/8/2 17:00,24.5,67,,0.0,,3.5,“ì“ì“Œ,,0.01,
2022/8/2 18:00,22.9,74,,0.0,,3.2,“ì“ì“Œ,,0.01,
2022/8/2 19:00,22.0,78,,0.0,,2.8,“ì“ì“Œ,,0.01,
2022/8/2 20:00,21.2,83,,0.0,,3.0,“ì“ì“Œ,,1.0e-50,
2022/8/2 21:00,21.1,83,,0.0,,2.2,“ì“Œ,,1.0e-50,
2022/8/2 22:00,20.7,85,,0.0,,2.4,“ì“Œ,,1.0e-50,
2022/8/2 23:00,20.5,85,,0.0,,2.6,“ì“ì“Œ,,1.0e-50,
2022/8/3 0:00,19.8,87,,0.0,,2.6,“ì“ì“Œ,,1.0e-50,
2022/8/3 1:00,19.5,86,,0.0,,2.5,“ì“Œ,,1.0e-50,
2022/8/3 2:00,19.1,86,,0.0,,2.5,“ì“Œ,,1.0e-50,
2022/8/3 3:00,18.9,88,,0.0,,2.4,“ì“Œ,,1.0e-50,
2022/8/3 4:00,18.9,87,,0.0,,2.3,“ì“ì“Œ,,1.0e-50,
2022/8/3 5:00,18.9,86,,0.0,,2.4,“ì“ì“Œ,,0.01,
2022/8/3 6:00,19.7,81,,0.0,,2.6,“ì“ì“Œ,,0.01,
2022/8/3 7:00,21.1,75,,0.0,,2.9,“ì“ì“Œ,,0.01,
2022/8/3 8:00,22.3,70,,0.0,,3.3,“ì“ì“Œ,,0.01,
2022/8/3 9:00,23.8,65,,0.0,,3.5,“ì“ì“Œ,,0.01,
2022/8/3 10:00,24.7,63,,0.0,,3.9,“ì“ì“Œ,,0.01,
2022/8/3 11:00,24.9,63,,0.0,,4.1,“ì“ì“Œ,,0.01,
2022/8/3 12:00,25.6,62,,0.0,,4.3,“ì“ì“Œ,,0.01,
2022/8/3 13:00,24.9,66,,0.0,,4.3,“ì“ì“Œ,,0.01,
2022/8/3 14:00,24.3,69,,0.0,,4.1,“ì“ì“Œ,,0.01,
2022/8/3 15:00,24.6,69,,0.0,,3.9,“ì“ì“Œ,,0.01,
2022/8/3 16:00,23.6,73,,0.0,,3.6,“ì“ì“Œ,,0.01,
2022/8/3 17:00,22.7,74,,0.0,,3.6,“ì“ì“Œ,,0.01,
2022/8/3 18:00,22.3,75,,0.2,,3.1,“ì“ì“Œ,,0.01,
2022/8/3 19:00,21.9,78,,0.3,,3.0,“ì“ì“Œ,,0.01,
2022/8/3 20:00,21.7,81,,0.5,,3.1,“ì“ì“Œ,,1.0e-50,
2022/8/3 21:00,21.8,81,,1.8,,3.5,“ì“ì“Œ,,1.0e-50,
2022/8/3 22:00,21.6,84,,1.7,,3.5,“ì“ì“Œ,,1.0e-50,
2022/8/3 23:00,21.5,85,,1.4,,3.2,“ì“ì“Œ,,1.0e-50,
2022/8/4 0:00,21.5,84,,1.9,,3.5,“ì“ì“Œ,,1.0e-50,
2022/8/4 1:00,21.6,83,,2.9,,3.6,“ì“ì“Œ,,1.0e-50,
2022/8/4 2:00,21.3,85,,0.2,,3.4,“ì“ì“Œ,,1.0e-50,
2022/8/4 3:00,21.1,87,,0.0,,3.2,“ì“ì“Œ,,1.0e-50,
2022/8/4 4:00,21.1,87,,0.0,,3.1,“ì“ì“Œ,,1.0e-50,
2022/8/4 5:00,21.3,87,,0.0,,3.1,“ì“ì“Œ,,0.01,
2022/8/4 6:00,21.7,86,,0.0,,2.8,“ì“ì“Œ,,0.01,
2022/8/4 7:00,22.8,82,,0.0,,2.8,“ì“ì“Œ,,0.01,
2022/8/4 8:00,24.5,76,,0.0,,3.0,“ì“ì“Œ,,0.01,
2022/8/4 9:00,26.3,69,,0.0,,2.5,“ì“Œ,,0.01,
2022/8/4 10:00,27.4,65,,0.0,,2.5,“ì“Œ,,0.01,
2022/8/4 11:00,27.6,65,,0.0,,2.4,“ì“Œ,,0.01,
2022/8/4 12:00,27.5,67,,0.0,,2.2,“ì“ì“Œ,,0.01,
2022/8/4 13:00,27.4,69,,0.0,,2.1,“ì“ì“Œ,,0.01,
2022/8/4 14:00,28.2,66,,0.0,,1.8,“ì“Œ,,0.01,
2022/8/4 15:00,28.7,64,,0.0,,1.0,“Œ“ì“Œ,,0.01,
2022/8/4 16:00,28.1,67,,0.0,,1.0,“Œ“ì“Œ,,0.01,
2022/8/4 17:00,27.6,70,,0.0,,1.1,“Œ“ì“Œ,,0.01,
2022/8/4 18:00,26.5,76,,0.0,,0.9,“Œ“ì“Œ,,0.01,
2022/8/4 19:00,25.1,83,,0.0,,0.5,“Œ“ì“Œ,,0.01,
2022/8/4 20:00,24.5,84,,0.0,,1.1,“ì“ì“Œ,,1.0e-50,
2022/8/4 21:00,23.9,84,,0.0,,1.1,“ì“ì“Œ,,1.0e-50,
2022/8/4 22:00,23.6,85,,0.0,,1.2,“ì“ì“Œ,,1.0e-50,
2022/8/4 23:00,23.3,87,,0.0,,1.1,“Œ“ì“Œ,,1.0e-50,
2022/8/5 0:00,23.2,88,,1.7,,1.4,“ì“Œ,,1.0e-50,
2022/8/5 1:00,22.9,91,,0.1,,1.4,“ì“Œ,,1.0e-50,
2022/8/5 2:00,22.6,92,,0.7,,1.6,“ì“Œ,,1.0e-50,
2022/8/5 3:00,22.1,94,,2.6,,1.1,“ì“Œ,,1.0e-50,
2022/8/5 4:00,21.9,94,,0.0,,1.3,“ì“ì“Œ,,1.0e-50,
2022/8/5 5:00,21.9,93,,0.0,,1.2,“ì“ì“Œ,,0.01,
2022/8/5 6:00,22.3,91,,0.0,,1.2,“ì“ì“Œ,,0.01,
2022/8/5 7:00,23.0,87,,3.1,,1.2,“ì“ì“Œ,,0.01,
2022/8/5 8:00,24.8,79,,0.1,,0.8,“ì“Œ,,0.01,
2022/8/5 9:00,25.8,76,,0.0,,1.0,–k“Œ,,0.01,
2022/8/5 10:00,26.9,69,,0.0,,0.6,“Œ–k“Œ,,0.01,
2022/8/5 11:00,28.2,63,,0.0,,0.8,–k“Œ,,0.01,
2022/8/5 12:00,28.2,64,,0.0,,1.9,–k,,0.01,
2022/8/5 13:00,28.1,64,,0.0,,1.7,–k,,0.01,
2022/8/5 14:00,27.9,65,,0.0,,1.6,–k,,0.01,
2022/8/5 15:00,28.1,65,,0.1,,1.5,–k–k“Œ,,0.01,
2022/8/5 16:00,26.9,71,,0.0,,1.2,–k–k“Œ,,0.01,
2022/8/5 17:00,25.9,75,,0.0,,1.1,–k,,0.01,
2022/8/5 18:00,24.6,81,,0.0,,0.8,–k–k¼,,0.01,
2022/8/5 19:00,23.9,86,,0.4,,0.6,“Œ–k“Œ,,0.01,
2022/8/5 20:00,23.2,89,,0.2,,0.5,“Œ“ì“Œ,,1.0e-50,
2022/8/5 21:00,22.5,93,,0.0,,0.9,“ì,,1.0e-50,
2022/8/5 22:00,22.2,94,,0.0,,1.0,“ì,,1.0e-50,
2022/8/5 23:00,22.0,94,,0.0,,1.1,“ì,,1.0e-50,
2022/8/6 0:00,21.9,92,,0.0,,1.1,“ì,,1.0e-50,
2022/8/6 1:00,21.6,92,,0.0,,1.2,“ì,,1.0e-50,
2022/8/6 2:00,21.3,91,,0.0,,1.1,“ì“ì“Œ,,1.0e-50,
2022/8/6 3:00,21.1,92,,0.0,,0.8,“ì,,1.0e-50,
2022/8/6 4:00,21.0,91,,0.0,,0.8,“ì,,1.0e-50,
2022/8/6 5:00,21.0,91,,0.0,,1.1,“ì“ì“Œ,,0.01,
2022/8/6 6:00,21.3,90,,0.0,,1.1,“ì,,0.01,
2022/8/6 7:00,22.1,87,,0.0,,0.8,“ì“ì“Œ,,0.01,
2022/8/6 8:00,22.9,84,,0.0,,0.9,“ì“Œ,,0.01,
2022/8/6 9:00,24.2,79,,0.0,,1.1,“ì“Œ,,0.01,
2022/8/6 10:00,25.1,76,,0.0,,1.3,“Œ“ì“Œ,,0.01,
2022/8/6 11:00,25.6,74,,0.1,,0.9,“Œ–k“Œ,,0.01,
2022/8/6 12:00,25.3,76,,0.2,,0.9,–k,,0.01,
2022/8/6 13:00,25.1,77,,0.1,,0.6,–k–k“Œ,,0.01,
2022/8/6 14:00,25.1,77,,0.5,,1.1,–k–k“Œ,,0.01,
2022/8/6 15:00,24.5,83,,0.4,,0.7,“Œ,,0.01,
2022/8/6 16:00,24.0,87,,1.4,,0.4,“Œ,,0.01,
2022/8/6 17:00,23.4,91,,2.3,,0.6,“Œ“ì“Œ,,0.01,
2022/8/6 18:00,23.3,90,,1.2,,1.6,“ì“Œ,,0.01,
2022/8/6 19:00,22.8,85,,0.0,,1.8,“ì“ì“Œ,,0.01,
2022/8/6 20:00,22.7,84,,0.0,,1.9,“ì“Œ,,1.0e-50,
2022/8/6 21:00,21.9,93,,0.0,,2.4,“ì“ì“Œ,,1.0e-50,
2022/8/6 22:00,21.7,94,,0.0,,2.3,“ì“ì“Œ,,1.0e-50,
2022/8/6 23:00,21.9,91,,0.0,,3.0,“ì“ì“Œ,,1.0e-50,
2022/8/7 0:00,22.1,89,,0.0,,3.8,“ì“ì“Œ,,1.0e-50,
2022/8/7 1:00,22.2,86,,0.0,,3.9,“ì“ì“Œ,,1.0e-50,
2022/8/7 2:00,21.4,89,,0.0,,4.5,“ì“ì“Œ,,1.0e-50,
2022/8/7 3:00,21.7,87,,2.3,,4.5,“ì“ì“Œ,,1.0e-50,
2022/8/7 4:00,22.5,85,,1.6,,4.4,“ì“ì“Œ,,1.0e-50,
2022/8/7 5:00,23.0,84,,0.7,,5.0,“ì“ì“Œ,,0.01,
2022/8/7 6:00,23.3,82,,0.8,,5.7,“ì“ì“Œ,,0.01,
2022/8/7 7:00,23.7,78,,0.7,,6.1,“ì“ì“Œ,,0.01,
2022/8/7 8:00,25.5,69,,0.1,,5.7,“ì“ì“Œ,,0.01,
2022/8/7 9:00,24.9,64,,0.0,,5.2,“ì,,0.01,
2022/8/7 10:00,24.1,62,,0.0,,5.5,“ì“ì¼,,0.01,
2022/8/7 11:00,24.8,58,,0.0,,5.4,“ì“ì¼,,0.01,
2022/8/7 12:00,23.6,65,,0.0,,4.6,“ì¼,,0.01,
2022/8/7 13:00,25.2,57,,0.0,,4.5,“ì¼,,0.01,
2022/8/7 14:00,24.7,60,,0.0,,5.3,¼“ì¼,,0.01,
2022/8/7 15:00,24.3,66,,0.0,,4.0,¼“ì¼,,0.01,
2022/8/7 16:00,23.7,71,,0.0,,4.8,¼–k¼,,0.01,
2022/8/7 17:00,21.9,72,,0.1,,4.2,¼–k¼,,0.01,
2022/8/7 18:00,20.4,73,,0.0,,3.6,¼–k¼,,0.01,
2022/8/7 19:00,20.0,73,,0.0,,3.4,¼–k¼,,0.01,
2022/8/7 20:00,19.7,71,,0.0,,3.5,¼–k¼,,1.0e-50,
2022/8/7 21:00,19.6,72,,0.0,,2.8,¼–k¼,,1.0e-50,
2022/8/7 22:00,19.6,69,,0.0,,3.0,–k¼,,1.0e-50,
2022/8/7 23:00,19.5,69,,0.0,,3.0,–k¼,,1.0e-50,
2022/8/8 0:00,19.3,72,,0.0,,2.5,¼–k¼,,1.0e-50,
2022/8/8 1:00,19.3,72,,0.0,,2.3,–k¼,,1.0e-50,
2022/8/8 2:00,19.2,72,,0.0,,2.2,–k¼,,1.0e-50,
2022/8/8 3:00,18.8,73,,0.0,,1.9,¼–k¼,,1.0e-50,
2022/8/8 4:00,18.6,74,,0.0,,1.7,¼–k¼,,1.0e-50,
2022/8/8 5:00,18.3,76,,0.0,,1.4,¼–k¼,,0.01,
2022/8/8 6:00,18.2,75,,0.0,,1.0,¼–k¼,,0.01,
2022/8/8 7:00,19.1,71,,0.0,,1.4,–k¼,,0.01,
2022/8/8 8:00,20.2,67,,0.0,,1.8,–k–k¼,,0.01,
2022/8/8 9:00,20.2,68,,0.0,,2.0,–k–k¼,,0.01,
2022/8/8 10:00,20.8,66,,0.0,,2.0,–k,,0.01,
2022/8/8 11:00,21.3,65,,0.0,,1.8,–k,,0.01,
2022/8/8 12:00,21.3,65,,0.0,,2.6,–k–k¼,,0.01,
2022/8/8 13:00,21.7,64,,0.0,,2.3,–k–k¼,,0.01,
2022/8/8 14:00,22.3,62,,0.0,,1.8,–k,,0.01,
2022/8/8 15:00,22.1,65,,0.0,,2.0,–k–k¼,,0.01,
2022/8/8 16:00,21.8,66,,0.0,,1.6,–k–k¼,,0.01,
2022/8/8 17:00,21.6,68,,0.0,,1.0,–k–k¼,,0.01,
2022/8/8 18:00,21.5,70,,0.0,,0.7,–k–k¼,,0.01,
2022/8/8 19:00,20.4,76,,0.0,,0.7,–k¼,,0.01,
2022/8/8 20:00,19.8,79,,0.0,,0.9,“ì¼,,1.0e-50,
2022/8/8 21:00,19.1,81,,0.0,,1.0,“ì“ì¼,,1.0e-50,
2022/8/8 22:00,18.7,82,,0.0,,1.0,“ì,,1.0e-50,
2022/8/8 23:00,18.5,82,,0.0,,1.1,“ì“ì“Œ,,1.0e-50,
2022/8/9 0:00,18.1,84,,0.0,,1.0,“ì“ì“Œ,,1.0e-50,
2022/8/9 1:00,17.7,87,,0.0,,1.3,“ì“ì“Œ,,1.0e-50,
2022/8/9 2:00,17.7,90,,0.0,,1.2,“ì“ì“Œ,,1.0e-50,
2022/8/9 3:00,17.9,92,,0.0,,1.4,“ì“ì“Œ,,1.0e-50,
2022/8/9 4:00,18.4,94,,0.0,,1.7,“ì“ì“Œ,,1.0e-50,
2022/8/9 5:00,18.6,93,,0.0,,1.9,“ì“Œ,,0.01,
2022/8/9 6:00,19.2,90,,0.0,,1.9,“ì“ì“Œ,,0.01,
2022/8/9 7:00,19.9,86,,0.0,,2.2,“ì“ì“Œ,,0.01,
2022/8/9 8:00,21.0,79,,0.0,,2.6,“ì“ì“Œ,,0.01,
2022/8/9 9:00,20.0,85,,0.0,,2.8,“ì“ì“Œ,,0.01,
2022/8/9 10:00,21.4,77,,0.0,,2.7,“ì“ì“Œ,,0.01,
2022/8/9 11:00,23.0,68,,0.0,,2.8,“ì“ì“Œ,,0.01,
2022/8/9 12:00,22.2,74,,0.0,,2.4,“ì“ì“Œ,,0.01,
2022/8/9 13:00,22.3,72,,0.0,,2.5,“ì“ì“Œ,,0.01,
2022/8/9 14:00,22.2,72,,0.0,,2.3,“ì“ì“Œ,,0.01,
2022/8/9 15:00,22.2,75,,0.0,,2.0,“ì“ì“Œ,,0.01,
2022/8/9 16:00,21.9,75,,0.0,,1.7,“ì,,0.01,
2022/8/9 17:00,21.8,76,,0.0,,1.6,“ì,,0.01,
2022/8/9 18:00,21.9,78,,0.0,,1.4,“ì“ì¼,,0.01,
2022/8/9 19:00,21.9,78,,0.0,,1.5,“ì“ì¼,,0.01,
2022/8/9 20:00,21.8,78,,0.0,,1.4,“ì“ì¼,,1.0e-50,
2022/8/9 21:00,21.2,81,,0.0,,1.5,“ì,,1.0e-50,
2022/8/9 22:00,21.1,82,,0.0,,1.4,“ì“ì¼,,1.0e-50,
2022/8/9 23:00,21.0,82,,0.0,,1.4,“ì,,1.0e-50,
2022/8/10 0:00,20.8,85,,0.0,,1.4,“ì,,1.0e-50,
2022/8/10 1:00,20.8,85,,0.0,,1.3,“ì,,1.0e-50,
2022/8/10 2:00,20.7,86,,0.0,,1.3,“ì,,1.0e-50,
2022/8/10 3:00,20.6,86,,0.0,,1.4,“ì,,1.0e-50,
2022/8/10 4:00,20.5,87,,0.0,,1.3,“ì“ì“Œ,,1.0e-50,
2022/8/10 5:00,20.5,89,,0.0,,1.6,“ì“ì“Œ,,0.01,
2022/8/10 6:00,20.3,89,,0.1,,1.3,“ì“ì“Œ,,0.01,
2022/8/10 7:00,20.9,87,,0.5,,1.2,“ì“ì“Œ,,0.01,
2022/8/10 8:00,21.8,83,,1.8,,1.4,“ì“ì“Œ,,0.01,
2022/8/10 9:00,23.5,75,,0.1,,2.1,“ì“Œ,,0.01,
2022/8/10 10:00,24.2,73,,0.4,,2.6,“ì“Œ,,0.01,
2022/8/10 11:00,23.9,77,,0.7,,2.8,“ì“Œ,,0.01,
2022/8/10 12:00,23.3,79,,0.6,,3.0,“ì“ì“Œ,,0.01,
2022/8/10 13:00,23.2,80,,0.7,,3.2,“ì“ì“Œ,,0.01,
2022/8/10 14:00,22.8,82,,0.8,,3.2,“ì“ì“Œ,,0.01,
2022/8/10 15:00,23.7,80,,0.0,,3.4,“ì“ì“Œ,,0.01,
2022/8/10 16:00,23.3,82,,0.0,,3.5,“ì“ì“Œ,,0.01,
2022/8/10 17:00,23.3,82,,0.0,,2.8,“ì“ì“Œ,,0.01,
2022/8/10 18:00,22.5,85,,0.0,,2.6,“ì“ì“Œ,,0.01,
2022/8/10 19:00,22.4,86,,0.0,,2.4,“ì“Œ,,0.01,
2022/8/10 20:00,22.3,87,,0.0,,2.5,“ì“ì“Œ,,1.0e-50,
2022/8/10 21:00,22.7,87,,0.0,,2.0,“ì“ì“Œ,,1.0e-50,
2022/8/10 22:00,22.8,88,,0.0,,1.7,“ì“ì“Œ,,1.0e-50,
2022/8/10 23:00,22.7,90,,0.0,,1.3,“ì“Œ,,1.0e-50,
2022/8/11 0:00,22.1,93,,0.0,,1.3,“ì“ì“Œ,,1.0e-50,
2022/8/11 1:00,22.2,94,,0.0,,1.4,“ì“ì“Œ,,1.0e-50,
2022/8/11 2:00,22.1,94,,0.0,,1.3,“ì“ì“Œ,,1.0e-50,
2022/8/11 3:00,22.1,94,,0.0,,1.5,“ì“ì“Œ,,1.0e-50,
2022/8/11 4:00,22.1,94,,0.0,,1.5,“ì“ì“Œ,,1.0e-50,
2022/8/11 5:00,22.2,94,,0.0,,1.5,“ì“ì“Œ,,0.01,
2022/8/11 6:00,23.2,90,,0.0,,1.6,“ì“ì“Œ,,0.01,
2022/8/11 7:00,25.3,79,,0.0,,2.0,“ì“Œ,,0.01,
2022/8/11 8:00,27.7,68,,0.0,,2.6,“ì“ì“Œ,,0.01,
2022/8/11 9:00,29.3,62,,0.0,,2.8,“ì“ì“Œ,,0.01,
2022/8/11 10:00,30.4,57,,0.0,,3.2,“ì“ì“Œ,,0.01,
2022/8/11 11:00,30.3,57,,0.0,,3.4,“ì,,0.01,
2022/8/11 12:00,30.0,58,,0.0,,3.8,“ì“ì“Œ,,0.01,
2022/8/11 13:00,29.5,59,,0.0,,4.2,“ì“ì“Œ,,0.01,
2022/8/11 14:00,29.0,60,,0.0,,4.2,“ì“ì“Œ,,0.01,
2022/8/11 15:00,29.2,59,,0.0,,4.2,“ì,,0.01,
2022/8/11 16:00,27.8,62,,0.0,,3.6,“ì,,0.01,
2022/8/11 17:00,26.9,61,,0.0,,2.1,“ì,,0.01,
2022/8/11 18:00,26.7,64,,0.0,,2.1,“ì¼,,0.01,
2022/8/11 19:00,25.6,66,,0.0,,1.9,¼“ì¼,,0.01,
2022/8/11 20:00,25.0,65,,0.0,,3.1,¼,,1.0e-50,
2022/8/11 21:00,24.1,71,,0.0,,0.9,“Œ–k“Œ,,1.0e-50,
2022/8/11 22:00,23.3,76,,0.0,,1.1,“Œ,,1.0e-50,
2022/8/11 23:00,22.5,82,,0.4,,1.0,“Œ“ì“Œ,,1.0e-50,
2022/8/12 0:00,22.2,88,,0.6,,0.3,–k–k¼,,1.0e-50,
2022/8/12 1:00,21.9,89,,0.8,,1.1,“ì“ì“Œ,,1.0e-50,
2022/8/12 2:00,21.6,92,,0.1,,0.7,“ì“Œ,,1.0e-50,
2022/8/12 3:00,21.2,94,,0.0,,1.0,“ì“ì“Œ,,1.0e-50,
2022/8/12 4:00,20.8,93,,0.0,,0.8,“ì“ì“Œ,,1.0e-50,
2022/8/12 5:00,20.7,92,,0.0,,0.9,“ì,,0.01,
2022/8/12 6:00,21.6,85,,0.0,,0.8,“ì,,0.01,
2022/8/12 7:00,24.1,74,,0.0,,0.1,–k,,0.01,
2022/8/12 8:00,25.4,69,,0.0,,1.2,–k–k“Œ,,0.01,
2022/8/12 9:00,27.3,62,,0.0,,0.9,–k–k“Œ,,0.01,
2022/8/12 10:00,28.4,59,,0.0,,1.3,–k–k“Œ,,0.01,
2022/8/12 11:00,29.0,58,,0.0,,1.5,–k–k“Œ,,0.01,
2022/8/12 12:00,29.6,57,,0.0,,1.7,–k–k“Œ,,0.01,
2022/8/12 13:00,30.2,55,,0.0,,1.4,–k–k“Œ,,0.01,
2022/8/12 14:00,30.6,53,,0.1,,1.1,–k–k“Œ,,0.01,
2022/8/12 15:00,31.2,50,,0.0,,0.8,–k¼,,0.01,
2022/8/12 16:00,30.6,52,,0.1,,1.3,¼–k¼,,0.01,
2022/8/12 17:00,29.9,53,,0.0,,1.3,¼,,0.01,
2022/8/12 18:00,28.2,62,,0.0,,0.8,“ì“ì¼,,0.01,
2022/8/12 19:00,26.5,70,,0.0,,0.6,“ì“ì“Œ,,0.01,
2022/8/12 20:00,25.3,76,,0.0,,0.7,“Œ“ì“Œ,,1.0e-50,
2022/8/12 21:00,23.8,84,,0.0,,1.1,“Œ“ì“Œ,,1.0e-50,
2022/8/12 22:00,23.0,87,,0.0,,1.1,“Œ,,1.0e-50,
2022/8/12 23:00,22.0,91,,0.0,,0.9,“Œ,,1.0e-50,
2022/8/13 0:00,21.5,90,,0.0,,1.2,“ì“Œ,,1.0e-50,
2022/8/13 1:00,20.9,91,,0.0,,1.0,“ì“Œ,,1.0e-50,
2022/8/13 2:00,20.8,89,,0.0,,0.8,“Œ–k“Œ,,1.0e-50,
2022/8/13 3:00,20.5,90,,0.0,,0.9,–k¼,,1.0e-50,
2022/8/13 4:00,20.1,93,,0.0,,0.5,–k–k“Œ,,1.0e-50,
2022/8/13 5:00,19.6,93,,0.0,,0.5,“ì“ì“Œ,,0.01,
2022/8/13 6:00,20.2,90,,0.0,,0.4,“Œ–k“Œ,,0.01,
2022/8/13 7:00,22.0,81,,0.0,,0.4,“Œ–k“Œ,,0.01,
2022/8/13 8:00,23.9,71,,0.0,,1.0,–k–k“Œ,,0.01,
2022/8/13 9:00,25.6,59,,0.0,,2.5,–k–k¼,,0.01,
2022/8/13 10:00,25.9,57,,0.0,,3.6,–k–k¼,,0.01,
2022/8/13 11:00,25.9,59,,0.0,,3.6,–k–k¼,,0.01,
2022/8/13 12:00,25.7,58,,0.0,,3.9,–k¼,,0.01,
2022/8/13 13:00,24.8,64,,0.0,,4.0,–k¼,,0.01,
2022/8/13 14:00,24.0,67,,0.0,,4.3,–k¼,,0.01,
2022/8/13 15:00,24.1,68,,0.0,,3.6,–k–k¼,,0.01,
2022/8/13 16:00,22.8,73,,0.0,,3.4,–k–k¼,,0.01,
2022/8/13 17:00,21.8,75,,0.0,,3.3,–k¼,,0.01,
2022/8/13 18:00,21.0,79,,0.0,,2.9,–k–k¼,,0.01,
2022/8/13 19:00,20.3,83,,0.0,,2.1,–k–k¼,,0.01,
2022/8/13 20:00,20.0,85,,0.0,,1.9,–k¼,,1.0e-50,
2022/8/13 21:00,19.5,87,,0.0,,1.6,–k¼,,1.0e-50,
2022/8/13 22:00,19.3,88,,0.0,,1.4,–k¼,,1.0e-50,
2022/8/13 23:00,18.9,90,,0.0,,1.2,¼–k¼,,1.0e-50,
2022/8/14 0:00,18.6,91,,0.0,,1.3,–k¼,,1.0e-50,
2022/8/14 1:00,18.2,92,,0.0,,1.2,¼–k¼,,1.0e-50,
2022/8/14 2:00,17.7,93,,0.0,,0.8,“ì¼,,1.0e-50,
2022/8/14 3:00,17.3,93,,0.0,,0.6,“ì¼,,1.0e-50,
2022/8/14 4:00,17.1,93,,0.0,,0.9,“ì“ì¼,,1.0e-50,
2022/8/14 5:00,17.2,92,,0.0,,0.9,“ì¼,,0.01,
2022/8/14 6:00,17.7,88,,0.0,,0.4,“ì¼,,0.01,
2022/8/14 7:00,18.7,83,,0.0,,0.5,“ì“Œ,,0.01,
2022/8/14 8:00,19.3,80,,0.0,,0.9,“Œ“ì“Œ,,0.01,
2022/8/14 9:00,19.8,79,,0.0,,1.7,“ì“Œ,,0.01,
2022/8/14 10:00,20.6,75,,0.0,,2.3,“ì“Œ,,0.01,
2022/8/14 11:00,21.5,70,,0.0,,2.7,“ì“Œ,,0.01,
2022/8/14 12:00,22.2,64,,0.0,,3.2,“ì“ì“Œ,,0.01,
2022/8/14 13:00,22.2,65,,0.0,,3.4,“ì“ì“Œ,,0.01,
2022/8/14 14:00,21.6,72,,0.6,,3.8,“ì“ì“Œ,,0.01,
2022/8/14 15:00,21.7,72,,0.4,,3.5,“ì“ì“Œ,,0.01,
2022/8/14 16:00,20.8,76,,1.3,,3.0,“ì“ì“Œ,,0.01,
2022/8/14 17:00,20.1,82,,2.8,,2.9,“ì“Œ,,0.01,
2022/8/14 18:00,19.6,83,,5.2,,3.5,“ì“Œ,,0.01,
2022/8/14 19:00,18.8,84,,8.4,,4.0,“ì“Œ,,1.0e-50,
2022/8/14 20:00,18.5,83,,4.0,,3.7,“ì“Œ,,1.0e-50,
2022/8/14 21:00,18.5,86,,1.3,,4.2,“ì“ì“Œ,,1.0e-50,
2022/8/14 22:00,18.7,85,,0.3,,3.9,“ì“ì“Œ,,1.0e-50,
2022/8/14 23:00,19.2,86,,0.8,,3.8,“ì“ì“Œ,,1.0e-50,
2022/8/15 0:00,19.2,81,,0.1,,3.8,“ì“ì“Œ,,1.0e-50,
2022/8/15 1:00,19.2,82,,1.0,,3.6,“ì“ì“Œ,,1.0e-50,
2022/8/15 2:00,19.2,84,,0.2,,3.7,“ì“ì“Œ,,1.0e-50,
2022/8/15 3:00,18.7,84,,0.0,,3.7,“ì“ì“Œ,,1.0e-50,
2022/8/15 4:00,19.2,85,,0.0,,3.4,“ì“ì“Œ,,1.0e-50,
2022/8/15 5:00,19.8,84,,0.0,,3.1,“ì“ì“Œ,,0.01,
2022/8/15 6:00,19.1,91,,0.0,,3.1,“ì“ì“Œ,,0.01,
2022/8/15 7:00,20.8,80,,0.1,,3.6,“ì“ì“Œ,,0.01,
2022/8/15 8:00,22.3,76,,0.0,,3.9,“ì“ì“Œ,,0.01,
2022/8/15 9:00,22.8,76,,0.0,,4.1,“ì“ì“Œ,,0.01,
2022/8/15 10:00,23.4,75,,0.0,,4.1,“ì“ì“Œ,,0.01,
2022/8/15 11:00,23.9,74,,0.0,,4.0,“ì“ì“Œ,,0.01,
2022/8/15 12:00,24.6,72,,0.0,,3.9,“ì“ì“Œ,,0.01,
2022/8/15 13:00,25.5,69,,0.0,,3.6,“ì“ì“Œ,,0.01,
2022/8/15 14:00,26.0,67,,0.0,,3.1,“ì“Œ,,0.01,
2022/8/15 15:00,26.4,67,,0.0,,2.3,“Œ“ì“Œ,,0.01,
2022/8/15 16:00,26.0,70,,0.0,,2.0,“Œ“ì“Œ,,0.01,
2022/8/15 17:00,25.4,73,,0.0,,1.6,“Œ“ì“Œ,,0.01,
2022/8/15 18:00,24.0,80,,0.0,,1.4,“ì“Œ,,0.01,
2022/8/15 19:00,22.9,85,,0.0,,0.8,“Œ“ì“Œ,,0.01,
2022/8/15 20:00,22.4,88,,0.1,,0.3,–k“Œ,,1.0e-50,
2022/8/15 21:00,21.6,93,,0.1,,0.5,–k,,1.0e-50,
2022/8/15 22:00,21.0,95,,0.0,,0.6,“Œ“ì“Œ,,1.0e-50,
2022/8/15 23:00,20.9,95,,0.0,,0.5,“ì“Œ,,1.0e-50,
2022/8/16 0:00,20.7,95,,0.0,,0.3,¼–k¼,,1.0e-50,
2022/8/16 1:00,20.4,95,,0.0,,0.4,–k¼,,1.0e-50,
2022/8/16 2:00,20.1,95,,0.0,,0.1,“Œ–k“Œ,,1.0e-50,
2022/8/16 3:00,19.8,95,,0.0,,0.5,¼,,1.0e-50,
2022/8/16 4:00,19.4,95,,0.0,,0.5,“ì,,1.0e-50,
2022/8/16 5:00,19.1,95,,0.0,,0.7,“ì“ì“Œ,,0.01,
2022/8/16 6:00,19.6,93,,0.0,,0.4,“ì“ì“Œ,,0.01,
2022/8/16 7:00,21.0,87,,0.0,,0.4,“Œ–k“Œ,,0.01,
2022/8/16 8:00,22.6,77,,0.0,,0.8,–k–k“Œ,,0.01,
2022/8/16 9:00,23.4,74,,0.0,,1.5,–k,,0.01,
2022/8/16 10:00,24.2,71,,0.0,,2.3,–k–k¼,,0.01,
2022/8/16 11:00,24.3,72,,0.0,,2.9,–k–k¼,,0.01,
2022/8/16 12:00,24.5,71,,0.0,,2.6,–k–k¼,,0.01,
2022/8/16 13:00,24.2,73,,0.0,,2.7,–k–k¼,,0.01,
2022/8/16 14:00,24.1,73,,0.0,,2.4,–k–k¼,,0.01,
2022/8/16 15:00,23.9,74,,0.0,,2.0,–k–k¼,,0.01,
2022/8/16 16:00,23.6,76,,0.0,,1.5,–k,,0.01,
2022/8/16 17:00,23.4,76,,0.0,,1.1,–k,,0.01,
2022/8/16 18:00,22.7,81,,0.0,,0.5,“Œ,,0.01,
2022/8/16 19:00,21.9,86,,0.0,,0.9,“ì“Œ,,0.01,
2022/8/16 20:00,21.4,88,,0.0,,1.0,“ì“ì“Œ,,1.0e-50,
2022/8/16 21:00,21.3,89,,0.0,,1.2,“ì,,1.0e-50,
2022/8/16 22:00,21.0,87,,0.0,,1.1,“ì“ì“Œ,,1.0e-50,
2022/8/16 23:00,20.3,90,,0.0,,0.2,–k“Œ,,1.0e-50,
2022/8/17 0:00,19.6,92,,0.0,,1.1,–k¼,,1.0e-50,
2022/8/17 1:00,19.1,95,,0.0,,0.7,–k–k¼,,1.0e-50,
2022/8/17 2:00,19.2,95,,0.0,,0.9,¼“ì¼,,1.0e-50,
2022/8/17 3:00,19.2,95,,0.0,,0.9,“ì“ì¼,,1.0e-50,
2022/8/17 4:00,19.2,95,,0.0,,0.8,“ì,,1.0e-50,
2022/8/17 5:00,19.2,95,,0.0,,0.9,“ì,,0.01,
2022/8/17 6:00,19.9,92,,0.0,,0.6,“ì,,0.01,
2022/8/17 7:00,21.1,86,,0.0,,0.6,“Œ“ì“Œ,,0.01,
2022/8/17 8:00,22.6,78,,0.0,,0.8,“Œ,,0.01,
2022/8/17 9:00,24.5,70,,0.0,,1.0,“Œ,,0.01,
2022/8/17 10:00,25.8,66,,0.0,,1.4,–k–k“Œ,,0.01,
2022/8/17 11:00,25.7,68,,0.0,,2.5,–k–k¼,,0.01,
2022/8/17 12:00,26.0,69,,0.0,,2.8,–k–k¼,,0.01,
2022/8/17 13:00,25.6,70,,0.0,,3.2,–k–k¼,,0.01,
2022/8/17 14:00,24.7,73,,0.0,,3.6,–k–k¼,,0.01,
2022/8/17 15:00,23.8,76,,0.0,,3.7,–k–k¼,,0.01,
2022/8/17 16:00,23.0,78,,0.0,,3.3,–k–k¼,,0.01,
2022/8/17 17:00,22.0,82,,0.0,,3.3,–k–k¼,,0.01,
2022/8/17 18:00,21.1,86,,0.0,,2.7,–k¼,,0.01,
2022/8/17 19:00,20.4,89,,0.0,,2.5,–k¼,,0.01,
2022/8/17 20:00,20.0,89,,0.0,,2.3,–k¼,,1.0e-50,
2022/8/17 21:00,19.3,93,,0.0,,1.9,–k¼,,1.0e-50,
2022/8/17 22:00,19.0,93,,0.0,,1.6,–k–k¼,,1.0e-50,
2022/8/17 23:00,18.8,93,,0.0,,1.0,–k–k¼,,1.0e-50,
2022/8/18 0:00,18.6,94,,0.0,,0.9,–k–k¼,,1.0e-50,
2022/8/18 1:00,18.5,94,,0.0,,0.8,–k¼,,1.0e-50,
2022/8/18 2:00,18.4,92,,0.0,,1.0,–k–k¼,,1.0e-50,
2022/8/18 3:00,18.0,93,,0.0,,0.9,–k–k¼,,1.0e-50,
2022/8/18 4:00,18.0,93,,0.0,,0.9,–k¼,,1.0e-50,
2022/8/18 5:00,17.8,93,,0.0,,0.7,¼–k¼,,0.01,
2022/8/18 6:00,18.3,90,,0.0,,0.4,¼–k¼,,0.01,
2022/8/18 7:00,19.6,84,,0.0,,0.8,–k–k¼,,0.01,
2022/8/18 8:00,21.1,75,,0.0,,1.5,–k–k¼,,0.01,
2022/8/18 9:00,22.8,66,,0.0,,1.7,–k–k¼,,0.01,
2022/8/18 10:00,24.1,60,,0.0,,1.3,–k–k“Œ,,0.01,
2022/8/18 11:00,25.1,55,,0.0,,1.4,–k,,0.01,
2022/8/18 12:00,25.9,52,,0.0,,1.4,–k,,0.01,
2022/8/18 13:00,27.2,47,,0.0,,1.7,–k,,0.01,
2022/8/18 14:00,26.6,47,,0.0,,1.6,–k,,0.01,
2022/8/18 15:00,26.6,54,,0.0,,1.2,–k–k“Œ,,0.01,
2022/8/18 16:00,25.0,62,,0.0,,1.1,–k–k¼,,0.01,
2022/8/18 17:00,23.5,69,,0.1,,0.6,–k“Œ,,0.01,
2022/8/18 18:00,22.9,71,,0.0,,0.8,“Œ,,0.01,
2022/8/18 19:00,22.1,74,,0.0,,0.8,“ì“Œ,,0.01,
2022/8/18 20:00,21.7,75,,0.0,,1.2,“ì“Œ,,1.0e-50,
2022/8/18 21:00,21.5,76,,0.0,,1.7,“ì“Œ,,1.0e-50,
2022/8/18 22:00,21.3,74,,0.0,,1.9,“ì“Œ,,1.0e-50,
2022/8/18 23:00,21.3,73,,0.0,,2.0,“ì“Œ,,1.0e-50,
2022/8/19 0:00,21.1,75,,0.0,,2.2,“ì“ì“Œ,,1.0e-50,
2022/8/19 1:00,21.0,77,,0.0,,2.6,“ì“ì“Œ,,1.0e-50,
2022/8/19 2:00,20.8,80,,0.0,,2.4,“ì“Œ,,1.0e-50,
2022/8/19 3:00,20.4,83,,0.0,,2.4,“ì“Œ,,1.0e-50,
2022/8/19 4:00,20.5,83,,0.0,,2.3,“ì“Œ,,1.0e-50,
2022/8/19 5:00,20.5,83,,0.0,,2.1,“ì“Œ,,0.01,
2022/8/19 6:00,21.1,83,,0.0,,2.2,“ì“Œ,,0.01,
2022/8/19 7:00,22.6,77,,0.0,,2.0,“ì“Œ,,0.01,
2022/8/19 8:00,24.0,73,,0.0,,1.8,“ì“Œ,,0.01,
2022/8/19 9:00,26.1,67,,0.0,,1.7,“Œ“ì“Œ,,0.01,
2022/8/19 10:00,27.4,63,,0.0,,1.4,“Œ,,0.01,
2022/8/19 11:00,28.4,61,,0.0,,1.5,“Œ–k“Œ,,0.01,
2022/8/19 12:00,29.4,59,,0.0,,1.7,“Œ,,0.01,
2022/8/19 13:00,29.9,58,,0.0,,1.6,“Œ,,0.01,
2022/8/19 14:00,30.2,57,,0.0,,1.6,“Œ,,0.01,
2022/8/19 15:00,30.5,58,,0.0,,1.6,“ì“Œ,,0.01,
2022/8/19 16:00,30.9,55,,0.0,,1.6,“ì¼,,0.01,
2022/8/19 17:00,30.0,58,,0.0,,1.0,¼“ì¼,,0.01,
2022/8/19 18:00,28.1,68,,0.0,,0.8,“ì,,0.01,
2022/8/19 19:00,26.7,70,,0.0,,1.3,“ì,,0.01,
2022/8/19 20:00,25.6,71,,0.0,,1.3,“ì“ì“Œ,,1.0e-50,
2022/8/19 21:00,24.4,75,,0.0,,1.3,“ì,,1.0e-50,
2022/8/19 22:00,23.5,78,,0.0,,1.0,“ì,,1.0e-50,
2022/8/19 23:00,22.7,81,,0.0,,1.1,“ì“ì“Œ,,1.0e-50,
2022/8/20 0:00,22.1,84,,0.0,,1.1,“ì“ì“Œ,,1.0e-50,
2022/8/20 1:00,21.5,87,,0.0,,0.6,“ì,,1.0e-50,
2022/8/20 2:00,20.8,91,,0.0,,0.7,–k–k¼,,1.0e-50,
2022/8/20 3:00,20.2,93,,0.0,,0.5,¼–k¼,,1.0e-50,
2022/8/20 4:00,20.1,92,,0.0,,0.8,“ì“ì¼,,1.0e-50,
2022/8/20 5:00,19.9,92,,0.0,,0.8,¼“ì¼,,0.01,
2022/8/20 6:00,20.5,91,,0.0,,0.4,¼“ì¼,,0.01,
2022/8/20 7:00,21.5,88,,0.0,,0.8,–k–k¼,,0.01,
2022/8/20 8:00,21.4,88,,0.1,,2.4,–k–k¼,,0.01,
2022/8/20 9:00,21.7,85,,0.1,,2.2,–k–k¼,,0.01,
2022/8/20 10:00,22.1,81,,0.0,,2.2,–k¼,,0.01,
2022/8/20 11:00,21.9,81,,0.0,,2.2,–k–k¼,,0.01,
2022/8/20 12:00,22.0,80,,0.1,,2.7,–k¼,,0.01,
2022/8/20 13:00,22.1,69,,0.0,,3.4,–k–k¼,,0.01,
2022/8/20 14:00,22.0,59,,0.0,,3.2,–k¼,,0.01,
2022/8/20 15:00,21.8,59,,0.0,,2.9,–k¼,,0.01,
2022/8/20 16:00,21.3,63,,0.0,,2.9,–k¼,,0.01,
2022/8/20 17:00,20.5,68,,0.1,,2.1,–k–k¼,,0.01,
2022/8/20 18:00,19.8,67,,0.2,,1.6,–k¼,,0.01,
2022/8/20 19:00,19.5,69,,0.0,,1.7,–k¼,,0.01,
2022/8/20 20:00,19.2,69,,0.0,,1.1,–k¼,,1.0e-50,
2022/8/20 21:00,18.6,71,,0.0,,0.8,–k¼,,1.0e-50,
2022/8/20 22:00,18.2,72,,0.0,,1.0,–k¼,,1.0e-50,
2022/8/20 23:00,17.8,72,,0.0,,1.1,–k¼,,1.0e-50,
2022/8/21 0:00,17.6,75,,0.0,,1.0,–k¼,,1.0e-50,
2022/8/21 1:00,16.8,80,,0.0,,0.5,–k¼,,1.0e-50,
2022/8/21 2:00,16.3,83,,0.0,,0.7,¼,,1.0e-50,
2022/8/21 3:00,16.0,84,,0.0,,0.7,¼“ì¼,,1.0e-50,
2022/8/21 4:00,15.7,81,,0.0,,1.1,¼“ì¼,,1.0e-50,
2022/8/21 5:00,15.4,79,,0.0,,1.3,¼“ì¼,,0.01,
2022/8/21 6:00,15.9,76,,0.0,,1.1,¼“ì¼,,0.01,
2022/8/21 7:00,17.7,67,,0.0,,1.0,¼–k¼,,0.01,
2022/8/21 8:00,18.8,60,,0.0,,0.6,–k–k¼,,0.01,
2022/8/21 9:00,19.6,56,,0.0,,0.6,“Œ–k“Œ,,0.01,
2022/8/21 10:00,20.6,49,,0.0,,0.5,–k“Œ,,0.01,
2022/8/21 11:00,21.1,46,,0.0,,1.2,–k–k“Œ,,0.01,
2022/8/21 12:00,22.2,41,,0.0,,1.7,–k–k¼,,0.01,
2022/8/21 13:00,22.7,39,,0.0,,1.4,–k,,0.01,
2022/8/21 14:00,23.0,40,,0.0,,2.2,–k–k¼,,0.01,
2022/8/21 15:00,22.1,47,,0.0,,1.9,–k–k¼,,0.01,
2022/8/21 16:00,21.9,49,,0.0,,1.9,–k–k¼,,0.01,
2022/8/21 17:00,20.9,53,,0.0,,1.6,–k–k¼,,0.01,
2022/8/21 18:00,19.9,61,,0.0,,1.2,–k–k¼,,0.01,
2022/8/21 19:00,18.8,64,,0.0,,1.0,¼–k¼,,0.01,
2022/8/21 20:00,18.0,61,,0.0,,1.0,¼,,1.0e-50,
2022/8/21 21:00,17.4,57,,0.0,,1.2,¼“ì¼,,1.0e-50,
2022/8/21 22:00,16.9,55,,0.0,,1.3,¼“ì¼,,1.0e-50,
2022/8/21 23:00,16.5,58,,0.0,,1.3,¼“ì¼,,1.0e-50,
2022/8/22 0:00,16.0,58,,0.0,,0.6,¼“ì¼,,1.0e-50,
2022/8/22 1:00,15.6,62,,0.0,,0.7,“ì,,1.0e-50,
2022/8/22 2:00,15.4,63,,0.0,,1.2,“ì“ì¼,,1.0e-50,
2022/8/22 3:00,14.9,65,,0.0,,0.7,“ì“ì¼,,1.0e-50,
2022/8/22 4:00,14.4,68,,0.0,,0.6,“ì“ì¼,,1.0e-50,
2022/8/22 5:00,14.0,69,,0.0,,0.4,“ì“ì¼,,0.01,
2022/8/22 6:00,14.6,68,,0.0,,0.2,“ì¼,,0.01,
2022/8/22 7:00,16.0,65,,0.0,,0.2,“ì“Œ,,0.01,
2022/8/22 8:00,17.9,59,,0.0,,0.4,“Œ,,0.01,
2022/8/22 9:00,20.0,57,,0.0,,0.6,“Œ–k“Œ,,0.01,
2022/8/22 10:00,21.4,53,,0.0,,1.0,–k–k“Œ,,0.01,
2022/8/22 11:00,22.3,46,,0.0,,0.8,–k“Œ,,0.01,
2022/8/22 12:00,23.5,44,,0.0,,1.2,–k–k“Œ,,0.01,
2022/8/22 13:00,24.3,40,,0.0,,0.9,–k“Œ,,0.01,
2022/8/22 14:00,24.8,39,,0.0,,0.9,–k“Œ,,0.01,
2022/8/22 15:00,25.0,42,,0.0,,2.0,–k,,0.01,
2022/8/22 16:00,23.6,48,,0.0,,2.3,–k–k¼,,0.01,
2022/8/22 17:00,22.4,54,,0.0,,1.9,–k–k¼,,0.01,
2022/8/22 18:00,21.1,62,,0.0,,1.0,–k–k¼,,0.01,
2022/8/22 19:00,19.7,71,,0.0,,0.3,¼,,0.01,
2022/8/22 20:00,19.2,71,,0.0,,1.0,“ì,,1.0e-50,
2022/8/22 21:00,17.8,73,,0.0,,1.0,“ì“ì¼,,1.0e-50,
2022/8/22 22:00,17.1,75,,0.0,,1.1,“ì“ì¼,,1.0e-50,
2022/8/22 23:00,16.5,75,,0.0,,1.0,“ì“ì¼,,1.0e-50,
2022/8/23 0:00,15.7,73,,0.0,,0.6,“ì“ì¼,,1.0e-50,
2022/8/23 1:00,15.1,73,,0.0,,0.5,“ì“ì¼,,1.0e-50,
2022/8/23 2:00,14.7,74,,0.0,,0.8,“ì“ì¼,,1.0e-50,
2022/8/23 3:00,14.3,77,,0.0,,0.8,“ì“ì¼,,1.0e-50,
2022/8/23 4:00,13.9,81,,0.0,,0.7,“ì,,1.0e-50,
2022/8/23 5:00,13.7,85,,0.0,,0.7,“ì,,0.01,
2022/8/23 6:00,14.9,84,,0.0,,0.7,“ì,,0.01,
2022/8/23 7:00,17.3,77,,0.0,,0.7,“ì“Œ,,0.01,
2022/8/23 8:00,19.6,73,,0.0,,1.1,“Œ“ì“Œ,,0.01,
2022/8/23 9:00,21.3,68,,0.0,,1.3,“Œ,,0.01,
2022/8/23 10:00,23.0,62,,0.0,,1.5,“Œ,,0.01,
2022/8/23 11:00,24.4,56,,0.0,,1.5,“Œ–k“Œ,,0.01,
2022/8/23 12:00,25.7,52,,0.0,,1.3,–k“Œ,,0.01,
2022/8/23 13:00,26.2,51,,0.0,,1.6,–k“Œ,,0.01,
2022/8/23 14:00,25.8,54,,0.0,,2.2,–k,,0.01,
2022/8/23 15:00,24.0,56,,0.0,,3.2,–k–k¼,,0.01,
2022/8/23 16:00,22.9,54,,0.0,,2.8,–k–k¼,,0.01,
2022/8/23 17:00,21.9,54,,0.0,,2.1,–k–k¼,,0.01,
2022/8/23 18:00,21.1,60,,0.0,,1.3,–k¼,,0.01,
2022/8/23 19:00,20.1,67,,0.0,,0.9,¼–k¼,,0.01,
2022/8/23 20:00,19.4,72,,0.0,,1.0,¼“ì¼,,1.0e-50,
2022/8/23 21:00,18.7,76,,0.0,,1.2,“ì¼,,1.0e-50,
2022/8/23 22:00,17.9,80,,0.0,,1.2,“ì¼,,1.0e-50,
2022/8/23 23:00,17.4,83,,0.0,,1.3,“ì¼,,1.0e-50,
2022/8/24 0:00,16.9,83,,0.0,,1.3,“ì“ì¼,,1.0e-50,
2022/8/24 1:00,16.5,80,,0.0,,0.9,“ì“ì¼,,1.0e-50,
2022/8/24 2:00,16.0,78,,0.0,,0.7,“ì,,1.0e-50,
2022/8/24 3:00,15.6,79,,0.0,,0.7,“ì“ì“Œ,,1.0e-50,
2022/8/24 4:00,15.3,76,,0.0,,0.9,“ì“ì“Œ,,1.0e-50,
2022/8/24 5:00,15.0,75,,0.0,,0.8,“ì“ì“Œ,,1.0e-50,
2022/8/24 6:00,15.7,76,,0.0,,0.8,“ì“ì“Œ,,0.01,
2022/8/24 7:00,17.6,71,,0.0,,1.2,“ì“Œ,,0.01,
2022/8/24 8:00,20.0,67,,0.0,,1.5,“Œ“ì“Œ,,0.01,
2022/8/24 9:00,21.5,65,,0.0,,1.5,“Œ“ì“Œ,,0.01,
2022/8/24 10:00,23.7,60,,0.0,,1.9,“ì“Œ,,0.01,
2022/8/24 11:00,25.8,54,,0.0,,2.2,“ì“Œ,,0.01,
2022/8/24 12:00,27.4,49,,0.0,,2.6,“ì“Œ,,0.01,
2022/8/24 13:00,27.9,47,,0.0,,2.8,“ì“Œ,,0.01,
2022/8/24 14:00,27.9,47,,0.0,,2.5,“ì“ì“Œ,,0.01,
2022/8/24 15:00,27.8,47,,0.0,,2.9,“ì“ì“Œ,,0.01,
2022/8/24 16:00,27.1,52,,0.0,,2.9,“ì“ì“Œ,,0.01,
2022/8/24 17:00,25.9,57,,0.0,,2.6,“ì“ì“Œ,,0.01,
2022/8/24 18:00,24.4,64,,0.0,,1.8,“ì“Œ,,0.01,
2022/8/24 19:00,23.1,70,,0.0,,1.7,“ì“Œ,,0.01,
2022/8/24 20:00,22.2,74,,0.0,,1.8,“ì“Œ,,1.0e-50,
2022/8/24 21:00,21.3,73,,0.0,,1.7,“ì“Œ,,1.0e-50,
2022/8/24 22:00,20.8,75,,0.0,,1.9,“ì“Œ,,1.0e-50,
2022/8/24 23:00,20.5,79,,0.0,,2.2,“ì“Œ,,1.0e-50,
2022/8/25 0:00,20.3,86,,0.0,,2.3,“ì“Œ,,1.0e-50,
2022/8/25 1:00,20.2,87,,0.0,,2.3,“ì“Œ,,1.0e-50,
2022/8/25 2:00,20.1,87,,0.0,,2.2,“ì“Œ,,1.0e-50,
2022/8/25 3:00,19.9,88,,0.0,,2.5,“ì“Œ,,1.0e-50,
2022/8/25 4:00,20.3,84,,0.0,,2.9,“ì“ì“Œ,,1.0e-50,
2022/8/25 5:00,20.4,86,,0.0,,2.8,“ì“ì“Œ,,1.0e-50,
2022/8/25 6:00,20.5,85,,0.0,,2.8,“ì“ì“Œ,,0.01,
2022/8/25 7:00,21.5,81,,0.0,,3.4,“ì“ì“Œ,,0.01,
2022/8/25 8:00,22.4,78,,0.0,,3.7,“ì“ì“Œ,,0.01,
2022/8/25 9:00,23.4,75,,0.0,,3.9,“ì“ì“Œ,,0.01,
2022/8/25 10:00,23.5,75,,0.0,,3.6,“ì“ì“Œ,,0.01,
2022/8/25 11:00,24.1,72,,0.0,,4.0,“ì“ì“Œ,,0.01,
2022/8/25 12:00,25.1,68,,0.0,,3.9,“ì“ì“Œ,,0.01,
2022/8/25 13:00,25.7,66,,0.0,,3.8,“ì“ì“Œ,,0.01,
2022/8/25 14:00,26.0,64,,0.0,,3.5,“ì“Œ,,0.01,
2022/8/25 15:00,25.8,66,,0.0,,2.9,“ì“Œ,,0.01,
2022/8/25 16:00,25.3,69,,0.0,,2.9,“ì“ì“Œ,,0.01,
2022/8/25 17:00,24.4,73,,0.0,,2.8,“ì“ì“Œ,,0.01,
2022/8/25 18:00,23.1,79,,0.0,,2.9,“ì“ì“Œ,,0.01,
2022/8/25 19:00,22.4,82,,0.0,,2.8,“ì“ì“Œ,,0.01,
2022/8/25 20:00,22.0,85,,0.0,,2.7,“ì“ì“Œ,,1.0e-50,
2022/8/25 21:00,21.3,87,,0.0,,2.7,“ì“ì“Œ,,1.0e-50,
2022/8/25 22:00,21.1,89,,0.0,,2.5,“ì“ì“Œ,,1.0e-50,
2022/8/25 23:00,20.9,90,,0.0,,2.2,“ì“ì“Œ,,1.0e-50,
2022/8/26 0:00,20.8,92,,0.0,,2.1,“ì“ì“Œ,,1.0e-50,
2022/8/26 1:00,20.6,93,,0.0,,2.0,“ì“ì“Œ,,1.0e-50,
2022/8/26 2:00,20.6,93,,0.0,,1.9,“ì“ì“Œ,,1.0e-50,
2022/8/26 3:00,20.6,93,,0.0,,2.0,“ì“ì“Œ,,1.0e-50,
2022/8/26 4:00,20.5,93,,0.0,,1.9,“ì“ì“Œ,,1.0e-50,
2022/8/26 5:00,20.5,93,,0.0,,1.7,“ì“ì“Œ,,1.0e-50,
2022/8/26 6:00,20.7,91,,0.0,,1.3,“ì“ì“Œ,,0.01,
2022/8/26 7:00,22.2,84,,0.0,,1.3,“ì“Œ,,0.01,
2022/8/26 8:00,24.0,76,,0.0,,1.3,“ì“Œ,,0.01,
2022/8/26 9:00,25.4,70,,0.0,,1.3,“Œ“ì“Œ,,0.01,
2022/8/26 10:00,26.9,63,,0.0,,1.6,“Œ“ì“Œ,,0.01,
2022/8/26 11:00,28.1,59,,0.0,,1.5,“Œ,,0.01,
2022/8/26 12:00,28.4,58,,0.0,,1.4,“Œ–k“Œ,,0.01,
2022/8/26 13:00,29.0,56,,0.0,,1.6,“Œ,,0.01,
2022/8/26 14:00,29.3,55,,0.0,,1.6,“Œ,,0.01,
2022/8/26 15:00,29.7,56,,0.0,,1.3,“Œ,,0.01,
2022/8/26 16:00,29.4,58,,0.0,,1.2,“Œ–k“Œ,,0.01,
2022/8/26 17:00,28.4,62,,0.0,,1.0,–k–k“Œ,,0.01,
2022/8/26 18:00,26.5,69,,0.0,,1.4,–k–k¼,,0.01,
2022/8/26 19:00,24.9,71,,0.0,,1.1,–k–k¼,,0.01,
2022/8/26 20:00,23.9,76,,0.0,,1.1,¼–k¼,,1.0e-50,
2022/8/26 21:00,23.4,78,,0.0,,1.3,¼,,1.0e-50,
2022/8/26 22:00,22.7,83,,0.0,,1.2,¼,,1.0e-50,
2022/8/26 23:00,22.3,87,,0.0,,1.2,¼,,1.0e-50,
2022/8/27 0:00,21.7,91,,0.0,,1.1,¼,,1.0e-50,
2022/8/27 1:00,21.2,91,,0.0,,0.9,¼“ì¼,,1.0e-50,
2022/8/27 2:00,20.8,92,,0.0,,0.7,“ì,,1.0e-50,
2022/8/27 3:00,20.4,91,,0.0,,0.8,“ì“Œ,,1.0e-50,
2022/8/27 4:00,19.9,93,,0.0,,0.8,“ì“Œ,,1.0e-50,
2022/8/27 5:00,19.6,94,,0.0,,0.7,“ì“Œ,,1.0e-50,
2022/8/27 6:00,19.9,94,,0.0,,0.4,“ì“ì“Œ,,0.01,
2022/8/27 7:00,21.3,89,,0.0,,0.8,“ì“Œ,,0.01,
2022/8/27 8:00,23.2,80,,0.0,,1.0,“Œ“ì“Œ,,0.01,
2022/8/27 9:00,25.4,71,,0.0,,1.2,“Œ“ì“Œ,,0.01,
2022/8/27 10:00,27.1,65,,0.0,,1.3,“Œ“ì“Œ,,0.01,
2022/8/27 11:00,28.6,61,,0.0,,1.5,“Œ“ì“Œ,,0.01,
2022/8/27 12:00,29.7,59,,0.0,,1.4,“Œ,,0.01,
2022/8/27 13:00,29.8,59,,0.0,,1.5,“Œ,,0.01,
2022/8/27 14:00,29.5,60,,0.0,,1.3,“Œ,,0.01,
2022/8/27 15:00,29.6,61,,0.0,,1.2,“Œ“ì“Œ,,0.01,
2022/8/27 16:00,28.8,65,,0.0,,0.9,–k“Œ,,0.01,
2022/8/27 17:00,27.5,70,,0.0,,0.7,–k“Œ,,0.01,
2022/8/27 18:00,25.5,79,,0.0,,0.7,–k–k“Œ,,0.01,
2022/8/27 19:00,24.2,84,,0.0,,0.5,“Œ–k“Œ,,0.01,
2022/8/27 20:00,23.4,88,,0.0,,0.5,“Œ,,1.0e-50,
2022/8/27 21:00,22.5,90,,0.0,,0.8,“Œ“ì“Œ,,1.0e-50,
2022/8/27 22:00,21.7,92,,0.0,,0.8,“Œ“ì“Œ,,1.0e-50,
2022/8/27 23:00,21.3,93,,0.0,,1.0,“ì“Œ,,1.0e-50,
2022/8/28 0:00,21.0,93,,0.0,,0.8,“Œ“ì“Œ,,1.0e-50,
2022/8/28 1:00,20.7,93,,0.0,,0.9,“ì“Œ,,1.0e-50,
2022/8/28 2:00,20.4,93,,0.0,,1.2,“ì“Œ,,1.0e-50,
2022/8/28 3:00,20.2,93,,0.0,,1.2,“ì“Œ,,1.0e-50,
2022/8/28 4:00,20.0,93,,0.0,,1.1,“ì“Œ,,1.0e-50,
2022/8/28 5:00,19.8,93,,0.0,,1.2,“ì“Œ,,1.0e-50,
2022/8/28 6:00,20.2,93,,0.0,,0.8,“ì“Œ,,0.01,
2022/8/28 7:00,22.0,84,,0.0,,1.0,“Œ“ì“Œ,,0.01,
2022/8/28 8:00,24.0,75,,0.0,,1.1,“ì“Œ,,0.01,
2022/8/28 9:00,26.0,67,,0.0,,1.3,“Œ“ì“Œ,,0.01,
2022/8/28 10:00,27.9,61,,0.0,,1.1,“Œ“ì“Œ,,0.01,
2022/8/28 11:00,29.0,58,,0.0,,1.2,–k“Œ,,0.01,
2022/8/28 12:00,29.8,57,,0.0,,1.4,–k“Œ,,0.01,
2022/8/28 13:00,30.4,56,,0.0,,1.5,–k“Œ,,0.01,
2022/8/28 14:00,30.5,55,,0.0,,1.5,–k“Œ,,0.01,
2022/8/28 15:00,30.1,59,,0.0,,2.1,–k,,0.01,
2022/8/28 16:00,28.4,64,,0.0,,1.7,–k,,0.01,
2022/8/28 17:00,27.7,68,,0.0,,1.1,–k,,0.01,
2022/8/28 18:00,26.1,76,,0.0,,0.8,–k–k¼,,0.01,
2022/8/28 19:00,24.9,82,,0.0,,0.4,“ì“Œ,,0.01,
2022/8/28 20:00,24.6,83,,0.0,,1.1,“ì“ì“Œ,,1.0e-50,
2022/8/28 21:00,24.0,84,,0.0,,1.2,“ì“ì“Œ,,1.0e-50,
2022/8/28 22:00,23.6,85,,0.0,,1.2,“ì“ì“Œ,,1.0e-50,
2022/8/28 23:00,23.2,86,,0.0,,1.4,“ì“Œ,,1.0e-50,
2022/8/29 0:00,22.8,87,,0.0,,1.3,“ì“Œ,,1.0e-50,
2022/8/29 1:00,22.4,89,,0.0,,1.1,“ì“Œ,,1.0e-50,
2022/8/29 2:00,22.0,90,,0.0,,0.9,“ì“Œ,,1.0e-50,
2022/8/29 3:00,21.5,91,,0.0,,0.5,–k,,1.0e-50,
2022/8/29 4:00,21.1,94,,0.0,,0.9,“Œ–k“Œ,,1.0e-50,
2022/8/29 5:00,20.7,95,,0.0,,0.7,–k“Œ,,1.0e-50,
2022/8/29 6:00,21.0,95,,0.0,,0.2,“ì“ì“Œ,,0.01,
2022/8/29 7:00,21.8,93,,0.0,,0.6,“Œ,,0.01,
2022/8/29 8:00,23.4,86,,0.0,,0.6,“Œ–k“Œ,,0.01,
2022/8/29 9:00,24.9,80,,0.0,,0.8,–k“Œ,,0.01,
2022/8/29 10:00,26.7,75,,0.0,,1.1,–k–k“Œ,,0.01,
2022/8/29 11:00,27.5,74,,0.4,,1.6,–k,,0.01,
2022/8/29 12:00,25.9,80,,0.9,,2.9,–k–k¼,,0.01,
2022/8/29 13:00,25.1,78,,0.1,,2.9,–k–k¼,,0.01,
2022/8/29 14:00,24.8,78,,0.0,,2.7,–k–k¼,,0.01,
2022/8/29 15:00,24.5,77,,0.0,,2.3,–k,,0.01,
2022/8/29 16:00,23.1,81,,0.2,,2.3,–k“Œ,,0.01,
2022/8/29 17:00,21.4,77,,0.1,,2.1,–k“Œ,,0.01,
2022/8/29 18:00,20.3,77,,0.0,,1.5,–k“Œ,,0.01,
2022/8/29 19:00,20.0,75,,0.0,,1.0,“Œ–k“Œ,,0.01,
2022/8/29 20:00,19.7,74,,0.3,,0.9,“Œ,,1.0e-50,
2022/8/29 21:00,18.5,81,,2.1,,1.1,“Œ“ì“Œ,,1.0e-50,
2022/8/29 22:00,18.3,82,,0.5,,1.3,“Œ“ì“Œ,,1.0e-50,
2022/8/29 23:00,18.3,84,,0.2,,1.7,“Œ“ì“Œ,,1.0e-50,
2022/8/30 0:00,18.2,88,,0.0,,1.5,“Œ,,1.0e-50,
2022/8/30 1:00,19.1,82,,0.0,,2.1,“ì“Œ,,1.0e-50,
2022/8/30 2:00,19.6,76,,0.0,,2.7,“ì“Œ,,1.0e-50,
2022/8/30 3:00,19.2,79,,0.0,,2.9,“ì“Œ,,1.0e-50,
2022/8/30 4:00,19.1,79,,0.1,,3.1,“ì“Œ,,1.0e-50,
2022/8/30 5:00,18.6,78,,3.1,,3.2,“ì“Œ,,1.0e-50,
2022/8/30 6:00,18.2,79,,2.1,,3.2,“ì“ì“Œ,,1.0e-50,
2022/8/30 7:00,17.3,85,,11.5,,2.7,“ì“Œ,,0.01,
2022/8/30 8:00,16.6,90,,13.5,,2.4,“Œ,,0.01,
2022/8/30 9:00,16.9,87,,5.8,,3.1,“ì“Œ,,1.0e-50,
2022/8/30 10:00,16.4,86,,2.9,,3.1,“ì“Œ,,1.0e-50,
2022/8/30 11:00,15.9,85,,0.7,,3.2,“Œ“ì“Œ,,0.01,
2022/8/30 12:00,16.6,83,,0.2,,3.0,“ì“Œ,,0.01,
2022/8/30 13:00,16.4,81,,0.6,,3.3,“Œ“ì“Œ,,0.01,
2022/8/30 14:00,16.6,78,,0.1,,3.2,“ì“Œ,,0.01,
2022/8/30 15:00,16.3,79,,0.2,,2.9,“ì“Œ,,0.01,
2022/8/30 16:00,16.3,76,,1.2,,2.9,“ì“Œ,,0.01,
2022/8/30 17:00,15.9,74,,0.8,,2.5,“ì“Œ,,0.01,
2022/8/30 18:00,15.7,75,,0.9,,2.3,“ì“Œ,,0.01,
2022/8/30 19:00,15.4,74,,0.7,,2.5,“ì“Œ,,0.01,
2022/8/30 20:00,15.2,72,,0.4,,2.6,“ì“Œ,,1.0e-50,
2022/8/30 21:00,14.9,71,,0.1,,2.4,“ì“Œ,,1.0e-50,
2022/8/30 22:00,14.6,71,,0.6,,2.4,“ì“Œ,,1.0e-50,
2022/8/30 23:00,14.3,74,,0.8,,2.0,“ì“Œ,,1.0e-50,
2022/8/31 0:00,14.3,76,,1.2,,2.5,“ì“Œ,,1.0e-50,
2022/8/31 1:00,14.0,74,,1.2,,2.3,“ì“Œ,,1.0e-50,
2022/8/31 2:00,13.8,74,,0.7,,2.1,“Œ“ì“Œ,,1.0e-50,
2022/8/31 3:00,13.6,76,,0.7,,2.4,“ì“ì“Œ,,1.0e-50,
2022/8/31 4:00,13.8,77,,0.0,,2.2,“ì“Œ,,1.0e-50,
2022/8/31 5:00,13.8,75,,0.0,,2.2,“ì“Œ,,1.0e-50,
2022/8/31 6:00,14.3,73,,0.0,,2.1,“ì“Œ,,0.01,
2022/8/31 7:00,14.7,72,,0.0,,2.0,“ì“Œ,,0.01,
2022/8/31 8:00,15.4,69,,0.0,,2.2,“ì“Œ,,0.01,
2022/8/31 9:00,15.3,71,,0.0,,2.4,“ì“Œ,,0.01,
2022/8/31 10:00,15.8,66,,0.0,,2.2,“ì“Œ,,0.01,
2022/8/31 11:00,16.0,65,,0.0,,2.1,“ì“Œ,,0.01,
2022/8/31 12:00,17.4,63,,0.0,,2.6,“ì“Œ,,0.01,
2022/8/31 13:00,17.8,61,,0.0,,2.6,“ì“Œ,,0.01,
2022/8/31 14:00,17.9,61,,0.0,,2.5,“ì“Œ,,0.01,
2022/8/31 15:00,18.6,64,,0.0,,2.1,“ì“Œ,,0.01,
2022/8/31 16:00,18.5,66,,0.0,,2.0,“ì“Œ,,0.01,
2022/8/31 17:00,18.3,69,,0.0,,1.8,“ì“Œ,,0.01,
2022/8/31 18:00,17.8,72,,0.0,,1.5,“ì“Œ,,0.01,
2022/8/31 19:00,17.7,74,,0.0,,1.6,“ì“Œ,,0.01,
2022/8/31 20:00,17.7,76,,0.0,,2.3,“ì“Œ,,1.0e-50,
2022/8/31 21:00,17.7,77,,0.2,,2.2,“ì“Œ,,1.0e-50,
2022/8/31 22:00,17.6,77,,0.1,,2.0,“ì“Œ,,1.0e-50,
2022/8/31 23:00,17.6,78,,0.1,,1.9,“ì“Œ,,1.0e-50,
2022/9/1 0:00,17.5,82,,0.0,,1.8,“ì“Œ,,1.0e-50,
2022/9/1 1:00,17.4,83,,0.1,,1.6,“Œ“ì“Œ,,1.0e-50,
2022/9/1 2:00,17.3,83,,0.0,,1.1,“ì“Œ,,1.0e-50,
2022/9/1 3:00,17.0,82,,0.0,,1.2,“ì“Œ,,1.0e-50,
2022/9/1 4:00,16.9,83,,0.0,,1.0,“ì“Œ,,1.0e-50,
2022/9/1 5:00,16.8,83,,0.0,,1.0,“ì“Œ,,1.0e-50,
2022/9/1 6:00,16.9,81,,0.0,,0.9,“ì“Œ,,0.01,
2022/9/1 7:00,17.5,76,,0.0,,1.1,“ì“ì“Œ,,0.01,
2022/9/1 8:00,18.3,69,,0.0,,1.5,“ì“ì“Œ,,0.01,
2022/9/1 9:00,18.8,67,,0.0,,1.9,“ì“ì“Œ,,0.01,
2022/9/1 10:00,20.0,62,,0.0,,2.2,“ì“Œ,,0.01,
2022/9/1 11:00,21.2,60,,0.0,,2.1,“ì“Œ,,0.01,
2022/9/1 12:00,22.2,58,,0.0,,2.4,“ì“Œ,,0.01,
2022/9/1 13:00,23.4,55,,0.0,,2.5,“ì“Œ,,0.01,
2022/9/1 14:00,24.0,54,,0.0,,2.6,“ì“Œ,,0.01,
2022/9/1 15:00,23.6,57,,0.0,,2.1,“Œ“ì“Œ,,0.01,
2022/9/1 16:00,23.4,59,,0.0,,2.4,“Œ“ì“Œ,,0.01,
2022/9/1 17:00,22.7,64,,0.0,,1.9,“ì“Œ,,0.01,
2022/9/1 18:00,21.4,71,,0.0,,1.6,“ì“Œ,,0.01,
2022/9/1 19:00,20.9,73,,0.0,,1.6,“ì“ì“Œ,,0.01,
2022/9/1 20:00,20.7,73,,0.0,,2.0,“ì“ì“Œ,,1.0e-50,
2022/9/1 21:00,19.9,76,,0.0,,2.0,“ì“ì“Œ,,1.0e-50,
2022/9/1 22:00,19.8,77,,0.0,,2.3,“ì“ì“Œ,,1.0e-50,
2022/9/1 23:00,19.9,77,,0.0,,2.3,“ì“ì“Œ,,1.0e-50,
2022/9/2 0:00,19.6,79,,0.0,,2.3,“ì“ì“Œ,,1.0e-50,
2022/9/2 1:00,19.6,79,,0.0,,2.5,“ì“ì“Œ,,1.0e-50,
2022/9/2 2:00,19.4,80,,0.0,,2.5,“ì“Œ,,1.0e-50,
2022/9/2 3:00,18.9,83,,0.0,,2.5,“ì“ì“Œ,,1.0e-50,
2022/9/2 4:00,19.1,83,,0.0,,2.5,“ì“ì“Œ,,1.0e-50,
2022/9/2 5:00,19.2,82,,0.0,,2.6,“ì“Œ,,1.0e-50,
2022/9/2 6:00,19.5,81,,0.3,,2.9,“ì“Œ,,0.01,
2022/9/2 7:00,19.6,80,,0.0,,3.1,“ì“Œ,,0.01,
2022/9/2 8:00,20.0,80,,0.0,,3.5,“ì“Œ,,0.01,
2022/9/2 9:00,20.1,78,,0.0,,3.6,“ì“ì“Œ,,0.01,
2022/9/2 10:00,20.8,75,,0.0,,3.7,“ì“ì“Œ,,0.01,
2022/9/2 11:00,21.5,72,,0.0,,3.7,“ì“Œ,,0.01,
2022/9/2 12:00,23.2,62,,0.0,,4.0,“ì“ì“Œ,,0.01,
2022/9/2 13:00,23.3,63,,0.0,,3.9,“ì“ì“Œ,,0.01,
2022/9/2 14:00,22.9,65,,0.0,,4.1,“ì“ì“Œ,,0.01,
2022/9/2 15:00,22.0,68,,0.0,,4.2,“ì“ì“Œ,,0.01,
2022/9/2 16:00,21.7,69,,0.0,,4.2,“ì“ì“Œ,,0.01,
2022/9/2 17:00,20.9,73,,0.0,,3.4,“ì“ì“Œ,,0.01,
2022/9/2 18:00,20.2,78,,0.0,,3.1,“ì“ì“Œ,,0.01,
2022/9/2 19:00,19.9,80,,0.0,,2.7,“ì“ì“Œ,,0.01,
2022/9/2 20:00,19.7,81,,0.0,,2.3,“ì“Œ,,1.0e-50,
2022/9/2 21:00,19.2,80,,0.0,,2.4,“ì“ì“Œ,,1.0e-50,
2022/9/2 22:00,19.2,80,,0.0,,2.0,“ì“ì“Œ,,1.0e-50,
2022/9/2 23:00,19.2,81,,0.0,,1.8,“ì“Œ,,1.0e-50,
2022/9/3 0:00,18.9,84,,0.0,,1.5,“ì“Œ,,1.0e-50,
2022/9/3 1:00,18.8,86,,0.0,,1.3,“ì“Œ,,1.0e-50,
2022/9/3 2:00,18.6,87,,0.0,,1.4,“ì“Œ,,1.0e-50,
2022/9/3 3:00,18.2,89,,0.0,,1.4,“Œ“ì“Œ,,1.0e-50,
2022/9/3 4:00,18.1,89,,0.0,,0.8,“Œ“ì“Œ,,1.0e-50,
2022/9/3 5:00,18.0,89,,0.0,,0.7,“ì“Œ,,1.0e-50,
2022/9/3 6:00,18.2,89,,0.0,,1.2,“ì“Œ,,0.01,
2022/9/3 7:00,18.8,85,,0.0,,1.3,“ì“Œ,,0.01,
2022/9/3 8:00,19.5,82,,0.0,,1.7,“ì“Œ,,0.01,
2022/9/3 9:00,20.3,81,,0.0,,2.1,“ì“Œ,,0.01,
2022/9/3 10:00,21.2,79,,0.0,,2.3,“ì“Œ,,0.01,
2022/9/3 11:00,21.4,81,,0.1,,2.4,“ì“Œ,,0.01,
2022/9/3 12:00,21.4,80,,0.2,,2.4,“ì“Œ,,0.01,
2022/9/3 13:00,22.0,77,,0.0,,2.5,“ì“Œ,,0.01,
2022/9/3 14:00,21.9,78,,0.0,,2.6,“ì“Œ,,0.01,
2022/9/3 15:00,21.6,80,,0.0,,2.2,“ì“Œ,,0.01,
2022/9/3 16:00,21.2,83,,0.3,,1.8,“ì“Œ,,0.01,
2022/9/3 17:00,21.0,85,,0.0,,2.1,“ì“Œ,,0.01,
2022/9/3 18:00,20.4,86,,0.0,,1.6,“ì“Œ,,0.01,
2022/9/3 19:00,20.1,88,,0.0,,1.1,“ì“ì“Œ,,0.01,
2022/9/3 20:00,19.9,89,,0.0,,1.1,“ì“Œ,,1.0e-50,
2022/9/3 21:00,19.7,91,,0.0,,0.9,“ì“Œ,,1.0e-50,
2022/9/3 22:00,19.6,91,,0.2,,1.1,“ì“ì“Œ,,1.0e-50,
2022/9/3 23:00,19.3,92,,0.3,,0.8,“ì“ì“Œ,,1.0e-50,
2022/9/4 0:00,19.4,93,,0.2,,1.2,“ì“Œ,,1.0e-50,
2022/9/4 1:00,19.2,93,,1.0,,0.8,“ì“ì“Œ,,1.0e-50,
2022/9/4 2:00,18.9,94,,2.2,,0.6,“Œ“ì“Œ,,1.0e-50,
2022/9/4 3:00,18.6,94,,1.8,,0.8,“ì“Œ,,1.0e-50,
2022/9/4 4:00,18.4,94,,0.3,,0.1,“ì,,1.0e-50,
2022/9/4 5:00,18.5,92,,0.3,,0.8,–k–k¼,,1.0e-50,
2022/9/4 6:00,18.5,94,,0.6,,0.6,–k¼,,1.0e-50,
2022/9/4 7:00,18.8,93,,3.5,,1.0,–k¼,,0.01,
2022/9/4 8:00,19.0,93,,4.0,,1.0,–k–k¼,,0.01,
2022/9/4 9:00,19.0,90,,1.2,,0.9,–k–k“Œ,,0.01,
2022/9/4 10:00,19.5,88,,0.7,,1.1,–k–k“Œ,,0.01,
2022/9/4 11:00,20.0,85,,0.1,,0.8,–k–k“Œ,,0.01,
2022/9/4 12:00,20.5,83,,0.0,,0.7,“Œ–k“Œ,,0.01,
2022/9/4 13:00,21.1,81,,0.0,,1.1,“Œ“ì“Œ,,0.01,
2022/9/4 14:00,22.0,78,,0.0,,1.7,“ì“Œ,,0.01,
2022/9/4 15:00,24.3,73,,0.0,,2.2,“ì“Œ,,0.01,
2022/9/4 16:00,24.8,74,,0.0,,3.1,“ì“Œ,,0.01,
2022/9/4 17:00,24.3,80,,0.0,,2.5,“ì“ì“Œ,,0.01,
2022/9/4 18:00,23.3,86,,0.0,,2.6,“ì“Œ,,0.01,
2022/9/4 19:00,23.0,90,,0.0,,2.1,“ì“Œ,,0.01,
2022/9/4 20:00,23.0,92,,0.2,,2.0,“ì“Œ,,1.0e-50,
2022/9/4 21:00,23.2,92,,0.3,,2.3,“ì“Œ,,1.0e-50,
2022/9/4 22:00,23.4,91,,3.0,,2.8,“ì“Œ,,1.0e-50,
2022/9/4 23:00,23.4,91,,6.5,,2.6,“ì“Œ,,1.0e-50,
2022/9/5 0:00,24.1,83,,0.2,,4.2,“ì“ì“Œ,,1.0e-50,
2022/9/5 1:00,24.3,81,,0.9,,3.2,“ì,,1.0e-50,
2022/9/5 2:00,23.7,80,,0.6,,1.5,“ì“ì“Œ,,1.0e-50,
2022/9/5 3:00,22.2,84,,0.1,,1.5,“ì“Œ,,1.0e-50,
2022/9/5 4:00,21.5,84,,0.0,,0.6,“ì,,1.0e-50,
2022/9/5 5:00,20.5,83,,0.0,,0.2,¼–k¼,,1.0e-50,
2022/9/5 6:00,20.8,74,,0.0,,1.7,“ì,,0.01,
2022/9/5 7:00,22.0,63,,0.0,,2.3,“ì“ì¼,,0.01,
2022/9/5 8:00,23.4,54,,0.0,,3.1,“ì¼,,0.01,
2022/9/5 9:00,24.6,47,,0.0,,3.5,¼“ì¼,,0.01,
2022/9/5 10:00,24.9,44,,0.0,,4.3,¼,,0.01,
2022/9/5 11:00,24.4,46,,0.0,,4.2,¼,,0.01,
2022/9/5 12:00,24.8,41,,0.0,,3.8,¼,,0.01,
2022/9/5 13:00,24.8,40,,0.0,,3.7,¼,,0.01,
2022/9/5 14:00,24.4,42,,0.0,,3.9,¼,,0.01,
2022/9/5 15:00,23.7,44,,0.0,,3.3,¼–k¼,,0.01,
2022/9/5 16:00,23.1,47,,0.0,,3.4,¼,,0.01,
2022/9/5 17:00,22.2,50,,0.0,,3.1,¼,,0.01,
2022/9/5 18:00,20.7,57,,0.0,,1.8,¼–k¼,,0.01,
2022/9/5 19:00,19.6,63,,0.0,,2.0,¼–k¼,,1.0e-50,
2022/9/5 20:00,19.0,66,,0.0,,2.1,¼–k¼,,1.0e-50,
2022/9/5 21:00,18.1,69,,0.0,,1.3,¼,,1.0e-50,
2022/9/5 22:00,17.8,70,,0.0,,1.6,¼–k¼,,1.0e-50,
2022/9/5 23:00,17.9,70,,0.0,,1.9,–k¼,,1.0e-50,
2022/9/6 0:00,17.8,72,,0.1,,1.6,–k–k¼,,1.0e-50,
2022/9/6 1:00,17.5,73,,0.1,,1.2,–k–k¼,,1.0e-50,
2022/9/6 2:00,17.4,72,,0.0,,1.6,–k¼,,1.0e-50,
2022/9/6 3:00,16.9,73,,0.0,,1.1,–k¼,,1.0e-50,
2022/9/6 4:00,16.7,73,,0.0,,1.1,–k–k¼,,1.0e-50,
2022/9/6 5:00,16.5,73,,0.0,,1.1,–k–k¼,,1.0e-50,
2022/9/6 6:00,16.3,75,,0.0,,0.8,–k¼,,0.01,
2022/9/6 7:00,17.2,71,,0.0,,0.9,–k–k¼,,0.01,
2022/9/6 8:00,18.8,62,,0.0,,2.3,–k–k¼,,0.01,
2022/9/6 9:00,19.5,56,,0.0,,3.4,–k–k¼,,0.01,
2022/9/6 10:00,19.5,59,,0.0,,3.3,–k–k¼,,0.01,
2022/9/6 11:00,19.4,59,,0.0,,2.9,–k–k¼,,0.01,
2022/9/6 12:00,20.1,56,,0.0,,3.2,–k–k¼,,0.01,
2022/9/6 13:00,20.2,54,,0.0,,3.1,–k–k¼,,0.01,
2022/9/6 14:00,20.2,53,,0.0,,3.2,–k–k¼,,0.01,
2022/9/6 15:00,19.9,58,,0.0,,3.4,–k–k¼,,0.01,
2022/9/6 16:00,19.7,62,,0.0,,3.2,–k–k¼,,0.01,
2022/9/6 17:00,19.2,68,,0.0,,2.4,–k–k¼,,0.01,
2022/9/6 18:00,18.9,71,,0.0,,1.3,–k¼,,0.01,
2022/9/6 19:00,18.2,74,,0.0,,1.2,¼–k¼,,1.0e-50,
2022/9/6 20:00,17.6,76,,0.0,,1.0,¼,,1.0e-50,
2022/9/6 21:00,17.0,77,,0.0,,0.6,¼“ì¼,,1.0e-50,
2022/9/6 22:00,16.8,77,,0.0,,1.1,“ì¼,,1.0e-50,
2022/9/6 23:00,16.5,77,,0.0,,1.0,“ì¼,,1.0e-50,
2022/9/7 0:00,16.3,78,,0.0,,1.1,“ì¼,,1.0e-50,
2022/9/7 1:00,16.1,78,,0.0,,1.2,“ì¼,,1.0e-50,
2022/9/7 2:00,15.9,78,,0.0,,1.2,“ì¼,,1.0e-50,
2022/9/7 3:00,15.6,79,,0.0,,1.0,“ì“ì¼,,1.0e-50,
2022/9/7 4:00,15.5,78,,0.0,,1.2,“ì,,1.0e-50,
2022/9/7 5:00,15.4,77,,0.0,,1.3,“ì,,1.0e-50,
2022/9/7 6:00,15.9,78,,0.0,,1.2,“ì“ì“Œ,,0.01,
2022/9/7 7:00,16.6,75,,0.0,,1.2,“ì“ì“Œ,,0.01,
2022/9/7 8:00,18.1,71,,0.0,,1.9,“ì“ì“Œ,,0.01,
2022/9/7 9:00,19.0,72,,0.0,,2.1,“ì“Œ,,0.01,
2022/9/7 10:00,19.8,72,,0.0,,2.3,“ì“Œ,,0.01,
2022/9/7 11:00,20.0,73,,0.0,,2.4,“ì“Œ,,0.01,
2022/9/7 12:00,20.4,71,,0.1,,1.8,“Œ,,0.01,
2022/9/7 13:00,20.6,71,,0.0,,1.6,“Œ,,0.01,
2022/9/7 14:00,21.0,71,,0.0,,1.4,“Œ–k“Œ,,0.01,
2022/9/7 15:00,20.9,74,,0.1,,1.5,“Œ,,0.01,
2022/9/7 16:00,20.6,78,,0.8,,1.2,“Œ–k“Œ,,0.01,
2022/9/7 17:00,20.2,81,,0.1,,1.1,–k“Œ,,0.01,
2022/9/7 18:00,19.8,84,,0.0,,0.7,“Œ“ì“Œ,,0.01,
2022/9/7 19:00,19.2,87,,0.0,,0.4,“ì“Œ,,1.0e-50,
2022/9/7 20:00,18.9,86,,0.0,,0.7,“ì,,1.0e-50,
2022/9/7 21:00,18.2,82,,0.0,,0.9,“ì,,1.0e-50,
2022/9/7 22:00,17.8,80,,0.0,,1.0,“ì,,1.0e-50,
2022/9/7 23:00,17.5,80,,0.0,,1.1,“ì,,1.0e-50,
2022/9/8 0:00,17.7,80,,0.0,,1.2,“ì,,1.0e-50,
2022/9/8 1:00,17.3,83,,0.0,,1.2,“ì“ì¼,,1.0e-50,
2022/9/8 2:00,16.9,84,,0.0,,1.2,“ì“ì¼,,1.0e-50,
2022/9/8 3:00,16.3,87,,0.0,,1.1,“ì“ì¼,,1.0e-50,
2022/9/8 4:00,15.7,88,,0.0,,0.9,¼“ì¼,,1.0e-50,
2022/9/8 5:00,15.3,86,,0.0,,0.9,“ì¼,,1.0e-50,
2022/9/8 6:00,15.7,83,,0.0,,0.9,“ì“ì¼,,0.01,
2022/9/8 7:00,17.2,75,,0.0,,0.5,“ì¼,,0.01,
2022/9/8 8:00,19.7,61,,0.0,,0.2,“Œ–k“Œ,,0.01,
2022/9/8 9:00,20.8,59,,0.0,,0.9,–k–k“Œ,,0.01,
2022/9/8 10:00,21.7,59,,0.0,,1.0,–k–k“Œ,,0.01,
2022/9/8 11:00,22.4,58,,0.0,,1.1,–k,,0.01,
2022/9/8 12:00,23.1,55,,0.0,,1.1,–k“Œ,,0.01,
2022/9/8 13:00,23.4,55,,0.0,,1.9,–k,,0.01,
2022/9/8 14:00,22.5,63,,0.2,,3.1,–k–k¼,,0.01,
2022/9/8 15:00,21.9,62,,0.2,,3.1,–k–k¼,,0.01,
2022/9/8 16:00,21.3,67,,0.0,,3.0,–k¼,,0.01,
2022/9/8 17:00,20.7,72,,0.0,,2.9,–k¼,,0.01,
2022/9/8 18:00,20.2,77,,0.0,,2.0,–k¼,,0.01,
2022/9/8 19:00,19.7,78,,0.0,,1.9,–k¼,,1.0e-50,
2022/9/8 20:00,19.5,79,,0.0,,1.7,–k¼,,1.0e-50,
2022/9/8 21:00,19.0,79,,0.0,,1.6,–k¼,,1.0e-50,
2022/9/8 22:00,18.4,79,,0.0,,1.2,¼–k¼,,1.0e-50,
2022/9/8 23:00,17.8,78,,0.0,,1.2,¼,,1.0e-50,
2022/9/9 0:00,17.1,76,,0.0,,1.2,¼,,1.0e-50,
2022/9/9 1:00,16.8,77,,0.0,,1.4,¼,,1.0e-50,
2022/9/9 2:00,16.5,81,,0.0,,1.2,¼,,1.0e-50,
2022/9/9 3:00,16.2,82,,0.0,,1.0,¼“ì¼,,1.0e-50,
2022/9/9 4:00,15.9,83,,0.0,,1.0,¼“ì¼,,1.0e-50,
2022/9/9 5:00,15.4,85,,0.0,,0.9,¼“ì¼,,1.0e-50,
2022/9/9 6:00,15.5,84,,0.0,,0.9,¼“ì¼,,0.01,
2022/9/9 7:00,17.5,75,,0.0,,0.3,“ì¼,,0.01,
2022/9/9 8:00,19.6,67,,0.0,,0.9,–k–k¼,,0.01,
2022/9/9 9:00,21.1,62,,0.0,,1.9,–k–k¼,,0.01,
2022/9/9 10:00,22.1,57,,0.0,,2.7,–k–k¼,,0.01,
2022/9/9 11:00,22.7,56,,0.0,,3.3,–k–k¼,,0.01,
2022/9/9 12:00,23.0,59,,0.0,,3.5,–k–k¼,,0.01,
2022/9/9 13:00,22.9,60,,0.0,,3.7,–k–k¼,,0.01,
2022/9/9 14:00,22.7,61,,0.0,,3.8,–k–k¼,,0.01,
2022/9/9 15:00,22.2,62,,0.0,,3.6,–k–k¼,,0.01,
2022/9/9 16:00,21.8,63,,0.0,,3.0,–k–k¼,,0.01,
2022/9/9 17:00,21.3,68,,0.0,,2.5,–k–k¼,,0.01,
2022/9/9 18:00,20.3,75,,0.0,,1.6,–k–k¼,,0.01,
2022/9/9 19:00,19.2,79,,0.0,,1.4,–k¼,,1.0e-50,
2022/9/9 20:00,18.5,79,,0.0,,1.3,¼–k¼,,1.0e-50,
2022/9/9 21:00,17.8,74,,0.0,,1.4,¼,,1.0e-50,
2022/9/9 22:00,17.4,71,,0.0,,1.4,¼,,1.0e-50,
2022/9/9 23:00,17.1,70,,0.0,,1.5,¼“ì¼,,1.0e-50,
2022/9/10 0:00,16.6,65,,0.0,,1.3,“ì¼,,1.0e-50,
2022/9/10 1:00,16.4,63,,0.0,,1.3,“ì¼,,1.0e-50,
2022/9/10 2:00,16.3,62,,0.0,,1.5,“ì¼,,1.0e-50,
2022/9/10 3:00,16.0,63,,0.0,,1.2,¼“ì¼,,1.0e-50,
2022/9/10 4:00,15.8,64,,0.0,,1.3,¼“ì¼,,1.0e-50,
2022/9/10 5:00,15.8,64,,0.0,,1.5,“ì¼,,1.0e-50,
2022/9/10 6:00,15.9,70,,0.0,,1.3,“ì¼,,0.01,
2022/9/10 7:00,16.9,70,,0.0,,1.0,“ì¼,,0.01,
2022/9/10 8:00,18.7,65,,0.0,,0.2,“Œ,,0.01,
2022/9/10 9:00,20.7,61,,0.0,,1.0,“Œ,,0.01,
2022/9/10 10:00,21.6,59,,0.0,,0.9,“Œ–k“Œ,,0.01,
2022/9/10 11:00,22.7,52,,0.0,,0.9,“Œ,,0.01,
2022/9/10 12:00,23.6,49,,0.0,,1.0,–k“Œ,,0.01,
2022/9/10 13:00,24.2,47,,0.0,,1.1,–k“Œ,,0.01,
2022/9/10 14:00,24.3,47,,0.0,,1.3,–k“Œ,,0.01,
2022/9/10 15:00,25.1,45,,0.0,,1.3,“Œ,,0.01,
2022/9/10 16:00,25.0,46,,0.0,,1.7,“Œ“ì“Œ,,0.01,
2022/9/10 17:00,23.9,50,,0.0,,1.5,“ì“Œ,,0.01,
2022/9/10 18:00,21.9,63,,0.0,,0.8,–k–k¼,,0.01,
2022/9/10 19:00,20.6,70,,0.0,,0.3,–k–k¼,,1.0e-50,
2022/9/10 20:00,19.9,73,,0.0,,0.5,¼“ì¼,,1.0e-50,
2022/9/10 21:00,19.0,75,,0.0,,0.8,“ì“ì¼,,1.0e-50,
2022/9/10 22:00,18.4,76,,0.0,,1.1,“ì,,1.0e-50,
2022/9/10 23:00,18.0,75,,0.0,,1.3,“ì,,1.0e-50,
2022/9/11 0:00,17.4,75,,0.0,,1.4,“ì,,1.0e-50,
2022/9/11 1:00,17.1,78,,0.0,,1.4,“ì“ì“Œ,,1.0e-50,
2022/9/11 2:00,16.9,86,,0.0,,1.4,“ì“ì“Œ,,1.0e-50,
2022/9/11 3:00,16.7,89,,0.0,,1.4,“ì“ì“Œ,,1.0e-50,
2022/9/11 4:00,16.6,90,,0.0,,1.5,“ì“ì“Œ,,1.0e-50,
2022/9/11 5:00,16.7,91,,0.0,,1.5,“ì,,1.0e-50,
2022/9/11 6:00,16.7,89,,0.0,,1.4,“ì,,0.01,
2022/9/11 7:00,18.2,84,,0.0,,1.8,“ì“ì“Œ,,0.01,
2022/9/11 8:00,19.8,78,,0.0,,2.5,“ì“ì“Œ,,0.01,
2022/9/11 9:00,22.0,69,,0.0,,3.0,“ì“Œ,,0.01,
2022/9/11 10:00,23.2,63,,0.0,,3.3,“ì“ì“Œ,,0.01,
2022/9/11 11:00,24.0,59,,0.0,,3.9,“ì“ì“Œ,,0.01,
2022/9/11 12:00,24.6,60,,0.0,,4.4,“ì“ì“Œ,,0.01,
2022/9/11 13:00,24.8,59,,0.0,,4.3,“ì“ì“Œ,,0.01,
2022/9/11 14:00,24.7,59,,0.0,,4.4,“ì“ì“Œ,,0.01,
2022/9/11 15:00,24.6,60,,0.0,,4.1,“ì“ì“Œ,,0.01,
2022/9/11 16:00,23.9,64,,0.0,,4.0,“ì“ì“Œ,,0.01,
2022/9/11 17:00,22.9,68,,0.0,,3.3,“ì“ì“Œ,,0.01,
2022/9/11 18:00,21.8,75,,0.0,,2.2,“ì“ì“Œ,,0.01,
2022/9/11 19:00,20.8,81,,0.0,,1.4,“ì,,1.0e-50,
2022/9/11 20:00,20.1,83,,0.0,,1.2,“ì,,1.0e-50,
2022/9/11 21:00,19.5,83,,0.0,,1.3,“ì,,1.0e-50,
2022/9/11 22:00,18.9,86,,0.0,,0.8,“ì“ì¼,,1.0e-50,
2022/9/11 23:00,18.8,87,,0.0,,1.1,“ì“ì“Œ,,1.0e-50,
2022/9/12 0:00,18.9,87,,0.0,,1.2,“ì,,1.0e-50,
2022/9/12 1:00,18.8,89,,0.0,,1.1,“ì,,1.0e-50,
2022/9/12 2:00,18.7,89,,0.0,,1.2,“ì,,1.0e-50,
2022/9/12 3:00,18.3,88,,0.0,,1.1,“ì“ì¼,,1.0e-50,
2022/9/12 4:00,18.1,87,,0.3,,1.1,¼“ì¼,,1.0e-50,
2022/9/12 5:00,17.5,89,,0.7,,0.8,¼“ì¼,,1.0e-50,
2022/9/12 6:00,17.1,92,,0.0,,0.3,–k–k¼,,0.01,
2022/9/12 7:00,18.0,88,,0.0,,0.1,“Œ–k“Œ,,0.01,
2022/9/12 8:00,19.7,78,,0.0,,0.3,–k–k“Œ,,0.01,
2022/9/12 9:00,22.2,59,,0.0,,1.4,–k,,0.01,
2022/9/12 10:00,23.0,56,,0.0,,1.4,–k,,0.01,
2022/9/12 11:00,23.7,53,,0.0,,1.8,–k,,0.01,
2022/9/12 12:00,23.8,54,,0.0,,2.0,–k,,0.01,
2022/9/12 13:00,24.0,54,,0.0,,1.6,–k–k“Œ,,0.01,
2022/9/12 14:00,24.1,54,,0.0,,1.6,–k–k“Œ,,0.01,
2022/9/12 15:00,24.4,53,,0.0,,1.8,–k–k¼,,0.01,
2022/9/12 16:00,23.7,58,,0.0,,2.1,–k–k¼,,0.01,
2022/9/12 17:00,22.6,66,,0.0,,1.8,–k,,0.01,
2022/9/12 18:00,21.3,74,,0.0,,1.0,–k,,0.01,
2022/9/12 19:00,20.0,83,,0.0,,0.7,¼–k¼,,1.0e-50,
2022/9/12 20:00,19.2,81,,0.0,,1.1,“ì“ì¼,,1.0e-50,
2022/9/12 21:00,18.5,77,,0.0,,1.2,“ì¼,,1.0e-50,
2022/9/12 22:00,18.0,73,,0.0,,1.4,¼“ì¼,,1.0e-50,
2022/9/12 23:00,17.5,67,,0.0,,1.4,¼“ì¼,,1.0e-50,
2022/9/13 0:00,16.6,62,,0.0,,1.4,¼“ì¼,,1.0e-50,
2022/9/13 1:00,16.0,56,,0.0,,1.3,¼,,1.0e-50,
2022/9/13 2:00,15.6,50,,0.0,,1.4,¼“ì¼,,1.0e-50,
2022/9/13 3:00,15.0,53,,0.0,,1.2,¼“ì¼,,1.0e-50,
2022/9/13 4:00,14.9,47,,0.0,,1.4,“ì¼,,1.0e-50,
2022/9/13 5:00,15.3,38,,0.0,,1.5,“ì¼,,1.0e-50,
2022/9/13 6:00,16.0,40,,0.0,,1.5,“ì¼,,0.01,
2022/9/13 7:00,17.7,40,,0.0,,1.0,“ì,,0.01,
2022/9/13 8:00,19.5,50,,0.0,,0.8,“ì“Œ,,0.01,
2022/9/13 9:00,22.4,39,,0.0,,1.3,“ì“ì“Œ,,0.01,
2022/9/13 10:00,23.9,39,,0.0,,1.6,“Œ“ì“Œ,,0.01,
2022/9/13 11:00,24.7,40,,0.0,,1.9,“ì“Œ,,0.01,
2022/9/13 12:00,25.6,35,,0.0,,1.9,“ì“Œ,,0.01,
2022/9/13 13:00,26.1,34,,0.0,,2.4,“ì“Œ,,0.01,
2022/9/13 14:00,26.0,36,,0.0,,3.0,“ì“ì“Œ,,0.01,
2022/9/13 15:00,24.9,43,,0.0,,3.2,“ì“Œ,,0.01,
2022/9/13 16:00,23.3,49,,0.0,,3.1,“ì“ì“Œ,,0.01,
2022/9/13 17:00,22.0,57,,0.0,,2.7,“ì“ì“Œ,,0.01,
2022/9/13 18:00,21.2,59,,0.0,,2.4,“ì“ì“Œ,,0.01,
2022/9/13 19:00,20.6,65,,0.0,,2.9,“ì“ì“Œ,,1.0e-50,
2022/9/13 20:00,20.4,78,,0.0,,3.5,“ì“ì“Œ,,1.0e-50,
2022/9/13 21:00,20.3,83,,1.1,,3.5,“ì“ì“Œ,,1.0e-50,
2022/9/13 22:00,20.4,80,,0.0,,4.2,“ì“ì“Œ,,1.0e-50,
2022/9/13 23:00,20.5,74,,0.0,,4.6,“ì“ì“Œ,,1.0e-50,
2022/9/14 0:00,20.6,75,,0.0,,4.2,“ì“ì“Œ,,1.0e-50,
2022/9/14 1:00,20.6,74,,0.1,,4.5,“ì“ì“Œ,,1.0e-50,
2022/9/14 2:00,20.7,76,,0.3,,4.8,“ì“ì“Œ,,1.0e-50,
2022/9/14 3:00,21.1,81,,0.0,,4.2,“ì“ì“Œ,,1.0e-50,
2022/9/14 4:00,21.5,84,,0.1,,3.4,“ì“ì“Œ,,1.0e-50,
2022/9/14 5:00,22.0,83,,0.2,,3.2,“ì“ì“Œ,,1.0e-50,
2022/9/14 6:00,21.7,83,,0.1,,2.4,“ì“ì“Œ,,0.01,
2022/9/14 7:00,22.4,79,,0.0,,2.7,“ì,,0.01,
2022/9/14 8:00,23.0,76,,0.0,,2.2,“ì,,0.01,
2022/9/14 9:00,23.3,75,,0.0,,2.1,“ì,,0.01,
2022/9/14 10:00,24.0,74,,0.0,,1.9,“ì,,0.01,
2022/9/14 11:00,25.9,63,,0.0,,1.7,“ì“ì¼,,0.01,
2022/9/14 12:00,27.5,54,,0.0,,1.8,¼“ì¼,,0.01,
2022/9/14 13:00,27.3,56,,0.0,,1.7,¼–k¼,,0.01,
2022/9/14 14:00,26.3,63,,0.0,,1.9,–k–k¼,,0.01,
2022/9/14 15:00,27.2,58,,0.0,,1.0,–k¼,,0.01,
2022/9/14 16:00,26.8,59,,0.0,,0.9,–k–k¼,,0.01,
2022/9/14 17:00,25.6,67,,0.0,,1.1,–k“Œ,,0.01,
2022/9/14 18:00,23.6,77,,0.0,,1.0,–k“Œ,,0.01,
2022/9/14 19:00,22.2,83,,0.0,,0.5,–k“Œ,,1.0e-50,
2022/9/14 20:00,21.4,85,,0.0,,0.7,“ì,,1.0e-50,
2022/9/14 21:00,20.8,84,,0.0,,1.1,“ì,,1.0e-50,
2022/9/14 22:00,20.4,85,,0.0,,1.3,“ì“ì“Œ,,1.0e-50,
2022/9/14 23:00,19.8,88,,0.0,,1.3,“ì“ì“Œ,,1.0e-50,
2022/9/15 0:00,19.5,90,,0.0,,1.4,“ì“ì“Œ,,1.0e-50,
2022/9/15 1:00,19.1,92,,0.0,,1.2,“ì,,1.0e-50,
2022/9/15 2:00,19.5,91,,0.0,,1.6,“ì“ì“Œ,,1.0e-50,
2022/9/15 3:00,20.2,93,,0.0,,2.4,“ì“ì“Œ,,1.0e-50,
2022/9/15 4:00,20.9,92,,0.0,,2.9,“ì“ì“Œ,,1.0e-50,
2022/9/15 5:00,21.6,88,,0.0,,2.7,“ì,,1.0e-50,
2022/9/15 6:00,21.3,88,,0.0,,1.3,“ì“ì“Œ,,0.01,
2022/9/15 7:00,21.3,90,,0.2,,1.1,“ì“Œ,,0.01,
2022/9/15 8:00,21.5,91,,0.2,,0.7,–k–k“Œ,,0.01,
2022/9/15 9:00,21.7,92,,0.9,,1.8,“ì“ì“Œ,,0.01,
2022/9/15 10:00,22.1,91,,6.2,,1.8,“ì“Œ,,0.01,
2022/9/15 11:00,23.0,86,,1.7,,2.4,“ì“ì“Œ,,0.01,
2022/9/15 12:00,22.6,80,,1.7,,1.7,“ì“Œ,,0.01,
2022/9/15 13:00,22.3,79,,2.6,,1.7,“Œ“ì“Œ,,0.01,
2022/9/15 14:00,22.3,80,,0.5,,2.7,“ì“Œ,,0.01,
2022/9/15 15:00,23.0,74,,0.2,,2.8,“ì“ì“Œ,,0.01,
2022/9/15 16:00,22.8,74,,0.0,,2.3,“ì“ì“Œ,,0.01,
2022/9/15 17:00,22.4,75,,0.0,,2.3,“ì“ì“Œ,,0.01,
2022/9/15 18:00,22.5,75,,0.0,,3.2,“ì“ì“Œ,,0.01,
2022/9/15 19:00,22.1,76,,0.0,,3.5,“ì“ì“Œ,,1.0e-50,
2022/9/15 20:00,21.6,76,,0.0,,3.4,“ì“ì“Œ,,1.0e-50,
2022/9/15 21:00,20.9,80,,0.0,,2.9,“ì“ì“Œ,,1.0e-50,
2022/9/15 22:00,20.7,81,,0.0,,2.6,“ì“Œ,,1.0e-50,
2022/9/15 23:00,20.5,82,,1.5,,2.9,“ì“ì“Œ,,1.0e-50,
2022/9/16 0:00,20.4,81,,0.8,,2.6,“ì“ì“Œ,,1.0e-50,
2022/9/16 1:00,20.6,78,,0.1,,2.2,“ì“ì“Œ,,1.0e-50,
2022/9/16 2:00,20.5,78,,0.0,,2.0,“ì“ì“Œ,,1.0e-50,
2022/9/16 3:00,19.3,88,,0.9,,1.5,“Œ“ì“Œ,,1.0e-50,
2022/9/16 4:00,18.9,92,,2.3,,0.9,“Œ“ì“Œ,,1.0e-50,
2022/9/16 5:00,18.7,92,,0.8,,0.9,“ì“ì“Œ,,1.0e-50,
2022/9/16 6:00,18.6,92,,0.3,,1.0,“ì,,0.01,
2022/9/16 7:00,18.7,90,,1.0,,0.9,“ì“ì¼,,0.01,
2022/9/16 8:00,18.9,86,,1.0,,1.2,¼–k¼,,0.01,
2022/9/16 9:00,18.5,84,,1.5,,0.8,–k¼,,0.01,
2022/9/16 10:00,18.4,83,,2.2,,1.3,–k–k¼,,0.01,
2022/9/16 11:00,18.3,83,,1.4,,0.8,–k–k“Œ,,0.01,
2022/9/16 12:00,18.4,82,,1.2,,1.8,–k,,0.01,
2022/9/16 13:00,18.2,85,,3.3,,0.9,–k–k¼,,0.01,
2022/9/16 14:00,18.1,85,,1.7,,1.5,–k–k“Œ,,0.01,
2022/9/16 15:00,17.0,79,,1.7,,2.5,–k,,0.01,
2022/9/16 16:00,16.6,82,,1.9,,1.8,–k–k¼,,0.01,
2022/9/16 17:00,16.2,87,,3.5,,2.0,–k–k¼,,0.01,
2022/9/16 18:00,15.9,89,,3.2,,1.8,–k,,0.01,
2022/9/16 19:00,15.9,84,,1.1,,1.7,–k¼,,1.0e-50,
2022/9/16 20:00,16.1,77,,0.1,,2.2,–k¼,,1.0e-50,
2022/9/16 21:00,17.6,74,,0.0,,4.9,–k¼,,1.0e-50,
2022/9/16 22:00,17.5,66,,0.0,,5.0,–k¼,,1.0e-50,
2022/9/16 23:00,17.2,60,,0.0,,4.6,–k¼,,1.0e-50,
2022/9/17 0:00,17.1,54,,0.0,,3.8,–k¼,,1.0e-50,
2022/9/17 1:00,16.7,56,,0.0,,3.5,¼–k¼,,1.0e-50,
2022/9/17 2:00,16.3,56,,0.0,,2.8,¼–k¼,,1.0e-50,
2022/9/17 3:00,15.4,59,,0.0,,2.1,¼,,1.0e-50,
2022/9/17 4:00,14.8,64,,0.0,,1.5,¼,,1.0e-50,
2022/9/17 5:00,14.3,67,,0.0,,1.4,“ì¼,,1.0e-50,
2022/9/17 6:00,14.3,66,,0.0,,1.5,“ì“ì¼,,0.01,
2022/9/17 7:00,16.3,60,,0.0,,1.1,“ì¼,,0.01,
2022/9/17 8:00,19.7,49,,0.0,,3.3,¼“ì¼,,0.01,
2022/9/17 9:00,21.5,46,,0.0,,4.3,¼,,0.01,
2022/9/17 10:00,22.7,43,,0.0,,5.3,¼,,0.01,
2022/9/17 11:00,23.2,39,,0.0,,5.8,¼,,0.01,
2022/9/17 12:00,23.3,33,,0.0,,5.9,¼,,0.01,
2022/9/17 13:00,23.0,34,,0.0,,5.9,¼,,0.01,
2022/9/17 14:00,22.5,35,,0.0,,5.7,¼,,0.01,
2022/9/17 15:00,21.9,36,,0.0,,5.3,¼–k¼,,0.01,
2022/9/17 16:00,20.5,38,,0.0,,4.9,¼–k¼,,0.01,
2022/9/17 17:00,19.1,43,,0.0,,3.5,¼–k¼,,0.01,
2022/9/17 18:00,18.2,52,,0.0,,1.8,¼–k¼,,0.01,
2022/9/17 19:00,17.1,57,,0.0,,1.2,¼–k¼,,1.0e-50,
2022/9/17 20:00,16.3,60,,0.0,,1.1,¼“ì¼,,1.0e-50,
2022/9/17 21:00,15.7,59,,0.0,,1.7,¼“ì¼,,1.0e-50,
2022/9/17 22:00,15.3,58,,0.0,,1.7,¼“ì¼,,1.0e-50,
2022/9/17 23:00,15.1,58,,0.0,,1.7,¼“ì¼,,1.0e-50,
2022/9/18 0:00,14.6,59,,0.0,,1.8,¼“ì¼,,1.0e-50,
2022/9/18 1:00,14.6,59,,0.0,,1.9,¼“ì¼,,1.0e-50,
2022/9/18 2:00,14.8,58,,0.0,,1.8,¼“ì¼,,1.0e-50,
2022/9/18 3:00,14.4,60,,0.0,,1.8,¼“ì¼,,1.0e-50,
2022/9/18 4:00,14.5,61,,0.0,,1.7,¼“ì¼,,1.0e-50,
2022/9/18 5:00,14.3,64,,0.0,,1.7,¼,,1.0e-50,
2022/9/18 6:00,14.1,66,,0.0,,1.8,¼“ì¼,,0.01,
2022/9/18 7:00,15.7,63,,0.0,,1.6,¼,,0.01,
2022/9/18 8:00,18.1,54,,0.0,,3.1,¼–k¼,,0.01,
2022/9/18 9:00,19.3,47,,0.0,,3.8,–k¼,,0.01,
2022/9/18 10:00,19.8,43,,0.0,,4.4,–k¼,,0.01,
2022/9/18 11:00,19.8,42,,0.0,,4.8,–k¼,,0.01,
2022/9/18 12:00,20.0,40,,0.0,,4.5,–k¼,,0.01,
2022/9/18 13:00,19.5,43,,0.0,,3.8,–k¼,,0.01,
2022/9/18 14:00,19.5,38,,0.0,,3.4,¼–k¼,,0.01,
2022/9/18 15:00,19.5,39,,0.0,,3.0,¼,,0.01,
2022/9/18 16:00,19.3,44,,0.0,,2.9,¼,,0.01,
2022/9/18 17:00,18.5,51,,0.0,,1.9,¼–k¼,,0.01,
2022/9/18 18:00,17.8,54,,0.0,,2.0,¼,,0.01,
2022/9/18 19:00,17.1,59,,0.0,,2.1,¼,,1.0e-50,
2022/9/18 20:00,16.5,61,,0.0,,2.3,¼,,1.0e-50,
2022/9/18 21:00,15.5,59,,0.0,,1.8,¼,,1.0e-50,
2022/9/18 22:00,15.4,57,,0.0,,2.0,¼,,1.0e-50,
2022/9/18 23:00,15.3,54,,0.0,,1.9,¼–k¼,,1.0e-50,
2022/9/19 0:00,15.0,50,,0.0,,1.8,¼–k¼,,1.0e-50,
2022/9/19 1:00,14.4,51,,0.0,,1.8,¼,,1.0e-50,
2022/9/19 2:00,13.9,53,,0.0,,1.8,¼,,1.0e-50,
2022/9/19 3:00,13.7,52,,0.0,,2.1,¼,,1.0e-50,
2022/9/19 4:00,13.5,51,,0.0,,2.0,¼“ì¼,,1.0e-50,
2022/9/19 5:00,13.4,52,,0.0,,1.9,¼“ì¼,,1.0e-50,
2022/9/19 6:00,12.5,54,,0.0,,1.5,“ì¼,,0.01,
2022/9/19 7:00,13.8,52,,0.0,,1.1,“ì¼,,0.01,
2022/9/19 8:00,15.9,45,,0.0,,0.8,¼,,0.01,
2022/9/19 9:00,18.0,39,,0.0,,1.5,–k¼,,0.01,
2022/9/19 10:00,19.1,35,,0.0,,2.4,–k¼,,0.01,
2022/9/19 11:00,19.8,34,,0.0,,2.7,–k¼,,0.01,
2022/9/19 12:00,20.3,37,,0.0,,2.9,–k¼,,0.01,
2022/9/19 13:00,20.6,38,,0.0,,3.2,–k¼,,0.01,
2022/9/19 14:00,20.6,38,,0.0,,3.3,–k¼,,0.01,
2022/9/19 15:00,20.4,39,,0.0,,2.1,–k¼,,0.01,
2022/9/19 16:00,19.8,43,,0.0,,2.1,¼–k¼,,0.01,
2022/9/19 17:00,18.9,49,,0.0,,1.6,–k¼,,0.01,
2022/9/19 18:00,17.7,55,,0.0,,0.9,“ì¼,,0.01,
2022/9/19 19:00,16.8,58,,0.0,,1.2,“ì¼,,1.0e-50,
2022/9/19 20:00,16.2,61,,0.0,,1.1,“ì“ì¼,,1.0e-50,
2022/9/19 21:00,15.8,61,,0.0,,1.0,“ì,,1.0e-50,
2022/9/19 22:00,15.4,62,,0.0,,1.0,“ì“ì“Œ,,1.0e-50,
2022/9/19 23:00,15.1,63,,0.0,,1.1,“ì“ì“Œ,,1.0e-50,
2022/9/20 0:00,14.7,64,,0.0,,1.1,“ì“ì“Œ,,1.0e-50,
2022/9/20 1:00,14.4,65,,0.0,,1.0,“ì,,1.0e-50,
2022/9/20 2:00,14.2,65,,0.0,,1.2,“ì,,1.0e-50,
2022/9/20 3:00,14.1,63,,0.0,,1.6,“ì,,1.0e-50,
2022/9/20 4:00,14.3,60,,0.0,,1.4,“ì,,1.0e-50,
2022/9/20 5:00,14.4,61,,0.0,,1.5,“ì“ì“Œ,,1.0e-50,
2022/9/20 6:00,14.5,59,,0.0,,1.6,“ì,,0.01,
2022/9/20 7:00,15.8,59,,0.0,,2.1,“ì“ì“Œ,,0.01,
2022/9/20 8:00,18.2,54,,0.0,,2.7,“ì“ì“Œ,,0.01,
2022/9/20 9:00,19.7,50,,0.0,,2.7,“ì“ì“Œ,,0.01,
2022/9/20 10:00,21.0,46,,0.0,,3.0,“ì,,0.01,
2022/9/20 11:00,21.7,46,,0.0,,2.8,“ì,,0.01,
2022/9/20 12:00,22.7,47,,0.0,,2.7,“ì,,0.01,
2022/9/20 13:00,23.3,47,,0.0,,3.1,“ì,,0.01,
2022/9/20 14:00,23.7,49,,0.0,,3.3,“ì“ì¼,,0.01,
2022/9/20 15:00,24.0,48,,0.0,,3.0,“ì,,0.01,
2022/9/20 16:00,23.5,53,,0.0,,2.6,“ì,,0.01,
2022/9/20 17:00,22.7,59,,0.0,,2.2,“ì“ì“Œ,,0.01,
2022/9/20 18:00,21.1,68,,0.0,,2.4,“ì“ì“Œ,,0.01,
2022/9/20 19:00,20.8,69,,0.0,,2.2,“ì“ì“Œ,,1.0e-50,
2022/9/20 20:00,20.6,70,,0.0,,1.9,“ì“ì“Œ,,1.0e-50,
2022/9/20 21:00,19.4,76,,0.0,,1.6,“ì“ì“Œ,,1.0e-50,
2022/9/20 22:00,19.2,77,,0.0,,1.6,“ì“ì“Œ,,1.0e-50,
2022/9/20 23:00,19.0,79,,0.0,,1.9,“ì,,1.0e-50,
2022/9/21 0:00,18.6,83,,0.0,,1.8,“ì“ì¼,,1.0e-50,
2022/9/21 1:00,18.6,83,,0.0,,1.9,“ì“ì¼,,1.0e-50,
2022/9/21 2:00,18.0,84,,0.0,,1.5,“ì“ì¼,,1.0e-50,
2022/9/21 3:00,17.6,86,,0.0,,1.5,“ì“ì¼,,1.0e-50,
2022/9/21 4:00,17.3,87,,0.0,,1.4,“ì“ì¼,,1.0e-50,
2022/9/21 5:00,16.8,87,,0.0,,1.3,“ì“ì¼,,1.0e-50,
2022/9/21 6:00,16.6,87,,0.0,,1.4,¼“ì¼,,0.01,
2022/9/21 7:00,18.4,78,,0.0,,1.3,¼,,0.01,
2022/9/21 8:00,21.1,64,,0.0,,1.7,¼–k¼,,0.01,
2022/9/21 9:00,22.7,55,,0.0,,2.8,–k¼,,0.01,
2022/9/21 10:00,22.7,54,,0.0,,3.7,–k¼,,0.01,
2022/9/21 11:00,22.4,52,,0.0,,3.9,–k–k¼,,0.01,
2022/9/21 12:00,21.3,56,,0.0,,4.3,–k–k¼,,0.01,
2022/9/21 13:00,20.3,56,,0.0,,4.5,–k–k¼,,0.01,
2022/9/21 14:00,19.9,54,,0.0,,4.2,–k–k¼,,0.01,
2022/9/21 15:00,19.3,56,,0.0,,3.9,–k–k¼,,0.01,
2022/9/21 16:00,18.6,58,,0.0,,3.6,–k–k¼,,0.01,
2022/9/21 17:00,17.8,60,,0.0,,2.6,–k–k¼,,0.01,
2022/9/21 18:00,17.1,61,,0.0,,2.0,–k–k¼,,0.01,
2022/9/21 19:00,16.8,62,,0.0,,1.6,–k¼,,1.0e-50,
2022/9/21 20:00,16.5,63,,0.0,,1.7,–k¼,,1.0e-50,
2022/9/21 21:00,15.9,68,,0.0,,1.2,–k¼,,1.0e-50,
2022/9/21 22:00,15.8,69,,0.0,,1.1,–k¼,,1.0e-50,
2022/9/21 23:00,15.6,70,,0.0,,1.1,–k–k¼,,1.0e-50,
2022/9/22 0:00,15.4,66,,0.0,,1.6,–k–k¼,,1.0e-50,
2022/9/22 1:00,14.8,64,,0.0,,1.8,–k¼,,1.0e-50,
2022/9/22 2:00,14.6,63,,0.0,,2.0,–k–k¼,,1.0e-50,
2022/9/22 3:00,13.8,65,,0.0,,1.7,–k–k¼,,1.0e-50,
2022/9/22 4:00,13.3,69,,0.0,,1.3,–k–k¼,,1.0e-50,
2022/9/22 5:00,12.7,72,,0.0,,1.0,–k–k¼,,1.0e-50,
2022/9/22 6:00,12.3,75,,0.0,,0.5,–k¼,,0.01,
2022/9/22 7:00,13.7,70,,0.0,,0.3,–k–k¼,,0.01,
2022/9/22 8:00,15.1,65,,0.0,,1.7,–k–k“Œ,,0.01,
2022/9/22 9:00,17.1,54,,0.0,,2.8,–k,,0.01,
2022/9/22 10:00,18.1,46,,0.0,,4.4,–k–k¼,,0.01,
2022/9/22 11:00,18.4,45,,0.0,,4.5,–k–k¼,,0.01,
2022/9/22 12:00,18.8,49,,0.0,,4.4,–k–k¼,,0.01,
2022/9/22 13:00,18.6,51,,0.0,,4.7,–k–k¼,,0.01,
2022/9/22 14:00,18.3,52,,0.0,,4.9,–k–k¼,,0.01,
2022/9/22 15:00,17.8,51,,0.0,,4.5,–k–k¼,,0.01,
2022/9/22 16:00,17.2,52,,0.0,,3.8,–k–k¼,,0.01,
2022/9/22 17:00,16.6,56,,0.0,,2.5,–k¼,,0.01,
2022/9/22 18:00,15.6,63,,0.0,,1.6,–k¼,,0.01,
2022/9/22 19:00,14.8,66,,0.0,,1.6,¼–k¼,,1.0e-50,
2022/9/22 20:00,14.4,69,,0.0,,1.5,¼–k¼,,1.0e-50,
2022/9/22 21:00,13.8,68,,0.0,,1.4,¼,,1.0e-50,
2022/9/22 22:00,12.9,73,,0.0,,0.9,¼,,1.0e-50,
2022/9/22 23:00,12.3,76,,0.0,,0.9,“ì¼,,1.0e-50,
2022/9/23 0:00,12.2,77,,0.0,,1.0,“ì¼,,1.0e-50,
2022/9/23 1:00,11.8,79,,0.0,,1.2,¼“ì¼,,1.0e-50,
2022/9/23 2:00,11.6,80,,0.0,,1.5,“ì¼,,1.0e-50,
2022/9/23 3:00,11.3,79,,0.0,,1.5,“ì“ì¼,,1.0e-50,
2022/9/23 4:00,11.1,76,,0.0,,1.5,“ì“ì¼,,1.0e-50,
2022/9/23 5:00,10.9,75,,0.0,,1.7,“ì,,1.0e-50,
2022/9/23 6:00,10.6,76,,0.0,,1.5,“ì,,0.01,
2022/9/23 7:00,12.2,71,,0.0,,1.4,“ì“ì“Œ,,0.01,
2022/9/23 8:00,15.0,69,,0.0,,2.5,“ì“Œ,,0.01,
2022/9/23 9:00,17.3,66,,0.0,,3.5,“ì“ì“Œ,,0.01,
2022/9/23 10:00,19.5,60,,0.0,,4.2,“ì“ì“Œ,,0.01,
2022/9/23 11:00,20.9,55,,0.0,,4.5,“ì“ì“Œ,,0.01,
2022/9/23 12:00,20.6,56,,0.0,,5.2,“ì“ì“Œ,,0.01,
2022/9/23 13:00,20.5,55,,0.0,,5.0,“ì“ì“Œ,,0.01,
2022/9/23 14:00,20.2,55,,0.0,,5.0,“ì“ì“Œ,,0.01,
2022/9/23 15:00,19.7,57,,0.0,,5.1,“ì“ì“Œ,,0.01,
2022/9/23 16:00,18.9,58,,0.0,,5.1,“ì“ì“Œ,,0.01,
2022/9/23 17:00,18.0,62,,0.0,,4.0,“ì“ì“Œ,,0.01,
2022/9/23 18:00,17.0,67,,0.0,,3.6,“ì“ì“Œ,,0.01,
2022/9/23 19:00,16.4,69,,0.0,,3.3,“ì“ì“Œ,,1.0e-50,
2022/9/23 20:00,16.2,70,,0.0,,3.4,“ì“ì“Œ,,1.0e-50,
2022/9/23 21:00,16.6,71,,0.0,,4.0,“ì“ì“Œ,,1.0e-50,
2022/9/23 22:00,16.8,70,,0.0,,3.7,“ì“ì“Œ,,1.0e-50,
2022/9/23 23:00,16.9,69,,0.0,,3.9,“ì“ì“Œ,,1.0e-50,
2022/9/24 0:00,16.4,72,,0.0,,3.3,“ì“ì“Œ,,1.0e-50,
2022/9/24 1:00,16.2,73,,0.0,,2.7,“ì“ì“Œ,,1.0e-50,
2022/9/24 2:00,16.1,75,,0.0,,2.9,“ì“ì“Œ,,1.0e-50,
2022/9/24 3:00,15.6,79,,0.0,,2.8,“ì“ì“Œ,,1.0e-50,
2022/9/24 4:00,15.8,80,,0.0,,2.4,“ì“ì“Œ,,1.0e-50,
2022/9/24 5:00,15.9,81,,0.0,,2.0,“ì,,1.0e-50,
2022/9/24 6:00,15.2,83,,0.0,,2.1,“ì“ì“Œ,,0.01,
2022/9/24 7:00,16.8,77,,0.0,,2.9,“ì“ì“Œ,,0.01,
2022/9/24 8:00,19.2,65,,0.0,,3.1,“ì“ì“Œ,,0.01,
2022/9/24 9:00,19.7,63,,0.0,,3.7,“ì“ì“Œ,,0.01,
2022/9/24 10:00,20.2,60,,0.0,,3.6,“ì“ì“Œ,,0.01,
2022/9/24 11:00,20.7,58,,0.0,,4.1,“ì“ì“Œ,,0.01,
2022/9/24 12:00,21.7,56,,0.0,,3.2,“ì“ì“Œ,,0.01,
2022/9/24 13:00,22.2,56,,0.0,,2.3,“ì“ì“Œ,,0.01,
2022/9/24 14:00,22.1,58,,0.0,,2.0,“ì“ì“Œ,,0.01,
2022/9/24 15:00,21.8,61,,0.0,,0.5,“ì“ì“Œ,,0.01,
2022/9/24 16:00,20.8,67,,0.0,,0.4,“Œ“ì“Œ,,0.01,
2022/9/24 17:00,19.7,73,,0.0,,0.7,–k,,0.01,
2022/9/24 18:00,18.7,79,,0.0,,0.9,–k–k“Œ,,0.01,
2022/9/24 19:00,18.3,80,,0.0,,1.0,–k–k“Œ,,1.0e-50,
2022/9/24 20:00,17.7,84,,0.0,,0.6,–k“Œ,,1.0e-50,
2022/9/24 21:00,17.6,78,,0.0,,0.6,“ì“ì¼,,1.0e-50,
2022/9/24 22:00,17.7,70,,0.0,,1.2,“ì“ì“Œ,,1.0e-50,
2022/9/24 23:00,17.4,65,,0.1,,1.2,“ì“Œ,,1.0e-50,
2022/9/25 0:00,16.5,72,,0.1,,1.5,“Œ“ì“Œ,,1.0e-50,
2022/9/25 1:00,15.9,81,,3.0,,1.3,“ì“Œ,,1.0e-50,
2022/9/25 2:00,15.6,88,,3.4,,1.4,“Œ“ì“Œ,,1.0e-50,
2022/9/25 3:00,15.9,87,,1.8,,2.0,“ì“Œ,,1.0e-50,
2022/9/25 4:00,15.9,81,,0.7,,2.2,“ì“Œ,,1.0e-50,
2022/9/25 5:00,16.1,80,,0.9,,2.2,“ì“Œ,,1.0e-50,
2022/9/25 6:00,15.7,85,,0.7,,1.2,“Œ“ì“Œ,,0.01,
2022/9/25 7:00,15.6,86,,0.4,,1.1,“Œ“ì“Œ,,0.01,
2022/9/25 8:00,15.7,86,,0.4,,1.1,–k“Œ,,0.01,
2022/9/25 9:00,15.6,91,,0.9,,0.5,–k–k“Œ,,0.01,
2022/9/25 10:00,15.9,90,,3.1,,0.5,–k,,0.01,
2022/9/25 11:00,16.2,89,,4.5,,1.8,–k–k¼,,0.01,
2022/9/25 12:00,16.8,85,,1.7,,2.0,–k,,0.01,
2022/9/25 13:00,16.6,83,,0.8,,2.3,–k,,0.01,
2022/9/25 14:00,16.2,84,,2.8,,1.9,–k,,0.01,
2022/9/25 15:00,15.2,85,,1.7,,1.8,–k–k¼,,0.01,
2022/9/25 16:00,15.0,85,,1.4,,2.0,–k–k¼,,0.01,
2022/9/25 17:00,15.0,82,,0.2,,1.9,–k–k¼,,0.01,
2022/9/25 18:00,14.7,73,,0.0,,3.0,–k–k¼,,0.01,
2022/9/25 19:00,14.3,71,,0.1,,4.2,–k–k¼,,1.0e-50,
2022/9/25 20:00,14.1,67,,0.0,,3.6,–k–k¼,,1.0e-50,
2022/9/25 21:00,14.4,62,,0.0,,3.2,–k–k¼,,1.0e-50,
2022/9/25 22:00,14.1,58,,0.0,,3.2,–k–k¼,,1.0e-50,
2022/9/25 23:00,13.6,50,,0.0,,3.3,–k–k¼,,1.0e-50,
2022/9/26 0:00,13.2,50,,0.0,,2.2,–k–k¼,,1.0e-50,
2022/9/26 1:00,12.5,51,,0.0,,1.6,–k–k¼,,1.0e-50,
2022/9/26 2:00,11.6,53,,0.0,,1.1,–k¼,,1.0e-50,
2022/9/26 3:00,10.8,66,,0.0,,0.9,“ì¼,,1.0e-50,
2022/9/26 4:00,10.9,62,,0.0,,1.3,“ì“ì¼,,1.0e-50,
2022/9/26 5:00,10.8,64,,0.3,,0.8,“ì“ì¼,,1.0e-50,
2022/9/26 6:00,10.4,62,,0.0,,0.8,¼“ì¼,,0.01,
2022/9/26 7:00,11.7,61,,0.0,,0.5,¼,,0.01,
2022/9/26 8:00,13.6,54,,0.0,,1.5,–k,,0.01,
2022/9/26 9:00,15.4,46,,0.0,,2.8,–k,,0.01,
2022/9/26 10:00,16.2,39,,0.0,,4.6,–k–k¼,,0.01,
2022/9/26 11:00,16.3,37,,0.0,,4.3,–k–k¼,,0.01,
2022/9/26 12:00,16.1,40,,0.0,,4.9,–k–k¼,,0.01,
2022/9/26 13:00,15.8,40,,0.0,,4.8,–k–k¼,,0.01,
2022/9/26 14:00,15.6,40,,0.0,,4.5,–k–k¼,,0.01,
2022/9/26 15:00,15.1,43,,0.0,,4.3,–k–k¼,,0.01,
2022/9/26 16:00,14.6,44,,0.0,,3.9,–k–k¼,,0.01,
2022/9/26 17:00,14.0,47,,0.0,,2.7,–k–k¼,,0.01,
2022/9/26 18:00,13.2,47,,0.0,,1.8,–k¼,,0.01,
2022/9/26 19:00,12.5,47,,0.0,,1.8,–k¼,,1.0e-50,
2022/9/26 20:00,12.0,48,,0.0,,1.6,–k¼,,1.0e-50,
2022/9/26 21:00,11.0,50,,0.0,,1.2,¼–k¼,,1.0e-50,
2022/9/26 22:00,10.4,52,,0.0,,1.1,–k–k¼,,1.0e-50,
2022/9/26 23:00,9.8,56,,0.0,,0.8,–k¼,,1.0e-50,
2022/9/27 0:00,9.1,60,,0.0,,0.9,¼“ì¼,,1.0e-50,
2022/9/27 1:00,8.8,60,,0.0,,1.1,¼“ì¼,,1.0e-50,
2022/9/27 2:00,8.6,61,,0.0,,1.3,¼“ì¼,,1.0e-50,
2022/9/27 3:00,8.0,66,,0.0,,0.8,¼“ì¼,,1.0e-50,
2022/9/27 4:00,7.9,65,,0.0,,1.1,“ì¼,,1.0e-50,
2022/9/27 5:00,8.0,62,,0.0,,1.4,“ì¼,,1.0e-50,
2022/9/27 6:00,8.4,58,,0.0,,1.7,“ì¼,,0.01,
2022/9/27 7:00,9.8,55,,0.0,,1.1,¼“ì¼,,0.01,
2022/9/27 8:00,12.0,45,,0.0,,0.2,¼“ì¼,,0.01,
2022/9/27 9:00,14.0,40,,0.0,,0.8,–k–k“Œ,,0.01,
2022/9/27 10:00,15.2,38,,0.0,,1.3,–k,,0.01,
2022/9/27 11:00,16.1,36,,0.0,,1.5,–k,,0.01,
2022/9/27 12:00,16.9,35,,0.0,,3.2,–k–k¼,,0.01,
2022/9/27 13:00,17.3,36,,0.0,,3.3,–k–k¼,,0.01,
2022/9/27 14:00,17.3,40,,0.0,,3.4,–k–k¼,,0.01,
2022/9/27 15:00,17.4,42,,0.0,,2.8,–k–k¼,,0.01,
2022/9/27 16:00,17.1,46,,0.0,,2.3,–k–k¼,,0.01,
2022/9/27 17:00,16.3,50,,0.0,,1.1,–k,,0.01,
2022/9/27 18:00,15.0,55,,0.0,,1.2,“ì“ì¼,,0.01,
2022/9/27 19:00,13.9,57,,0.0,,1.4,“ì“ì¼,,1.0e-50,
2022/9/27 20:00,13.1,60,,0.0,,1.5,“ì¼,,1.0e-50,
2022/9/27 21:00,12.8,62,,0.0,,1.5,“ì¼,,1.0e-50,
2022/9/27 22:00,12.5,64,,0.0,,1.5,“ì“ì¼,,1.0e-50,
2022/9/27 23:00,12.1,63,,0.0,,1.3,“ì“ì¼,,1.0e-50,
2022/9/28 0:00,11.4,64,,0.0,,1.1,“ì,,1.0e-50,
2022/9/28 1:00,10.8,65,,0.0,,1.2,“ì“ì“Œ,,1.0e-50,
2022/9/28 2:00,10.4,67,,0.0,,1.4,“ì“ì“Œ,,1.0e-50,
2022/9/28 3:00,9.8,69,,0.0,,1.5,“ì“ì“Œ,,1.0e-50,
2022/9/28 4:00,9.7,70,,0.0,,1.6,“ì“ì“Œ,,1.0e-50,
2022/9/28 5:00,9.6,72,,0.0,,1.6,“ì“ì“Œ,,1.0e-50,
2022/9/28 6:00,9.5,73,,0.0,,1.6,“ì,,0.01,
2022/9/28 7:00,11.2,69,,0.0,,1.3,“ì“ì“Œ,,0.01,
2022/9/28 8:00,14.1,60,,0.0,,1.8,“ì“Œ,,0.01,
2022/9/28 9:00,16.5,53,,0.0,,2.0,“ì“ì“Œ,,0.01,
2022/9/28 10:00,18.4,44,,0.0,,1.8,“ì“Œ,,0.01,
2022/9/28 11:00,19.8,38,,0.0,,2.1,“ì“Œ,,0.01,
2022/9/28 12:00,20.6,37,,0.0,,2.7,“ì“Œ,,0.01,
2022/9/28 13:00,21.3,35,,0.0,,3.3,“ì“ì“Œ,,0.01,
2022/9/28 14:00,21.1,37,,0.0,,3.6,“ì“ì“Œ,,0.01,
2022/9/28 15:00,20.7,40,,0.0,,3.4,“ì“ì“Œ,,0.01,
2022/9/28 16:00,19.5,47,,0.0,,3.7,“ì“ì“Œ,,0.01,
2022/9/28 17:00,17.9,52,,0.0,,3.5,“ì“ì“Œ,,0.01,
2022/9/28 18:00,16.6,55,,0.0,,2.6,“ì“ì“Œ,,0.01,
2022/9/28 19:00,15.9,62,,0.0,,2.1,“ì“ì“Œ,,1.0e-50,
2022/9/28 20:00,15.4,69,,0.0,,1.8,“ì“ì“Œ,,1.0e-50,
2022/9/28 21:00,14.7,73,,0.0,,1.7,“ì“ì“Œ,,1.0e-50,
2022/9/28 22:00,14.4,78,,0.0,,1.8,“ì“ì“Œ,,1.0e-50,
2022/9/28 23:00,14.3,79,,0.0,,1.8,“ì“ì“Œ,,1.0e-50,
2022/9/29 0:00,14.2,79,,0.0,,1.7,“ì“ì“Œ,,1.0e-50,
2022/9/29 1:00,14.2,78,,0.0,,1.8,“ì“ì“Œ,,1.0e-50,
2022/9/29 2:00,14.3,78,,0.0,,2.0,“ì“ì“Œ,,1.0e-50,
2022/9/29 3:00,13.8,80,,0.0,,1.6,“ì“ì“Œ,,1.0e-50,
2022/9/29 4:00,13.7,81,,0.0,,1.6,“ì“ì“Œ,,1.0e-50,
2022/9/29 5:00,13.8,82,,0.0,,1.7,“ì“ì“Œ,,1.0e-50,
2022/9/29 6:00,14.0,81,,0.0,,2.0,“ì“ì“Œ,,0.01,
2022/9/29 7:00,14.9,80,,0.0,,2.2,“ì“ì“Œ,,0.01,
2022/9/29 8:00,17.1,73,,0.0,,2.9,“ì“ì“Œ,,0.01,
2022/9/29 9:00,18.5,66,,0.0,,3.6,“ì“ì“Œ,,0.01,
2022/9/29 10:00,19.7,59,,0.0,,3.8,“ì“ì“Œ,,0.01,
2022/9/29 11:00,20.8,52,,0.0,,3.9,“ì“ì“Œ,,0.01,
2022/9/29 12:00,21.6,49,,0.0,,4.2,“ì“ì“Œ,,0.01,
2022/9/29 13:00,21.9,48,,0.0,,3.9,“ì“ì“Œ,,0.01,
2022/9/29 14:00,22.1,47,,0.0,,3.8,“ì“ì“Œ,,0.01,
2022/9/29 15:00,21.5,51,,0.0,,3.6,“ì“ì“Œ,,0.01,
2022/9/29 16:00,20.6,56,,0.0,,3.6,“ì“ì“Œ,,0.01,
2022/9/29 17:00,19.6,63,,0.0,,2.7,“ì“ì“Œ,,0.01,
2022/9/29 18:00,18.8,67,,0.0,,2.0,“ì“ì“Œ,,0.01,
2022/9/29 19:00,18.1,69,,0.0,,1.5,“ì,,1.0e-50,
2022/9/29 20:00,17.5,71,,0.0,,1.4,“ì“ì“Œ,,1.0e-50,
2022/9/29 21:00,16.8,72,,0.0,,1.5,“ì,,1.0e-50,
2022/9/29 22:00,16.5,75,,0.0,,1.1,“ì,,1.0e-50,
2022/9/29 23:00,16.4,79,,0.0,,1.3,“ì“ì“Œ,,1.0e-50,
2022/9/30 0:00,16.4,82,,0.0,,1.5,“ì“ì“Œ,,1.0e-50,
2022/9/30 1:00,16.3,84,,0.0,,1.3,“ì“ì“Œ,,1.0e-50,
2022/9/30 2:00,16.1,85,,0.1,,1.5,“ì“ì“Œ,,1.0e-50,
2022/9/30 3:00,16.0,89,,0.1,,1.6,“ì“Œ,,1.0e-50,
2022/9/30 4:00,15.9,91,,0.2,,1.6,“ì“Œ,,1.0e-50,
2022/9/30 5:00,15.9,91,,0.2,,1.7,“ì“Œ,,1.0e-50,
2022/9/30 6:00,15.6,91,,0.1,,1.7,“ì“ì“Œ,,0.01,
2022/9/30 7:00,15.8,90,,0.1,,1.5,“ì“ì“Œ,,0.01,
2022/9/30 8:00,16.2,88,,0.1,,1.6,“ì“ì“Œ,,0.01,
2022/9/30 9:00,16.6,86,,0.1,,1.6,“ì“Œ,,0.01,
2022/9/30 10:00,16.6,86,,0.7,,2.0,“ì“Œ,,0.01,
2022/9/30 11:00,16.7,87,,0.6,,2.1,“Œ“ì“Œ,,0.01,
2022/9/30 12:00,16.9,85,,0.3,,1.9,“ì“Œ,,0.01,
2022/9/30 13:00,16.8,86,,0.5,,2.3,“Œ“ì“Œ,,0.01,
2022/9/30 14:00,16.7,86,,1.1,,2.5,“Œ“ì“Œ,,0.01,
2022/9/30 15:00,16.7,87,,0.6,,2.5,“ì“Œ,,0.01,
2022/9/30 16:00,16.5,87,,1.6,,2.5,“ì“Œ,,0.01,
2022/9/30 17:00,16.3,89,,1.5,,2.4,“ì“Œ,,0.01,
2022/9/30 18:00,15.8,91,,0.9,,2.1,“Œ“ì“Œ,,0.01,
2022/9/30 19:00,15.6,91,,0.4,,1.4,“ì“Œ,,1.0e-50,
2022/9/30 20:00,15.4,88,,0.2,,1.0,“ì“Œ,,1.0e-50,
2022/9/30 21:00,15.0,85,,0.2,,0.3,“Œ,,1.0e-50,
2022/9/30 22:00,14.5,82,,0.1,,0.1,¼,,1.0e-50,
2022/9/30 23:00,14.2,79,,0.2,,0.5,¼,,1.0e-50,
2022/10/1 0:00,13.6,80,,0.0,,1.4,–k¼,,1.0e-50,
2022/10/1 1:00,13.4,80,,0.5,,1.5,–k¼,,1.0e-50,
2022/10/1 2:00,13.1,79,,1.0,,1.6,–k–k¼,,1.0e-50,
2022/10/1 3:00,12.1,80,,1.9,,2.4,–k,,1.0e-50,
2022/10/1 4:00,11.3,79,,3.6,,2.2,–k,,1.0e-50,
2022/10/1 5:00,10.6,78,,2.8,,1.8,–k–k“Œ,,1.0e-50,
2022/10/1 6:00,10.1,79,,4.1,,1.7,–k–k¼,,0.01,
2022/10/1 7:00,10.3,78,,3.9,,1.9,–k,,0.01,
2022/10/1 8:00,10.6,75,,2.9,,2.3,–k–k¼,,0.01,
2022/10/1 9:00,11.3,69,,1.2,,3.1,–k¼,,0.01,
2022/10/1 10:00,11.8,64,,1.6,,4.1,–k¼,,0.01,
2022/10/1 11:00,12.1,57,,0.7,,4.3,–k¼,,0.01,
2022/10/1 12:00,11.9,61,,0.4,,4.3,–k¼,,0.01,
2022/10/1 13:00,12.1,58,,0.6,,4.4,–k¼,,0.01,
2022/10/1 14:00,12.1,55,,0.2,,4.5,–k¼,,0.01,
2022/10/1 15:00,11.9,55,,0.0,,4.5,–k¼,,0.01,
2022/10/1 16:00,11.3,53,,0.0,,4.9,–k¼,,0.01,
2022/10/1 17:00,10.5,52,,0.0,,3.5,–k¼,,0.01,
2022/10/1 18:00,10.4,52,,0.0,,2.9,–k¼,,0.01,
2022/10/1 19:00,10.1,51,,0.0,,2.3,¼–k¼,,1.0e-50,
2022/10/1 20:00,9.7,53,,0.0,,1.8,¼–k¼,,1.0e-50,
2022/10/1 21:00,9.5,51,,0.0,,2.0,–k¼,,1.0e-50,
2022/10/1 22:00,9.3,52,,0.0,,1.4,¼–k¼,,1.0e-50,
2022/10/1 23:00,8.9,55,,0.0,,1.5,¼“ì¼,,1.0e-50,
2022/10/2 0:00,8.9,55,,0.0,,1.6,¼“ì¼,,1.0e-50,
2022/10/2 1:00,8.6,55,,0.0,,1.6,“ì¼,,1.0e-50,
2022/10/2 2:00,8.2,55,,0.0,,1.6,“ì¼,,1.0e-50,
2022/10/2 3:00,7.4,54,,0.0,,1.7,“ì“ì¼,,1.0e-50,
2022/10/2 4:00,7.6,55,,0.0,,1.8,“ì,,1.0e-50,
2022/10/2 5:00,7.6,58,,0.0,,2.0,“ì,,1.0e-50,
2022/10/2 6:00,7.2,62,,0.0,,2.1,“ì“ì“Œ,,0.01,
2022/10/2 7:00,7.6,69,,0.3,,2.8,“ì“ì“Œ,,0.01,
2022/10/2 8:00,8.4,70,,2.4,,3.0,“ì“ì¼,,0.01,
2022/10/2 9:00,10.6,62,,2.7,,3.2,“ì¼,,0.01,
2022/10/2 10:00,10.7,62,,2.2,,3.9,¼“ì¼,,0.01,
2022/10/2 11:00,13.5,41,,0.2,,5.4,¼,,0.01,
2022/10/2 12:00,12.4,44,,0.0,,5.2,¼,,0.01,
2022/10/2 13:00,12.1,44,,0.0,,4.9,¼,,0.01,
2022/10/2 14:00,11.2,47,,0.0,,5.1,¼–k¼,,0.01,
2022/10/2 15:00,10.4,47,,0.0,,4.5,¼–k¼,,0.01,
2022/10/2 16:00,9.8,48,,0.0,,4.1,¼–k¼,,0.01,
2022/10/2 17:00,9.1,52,,0.0,,3.1,¼,,0.01,
2022/10/2 18:00,8.3,56,,0.0,,2.7,¼,,0.01,
2022/10/2 19:00,7.8,58,,0.0,,3.1,¼,,1.0e-50,
2022/10/2 20:00,7.5,60,,0.0,,3.0,¼,,1.0e-50,
2022/10/2 21:00,7.2,62,,0.0,,3.1,¼,,1.0e-50,
2022/10/2 22:00,7.3,61,,0.1,,3.4,¼,,1.0e-50,
2022/10/2 23:00,7.2,58,,0.0,,3.2,¼,,1.0e-50,
2022/10/3 0:00,7.2,54,,0.0,,3.4,¼,,1.0e-50,
2022/10/3 1:00,7.3,52,,0.0,,3.2,¼,,1.0e-50,
2022/10/3 2:00,7.4,49,,0.0,,3.3,¼,,1.0e-50,
2022/10/3 3:00,7.4,52,,0.0,,3.6,¼,,1.0e-50,
2022/10/3 4:00,7.3,55,,0.0,,3.2,¼,,1.0e-50,
2022/10/3 5:00,7.4,56,,0.1,,2.6,¼,,1.0e-50,
2022/10/3 6:00,7.6,55,,0.1,,2.8,¼,,0.01,
2022/10/3 7:00,8.8,50,,0.0,,3.3,¼–k¼,,0.01,
2022/10/3 8:00,10.2,42,,0.0,,4.3,¼–k¼,,0.01,
2022/10/3 9:00,9.1,47,,0.0,,4.9,¼–k¼,,0.01,
2022/10/3 10:00,9.4,48,,0.2,,4.4,¼–k¼,,0.01,
2022/10/3 11:00,10.2,41,,0.1,,4.5,–k¼,,0.01,
2022/10/3 12:00,10.3,45,,0.1,,5.0,–k¼,,0.01,
2022/10/3 13:00,10.2,47,,0.3,,4.7,–k¼,,0.01,
2022/10/3 14:00,10.7,42,,0.1,,4.8,–k¼,,0.01,
2022/10/3 15:00,9.9,50,,0.0,,4.6,–k¼,,0.01,
2022/10/3 16:00,9.8,48,,0.0,,4.2,–k¼,,0.01,
2022/10/3 17:00,9.5,49,,0.0,,2.8,–k¼,,0.01,
2022/10/3 18:00,8.9,54,,0.0,,1.8,¼,,0.01,
2022/10/3 19:00,8.4,54,,0.0,,2.0,¼“ì¼,,1.0e-50,
2022/10/3 20:00,8.0,54,,0.0,,2.0,¼“ì¼,,1.0e-50,
2022/10/3 21:00,7.9,55,,0.0,,1.9,¼“ì¼,,1.0e-50,
2022/10/3 22:00,7.8,56,,0.0,,1.9,¼“ì¼,,1.0e-50,
2022/10/3 23:00,7.8,57,,0.0,,2.0,¼“ì¼,,1.0e-50,
2022/10/4 0:00,7.7,55,,0.0,,1.9,¼“ì¼,,1.0e-50,
2022/10/4 1:00,7.8,54,,0.0,,1.7,¼“ì¼,,1.0e-50,
2022/10/4 2:00,7.7,55,,0.0,,1.5,“ì¼,,1.0e-50,
2022/10/4 3:00,7.1,59,,0.0,,1.3,“ì“ì¼,,1.0e-50,
2022/10/4 4:00,7.4,60,,0.0,,1.7,“ì,,1.0e-50,
2022/10/4 5:00,8.0,61,,0.0,,1.9,“ì“ì¼,,1.0e-50,
2022/10/4 6:00,7.8,65,,0.0,,1.6,“ì“ì¼,,0.01,
2022/10/4 7:00,9.2,63,,0.0,,1.3,“ì“ì¼,,0.01,
2022/10/4 8:00,11.8,57,,0.0,,0.8,¼,,0.01,
2022/10/4 9:00,14.5,50,,0.0,,1.6,¼–k¼,,0.01,
2022/10/4 10:00,16.3,44,,0.0,,2.7,¼–k¼,,0.01,
2022/10/4 11:00,17.3,38,,0.0,,3.7,¼–k¼,,0.01,
2022/10/4 12:00,17.8,36,,0.0,,3.3,¼–k¼,,0.01,
2022/10/4 13:00,18.2,35,,0.0,,3.6,¼–k¼,,0.01,
2022/10/4 14:00,18.2,36,,0.0,,3.8,¼,,0.01,
2022/10/4 15:00,18.1,38,,0.0,,3.3,¼,,0.01,
2022/10/4 16:00,17.6,40,,0.0,,2.7,¼,,0.01,
2022/10/4 17:00,16.0,48,,0.0,,0.9,¼,,0.01,
2022/10/4 18:00,14.9,54,,0.0,,1.6,“ì“ì¼,,0.01,
2022/10/4 19:00,14.0,58,,0.0,,1.6,“ì“ì¼,,1.0e-50,
2022/10/4 20:00,13.4,61,,0.0,,1.3,“ì“ì¼,,1.0e-50,
2022/10/4 21:00,12.8,62,,0.0,,1.5,“ì“ì¼,,1.0e-50,
2022/10/4 22:00,12.6,63,,0.0,,1.7,“ì“ì¼,,1.0e-50,
2022/10/4 23:00,12.6,65,,0.0,,1.8,“ì¼,,1.0e-50,
2022/10/5 0:00,12.0,68,,0.0,,1.8,“ì¼,,1.0e-50,
2022/10/5 1:00,11.9,71,,0.0,,1.7,“ì¼,,1.0e-50,
2022/10/5 2:00,11.9,73,,0.0,,1.8,“ì¼,,1.0e-50,
2022/10/5 3:00,11.4,75,,0.0,,1.7,“ì“ì¼,,1.0e-50,
2022/10/5 4:00,11.3,77,,0.0,,1.8,“ì“ì¼,,1.0e-50,
2022/10/5 5:00,11.4,78,,0.0,,1.9,“ì“ì¼,,1.0e-50,
2022/10/5 6:00,11.1,79,,0.0,,1.9,“ì“ì¼,,0.01,
2022/10/5 7:00,12.4,74,,0.0,,1.5,“ì,,0.01,
2022/10/5 8:00,15.0,63,,0.0,,1.1,“ì“ì¼,,0.01,
2022/10/5 9:00,17.4,51,,0.0,,2.0,“ì¼,,0.01,
2022/10/5 10:00,18.6,43,,0.0,,2.7,¼“ì¼,,0.01,
2022/10/5 11:00,18.9,43,,0.0,,3.0,¼“ì¼,,0.01,
2022/10/5 12:00,19.0,43,,0.1,,2.3,¼,,0.01,
2022/10/5 13:00,19.4,41,,0.0,,1.7,¼–k¼,,0.01,
2022/10/5 14:00,19.9,37,,0.0,,1.4,¼“ì¼,,0.01,
2022/10/5 15:00,19.5,38,,0.0,,1.6,“ì¼,,0.01,
2022/10/5 16:00,18.8,43,,0.0,,0.9,“ì¼,,0.01,
2022/10/5 17:00,17.5,52,,0.0,,0.7,“ì¼,,0.01,
2022/10/5 18:00,15.8,61,,0.0,,0.5,“ì,,0.01,
2022/10/5 19:00,14.9,63,,0.0,,1.1,“ì“ì¼,,1.0e-50,
2022/10/5 20:00,14.3,62,,0.0,,1.9,“ì“ì¼,,1.0e-50,
2022/10/5 21:00,13.7,66,,0.0,,1.4,“ì“ì¼,,1.0e-50,
2022/10/5 22:00,13.2,72,,0.0,,1.4,“ì“ì¼,,1.0e-50,
2022/10/5 23:00,12.6,80,,0.0,,1.2,“ì,,1.0e-50,
2022/10/6 0:00,11.7,84,,0.0,,1.3,“ì,,1.0e-50,
2022/10/6 1:00,11.3,86,,0.0,,1.1,“ì“ì“Œ,,1.0e-50,
2022/10/6 2:00,11.0,87,,0.0,,1.0,“ì“ì“Œ,,1.0e-50,
2022/10/6 3:00,11.0,86,,0.0,,1.4,“ì“ì“Œ,,1.0e-50,
2022/10/6 4:00,11.0,87,,0.0,,1.2,“ì,,1.0e-50,
2022/10/6 5:00,10.9,87,,0.0,,1.2,“ì,,1.0e-50,
2022/10/6 6:00,10.5,83,,0.0,,1.4,“ì,,0.01,
2022/10/6 7:00,11.2,78,,0.0,,0.9,“ì,,0.01,
2022/10/6 8:00,12.4,74,,0.0,,0.6,“ì“Œ,,0.01,
2022/10/6 9:00,13.5,68,,0.0,,1.5,“ì“ì“Œ,,0.01,
2022/10/6 10:00,14.7,66,,0.0,,1.9,“ì“Œ,,0.01,
2022/10/6 11:00,14.8,69,,0.0,,2.6,“Œ“ì“Œ,,0.01,
2022/10/6 12:00,15.6,72,,0.0,,2.1,“Œ“ì“Œ,,0.01,
2022/10/6 13:00,15.9,73,,0.0,,1.8,“Œ“ì“Œ,,0.01,
2022/10/6 14:00,15.9,76,,0.0,,2.0,“Œ,,0.01,
2022/10/6 15:00,16.2,75,,0.0,,2.8,“ì“Œ,,0.01,
2022/10/6 16:00,15.7,78,,0.0,,2.7,“ì“Œ,,0.01,
2022/10/6 17:00,15.1,82,,0.0,,2.4,“ì“Œ,,0.01,
2022/10/6 18:00,14.4,86,,0.4,,2.8,“ì“Œ,,0.01,
2022/10/6 19:00,14.1,86,,0.4,,2.4,“ì“Œ,,1.0e-50,
2022/10/6 20:00,14.0,86,,0.3,,1.9,“ì“Œ,,1.0e-50,
2022/10/6 21:00,13.8,88,,0.6,,2.4,“ì“Œ,,1.0e-50,
2022/10/6 22:00,13.9,85,,0.7,,2.7,“ì“Œ,,1.0e-50,
2022/10/6 23:00,14.0,84,,0.2,,2.8,“ì“Œ,,1.0e-50,
2022/10/7 0:00,13.6,84,,1.3,,2.9,“ì“Œ,,1.0e-50,
2022/10/7 1:00,13.0,84,,4.1,,3.7,“ì“Œ,,1.0e-50,
2022/10/7 2:00,12.6,84,,4.7,,2.6,“Œ“ì“Œ,,1.0e-50,
2022/10/7 3:00,12.0,86,,0.5,,2.2,“Œ“ì“Œ,,1.0e-50,
2022/10/7 4:00,12.0,85,,0.1,,2.0,“ì“Œ,,1.0e-50,
2022/10/7 5:00,11.6,86,,0.0,,1.2,“Œ“ì“Œ,,1.0e-50,
2022/10/7 6:00,11.5,86,,0.0,,0.7,“Œ,,0.01,
2022/10/7 7:00,11.7,85,,0.0,,0.8,–k–k“Œ,,0.01,
2022/10/7 8:00,12.3,82,,0.2,,1.4,–k,,0.01,
2022/10/7 9:00,12.3,85,,0.1,,2.1,–k–k¼,,0.01,
2022/10/7 10:00,12.8,75,,2.1,,3.3,–k¼,,0.01,
2022/10/7 11:00,13.2,78,,1.0,,3.0,–k–k¼,,0.01,
2022/10/7 12:00,14.1,75,,0.5,,4.0,–k–k¼,,0.01,
2022/10/7 13:00,14.2,73,,0.2,,4.5,–k–k¼,,0.01,
2022/10/7 14:00,14.4,73,,0.3,,4.8,–k–k¼,,0.01,
2022/10/7 15:00,14.8,71,,0.2,,4.7,–k–k¼,,0.01,
2022/10/7 16:00,14.7,73,,0.2,,4.8,–k–k¼,,0.01,
2022/10/7 17:00,14.5,73,,0.3,,4.0,–k–k¼,,0.01,
2022/10/7 18:00,14.6,65,,0.0,,3.5,–k–k¼,,0.01,
2022/10/7 19:00,14.2,64,,0.0,,2.9,–k–k¼,,1.0e-50,
2022/10/7 20:00,13.6,66,,0.0,,2.1,–k–k¼,,1.0e-50,
2022/10/7 21:00,13.5,70,,0.0,,2.1,–k–k¼,,1.0e-50,
2022/10/7 22:00,12.8,75,,0.0,,1.4,–k¼,,1.0e-50,
2022/10/7 23:00,11.9,80,,0.0,,1.0,¼–k¼,,1.0e-50,
2022/10/8 0:00,11.0,86,,0.0,,0.6,¼,,1.0e-50,
2022/10/8 1:00,10.6,88,,0.0,,1.0,¼“ì¼,,1.0e-50,
2022/10/8 2:00,10.6,88,,0.0,,1.4,“ì¼,,1.0e-50,
2022/10/8 3:00,10.3,89,,0.0,,1.2,¼,,1.0e-50,
2022/10/8 4:00,10.0,88,,0.0,,0.9,¼“ì¼,,1.0e-50,
2022/10/8 5:00,9.8,85,,0.0,,1.1,“ì¼,,1.0e-50,
2022/10/8 6:00,9.5,82,,0.0,,1.1,“ì¼,,0.01,
2022/10/8 7:00,10.7,78,,0.0,,0.9,“ì,,0.01,
2022/10/8 8:00,12.9,71,,0.0,,0.3,“ì“Œ,,0.01,
2022/10/8 9:00,14.8,58,,0.0,,0.5,“Œ–k“Œ,,0.01,
2022/10/8 10:00,16.2,52,,0.0,,0.7,“Œ,,0.01,
2022/10/8 11:00,17.2,49,,0.0,,1.0,–k“Œ,,0.01,
2022/10/8 12:00,17.9,49,,0.0,,1.3,–k,,0.01,
2022/10/8 13:00,18.0,50,,0.0,,2.2,–k,,0.01,
2022/10/8 14:00,17.5,54,,0.0,,2.8,–k,,0.01,
2022/10/8 15:00,17.3,54,,0.0,,2.8,–k–k¼,,0.01,
2022/10/8 16:00,16.9,52,,0.0,,2.0,–k–k¼,,0.01,
2022/10/8 17:00,15.7,59,,0.0,,0.9,–k,,0.01,
2022/10/8 18:00,14.2,68,,0.0,,0.5,“ì“ì¼,,0.01,
2022/10/8 19:00,13.9,65,,0.0,,1.5,“ì¼,,1.0e-50,
2022/10/8 20:00,13.2,58,,0.0,,1.6,“ì¼,,1.0e-50,
2022/10/8 21:00,12.4,58,,0.0,,1.5,“ì¼,,1.0e-50,
2022/10/8 22:00,11.7,62,,0.0,,1.3,“ì¼,,1.0e-50,
2022/10/8 23:00,11.1,66,,0.0,,1.3,“ì“ì¼,,1.0e-50,
2022/10/9 0:00,10.6,70,,0.0,,1.2,“ì¼,,1.0e-50,
2022/10/9 1:00,10.2,73,,0.0,,1.4,“ì¼,,1.0e-50,
2022/10/9 2:00,9.9,75,,0.0,,1.4,“ì“ì¼,,1.0e-50,
2022/10/9 3:00,9.5,76,,0.0,,1.4,“ì¼,,1.0e-50,
2022/10/9 4:00,9.2,76,,0.0,,1.3,“ì“ì¼,,1.0e-50,
2022/10/9 5:00,9.0,75,,0.0,,1.4,“ì“ì¼,,1.0e-50,
2022/10/9 6:00,8.7,76,,0.0,,1.4,“ì,,0.01,
2022/10/9 7:00,10.0,71,,0.0,,1.4,“ì“ì“Œ,,0.01,
2022/10/9 8:00,12.4,63,,0.0,,1.4,“ì“ì“Œ,,0.01,
2022/10/9 9:00,14.7,51,,0.0,,1.5,“ì“Œ,,0.01,
2022/10/9 10:00,16.5,42,,0.0,,1.5,“ì“Œ,,0.01,
2022/10/9 11:00,18.0,36,,0.0,,1.2,“ì“Œ,,0.01,
2022/10/9 12:00,18.6,36,,0.0,,1.1,“Œ“ì“Œ,,0.01,
2022/10/9 13:00,19.4,33,,0.0,,0.5,–k“Œ,,0.01,
2022/10/9 14:00,19.8,32,,0.0,,0.4,–k,,0.01,
2022/10/9 15:00,19.4,37,,0.0,,0.8,–k“Œ,,0.01,
2022/10/9 16:00,18.9,42,,0.0,,0.7,–k–k“Œ,,0.01,
2022/10/9 17:00,16.9,53,,0.0,,0.1,–k“Œ,,0.01,
2022/10/9 18:00,15.5,59,,0.0,,1.4,“ì,,1.0e-50,
2022/10/9 19:00,14.5,53,,0.0,,1.7,“ì“ì¼,,1.0e-50,
2022/10/9 20:00,14.0,54,,0.0,,1.8,“ì,,1.0e-50,
2022/10/9 21:00,13.8,58,,0.0,,2.0,“ì,,1.0e-50,
2022/10/9 22:00,13.7,64,,0.0,,2.2,“ì“ì“Œ,,1.0e-50,
2022/10/9 23:00,13.7,67,,0.0,,2.3,“ì“Œ,,1.0e-50,
2022/10/10 0:00,13.4,70,,0.0,,2.2,“ì“Œ,,1.0e-50,
2022/10/10 1:00,13.4,72,,0.0,,2.2,“ì“Œ,,1.0e-50,
2022/10/10 2:00,13.4,75,,0.0,,2.2,“ì“Œ,,1.0e-50,
2022/10/10 3:00,13.1,79,,0.0,,2.4,“ì“Œ,,1.0e-50,
2022/10/10 4:00,13.2,81,,0.0,,2.4,“ì“Œ,,1.0e-50,
2022/10/10 5:00,13.4,82,,0.0,,2.4,“ì“Œ,,1.0e-50,
2022/10/10 6:00,13.3,85,,0.0,,2.5,“ì“Œ,,0.01,
2022/10/10 7:00,14.3,80,,0.0,,2.6,“ì“ì“Œ,,0.01,
2022/10/10 8:00,15.8,71,,0.0,,2.5,“ì“ì“Œ,,0.01,
2022/10/10 9:00,18.0,59,,0.0,,3.4,“ì,,0.01,
2022/10/10 10:00,19.1,54,,0.0,,4.0,“ì“ì¼,,0.01,
2022/10/10 11:00,19.3,54,,0.0,,3.5,“ì,,0.01,
2022/10/10 12:00,18.2,62,,0.6,,2.6,“ì“ì¼,,0.01,
2022/10/10 13:00,16.8,74,,4.3,,1.3,¼–k¼,,0.01,
2022/10/10 14:00,16.3,78,,1.4,,1.0,“Œ,,0.01,
2022/10/10 15:00,15.7,81,,0.1,,0.8,–k“Œ,,0.01,
2022/10/10 16:00,15.5,82,,0.0,,0.3,“Œ–k“Œ,,0.01,
2022/10/10 17:00,14.6,83,,0.0,,0.9,¼–k¼,,0.01,
2022/10/10 18:00,14.0,76,,0.0,,1.5,¼,,1.0e-50,
2022/10/10 19:00,12.9,66,,0.0,,1.9,¼,,1.0e-50,
2022/10/10 20:00,12.1,63,,0.0,,1.8,¼,,1.0e-50,
2022/10/10 21:00,11.8,62,,0.0,,1.9,¼,,1.0e-50,
2022/10/10 22:00,11.5,56,,0.0,,2.0,¼“ì¼,,1.0e-50,
2022/10/10 23:00,11.3,54,,0.0,,2.0,¼“ì¼,,1.0e-50,
2022/10/11 0:00,11.6,55,,0.0,,2.1,¼“ì¼,,1.0e-50,
2022/10/11 1:00,11.4,57,,0.0,,2.1,“ì¼,,1.0e-50,
2022/10/11 2:00,11.2,58,,0.0,,2.0,¼,,1.0e-50,
2022/10/11 3:00,11.1,61,,0.0,,1.9,¼,,1.0e-50,
2022/10/11 4:00,10.6,65,,0.0,,1.7,¼“ì¼,,1.0e-50,
2022/10/11 5:00,10.0,68,,0.0,,1.7,¼“ì¼,,1.0e-50,
2022/10/11 6:00,9.4,67,,0.0,,1.7,¼“ì¼,,0.01,
2022/10/11 7:00,10.0,65,,0.0,,1.2,¼“ì¼,,0.01,
2022/10/11 8:00,12.3,53,,0.0,,2.3,¼–k¼,,0.01,
2022/10/11 9:00,13.4,41,,0.0,,3.3,¼–k¼,,0.01,
2022/10/11 10:00,14.0,38,,0.0,,3.3,¼–k¼,,0.01,
2022/10/11 11:00,14.6,35,,0.0,,3.5,¼–k¼,,0.01,
2022/10/11 12:00,14.9,32,,0.0,,3.4,¼–k¼,,0.01,
2022/10/11 13:00,15.1,31,,0.0,,3.6,¼–k¼,,0.01,
2022/10/11 14:00,15.0,32,,0.0,,3.6,¼–k¼,,0.01,
2022/10/11 15:00,14.6,37,,0.0,,3.3,¼–k¼,,0.01,
2022/10/11 16:00,13.7,41,,0.0,,2.8,¼–k¼,,0.01,
2022/10/11 17:00,12.3,48,,0.0,,1.4,¼–k¼,,0.01,
2022/10/11 18:00,10.9,55,,0.0,,0.9,¼–k¼,,1.0e-50,
2022/10/11 19:00,9.5,61,,0.0,,0.4,“ì¼,,1.0e-50,
2022/10/11 20:00,9.7,59,,0.0,,1.4,“ì,,1.0e-50,
2022/10/11 21:00,8.9,61,,0.0,,1.4,“ì“ì¼,,1.0e-50,
2022/10/11 22:00,8.5,62,,0.0,,1.7,“ì“ì¼,,1.0e-50,
2022/10/11 23:00,8.4,64,,0.0,,1.7,“ì“ì¼,,1.0e-50,
2022/10/12 0:00,8.8,62,,0.0,,1.8,“ì¼,,1.0e-50,
2022/10/12 1:00,8.8,62,,0.0,,1.8,“ì¼,,1.0e-50,
2022/10/12 2:00,8.6,63,,0.0,,1.7,“ì“ì¼,,1.0e-50,
2022/10/12 3:00,8.0,65,,0.0,,1.5,“ì,,1.0e-50,
2022/10/12 4:00,7.7,67,,0.0,,1.5,“ì,,1.0e-50,
2022/10/12 5:00,7.4,69,,0.0,,1.6,“ì“ì“Œ,,1.0e-50,
2022/10/12 6:00,7.2,70,,0.0,,1.7,“ì,,0.01,
2022/10/12 7:00,8.4,68,,0.0,,1.7,“ì,,0.01,
2022/10/12 8:00,11.1,61,,0.0,,1.9,“ì,,0.01,
2022/10/12 9:00,13.6,51,,0.0,,2.1,“ì“ì¼,,0.01,
2022/10/12 10:00,15.3,42,,0.0,,3.2,“ì¼,,0.01,
2022/10/12 11:00,15.9,41,,0.0,,3.4,¼“ì¼,,0.01,
2022/10/12 12:00,16.2,40,,0.0,,3.4,¼“ì¼,,0.01,
2022/10/12 13:00,15.7,46,,0.8,,2.7,¼“ì¼,,0.01,
2022/10/12 14:00,14.4,54,,2.1,,2.0,¼“ì¼,,0.01,
2022/10/12 15:00,12.7,65,,4.7,,1.1,“ì¼,,0.01,
2022/10/12 16:00,13.0,68,,1.8,,1.3,“ì“ì“Œ,,0.01,
2022/10/12 17:00,12.7,71,,0.1,,1.5,“ì,,0.01,
2022/10/12 18:00,12.2,77,,0.6,,1.0,¼,,1.0e-50,
2022/10/12 19:00,12.5,58,,0.0,,2.8,¼–k¼,,1.0e-50,
2022/10/12 20:00,12.1,57,,0.0,,2.5,¼–k¼,,1.0e-50,
2022/10/12 21:00,12.4,58,,0.0,,2.6,¼–k¼,,1.0e-50,
2022/10/12 22:00,12.5,54,,0.0,,2.4,¼,,1.0e-50,
2022/10/12 23:00,12.3,55,,0.0,,2.4,¼,,1.0e-50,
2022/10/13 0:00,12.2,50,,0.0,,2.8,¼–k¼,,1.0e-50,
2022/10/13 1:00,11.8,51,,0.0,,2.5,¼–k¼,,1.0e-50,
2022/10/13 2:00,11.5,53,,0.0,,2.4,¼,,1.0e-50,
2022/10/13 3:00,11.0,58,,0.0,,2.3,¼–k¼,,1.0e-50,
2022/10/13 4:00,10.7,60,,0.0,,2.2,¼,,1.0e-50,
2022/10/13 5:00,10.3,61,,0.0,,2.1,¼,,1.0e-50,
2022/10/13 6:00,9.7,60,,0.0,,1.9,¼“ì¼,,0.01,
2022/10/13 7:00,10.3,60,,0.0,,1.7,¼“ì¼,,0.01,
2022/10/13 8:00,12.6,54,,0.0,,2.0,¼–k¼,,0.01,
2022/10/13 9:00,14.6,44,,0.0,,2.7,¼–k¼,,0.01,
2022/10/13 10:00,15.5,39,,0.0,,3.0,–k¼,,0.01,
2022/10/13 11:00,16.3,37,,0.0,,3.3,–k¼,,0.01,
2022/10/13 12:00,16.9,39,,0.0,,3.7,–k¼,,0.01,
2022/10/13 13:00,17.0,39,,0.0,,3.5,–k¼,,0.01,
2022/10/13 14:00,17.0,41,,0.0,,3.0,–k–k¼,,0.01,
2022/10/13 15:00,17.0,42,,0.0,,2.5,–k¼,,0.01,
2022/10/13 16:00,16.5,43,,0.0,,1.7,¼–k¼,,0.01,
2022/10/13 17:00,14.7,50,,0.0,,1.4,¼“ì¼,,0.01,
2022/10/13 18:00,13.4,55,,0.0,,1.5,“ì¼,,1.0e-50,
2022/10/13 19:00,12.2,58,,0.0,,1.1,“ì¼,,1.0e-50,
2022/10/13 20:00,11.6,60,,0.0,,1.0,“ì“ì¼,,1.0e-50,
2022/10/13 21:00,11.2,63,,0.0,,1.3,“ì¼,,1.0e-50,
2022/10/13 22:00,10.8,64,,0.0,,1.3,“ì“ì¼,,1.0e-50,
2022/10/13 23:00,10.4,64,,0.0,,1.3,“ì“ì¼,,1.0e-50,
2022/10/14 0:00,9.7,62,,0.0,,1.1,“ì,,1.0e-50,
2022/10/14 1:00,9.1,63,,0.0,,1.0,“ì“ì“Œ,,1.0e-50,
2022/10/14 2:00,8.7,62,,0.0,,1.3,“ì,,1.0e-50,
2022/10/14 3:00,9.0,59,,0.0,,1.8,“ì,,1.0e-50,
2022/10/14 4:00,8.9,56,,0.0,,1.7,“ì,,1.0e-50,
2022/10/14 5:00,8.9,55,,0.0,,1.8,“ì,,1.0e-50,
2022/10/14 6:00,8.9,58,,0.0,,1.8,“ì,,0.01,
2022/10/14 7:00,9.9,56,,0.0,,1.6,“ì“ì“Œ,,0.01,
2022/10/14 8:00,12.1,51,,0.0,,1.8,“ì“Œ,,0.01,
2022/10/14 9:00,14.2,48,,0.0,,1.6,“ì“Œ,,0.01,
2022/10/14 10:00,16.7,38,,0.0,,1.8,“ì“Œ,,0.01,
2022/10/14 11:00,18.5,32,,0.0,,1.9,“ì“Œ,,0.01,
2022/10/14 12:00,19.5,31,,0.0,,1.5,“ì“Œ,,0.01,
2022/10/14 13:00,20.0,31,,0.0,,1.8,“ì“Œ,,0.01,
2022/10/14 14:00,20.3,31,,0.0,,1.5,“ì“ì“Œ,,0.01,
2022/10/14 15:00,19.7,36,,0.0,,2.2,“ì“Œ,,0.01,
2022/10/14 16:00,18.2,42,,0.0,,1.9,“ì“Œ,,0.01,
2022/10/14 17:00,16.4,50,,0.0,,1.9,“ì“ì“Œ,,0.01,
2022/10/14 18:00,15.2,56,,0.0,,1.9,“ì“ì“Œ,,1.0e-50,
2022/10/14 19:00,14.4,54,,0.0,,1.7,“ì“ì“Œ,,1.0e-50,
2022/10/14 20:00,14.1,57,,0.0,,1.9,“ì“ì“Œ,,1.0e-50,
2022/10/14 21:00,13.2,65,,0.0,,1.5,“ì“ì“Œ,,1.0e-50,
2022/10/14 22:00,12.7,70,,0.0,,1.8,“ì“ì“Œ,,1.0e-50,
2022/10/14 23:00,12.7,71,,0.0,,2.2,“ì“ì“Œ,,1.0e-50,
2022/10/15 0:00,12.7,75,,0.0,,2.2,“ì“ì“Œ,,1.0e-50,
2022/10/15 1:00,12.8,81,,0.0,,2.3,“ì“ì“Œ,,1.0e-50,
2022/10/15 2:00,13.0,85,,0.0,,2.5,“ì“ì“Œ,,1.0e-50,
2022/10/15 3:00,12.9,88,,0.1,,2.2,“ì“Œ,,1.0e-50,
2022/10/15 4:00,12.9,90,,0.7,,1.7,“ì“Œ,,1.0e-50,
2022/10/15 5:00,12.8,92,,1.0,,1.2,“ì“Œ,,1.0e-50,
2022/10/15 6:00,12.5,90,,0.9,,1.1,“Œ“ì“Œ,,0.01,
2022/10/15 7:00,12.5,88,,0.5,,0.8,“Œ“ì“Œ,,0.01,
2022/10/15 8:00,12.8,85,,0.3,,0.6,“Œ“ì“Œ,,0.01,
2022/10/15 9:00,13.4,82,,0.1,,0.7,“Œ“ì“Œ,,0.01,
2022/10/15 10:00,14.3,80,,0.0,,0.9,“Œ“ì“Œ,,0.01,
2022/10/15 11:00,14.6,81,,0.3,,1.0,“Œ“ì“Œ,,0.01,
2022/10/15 12:00,15.2,80,,0.1,,1.2,“ì“Œ,,0.01,
2022/10/15 13:00,15.9,79,,0.0,,1.3,“ì“Œ,,0.01,
2022/10/15 14:00,16.4,80,,0.0,,1.1,“Œ,,0.01,
2022/10/15 15:00,17.0,79,,0.0,,1.2,“Œ,,0.01,
2022/10/15 16:00,16.3,84,,0.0,,0.8,“Œ,,0.01,
2022/10/15 17:00,15.3,90,,0.0,,0.6,“Œ“ì“Œ,,0.01,
2022/10/15 18:00,14.7,92,,0.0,,0.6,“ì,,1.0e-50,
2022/10/15 19:00,15.0,89,,0.0,,1.5,“ì“ì¼,,1.0e-50,
2022/10/15 20:00,14.2,92,,0.0,,0.8,“ì“ì¼,,1.0e-50,
2022/10/15 21:00,14.5,89,,0.0,,1.5,“ì,,1.0e-50,
2022/10/15 22:00,14.1,91,,0.0,,1.2,“ì,,1.0e-50,
2022/10/15 23:00,13.5,93,,0.0,,1.1,“ì“ì“Œ,,1.0e-50,
2022/10/16 0:00,13.3,93,,0.0,,1.5,“ì“ì“Œ,,1.0e-50,
2022/10/16 1:00,13.1,94,,0.0,,1.3,“ì“ì“Œ,,1.0e-50,
2022/10/16 2:00,13.3,92,,0.0,,1.3,“ì,,1.0e-50,
2022/10/16 3:00,13.5,90,,0.0,,1.6,“ì,,1.0e-50,
2022/10/16 4:00,13.3,89,,0.0,,1.7,“ì“ì“Œ,,1.0e-50,
2022/10/16 5:00,13.3,88,,0.0,,1.5,“ì“ì“Œ,,1.0e-50,
2022/10/16 6:00,13.2,86,,0.0,,1.8,“ì,,0.01,
2022/10/16 7:00,13.9,85,,0.0,,2.7,“ì“ì“Œ,,0.01,
2022/10/16 8:00,14.9,87,,0.0,,3.4,“ì“ì“Œ,,0.01,
2022/10/16 9:00,16.1,81,,0.0,,3.8,“ì“ì“Œ,,0.01,
2022/10/16 10:00,16.8,82,,4.3,,3.6,“ì“ì“Œ,,0.01,
2022/10/16 11:00,17.9,71,,3.6,,3.6,“ì,,0.01,
2022/10/16 12:00,20.3,47,,0.0,,6.6,“ì“ì¼,,0.01,
2022/10/16 13:00,19.8,42,,0.0,,6.2,“ì¼,,0.01,
2022/10/16 14:00,19.2,43,,0.0,,5.4,“ì¼,,0.01,
2022/10/16 15:00,19.3,43,,0.0,,3.9,“ì¼,,0.01,
2022/10/16 16:00,18.3,49,,0.0,,2.7,“ì“ì¼,,0.01,
2022/10/16 17:00,16.8,56,,0.0,,2.4,“ì“ì¼,,0.01,
2022/10/16 18:00,15.9,59,,0.0,,2.4,“ì“ì¼,,1.0e-50,
2022/10/16 19:00,15.4,62,,0.1,,2.6,“ì¼,,1.0e-50,
2022/10/16 20:00,14.8,67,,0.4,,2.1,“ì,,1.0e-50,
2022/10/16 21:00,14.4,66,,0.1,,2.7,“ì“ì¼,,1.0e-50,
2022/10/16 22:00,14.8,64,,0.0,,3.5,“ì¼,,1.0e-50,
2022/10/16 23:00,14.8,64,,0.0,,3.5,“ì¼,,1.0e-50,
2022/10/17 0:00,13.0,70,,0.1,,1.5,“ì“ì“Œ,,1.0e-50,
2022/10/17 1:00,13.0,67,,0.0,,1.7,“ì“ì¼,,1.0e-50,
2022/10/17 2:00,12.6,67,,0.1,,1.8,“ì“ì¼,,1.0e-50,
2022/10/17 3:00,12.0,68,,0.0,,1.6,“ì,,1.0e-50,
2022/10/17 4:00,11.8,68,,0.0,,2.0,“ì,,1.0e-50,
2022/10/17 5:00,11.6,72,,0.0,,2.3,“ì“ì“Œ,,1.0e-50,
2022/10/17 6:00,11.6,75,,0.0,,2.1,“ì,,1.0e-50,
2022/10/17 7:00,12.7,66,,0.1,,2.1,“ì,,0.01,
2022/10/17 8:00,14.4,57,,0.0,,2.0,“ì¼,,0.01,
2022/10/17 9:00,16.1,48,,0.0,,3.2,¼“ì¼,,0.01,
2022/10/17 10:00,16.8,43,,0.0,,3.6,“ì¼,,0.01,
2022/10/17 11:00,17.1,42,,0.0,,4.2,“ì¼,,0.01,
2022/10/17 12:00,15.8,48,,0.2,,4.9,“ì¼,,0.01,
2022/10/17 13:00,15.9,48,,0.0,,4.3,¼“ì¼,,0.01,
2022/10/17 14:00,14.7,53,,0.2,,4.0,¼“ì¼,,0.01,
2022/10/17 15:00,13.8,49,,0.1,,4.5,¼“ì¼,,0.01,
2022/10/17 16:00,12.2,46,,0.0,,4.0,¼“ì¼,,0.01,
2022/10/17 17:00,11.0,48,,0.0,,2.5,¼“ì¼,,0.01,
2022/10/17 18:00,10.7,45,,0.0,,2.4,¼“ì¼,,1.0e-50,
2022/10/17 19:00,9.6,41,,0.0,,3.5,¼“ì¼,,1.0e-50,
2022/10/17 20:00,8.7,44,,0.0,,3.1,¼“ì¼,,1.0e-50,
2022/10/17 21:00,8.2,48,,0.0,,2.5,¼“ì¼,,1.0e-50,
2022/10/17 22:00,7.7,48,,0.0,,2.4,¼“ì¼,,1.0e-50,
2022/10/17 23:00,7.3,51,,0.1,,2.0,¼,,1.0e-50,
2022/10/18 0:00,6.7,58,,0.1,,2.0,¼,,1.0e-50,
2022/10/18 1:00,6.3,58,,0.1,,2.1,¼,,1.0e-50,
2022/10/18 2:00,6.1,58,,0.0,,1.9,¼,,1.0e-50,
2022/10/18 3:00,5.2,62,,0.0,,1.0,¼“ì¼,,1.0e-50,
2022/10/18 4:00,4.9,63,,0.0,,0.7,“ì¼,,1.0e-50,
2022/10/18 5:00,4.6,62,,0.0,,0.7,“ì¼,,1.0e-50,
2022/10/18 6:00,4.4,67,,0.0,,0.5,“ì“ì¼,,1.0e-50,
2022/10/18 7:00,5.4,62,,0.0,,0.4,“ì“ì¼,,0.01,
2022/10/18 8:00,7.8,49,,0.0,,2.8,¼,,0.01,
2022/10/18 9:00,9.1,44,,0.0,,3.2,¼,,0.01,
2022/10/18 10:00,9.8,41,,0.0,,4.0,¼,,0.01,
2022/10/18 11:00,9.9,43,,0.0,,3.9,¼,,0.01,
2022/10/18 12:00,10.4,42,,0.0,,3.9,¼“ì¼,,0.01,
2022/10/18 13:00,10.5,42,,0.0,,4.3,¼,,0.01,
2022/10/18 14:00,10.2,44,,0.0,,4.3,¼,,0.01,
2022/10/18 15:00,9.5,48,,0.0,,3.8,¼,,0.01,
2022/10/18 16:00,9.0,51,,0.0,,3.2,¼,,0.01,
2022/10/18 17:00,8.0,56,,0.0,,0.9,¼–k¼,,0.01,
2022/10/18 18:00,7.1,59,,0.0,,0.4,“ì“ì¼,,1.0e-50,
2022/10/18 19:00,6.9,59,,0.0,,1.4,“ì“ì“Œ,,1.0e-50,
2022/10/18 20:00,6.5,61,,0.0,,1.6,“ì“ì“Œ,,1.0e-50,
2022/10/18 21:00,6.6,62,,0.0,,1.7,“ì“ì¼,,1.0e-50,
2022/10/18 22:00,6.7,63,,0.0,,1.8,“ì“ì¼,,1.0e-50,
2022/10/18 23:00,6.8,64,,0.0,,1.8,“ì“ì¼,,1.0e-50,
2022/10/19 0:00,6.5,65,,0.0,,1.7,“ì“ì¼,,1.0e-50,
2022/10/19 1:00,6.4,65,,0.0,,1.7,“ì“ì¼,,1.0e-50,
2022/10/19 2:00,6.3,65,,0.0,,1.7,“ì“ì¼,,1.0e-50,
2022/10/19 3:00,6.4,67,,0.0,,1.7,“ì¼,,1.0e-50,
2022/10/19 4:00,6.4,68,,0.0,,1.7,“ì“ì¼,,1.0e-50,
2022/10/19 5:00,6.3,69,,0.0,,1.6,“ì“ì¼,,1.0e-50,
2022/10/19 6:00,6.0,70,,0.0,,1.5,“ì¼,,1.0e-50,
2022/10/19 7:00,6.7,68,,0.0,,1.1,“ì“ì¼,,0.01,
2022/10/19 8:00,9.5,60,,0.0,,0.2,¼“ì¼,,0.01,
2022/10/19 9:00,12.5,47,,0.0,,1.1,¼,,0.01,
2022/10/19 10:00,14.8,40,,0.0,,2.9,¼–k¼,,0.01,
2022/10/19 11:00,15.8,36,,0.0,,3.3,¼–k¼,,0.01,
2022/10/19 12:00,16.7,35,,0.0,,3.0,–k¼,,0.01,
2022/10/19 13:00,16.8,38,,0.0,,3.4,–k¼,,0.01,
2022/10/19 14:00,16.5,41,,0.0,,2.9,–k¼,,0.01,
2022/10/19 15:00,15.5,50,,0.0,,2.9,–k–k¼,,0.01,
2022/10/19 16:00,14.6,56,,0.0,,1.7,–k–k¼,,0.01,
2022/10/19 17:00,12.5,66,,0.0,,0.2,–k,,0.01,
2022/10/19 18:00,11.1,68,,0.0,,0.7,“ì¼,,1.0e-50,
2022/10/19 19:00,10.6,66,,0.0,,1.3,“ì“ì¼,,1.0e-50,
2022/10/19 20:00,10.0,65,,0.0,,1.3,“ì¼,,1.0e-50,
2022/10/19 21:00,9.2,63,,0.0,,1.0,¼,,1.0e-50,
2022/10/19 22:00,8.6,65,,0.0,,0.9,¼“ì¼,,1.0e-50,
2022/10/19 23:00,8.3,65,,0.0,,1.1,“ì¼,,1.0e-50,
2022/10/20 0:00,7.9,62,,0.0,,1.3,“ì¼,,1.0e-50,
2022/10/20 1:00,8.2,56,,0.0,,1.8,“ì“ì¼,,1.0e-50,
2022/10/20 2:00,7.9,57,,0.0,,1.9,“ì“ì¼,,1.0e-50,
2022/10/20 3:00,7.4,53,,0.0,,1.4,“ì¼,,1.0e-50,
2022/10/20 4:00,7.1,50,,0.0,,1.4,“ì¼,,1.0e-50,
2022/10/20 5:00,7.4,46,,0.0,,1.8,“ì“ì¼,,1.0e-50,
2022/10/20 6:00,7.2,58,,0.0,,1.7,“ì“ì¼,,1.0e-50,
2022/10/20 7:00,8.3,57,,0.0,,1.7,“ì“ì¼,,0.01,
2022/10/20 8:00,10.3,52,,0.0,,0.8,“ì,,0.01,
2022/10/20 9:00,13.1,37,,0.0,,1.4,“ì“Œ,,0.01,
2022/10/20 10:00,15.3,34,,0.0,,1.5,“ì“Œ,,0.01,
2022/10/20 11:00,16.9,33,,0.0,,1.3,“Œ“ì“Œ,,0.01,
2022/10/20 12:00,17.9,34,,0.0,,1.4,“Œ“ì“Œ,,0.01,
2022/10/20 13:00,18.6,33,,0.0,,1.3,“Œ“ì“Œ,,0.01,
2022/10/20 14:00,18.8,35,,0.0,,1.6,“Œ,,0.01,
2022/10/20 15:00,18.8,40,,0.0,,1.2,“Œ–k“Œ,,0.01,
2022/10/20 16:00,17.5,49,,0.0,,0.7,–k“Œ,,0.01,
2022/10/20 17:00,14.8,63,,0.0,,0.7,“Œ–k“Œ,,0.01,
2022/10/20 18:00,13.1,70,,0.0,,0.5,“ì¼,,1.0e-50,
2022/10/20 19:00,12.4,66,,0.0,,1.0,“ì,,1.0e-50,
2022/10/20 20:00,11.9,59,,0.0,,1.3,“ì,,1.0e-50,
2022/10/20 21:00,11.0,56,,0.0,,1.3,“ì,,1.0e-50,
2022/10/20 22:00,10.2,57,,0.0,,1.3,“ì,,1.0e-50,
2022/10/20 23:00,9.9,57,,0.0,,1.5,“ì,,1.0e-50,
2022/10/21 0:00,9.5,58,,0.0,,1.4,“ì,,1.0e-50,
2022/10/21 1:00,9.0,60,,0.0,,1.4,“ì,,1.0e-50,
2022/10/21 2:00,8.7,58,,0.0,,1.5,“ì,,1.0e-50,
2022/10/21 3:00,8.6,68,,0.0,,1.7,“ì,,1.0e-50,
2022/10/21 4:00,8.5,67,,0.0,,1.6,“ì,,1.0e-50,
2022/10/21 5:00,8.5,67,,0.0,,1.7,“ì,,1.0e-50,
2022/10/21 6:00,8.8,72,,0.0,,1.9,“ì,,1.0e-50,
2022/10/21 7:00,9.6,76,,0.0,,1.7,“ì,,0.01,
2022/10/21 8:00,11.9,75,,0.0,,1.8,“ì“ì“Œ,,0.01,
2022/10/21 9:00,14.3,64,,0.0,,2.1,“ì“ì“Œ,,0.01,
2022/10/21 10:00,16.7,55,,0.0,,2.2,“ì“ì“Œ,,0.01,
2022/10/21 11:00,18.4,48,,0.0,,2.5,“ì“Œ,,0.01,
2022/10/21 12:00,19.1,50,,0.0,,2.9,“ì“Œ,,0.01,
2022/10/21 13:00,19.4,52,,0.0,,3.4,“ì“ì“Œ,,0.01,
2022/10/21 14:00,19.2,54,,0.0,,3.5,“ì“ì“Œ,,0.01,
2022/10/21 15:00,18.8,55,,0.0,,3.4,“ì“Œ,,0.01,
2022/10/21 16:00,17.2,64,,0.0,,3.0,“ì“ì“Œ,,0.01,
2022/10/21 17:00,15.6,71,,0.0,,2.6,“ì“ì“Œ,,0.01,
2022/10/21 18:00,14.5,74,,0.0,,2.3,“ì“ì“Œ,,1.0e-50,
2022/10/21 19:00,13.6,75,,0.0,,2.0,“ì“ì“Œ,,1.0e-50,
2022/10/21 20:00,13.0,77,,0.0,,1.6,“ì“ì“Œ,,1.0e-50,
2022/10/21 21:00,12.0,77,,0.0,,2.0,“ì“ì“Œ,,1.0e-50,
2022/10/21 22:00,11.7,79,,0.0,,1.9,“ì“ì“Œ,,1.0e-50,
2022/10/21 23:00,11.5,81,,0.0,,2.0,“ì“ì“Œ,,1.0e-50,
2022/10/22 0:00,10.3,79,,0.0,,1.6,“ì“ì“Œ,,1.0e-50,
2022/10/22 1:00,10.1,80,,0.0,,1.8,“ì“ì“Œ,,1.0e-50,
2022/10/22 2:00,10.1,80,,0.0,,2.1,“ì“ì“Œ,,1.0e-50,
2022/10/22 3:00,9.8,82,,0.0,,1.6,“ì“ì“Œ,,1.0e-50,
2022/10/22 4:00,9.8,84,,0.0,,1.8,“ì“ì“Œ,,1.0e-50,
2022/10/22 5:00,10.0,86,,0.0,,1.9,“ì“ì“Œ,,1.0e-50,
2022/10/22 6:00,9.9,88,,0.0,,1.5,“ì“ì“Œ,,1.0e-50,
2022/10/22 7:00,10.5,87,,0.0,,1.5,“ì“ì“Œ,,0.01,
2022/10/22 8:00,11.9,83,,0.0,,1.7,“ì“Œ,,0.01,
2022/10/22 9:00,14.1,70,,0.0,,2.3,“ì“Œ,,0.01,
2022/10/22 10:00,15.3,66,,0.0,,2.9,“ì“Œ,,0.01,
2022/10/22 11:00,16.1,71,,0.0,,3.3,“ì“ì“Œ,,0.01,
2022/10/22 12:00,16.7,67,,0.0,,3.1,“ì“ì“Œ,,0.01,
2022/10/22 13:00,16.9,70,,0.0,,2.6,“ì“Œ,,0.01,
2022/10/22 14:00,16.4,78,,0.6,,2.5,“ì“ì“Œ,,0.01,
2022/10/22 15:00,15.6,84,,1.4,,2.0,“ì“Œ,,0.01,
2022/10/22 16:00,14.8,90,,3.2,,1.0,“Œ“ì“Œ,,0.01,
2022/10/22 17:00,14.1,92,,3.0,,1.0,“Œ,,1.0e-50,
2022/10/22 18:00,13.6,89,,2.2,,0.9,“Œ“ì“Œ,,1.0e-50,
2022/10/22 19:00,13.4,91,,2.9,,0.9,“ì“Œ,,1.0e-50,
2022/10/22 20:00,13.3,92,,1.7,,0.8,“ì“ì“Œ,,1.0e-50,
2022/10/22 21:00,13.1,93,,1.2,,0.7,“ì“ì“Œ,,1.0e-50,
2022/10/22 22:00,13.2,92,,1.7,,1.3,“ì“Œ,,1.0e-50,
2022/10/22 23:00,13.3,92,,1.0,,1.5,“ì“Œ,,1.0e-50,
2022/10/23 0:00,13.3,92,,0.1,,1.5,“ì“Œ,,1.0e-50,
2022/10/23 1:00,13.7,92,,0.3,,1.8,“ì“Œ,,1.0e-50,
2022/10/23 2:00,14.5,92,,0.0,,2.2,“ì“Œ,,1.0e-50,
2022/10/23 3:00,14.1,93,,0.0,,1.9,“ì“Œ,,1.0e-50,
2022/10/23 4:00,14.5,93,,0.0,,1.8,“ì“Œ,,1.0e-50,
2022/10/23 5:00,14.6,94,,0.0,,1.6,“ì“Œ,,1.0e-50,
2022/10/23 6:00,14.5,94,,0.0,,1.6,“ì“ì“Œ,,1.0e-50,
2022/10/23 7:00,14.8,93,,0.1,,1.4,“ì,,1.0e-50,
2022/10/23 8:00,14.4,94,,2.4,,1.0,–k,,0.01,
2022/10/23 9:00,14.8,95,,0.6,,1.3,–k,,0.01,
2022/10/23 10:00,14.9,93,,0.8,,1.6,–k–k¼,,0.01,
2022/10/23 11:00,15.2,89,,0.4,,1.7,–k–k¼,,0.01,
2022/10/23 12:00,15.0,87,,0.6,,1.9,–k¼,,0.01,
2022/10/23 13:00,15.3,82,,0.2,,3.4,–k¼,,0.01,
2022/10/23 14:00,14.4,81,,0.2,,4.0,–k¼,,0.01,
2022/10/23 15:00,13.4,81,,0.0,,4.3,–k¼,,0.01,
2022/10/23 16:00,13.0,80,,0.0,,4.5,–k¼,,0.01,
2022/10/23 17:00,13.0,77,,0.0,,3.6,–k–k¼,,0.01,
2022/10/23 18:00,12.6,75,,0.0,,3.9,–k–k¼,,1.0e-50,
2022/10/23 19:00,12.2,73,,0.0,,3.7,–k–k¼,,1.0e-50,
2022/10/23 20:00,11.9,73,,0.0,,3.6,–k–k¼,,1.0e-50,
2022/10/23 21:00,12.0,75,,0.0,,3.3,–k–k¼,,1.0e-50,
2022/10/23 22:00,11.5,77,,0.0,,2.4,–k–k¼,,1.0e-50,
2022/10/23 23:00,10.9,79,,0.0,,1.8,–k–k¼,,1.0e-50,
2022/10/24 0:00,9.9,85,,0.0,,1.0,–k,,1.0e-50,
2022/10/24 1:00,9.2,88,,0.0,,0.8,–k¼,,1.0e-50,
2022/10/24 2:00,8.8,89,,0.0,,0.8,–k–k¼,,1.0e-50,
2022/10/24 3:00,8.5,89,,0.0,,1.2,¼,,1.0e-50,
2022/10/24 4:00,7.8,90,,0.0,,1.1,¼“ì¼,,1.0e-50,
2022/10/24 5:00,8.0,84,,0.0,,1.5,“ì¼,,1.0e-50,
2022/10/24 6:00,7.1,83,,0.0,,0.8,¼“ì¼,,1.0e-50,
2022/10/24 7:00,8.2,75,,0.0,,1.0,“ì¼,,0.01,
2022/10/24 8:00,9.9,67,,0.0,,1.1,“ì,,0.01,
2022/10/24 9:00,10.4,70,,0.0,,1.7,“Œ“ì“Œ,,0.01,
2022/10/24 10:00,11.0,68,,0.0,,2.1,“ì“Œ,,0.01,
2022/10/24 11:00,11.9,66,,0.0,,2.4,“ì“Œ,,0.01,
2022/10/24 12:00,13.0,62,,0.0,,2.8,“ì“Œ,,0.01,
2022/10/24 13:00,14.0,57,,0.0,,3.2,“ì“ì“Œ,,0.01,
2022/10/24 14:00,15.0,54,,0.0,,3.4,“ì“ì“Œ,,0.01,
2022/10/24 15:00,14.8,58,,0.0,,3.3,“ì“ì“Œ,,0.01,
2022/10/24 16:00,13.7,68,,0.0,,3.1,“ì“ì“Œ,,0.01,
2022/10/24 17:00,12.8,76,,0.0,,2.6,“ì“ì“Œ,,0.01,
2022/10/24 18:00,12.3,81,,0.0,,2.3,“ì“Œ,,1.0e-50,
2022/10/24 19:00,12.2,81,,0.0,,2.6,“ì“ì“Œ,,1.0e-50,
2022/10/24 20:00,12.4,77,,0.0,,3.0,“ì“ì“Œ,,1.0e-50,
2022/10/24 21:00,12.4,80,,0.0,,3.1,“ì“ì“Œ,,1.0e-50,
2022/10/24 22:00,12.4,79,,0.0,,3.3,“ì“ì“Œ,,1.0e-50,
2022/10/24 23:00,12.1,81,,0.0,,3.3,“ì“Œ,,1.0e-50,
2022/10/25 0:00,12.0,83,,0.0,,3.2,“ì“Œ,,1.0e-50,
2022/10/25 1:00,11.9,84,,0.1,,2.9,“ì“Œ,,1.0e-50,
2022/10/25 2:00,11.9,86,,0.2,,2.5,“ì“Œ,,1.0e-50,
2022/10/25 3:00,11.2,88,,0.1,,2.3,“ì“Œ,,1.0e-50,
2022/10/25 4:00,11.3,88,,0.0,,2.3,“ì“Œ,,1.0e-50,
2022/10/25 5:00,11.3,89,,0.1,,2.2,“ì“Œ,,1.0e-50,
2022/10/25 6:00,11.6,89,,0.0,,2.0,“ì“Œ,,1.0e-50,
2022/10/25 7:00,12.0,90,,0.0,,2.0,“ì“ì“Œ,,0.01,
2022/10/25 8:00,13.1,87,,0.0,,2.5,“ì“ì“Œ,,0.01,
2022/10/25 9:00,13.7,86,,0.0,,3.0,“ì“Œ,,0.01,
2022/10/25 10:00,14.8,81,,0.2,,3.6,“ì“ì“Œ,,0.01,
2022/10/25 11:00,15.7,76,,0.2,,4.2,“ì“ì“Œ,,0.01,
2022/10/25 12:00,17.1,68,,0.2,,3.8,“ì,,0.01,
2022/10/25 13:00,17.6,60,,0.0,,3.3,“ì,,0.01,
2022/10/25 14:00,17.3,58,,0.0,,3.4,“ì,,0.01,
2022/10/25 15:00,16.3,62,,0.0,,3.3,“ì“ì¼,,0.01,
2022/10/25 16:00,15.1,58,,0.0,,3.1,“ì“ì¼,,0.01,
2022/10/25 17:00,13.8,61,,0.0,,2.1,“ì“ì¼,,0.01,
2022/10/25 18:00,13.2,61,,0.0,,2.4,“ì“ì¼,,1.0e-50,
2022/10/25 19:00,12.3,59,,0.0,,2.5,“ì¼,,1.0e-50,
2022/10/25 20:00,11.1,58,,0.1,,2.7,“ì¼,,1.0e-50,
2022/10/25 21:00,9.2,57,,0.5,,2.8,“ì¼,,1.0e-50,
2022/10/25 22:00,8.4,56,,0.1,,2.9,“ì¼,,1.0e-50,
2022/10/25 23:00,7.7,57,,0.0,,3.4,“ì¼,,1.0e-50,
2022/10/26 0:00,7.2,61,,0.1,,1.4,“ì¼,,1.0e-50,
2022/10/26 1:00,6.7,65,,0.1,,1.0,“Œ“ì“Œ,,1.0e-50,
2022/10/26 2:00,6.6,64,,0.1,,1.5,“Œ,,1.0e-50,
2022/10/26 3:00,6.2,64,,0.1,,1.4,“ì“ì“Œ,,1.0e-50,
2022/10/26 4:00,5.9,65,,0.1,,1.4,“ì“ì“Œ,,1.0e-50,
2022/10/26 5:00,5.7,68,,0.1,,1.1,“ì“Œ,,1.0e-50,
2022/10/26 6:00,5.6,69,,0.2,,1.1,“ì,,1.0e-50,
2022/10/26 7:00,5.8,70,,0.1,,0.9,“ì,,0.01,
2022/10/26 8:00,7.1,65,,0.1,,1.5,¼,,0.01,
2022/10/26 9:00,7.9,57,,0.0,,3.0,¼,,0.01,
2022/10/26 10:00,8.6,54,,0.0,,4.0,¼–k¼,,0.01,
2022/10/26 11:00,9.1,51,,0.0,,4.0,¼,,0.01,
2022/10/26 12:00,9.6,50,,0.0,,3.9,¼,,0.01,
2022/10/26 13:00,9.7,49,,0.0,,4.0,¼–k¼,,0.01,
2022/10/26 14:00,9.6,51,,0.0,,3.9,¼–k¼,,0.01,
2022/10/26 15:00,9.2,51,,0.0,,3.4,¼–k¼,,0.01,
2022/10/26 16:00,8.8,54,,0.0,,2.6,¼–k¼,,0.01,
2022/10/26 17:00,8.0,59,,0.0,,1.6,¼–k¼,,0.01,
2022/10/26 18:00,7.4,64,,0.0,,1.6,¼–k¼,,1.0e-50,
2022/10/26 19:00,7.3,65,,0.0,,1.7,¼–k¼,,1.0e-50,
2022/10/26 20:00,7.4,65,,0.0,,1.9,¼,,1.0e-50,
2022/10/26 21:00,6.7,67,,0.0,,1.4,¼“ì¼,,1.0e-50,
2022/10/26 22:00,6.7,68,,0.0,,1.5,¼“ì¼,,1.0e-50,
2022/10/26 23:00,6.7,67,,0.0,,1.6,¼“ì¼,,1.0e-50,
2022/10/27 0:00,6.6,65,,0.0,,1.6,¼“ì¼,,1.0e-50,
2022/10/27 1:00,6.6,63,,0.0,,1.7,¼“ì¼,,1.0e-50,
2022/10/27 2:00,6.5,63,,0.0,,1.8,¼“ì¼,,1.0e-50,
2022/10/27 3:00,6.5,63,,0.0,,1.8,¼,,1.0e-50,
2022/10/27 4:00,6.5,63,,0.0,,1.4,¼,,1.0e-50,
2022/10/27 5:00,6.2,65,,0.0,,1.3,¼“ì¼,,1.0e-50,
2022/10/27 6:00,6.3,67,,0.0,,1.3,¼,,1.0e-50,
2022/10/27 7:00,6.4,71,,0.0,,0.8,¼“ì¼,,0.01,
2022/10/27 8:00,8.0,65,,0.0,,0.5,¼,,0.01,
2022/10/27 9:00,10.0,54,,0.0,,2.5,–k–k¼,,0.01,
2022/10/27 10:00,10.8,50,,0.0,,3.3,–k¼,,0.01,
2022/10/27 11:00,11.1,50,,0.0,,3.5,–k¼,,0.01,
2022/10/27 12:00,11.2,51,,0.0,,3.5,–k–k¼,,0.01,
2022/10/27 13:00,11.2,52,,0.0,,3.4,–k–k¼,,0.01,
2022/10/27 14:00,11.0,52,,0.0,,3.1,–k–k¼,,0.01,
2022/10/27 15:00,10.3,53,,0.0,,2.0,–k,,0.01,
2022/10/27 16:00,9.7,56,,0.0,,1.6,–k,,0.01,
2022/10/27 17:00,8.4,63,,0.0,,1.0,–k,,0.01,
2022/10/27 18:00,7.4,69,,0.0,,1.0,¼“ì¼,,1.0e-50,
2022/10/27 19:00,6.9,70,,0.0,,1.1,“ì¼,,1.0e-50,
2022/10/27 20:00,6.5,68,,0.0,,1.2,“ì¼,,1.0e-50,
2022/10/27 21:00,6.2,67,,0.0,,1.1,“ì“ì¼,,1.0e-50,
2022/10/27 22:00,6.2,63,,0.0,,1.2,“ì“ì¼,,1.0e-50,
2022/10/27 23:00,6.1,58,,0.0,,1.3,“ì“ì¼,,1.0e-50,
2022/10/28 0:00,5.5,53,,0.0,,1.0,“ì“ì¼,,1.0e-50,
2022/10/28 1:00,5.0,54,,0.0,,0.9,“ì¼,,1.0e-50,
2022/10/28 2:00,4.7,56,,0.0,,1.1,“ì¼,,1.0e-50,
2022/10/28 3:00,4.9,56,,0.0,,1.3,“ì¼,,1.0e-50,
2022/10/28 4:00,4.8,59,,0.0,,1.4,“ì“ì¼,,1.0e-50,
2022/10/28 5:00,4.6,58,,0.0,,1.3,“ì“ì¼,,1.0e-50,
2022/10/28 6:00,5.0,52,,0.0,,1.7,“ì,,1.0e-50,
2022/10/28 7:00,5.1,53,,0.0,,1.3,“ì,,0.01,
2022/10/28 8:00,6.7,56,,0.0,,1.3,“ì“ì“Œ,,0.01,
2022/10/28 9:00,9.2,60,,0.0,,2.1,“ì“ì“Œ,,0.01,
2022/10/28 10:00,11.5,60,,0.0,,2.5,“ì“ì“Œ,,0.01,
2022/10/28 11:00,13.2,55,,0.0,,2.6,“ì“ì“Œ,,0.01,
2022/10/28 12:00,14.4,52,,0.0,,3.5,“ì“ì“Œ,,0.01,
2022/10/28 13:00,14.8,49,,0.0,,3.3,“ì,,0.01,
2022/10/28 14:00,15.1,46,,0.0,,2.8,“ì,,0.01,
2022/10/28 15:00,15.0,49,,0.0,,2.4,“ì,,0.01,
2022/10/28 16:00,13.9,56,,0.0,,1.7,“ì“ì“Œ,,0.01,
2022/10/28 17:00,12.5,63,,0.0,,1.4,“ì,,0.01,
2022/10/28 18:00,11.6,70,,0.0,,1.3,“ì,,1.0e-50,
2022/10/28 19:00,10.7,73,,0.0,,1.3,“ì“ì¼,,1.0e-50,
2022/10/28 20:00,10.0,76,,0.0,,1.1,“ì“ì¼,,1.0e-50,
2022/10/28 21:00,9.3,74,,0.0,,1.3,“ì¼,,1.0e-50,
2022/10/28 22:00,9.0,74,,0.0,,1.5,¼“ì¼,,1.0e-50,
2022/10/28 23:00,8.4,75,,0.0,,1.5,¼“ì¼,,1.0e-50,
2022/10/29 0:00,7.8,78,,0.0,,1.5,“ì¼,,1.0e-50,
2022/10/29 1:00,7.3,76,,0.0,,1.2,“ì¼,,1.0e-50,
2022/10/29 2:00,7.2,71,,0.0,,1.3,“ì¼,,1.0e-50,
2022/10/29 3:00,7.2,63,,0.0,,1.5,¼“ì¼,,1.0e-50,
2022/10/29 4:00,7.1,65,,0.0,,1.6,¼“ì¼,,1.0e-50,
2022/10/29 5:00,7.1,72,,0.0,,1.6,¼“ì¼,,1.0e-50,
2022/10/29 6:00,7.0,74,,0.0,,1.4,¼“ì¼,,1.0e-50,
2022/10/29 7:00,7.4,77,,0.0,,1.2,“ì¼,,0.01,
2022/10/29 8:00,9.0,73,,0.0,,0.8,“ì“ì¼,,0.01,
2022/10/29 9:00,10.3,67,,0.0,,0.3,“Œ“ì“Œ,,0.01,
2022/10/29 10:00,11.2,64,,0.0,,0.7,“Œ,,0.01,
2022/10/29 11:00,11.4,65,,0.1,,1.0,“Œ–k“Œ,,0.01,
2022/10/29 12:00,13.6,55,,0.0,,0.6,–k“Œ,,0.01,
2022/10/29 13:00,14.1,57,,0.0,,1.3,–k–k“Œ,,0.01,
2022/10/29 14:00,14.0,62,,0.0,,1.7,–k,,0.01,
2022/10/29 15:00,13.3,70,,0.0,,1.6,–k,,0.01,
2022/10/29 16:00,12.5,76,,0.0,,0.8,–k–k¼,,0.01,
2022/10/29 17:00,11.5,80,,0.0,,1.1,–k¼,,0.01,
2022/10/29 18:00,10.8,80,,0.0,,1.5,¼,,1.0e-50,
2022/10/29 19:00,10.2,78,,0.0,,1.5,¼“ì¼,,1.0e-50,
2022/10/29 20:00,9.6,74,,0.0,,1.6,¼“ì¼,,1.0e-50,
2022/10/29 21:00,9.2,73,,0.0,,1.4,¼,,1.0e-50,
2022/10/29 22:00,8.5,77,,0.0,,1.1,¼“ì¼,,1.0e-50,
2022/10/29 23:00,8.6,75,,0.0,,1.5,¼“ì¼,,1.0e-50,
2022/10/30 0:00,8.3,80,,0.0,,1.3,¼“ì¼,,1.0e-50,
2022/10/30 1:00,8.5,79,,0.0,,1.4,“ì¼,,1.0e-50,
2022/10/30 2:00,8.2,79,,0.0,,1.2,“ì¼,,1.0e-50,
2022/10/30 3:00,7.9,82,,0.0,,1.2,“ì“ì¼,,1.0e-50,
2022/10/30 4:00,7.8,81,,0.0,,1.3,“ì“ì¼,,1.0e-50,
2022/10/30 5:00,7.7,82,,0.0,,1.3,“ì,,1.0e-50,
2022/10/30 6:00,7.6,82,,0.0,,1.4,“ì,,1.0e-50,
2022/10/30 7:00,7.8,85,,0.0,,1.4,“ì“ì“Œ,,0.01,
2022/10/30 8:00,9.0,82,,0.0,,1.3,“ì“ì“Œ,,0.01,
2022/10/30 9:00,11.4,74,,0.0,,2.3,“ì“ì“Œ,,0.01,
2022/10/30 10:00,12.8,71,,0.0,,3.4,“ì“ì“Œ,,0.01,
2022/10/30 11:00,13.7,67,,0.0,,3.7,“ì“ì“Œ,,0.01,
2022/10/30 12:00,13.7,66,,0.0,,3.6,“ì“ì“Œ,,0.01,
2022/10/30 13:00,13.7,65,,0.0,,4.0,“ì“ì“Œ,,0.01,
2022/10/30 14:00,13.8,63,,0.0,,3.9,“ì“ì“Œ,,0.01,
2022/10/30 15:00,13.8,65,,0.0,,3.0,“ì“ì“Œ,,0.01,
2022/10/30 16:00,13.1,69,,0.0,,2.5,“ì“ì“Œ,,0.01,
2022/10/30 17:00,12.2,73,,0.0,,2.1,“ì“ì“Œ,,0.01,
2022/10/30 18:00,11.0,82,,0.0,,1.4,“ì,,1.0e-50,
2022/10/30 19:00,10.6,84,,0.0,,1.5,“ì“ì“Œ,,1.0e-50,
2022/10/30 20:00,10.3,86,,0.0,,1.6,“ì“ì“Œ,,1.0e-50,
2022/10/30 21:00,9.9,88,,0.0,,1.4,“ì“ì“Œ,,1.0e-50,
2022/10/30 22:00,9.6,90,,0.0,,1.4,“ì,,1.0e-50,
2022/10/30 23:00,9.2,91,,0.0,,1.4,“ì“ì“Œ,,1.0e-50,
2022/10/31 0:00,8.9,91,,0.0,,1.5,“ì,,1.0e-50,
2022/10/31 1:00,8.8,91,,0.0,,1.2,“ì,,1.0e-50,
2022/10/31 2:00,9.0,90,,0.0,,1.4,“ì“ì¼,,1.0e-50,
2022/10/31 3:00,8.2,93,,0.0,,0.3,“ì,,1.0e-50,
2022/10/31 4:00,8.1,91,,0.0,,0.8,“ì¼,,1.0e-50,
2022/10/31 5:00,8.1,90,,0.0,,1.1,¼“ì¼,,1.0e-50,
2022/10/31 6:00,7.8,89,,0.0,,1.0,¼,,1.0e-50,
2022/10/31 7:00,8.1,84,,0.0,,1.1,¼“ì¼,,0.01,
2022/10/31 8:00,9.4,78,,0.0,,0.5,¼–k¼,,0.01,
2022/10/31 9:00,11.7,70,,0.0,,0.6,–k–k“Œ,,0.01,
2022/10/31 10:00,13.5,63,,0.0,,1.4,–k–k¼,,0.01,
2022/10/31 11:00,14.2,63,,0.0,,2.5,–k–k¼,,0.01,
2022/10/31 12:00,14.8,65,,0.0,,2.9,–k–k¼,,0.01,
2022/10/31 13:00,14.8,66,,0.0,,3.3,–k–k¼,,0.01,
2022/10/31 14:00,14.6,70,,0.0,,3.4,–k–k¼,,0.01,
2022/10/31 15:00,14.7,73,,0.0,,3.0,–k–k¼,,0.01,
2022/10/31 16:00,13.7,75,,0.0,,2.5,–k–k¼,,0.01,
2022/10/31 17:00,12.6,79,,0.0,,2.2,–k¼,,0.01,
2022/10/31 18:00,11.8,87,,0.0,,1.9,–k¼,,1.0e-50,
2022/10/31 19:00,10.9,86,,0.0,,1.6,¼–k¼,,1.0e-50,
2022/10/31 20:00,9.8,84,,0.0,,1.4,¼–k¼,,1.0e-50,
2022/10/31 21:00,8.6,77,,0.0,,1.4,¼–k¼,,1.0e-50,
2022/10/31 22:00,7.8,76,,0.0,,1.3,¼,,1.0e-50,
2022/10/31 23:00,6.8,77,,0.0,,1.1,¼,,1.0e-50,
2022/11/1 0:00,6.2,75,,0.0,,1.2,¼,,1.0e-50,
2022/11/1 1:00,5.3,77,,0.0,,1.1,¼,,1.0e-50,
2022/11/1 2:00,4.6,76,,0.0,,1.1,¼,,1.0e-50,
2022/11/1 3:00,3.7,75,,0.0,,1.2,¼“ì¼,,1.0e-50,
2022/11/1 4:00,3.1,74,,0.0,,1.2,¼“ì¼,,1.0e-50,
2022/11/1 5:00,2.7,73,,0.0,,1.2,¼“ì¼,,1.0e-50,
2022/11/1 6:00,2.1,73,,0.0,,1.3,“ì¼,,1.0e-50,
2022/11/1 7:00,2.7,72,,0.0,,1.3,¼“ì¼,,0.01,
2022/11/1 8:00,5.1,63,,0.0,,1.2,¼,,0.01,
2022/11/1 9:00,7.7,51,,0.0,,2.3,¼–k¼,,0.01,
2022/11/1 10:00,9.2,45,,0.0,,3.1,¼–k¼,,0.01,
2022/11/1 11:00,10.4,40,,0.0,,3.2,¼–k¼,,0.01,
2022/11/1 12:00,11.4,37,,0.0,,2.8,¼–k¼,,0.01,
2022/11/1 13:00,11.9,36,,0.0,,2.9,¼–k¼,,0.01,
2022/11/1 14:00,12.0,35,,0.0,,3.0,¼,,0.01,
2022/11/1 15:00,11.7,36,,0.0,,2.2,¼,,0.01,
2022/11/1 16:00,10.5,42,,0.0,,1.2,¼–k¼,,0.01,
2022/11/1 17:00,8.3,52,,0.0,,0.9,¼–k¼,,0.01,
2022/11/1 18:00,7.3,54,,0.0,,1.3,“ì¼,,1.0e-50,
2022/11/1 19:00,6.3,58,,0.0,,0.8,“ì“ì“Œ,,1.0e-50,
2022/11/1 20:00,6.2,58,,0.0,,1.4,“Œ“ì“Œ,,1.0e-50,
2022/11/1 21:00,4.9,65,,0.0,,0.9,“Œ“ì“Œ,,1.0e-50,
2022/11/1 22:00,4.8,66,,0.0,,1.4,“ì“Œ,,1.0e-50,
2022/11/1 23:00,4.6,68,,0.0,,1.6,“ì“ì“Œ,,1.0e-50,
2022/11/2 0:00,4.5,72,,0.0,,1.4,“ì,,1.0e-50,
2022/11/2 1:00,4.1,74,,0.0,,1.4,“ì“ì“Œ,,1.0e-50,
2022/11/2 2:00,4.0,74,,0.0,,1.6,“ì“ì“Œ,,1.0e-50,
2022/11/2 3:00,3.5,76,,0.0,,1.4,“ì“ì“Œ,,1.0e-50,
2022/11/2 4:00,3.3,76,,0.0,,1.4,“ì“ì“Œ,,1.0e-50,
2022/11/2 5:00,3.2,76,,0.0,,1.4,“ì“ì“Œ,,1.0e-50,
2022/11/2 6:00,3.8,74,,0.0,,1.7,“ì,,1.0e-50,
2022/11/2 7:00,4.2,74,,0.0,,1.5,“ì“ì“Œ,,0.01,
2022/11/2 8:00,6.0,68,,0.0,,1.5,“ì“ì“Œ,,0.01,
2022/11/2 9:00,8.2,65,,0.0,,1.1,“ì“Œ,,0.01,
2022/11/2 10:00,9.2,61,,0.0,,0.9,“ì“Œ,,0.01,
2022/11/2 11:00,10.5,55,,0.0,,0.8,“Œ,,0.01,
2022/11/2 12:00,11.0,55,,0.0,,1.2,“Œ“ì“Œ,,0.01,
2022/11/2 13:00,11.5,52,,0.0,,0.8,“Œ,,0.01,
2022/11/2 14:00,11.3,54,,0.0,,1.3,“Œ–k“Œ,,0.01,
2022/11/2 15:00,11.1,57,,0.0,,1.0,“Œ,,0.01,
2022/11/2 16:00,10.1,64,,0.0,,0.8,“Œ“ì“Œ,,0.01,
2022/11/2 17:00,9.5,64,,0.0,,1.0,“ì,,0.01,
2022/11/2 18:00,9.1,59,,0.0,,0.9,“ì“ì¼,,1.0e-50,
2022/11/2 19:00,8.3,62,,0.0,,0.4,¼,,1.0e-50,
2022/11/2 20:00,7.4,69,,0.0,,0.1,“ì,,1.0e-50,
2022/11/2 21:00,7.6,60,,0.0,,0.8,“ì¼,,1.0e-50,
2022/11/2 22:00,7.3,61,,0.0,,1.0,¼“ì¼,,1.0e-50,
2022/11/2 23:00,7.4,62,,0.0,,1.4,“ì¼,,1.0e-50,
2022/11/3 0:00,7.8,67,,0.0,,1.7,¼“ì¼,,1.0e-50,
2022/11/3 1:00,7.8,72,,0.0,,1.4,¼,,1.0e-50,
2022/11/3 2:00,7.7,78,,0.0,,0.9,¼–k¼,,1.0e-50,
2022/11/3 3:00,6.5,86,,0.0,,1.3,¼“ì¼,,1.0e-50,
2022/11/3 4:00,6.1,89,,0.0,,1.1,¼,,1.0e-50,
2022/11/3 5:00,6.3,88,,0.0,,1.5,¼“ì¼,,1.0e-50,
2022/11/3 6:00,6.8,86,,0.0,,1.6,¼“ì¼,,1.0e-50,
2022/11/3 7:00,7.3,84,,0.0,,1.7,¼,,0.01,
2022/11/3 8:00,9.0,75,,0.0,,1.3,¼,,0.01,
2022/11/3 9:00,11.1,63,,0.0,,0.9,¼–k¼,,0.01,
2022/11/3 10:00,12.8,55,,0.0,,2.3,–k¼,,0.01,
2022/11/3 11:00,13.4,53,,0.0,,3.3,–k¼,,0.01,
2022/11/3 12:00,13.4,52,,0.0,,3.8,–k¼,,0.01,
2022/11/3 13:00,13.0,60,,0.0,,3.9,–k–k¼,,0.01,
2022/11/3 14:00,12.5,59,,0.0,,4.1,–k–k¼,,0.01,
2022/11/3 15:00,12.2,56,,0.0,,3.8,–k–k¼,,0.01,
2022/11/3 16:00,11.4,57,,0.0,,2.3,–k¼,,0.01,
2022/11/3 17:00,10.0,60,,0.0,,1.6,–k¼,,0.01,
2022/11/3 18:00,9.3,66,,0.0,,1.8,–k¼,,1.0e-50,
2022/11/3 19:00,8.7,68,,0.0,,1.7,¼–k¼,,1.0e-50,
2022/11/3 20:00,8.0,69,,0.0,,1.6,¼,,1.0e-50,
2022/11/3 21:00,7.8,55,,0.0,,1.8,¼,,1.0e-50,
2022/11/3 22:00,6.9,51,,0.0,,1.4,¼,,1.0e-50,
2022/11/3 23:00,6.3,43,,0.0,,1.4,¼“ì¼,,1.0e-50,
2022/11/4 0:00,6.4,35,,0.0,,1.7,“ì¼,,1.0e-50,
2022/11/4 1:00,5.9,30,,0.0,,1.5,“ì¼,,1.0e-50,
2022/11/4 2:00,5.0,32,,0.0,,1.1,¼“ì¼,,1.0e-50,
2022/11/4 3:00,4.3,38,,0.0,,1.3,“ì¼,,1.0e-50,
2022/11/4 4:00,4.7,47,,0.0,,1.8,“ì“ì¼,,1.0e-50,
2022/11/4 5:00,4.6,61,,0.0,,1.7,“ì“ì¼,,1.0e-50,
2022/11/4 6:00,4.6,61,,0.0,,1.6,“ì,,1.0e-50,
2022/11/4 7:00,4.9,48,,0.0,,1.6,“ì“ì“Œ,,0.01,
2022/11/4 8:00,6.9,41,,0.0,,1.7,“ì“Œ,,0.01,
2022/11/4 9:00,10.0,36,,0.0,,1.7,“ì“Œ,,0.01,
2022/11/4 10:00,13.0,31,,0.0,,1.5,“ì“Œ,,0.01,
2022/11/4 11:00,15.3,26,,0.0,,1.5,“ì“Œ,,0.01,
2022/11/4 12:00,16.2,27,,0.0,,2.3,“ì“Œ,,0.01,
2022/11/4 13:00,17.7,22,,0.0,,1.3,“ì“ì“Œ,,0.01,
2022/11/4 14:00,18.0,21,,0.0,,0.6,“ì¼,,0.01,
2022/11/4 15:00,17.1,29,,0.0,,1.3,“ì“Œ,,0.01,
2022/11/4 16:00,14.9,35,,0.0,,1.6,“ì“ì“Œ,,0.01,
2022/11/4 17:00,12.3,44,,0.0,,1.5,“ì“ì“Œ,,0.01,
2022/11/4 18:00,11.0,53,,0.0,,1.5,“ì“Œ,,1.0e-50,
2022/11/4 19:00,9.8,58,,0.0,,1.5,“ì“Œ,,1.0e-50,
2022/11/4 20:00,9.0,62,,0.0,,1.6,“ì“Œ,,1.0e-50,
2022/11/4 21:00,8.5,63,,0.0,,1.7,“ì“Œ,,1.0e-50,
2022/11/4 22:00,7.8,68,,0.0,,1.7,“ì“Œ,,1.0e-50,
2022/11/4 23:00,7.4,72,,0.0,,1.6,“ì“Œ,,1.0e-50,
2022/11/5 0:00,6.9,79,,0.0,,1.4,“Œ“ì“Œ,,1.0e-50,
2022/11/5 1:00,6.6,85,,0.0,,1.6,“Œ“ì“Œ,,1.0e-50,
2022/11/5 2:00,6.4,87,,0.0,,1.8,“ì“Œ,,1.0e-50,
2022/11/5 3:00,5.4,87,,0.0,,1.5,“ì“Œ,,1.0e-50,
2022/11/5 4:00,5.1,88,,0.0,,1.6,“ì“ì“Œ,,1.0e-50,
2022/11/5 5:00,4.8,88,,0.0,,1.5,“ì“ì“Œ,,1.0e-50,
2022/11/5 6:00,4.9,84,,0.0,,1.5,“ì“ì“Œ,,1.0e-50,
2022/11/5 7:00,5.3,84,,0.0,,1.7,“ì“ì“Œ,,0.01,
2022/11/5 8:00,7.2,78,,0.0,,1.6,“ì“Œ,,0.01,
2022/11/5 9:00,10.6,61,,0.0,,1.4,“ì“Œ,,0.01,
2022/11/5 10:00,13.0,53,,0.0,,1.1,“Œ“ì“Œ,,0.01,
2022/11/5 11:00,14.8,47,,0.0,,0.7,“Œ,,0.01,
2022/11/5 12:00,16.1,46,,0.0,,1.0,“Œ“ì“Œ,,0.01,
2022/11/5 13:00,16.9,43,,0.0,,0.8,“Œ–k“Œ,,0.01,
2022/11/5 14:00,17.1,44,,0.0,,1.0,–k–k“Œ,,0.01,
2022/11/5 15:00,16.4,50,,0.0,,1.4,–k–k“Œ,,0.01,
2022/11/5 16:00,14.7,56,,0.0,,1.1,–k–k“Œ,,0.01,
2022/11/5 17:00,13.1,60,,0.0,,1.1,–k¼,,0.01,
2022/11/5 18:00,11.7,69,,0.0,,1.3,¼“ì¼,,1.0e-50,
2022/11/5 19:00,9.9,78,,0.0,,0.3,¼–k¼,,1.0e-50,
2022/11/5 20:00,9.4,79,,0.0,,0.9,–k,,1.0e-50,
2022/11/5 21:00,8.5,83,,0.0,,0.4,–k¼,,1.0e-50,
2022/11/5 22:00,7.8,87,,0.0,,0.4,“Œ“ì“Œ,,1.0e-50,
2022/11/5 23:00,8.5,81,,0.0,,1.6,“ì,,1.0e-50,
2022/11/6 0:00,7.0,89,,0.0,,0.8,¼“ì¼,,1.0e-50,
2022/11/6 1:00,8.0,87,,0.0,,1.6,¼,,1.0e-50,
2022/11/6 2:00,9.3,76,,0.0,,2.7,–k–k¼,,1.0e-50,
2022/11/6 3:00,8.5,69,,0.0,,2.0,–k–k¼,,1.0e-50,
2022/11/6 4:00,7.9,67,,0.0,,2.0,–k¼,,1.0e-50,
2022/11/6 5:00,7.7,68,,0.0,,2.0,–k¼,,1.0e-50,
2022/11/6 6:00,7.9,73,,0.0,,1.9,–k¼,,1.0e-50,
2022/11/6 7:00,8.0,69,,0.0,,2.0,–k–k¼,,0.01,
2022/11/6 8:00,9.0,61,,0.0,,2.2,–k–k¼,,0.01,
2022/11/6 9:00,9.9,58,,0.0,,3.6,–k–k¼,,0.01,
2022/11/6 10:00,9.6,56,,0.0,,4.3,–k–k¼,,0.01,
2022/11/6 11:00,9.4,54,,0.0,,4.1,–k–k¼,,0.01,
2022/11/6 12:00,9.3,53,,0.0,,4.5,–k–k¼,,0.01,
2022/11/6 13:00,9.0,50,,0.0,,4.4,–k–k¼,,0.01,
2022/11/6 14:00,8.8,51,,0.0,,3.7,–k–k¼,,0.01,
2022/11/6 15:00,7.6,58,,0.0,,4.3,–k–k¼,,0.01,
2022/11/6 16:00,6.6,61,,0.1,,4.1,–k–k¼,,0.01,
2022/11/6 17:00,6.0,59,,0.0,,3.6,–k–k¼,,0.01,
2022/11/6 18:00,5.9,56,,0.0,,3.3,–k–k¼,,1.0e-50,
2022/11/6 19:00,5.5,53,,0.0,,3.0,–k–k¼,,1.0e-50,
2022/11/6 20:00,5.1,52,,0.0,,2.8,–k–k¼,,1.0e-50,
2022/11/6 21:00,5.0,54,,0.0,,2.4,–k–k¼,,1.0e-50,
2022/11/6 22:00,5.2,55,,0.0,,2.4,–k–k¼,,1.0e-50,
2022/11/6 23:00,5.0,50,,0.0,,2.2,–k–k¼,,1.0e-50,
2022/11/7 0:00,4.5,53,,0.0,,1.5,–k,,1.0e-50,
2022/11/7 1:00,4.0,57,,0.0,,1.0,–k,,1.0e-50,
2022/11/7 2:00,3.7,58,,0.0,,1.0,–k–k“Œ,,1.0e-50,
2022/11/7 3:00,2.8,59,,0.0,,1.1,–k,,1.0e-50,
2022/11/7 4:00,2.9,60,,0.0,,1.2,–k–k“Œ,,1.0e-50,
2022/11/7 5:00,2.8,58,,0.0,,1.0,–k–k“Œ,,1.0e-50,
2022/11/7 6:00,2.8,59,,0.0,,0.9,–k,,1.0e-50,
2022/11/7 7:00,2.9,59,,0.0,,1.5,–k–k“Œ,,0.01,
2022/11/7 8:00,3.0,55,,0.0,,2.3,–k–k“Œ,,0.01,
2022/11/7 9:00,3.4,49,,0.0,,2.1,–k“Œ,,0.01,
2022/11/7 10:00,3.9,46,,0.0,,1.6,–k–k“Œ,,0.01,
2022/11/7 11:00,4.5,47,,0.0,,2.0,–k,,0.01,
2022/11/7 12:00,5.3,45,,0.0,,3.1,–k–k¼,,0.01,
2022/11/7 13:00,5.1,45,,0.0,,3.7,–k–k¼,,0.01,
2022/11/7 14:00,4.8,42,,0.0,,3.5,–k–k¼,,0.01,
2022/11/7 15:00,4.6,42,,0.0,,3.4,–k–k¼,,0.01,
2022/11/7 16:00,3.9,46,,0.0,,2.3,–k–k¼,,0.01,
2022/11/7 17:00,3.1,50,,0.0,,1.4,–k–k¼,,0.01,
2022/11/7 18:00,2.4,52,,0.0,,1.4,–k¼,,1.0e-50,
2022/11/7 19:00,2.0,54,,0.0,,1.3,¼–k¼,,1.0e-50,
2022/11/7 20:00,1.4,57,,0.0,,0.8,¼,,1.0e-50,
2022/11/7 21:00,0.9,59,,0.0,,0.9,“ì¼,,1.0e-50,
2022/11/7 22:00,0.7,57,,0.0,,1.0,¼“ì¼,,1.0e-50,
2022/11/7 23:00,0.3,56,,0.0,,0.9,“ì¼,,1.0e-50,
2022/11/8 0:00,0.5,54,,0.0,,1.1,¼“ì¼,,1.0e-50,
2022/11/8 1:00,0.6,52,,0.0,,1.2,¼“ì¼,,1.0e-50,
2022/11/8 2:00,0.7,49,,0.0,,1.2,¼“ì¼,,1.0e-50,
2022/11/8 3:00,0.7,45,,0.0,,0.9,“ì¼,,1.0e-50,
2022/11/8 4:00,1.0,43,,0.0,,1.0,¼“ì¼,,1.0e-50,
2022/11/8 5:00,1.3,42,,0.0,,0.6,¼,,1.0e-50,
2022/11/8 6:00,1.4,44,,0.0,,0.3,“Œ–k“Œ,,1.0e-50,
2022/11/8 7:00,1.4,46,,0.0,,0.2,“Œ,,0.01,
2022/11/8 8:00,1.8,50,,0.2,,0.3,“ì“ì“Œ,,0.01,
2022/11/8 9:00,2.5,48,,0.3,,0.7,“Œ–k“Œ,,0.01,
2022/11/8 10:00,3.1,51,,0.1,,0.4,“Œ“ì“Œ,,0.01,
2022/11/8 11:00,4.0,54,,0.1,,0.1,“ì“ì¼,,0.01,
2022/11/8 12:00,4.7,56,,0.1,,0.5,–k,,0.01,
2022/11/8 13:00,5.5,60,,0.0,,1.5,–k–k¼,,0.01,
2022/11/8 14:00,5.7,66,,0.1,,1.2,–k–k¼,,0.01,
2022/11/8 15:00,5.0,75,,0.2,,0.7,–k–k¼,,0.01,
2022/11/8 16:00,5.1,78,,0.2,,1.0,¼,,0.01,
2022/11/8 17:00,5.2,79,,0.0,,1.3,¼–k¼,,0.01,
2022/11/8 18:00,5.4,79,,0.0,,1.1,¼–k¼,,1.0e-50,
2022/11/8 19:00,5.6,77,,0.0,,1.2,¼–k¼,,1.0e-50,
2022/11/8 20:00,5.8,74,,0.0,,1.1,¼–k¼,,1.0e-50,
2022/11/8 21:00,5.9,75,,0.0,,1.2,¼–k¼,,1.0e-50,
2022/11/8 22:00,6.0,73,,0.0,,1.2,–k¼,,1.0e-50,
2022/11/8 23:00,6.0,73,,0.0,,1.2,–k¼,,1.0e-50,
2022/11/9 0:00,5.9,75,,0.0,,1.2,¼–k¼,,1.0e-50,
2022/11/9 1:00,6.1,74,,0.0,,1.5,–k¼,,1.0e-50,
2022/11/9 2:00,6.2,75,,0.1,,1.5,¼–k¼,,1.0e-50,
2022/11/9 3:00,6.2,72,,0.1,,1.6,¼–k¼,,1.0e-50,
2022/11/9 4:00,6.2,71,,0.0,,1.6,¼–k¼,,1.0e-50,
2022/11/9 5:00,6.4,71,,0.0,,1.7,¼–k¼,,1.0e-50,
2022/11/9 6:00,6.5,69,,0.0,,1.5,–k¼,,1.0e-50,
2022/11/9 7:00,6.6,69,,0.0,,1.8,¼–k¼,,0.01,
2022/11/9 8:00,7.2,68,,0.0,,1.9,–k¼,,0.01,
2022/11/9 9:00,8.0,65,,0.0,,2.0,–k,,0.01,
2022/11/9 10:00,8.6,62,,0.0,,2.1,–k,,0.01,
2022/11/9 11:00,9.4,59,,0.0,,2.4,–k,,0.01,
2022/11/9 12:00,9.7,59,,0.0,,2.4,–k,,0.01,
2022/11/9 13:00,10.1,58,,0.0,,2.2,–k,,0.01,
2022/11/9 14:00,10.1,58,,0.0,,2.2,–k–k¼,,0.01,
2022/11/9 15:00,10.3,58,,0.0,,1.7,–k–k¼,,0.01,
2022/11/9 16:00,9.8,61,,0.0,,1.2,–k–k¼,,0.01,
2022/11/9 17:00,9.3,58,,0.0,,1.5,–k,,0.01,
2022/11/9 18:00,8.2,59,,0.5,,1.1,–k–k“Œ,,1.0e-50,
2022/11/9 19:00,7.5,63,,0.3,,1.0,–k,,1.0e-50,
2022/11/9 20:00,6.9,68,,1.0,,1.1,–k–k“Œ,,1.0e-50,
2022/11/9 21:00,6.5,69,,0.7,,0.8,–k“Œ,,1.0e-50,
2022/11/9 22:00,6.1,75,,1.0,,1.1,–k–k“Œ,,1.0e-50,
2022/11/9 23:00,5.8,78,,0.6,,1.2,–k–k“Œ,,1.0e-50,
2022/11/10 0:00,5.2,82,,1.1,,1.0,–k“Œ,,1.0e-50,
2022/11/10 1:00,5.0,83,,0.6,,1.1,–k–k“Œ,,1.0e-50,
2022/11/10 2:00,4.9,84,,0.6,,0.7,–k“Œ,,1.0e-50,
2022/11/10 3:00,4.5,85,,0.7,,0.6,–k“Œ,,1.0e-50,
2022/11/10 4:00,4.6,85,,0.7,,1.1,“Œ–k“Œ,,1.0e-50,
2022/11/10 5:00,4.5,84,,0.4,,1.4,“Œ–k“Œ,,1.0e-50,
2022/11/10 6:00,4.7,86,,0.2,,0.6,–k“Œ,,1.0e-50,
2022/11/10 7:00,4.7,86,,0.7,,1.1,–k“Œ,,0.01,
2022/11/10 8:00,4.7,83,,0.7,,1.6,–k“Œ,,0.01,
2022/11/10 9:00,5.1,80,,0.7,,1.1,–k“Œ,,0.01,
2022/11/10 10:00,5.4,77,,0.2,,1.3,–k“Œ,,0.01,
2022/11/10 11:00,5.7,76,,0.4,,1.3,–k“Œ,,0.01,
2022/11/10 12:00,5.8,77,,0.4,,1.1,“Œ–k“Œ,,0.01,
2022/11/10 13:00,6.0,77,,0.6,,1.2,“Œ–k“Œ,,0.01,
2022/11/10 14:00,6.1,77,,0.3,,1.3,“Œ–k“Œ,,0.01,
2022/11/10 15:00,6.1,76,,0.3,,1.5,“Œ–k“Œ,,0.01,
2022/11/10 16:00,5.6,79,,0.2,,1.3,“Œ–k“Œ,,0.01,
2022/11/10 17:00,5.2,82,,0.8,,1.2,–k–k“Œ,,0.01,
2022/11/10 18:00,5.0,82,,1.1,,0.9,–k–k“Œ,,1.0e-50,
2022/11/10 19:00,4.8,83,,0.3,,1.0,–k,,1.0e-50,
2022/11/10 20:00,4.7,84,,0.8,,1.0,–k–k¼,,1.0e-50,
2022/11/10 21:00,4.4,86,,1.6,,0.7,–k–k“Œ,,1.0e-50,
2022/11/10 22:00,4.3,86,,1.2,,0.6,–k,,1.0e-50,
2022/11/10 23:00,4.2,87,,1.9,,0.7,–k,,1.0e-50,
2022/11/11 0:00,4.3,88,,2.1,,0.2,“ì“Œ,,1.0e-50,
2022/11/11 1:00,4.3,88,,2.1,,0.0,“ì“Œ,,1.0e-50,
2022/11/11 2:00,4.4,89,,1.3,,0.6,–k–k¼,,1.0e-50,
2022/11/11 3:00,4.0,90,,0.9,,1.0,–k“Œ,,1.0e-50,
2022/11/11 4:00,3.9,89,,0.7,,0.8,–k“Œ,,1.0e-50,
2022/11/11 5:00,3.8,88,,0.3,,0.5,–k–k“Œ,,1.0e-50,
2022/11/11 6:00,3.5,88,,0.1,,0.3,–k–k¼,,1.0e-50,
2022/11/11 7:00,3.5,88,,0.1,,0.7,–k,,0.01,
2022/11/11 8:00,4.0,85,,0.2,,1.2,–k,,0.01,
2022/11/11 9:00,4.7,81,,0.3,,2.3,–k,,0.01,
2022/11/11 10:00,5.4,73,,0.2,,3.0,–k–k¼,,0.01,
2022/11/11 11:00,6.3,65,,0.1,,3.8,–k–k¼,,0.01,
2022/11/11 12:00,7.3,58,,0.0,,4.4,–k–k¼,,0.01,
2022/11/11 13:00,7.4,53,,0.0,,4.8,–k–k¼,,0.01,
2022/11/11 14:00,7.3,52,,0.0,,4.5,–k–k¼,,0.01,
2022/11/11 15:00,6.9,59,,0.1,,3.9,–k¼,,0.01,
2022/11/11 16:00,6.4,62,,0.0,,3.0,–k–k¼,,0.01,
2022/11/11 17:00,5.9,65,,0.0,,2.4,–k–k¼,,0.01,
2022/11/11 18:00,5.6,67,,0.0,,1.6,–k,,1.0e-50,
2022/11/11 19:00,4.9,68,,0.0,,1.3,–k,,1.0e-50,
2022/11/11 20:00,4.2,72,,0.0,,0.7,–k,,1.0e-50,
2022/11/11 21:00,4.2,74,,0.0,,0.9,–k¼,,1.0e-50,
2022/11/11 22:00,3.9,77,,0.1,,0.6,–k–k¼,,1.0e-50,
2022/11/11 23:00,3.6,78,,0.1,,0.3,–k,,1.0e-50,
2022/11/12 0:00,3.4,78,,0.1,,0.6,“ì¼,,1.0e-50,
2022/11/12 1:00,3.3,77,,0.2,,0.7,“ì¼,,1.0e-50,
2022/11/12 2:00,3.1,78,,0.2,,0.9,“ì¼,,1.0e-50,
2022/11/12 3:00,2.5,78,,0.2,,0.1,–k¼,,1.0e-50,
2022/11/12 4:00,2.3,78,,0.1,,0.3,“ì“ì¼,,1.0e-50,
2022/11/12 5:00,1.9,78,,0.0,,0.6,“ì¼,,1.0e-50,
2022/11/12 6:00,1.3,80,,0.0,,0.6,“ì¼,,1.0e-50,
2022/11/12 7:00,1.6,78,,0.0,,1.2,“ì¼,,0.01,
2022/11/12 8:00,2.7,72,,0.0,,0.8,“ì“ì¼,,0.01,
2022/11/12 9:00,4.1,65,,0.0,,0.9,“ì“Œ,,0.01,
2022/11/12 10:00,5.3,57,,0.0,,0.9,“Œ,,0.01,
2022/11/12 11:00,6.4,51,,0.0,,1.1,“Œ–k“Œ,,0.01,
2022/11/12 12:00,7.0,49,,0.0,,1.7,–k–k“Œ,,0.01,
2022/11/12 13:00,7.3,49,,0.0,,2.6,–k,,0.01,
2022/11/12 14:00,7.2,49,,0.0,,2.5,–k,,0.01,
2022/11/12 15:00,7.2,50,,0.0,,1.9,–k,,0.01,
2022/11/12 16:00,6.3,55,,0.0,,1.1,–k–k¼,,0.01,
2022/11/12 17:00,4.8,64,,0.0,,0.8,–k¼,,0.01,
2022/11/12 18:00,4.2,67,,0.0,,1.4,“ì¼,,1.0e-50,
2022/11/12 19:00,3.6,68,,0.0,,1.4,¼“ì¼,,1.0e-50,
2022/11/12 20:00,3.2,67,,0.0,,1.4,“ì¼,,1.0e-50,
2022/11/12 21:00,2.9,66,,0.0,,1.4,“ì¼,,1.0e-50,
2022/11/12 22:00,2.4,66,,0.0,,1.1,“ì¼,,1.0e-50,
2022/11/12 23:00,2.1,63,,0.0,,1.2,“ì¼,,1.0e-50,
2022/11/13 0:00,1.8,59,,0.0,,1.2,“ì¼,,1.0e-50,
2022/11/13 1:00,1.5,61,,0.0,,1.3,“ì¼,,1.0e-50,
2022/11/13 2:00,1.3,64,,0.0,,1.4,“ì¼,,1.0e-50,
2022/11/13 3:00,1.0,65,,0.0,,1.4,“ì¼,,1.0e-50,
2022/11/13 4:00,0.7,65,,0.0,,1.3,“ì¼,,1.0e-50,
2022/11/13 5:00,0.5,67,,0.0,,1.3,“ì¼,,1.0e-50,
2022/11/13 6:00,0.2,73,,0.0,,1.1,“ì“ì¼,,1.0e-50,
2022/11/13 7:00,0.3,74,,0.0,,1.2,“ì“ì¼,,0.01,
2022/11/13 8:00,1.9,68,,0.0,,0.9,“ì,,0.01,
2022/11/13 9:00,4.4,61,,0.0,,0.7,“Œ“ì“Œ,,0.01,
2022/11/13 10:00,6.4,53,,0.0,,1.3,“Œ,,0.01,
2022/11/13 11:00,7.7,49,,0.0,,1.4,“Œ,,0.01,
2022/11/13 12:00,8.7,47,,0.0,,1.7,“Œ–k“Œ,,0.01,
2022/11/13 13:00,9.1,46,,0.0,,1.6,“Œ–k“Œ,,0.01,
2022/11/13 14:00,9.3,46,,0.0,,1.4,“Œ,,0.01,
2022/11/13 15:00,9.1,48,,0.0,,1.4,“Œ–k“Œ,,0.01,
2022/11/13 16:00,7.5,56,,0.0,,0.8,–k“Œ,,0.01,
2022/11/13 17:00,5.8,62,,0.0,,0.7,¼,,0.01,
2022/11/13 18:00,5.0,64,,0.0,,1.0,¼“ì¼,,1.0e-50,
2022/11/13 19:00,4.5,66,,0.0,,1.2,“ì¼,,1.0e-50,
2022/11/13 20:00,4.0,69,,0.0,,1.2,“ì“ì¼,,1.0e-50,
2022/11/13 21:00,3.6,71,,0.0,,1.2,“ì,,1.0e-50,
2022/11/13 22:00,3.6,74,,0.0,,1.6,“ì,,1.0e-50,
2022/11/13 23:00,3.8,85,,0.0,,1.8,“ì,,1.0e-50,
2022/11/14 0:00,3.9,86,,0.0,,1.9,“ì“ì“Œ,,1.0e-50,
2022/11/14 1:00,4.2,87,,0.0,,2.3,“ì“ì“Œ,,1.0e-50,
2022/11/14 2:00,4.5,88,,0.0,,2.2,“ì“ì“Œ,,1.0e-50,
2022/11/14 3:00,4.4,86,,0.0,,2.3,“ì“ì“Œ,,1.0e-50,
2022/11/14 4:00,4.5,85,,0.0,,2.5,“ì“Œ,,1.0e-50,
2022/11/14 5:00,4.9,84,,0.0,,2.6,“ì“ì“Œ,,1.0e-50,
2022/11/14 6:00,4.7,81,,0.0,,2.3,“ì“ì“Œ,,1.0e-50,
2022/11/14 7:00,5.4,78,,0.0,,2.5,“ì“ì“Œ,,0.01,
2022/11/14 8:00,6.5,73,,0.0,,3.0,“ì“ì“Œ,,0.01,
2022/11/14 9:00,8.3,71,,0.0,,3.5,“ì“ì“Œ,,0.01,
2022/11/14 10:00,9.6,69,,0.0,,4.1,“ì“ì“Œ,,0.01,
2022/11/14 11:00,10.7,64,,0.0,,4.7,“ì“ì“Œ,,0.01,
2022/11/14 12:00,10.9,66,,0.0,,4.7,“ì“ì“Œ,,0.01,
2022/11/14 13:00,11.2,68,,0.0,,4.2,“ì“Œ,,0.01,
2022/11/14 14:00,11.4,68,,0.0,,4.2,“ì“ì“Œ,,0.01,
2022/11/14 15:00,11.3,69,,0.0,,3.8,“ì“Œ,,0.01,
2022/11/14 16:00,11.0,70,,0.0,,3.5,“ì“Œ,,0.01,
2022/11/14 17:00,10.9,70,,0.0,,3.5,“ì“Œ,,0.01,
2022/11/14 18:00,10.1,71,,0.1,,3.3,“ì“Œ,,1.0e-50,
2022/11/14 19:00,10.2,74,,0.2,,3.5,“ì“Œ,,1.0e-50,
2022/11/14 20:00,10.3,80,,0.2,,3.9,“ì“Œ,,1.0e-50,
2022/11/14 21:00,10.5,83,,0.4,,3.1,“ì“Œ,,1.0e-50,
2022/11/14 22:00,10.9,86,,0.4,,3.3,“ì“Œ,,1.0e-50,
2022/11/14 23:00,11.3,86,,0.2,,3.2,“ì“Œ,,1.0e-50,
2022/11/15 0:00,11.2,88,,0.2,,2.9,“ì“Œ,,1.0e-50,
2022/11/15 1:00,11.6,88,,0.1,,3.0,“ì“Œ,,1.0e-50,
2022/11/15 2:00,11.7,90,,0.2,,2.4,“ì“Œ,,1.0e-50,
2022/11/15 3:00,11.5,91,,0.8,,2.6,“ì“Œ,,1.0e-50,
2022/11/15 4:00,11.5,93,,1.7,,2.5,“ì“Œ,,1.0e-50,
2022/11/15 5:00,11.3,94,,0.6,,2.2,“ì“Œ,,1.0e-50,
2022/11/15 6:00,11.5,94,,1.0,,1.7,“ì“Œ,,1.0e-50,
2022/11/15 7:00,11.4,95,,0.8,,1.3,“ì“Œ,,0.01,
2022/11/15 8:00,11.2,94,,0.8,,1.0,“ì“ì“Œ,,0.01,
2022/11/15 9:00,11.9,94,,0.8,,1.3,“ì“Œ,,0.01,
2022/11/15 10:00,12.2,94,,1.5,,1.0,“ì“Œ,,0.01,
2022/11/15 11:00,12.0,95,,1.4,,0.6,“Œ–k“Œ,,0.01,
2022/11/15 12:00,12.8,92,,5.6,,1.0,“ì“Œ,,0.01,
2022/11/15 13:00,12.5,94,,0.7,,0.4,“ì“Œ,,0.01,
2022/11/15 14:00,12.7,94,,0.3,,1.2,–k,,0.01,
2022/11/15 15:00,12.4,95,,0.1,,1.2,–k–k¼,,0.01,
2022/11/15 16:00,11.9,95,,0.0,,1.6,–k–k¼,,0.01,
2022/11/15 17:00,11.3,95,,0.0,,1.8,–k¼,,0.01,
2022/11/15 18:00,11.4,93,,0.0,,2.8,–k¼,,1.0e-50,
2022/11/15 19:00,11.4,89,,0.0,,2.9,–k¼,,1.0e-50,
2022/11/15 20:00,11.3,88,,0.0,,2.8,–k¼,,1.0e-50,
2022/11/15 21:00,11.3,87,,0.0,,3.1,–k¼,,1.0e-50,
2022/11/15 22:00,11.2,86,,0.0,,3.3,–k¼,,1.0e-50,
2022/11/15 23:00,10.8,84,,0.0,,3.3,–k¼,,1.0e-50,
2022/11/16 0:00,10.4,83,,0.0,,2.7,–k¼,,1.0e-50,
2022/11/16 1:00,10.0,80,,0.0,,2.4,–k¼,,1.0e-50,
2022/11/16 2:00,9.4,78,,0.0,,2.0,¼–k¼,,1.0e-50,
2022/11/16 3:00,8.4,82,,0.0,,1.7,¼–k¼,,1.0e-50,
2022/11/16 4:00,8.4,81,,0.0,,2.1,¼–k¼,,1.0e-50,
2022/11/16 5:00,8.7,78,,0.0,,2.6,¼–k¼,,1.0e-50,
2022/11/16 6:00,7.4,85,,0.0,,2.0,¼–k¼,,1.0e-50,
2022/11/16 7:00,7.3,85,,0.0,,1.9,¼–k¼,,0.01,
2022/11/16 8:00,8.4,80,,0.0,,1.8,¼–k¼,,0.01,
2022/11/16 9:00,10.3,68,,0.0,,0.9,¼,,0.01,
2022/11/16 10:00,12.1,60,,0.0,,2.7,–k¼,,0.01,
2022/11/16 11:00,12.6,57,,0.0,,3.1,–k¼,,0.01,
2022/11/16 12:00,12.7,54,,0.0,,3.7,–k–k¼,,0.01,
2022/11/16 13:00,12.0,56,,0.0,,4.2,–k–k¼,,0.01,
2022/11/16 14:00,11.1,51,,0.0,,3.8,–k–k¼,,0.01,
2022/11/16 15:00,9.9,54,,0.0,,3.4,–k–k¼,,0.01,
2022/11/16 16:00,8.8,56,,0.0,,2.3,–k–k¼,,0.01,
2022/11/16 17:00,8.1,58,,0.0,,1.5,–k–k¼,,0.01,
2022/11/16 18:00,7.2,62,,0.0,,1.0,–k¼,,1.0e-50,
2022/11/16 19:00,6.7,64,,0.0,,0.9,–k¼,,1.0e-50,
2022/11/16 20:00,6.2,64,,0.0,,0.8,–k¼,,1.0e-50,
2022/11/16 21:00,6.0,56,,0.0,,1.1,“ì¼,,1.0e-50,
2022/11/16 22:00,5.1,57,,0.0,,0.4,¼–k¼,,1.0e-50,
2022/11/16 23:00,5.1,56,,0.0,,0.9,“ì“ì¼,,1.0e-50,
2022/11/17 0:00,5.2,53,,0.0,,0.6,“ì¼,,1.0e-50,
2022/11/17 1:00,5.0,55,,0.0,,0.6,“ì“ì¼,,1.0e-50,
2022/11/17 2:00,4.6,58,,0.0,,0.6,“ì¼,,1.0e-50,
2022/11/17 3:00,4.5,63,,0.0,,0.6,“ì“ì“Œ,,1.0e-50,
2022/11/17 4:00,4.1,68,,0.0,,0.2,“ì“Œ,,1.0e-50,
2022/11/17 5:00,4.1,72,,0.0,,0.2,“ì“Œ,,1.0e-50,
2022/11/17 6:00,4.4,69,,0.0,,1.1,“ì“ì“Œ,,1.0e-50,
2022/11/17 7:00,4.5,72,,0.0,,1.2,“ì,,0.01,
2022/11/17 8:00,5.4,71,,0.0,,1.1,“ì“ì“Œ,,0.01,
2022/11/17 9:00,7.2,68,,0.0,,1.3,“ì“Œ,,0.01,
2022/11/17 10:00,8.7,64,,0.0,,1.4,“ì“Œ,,0.01,
2022/11/17 11:00,9.4,63,,0.0,,0.9,“Œ,,0.01,
2022/11/17 12:00,10.7,61,,0.1,,1.2,“Œ“ì“Œ,,0.01,
2022/11/17 13:00,10.9,67,,0.1,,0.5,–k“Œ,,0.01,
2022/11/17 14:00,10.6,69,,0.2,,1.5,–k,,0.01,
2022/11/17 15:00,9.7,74,,0.1,,1.0,–k–k“Œ,,0.01,
2022/11/17 16:00,8.8,81,,0.0,,0.8,–k,,0.01,
2022/11/17 17:00,8.1,86,,0.0,,0.8,–k–k¼,,0.01,
2022/11/17 18:00,8.4,86,,0.0,,1.5,–k–k¼,,1.0e-50,
2022/11/17 19:00,8.8,91,,0.2,,2.2,–k–k¼,,1.0e-50,
2022/11/17 20:00,8.9,79,,0.1,,3.0,–k–k¼,,1.0e-50,
2022/11/17 21:00,8.9,75,,0.0,,3.0,–k¼,,1.0e-50,
2022/11/17 22:00,8.4,66,,0.0,,3.7,–k¼,,1.0e-50,
2022/11/17 23:00,7.3,58,,0.0,,4.1,–k¼,,1.0e-50,
2022/11/18 0:00,6.2,59,,0.0,,4.1,–k¼,,1.0e-50,
2022/11/18 1:00,5.3,58,,0.0,,3.9,–k¼,,1.0e-50,
2022/11/18 2:00,4.7,58,,0.0,,3.3,–k¼,,1.0e-50,
2022/11/18 3:00,3.8,59,,0.0,,2.9,¼–k¼,,1.0e-50,
2022/11/18 4:00,3.6,60,,0.0,,2.8,–k¼,,1.0e-50,
2022/11/18 5:00,3.3,67,,0.2,,3.7,–k¼,,1.0e-50,
2022/11/18 6:00,2.9,68,,0.2,,3.7,–k¼,,1.0e-50,
2022/11/18 7:00,2.8,59,,0.1,,4.2,–k–k¼,,0.01,
2022/11/18 8:00,2.8,54,,0.0,,4.5,–k–k¼,,0.01,
2022/11/18 9:00,3.8,50,,0.0,,4.3,–k¼,,0.01,
2022/11/18 10:00,3.7,47,,0.0,,4.5,–k–k¼,,0.01,
2022/11/18 11:00,3.7,46,,0.0,,4.4,–k–k¼,,0.01,
2022/11/18 12:00,4.1,50,,0.0,,3.8,–k–k¼,,0.01,
2022/11/18 13:00,3.6,58,,0.1,,4.0,–k–k¼,,0.01,
2022/11/18 14:00,3.3,56,,0.2,,4.2,–k–k¼,,0.01,
2022/11/18 15:00,3.2,55,,0.1,,3.5,–k–k¼,,0.01,
2022/11/18 16:00,2.9,56,,0.0,,3.3,–k–k¼,,0.01,
2022/11/18 17:00,2.7,54,,0.0,,2.8,–k–k¼,,0.01,
2022/11/18 18:00,2.9,53,,0.0,,2.1,–k–k¼,,1.0e-50,
2022/11/18 19:00,2.7,53,,0.0,,1.8,–k,,1.0e-50,
2022/11/18 20:00,2.5,54,,0.0,,1.8,–k,,1.0e-50,
2022/11/18 21:00,1.9,58,,0.0,,1.2,–k–k“Œ,,1.0e-50,
2022/11/18 22:00,1.7,57,,0.0,,1.1,–k“Œ,,1.0e-50,
2022/11/18 23:00,1.5,56,,0.0,,1.2,–k–k“Œ,,1.0e-50,
2022/11/19 0:00,1.2,56,,0.0,,1.0,–k–k“Œ,,1.0e-50,
2022/11/19 1:00,1.0,55,,0.0,,1.3,–k,,1.0e-50,
2022/11/19 2:00,0.4,57,,0.0,,0.8,–k–k¼,,1.0e-50,
2022/11/19 3:00,-0.2,57,,0.0,,1.2,–k¼,,1.0e-50,
2022/11/19 4:00,-0.6,57,,0.0,,1.4,¼–k¼,,1.0e-50,
2022/11/19 5:00,-1.1,60,,0.0,,1.1,–k¼,,1.0e-50,
2022/11/19 6:00,-1.5,63,,0.0,,0.8,¼,,1.0e-50,
2022/11/19 7:00,-1.6,58,,0.0,,1.0,¼,,0.01,
2022/11/19 8:00,-0.3,46,,0.0,,1.2,¼–k¼,,0.01,
2022/11/19 9:00,0.1,41,,0.0,,1.1,–k–k“Œ,,0.01,
2022/11/19 10:00,1.4,38,,0.0,,1.6,–k–k“Œ,,0.01,
2022/11/19 11:00,2.5,40,,0.0,,1.9,–k,,0.01,
2022/11/19 12:00,3.8,46,,0.0,,2.2,–k,,0.01,
2022/11/19 13:00,4.2,51,,0.0,,2.9,–k–k¼,,0.01,
2022/11/19 14:00,4.1,55,,0.0,,2.8,–k–k¼,,0.01,
2022/11/19 15:00,3.8,59,,0.0,,2.6,–k–k¼,,0.01,
2022/11/19 16:00,3.5,62,,0.0,,1.8,–k–k¼,,0.01,
2022/11/19 17:00,3.1,65,,0.0,,0.8,–k–k¼,,0.01,
2022/11/19 18:00,2.5,68,,0.0,,0.6,¼,,1.0e-50,
2022/11/19 19:00,2.3,67,,0.0,,0.8,“ì¼,,1.0e-50,
2022/11/19 20:00,2.1,64,,0.0,,1.2,“ì¼,,1.0e-50,
2022/11/19 21:00,2.2,60,,0.0,,1.1,“ì¼,,1.0e-50,
2022/11/19 22:00,2.4,57,,0.0,,1.1,¼“ì¼,,1.0e-50,
2022/11/19 23:00,2.5,57,,0.0,,1.1,“ì¼,,1.0e-50,
2022/11/20 0:00,2.1,59,,0.0,,0.8,“ì¼,,1.0e-50,
2022/11/20 1:00,2.1,61,,0.0,,0.9,“ì¼,,1.0e-50,
2022/11/20 2:00,2.3,63,,0.0,,1.2,“ì¼,,1.0e-50,
2022/11/20 3:00,1.6,66,,0.0,,1.2,“ì¼,,1.0e-50,
2022/11/20 4:00,1.5,71,,0.0,,0.9,¼“ì¼,,1.0e-50,
2022/11/20 5:00,1.5,74,,0.1,,0.6,¼“ì¼,,1.0e-50,
2022/11/20 6:00,1.5,72,,0.1,,0.8,¼,,1.0e-50,
2022/11/20 7:00,1.4,72,,0.0,,0.7,¼“ì¼,,0.01,
2022/11/20 8:00,2.0,69,,0.0,,0.3,¼“ì¼,,0.01,
2022/11/20 9:00,2.7,65,,0.0,,0.3,“Œ–k“Œ,,0.01,
2022/11/20 10:00,3.6,63,,0.0,,0.6,–k“Œ,,0.01,
2022/11/20 11:00,4.4,64,,0.0,,1.0,–k“Œ,,0.01,
2022/11/20 12:00,4.9,66,,0.0,,1.6,–k–k“Œ,,0.01,
2022/11/20 13:00,5.2,67,,0.0,,1.5,–k–k“Œ,,0.01,
2022/11/20 14:00,5.2,68,,0.0,,1.5,–k–k“Œ,,0.01,
2022/11/20 15:00,5.6,66,,0.0,,1.5,–k“Œ,,0.01,
2022/11/20 16:00,5.1,70,,0.0,,0.5,“Œ–k“Œ,,0.01,
2022/11/20 17:00,4.4,73,,0.0,,0.8,“ì,,0.01,
2022/11/20 18:00,4.0,74,,0.0,,1.2,“ì“ì¼,,1.0e-50,
2022/11/20 19:00,3.9,73,,0.0,,1.2,“ì,,1.0e-50,
2022/11/20 20:00,3.6,73,,0.0,,1.1,“ì“ì¼,,1.0e-50,
2022/11/20 21:00,3.5,73,,0.0,,1.3,“ì“Œ,,1.0e-50,
2022/11/20 22:00,3.4,74,,0.0,,1.1,“ì,,1.0e-50,
2022/11/20 23:00,3.5,77,,0.6,,1.0,“ì,,1.0e-50,
2022/11/21 0:00,3.7,77,,1.2,,1.7,“ì“ì“Œ,,1.0e-50,
2022/11/21 1:00,3.7,81,,1.4,,1.4,“ì“ì“Œ,,1.0e-50,
2022/11/21 2:00,3.7,85,,1.2,,1.3,“ì“Œ,,1.0e-50,
2022/11/21 3:00,4.0,86,,0.2,,1.4,“ì“ì“Œ,,1.0e-50,
2022/11/21 4:00,3.2,91,,0.2,,0.3,¼“ì¼,,1.0e-50,
2022/11/21 5:00,3.7,88,,0.3,,1.5,¼–k¼,,1.0e-50,
2022/11/21 6:00,4.1,81,,0.2,,2.6,–k¼,,1.0e-50,
2022/11/21 7:00,4.2,79,,0.3,,2.9,–k¼,,0.01,
2022/11/21 8:00,4.6,70,,0.4,,3.5,–k¼,,0.01,
2022/11/21 9:00,6.0,51,,0.1,,4.4,¼–k¼,,0.01,
2022/11/21 10:00,5.7,57,,0.1,,5.0,¼–k¼,,0.01,
2022/11/21 11:00,5.1,63,,0.8,,5.1,–k¼,,0.01,
2022/11/21 12:00,5.0,58,,0.6,,4.9,–k¼,,0.01,
2022/11/21 13:00,4.8,61,,0.3,,4.8,–k¼,,0.01,
2022/11/21 14:00,4.5,59,,0.3,,4.6,–k¼,,0.01,
2022/11/21 15:00,4.4,57,,0.3,,4.1,–k¼,,0.01,
2022/11/21 16:00,3.9,58,,0.1,,3.2,–k¼,,0.01,
2022/11/21 17:00,3.4,57,,0.1,,2.7,¼–k¼,,0.01,
2022/11/21 18:00,2.7,52,,0.1,,2.0,¼,,1.0e-50,
2022/11/21 19:00,2.1,50,,0.0,,2.2,¼,,1.0e-50,
2022/11/21 20:00,1.9,54,,0.0,,2.1,¼,,1.0e-50,
2022/11/21 21:00,1.5,54,,0.0,,2.0,¼,,1.0e-50,
2022/11/21 22:00,1.2,49,,0.0,,2.2,¼,,1.0e-50,
2022/11/21 23:00,1.0,51,,0.0,,2.3,¼,,1.0e-50,
2022/11/22 0:00,0.8,54,,0.0,,2.1,¼,,1.0e-50,
2022/11/22 1:00,0.4,53,,0.0,,1.9,¼,,1.0e-50,
2022/11/22 2:00,0.0,53,,0.0,,1.9,¼,,1.0e-50,
2022/11/22 3:00,-0.8,58,,0.0,,1.6,¼,,1.0e-50,
2022/11/22 4:00,-0.5,59,,0.0,,2.1,¼,,1.0e-50,
2022/11/22 5:00,-0.3,55,,0.0,,2.2,¼,,1.0e-50,
2022/11/22 6:00,-0.7,56,,0.0,,2.0,¼,,1.0e-50,
2022/11/22 7:00,-0.3,53,,0.0,,2.3,¼,,0.01,
2022/11/22 8:00,0.8,50,,0.0,,2.7,¼–k¼,,0.01,
2022/11/22 9:00,1.2,44,,0.0,,3.6,¼–k¼,,0.01,
2022/11/22 10:00,1.8,42,,0.0,,4.0,¼–k¼,,0.01,
2022/11/22 11:00,2.0,41,,0.0,,4.2,¼–k¼,,0.01,
2022/11/22 12:00,2.5,35,,0.0,,3.8,–k¼,,0.01,
2022/11/22 13:00,2.2,40,,0.0,,4.2,–k¼,,0.01,
2022/11/22 14:00,1.7,45,,0.0,,4.1,–k¼,,0.01,
2022/11/22 15:00,1.6,40,,0.0,,3.3,¼–k¼,,0.01,
2022/11/22 16:00,0.8,45,,0.0,,2.4,¼–k¼,,0.01,
2022/11/22 17:00,0.1,57,,0.2,,2.3,¼–k¼,,0.01,
2022/11/22 18:00,-0.1,54,,0.8,,2.1,¼,,1.0e-50,
2022/11/22 19:00,-0.2,65,,0.3,,2.0,¼–k¼,,1.0e-50,
2022/11/22 20:00,0.0,67,,0.7,,1.8,¼–k¼,,1.0e-50,
2022/11/22 21:00,-0.4,66,,0.6,,1.9,¼,,1.0e-50,
2022/11/22 22:00,-0.5,67,,0.3,,1.8,¼,,1.0e-50,
2022/11/22 23:00,-0.6,70,,0.5,,1.7,¼,,1.0e-50,
2022/11/23 0:00,-0.5,60,,0.6,,2.1,¼,,1.0e-50,
2022/11/23 1:00,-0.4,55,,0.1,,1.9,¼,,1.0e-50,
2022/11/23 2:00,-0.5,57,,0.0,,1.5,¼,,1.0e-50,
2022/11/23 3:00,-1.1,55,,0.1,,1.8,¼,,1.0e-50,
2022/11/23 4:00,-1.0,55,,0.0,,1.7,¼,,1.0e-50,
2022/11/23 5:00,-0.9,55,,0.0,,1.2,¼,,1.0e-50,
2022/11/23 6:00,-1.6,53,,0.0,,1.4,¼“ì¼,,1.0e-50,
2022/11/23 7:00,-1.7,54,,0.0,,1.4,¼“ì¼,,0.01,
2022/11/23 8:00,-0.9,52,,0.0,,1.2,¼“ì¼,,0.01,
2022/11/23 9:00,0.7,48,,0.0,,1.7,¼–k¼,,0.01,
2022/11/23 10:00,1.8,41,,0.0,,2.2,¼–k¼,,0.01,
2022/11/23 11:00,2.4,40,,0.0,,2.2,–k¼,,0.01,
2022/11/23 12:00,3.3,39,,0.0,,2.0,–k¼,,0.01,
2022/11/23 13:00,3.5,40,,0.0,,1.9,–k–k¼,,0.01,
2022/11/23 14:00,3.4,42,,0.0,,2.3,–k–k¼,,0.01,
2022/11/23 15:00,3.1,45,,0.0,,2.2,–k,,0.01,
2022/11/23 16:00,2.6,50,,0.0,,1.8,–k,,0.01,
2022/11/23 17:00,2.2,54,,0.0,,1.2,–k,,0.01,
2022/11/23 18:00,1.3,59,,0.0,,0.1,“Œ–k“Œ,,1.0e-50,
2022/11/23 19:00,1.2,56,,0.0,,0.7,“ì“ì¼,,1.0e-50,
2022/11/23 20:00,1.1,55,,0.0,,0.8,“ì,,1.0e-50,
2022/11/23 21:00,0.5,55,,0.0,,0.7,“ì¼,,1.0e-50,
2022/11/23 22:00,0.4,52,,0.0,,0.7,¼“ì¼,,1.0e-50,
2022/11/23 23:00,0.4,52,,0.0,,0.5,“ì“ì¼,,1.0e-50,
2022/11/24 0:00,0.3,55,,0.1,,0.4,“ì¼,,1.0e-50,
2022/11/24 1:00,0.1,59,,0.0,,0.4,“ì“ì¼,,1.0e-50,
2022/11/24 2:00,0.1,61,,0.0,,0.5,“ì¼,,1.0e-50,
2022/11/24 3:00,-0.0,62,,0.1,,0.9,“ì“ì“Œ,,1.0e-50,
2022/11/24 4:00,-0.0,64,,0.0,,0.2,“ì“ì“Œ,,1.0e-50,
2022/11/24 5:00,-0.2,67,,0.1,,0.5,–k–k“Œ,,1.0e-50,
2022/11/24 6:00,-0.2,65,,0.4,,0.7,–k,,1.0e-50,
2022/11/24 7:00,-0.5,74,,0.9,,1.3,–k–k¼,,0.01,
2022/11/24 8:00,-0.5,83,,1.6,,1.6,–k,,0.01,
2022/11/24 9:00,-0.9,85,,2.0,,1.6,–k,,0.01,
2022/11/24 10:00,-0.5,86,,2.8,,2.6,–k,,0.01,
2022/11/24 11:00,0.2,85,,1.9,,2.8,–k,,0.01,
2022/11/24 12:00,-0.1,86,,2.2,,3.3,–k,,0.01,
2022/11/24 13:00,0.3,84,,2.0,,3.6,–k–k¼,,0.01,
2022/11/24 14:00,0.9,80,,1.0,,4.1,–k–k¼,,0.01,
2022/11/24 15:00,1.0,80,,0.5,,4.0,–k–k¼,,0.01,
2022/11/24 16:00,1.0,73,,0.4,,4.4,–k–k¼,,0.01,
2022/11/24 17:00,0.8,71,,0.0,,3.0,–k–k¼,,1.0e-50,
2022/11/24 18:00,0.4,82,,0.2,,1.9,–k,,1.0e-50,
2022/11/24 19:00,-0.4,74,,0.3,,1.8,–k–k“Œ,,1.0e-50,
2022/11/24 20:00,-1.5,77,,0.1,,0.5,–k“Œ,,1.0e-50,
2022/11/24 21:00,-1.5,79,,0.0,,1.1,“ì“ì¼,,1.0e-50,
2022/11/24 22:00,-1.7,87,,1.1,,0.9,¼“ì¼,,1.0e-50,
2022/11/24 23:00,-1.4,89,,2.7,,1.0,–k–k¼,,1.0e-50,
2022/11/25 0:00,-1.7,85,,1.5,,1.2,–k¼,,1.0e-50,
2022/11/25 1:00,-1.2,82,,1.0,,1.8,–k¼,,1.0e-50,
2022/11/25 2:00,-0.5,77,,0.9,,2.5,–k¼,,1.0e-50,
2022/11/25 3:00,-0.6,73,,0.6,,2.3,–k–k¼,,1.0e-50,
2022/11/25 4:00,0.2,65,,0.3,,3.1,–k¼,,1.0e-50,
2022/11/25 5:00,0.4,62,,0.2,,3.0,–k–k¼,,1.0e-50,
2022/11/25 6:00,-1.6,76,,0.1,,0.5,–k–k¼,,1.0e-50,
2022/11/25 7:00,-2.3,81,,0.2,,0.4,“Œ–k“Œ,,0.01,
2022/11/25 8:00,-2.3,86,,0.7,,1.3,“Œ–k“Œ,,0.01,
2022/11/25 9:00,-1.9,82,,0.9,,0.9,“Œ“ì“Œ,,0.01,
2022/11/25 10:00,-1.4,75,,0.4,,0.7,“Œ,,0.01,
2022/11/25 11:00,-1.0,67,,0.1,,1.0,“Œ,,0.01,
2022/11/25 12:00,-0.2,61,,0.0,,0.9,“Œ,,0.01,
2022/11/25 13:00,0.1,57,,0.0,,1.0,“Œ,,0.01,
2022/11/25 14:00,0.2,57,,0.0,,0.9,“Œ“ì“Œ,,0.01,
2022/11/25 15:00,0.4,68,,0.0,,0.5,“Œ–k“Œ,,0.01,
2022/11/25 16:00,-1.4,75,,0.0,,0.8,–k“Œ,,0.01,
2022/11/25 17:00,-3.1,78,,0.0,,0.0,–k–k“Œ,,1.0e-50,
2022/11/25 18:00,-4.0,74,,0.0,,0.9,“ì¼,,1.0e-50,
2022/11/25 19:00,-4.4,74,,0.0,,1.3,“ì¼,,1.0e-50,
2022/11/25 20:00,-4.7,74,,0.0,,1.6,“ì¼,,1.0e-50,
2022/11/25 21:00,-4.9,75,,0.0,,1.5,“ì¼,,1.0e-50,
2022/11/25 22:00,-4.8,74,,0.0,,1.6,“ì¼,,1.0e-50,
2022/11/25 23:00,-5.3,75,,0.0,,1.4,¼“ì¼,,1.0e-50,
2022/11/26 0:00,-5.9,79,,0.0,,1.0,“ì“ì¼,,1.0e-50,
2022/11/26 1:00,-5.3,73,,0.0,,1.6,“ì¼,,1.0e-50,
2022/11/26 2:00,-5.0,65,,0.0,,1.9,“ì¼,,1.0e-50,
2022/11/26 3:00,-6.1,69,,0.0,,1.5,“ì¼,,1.0e-50,
2022/11/26 4:00,-6.2,66,,0.0,,1.6,“ì¼,,1.0e-50,
2022/11/26 5:00,-6.0,62,,0.0,,1.7,¼“ì¼,,1.0e-50,
2022/11/26 6:00,-6.4,63,,0.0,,1.5,¼“ì¼,,1.0e-50,
2022/11/26 7:00,-5.6,57,,0.0,,1.8,“ì¼,,0.01,
2022/11/26 8:00,-4.6,58,,0.0,,1.3,“ì¼,,0.01,
2022/11/26 9:00,-2.3,56,,0.0,,1.0,“ì“ì¼,,0.01,
2022/11/26 10:00,-0.4,50,,0.0,,0.9,“ì“ì“Œ,,0.01,
2022/11/26 11:00,0.7,54,,0.0,,1.4,“ì“Œ,,0.01,
2022/11/26 12:00,1.9,55,,0.0,,1.4,“ì“Œ,,0.01,
2022/11/26 13:00,2.2,59,,0.0,,1.3,“Œ,,0.01,
2022/11/26 14:00,1.8,70,,0.0,,0.5,“ì“ì“Œ,,0.01,
2022/11/26 15:00,1.3,76,,0.7,,0.7,“ì“ì¼,,0.01,
2022/11/26 16:00,0.9,83,,0.4,,0.6,“ì“Œ,,0.01,
2022/11/26 17:00,0.7,83,,0.1,,0.8,“ì“ì“Œ,,1.0e-50,
2022/11/26 18:00,0.7,81,,0.1,,1.3,“ì“Œ,,1.0e-50,
2022/11/26 19:00,0.7,78,,0.0,,1.4,“ì“ì“Œ,,1.0e-50,
2022/11/26 20:00,1.2,71,,0.0,,1.8,“ì“ì“Œ,,1.0e-50,
2022/11/26 21:00,0.7,74,,0.0,,1.7,“ì,,1.0e-50,
2022/11/26 22:00,1.3,70,,0.0,,1.8,“ì,,1.0e-50,
2022/11/26 23:00,1.6,73,,0.1,,1.6,“ì,,1.0e-50,
2022/11/27 0:00,2.0,81,,0.6,,1.9,“ì,,1.0e-50,
2022/11/27 1:00,2.0,89,,1.9,,2.2,“ì“ì“Œ,,1.0e-50,
2022/11/27 2:00,1.4,94,,2.7,,1.7,“ì“ì“Œ,,1.0e-50,
2022/11/27 3:00,1.0,94,,1.5,,1.7,“ì,,1.0e-50,
2022/11/27 4:00,1.0,94,,1.6,,1.4,“ì,,1.0e-50,
2022/11/27 5:00,1.1,92,,1.7,,1.6,“ì,,1.0e-50,
2022/11/27 6:00,0.6,95,,2.3,,0.7,“ì,,1.0e-50,
2022/11/27 7:00,0.8,95,,1.3,,1.0,“ì,,0.01,
2022/11/27 8:00,0.8,95,,1.9,,0.6,“ì“ì“Œ,,0.01,
2022/11/27 9:00,1.2,92,,0.9,,0.7,“ì“ì“Œ,,0.01,
2022/11/27 10:00,1.7,90,,0.2,,1.2,“Œ“ì“Œ,,0.01,
2022/11/27 11:00,2.1,88,,0.0,,1.6,“Œ“ì“Œ,,0.01,
2022/11/27 12:00,2.6,86,,0.0,,1.8,“ì“Œ,,0.01,
2022/11/27 13:00,3.4,83,,0.0,,1.8,“Œ“ì“Œ,,0.01,
2022/11/27 14:00,3.7,83,,0.0,,2.1,“Œ“ì“Œ,,0.01,
2022/11/27 15:00,3.5,87,,0.0,,1.6,“Œ,,0.01,
2022/11/27 16:00,2.8,91,,0.0,,1.3,“Œ,,0.01,
2022/11/27 17:00,2.2,93,,1.6,,0.6,–k“Œ,,1.0e-50,
2022/11/27 18:00,2.2,91,,1.7,,1.2,–k,,1.0e-50,
2022/11/27 19:00,2.2,88,,0.1,,1.4,–k¼,,1.0e-50,
2022/11/27 20:00,2.5,88,,0.3,,1.7,–k¼,,1.0e-50,
2022/11/27 21:00,3.2,88,,0.7,,2.1,–k–k¼,,1.0e-50,
2022/11/27 22:00,3.7,82,,0.7,,3.1,–k–k¼,,1.0e-50,
2022/11/27 23:00,3.7,80,,0.8,,2.9,–k–k¼,,1.0e-50,
2022/11/28 0:00,3.9,75,,0.3,,3.5,–k–k¼,,1.0e-50,
2022/11/28 1:00,3.9,74,,0.1,,4.0,–k–k¼,,1.0e-50,
2022/11/28 2:00,3.9,73,,0.2,,3.9,–k–k¼,,1.0e-50,
2022/11/28 3:00,2.9,77,,0.5,,3.6,–k–k¼,,1.0e-50,
2022/11/28 4:00,3.0,75,,0.4,,3.3,–k–k¼,,1.0e-50,
2022/11/28 5:00,3.1,75,,0.3,,3.5,–k¼,,1.0e-50,
2022/11/28 6:00,3.3,74,,0.4,,3.3,–k¼,,1.0e-50,
2022/11/28 7:00,3.2,75,,0.3,,3.5,–k¼,,0.01,
2022/11/28 8:00,3.1,76,,0.4,,3.5,–k¼,,0.01,
2022/11/28 9:00,3.0,77,,0.3,,3.5,–k–k¼,,0.01,
2022/11/28 10:00,3.5,71,,0.4,,4.1,–k¼,,0.01,
2022/11/28 11:00,3.8,69,,0.3,,4.0,–k¼,,0.01,
2022/11/28 12:00,4.0,69,,0.3,,3.8,–k–k¼,,0.01,
2022/11/28 13:00,3.9,71,,0.3,,3.8,–k–k¼,,0.01,
2022/11/28 14:00,3.7,71,,0.4,,3.3,–k–k¼,,0.01,
2022/11/28 15:00,3.4,75,,0.4,,1.9,–k–k¼,,0.01,
2022/11/28 16:00,2.4,81,,0.3,,0.9,¼–k¼,,0.01,
2022/11/28 17:00,1.6,83,,0.4,,1.1,¼“ì¼,,1.0e-50,
2022/11/28 18:00,0.8,84,,0.5,,1.3,¼“ì¼,,1.0e-50,
2022/11/28 19:00,0.3,86,,0.4,,1.2,¼“ì¼,,1.0e-50,
2022/11/28 20:00,-0.1,86,,0.3,,1.3,¼“ì¼,,1.0e-50,
2022/11/28 21:00,-0.5,87,,0.1,,1.4,¼“ì¼,,1.0e-50,
2022/11/28 22:00,-0.7,86,,0.1,,1.5,¼“ì¼,,1.0e-50,
2022/11/28 23:00,-0.8,84,,0.1,,1.3,¼“ì¼,,1.0e-50,
2022/11/29 0:00,-1.1,79,,0.1,,1.6,“ì¼,,1.0e-50,
2022/11/29 1:00,-1.3,80,,0.0,,1.3,“ì“ì¼,,1.0e-50,
2022/11/29 2:00,-1.0,79,,0.0,,1.4,“ì¼,,1.0e-50,
2022/11/29 3:00,-1.0,74,,0.0,,1.6,“ì“ì¼,,1.0e-50,
2022/11/29 4:00,-0.9,67,,0.0,,1.6,“ì¼,,1.0e-50,
2022/11/29 5:00,-1.4,66,,0.0,,1.4,¼“ì¼,,1.0e-50,
2022/11/29 6:00,-2.5,69,,0.0,,1.1,“ì“ì“Œ,,1.0e-50,
2022/11/29 7:00,-3.4,71,,0.0,,1.1,“ì,,0.01,
2022/11/29 8:00,-2.7,72,,0.0,,0.9,“ì,,0.01,
2022/11/29 9:00,-0.3,66,,0.0,,1.1,“ì,,0.01,
2022/11/29 10:00,1.9,60,,0.0,,1.6,“ì¼,,0.01,
2022/11/29 11:00,3.1,58,,0.0,,2.2,“ì¼,,0.01,
2022/11/29 12:00,3.7,58,,0.2,,2.2,“ì¼,,0.01,
2022/11/29 13:00,3.4,66,,0.4,,1.8,¼,,0.01,
2022/11/29 14:00,3.0,78,,0.8,,1.4,–k¼,,0.01,
2022/11/29 15:00,3.0,80,,0.9,,0.8,¼–k¼,,0.01,
2022/11/29 16:00,1.9,86,,0.3,,0.8,¼“ì¼,,0.01,
2022/11/29 17:00,0.9,88,,0.6,,0.9,¼,,1.0e-50,
2022/11/29 18:00,0.8,77,,0.3,,1.6,“ì¼,,1.0e-50,
2022/11/29 19:00,0.8,77,,0.1,,1.6,¼“ì¼,,1.0e-50,
2022/11/29 20:00,0.7,78,,0.1,,1.6,¼“ì¼,,1.0e-50,
2022/11/29 21:00,-0.2,78,,0.0,,1.5,¼“ì¼,,1.0e-50,
2022/11/29 22:00,-0.7,79,,0.0,,1.4,“ì¼,,1.0e-50,
2022/11/29 23:00,-0.8,78,,0.0,,1.4,“ì“ì¼,,1.0e-50,
2022/11/30 0:00,-1.1,77,,0.0,,1.4,“ì“ì¼,,1.0e-50,
2022/11/30 1:00,-1.4,77,,0.0,,1.3,“ì“ì¼,,1.0e-50,
2022/11/30 2:00,-1.8,77,,0.0,,1.3,“ì“ì¼,,1.0e-50,
2022/11/30 3:00,-2.3,75,,0.0,,1.6,“ì“ì¼,,1.0e-50,
2022/11/30 4:00,-2.6,75,,0.0,,1.7,“ì“ì¼,,1.0e-50,
2022/11/30 5:00,-2.6,74,,0.0,,1.6,“ì“ì¼,,1.0e-50,
2022/11/30 6:00,-2.8,74,,0.0,,1.6,“ì,,1.0e-50,
2022/11/30 7:00,-3.1,74,,0.0,,1.5,“ì,,0.01,
2022/11/30 8:00,-2.4,73,,0.0,,1.4,“ì,,0.01,
2022/11/30 9:00,-0.2,70,,0.0,,2.0,“ì“ì“Œ,,0.01,
2022/11/30 10:00,1.9,66,,0.0,,2.7,“ì“ì“Œ,,0.01,
2022/11/30 11:00,3.5,61,,0.0,,2.9,“ì“ì“Œ,,0.01,
2022/11/30 12:00,4.4,62,,0.0,,1.8,“ì“ì“Œ,,0.01,
2022/11/30 13:00,5.0,64,,0.0,,1.2,“ì“ì“Œ,,0.01,
2022/11/30 14:00,4.7,69,,0.0,,1.4,“Œ“ì“Œ,,0.01,
2022/11/30 15:00,4.6,78,,0.2,,1.9,“ì“Œ,,0.01,
2022/11/30 16:00,4.2,81,,0.0,,1.4,“ì“Œ,,0.01,
2022/11/30 17:00,3.7,84,,0.4,,1.4,“Œ“ì“Œ,,1.0e-50,
2022/11/30 18:00,2.9,90,,3.7,,2.0,“Œ“ì“Œ,,1.0e-50,
2022/11/30 19:00,1.9,91,,1.7,,1.8,“ì“Œ,,1.0e-50,
2022/11/30 20:00,1.1,89,,0.0,,1.2,“ì“Œ,,1.0e-50,
2022/11/30 21:00,-0.2,87,,0.1,,0.5,–k¼,,1.0e-50,
2022/11/30 22:00,0.3,81,,0.0,,1.2,¼,,1.0e-50,
2022/11/30 23:00,0.9,79,,0.6,,1.8,¼–k¼,,1.0e-50,
2022/12/1 0:00,0.5,77,,0.6,,1.0,¼–k¼,,1.0e-50,
2022/12/1 1:00,0.3,76,,0.8,,0.4,“ì¼,,1.0e-50,
2022/12/1 2:00,0.4,72,,0.4,,0.7,“ì“ì¼,,1.0e-50,
2022/12/1 3:00,0.2,71,,0.2,,1.0,“ì,,1.0e-50,
2022/12/1 4:00,0.6,73,,0.2,,1.5,“ì“ì“Œ,,1.0e-50,
2022/12/1 5:00,1.3,78,,0.1,,2.2,“ì“ì“Œ,,1.0e-50,
2022/12/1 6:00,1.7,78,,0.0,,2.6,“ì“ì“Œ,,1.0e-50,
2022/12/1 7:00,2.4,79,,0.0,,2.5,“ì“ì“Œ,,0.01,
2022/12/1 8:00,3.1,79,,0.0,,2.2,“ì“ì“Œ,,0.01,
2022/12/1 9:00,4.3,75,,0.0,,2.7,“ì“Œ,,0.01,
2022/12/1 10:00,6.0,79,,0.1,,3.3,“ì“Œ,,0.01,
2022/12/1 11:00,7.5,79,,1.2,,3.8,“ì“ì“Œ,,0.01,
2022/12/1 12:00,9.8,70,,0.6,,4.8,“ì“ì“Œ,,0.01,
2022/12/1 13:00,10.3,70,,0.1,,4.5,“ì,,0.01,
2022/12/1 14:00,10.5,71,,0.1,,3.3,“ì“ì“Œ,,0.01,
2022/12/1 15:00,10.2,72,,0.0,,2.5,“ì“ì“Œ,,0.01,
2022/12/1 16:00,8.6,78,,0.0,,1.8,“ì“Œ,,0.01,
2022/12/1 17:00,7.4,77,,0.0,,2.2,“ì“Œ,,1.0e-50,
2022/12/1 18:00,6.6,77,,0.0,,2.1,“ì“Œ,,1.0e-50,
2022/12/1 19:00,6.1,78,,0.1,,1.7,“ì“ì“Œ,,1.0e-50,
2022/12/1 20:00,5.6,79,,0.9,,1.3,“ì,,1.0e-50,
2022/12/1 21:00,5.2,73,,0.6,,1.2,“ì“ì¼,,1.0e-50,
2022/12/1 22:00,4.7,68,,0.4,,1.1,“ì“ì“Œ,,1.0e-50,
2022/12/1 23:00,4.1,61,,0.0,,1.8,“ì¼,,1.0e-50,
2022/12/2 0:00,3.2,54,,0.3,,4.4,“ì¼,,1.0e-50,
2022/12/2 1:00,2.3,62,,0.8,,4.0,¼“ì¼,,1.0e-50,
2022/12/2 2:00,2.4,68,,2.0,,3.2,¼,,1.0e-50,
2022/12/2 3:00,2.3,68,,0.5,,3.0,¼–k¼,,1.0e-50,
2022/12/2 4:00,2.3,58,,0.0,,3.6,¼–k¼,,1.0e-50,
2022/12/2 5:00,2.2,56,,0.0,,4.1,¼–k¼,,1.0e-50,
2022/12/2 6:00,1.3,58,,0.1,,2.9,¼–k¼,,1.0e-50,
2022/12/2 7:00,1.0,61,,0.1,,3.0,¼–k¼,,0.01,
2022/12/2 8:00,1.2,59,,0.1,,3.1,¼–k¼,,0.01,
2022/12/2 9:00,2.0,54,,0.1,,3.5,¼–k¼,,0.01,
2022/12/2 10:00,2.1,51,,0.2,,4.6,¼,,0.01,
2022/12/2 11:00,1.6,48,,0.2,,5.6,¼,,0.01,
2022/12/2 12:00,1.6,44,,0.1,,5.8,¼–k¼,,0.01,
2022/12/2 13:00,1.2,44,,0.1,,6.1,¼–k¼,,0.01,
2022/12/2 14:00,0.8,44,,0.1,,5.9,¼,,0.01,
2022/12/2 15:00,0.4,47,,0.1,,5.6,¼–k¼,,0.01,
2022/12/2 16:00,-0.4,50,,0.2,,4.9,¼–k¼,,0.01,
2022/12/2 17:00,-0.6,52,,0.1,,4.5,¼–k¼,,1.0e-50,
2022/12/2 18:00,0.1,50,,0.1,,4.0,¼–k¼,,1.0e-50,
2022/12/2 19:00,0.2,49,,0.0,,4.3,¼–k¼,,1.0e-50,
2022/12/2 20:00,0.1,48,,0.0,,4.5,¼–k¼,,1.0e-50,
2022/12/2 21:00,0.1,53,,0.0,,3.7,¼–k¼,,1.0e-50,
2022/12/2 22:00,0.2,53,,0.1,,4.2,¼–k¼,,1.0e-50,
2022/12/2 23:00,0.1,48,,0.0,,4.5,¼–k¼,,1.0e-50,
2022/12/3 0:00,0.5,50,,0.0,,4.4,¼–k¼,,1.0e-50,
2022/12/3 1:00,0.3,49,,0.0,,4.6,¼–k¼,,1.0e-50,
2022/12/3 2:00,0.2,48,,0.0,,4.5,¼–k¼,,1.0e-50,
2022/12/3 3:00,-0.3,50,,0.0,,4.3,¼–k¼,,1.0e-50,
2022/12/3 4:00,-0.2,50,,0.0,,4.5,¼–k¼,,1.0e-50,
2022/12/3 5:00,0.1,49,,0.0,,4.4,¼–k¼,,1.0e-50,
2022/12/3 6:00,-0.1,51,,0.0,,2.6,¼–k¼,,1.0e-50,
2022/12/3 7:00,-0.2,53,,0.0,,2.4,¼–k¼,,0.01,
2022/12/3 8:00,0.2,54,,0.0,,1.7,¼,,0.01,
2022/12/3 9:00,1.8,49,,0.0,,1.6,¼,,0.01,
2022/12/3 10:00,4.0,44,,0.0,,3.1,¼–k¼,,0.01,
2022/12/3 11:00,5.3,40,,0.0,,3.4,¼–k¼,,0.01,
2022/12/3 12:00,6.2,40,,0.0,,3.4,¼–k¼,,0.01,
2022/12/3 13:00,6.3,40,,0.0,,3.4,¼–k¼,,0.01,
2022/12/3 14:00,6.0,41,,0.0,,2.6,¼–k¼,,0.01,
2022/12/3 15:00,5.9,46,,0.0,,1.5,¼,,0.01,
2022/12/3 16:00,3.9,56,,0.0,,1.0,¼“ì¼,,0.01,
2022/12/3 17:00,2.4,62,,0.0,,0.9,“ì,,1.0e-50,
2022/12/3 18:00,1.9,62,,0.0,,1.2,“ì,,1.0e-50,
2022/12/3 19:00,1.6,63,,0.0,,1.5,“ì“Œ,,1.0e-50,
2022/12/3 20:00,1.3,64,,0.0,,1.8,“ì“Œ,,1.0e-50,
2022/12/3 21:00,0.9,66,,0.0,,1.6,“ì“ì“Œ,,1.0e-50,
2022/12/3 22:00,0.5,69,,0.0,,1.6,“ì“ì“Œ,,1.0e-50,
2022/12/3 23:00,0.2,72,,0.0,,1.7,“ì“Œ,,1.0e-50,
2022/12/4 0:00,0.2,74,,0.0,,1.8,“ì“ì“Œ,,1.0e-50,
2022/12/4 1:00,0.1,77,,0.0,,1.8,“ì“ì“Œ,,1.0e-50,
2022/12/4 2:00,0.1,78,,0.0,,1.9,“ì“ì“Œ,,1.0e-50,
2022/12/4 3:00,0.1,78,,0.0,,1.8,“ì“ì“Œ,,1.0e-50,
2022/12/4 4:00,-0.0,79,,0.0,,1.8,“ì“ì“Œ,,1.0e-50,
2022/12/4 5:00,0.0,80,,0.0,,2.0,“ì“ì“Œ,,1.0e-50,
2022/12/4 6:00,0.6,80,,0.0,,2.3,“ì“ì“Œ,,1.0e-50,
2022/12/4 7:00,1.2,82,,0.0,,2.5,“ì“Œ,,1.0e-50,
2022/12/4 8:00,2.5,81,,0.0,,2.5,“ì“Œ,,0.01,
2022/12/4 9:00,4.8,76,,0.0,,2.7,“ì“Œ,,0.01,
2022/12/4 10:00,7.4,72,,0.0,,2.4,“ì“Œ,,0.01,
2022/12/4 11:00,9.9,65,,0.0,,1.9,“ì,,0.01,
2022/12/4 12:00,11.2,56,,0.0,,2.1,“ì,,0.01,
2022/12/4 13:00,12.0,50,,0.0,,2.3,“ì“ì¼,,0.01,
2022/12/4 14:00,11.8,54,,0.0,,2.2,“ì,,0.01,
2022/12/4 15:00,10.9,61,,0.0,,1.9,“ì“ì“Œ,,0.01,
2022/12/4 16:00,9.7,71,,0.0,,2.1,“ì“ì“Œ,,0.01,
2022/12/4 17:00,9.2,78,,0.0,,2.2,“ì“ì“Œ,,1.0e-50,
2022/12/4 18:00,9.0,82,,0.0,,2.4,“ì,,1.0e-50,
2022/12/4 19:00,8.8,81,,0.0,,2.1,“ì“ì“Œ,,1.0e-50,
2022/12/4 20:00,8.9,79,,0.0,,2.2,“ì“ì“Œ,,1.0e-50,
2022/12/4 21:00,8.2,83,,0.0,,1.7,“ì,,1.0e-50,
2022/12/4 22:00,7.9,84,,0.0,,1.6,“ì,,1.0e-50,
2022/12/4 23:00,7.5,88,,0.0,,1.4,“ì“ì¼,,1.0e-50,
2022/12/5 0:00,6.8,92,,0.0,,1.0,“ì¼,,1.0e-50,
2022/12/5 1:00,6.3,91,,0.0,,1.2,¼–k¼,,1.0e-50,
2022/12/5 2:00,6.3,92,,0.0,,1.6,–k–k¼,,1.0e-50,
2022/12/5 3:00,5.5,91,,0.0,,1.4,¼–k¼,,1.0e-50,
2022/12/5 4:00,5.5,89,,0.0,,1.4,¼–k¼,,1.0e-50,
2022/12/5 5:00,5.0,90,,0.0,,1.3,–k¼,,1.0e-50,
2022/12/5 6:00,4.8,91,,0.0,,1.1,–k¼,,1.0e-50,
2022/12/5 7:00,4.7,91,,0.0,,1.2,¼–k¼,,1.0e-50,
2022/12/5 8:00,5.3,88,,0.0,,1.5,–k¼,,0.01,
2022/12/5 9:00,5.7,85,,0.0,,1.7,–k¼,,0.01,
2022/12/5 10:00,6.1,81,,0.1,,1.6,–k¼,,0.01,
2022/12/5 11:00,6.6,77,,0.0,,2.0,–k–k¼,,0.01,
2022/12/5 12:00,6.6,73,,0.0,,2.7,–k–k¼,,0.01,
2022/12/5 13:00,6.6,68,,0.0,,2.9,–k–k¼,,0.01,
2022/12/5 14:00,6.7,66,,0.0,,2.9,–k–k¼,,0.01,
2022/12/5 15:00,6.3,72,,0.0,,3.0,–k–k¼,,0.01,
2022/12/5 16:00,5.2,71,,0.0,,3.1,–k–k¼,,0.01,
2022/12/5 17:00,4.6,70,,0.1,,2.6,–k–k¼,,1.0e-50,
2022/12/5 18:00,4.3,72,,0.0,,1.8,–k¼,,1.0e-50,
2022/12/5 19:00,4.1,72,,0.0,,1.5,–k¼,,1.0e-50,
2022/12/5 20:00,3.8,71,,0.0,,1.5,–k¼,,1.0e-50,
2022/12/5 21:00,3.5,74,,0.0,,1.3,–k¼,,1.0e-50,
2022/12/5 22:00,3.2,77,,0.1,,1.1,–k¼,,1.0e-50,
2022/12/5 23:00,2.6,81,,0.3,,0.8,–k¼,,1.0e-50,
2022/12/6 0:00,2.1,82,,0.4,,0.7,“ì,,1.0e-50,
2022/12/6 1:00,1.4,86,,0.3,,0.2,–k–k“Œ,,1.0e-50,
2022/12/6 2:00,1.1,89,,0.7,,0.8,–k–k¼,,1.0e-50,
2022/12/6 3:00,0.8,90,,0.6,,0.8,–k,,1.0e-50,
2022/12/6 4:00,0.6,91,,1.3,,1.8,–k,,1.0e-50,
2022/12/6 5:00,0.6,92,,2.4,,1.1,–k–k¼,,1.0e-50,
2022/12/6 6:00,0.5,92,,2.3,,2.2,–k–k¼,,1.0e-50,
2022/12/6 7:00,0.7,90,,2.4,,2.5,–k–k¼,,1.0e-50,
2022/12/6 8:00,1.0,82,,1.6,,3.4,–k–k¼,,0.01,
2022/12/6 9:00,1.6,77,,1.1,,4.3,–k–k¼,,0.01,
2022/12/6 10:00,1.4,74,,1.5,,5.9,–k¼,,0.01,
2022/12/6 11:00,1.1,71,,1.3,,6.4,–k¼,,0.01,
2022/12/6 12:00,0.3,73,,1.4,,6.4,–k¼,,0.01,
2022/12/6 13:00,-0.3,68,,1.4,,6.7,–k¼,,0.01,
2022/12/6 14:00,-1.0,63,,0.6,,6.2,–k¼,,0.01,
2022/12/6 15:00,-2.1,57,,0.3,,5.5,–k¼,,0.01,
2022/12/6 16:00,-3.0,62,,0.4,,4.7,¼–k¼,,0.01,
2022/12/6 17:00,-3.7,55,,0.4,,4.5,¼–k¼,,1.0e-50,
2022/12/6 18:00,-4.6,59,,0.1,,3.7,¼–k¼,,1.0e-50,
2022/12/6 19:00,-4.8,57,,0.2,,4.1,¼–k¼,,1.0e-50,
2022/12/6 20:00,-5.5,53,,0.0,,4.2,¼–k¼,,1.0e-50,
2022/12/6 21:00,-6.0,52,,0.1,,4.2,¼,,1.0e-50,
2022/12/6 22:00,-6.2,52,,0.0,,4.1,¼,,1.0e-50,
2022/12/6 23:00,-6.3,53,,0.0,,3.9,¼,,1.0e-50,
2022/12/7 0:00,-6.5,52,,0.0,,3.6,¼,,1.0e-50,
2022/12/7 1:00,-6.5,56,,0.0,,3.2,¼–k¼,,1.0e-50,
2022/12/7 2:00,-6.5,56,,0.0,,3.2,¼–k¼,,1.0e-50,
2022/12/7 3:00,-6.7,57,,0.0,,3.2,¼–k¼,,1.0e-50,
2022/12/7 4:00,-6.8,56,,0.0,,3.4,¼–k¼,,1.0e-50,
2022/12/7 5:00,-6.8,56,,0.0,,3.5,¼–k¼,,1.0e-50,
2022/12/7 6:00,-7.0,57,,0.0,,3.2,¼–k¼,,1.0e-50,
2022/12/7 7:00,-6.9,58,,0.0,,3.2,¼–k¼,,1.0e-50,
2022/12/7 8:00,-6.4,58,,0.0,,3.3,¼–k¼,,0.01,
2022/12/7 9:00,-5.4,52,,0.0,,3.1,¼–k¼,,0.01,
2022/12/7 10:00,-4.6,50,,0.0,,4.0,¼–k¼,,0.01,
2022/12/7 11:00,-4.1,47,,0.0,,4.0,¼–k¼,,0.01,
2022/12/7 12:00,-3.4,45,,0.0,,3.8,¼–k¼,,0.01,
2022/12/7 13:00,-3.4,45,,0.0,,3.8,¼–k¼,,0.01,
2022/12/7 14:00,-3.6,46,,0.0,,3.4,¼–k¼,,0.01,
2022/12/7 15:00,-3.9,50,,0.0,,2.2,¼–k¼,,0.01,
2022/12/7 16:00,-4.9,56,,0.0,,1.8,¼,,0.01,
2022/12/7 17:00,-5.9,56,,0.0,,1.9,¼“ì¼,,1.0e-50,
2022/12/7 18:00,-6.1,59,,0.0,,1.7,¼“ì¼,,1.0e-50,
2022/12/7 19:00,-6.3,62,,0.0,,1.8,“ì¼,,1.0e-50,
2022/12/7 20:00,-6.3,63,,0.0,,1.8,“ì¼,,1.0e-50,
2022/12/7 21:00,-6.3,66,,0.0,,1.7,“ì¼,,1.0e-50,
2022/12/7 22:00,-6.5,67,,0.0,,1.7,“ì¼,,1.0e-50,
2022/12/7 23:00,-6.4,66,,0.0,,1.7,“ì¼,,1.0e-50,
2022/12/8 0:00,-6.3,67,,0.0,,1.8,“ì¼,,1.0e-50,
2022/12/8 1:00,-6.7,68,,0.0,,1.8,“ì¼,,1.0e-50,
2022/12/8 2:00,-6.9,68,,0.0,,1.8,“ì¼,,1.0e-50,
2022/12/8 3:00,-7.2,69,,0.0,,1.9,¼“ì¼,,1.0e-50,
2022/12/8 4:00,-7.2,69,,0.0,,1.8,¼“ì¼,,1.0e-50,
2022/12/8 5:00,-7.3,69,,0.0,,2.0,¼“ì¼,,1.0e-50,
2022/12/8 6:00,-7.3,69,,0.0,,1.9,“ì¼,,1.0e-50,
2022/12/8 7:00,-7.4,69,,0.0,,1.9,¼“ì¼,,1.0e-50,
2022/12/8 8:00,-6.5,69,,0.0,,1.8,¼“ì¼,,0.01,
2022/12/8 9:00,-4.8,67,,0.0,,1.1,“ì¼,,0.01,
2022/12/8 10:00,-2.7,60,,0.0,,1.2,¼,,0.01,
2022/12/8 11:00,-1.5,54,,0.0,,2.4,¼–k¼,,0.01,
2022/12/8 12:00,-0.8,52,,0.0,,2.6,¼–k¼,,0.01,
2022/12/8 13:00,-0.7,51,,0.0,,3.0,¼–k¼,,0.01,
2022/12/8 14:00,-0.9,52,,0.0,,2.6,¼–k¼,,0.01,
2022/12/8 15:00,-1.0,61,,0.0,,1.1,¼–k¼,,0.01,
2022/12/8 16:00,-3.2,71,,0.0,,0.9,¼–k¼,,0.01,
2022/12/8 17:00,-4.4,71,,0.0,,1.3,“ì¼,,1.0e-50,
2022/12/8 18:00,-4.2,70,,0.0,,1.6,“ì¼,,1.0e-50,
2022/12/8 19:00,-4.5,72,,0.0,,1.6,“ì“ì¼,,1.0e-50,
2022/12/8 20:00,-4.6,73,,0.0,,1.7,“ì“ì¼,,1.0e-50,
2022/12/8 21:00,-3.9,74,,0.0,,1.7,“ì“ì¼,,1.0e-50,
2022/12/8 22:00,-3.5,74,,0.0,,1.7,“ì,,1.0e-50,
2022/12/8 23:00,-3.2,75,,0.0,,1.5,“ì,,1.0e-50,
2022/12/9 0:00,-3.0,78,,0.0,,1.3,“ì,,1.0e-50,
2022/12/9 1:00,-2.7,80,,0.0,,1.3,“ì,,1.0e-50,
2022/12/9 2:00,-2.8,81,,0.0,,1.3,“ì,,1.0e-50,
2022/12/9 3:00,-2.6,80,,0.0,,1.1,“ì,,1.0e-50,
2022/12/9 4:00,-2.7,82,,0.0,,1.0,“ì“ì“Œ,,1.0e-50,
2022/12/9 5:00,-2.9,83,,0.0,,0.9,“ì,,1.0e-50,
2022/12/9 6:00,-3.7,84,,0.1,,0.5,“ì“ì“Œ,,1.0e-50,
2022/12/9 7:00,-3.6,84,,0.0,,0.8,“ì“ì“Œ,,1.0e-50,
2022/12/9 8:00,-3.2,85,,0.2,,0.8,“ì,,0.01,
2022/12/9 9:00,-2.2,86,,0.4,,0.5,–k¼,,0.01,
2022/12/9 10:00,-1.5,85,,0.7,,1.2,–k–k¼,,0.01,
2022/12/9 11:00,-0.7,86,,0.9,,1.5,–k–k¼,,0.01,
2022/12/9 12:00,0.0,88,,1.4,,2.0,–k–k¼,,0.01,
2022/12/9 13:00,1.0,87,,0.3,,1.9,–k,,0.01,
2022/12/9 14:00,1.3,87,,0.2,,2.1,–k–k“Œ,,0.01,
2022/12/9 15:00,0.9,86,,0.2,,1.7,–k,,0.01,
2022/12/9 16:00,0.5,87,,0.1,,1.5,–k–k¼,,0.01,
2022/12/9 17:00,0.3,88,,0.1,,1.4,–k–k¼,,1.0e-50,
2022/12/9 18:00,0.6,85,,0.1,,1.5,–k¼,,1.0e-50,
2022/12/9 19:00,0.9,81,,0.0,,2.2,–k–k¼,,1.0e-50,
2022/12/9 20:00,1.0,80,,0.1,,2.1,–k–k¼,,1.0e-50,
2022/12/9 21:00,-0.7,88,,0.0,,0.7,–k,,1.0e-50,
2022/12/9 22:00,-1.5,91,,0.3,,0.5,–k,,1.0e-50,
2022/12/9 23:00,-2.2,92,,0.6,,0.3,–k,,1.0e-50,
2022/12/10 0:00,-2.2,91,,0.7,,0.2,“ì,,1.0e-50,
2022/12/10 1:00,-2.8,92,,0.9,,0.4,“ì¼,,1.0e-50,
2022/12/10 2:00,-3.0,91,,1.2,,0.4,“ì,,1.0e-50,
2022/12/10 3:00,-3.3,92,,1.5,,0.2,“ì“Œ,,1.0e-50,
2022/12/10 4:00,-3.5,92,,2.1,,0.4,–k,,1.0e-50,
2022/12/10 5:00,-3.6,90,,2.0,,1.0,–k,,1.0e-50,
2022/12/10 6:00,-3.4,92,,1.4,,1.3,–k,,1.0e-50,
2022/12/10 7:00,-2.9,91,,3.2,,2.0,–k,,1.0e-50,
2022/12/10 8:00,-2.5,84,,2.2,,2.3,–k,,0.01,
2022/12/10 9:00,-1.5,84,,1.9,,1.8,–k,,0.01,
2022/12/10 10:00,-1.8,83,,4.1,,1.9,–k,,0.01,
2022/12/10 11:00,-2.1,80,,5.0,,2.9,–k–k“Œ,,0.01,
2022/12/10 12:00,-1.5,72,,1.7,,3.5,–k–k¼,,0.01,
2022/12/10 13:00,-1.7,78,,2.2,,3.6,–k–k¼,,0.01,
2022/12/10 14:00,-1.5,74,,2.4,,4.3,–k¼,,0.01,
2022/12/10 15:00,-1.7,70,,1.7,,4.0,–k¼,,0.01,
2022/12/10 16:00,-2.1,66,,0.8,,3.9,¼–k¼,,0.01,
2022/12/10 17:00,-2.4,64,,0.5,,3.9,¼–k¼,,1.0e-50,
2022/12/10 18:00,-3.1,61,,0.4,,4.0,¼–k¼,,1.0e-50,
2022/12/10 19:00,-3.1,61,,0.2,,3.8,¼–k¼,,1.0e-50,
2022/12/10 20:00,-2.9,59,,0.2,,3.4,¼–k¼,,1.0e-50,
2022/12/10 21:00,-3.7,67,,0.1,,2.9,¼–k¼,,1.0e-50,
2022/12/10 22:00,-3.3,64,,0.5,,3.2,–k¼,,1.0e-50,
2022/12/10 23:00,-3.3,61,,0.4,,3.2,–k¼,,1.0e-50,
2022/12/11 0:00,-3.7,66,,0.4,,3.1,¼–k¼,,1.0e-50,
2022/12/11 1:00,-3.8,66,,0.6,,3.2,¼–k¼,,1.0e-50,
2022/12/11 2:00,-3.9,65,,0.5,,3.1,¼–k¼,,1.0e-50,
2022/12/11 3:00,-4.5,66,,0.8,,2.8,¼–k¼,,1.0e-50,
2022/12/11 4:00,-4.2,68,,0.7,,2.8,¼–k¼,,1.0e-50,
2022/12/11 5:00,-3.8,65,,0.8,,2.9,–k¼,,1.0e-50,
2022/12/11 6:00,-4.2,64,,0.6,,2.7,–k¼,,1.0e-50,
2022/12/11 7:00,-4.0,62,,0.3,,3.1,–k¼,,1.0e-50,
2022/12/11 8:00,-3.7,60,,0.3,,3.6,–k¼,,0.01,
2022/12/11 9:00,-3.6,58,,0.2,,4.6,–k¼,,0.01,
2022/12/11 10:00,-3.4,56,,0.1,,5.0,–k¼,,0.01,
2022/12/11 11:00,-3.3,56,,0.1,,5.0,–k¼,,0.01,
2022/12/11 12:00,-3.4,54,,0.3,,5.1,–k¼,,0.01,
2022/12/11 13:00,-3.5,54,,0.1,,5.0,–k¼,,0.01,
2022/12/11 14:00,-3.6,58,,0.3,,4.8,–k¼,,0.01,
2022/12/11 15:00,-4.0,61,,0.3,,4.2,–k¼,,0.01,
2022/12/11 16:00,-4.1,59,,0.2,,4.1,–k¼,,0.01,
2022/12/11 17:00,-4.1,58,,0.2,,4.2,–k¼,,1.0e-50,
2022/12/11 18:00,-4.3,59,,0.2,,3.8,–k¼,,1.0e-50,
2022/12/11 19:00,-4.2,60,,0.2,,3.6,–k¼,,1.0e-50,
2022/12/11 20:00,-4.1,64,,0.3,,3.1,–k¼,,1.0e-50,
2022/12/11 21:00,-4.4,67,,0.5,,2.7,–k¼,,1.0e-50,
2022/12/11 22:00,-4.4,71,,0.5,,2.3,–k–k¼,,1.0e-50,
2022/12/11 23:00,-4.6,73,,0.6,,1.6,–k–k¼,,1.0e-50,
2022/12/12 0:00,-5.7,76,,0.5,,0.6,–k,,1.0e-50,
2022/12/12 1:00,-5.9,77,,0.3,,0.5,–k–k¼,,1.0e-50,
2022/12/12 2:00,-5.9,78,,0.4,,0.5,–k¼,,1.0e-50,
2022/12/12 3:00,-6.1,76,,0.3,,1.3,¼–k¼,,1.0e-50,
2022/12/12 4:00,-5.6,75,,0.1,,1.5,¼–k¼,,1.0e-50,
2022/12/12 5:00,-5.2,72,,0.1,,1.8,–k¼,,1.0e-50,
2022/12/12 6:00,-6.4,78,,0.2,,0.7,¼–k¼,,1.0e-50,
2022/12/12 7:00,-6.4,79,,0.3,,0.6,¼,,1.0e-50,
2022/12/12 8:00,-6.1,80,,0.3,,0.3,¼,,0.01,
2022/12/12 9:00,-4.2,72,,0.3,,1.0,¼–k¼,,0.01,
2022/12/12 10:00,-2.7,64,,0.1,,1.6,¼–k¼,,0.01,
2022/12/12 11:00,-1.8,58,,0.0,,2.1,–k¼,,0.01,
2022/12/12 12:00,-1.2,52,,0.0,,2.8,–k¼,,0.01,
2022/12/12 13:00,-1.1,53,,0.0,,2.6,–k¼,,0.01,
2022/12/12 14:00,-1.2,58,,0.0,,2.1,–k¼,,0.01,
2022/12/12 15:00,-1.5,64,,0.0,,1.0,–k¼,,0.01,
2022/12/12 16:00,-3.0,67,,0.0,,1.4,¼“ì¼,,0.01,
2022/12/12 17:00,-4.2,65,,0.0,,1.9,¼“ì¼,,1.0e-50,
2022/12/12 18:00,-5.5,70,,0.0,,1.6,“ì¼,,1.0e-50,
2022/12/12 19:00,-6.0,71,,0.0,,1.7,“ì¼,,1.0e-50,
2022/12/12 20:00,-6.2,71,,0.0,,1.6,“ì¼,,1.0e-50,
2022/12/12 21:00,-6.5,70,,0.0,,1.3,“ì¼,,1.0e-50,
2022/12/12 22:00,-6.3,69,,0.0,,1.3,“ì“ì¼,,1.0e-50,
2022/12/12 23:00,-6.3,70,,0.0,,1.5,“ì,,1.0e-50,
2022/12/13 0:00,-6.1,72,,0.0,,1.5,“ì“ì“Œ,,1.0e-50,
2022/12/13 1:00,-5.7,74,,0.0,,1.6,“ì“Œ,,1.0e-50,
2022/12/13 2:00,-5.2,75,,0.0,,1.8,“ì“ì“Œ,,1.0e-50,
2022/12/13 3:00,-5.1,74,,0.0,,1.8,“ì“ì“Œ,,1.0e-50,
2022/12/13 4:00,-4.5,75,,0.0,,1.9,“ì“Œ,,1.0e-50,
2022/12/13 5:00,-3.8,76,,0.2,,2.3,“ì“Œ,,1.0e-50,
2022/12/13 6:00,-2.8,75,,0.4,,2.7,“ì“ì“Œ,,1.0e-50,
2022/12/13 7:00,-2.0,82,,0.7,,3.2,“ì“Œ,,1.0e-50,
2022/12/13 8:00,-0.3,88,,0.8,,3.5,“ì“Œ,,0.01,
2022/12/13 9:00,2.0,90,,0.4,,3.6,“ì“Œ,,0.01,
2022/12/13 10:00,4.5,80,,0.2,,3.1,“ì“ì“Œ,,0.01,
2022/12/13 11:00,6.5,64,,0.0,,3.2,“ì,,0.01,
2022/12/13 12:00,6.3,62,,0.0,,3.4,¼“ì¼,,0.01,
2022/12/13 13:00,5.3,59,,0.0,,4.6,¼,,0.01,
2022/12/13 14:00,4.1,62,,0.0,,3.9,¼–k¼,,0.01,
2022/12/13 15:00,3.5,68,,0.0,,1.6,–k¼,,0.01,
2022/12/13 16:00,1.7,75,,0.0,,1.6,–k¼,,0.01,
2022/12/13 17:00,0.3,79,,0.0,,1.6,¼,,1.0e-50,
2022/12/13 18:00,-0.9,81,,0.0,,1.5,¼“ì¼,,1.0e-50,
2022/12/13 19:00,-1.1,80,,0.0,,1.5,“ì¼,,1.0e-50,
2022/12/13 20:00,-1.4,79,,0.0,,1.7,“ì¼,,1.0e-50,
2022/12/13 21:00,-1.7,78,,0.0,,1.6,¼“ì¼,,1.0e-50,
2022/12/13 22:00,-2.2,79,,0.0,,1.9,¼“ì¼,,1.0e-50,
2022/12/13 23:00,-2.3,77,,0.0,,2.1,¼“ì¼,,1.0e-50,
2022/12/14 0:00,-2.9,77,,0.0,,2.0,¼“ì¼,,1.0e-50,
2022/12/14 1:00,-2.8,75,,0.0,,2.1,¼,,1.0e-50,
2022/12/14 2:00,-3.1,74,,0.0,,2.0,¼“ì¼,,1.0e-50,
2022/12/14 3:00,-4.4,75,,0.0,,1.6,¼“ì¼,,1.0e-50,
2022/12/14 4:00,-5.4,78,,0.0,,1.2,“ì¼,,1.0e-50,
2022/12/14 5:00,-5.1,74,,0.0,,1.7,“ì“ì¼,,1.0e-50,
2022/12/14 6:00,-5.4,72,,0.0,,1.7,“ì,,1.0e-50,
2022/12/14 7:00,-5.3,70,,0.0,,1.7,“ì“ì¼,,1.0e-50,
2022/12/14 8:00,-4.7,69,,0.0,,1.4,“ì“ì¼,,0.01,
2022/12/14 9:00,-4.1,74,,0.0,,0.5,“Œ“ì“Œ,,0.01,
2022/12/14 10:00,-2.8,71,,0.0,,0.7,“Œ“ì“Œ,,0.01,
2022/12/14 11:00,-1.7,68,,0.0,,0.4,–k,,0.01,
2022/12/14 12:00,-0.8,69,,0.0,,1.3,–k,,0.01,
2022/12/14 13:00,-0.5,70,,0.0,,1.6,–k–k“Œ,,0.01,
2022/12/14 14:00,-0.5,68,,0.0,,2.0,–k–k“Œ,,0.01,
2022/12/14 15:00,-0.7,72,,0.0,,1.9,–k–k“Œ,,0.01,
2022/12/14 16:00,-1.5,72,,0.0,,1.7,–k,,0.01,
2022/12/14 17:00,-1.9,68,,0.1,,1.9,–k,,1.0e-50,
2022/12/14 18:00,-2.5,68,,0.1,,2.0,–k,,1.0e-50,
2022/12/14 19:00,-2.8,68,,0.0,,1.6,–k,,1.0e-50,
2022/12/14 20:00,-3.5,67,,0.0,,1.6,–k–k¼,,1.0e-50,
2022/12/14 21:00,-4.2,71,,0.0,,1.5,–k,,1.0e-50,
2022/12/14 22:00,-4.7,72,,0.1,,1.5,–k,,1.0e-50,
2022/12/14 23:00,-5.2,75,,0.3,,1.3,–k,,1.0e-50,
2022/12/15 0:00,-5.9,81,,0.6,,0.7,–k,,1.0e-50,
2022/12/15 1:00,-6.3,82,,0.8,,0.8,–k,,1.0e-50,
2022/12/15 2:00,-7.1,83,,0.7,,0.5,–k“Œ,,1.0e-50,
2022/12/15 3:00,-7.8,82,,0.4,,0.4,“ì¼,,1.0e-50,
2022/12/15 4:00,-8.2,81,,0.3,,0.5,“ì“Œ,,1.0e-50,
2022/12/15 5:00,-8.1,80,,0.4,,1.0,“ì“ì“Œ,,1.0e-50,
2022/12/15 6:00,-7.9,79,,0.5,,0.9,“ì,,1.0e-50,
2022/12/15 7:00,-8.3,81,,0.3,,0.6,“ì“ì¼,,1.0e-50,
2022/12/15 8:00,-8.1,79,,0.1,,0.7,“ì“ì¼,,0.01,
2022/12/15 9:00,-6.4,73,,0.0,,0.8,“ì“Œ,,0.01,
2022/12/15 10:00,-5.5,65,,0.0,,1.2,“Œ“ì“Œ,,0.01,
2022/12/15 11:00,-4.9,59,,0.0,,1.7,“Œ“ì“Œ,,0.01,
2022/12/15 12:00,-4.4,60,,0.0,,1.9,“Œ,,0.01,
2022/12/15 13:00,-4.4,61,,0.1,,1.9,“Œ“ì“Œ,,0.01,
2022/12/15 14:00,-4.5,64,,0.0,,1.8,“Œ“ì“Œ,,0.01,
2022/12/15 15:00,-4.0,69,,0.1,,1.7,“Œ“ì“Œ,,0.01,
2022/12/15 16:00,-4.9,77,,0.1,,1.4,“Œ“ì“Œ,,0.01,
2022/12/15 17:00,-5.9,82,,0.0,,1.6,“ì“Œ,,1.0e-50,
2022/12/15 18:00,-5.7,83,,0.3,,1.7,“ì“Œ,,1.0e-50,
2022/12/15 19:00,-6.9,86,,0.2,,0.6,“Œ,,1.0e-50,
2022/12/15 20:00,-6.1,85,,1.3,,2.0,–k–k¼,,1.0e-50,
2022/12/15 21:00,-6.7,84,,0.4,,1.5,–k¼,,1.0e-50,
2022/12/15 22:00,-6.7,82,,0.2,,1.6,–k–k¼,,1.0e-50,
2022/12/15 23:00,-6.6,78,,0.3,,1.4,–k–k¼,,1.0e-50,
2022/12/16 0:00,-6.8,82,,0.2,,0.9,¼“ì¼,,1.0e-50,
2022/12/16 1:00,-6.8,86,,3.2,,0.5,“ì¼,,1.0e-50,
2022/12/16 2:00,-7.4,86,,2.2,,0.5,“ì“ì¼,,1.0e-50,
2022/12/16 3:00,-7.7,75,,0.7,,1.3,“ì¼,,1.0e-50,
2022/12/16 4:00,-8.1,71,,0.0,,1.4,“ì¼,,1.0e-50,
2022/12/16 5:00,-8.2,71,,0.0,,1.6,“ì¼,,1.0e-50,
2022/12/16 6:00,-8.5,70,,0.0,,1.5,“ì¼,,1.0e-50,
2022/12/16 7:00,-8.4,72,,0.0,,1.5,“ì¼,,1.0e-50,
2022/12/16 8:00,-7.5,73,,0.0,,1.5,“ì¼,,0.01,
2022/12/16 9:00,-6.3,70,,0.0,,1.0,“ì“ì¼,,0.01,
2022/12/16 10:00,-4.2,63,,0.0,,1.0,¼,,0.01,
2022/12/16 11:00,-2.9,53,,0.0,,2.1,¼–k¼,,0.01,
2022/12/16 12:00,-2.6,52,,0.0,,1.7,–k¼,,0.01,
2022/12/16 13:00,-2.6,52,,0.0,,2.2,–k¼,,0.01,
2022/12/16 14:00,-2.8,54,,0.0,,2.3,¼–k¼,,0.01,
2022/12/16 15:00,-3.3,57,,0.0,,1.9,–k¼,,0.01,
2022/12/16 16:00,-4.4,63,,0.0,,1.5,¼–k¼,,0.01,
2022/12/16 17:00,-5.5,63,,0.0,,1.6,¼,,1.0e-50,
2022/12/16 18:00,-6.5,67,,0.0,,1.7,¼“ì¼,,1.0e-50,
2022/12/16 19:00,-6.7,69,,0.0,,1.8,¼“ì¼,,1.0e-50,
2022/12/16 20:00,-6.7,69,,0.0,,1.8,¼“ì¼,,1.0e-50,
2022/12/16 21:00,-7.0,69,,0.0,,1.7,¼“ì¼,,1.0e-50,
2022/12/16 22:00,-7.1,69,,0.0,,1.8,¼“ì¼,,1.0e-50,
2022/12/16 23:00,-7.2,69,,0.0,,1.9,¼“ì¼,,1.0e-50,
2022/12/17 0:00,-7.0,69,,0.0,,1.9,¼“ì¼,,1.0e-50,
2022/12/17 1:00,-6.9,68,,0.0,,2.0,¼“ì¼,,1.0e-50,
2022/12/17 2:00,-7.0,67,,0.0,,2.0,¼,,1.0e-50,
2022/12/17 3:00,-7.0,65,,0.0,,2.2,¼,,1.0e-50,
2022/12/17 4:00,-7.0,63,,0.0,,2.4,¼,,1.0e-50,
2022/12/17 5:00,-6.9,64,,0.0,,2.4,¼–k¼,,1.0e-50,
2022/12/17 6:00,-7.6,65,,0.0,,2.1,¼,,1.0e-50,
2022/12/17 7:00,-7.5,66,,0.0,,2.2,¼,,1.0e-50,
2022/12/17 8:00,-6.8,68,,0.0,,2.1,¼,,0.01,
2022/12/17 9:00,-5.1,65,,0.0,,1.9,¼,,0.01,
2022/12/17 10:00,-3.4,57,,0.0,,3.3,¼–k¼,,0.01,
2022/12/17 11:00,-2.8,54,,0.0,,3.7,¼–k¼,,0.01,
2022/12/17 12:00,-2.6,53,,0.0,,3.8,¼–k¼,,0.01,
2022/12/17 13:00,-2.5,52,,0.0,,3.6,¼–k¼,,0.01,
2022/12/17 14:00,-2.5,52,,0.0,,3.3,¼–k¼,,0.01,
2022/12/17 15:00,-2.8,56,,0.0,,2.2,¼–k¼,,0.01,
2022/12/17 16:00,-4.0,64,,0.0,,1.8,¼–k¼,,0.01,
2022/12/17 17:00,-5.0,68,,0.0,,1.8,¼–k¼,,1.0e-50,
2022/12/17 18:00,-5.8,70,,0.0,,1.5,¼“ì¼,,1.0e-50,
2022/12/17 19:00,-6.4,72,,0.0,,1.5,¼“ì¼,,1.0e-50,
2022/12/17 20:00,-6.6,73,,0.0,,1.6,¼,,1.0e-50,
2022/12/17 21:00,-6.4,72,,0.0,,1.5,“ì¼,,1.0e-50,
2022/12/17 22:00,-7.0,73,,0.0,,1.4,¼“ì¼,,1.0e-50,
2022/12/17 23:00,-7.5,74,,0.0,,1.2,¼“ì¼,,1.0e-50,
2022/12/18 0:00,-7.0,74,,0.0,,1.5,¼“ì¼,,1.0e-50,
2022/12/18 1:00,-7.4,75,,0.0,,1.3,“ì¼,,1.0e-50,
2022/12/18 2:00,-7.3,74,,0.0,,1.6,“ì“ì¼,,1.0e-50,
2022/12/18 3:00,-8.0,77,,0.0,,1.5,“ì“ì¼,,1.0e-50,
2022/12/18 4:00,-8.3,78,,0.0,,1.4,“ì,,1.0e-50,
2022/12/18 5:00,-8.2,79,,0.0,,1.6,“ì“ì“Œ,,1.0e-50,
2022/12/18 6:00,-8.5,80,,0.0,,1.0,“ì,,1.0e-50,
2022/12/18 7:00,-8.5,80,,0.0,,0.9,“ì“ì“Œ,,1.0e-50,
2022/12/18 8:00,-7.4,80,,0.0,,0.7,“ì“ì“Œ,,0.01,
2022/12/18 9:00,-3.4,80,,0.0,,1.2,“ì“ì“Œ,,0.01,
2022/12/18 10:00,0.2,77,,0.0,,0.2,–k–k¼,,0.01,
2022/12/18 11:00,4.2,66,,0.0,,2.1,¼–k¼,,0.01,
2022/12/18 12:00,5.8,62,,0.0,,2.8,¼,,0.01,
2022/12/18 13:00,6.2,60,,0.0,,4.2,¼–k¼,,0.01,
2022/12/18 14:00,5.6,59,,0.0,,4.2,¼–k¼,,0.01,
2022/12/18 15:00,4.8,61,,0.0,,3.4,¼–k¼,,0.01,
2022/12/18 16:00,3.3,65,,0.0,,2.8,¼–k¼,,0.01,
2022/12/18 17:00,1.9,68,,0.0,,2.5,¼–k¼,,1.0e-50,
2022/12/18 18:00,1.2,72,,0.0,,2.2,¼–k¼,,1.0e-50,
2022/12/18 19:00,0.8,72,,0.0,,2.3,¼–k¼,,1.0e-50,
2022/12/18 20:00,0.5,73,,0.0,,2.4,¼–k¼,,1.0e-50,
2022/12/18 21:00,0.2,75,,0.0,,2.1,¼,,1.0e-50,
2022/12/18 22:00,-0.1,75,,0.0,,2.2,¼–k¼,,1.0e-50,
2022/12/18 23:00,-0.2,72,,0.0,,2.5,¼–k¼,,1.0e-50,
2022/12/19 0:00,-0.4,70,,0.0,,2.7,–k¼,,1.0e-50,
2022/12/19 1:00,-0.0,68,,0.0,,2.8,–k¼,,1.0e-50,
2022/12/19 2:00,-0.3,67,,0.0,,2.7,–k¼,,1.0e-50,
2022/12/19 3:00,-1.6,67,,0.0,,2.6,¼–k¼,,1.0e-50,
2022/12/19 4:00,-1.9,66,,0.0,,2.3,¼–k¼,,1.0e-50,
2022/12/19 5:00,-2.2,66,,0.0,,2.4,¼–k¼,,1.0e-50,
2022/12/19 6:00,-2.4,64,,0.0,,2.5,¼–k¼,,1.0e-50,
2022/12/19 7:00,-2.6,64,,0.0,,2.3,¼–k¼,,1.0e-50,
2022/12/19 8:00,-2.1,66,,0.0,,2.3,¼–k¼,,0.01,
2022/12/19 9:00,-1.0,63,,0.0,,1.7,¼–k¼,,0.01,
2022/12/19 10:00,1.2,61,,0.0,,1.8,–k¼,,0.01,
2022/12/19 11:00,2.8,56,,0.0,,2.7,–k¼,,0.01,
2022/12/19 12:00,3.6,54,,0.0,,2.3,–k¼,,0.01,
2022/12/19 13:00,3.8,56,,0.0,,2.5,–k¼,,0.01,
2022/12/19 14:00,3.6,61,,0.0,,2.3,–k¼,,0.01,
2022/12/19 15:00,2.8,75,,0.0,,0.4,–k¼,,0.01,
2022/12/19 16:00,0.6,76,,0.0,,1.3,¼“ì¼,,0.01,
2022/12/19 17:00,-0.9,70,,0.0,,1.7,¼“ì¼,,1.0e-50,
2022/12/19 18:00,-2.3,69,,0.0,,1.4,¼,,1.0e-50,
2022/12/19 19:00,-3.4,72,,0.0,,1.3,¼,,1.0e-50,
2022/12/19 20:00,-3.8,67,,0.0,,1.6,“ì¼,,1.0e-50,
2022/12/19 21:00,-3.9,61,,0.0,,1.7,“ì¼,,1.0e-50,
2022/12/19 22:00,-4.3,63,,0.0,,1.8,“ì¼,,1.0e-50,
2022/12/19 23:00,-4.9,67,,0.0,,1.6,“ì¼,,1.0e-50,
2022/12/20 0:00,-5.4,71,,0.0,,1.5,“ì¼,,1.0e-50,
2022/12/20 1:00,-5.4,70,,0.0,,1.6,“ì“ì¼,,1.0e-50,
2022/12/20 2:00,-5.0,69,,0.0,,1.8,“ì“ì¼,,1.0e-50,
2022/12/20 3:00,-5.3,69,,0.0,,1.5,“ì“ì¼,,1.0e-50,
2022/12/20 4:00,-5.7,71,,0.0,,1.5,“ì“ì¼,,1.0e-50,
2022/12/20 5:00,-6.2,74,,0.0,,1.6,“ì¼,,1.0e-50,
2022/12/20 6:00,-6.2,76,,0.0,,1.6,“ì“ì¼,,1.0e-50,
2022/12/20 7:00,-5.4,78,,0.0,,2.0,“ì“ì¼,,1.0e-50,
2022/12/20 8:00,-3.9,80,,0.0,,2.0,“ì“ì¼,,0.01,
2022/12/20 9:00,-1.7,82,,0.0,,1.3,“ì“ì“Œ,,0.01,
2022/12/20 10:00,-0.1,82,,0.0,,0.8,“Œ“ì“Œ,,0.01,
2022/12/20 11:00,1.6,78,,0.0,,0.7,“Œ,,0.01,
2022/12/20 12:00,2.4,76,,0.0,,0.4,–k“Œ,,0.01,
2022/12/20 13:00,2.8,78,,0.1,,1.3,–k,,0.01,
2022/12/20 14:00,3.1,81,,0.2,,1.5,–k–k¼,,0.01,
2022/12/20 15:00,3.1,78,,0.0,,2.3,–k–k¼,,0.01,
2022/12/20 16:00,2.1,79,,0.0,,2.2,–k¼,,0.01,
2022/12/20 17:00,0.9,81,,0.0,,1.9,¼–k¼,,1.0e-50,
2022/12/20 18:00,0.2,82,,0.0,,1.9,¼–k¼,,1.0e-50,
2022/12/20 19:00,-0.5,83,,0.0,,1.7,¼,,1.0e-50,
2022/12/20 20:00,-1.3,84,,0.0,,1.6,¼,,1.0e-50,
2022/12/20 21:00,-1.6,85,,0.0,,1.5,¼,,1.0e-50,
2022/12/20 22:00,-1.8,85,,0.0,,1.5,¼“ì¼,,1.0e-50,
2022/12/20 23:00,-1.9,82,,0.0,,1.6,¼“ì¼,,1.0e-50,
2022/12/21 0:00,-2.8,81,,0.0,,1.6,¼“ì¼,,1.0e-50,
2022/12/21 1:00,-3.3,80,,0.0,,1.6,¼“ì¼,,1.0e-50,
2022/12/21 2:00,-3.3,78,,0.0,,1.8,¼“ì¼,,1.0e-50,
2022/12/21 3:00,-3.6,77,,0.0,,1.9,¼“ì¼,,1.0e-50,
2022/12/21 4:00,-4.2,81,,0.0,,1.7,¼“ì¼,,1.0e-50,
2022/12/21 5:00,-4.6,83,,0.0,,1.6,¼“ì¼,,1.0e-50,
2022/12/21 6:00,-4.9,84,,0.0,,1.6,“ì“ì¼,,1.0e-50,
2022/12/21 7:00,-4.6,85,,0.0,,1.7,“ì“ì¼,,1.0e-50,
2022/12/21 8:00,-3.8,85,,0.0,,1.5,“ì,,0.01,
2022/12/21 9:00,-1.3,81,,0.0,,1.5,“ì“ì“Œ,,0.01,
2022/12/21 10:00,0.4,79,,0.0,,1.3,“ì“Œ,,0.01,
2022/12/21 11:00,1.8,77,,0.0,,1.4,“ì“Œ,,0.01,
2022/12/21 12:00,3.4,74,,0.0,,0.1,–k–k¼,,0.01,
2022/12/21 13:00,4.3,71,,0.0,,0.6,–k¼,,0.01,
2022/12/21 14:00,4.6,71,,0.0,,1.0,–k¼,,0.01,
2022/12/21 15:00,2.9,78,,0.0,,1.3,–k–k¼,,0.01,
2022/12/21 16:00,1.4,83,,0.0,,1.3,–k¼,,0.01,
2022/12/21 17:00,0.6,80,,0.0,,1.5,¼–k¼,,1.0e-50,
2022/12/21 18:00,0.4,79,,0.0,,1.4,¼–k¼,,1.0e-50,
2022/12/21 19:00,0.2,78,,0.0,,1.4,¼–k¼,,1.0e-50,
2022/12/21 20:00,-0.1,79,,0.0,,1.3,¼,,1.0e-50,
2022/12/21 21:00,-0.1,78,,0.0,,1.8,¼–k¼,,1.0e-50,
2022/12/21 22:00,-0.1,80,,0.0,,1.8,–k¼,,1.0e-50,
2022/12/21 23:00,-0.3,80,,0.0,,1.5,–k¼,,1.0e-50,
2022/12/22 0:00,-0.9,81,,0.0,,1.3,¼–k¼,,1.0e-50,
2022/12/22 1:00,-1.6,84,,0.0,,0.9,¼–k¼,,1.0e-50,
2022/12/22 2:00,-2.4,86,,0.0,,0.7,¼,,1.0e-50,
2022/12/22 3:00,-3.2,86,,0.0,,0.5,¼“ì¼,,1.0e-50,
2022/12/22 4:00,-3.3,85,,0.0,,0.5,“ì¼,,1.0e-50,
2022/12/22 5:00,-3.7,85,,0.0,,0.5,“ì¼,,1.0e-50,
2022/12/22 6:00,-3.5,83,,0.0,,1.1,“ì¼,,1.0e-50,
2022/12/22 7:00,-3.2,83,,0.0,,1.3,¼“ì¼,,1.0e-50,
2022/12/22 8:00,-3.0,82,,0.0,,1.1,¼“ì¼,,0.01,
2022/12/22 9:00,-2.3,81,,0.0,,1.0,“ì“ì¼,,0.01,
2022/12/22 10:00,-1.5,78,,0.1,,1.3,“ì“ì“Œ,,0.01,
2022/12/22 11:00,-1.4,82,,0.7,,1.2,“Œ“ì“Œ,,0.01,
2022/12/22 12:00,-1.6,84,,1.3,,1.2,“Œ“ì“Œ,,0.01,
2022/12/22 13:00,-1.5,86,,1.7,,1.0,“Œ,,0.01,
2022/12/22 14:00,-1.5,89,,2.1,,0.6,“Œ“ì“Œ,,0.01,
2022/12/22 15:00,-1.6,90,,2.4,,0.4,“ì¼,,0.01,
2022/12/22 16:00,-1.4,91,,2.7,,1.1,¼“ì¼,,0.01,
2022/12/22 17:00,-1.4,92,,2.8,,0.8,¼“ì¼,,1.0e-50,
2022/12/22 18:00,-1.8,93,,3.8,,0.5,¼“ì¼,,1.0e-50,
2022/12/22 19:00,-1.9,93,,3.2,,0.5,“ì“ì¼,,1.0e-50,
2022/12/22 20:00,-2.0,93,,3.7,,0.4,¼“ì¼,,1.0e-50,
2022/12/22 21:00,-2.2,92,,3.2,,0.6,“ì¼,,1.0e-50,
2022/12/22 22:00,-2.4,93,,3.4,,0.2,“ì“ì“Œ,,1.0e-50,
2022/12/22 23:00,-2.3,93,,3.0,,0.5,“ì“ì“Œ,,1.0e-50,
2022/12/23 0:00,-2.2,91,,2.2,,1.3,“ì,,1.0e-50,
2022/12/23 1:00,-2.1,92,,2.5,,0.9,“ì“Œ,,1.0e-50,
2022/12/23 2:00,-1.9,92,,1.3,,1.1,“ì“Œ,,1.0e-50,
2022/12/23 3:00,-1.9,90,,1.5,,1.5,“ì“Œ,,1.0e-50,
2022/12/23 4:00,-1.4,91,,1.2,,2.0,“Œ“ì“Œ,,1.0e-50,
2022/12/23 5:00,-1.1,92,,1.6,,1.9,“Œ“ì“Œ,,1.0e-50,
2022/12/23 6:00,-1.4,91,,0.8,,1.1,–k–k“Œ,,1.0e-50,
2022/12/23 7:00,-1.5,92,,0.9,,1.3,“Œ,,1.0e-50,
2022/12/23 8:00,-1.2,91,,0.5,,1.1,“Œ“ì“Œ,,0.01,
2022/12/23 9:00,-1.1,88,,0.5,,0.3,–k“Œ,,0.01,
2022/12/23 10:00,-0.8,86,,1.1,,1.4,“Œ–k“Œ,,0.01,
2022/12/23 11:00,-0.8,84,,1.3,,2.4,–k“Œ,,0.01,
2022/12/23 12:00,-1.5,82,,1.5,,2.2,–k–k“Œ,,0.01,
2022/12/23 13:00,-1.5,82,,1.8,,2.7,–k–k“Œ,,0.01,
2022/12/23 14:00,-1.7,82,,1.7,,2.8,–k–k“Œ,,0.01,
2022/12/23 15:00,-2.4,79,,1.5,,2.8,–k,,0.01,
2022/12/23 16:00,-2.7,79,,1.5,,2.5,–k,,0.01,
2022/12/23 17:00,-3.0,79,,1.8,,2.6,–k,,1.0e-50,
2022/12/23 18:00,-3.2,76,,1.2,,3.0,–k,,1.0e-50,
2022/12/23 19:00,-3.4,74,,1.0,,2.8,–k,,1.0e-50,
2022/12/23 20:00,-3.6,72,,0.8,,3.0,–k,,1.0e-50,
2022/12/23 21:00,-3.6,67,,0.5,,3.3,–k,,1.0e-50,
2022/12/23 22:00,-3.8,65,,0.2,,3.6,–k,,1.0e-50,
2022/12/23 23:00,-3.9,64,,0.2,,3.6,–k,,1.0e-50,
2022/12/24 0:00,-4.0,61,,0.1,,3.4,–k,,1.0e-50,
2022/12/24 1:00,-4.3,58,,0.0,,3.4,–k,,1.0e-50,
2022/12/24 2:00,-4.7,59,,0.0,,3.4,–k,,1.0e-50,
2022/12/24 3:00,-5.4,60,,0.0,,3.5,–k,,1.0e-50,
2022/12/24 4:00,-6.3,57,,0.0,,3.1,–k–k“Œ,,1.0e-50,
2022/12/24 5:00,-7.2,54,,0.0,,2.7,–k–k“Œ,,1.0e-50,
2022/12/24 6:00,-7.8,56,,0.0,,2.2,–k–k“Œ,,1.0e-50,
2022/12/24 7:00,-8.1,56,,0.0,,1.9,–k–k“Œ,,1.0e-50,
2022/12/24 8:00,-8.2,59,,0.0,,1.8,–k–k“Œ,,0.01,
2022/12/24 9:00,-7.2,59,,0.0,,2.4,–k–k“Œ,,0.01,
2022/12/24 10:00,-6.5,55,,0.0,,2.3,–k–k“Œ,,0.01,
2022/12/24 11:00,-5.7,53,,0.0,,1.9,–k,,0.01,
2022/12/24 12:00,-4.4,55,,0.0,,1.9,–k,,0.01,
2022/12/24 13:00,-3.5,55,,0.0,,2.0,–k–k¼,,0.01,
2022/12/24 14:00,-3.0,57,,0.0,,1.4,–k–k¼,,0.01,
2022/12/24 15:00,-2.9,67,,0.0,,0.6,–k–k¼,,0.01,
2022/12/24 16:00,-4.2,75,,0.3,,0.6,“ì“ì“Œ,,0.01,
2022/12/24 17:00,-5.2,78,,0.5,,0.8,“ì“Œ,,1.0e-50,
2022/12/24 18:00,-5.6,79,,0.3,,0.7,“ì“ì¼,,1.0e-50,
2022/12/24 19:00,-5.6,82,,0.3,,0.8,“ì¼,,1.0e-50,
2022/12/24 20:00,-5.8,83,,0.3,,0.9,“ì¼,,1.0e-50,
2022/12/24 21:00,-5.6,81,,0.4,,1.0,¼“ì¼,,1.0e-50,
2022/12/24 22:00,-6.1,77,,0.1,,1.1,“ì¼,,1.0e-50,
2022/12/24 23:00,-6.6,73,,0.0,,1.6,¼“ì¼,,1.0e-50,
2022/12/25 0:00,-7.1,74,,0.0,,1.6,“ì¼,,1.0e-50,
2022/12/25 1:00,-7.3,72,,0.0,,1.7,“ì¼,,1.0e-50,
2022/12/25 2:00,-7.4,72,,0.0,,1.9,“ì¼,,1.0e-50,
2022/12/25 3:00,-7.4,73,,0.0,,1.9,“ì“ì¼,,1.0e-50,
2022/12/25 4:00,-6.9,74,,0.0,,1.9,“ì¼,,1.0e-50,
2022/12/25 5:00,-6.9,74,,0.0,,1.9,“ì¼,,1.0e-50,
2022/12/25 6:00,-6.9,74,,0.0,,1.9,“ì¼,,1.0e-50,
2022/12/25 7:00,-6.9,73,,0.0,,1.9,“ì¼,,1.0e-50,
2022/12/25 8:00,-6.4,72,,0.0,,1.8,¼“ì¼,,0.01,
2022/12/25 9:00,-4.1,72,,0.0,,1.3,¼“ì¼,,0.01,
2022/12/25 10:00,-1.4,64,,0.0,,1.7,¼–k¼,,0.01,
2022/12/25 11:00,0.1,55,,0.0,,3.4,¼–k¼,,0.01,
2022/12/25 12:00,0.3,51,,0.0,,3.5,¼–k¼,,0.01,
2022/12/25 13:00,0.3,51,,0.0,,3.7,¼–k¼,,0.01,
2022/12/25 14:00,-0.2,52,,0.0,,3.5,¼–k¼,,0.01,
2022/12/25 15:00,-0.7,58,,0.0,,2.0,¼–k¼,,0.01,
2022/12/25 16:00,-2.3,65,,0.0,,1.8,¼,,0.01,
2022/12/25 17:00,-3.6,66,,0.0,,2.0,¼“ì¼,,1.0e-50,
2022/12/25 18:00,-4.6,70,,0.0,,1.8,¼“ì¼,,1.0e-50,
2022/12/25 19:00,-5.1,70,,0.0,,1.6,“ì¼,,1.0e-50,
2022/12/25 20:00,-5.2,70,,0.0,,1.6,“ì¼,,1.0e-50,
2022/12/25 21:00,-4.8,70,,0.0,,1.9,“ì¼,,1.0e-50,
2022/12/25 22:00,-5.3,71,,0.0,,1.8,“ì“ì¼,,1.0e-50,
2022/12/25 23:00,-5.5,72,,0.0,,1.8,“ì,,1.0e-50,
2022/12/26 0:00,-5.5,73,,0.0,,1.6,“ì“ì“Œ,,1.0e-50,
2022/12/26 1:00,-5.2,74,,0.0,,1.6,“ì“ì“Œ,,1.0e-50,
2022/12/26 2:00,-5.1,75,,0.0,,1.6,“ì“ì“Œ,,1.0e-50,
2022/12/26 3:00,-4.6,76,,0.0,,1.8,“ì,,1.0e-50,
2022/12/26 4:00,-4.1,77,,0.0,,1.7,“ì“ì“Œ,,1.0e-50,
2022/12/26 5:00,-3.3,77,,0.0,,1.9,“ì“ì“Œ,,1.0e-50,
2022/12/26 6:00,-2.5,78,,0.0,,2.0,“ì“ì“Œ,,1.0e-50,
2022/12/26 7:00,-1.2,78,,0.0,,2.3,“ì“ì“Œ,,1.0e-50,
2022/12/26 8:00,0.1,80,,0.1,,2.4,“ì,,0.01,
2022/12/26 9:00,2.2,78,,0.2,,2.9,“ì,,0.01,
2022/12/26 10:00,3.9,74,,0.2,,2.8,“ì,,0.01,
2022/12/26 11:00,4.9,73,,0.3,,2.3,“ì,,0.01,
2022/12/26 12:00,5.5,74,,0.3,,2.2,“ì,,0.01,
2022/12/26 13:00,5.5,79,,0.5,,1.1,“ì,,0.01,
2022/12/26 14:00,4.9,85,,0.8,,1.6,–k,,0.01,
2022/12/26 15:00,3.7,90,,0.8,,1.5,–k,,0.01,
2022/12/26 16:00,3.2,91,,0.6,,1.0,–k–k“Œ,,0.01,
2022/12/26 17:00,2.5,93,,0.1,,0.4,–k–k“Œ,,0.01,
2022/12/26 18:00,2.3,89,,0.0,,1.7,–k,,1.0e-50,
2022/12/26 19:00,1.7,88,,0.2,,1.7,–k–k¼,,1.0e-50,
2022/12/26 20:00,1.3,89,,0.3,,1.5,–k–k¼,,1.0e-50,
2022/12/26 21:00,0.8,90,,0.3,,1.7,–k–k¼,,1.0e-50,
2022/12/26 22:00,0.5,88,,0.9,,1.9,–k–k¼,,1.0e-50,
2022/12/26 23:00,0.2,88,,0.8,,1.5,–k–k¼,,1.0e-50,
2022/12/27 0:00,-0.2,88,,0.7,,1.9,–k–k¼,,1.0e-50,
2022/12/27 1:00,-0.3,83,,1.1,,2.5,–k–k¼,,1.0e-50,
2022/12/27 2:00,-0.6,80,,0.7,,2.6,–k–k¼,,1.0e-50,
2022/12/27 3:00,-0.9,77,,0.4,,2.2,–k¼,,1.0e-50,
2022/12/27 4:00,-1.2,74,,0.2,,1.8,–k–k¼,,1.0e-50,
2022/12/27 5:00,-1.2,77,,0.2,,2.0,–k–k¼,,1.0e-50,
2022/12/27 6:00,-1.6,76,,0.4,,2.1,–k–k“Œ,,1.0e-50,
2022/12/27 7:00,-2.4,76,,0.2,,1.7,–k“Œ,,1.0e-50,
2022/12/27 8:00,-3.1,73,,0.2,,1.5,–k“Œ,,0.01,
2022/12/27 9:00,-3.0,72,,0.1,,1.5,–k,,0.01,
2022/12/27 10:00,-2.8,67,,0.0,,1.6,–k,,0.01,
2022/12/27 11:00,-2.5,62,,0.0,,1.8,–k,,0.01,
2022/12/27 12:00,-2.2,58,,0.0,,2.3,–k,,0.01,
2022/12/27 13:00,-2.1,55,,0.0,,2.7,–k–k“Œ,,0.01,
2022/12/27 14:00,-2.3,57,,0.0,,2.7,–k–k“Œ,,0.01,
2022/12/27 15:00,-2.7,63,,0.0,,2.2,–k–k“Œ,,0.01,
2022/12/27 16:00,-3.4,64,,0.0,,2.7,–k–k“Œ,,0.01,
2022/12/27 17:00,-4.2,59,,0.0,,3.0,–k–k“Œ,,0.01,
2022/12/27 18:00,-4.4,59,,0.0,,3.3,–k–k“Œ,,1.0e-50,
2022/12/27 19:00,-5.2,56,,0.0,,3.4,–k–k“Œ,,1.0e-50,
2022/12/27 20:00,-6.3,58,,0.0,,2.9,–k,,1.0e-50,
2022/12/27 21:00,-6.7,60,,0.0,,2.5,–k,,1.0e-50,
2022/12/27 22:00,-7.5,63,,0.0,,2.1,–k,,1.0e-50,
2022/12/27 23:00,-8.1,65,,0.0,,1.9,–k,,1.0e-50,
2022/12/28 0:00,-9.0,69,,0.0,,1.9,–k,,1.0e-50,
2022/12/28 1:00,-9.8,70,,0.0,,1.6,–k,,1.0e-50,
2022/12/28 2:00,-10.4,71,,0.0,,1.2,–k,,1.0e-50,
2022/12/28 3:00,-11.8,74,,0.0,,1.0,–k¼,,1.0e-50,
2022/12/28 4:00,-11.6,73,,0.0,,0.9,¼–k¼,,1.0e-50,
2022/12/28 5:00,-11.4,71,,0.0,,0.8,¼“ì¼,,1.0e-50,
2022/12/28 6:00,-10.6,65,,0.0,,1.3,¼“ì¼,,1.0e-50,
2022/12/28 7:00,-10.6,66,,0.0,,1.1,¼“ì¼,,1.0e-50,
2022/12/28 8:00,-10.3,65,,0.1,,1.2,“ì¼,,0.01,
2022/12/28 9:00,-8.9,67,,0.1,,0.5,“ì,,0.01,
2022/12/28 10:00,-7.8,56,,0.2,,0.9,“Œ,,0.01,
2022/12/28 11:00,-7.3,57,,0.3,,0.7,“Œ,,0.01,
2022/12/28 12:00,-5.8,62,,0.4,,0.9,–k–k“Œ,,0.01,
2022/12/28 13:00,-4.4,63,,0.3,,1.4,–k–k¼,,0.01,
2022/12/28 14:00,-3.3,60,,0.1,,2.7,–k¼,,0.01,
2022/12/28 15:00,-3.2,63,,0.1,,1.9,–k¼,,0.01,
2022/12/28 16:00,-4.5,70,,0.0,,1.2,¼,,0.01,
2022/12/28 17:00,-5.8,66,,0.0,,1.7,¼“ì¼,,0.01,
2022/12/28 18:00,-7.3,69,,0.0,,1.5,“ì¼,,1.0e-50,
2022/12/28 19:00,-8.1,72,,0.0,,1.4,“ì¼,,1.0e-50,
2022/12/28 20:00,-8.3,71,,0.0,,1.7,“ì,,1.0e-50,
2022/12/28 21:00,-8.6,70,,0.0,,1.6,“ì“ì“Œ,,1.0e-50,
2022/12/28 22:00,-8.9,74,,0.0,,1.8,“ì“ì“Œ,,1.0e-50,
2022/12/28 23:00,-8.9,77,,0.0,,1.9,“ì“ì“Œ,,1.0e-50,
2022/12/29 0:00,-8.2,78,,0.0,,1.9,“ì“ì“Œ,,1.0e-50,
2022/12/29 1:00,-7.6,79,,0.0,,1.9,“ì“ì“Œ,,1.0e-50,
2022/12/29 2:00,-6.9,81,,0.0,,2.1,“ì“ì“Œ,,1.0e-50,
2022/12/29 3:00,-6.0,81,,0.1,,2.2,“ì,,1.0e-50,
2022/12/29 4:00,-5.4,79,,0.0,,2.1,“ì,,1.0e-50,
2022/12/29 5:00,-5.1,77,,0.0,,2.0,“ì,,1.0e-50,
2022/12/29 6:00,-4.8,76,,0.0,,2.0,“ì,,1.0e-50,
2022/12/29 7:00,-4.2,73,,0.0,,1.7,“ì,,1.0e-50,
2022/12/29 8:00,-3.8,76,,0.1,,1.6,“ì,,0.01,
2022/12/29 9:00,-3.9,86,,0.3,,0.5,–k¼,,0.01,
2022/12/29 10:00,-2.4,85,,1.1,,2.2,–k¼,,0.01,
2022/12/29 11:00,-1.4,73,,0.4,,3.8,–k¼,,0.01,
2022/12/29 12:00,-1.9,68,,0.2,,4.3,–k¼,,0.01,
2022/12/29 13:00,-2.2,62,,0.1,,4.3,–k¼,,0.01,
2022/12/29 14:00,-2.5,54,,0.0,,4.2,–k¼,,0.01,
2022/12/29 15:00,-3.4,54,,0.0,,3.8,¼–k¼,,0.01,
2022/12/29 16:00,-4.5,56,,0.0,,3.0,¼–k¼,,0.01,
2022/12/29 17:00,-5.1,58,,0.1,,3.0,¼–k¼,,0.01,
2022/12/29 18:00,-5.5,59,,0.3,,2.7,¼,,1.0e-50,
2022/12/29 19:00,-5.3,59,,0.1,,2.8,¼,,1.0e-50,
2022/12/29 20:00,-5.3,58,,0.2,,3.0,¼–k¼,,1.0e-50,
2022/12/29 21:00,-5.4,56,,0.1,,2.8,¼,,1.0e-50,
2022/12/29 22:00,-5.5,59,,0.0,,2.7,¼,,1.0e-50,
2022/12/29 23:00,-5.7,62,,0.0,,2.7,¼–k¼,,1.0e-50,
2022/12/30 0:00,-5.8,60,,0.0,,2.9,¼,,1.0e-50,
2022/12/30 1:00,-5.7,59,,0.0,,3.0,¼,,1.0e-50,
2022/12/30 2:00,-5.6,61,,0.0,,2.7,¼,,1.0e-50,
2022/12/30 3:00,-5.7,66,,0.3,,2.4,¼,,1.0e-50,
2022/12/30 4:00,-5.4,69,,0.3,,2.4,¼–k¼,,1.0e-50,
2022/12/30 5:00,-5.5,69,,0.2,,2.2,¼–k¼,,1.0e-50,
2022/12/30 6:00,-5.9,64,,0.3,,2.4,¼,,1.0e-50,
2022/12/30 7:00,-5.9,62,,0.0,,2.7,¼,,1.0e-50,
2022/12/30 8:00,-5.9,63,,0.0,,2.5,¼,,0.01,
2022/12/30 9:00,-4.4,59,,0.0,,2.6,¼,,0.01,
2022/12/30 10:00,-3.2,55,,0.0,,3.7,¼–k¼,,0.01,
2022/12/30 11:00,-2.5,50,,0.0,,4.0,¼–k¼,,0.01,
2022/12/30 12:00,-1.5,50,,0.0,,3.5,¼–k¼,,0.01,
2022/12/30 13:00,-1.3,52,,0.0,,3.6,¼–k¼,,0.01,
2022/12/30 14:00,-1.6,52,,0.0,,3.5,¼,,0.01,
2022/12/30 15:00,-2.0,55,,0.0,,1.6,¼,,0.01,
2022/12/30 16:00,-3.7,67,,0.0,,1.1,¼–k¼,,0.01,
2022/12/30 17:00,-5.7,73,,0.0,,0.7,¼“ì¼,,0.01,
2022/12/30 18:00,-5.7,69,,0.0,,1.6,“ì“ì¼,,1.0e-50,
2022/12/30 19:00,-6.7,70,,0.0,,1.4,“ì“ì¼,,1.0e-50,
2022/12/30 20:00,-6.4,70,,0.0,,1.5,“ì“ì¼,,1.0e-50,
2022/12/30 21:00,-5.8,73,,0.0,,1.7,“ì“ì¼,,1.0e-50,
2022/12/30 22:00,-5.6,76,,0.2,,1.3,“ì¼,,1.0e-50,
2022/12/30 23:00,-5.3,79,,0.4,,1.4,¼“ì¼,,1.0e-50,
2022/12/31 0:00,-4.2,79,,0.3,,2.0,¼,,1.0e-50,
2022/12/31 1:00,-3.1,72,,0.3,,2.6,¼–k¼,,1.0e-50,
2022/12/31 2:00,-2.8,61,,0.2,,3.3,¼–k¼,,1.0e-50,
2022/12/31 3:00,-3.5,63,,0.1,,3.1,¼–k¼,,1.0e-50,
2022/12/31 4:00,-3.5,65,,0.1,,3.1,¼–k¼,,1.0e-50,
2022/12/31 5:00,-3.8,66,,0.1,,2.8,¼–k¼,,1.0e-50,
2022/12/31 6:00,-3.7,65,,0.1,,2.7,¼–k¼,,1.0e-50,
2022/12/31 7:00,-4.2,66,,0.1,,2.5,¼–k¼,,1.0e-50,
2022/12/31 8:00,-4.6,68,,0.0,,2.2,¼–k¼,,0.01,
2022/12/31 9:00,-3.1,66,,0.0,,2.5,¼–k¼,,0.01,
2022/12/31 10:00,-2.3,62,,0.1,,3.1,¼–k¼,,0.01,
2022/12/31 11:00,-1.9,59,,0.0,,3.2,–k¼,,0.01,
2022/12/31 12:00,-1.2,57,,0.0,,3.3,–k¼,,0.01,
2022/12/31 13:00,-1.2,58,,0.0,,3.2,–k¼,,0.01,
2022/12/31 14:00,-1.2,59,,0.0,,2.8,–k¼,,0.01,
2022/12/31 15:00,-1.4,62,,0.0,,2.0,–k¼,,0.01,
2022/12/31 16:00,-2.6,69,,0.0,,1.5,¼–k¼,,0.01,
2022/12/31 17:00,-4.0,68,,0.0,,1.7,¼,,0.01,
2022/12/31 18:00,-5.1,69,,0.0,,1.6,¼,,1.0e-50,
2022/12/31 19:00,-5.3,71,,0.0,,1.7,¼“ì¼,,1.0e-50,
2022/12/31 20:00,-5.1,73,,0.0,,1.8,¼“ì¼,,1.0e-50,
2022/12/31 21:00,-4.9,76,,0.0,,1.6,“ì¼,,1.0e-50,
2022/12/31 22:00,-4.9,77,,0.0,,1.6,“ì¼,,1.0e-50,
2022/12/31 23:00,-4.7,76,,0.0,,1.7,“ì¼,,1.0e-50,
2023/01/01 0:00,-4.4,78,,0.0,,1.8,“ì¼,,1.0e-50,
2023/01/01 1:00,-4.2,79,,0.0,,1.8,“ì“ì¼,,1.0e-50,
2023/01/01 2:00,-3.9,82,,0.0,,1.6,“ì,,1.0e-50,
2023/01/01 3:00,-3.6,88,,0.0,,1.8,“ì,,1.0e-50,
2023/01/01 4:00,-2.5,91,,0.1,,1.9,“ì“ì“Œ,,1.0e-50,
2023/01/01 5:00,-1.3,89,,0.3,,2.1,“ì“ì“Œ,,1.0e-50,
2023/01/01 6:00,-0.4,86,,0.4,,2.3,“ì“ì“Œ,,1.0e-50,
2023/01/01 7:00,-0.7,84,,0.2,,2.4,“ì,,1.0e-50,
2023/01/01 8:00,0.2,75,,0.1,,2.9,“ì“ì¼,,0.01,
2023/01/01 9:00,1.6,73,,0.1,,2.5,“ì“ì¼,,0.01,
2023/01/01 10:00,2.5,74,,0.3,,2.4,“ì,,0.01,
2023/01/01 11:00,2.7,77,,0.7,,1.6,“ì“ì¼,,0.01,
2023/01/01 12:00,2.5,56,,0.9,,4.4,¼“ì¼,,0.01,
2023/01/01 13:00,2.0,56,,0.2,,4.9,¼“ì¼,,0.01,
2023/01/01 14:00,1.0,60,,0.7,,4.9,¼“ì¼,,0.01,
2023/01/01 15:00,0.8,60,,1.2,,3.5,¼,,0.01,
2023/01/01 16:00,-0.2,64,,0.7,,3.0,¼,,0.01,
2023/01/01 17:00,-1.1,63,,0.6,,2.5,¼,,0.01,
2023/01/01 18:00,-2.4,73,,0.5,,1.8,“ì¼,,1.0e-50,
2023/01/01 19:00,-2.9,77,,1.3,,1.6,“ì¼,,1.0e-50,
2023/01/01 20:00,-3.2,78,,1.5,,1.8,¼“ì¼,,1.0e-50,
2023/01/01 21:00,-3.6,76,,1.4,,1.7,“ì¼,,1.0e-50,
2023/01/01 22:00,-3.9,80,,1.3,,1.6,“ì¼,,1.0e-50,
2023/01/01 23:00,-4.0,82,,1.6,,1.7,¼“ì¼,,1.0e-50,
2023/01/02 0:00,-3.9,79,,1.1,,1.6,¼“ì¼,,1.0e-50,
2023/01/02 1:00,-3.5,78,,1.1,,2.2,¼,,1.0e-50,
2023/01/02 2:00,-3.4,70,,0.7,,2.8,¼,,1.0e-50,
2023/01/02 3:00,-5.3,75,,0.5,,2.0,¼“ì¼,,1.0e-50,
2023/01/02 4:00,-5.2,75,,0.7,,2.3,¼,,1.0e-50,
2023/01/02 5:00,-4.5,70,,0.6,,2.9,¼,,1.0e-50,
2023/01/02 6:00,-4.4,64,,0.1,,3.4,¼–k¼,,1.0e-50,
2023/01/02 7:00,-3.9,59,,0.1,,4.0,¼–k¼,,1.0e-50,
2023/01/02 8:00,-3.7,59,,0.1,,4.3,¼,,0.01,
2023/01/02 9:00,-3.0,64,,0.8,,4.0,¼–k¼,,0.01,
2023/01/02 10:00,-2.0,60,,0.7,,4.7,¼–k¼,,0.01,
2023/01/02 11:00,-1.7,53,,0.2,,5.5,¼–k¼,,0.01,
2023/01/02 12:00,-2.0,54,,0.1,,5.7,¼–k¼,,0.01,
2023/01/02 13:00,-2.3,52,,0.1,,6.0,¼–k¼,,0.01,
2023/01/02 14:00,-2.7,51,,0.1,,5.8,¼–k¼,,0.01,
2023/01/02 15:00,-3.0,56,,0.1,,4.8,¼–k¼,,0.01,
2023/01/02 16:00,-3.4,57,,0.2,,4.0,¼–k¼,,0.01,
2023/01/02 17:00,-3.8,66,,0.6,,3.1,¼–k¼,,0.01,
2023/01/02 18:00,-4.3,59,,0.2,,3.4,¼,,1.0e-50,
2023/01/02 19:00,-4.3,60,,0.0,,3.4,¼,,1.0e-50,
2023/01/02 20:00,-4.5,61,,0.1,,2.9,¼,,1.0e-50,
2023/01/02 21:00,-4.5,63,,0.0,,2.8,¼,,1.0e-50,
2023/01/02 22:00,-4.3,65,,0.1,,2.7,¼–k¼,,1.0e-50,
2023/01/02 23:00,-4.5,64,,0.1,,2.6,¼–k¼,,1.0e-50,
2023/01/03 0:00,-4.8,64,,0.1,,2.9,¼–k¼,,1.0e-50,
2023/01/03 1:00,-4.7,63,,0.1,,3.0,¼–k¼,,1.0e-50,
2023/01/03 2:00,-4.7,62,,0.1,,2.8,¼–k¼,,1.0e-50,
2023/01/03 3:00,-6.0,65,,0.0,,2.2,¼–k¼,,1.0e-50,
2023/01/03 4:00,-5.9,65,,0.0,,2.3,¼–k¼,,1.0e-50,
2023/01/03 5:00,-5.8,65,,0.0,,2.2,¼–k¼,,1.0e-50,
2023/01/03 6:00,-6.1,66,,0.0,,1.8,¼,,1.0e-50,
2023/01/03 7:00,-6.1,67,,0.0,,1.7,¼“ì¼,,1.0e-50,
2023/01/03 8:00,-5.8,70,,0.0,,1.5,¼“ì¼,,0.01,
2023/01/03 9:00,-4.4,68,,0.1,,1.3,“ì“ì¼,,0.01,
2023/01/03 10:00,-3.0,68,,0.0,,1.0,“ì,,0.01,
2023/01/03 11:00,-1.9,65,,0.0,,1.4,“ì“ì“Œ,,0.01,
2023/01/03 12:00,-1.0,65,,0.0,,1.8,“ì“ì“Œ,,0.01,
2023/01/03 13:00,-0.2,63,,0.0,,2.2,“ì“ì“Œ,,0.01,
2023/01/03 14:00,0.5,65,,0.1,,2.1,“ì,,0.01,
2023/01/03 15:00,1.0,69,,0.0,,2.2,“ì,,0.01,
2023/01/03 16:00,-0.0,79,,0.4,,1.5,“ì“ì¼,,0.01,
2023/01/03 17:00,0.1,80,,0.8,,2.3,¼–k¼,,0.01,
2023/01/03 18:00,0.0,76,,0.2,,2.4,¼–k¼,,1.0e-50,
2023/01/03 19:00,-0.6,77,,0.2,,2.1,¼–k¼,,1.0e-50,
2023/01/03 20:00,-1.2,79,,0.1,,1.5,¼–k¼,,1.0e-50,
2023/01/03 21:00,-1.6,76,,0.1,,1.5,¼,,1.0e-50,
2023/01/03 22:00,-1.9,73,,0.1,,1.9,¼,,1.0e-50,
2023/01/03 23:00,-2.3,70,,0.0,,2.2,¼–k¼,,1.0e-50,
2023/01/04 0:00,-3.0,67,,0.0,,2.4,¼,,1.0e-50,
2023/01/04 1:00,-3.4,65,,0.0,,2.3,¼–k¼,,1.0e-50,
2023/01/04 2:00,-4.0,66,,0.0,,2.3,¼,,1.0e-50,
2023/01/04 3:00,-4.9,68,,0.1,,2.3,¼–k¼,,1.0e-50,
2023/01/04 4:00,-4.8,70,,0.1,,2.2,¼–k¼,,1.0e-50,
2023/01/04 5:00,-4.9,71,,0.1,,2.1,¼,,1.0e-50,
2023/01/04 6:00,-6.0,72,,0.2,,2.1,¼,,1.0e-50,
2023/01/04 7:00,-5.3,71,,0.1,,2.4,¼,,1.0e-50,
2023/01/04 8:00,-4.5,75,,0.6,,2.3,¼–k¼,,0.01,
2023/01/04 9:00,-3.5,68,,1.1,,2.8,¼–k¼,,0.01,
2023/01/04 10:00,-2.7,65,,0.8,,3.6,¼–k¼,,0.01,
2023/01/04 11:00,-2.6,56,,0.4,,4.0,¼–k¼,,0.01,
2023/01/04 12:00,-2.2,55,,0.1,,3.9,–k¼,,0.01,
2023/01/04 13:00,-2.3,57,,0.1,,4.0,–k¼,,0.01,
2023/01/04 14:00,-2.7,62,,0.3,,3.6,–k¼,,0.01,
2023/01/04 15:00,-2.8,57,,0.5,,2.8,¼–k¼,,0.01,
2023/01/04 16:00,-3.7,68,,0.2,,2.3,–k¼,,0.01,
2023/01/04 17:00,-4.4,75,,1.2,,1.9,–k¼,,0.01,
2023/01/04 18:00,-4.1,76,,0.7,,1.9,¼–k¼,,1.0e-50,
2023/01/04 19:00,-4.1,72,,0.8,,2.3,–k¼,,1.0e-50,
2023/01/04 20:00,-4.3,69,,0.7,,2.2,–k¼,,1.0e-50,
2023/01/04 21:00,-4.5,73,,0.7,,2.1,–k¼,,1.0e-50,
2023/01/04 22:00,-5.1,77,,0.7,,1.2,–k¼,,1.0e-50,
2023/01/04 23:00,-6.2,84,,0.7,,0.5,–k“Œ,,1.0e-50,
2023/01/05 0:00,-6.5,82,,1.1,,0.3,¼“ì¼,,1.0e-50,
2023/01/05 1:00,-6.7,79,,0.9,,0.9,¼,,1.0e-50,
2023/01/05 2:00,-6.7,75,,0.5,,1.4,¼,,1.0e-50,
2023/01/05 3:00,-6.8,62,,0.2,,2.3,¼,,1.0e-50,
2023/01/05 4:00,-6.9,60,,0.1,,2.6,¼,,1.0e-50,
2023/01/05 5:00,-6.7,60,,0.1,,2.6,¼,,1.0e-50,
2023/01/05 6:00,-6.4,56,,0.1,,2.5,¼,,1.0e-50,
2023/01/05 7:00,-6.0,62,,0.1,,2.5,¼,,1.0e-50,
2023/01/05 8:00,-5.7,65,,0.1,,2.4,¼,,0.01,
2023/01/05 9:00,-4.9,69,,1.4,,1.9,¼“ì¼,,0.01,
2023/01/05 10:00,-2.8,68,,0.8,,3.0,¼,,0.01,
2023/01/05 11:00,-2.1,61,,0.7,,4.2,¼,,0.01,
2023/01/05 12:00,-1.7,60,,0.5,,4.2,¼,,0.01,
2023/01/05 13:00,-1.5,57,,0.5,,4.3,¼–k¼,,0.01,
2023/01/05 14:00,-1.8,60,,1.0,,3.7,¼–k¼,,0.01,
2023/01/05 15:00,-2.0,61,,1.6,,2.6,¼–k¼,,0.01,
2023/01/05 16:00,-3.0,66,,0.4,,2.1,¼,,0.01,
2023/01/05 17:00,-3.7,65,,0.3,,2.2,¼,,0.01,
2023/01/05 18:00,-4.4,67,,0.1,,2.0,¼“ì¼,,1.0e-50,
2023/01/05 19:00,-4.1,71,,0.3,,2.4,¼,,1.0e-50,
2023/01/05 20:00,-3.8,76,,0.8,,2.4,¼,,1.0e-50,
2023/01/05 21:00,-4.7,69,,0.3,,1.9,¼“ì¼,,1.0e-50,
2023/01/05 22:00,-4.9,70,,0.0,,2.0,¼“ì¼,,1.0e-50,
2023/01/05 23:00,-5.2,72,,0.0,,1.9,¼“ì¼,,1.0e-50,
2023/01/06 0:00,-5.2,70,,0.0,,1.7,“ì¼,,1.0e-50,
2023/01/06 1:00,-6.1,72,,0.0,,1.7,“ì¼,,1.0e-50,
2023/01/06 2:00,-6.5,74,,0.0,,1.7,“ì¼,,1.0e-50,
2023/01/06 3:00,-7.2,73,,0.0,,1.4,“ì“ì¼,,1.0e-50,
2023/01/06 4:00,-7.3,73,,0.0,,1.5,“ì¼,,1.0e-50,
2023/01/06 5:00,-7.1,73,,0.0,,1.8,“ì¼,,1.0e-50,
2023/01/06 6:00,-7.0,73,,0.0,,1.7,“ì“ì¼,,1.0e-50,
2023/01/06 7:00,-6.6,72,,0.0,,1.7,“ì¼,,1.0e-50,
2023/01/06 8:00,-5.9,73,,0.0,,1.8,¼“ì¼,,0.01,
2023/01/06 9:00,-4.5,69,,0.0,,1.6,¼,,0.01,
2023/01/06 10:00,-2.6,60,,0.0,,2.8,¼–k¼,,0.01,
2023/01/06 11:00,-2.2,54,,0.0,,3.4,¼–k¼,,0.01,
2023/01/06 12:00,-2.7,53,,0.1,,3.9,¼–k¼,,0.01,
2023/01/06 13:00,-2.8,51,,0.0,,3.9,¼–k¼,,0.01,
2023/01/06 14:00,-2.9,51,,0.0,,3.6,¼–k¼,,0.01,
2023/01/06 15:00,-2.9,60,,0.4,,3.4,–k¼,,0.01,
2023/01/06 16:00,-3.5,56,,0.1,,3.1,–k¼,,0.01,
2023/01/06 17:00,-3.9,59,,0.0,,2.7,¼–k¼,,0.01,
2023/01/06 18:00,-4.2,62,,0.1,,2.2,¼–k¼,,1.0e-50,
2023/01/06 19:00,-4.2,64,,0.1,,2.4,¼–k¼,,1.0e-50,
2023/01/06 20:00,-3.8,67,,0.1,,2.3,¼–k¼,,1.0e-50,
2023/01/06 21:00,-4.0,67,,0.1,,2.0,¼–k¼,,1.0e-50,
2023/01/06 22:00,-4.1,67,,0.1,,2.0,¼–k¼,,1.0e-50,
2023/01/06 23:00,-4.3,69,,0.1,,1.9,¼,,1.0e-50,
2023/01/07 0:00,-4.9,64,,0.1,,1.9,¼,,1.0e-50,
2023/01/07 1:00,-5.5,67,,0.0,,1.9,¼“ì¼,,1.0e-50,
2023/01/07 2:00,-5.9,70,,0.0,,1.9,¼“ì¼,,1.0e-50,
2023/01/07 3:00,-6.5,71,,0.0,,1.8,¼“ì¼,,1.0e-50,
2023/01/07 4:00,-6.8,73,,0.0,,1.7,¼“ì¼,,1.0e-50,
2023/01/07 5:00,-7.0,74,,0.0,,1.7,¼“ì¼,,1.0e-50,
2023/01/07 6:00,-7.7,76,,0.0,,1.5,“ì¼,,1.0e-50,
2023/01/07 7:00,-7.6,76,,0.0,,1.5,“ì¼,,1.0e-50,
2023/01/07 8:00,-6.7,75,,0.0,,1.4,“ì“ì¼,,0.01,
2023/01/07 9:00,-4.4,72,,0.0,,1.4,“ì,,0.01,
2023/01/07 10:00,-2.2,68,,0.0,,1.0,“ì“ì“Œ,,0.01,
2023/01/07 11:00,-0.3,63,,0.0,,0.8,“ì,,0.01,
2023/01/07 12:00,0.4,59,,0.0,,0.8,“ì,,0.01,
2023/01/07 13:00,0.9,58,,0.0,,0.7,“ì“ì¼,,0.01,
2023/01/07 14:00,1.0,62,,0.0,,0.8,“ì,,0.01,
2023/01/07 15:00,0.7,70,,0.0,,1.0,“ì“Œ,,0.01,
2023/01/07 16:00,-0.3,75,,0.0,,1.5,“ì“ì“Œ,,0.01,
2023/01/07 17:00,-0.9,74,,0.0,,1.6,“ì,,0.01,
2023/01/07 18:00,-1.6,74,,0.0,,1.6,“ì,,1.0e-50,
2023/01/07 19:00,-1.5,75,,0.0,,1.7,“ì,,1.0e-50,
2023/01/07 20:00,-1.3,75,,0.0,,1.9,“ì,,1.0e-50,
2023/01/07 21:00,-0.9,77,,0.0,,2.2,“ì,,1.0e-50,
2023/01/07 22:00,-0.4,77,,0.1,,2.4,“ì,,1.0e-50,
2023/01/07 23:00,-0.1,79,,0.1,,2.5,“ì,,1.0e-50,
2023/01/08 0:00,0.2,81,,0.2,,2.3,“ì,,1.0e-50,
2023/01/08 1:00,0.3,82,,0.1,,2.3,“ì,,1.0e-50,
2023/01/08 2:00,0.6,82,,0.0,,2.0,“ì,,1.0e-50,
2023/01/08 3:00,-0.9,85,,0.1,,1.1,“ì¼,,1.0e-50,
2023/01/08 4:00,-0.9,88,,0.2,,1.1,¼–k¼,,1.0e-50,
2023/01/08 5:00,-1.0,93,,0.8,,1.2,–k¼,,1.0e-50,
2023/01/08 6:00,-1.0,90,,0.6,,1.2,¼–k¼,,1.0e-50,
2023/01/08 7:00,-0.7,88,,0.5,,1.5,¼–k¼,,1.0e-50,
2023/01/08 8:00,-0.2,83,,0.3,,1.9,–k¼,,0.01,
2023/01/08 9:00,0.3,79,,0.1,,1.5,¼–k¼,,0.01,
2023/01/08 10:00,1.1,71,,0.0,,1.6,¼–k¼,,0.01,
2023/01/08 11:00,1.7,64,,0.0,,2.1,–k¼,,0.01,
2023/01/08 12:00,2.2,63,,0.0,,2.9,–k¼,,0.01,
2023/01/08 13:00,2.2,58,,0.0,,3.3,¼–k¼,,0.01,
2023/01/08 14:00,1.5,54,,0.0,,3.2,¼–k¼,,0.01,
2023/01/08 15:00,0.7,58,,0.0,,2.6,¼–k¼,,0.01,
2023/01/08 16:00,-0.8,64,,0.0,,1.9,–k¼,,0.01,
2023/01/08 17:00,-2.4,67,,0.0,,1.7,¼–k¼,,0.01,
2023/01/08 18:00,-3.5,71,,0.0,,1.6,¼“ì¼,,1.0e-50,
2023/01/08 19:00,-4.1,71,,0.0,,1.6,¼“ì¼,,1.0e-50,
2023/01/08 20:00,-4.8,71,,0.0,,1.5,¼“ì¼,,1.0e-50,
2023/01/08 21:00,-4.2,68,,0.0,,1.8,¼“ì¼,,1.0e-50,
2023/01/08 22:00,-4.4,67,,0.0,,1.8,¼,,1.0e-50,
2023/01/08 23:00,-4.8,67,,0.0,,1.8,¼,,1.0e-50,
2023/01/09 0:00,-5.0,66,,0.0,,2.1,¼,,1.0e-50,
2023/01/09 1:00,-5.0,68,,0.0,,2.2,¼–k¼,,1.0e-50,
2023/01/09 2:00,-4.7,70,,0.1,,2.4,¼–k¼,,1.0e-50,
2023/01/09 3:00,-5.3,68,,0.1,,2.3,–k¼,,1.0e-50,
2023/01/09 4:00,-5.2,67,,0.2,,2.3,–k¼,,1.0e-50,
2023/01/09 5:00,-5.3,66,,0.2,,2.1,¼–k¼,,1.0e-50,
2023/01/09 6:00,-6.2,68,,0.2,,1.6,¼,,1.0e-50,
2023/01/09 7:00,-6.2,68,,0.2,,1.6,¼,,1.0e-50,
2023/01/09 8:00,-6.2,67,,0.1,,1.8,¼,,0.01,
2023/01/09 9:00,-5.0,57,,0.0,,2.3,¼–k¼,,0.01,
2023/01/09 10:00,-4.2,50,,0.0,,3.1,¼–k¼,,0.01,
2023/01/09 11:00,-4.0,47,,0.0,,3.4,¼–k¼,,0.01,
2023/01/09 12:00,-3.8,48,,0.0,,3.6,¼–k¼,,0.01,
2023/01/09 13:00,-4.1,48,,0.1,,3.9,¼–k¼,,0.01,
2023/01/09 14:00,-4.6,48,,0.1,,4.0,¼–k¼,,0.01,
2023/01/09 15:00,-5.1,49,,0.0,,3.5,¼–k¼,,0.01,
2023/01/09 16:00,-6.1,51,,0.0,,3.0,¼,,0.01,
2023/01/09 17:00,-7.0,53,,0.0,,3.0,¼,,0.01,
2023/01/09 18:00,-7.6,55,,0.1,,2.9,¼,,1.0e-50,
2023/01/09 19:00,-7.5,54,,0.0,,3.4,¼,,1.0e-50,
2023/01/09 20:00,-7.7,53,,0.0,,3.4,¼,,1.0e-50,
2023/01/09 21:00,-7.8,55,,0.0,,3.3,¼,,1.0e-50,
2023/01/09 22:00,-7.9,57,,0.0,,3.1,¼,,1.0e-50,
2023/01/09 23:00,-8.1,60,,0.0,,3.1,¼,,1.0e-50,
2023/01/10 0:00,-8.6,61,,0.0,,2.8,¼,,1.0e-50,
2023/01/10 1:00,-8.4,56,,0.0,,3.4,¼,,1.0e-50,
2023/01/10 2:00,-8.4,53,,0.0,,3.8,¼,,1.0e-50,
2023/01/10 3:00,-8.8,52,,0.0,,4.0,¼,,1.0e-50,
2023/01/10 4:00,-8.8,50,,0.0,,4.1,¼,,1.0e-50,
2023/01/10 5:00,-8.8,50,,0.0,,4.1,¼,,1.0e-50,
2023/01/10 6:00,-9.0,49,,0.0,,3.8,¼,,1.0e-50,
2023/01/10 7:00,-9.1,49,,0.0,,4.0,¼,,1.0e-50,
2023/01/10 8:00,-9.0,51,,0.0,,3.9,¼,,0.01,
2023/01/10 9:00,-7.9,52,,0.0,,3.1,¼,,0.01,
2023/01/10 10:00,-7.0,48,,0.0,,3.9,¼–k¼,,0.01,
2023/01/10 11:00,-6.5,46,,0.1,,4.4,¼–k¼,,0.01,
2023/01/10 12:00,-6.6,44,,0.1,,4.3,¼–k¼,,0.01,
2023/01/10 13:00,-6.6,44,,0.0,,4.4,¼–k¼,,0.01,
2023/01/10 14:00,-6.8,45,,0.1,,4.4,¼–k¼,,0.01,
2023/01/10 15:00,-6.9,47,,0.1,,3.4,¼–k¼,,0.01,
2023/01/10 16:00,-7.7,52,,0.0,,2.8,¼–k¼,,0.01,
2023/01/10 17:00,-8.3,56,,0.1,,2.9,¼,,0.01,
2023/01/10 18:00,-9.1,61,,0.1,,2.2,¼,,1.0e-50,
2023/01/10 19:00,-9.0,60,,0.0,,2.5,¼,,1.0e-50,
2023/01/10 20:00,-8.7,60,,0.0,,2.7,¼,,1.0e-50,
2023/01/10 21:00,-8.8,60,,0.0,,2.8,¼,,1.0e-50,
2023/01/10 22:00,-8.5,57,,0.0,,3.0,¼,,1.0e-50,
2023/01/10 23:00,-8.4,58,,0.0,,2.8,¼,,1.0e-50,
2023/01/11 0:00,-8.8,58,,0.0,,2.6,¼,,1.0e-50,
2023/01/11 1:00,-8.6,56,,0.0,,2.9,¼,,1.0e-50,
2023/01/11 2:00,-8.5,56,,0.0,,2.9,¼,,1.0e-50,
2023/01/11 3:00,-8.9,55,,0.0,,2.6,¼,,1.0e-50,
2023/01/11 4:00,-8.9,58,,0.0,,2.5,¼,,1.0e-50,
2023/01/11 5:00,-8.7,60,,0.1,,2.6,¼,,1.0e-50,
2023/01/11 6:00,-8.7,61,,0.1,,2.5,¼,,1.0e-50,
2023/01/11 7:00,-8.5,61,,0.0,,2.6,¼,,1.0e-50,
2023/01/11 8:00,-8.1,61,,0.0,,2.6,¼,,0.01,
2023/01/11 9:00,-7.3,57,,0.0,,2.3,¼,,0.01,
2023/01/11 10:00,-6.1,51,,0.0,,3.5,¼–k¼,,0.01,
2023/01/11 11:00,-5.5,49,,0.1,,4.2,¼–k¼,,0.01,
2023/01/11 12:00,-5.5,47,,0.2,,4.1,¼–k¼,,0.01,
2023/01/11 13:00,-5.6,47,,0.1,,4.5,¼–k¼,,0.01,
2023/01/11 14:00,-5.9,48,,0.1,,4.5,¼–k¼,,0.01,
2023/01/11 15:00,-6.3,49,,0.1,,3.8,¼–k¼,,0.01,
2023/01/11 16:00,-7.0,53,,0.1,,3.5,¼–k¼,,0.01,
2023/01/11 17:00,-7.5,54,,0.1,,3.4,¼–k¼,,0.01,
2023/01/11 18:00,-8.2,57,,0.0,,2.8,¼,,1.0e-50,
2023/01/11 19:00,-8.0,58,,0.0,,3.0,¼,,1.0e-50,
2023/01/11 20:00,-8.0,60,,0.1,,2.7,¼,,1.0e-50,
2023/01/11 21:00,-8.1,63,,0.0,,2.3,¼“ì¼,,1.0e-50,
2023/01/11 22:00,-7.8,63,,0.1,,2.3,¼“ì¼,,1.0e-50,
2023/01/11 23:00,-8.0,67,,0.2,,2.1,“ì¼,,1.0e-50,
2023/01/12 0:00,-7.5,68,,0.3,,2.2,¼“ì¼,,1.0e-50,
2023/01/12 1:00,-7.3,69,,0.2,,2.1,¼“ì¼,,1.0e-50,
2023/01/12 2:00,-7.2,70,,0.2,,2.0,¼“ì¼,,1.0e-50,
2023/01/12 3:00,-7.0,66,,0.2,,2.2,¼,,1.0e-50,
2023/01/12 4:00,-6.9,64,,0.0,,2.2,¼“ì¼,,1.0e-50,
2023/01/12 5:00,-7.1,66,,0.1,,1.9,¼“ì¼,,1.0e-50,
2023/01/12 6:00,-7.5,66,,0.2,,1.9,¼“ì¼,,1.0e-50,
2023/01/12 7:00,-7.6,68,,0.1,,1.8,¼“ì¼,,1.0e-50,
2023/01/12 8:00,-7.7,70,,0.1,,1.6,“ì¼,,0.01,
2023/01/12 9:00,-6.8,70,,0.1,,1.3,“ì“ì¼,,0.01,
2023/01/12 10:00,-5.5,70,,0.3,,1.1,“ì,,0.01,
2023/01/12 11:00,-4.5,67,,0.4,,1.0,“ì“ì“Œ,,0.01,
2023/01/12 12:00,-4.1,70,,0.3,,2.2,¼–k¼,,0.01,
2023/01/12 13:00,-4.1,67,,1.0,,3.9,–k¼,,0.01,
2023/01/12 14:00,-4.4,64,,0.5,,3.5,–k¼,,0.01,
2023/01/12 15:00,-5.0,61,,0.2,,3.3,–k¼,,0.01,
2023/01/12 16:00,-5.7,65,,0.2,,2.4,–k¼,,0.01,
2023/01/12 17:00,-6.2,65,,0.2,,2.4,¼–k¼,,0.01,
2023/01/12 18:00,-6.6,64,,0.2,,2.1,¼,,1.0e-50,
2023/01/12 19:00,-7.0,60,,0.1,,2.9,¼–k¼,,1.0e-50,
2023/01/12 20:00,-7.7,55,,0.1,,3.3,¼–k¼,,1.0e-50,
2023/01/12 21:00,-8.5,53,,0.1,,2.6,¼–k¼,,1.0e-50,
2023/01/12 22:00,-9.0,54,,0.0,,2.9,¼,,1.0e-50,
2023/01/12 23:00,-9.2,59,,0.3,,2.7,¼–k¼,,1.0e-50,
2023/01/13 0:00,-8.4,54,,0.6,,2.7,–k¼,,1.0e-50,
2023/01/13 1:00,-8.4,57,,0.3,,2.6,–k¼,,1.0e-50,
2023/01/13 2:00,-8.5,58,,0.3,,2.4,¼–k¼,,1.0e-50,
2023/01/13 3:00,-9.0,59,,0.2,,2.2,¼–k¼,,1.0e-50,
2023/01/13 4:00,-9.0,60,,0.3,,2.3,¼–k¼,,1.0e-50,
2023/01/13 5:00,-8.8,64,,0.5,,2.4,¼–k¼,,1.0e-50,
2023/01/13 6:00,-8.5,63,,0.7,,2.5,¼–k¼,,1.0e-50,
2023/01/13 7:00,-8.3,64,,0.7,,2.5,¼–k¼,,1.0e-50,
2023/01/13 8:00,-8.1,65,,0.6,,2.3,¼–k¼,,0.01,
2023/01/13 9:00,-7.2,60,,0.6,,3.2,¼–k¼,,0.01,
2023/01/13 10:00,-6.7,55,,0.4,,3.9,¼–k¼,,0.01,
2023/01/13 11:00,-6.4,45,,0.1,,4.3,¼–k¼,,0.01,
2023/01/13 12:00,-6.4,49,,0.1,,4.3,¼–k¼,,0.01,
2023/01/13 13:00,-6.6,51,,0.2,,4.6,¼–k¼,,0.01,
2023/01/13 14:00,-6.9,50,,0.2,,4.5,¼–k¼,,0.01,
2023/01/13 15:00,-6.9,51,,0.2,,4.0,¼–k¼,,0.01,
2023/01/13 16:00,-7.5,53,,0.1,,3.2,¼–k¼,,0.01,
2023/01/13 17:00,-8.0,56,,0.1,,3.0,¼–k¼,,0.01,
2023/01/13 18:00,-8.1,61,,0.3,,2.6,¼,,1.0e-50,
2023/01/13 19:00,-8.1,54,,0.0,,3.1,¼,,1.0e-50,
2023/01/13 20:00,-8.2,58,,0.0,,3.0,¼,,1.0e-50,
2023/01/13 21:00,-8.0,57,,0.0,,3.0,¼,,1.0e-50,
2023/01/13 22:00,-7.8,57,,0.1,,3.2,¼,,1.0e-50,
2023/01/13 23:00,-7.9,56,,0.0,,3.2,¼,,1.0e-50,
2023/01/14 0:00,-7.7,57,,0.0,,3.3,¼,,1.0e-50,
2023/01/14 1:00,-7.4,58,,0.1,,3.4,¼,,1.0e-50,
2023/01/14 2:00,-7.0,60,,0.3,,3.4,¼–k¼,,1.0e-50,
2023/01/14 3:00,-7.0,62,,0.4,,3.1,¼–k¼,,1.0e-50,
2023/01/14 4:00,-7.1,54,,0.0,,3.4,¼,,1.0e-50,
2023/01/14 5:00,-7.1,52,,0.2,,3.4,¼,,1.0e-50,
2023/01/14 6:00,-6.5,44,,0.5,,3.6,¼,,1.0e-50,
2023/01/14 7:00,-6.4,48,,0.1,,3.3,¼,,1.0e-50,
2023/01/14 8:00,-6.1,56,,0.2,,3.1,¼,,0.01,
2023/01/14 9:00,-5.0,51,,0.5,,3.3,¼,,0.01,
2023/01/14 10:00,-3.9,46,,0.0,,3.7,¼,,0.01,
2023/01/14 11:00,-3.3,44,,0.0,,3.7,¼,,0.01,
2023/01/14 12:00,-3.1,44,,0.0,,3.5,¼,,0.01,
2023/01/14 13:00,-2.8,44,,0.0,,3.4,¼–k¼,,0.01,
2023/01/14 14:00,-2.9,47,,0.0,,3.1,¼–k¼,,0.01,
2023/01/14 15:00,-3.4,55,,0.2,,2.2,¼–k¼,,0.01,
2023/01/14 16:00,-4.3,72,,0.5,,1.6,¼,,0.01,
2023/01/14 17:00,-5.2,75,,0.5,,1.7,¼“ì¼,,0.01,
2023/01/14 18:00,-5.7,66,,0.1,,1.9,¼“ì¼,,1.0e-50,
2023/01/14 19:00,-6.0,64,,0.0,,2.0,¼“ì¼,,1.0e-50,
2023/01/14 20:00,-6.0,65,,0.0,,1.9,¼“ì¼,,1.0e-50,
2023/01/14 21:00,-6.3,65,,0.0,,2.2,¼“ì¼,,1.0e-50,
2023/01/14 22:00,-6.3,66,,0.1,,2.0,¼“ì¼,,1.0e-50,
2023/01/14 23:00,-6.8,64,,0.0,,2.2,¼“ì¼,,1.0e-50,
2023/01/15 0:00,-6.9,64,,0.0,,2.2,¼“ì¼,,1.0e-50,
2023/01/15 1:00,-7.4,66,,0.0,,2.1,¼“ì¼,,1.0e-50,
2023/01/15 2:00,-7.8,66,,0.0,,2.1,¼“ì¼,,1.0e-50,
2023/01/15 3:00,-9.1,68,,0.0,,2.0,¼“ì¼,,1.0e-50,
2023/01/15 4:00,-9.1,70,,0.0,,2.0,“ì¼,,1.0e-50,
2023/01/15 5:00,-9.1,69,,0.0,,1.9,“ì¼,,1.0e-50,
2023/01/15 6:00,-9.1,70,,0.0,,2.0,“ì¼,,1.0e-50,
2023/01/15 7:00,-8.8,69,,0.0,,2.0,“ì¼,,1.0e-50,
2023/01/15 8:00,-8.4,70,,0.0,,1.7,“ì“ì¼,,0.01,
2023/01/15 9:00,-6.6,66,,0.0,,1.4,“ì“ì¼,,0.01,
2023/01/15 10:00,-4.6,59,,0.0,,1.3,“ì¼,,0.01,
2023/01/15 11:00,-3.3,53,,0.0,,1.5,¼“ì¼,,0.01,
2023/01/15 12:00,-2.8,49,,0.0,,1.6,“ì¼,,0.01,
2023/01/15 13:00,-2.5,48,,0.0,,2.0,¼“ì¼,,0.01,
2023/01/15 14:00,-2.5,50,,0.0,,2.1,¼,,0.01,
2023/01/15 15:00,-2.8,51,,0.0,,1.6,¼,,0.01,
2023/01/15 16:00,-3.7,60,,0.0,,1.2,¼,,0.01,
2023/01/15 17:00,-4.8,64,,0.0,,1.1,¼“ì¼,,0.01,
2023/01/15 18:00,-5.6,63,,0.0,,1.3,“ì¼,,1.0e-50,
2023/01/15 19:00,-6.1,65,,0.0,,1.3,“ì¼,,1.0e-50,
2023/01/15 20:00,-6.5,67,,0.0,,1.2,“ì¼,,1.0e-50,
2023/01/15 21:00,-7.3,69,,0.0,,1.5,“ì¼,,1.0e-50,
2023/01/15 22:00,-7.6,69,,0.0,,1.5,“ì¼,,1.0e-50,
2023/01/15 23:00,-8.0,70,,0.0,,1.4,¼“ì¼,,1.0e-50,
2023/01/16 0:00,-7.5,69,,0.0,,1.4,“ì¼,,1.0e-50,
2023/01/16 1:00,-7.4,68,,0.0,,1.7,¼“ì¼,,1.0e-50,
2023/01/16 2:00,-7.2,67,,0.0,,2.3,¼,,1.0e-50,
2023/01/16 3:00,-7.5,64,,0.0,,2.3,¼,,1.0e-50,
2023/01/16 4:00,-7.5,62,,0.0,,2.6,¼,,1.0e-50,
2023/01/16 5:00,-7.2,61,,0.0,,2.8,¼,,1.0e-50,
2023/01/16 6:00,-8.5,65,,0.0,,2.4,¼,,1.0e-50,
2023/01/16 7:00,-7.6,63,,0.0,,2.8,¼,,1.0e-50,
2023/01/16 8:00,-6.7,61,,0.0,,2.9,¼,,0.01,
2023/01/16 9:00,-5.9,59,,0.0,,2.5,¼,,0.01,
2023/01/16 10:00,-4.2,50,,0.0,,3.7,¼,,0.01,
2023/01/16 11:00,-3.5,46,,0.0,,4.1,¼,,0.01,
2023/01/16 12:00,-3.1,44,,0.0,,3.8,¼–k¼,,0.01,
2023/01/16 13:00,-3.0,44,,0.0,,3.9,¼,,0.01,
2023/01/16 14:00,-3.3,47,,0.0,,3.8,¼,,0.01,
2023/01/16 15:00,-3.9,63,,0.7,,2.6,¼–k¼,,0.01,
2023/01/16 16:00,-4.2,71,,1.2,,2.5,¼–k¼,,0.01,
2023/01/16 17:00,-4.8,66,,0.5,,2.2,¼–k¼,,0.01,
2023/01/16 18:00,-5.9,65,,0.1,,1.5,–k–k“Œ,,1.0e-50,
2023/01/16 19:00,-7.1,67,,0.0,,0.9,–k¼,,1.0e-50,
2023/01/16 20:00,-8.2,66,,0.0,,1.2,¼,,1.0e-50,
2023/01/16 21:00,-8.6,62,,0.0,,1.4,¼“ì¼,,1.0e-50,
2023/01/16 22:00,-9.2,60,,0.0,,1.4,“ì¼,,1.0e-50,
2023/01/16 23:00,-9.4,64,,0.2,,1.0,¼,,1.0e-50,
2023/01/17 0:00,-9.9,70,,0.6,,0.8,¼“ì¼,,1.0e-50,
2023/01/17 1:00,-10.2,75,,0.4,,0.6,¼“ì¼,,1.0e-50,
2023/01/17 2:00,-10.5,79,,0.4,,0.5,¼,,1.0e-50,
2023/01/17 3:00,-11.6,80,,0.1,,0.6,¼,,1.0e-50,
2023/01/17 4:00,-12.0,82,,0.0,,0.7,¼,,1.0e-50,
2023/01/17 5:00,-11.9,82,,0.0,,1.2,¼“ì¼,,1.0e-50,
2023/01/17 6:00,-12.4,83,,0.0,,1.1,¼“ì¼,,1.0e-50,
2023/01/17 7:00,-12.3,82,,0.1,,1.2,¼“ì¼,,1.0e-50,
2023/01/17 8:00,-11.6,81,,0.2,,1.0,¼“ì¼,,0.01,
2023/01/17 9:00,-8.9,77,,0.2,,0.3,¼,,0.01,
2023/01/17 10:00,-7.2,75,,0.5,,0.6,–k–k“Œ,,0.01,
2023/01/17 11:00,-6.0,72,,0.4,,1.1,–k,,0.01,
2023/01/17 12:00,-4.4,60,,0.3,,2.1,–k–k¼,,0.01,
2023/01/17 13:00,-3.7,51,,0.1,,3.3,–k¼,,0.01,
2023/01/17 14:00,-3.8,50,,0.1,,3.6,–k¼,,0.01,
2023/01/17 15:00,-3.6,52,,0.1,,3.1,–k¼,,0.01,
2023/01/17 16:00,-4.2,59,,0.1,,2.3,–k¼,,0.01,
2023/01/17 17:00,-5.0,63,,0.1,,1.6,–k¼,,0.01,
2023/01/17 18:00,-5.3,63,,0.1,,1.6,¼–k¼,,1.0e-50,
2023/01/17 19:00,-6.1,67,,0.1,,1.2,¼–k¼,,1.0e-50,
2023/01/17 20:00,-6.8,71,,0.1,,0.9,¼,,1.0e-50,
2023/01/17 21:00,-7.3,72,,0.0,,0.9,¼“ì¼,,1.0e-50,
2023/01/17 22:00,-7.8,73,,0.1,,0.9,“ì¼,,1.0e-50,
2023/01/17 23:00,-7.9,72,,0.1,,1.3,“ì¼,,1.0e-50,
2023/01/18 0:00,-8.1,66,,0.1,,1.3,“ì¼,,1.0e-50,
2023/01/18 1:00,-8.6,64,,0.0,,1.3,“ì¼,,1.0e-50,
2023/01/18 2:00,-9.4,65,,0.0,,1.2,“ì“ì¼,,1.0e-50,
2023/01/18 3:00,-9.6,68,,0.0,,1.0,“ì“ì¼,,1.0e-50,
2023/01/18 4:00,-9.4,68,,0.0,,1.4,“ì“ì¼,,1.0e-50,
2023/01/18 5:00,-9.3,67,,0.0,,1.7,“ì“ì¼,,1.0e-50,
2023/01/18 6:00,-9.5,71,,0.0,,1.7,“ì“ì¼,,1.0e-50,
2023/01/18 7:00,-8.9,70,,0.0,,1.7,“ì,,1.0e-50,
2023/01/18 8:00,-8.2,69,,0.0,,1.7,“ì,,0.01,
2023/01/18 9:00,-6.8,68,,0.0,,1.5,“ì“ì“Œ,,0.01,
2023/01/18 10:00,-4.9,64,,0.0,,2.0,“ì“ì“Œ,,0.01,
2023/01/18 11:00,-3.5,59,,0.0,,2.5,“ì“ì“Œ,,0.01,
2023/01/18 12:00,-2.4,52,,0.0,,2.1,“ì“ì“Œ,,0.01,
2023/01/18 13:00,-1.9,51,,0.0,,2.0,“ì“ì“Œ,,0.01,
2023/01/18 14:00,-1.8,54,,0.0,,1.5,“ì“ì“Œ,,0.01,
2023/01/18 15:00,-2.0,63,,0.0,,1.3,“Œ“ì“Œ,,0.01,
2023/01/18 16:00,-3.2,75,,0.0,,1.3,“Œ“ì“Œ,,0.01,
2023/01/18 17:00,-4.5,77,,0.0,,1.4,“ì,,0.01,
2023/01/18 18:00,-5.3,73,,0.0,,1.4,“ì“ì¼,,1.0e-50,
2023/01/18 19:00,-5.7,70,,0.0,,1.4,“ì¼,,1.0e-50,
2023/01/18 20:00,-6.0,69,,0.0,,1.3,“ì¼,,1.0e-50,
2023/01/18 21:00,-6.1,71,,0.0,,1.2,“ì“ì¼,,1.0e-50,
2023/01/18 22:00,-6.1,72,,0.0,,1.3,“ì“ì¼,,1.0e-50,
2023/01/18 23:00,-6.0,72,,0.0,,1.4,“ì“ì¼,,1.0e-50,
2023/01/19 0:00,-6.3,73,,0.1,,1.4,“ì“ì¼,,1.0e-50,
2023/01/19 1:00,-6.4,71,,0.0,,1.4,“ì“ì¼,,1.0e-50,
2023/01/19 2:00,-6.5,68,,0.0,,1.5,“ì“ì¼,,1.0e-50,
2023/01/19 3:00,-6.8,68,,0.0,,1.2,“ì“ì¼,,1.0e-50,
2023/01/19 4:00,-7.5,68,,0.0,,1.3,“ì“ì¼,,1.0e-50,
2023/01/19 5:00,-8.1,67,,0.0,,1.3,“ì¼,,1.0e-50,
2023/01/19 6:00,-8.3,72,,0.1,,1.2,–k–k¼,,1.0e-50,
2023/01/19 7:00,-8.1,82,,0.5,,1.5,–k–k¼,,1.0e-50,
2023/01/19 8:00,-6.7,78,,0.1,,2.1,–k–k¼,,0.01,
2023/01/19 9:00,-6.5,74,,0.0,,2.1,–k–k“Œ,,0.01,
2023/01/19 10:00,-5.6,65,,0.0,,2.3,–k,,0.01,
2023/01/19 11:00,-4.9,57,,0.0,,2.5,–k,,0.01,
2023/01/19 12:00,-4.1,51,,0.0,,2.3,–k,,0.01,
2023/01/19 13:00,-3.5,48,,0.0,,2.2,–k,,0.01,
2023/01/19 14:00,-3.1,47,,0.0,,2.2,–k,,0.01,
2023/01/19 15:00,-2.9,55,,0.0,,2.4,–k–k¼,,0.01,
2023/01/19 16:00,-3.9,68,,0.2,,1.3,–k–k¼,,0.01,
2023/01/19 17:00,-5.2,80,,0.6,,0.6,–k“Œ,,0.01,
2023/01/19 18:00,-6.0,80,,1.0,,0.2,“ì“Œ,,1.0e-50,
2023/01/19 19:00,-6.6,82,,0.9,,0.5,“ì“ì“Œ,,1.0e-50,
2023/01/19 20:00,-7.0,84,,1.6,,0.4,“ì“ì¼,,1.0e-50,
2023/01/19 21:00,-7.6,85,,1.8,,0.4,¼“ì¼,,1.0e-50,
2023/01/19 22:00,-7.8,86,,0.9,,0.4,–k“Œ,,1.0e-50,
2023/01/19 23:00,-8.3,86,,0.7,,0.3,“Œ,,1.0e-50,
2023/01/20 0:00,-8.5,84,,0.4,,0.4,“Œ“ì“Œ,,1.0e-50,
2023/01/20 1:00,-8.7,82,,0.7,,0.5,“ì“ì“Œ,,1.0e-50,
2023/01/20 2:00,-8.9,81,,0.6,,0.4,“ì“ì“Œ,,1.0e-50,
2023/01/20 3:00,-9.2,78,,0.5,,0.3,“ì“ì¼,,1.0e-50,
2023/01/20 4:00,-9.5,75,,0.3,,0.6,¼“ì¼,,1.0e-50,
2023/01/20 5:00,-9.5,75,,0.2,,1.0,¼“ì¼,,1.0e-50,
2023/01/20 6:00,-10.0,74,,0.1,,0.8,¼“ì¼,,1.0e-50,
2023/01/20 7:00,-10.4,71,,0.0,,1.1,¼“ì¼,,1.0e-50,
2023/01/20 8:00,-10.0,71,,0.0,,0.9,“ì¼,,0.01,
2023/01/20 9:00,-7.9,68,,0.0,,0.7,“ì“ì¼,,0.01,
2023/01/20 10:00,-5.9,65,,0.0,,0.4,“ì“Œ,,0.01,
2023/01/20 11:00,-4.5,57,,0.0,,0.5,“ì“Œ,,0.01,
2023/01/20 12:00,-3.5,54,,0.0,,0.8,“ì“ì“Œ,,0.01,
2023/01/20 13:00,-3.3,56,,0.0,,0.9,“ì“Œ,,0.01,
2023/01/20 14:00,-3.4,60,,0.1,,1.2,“Œ“ì“Œ,,0.01,
2023/01/20 15:00,-3.1,63,,0.0,,1.7,“Œ“ì“Œ,,0.01,
2023/01/20 16:00,-3.8,72,,0.0,,1.5,“ì“Œ,,0.01,
2023/01/20 17:00,-4.6,76,,0.0,,1.3,“ì“ì“Œ,,0.01,
2023/01/20 18:00,-5.3,75,,0.0,,1.4,“ì,,1.0e-50,
2023/01/20 19:00,-6.0,74,,0.0,,1.2,“ì,,1.0e-50,
2023/01/20 20:00,-6.4,72,,0.0,,1.4,“ì“ì¼,,1.0e-50,
2023/01/20 21:00,-6.4,71,,0.0,,1.3,“ì“ì¼,,1.0e-50,
2023/01/20 22:00,-6.5,71,,0.0,,1.2,“ì“ì¼,,1.0e-50,
2023/01/20 23:00,-6.7,70,,0.0,,1.3,“ì,,1.0e-50,
2023/01/21 0:00,-6.7,68,,0.0,,1.3,“ì,,1.0e-50,
2023/01/21 1:00,-6.8,68,,0.0,,1.4,“ì“ì¼,,1.0e-50,
2023/01/21 2:00,-6.8,68,,0.0,,1.5,“ì“ì¼,,1.0e-50,
2023/01/21 3:00,-8.0,71,,0.0,,1.5,“ì¼,,1.0e-50,
2023/01/21 4:00,-7.9,72,,0.0,,1.6,¼“ì¼,,1.0e-50,
2023/01/21 5:00,-8.1,75,,0.0,,1.3,¼“ì¼,,1.0e-50,
2023/01/21 6:00,-8.3,74,,0.0,,1.4,¼“ì¼,,1.0e-50,
2023/01/21 7:00,-8.6,74,,0.0,,1.2,¼,,1.0e-50,
2023/01/21 8:00,-8.2,76,,0.0,,0.9,¼,,0.01,
2023/01/21 9:00,-5.8,69,,0.0,,1.0,¼“ì¼,,0.01,
2023/01/21 10:00,-3.9,70,,0.3,,1.1,–k¼,,0.01,
2023/01/21 11:00,-3.5,78,,1.0,,1.7,–k,,0.01,
2023/01/21 12:00,-2.9,77,,0.4,,1.9,–k–k¼,,0.01,
2023/01/21 13:00,-2.0,61,,0.4,,2.7,–k–k¼,,0.01,
2023/01/21 14:00,-2.3,59,,0.3,,3.7,–k¼,,0.01,
2023/01/21 15:00,-2.0,57,,0.3,,3.0,–k¼,,0.01,
2023/01/21 16:00,-2.7,61,,0.1,,2.2,–k¼,,0.01,
2023/01/21 17:00,-3.7,65,,0.1,,1.8,–k¼,,0.01,
2023/01/21 18:00,-4.3,69,,0.2,,1.7,¼,,1.0e-50,
2023/01/21 19:00,-4.4,72,,0.3,,1.7,¼,,1.0e-50,
2023/01/21 20:00,-4.3,71,,0.4,,1.9,¼–k¼,,1.0e-50,
2023/01/21 21:00,-4.5,70,,0.2,,2.1,¼–k¼,,1.0e-50,
2023/01/21 22:00,-4.8,70,,0.2,,2.1,¼–k¼,,1.0e-50,
2023/01/21 23:00,-5.1,73,,0.4,,2.0,¼–k¼,,1.0e-50,
2023/01/22 0:00,-5.0,69,,0.4,,2.0,¼–k¼,,1.0e-50,
2023/01/22 1:00,-5.6,68,,0.2,,1.9,¼–k¼,,1.0e-50,
2023/01/22 2:00,-5.8,70,,0.2,,1.9,¼,,1.0e-50,
2023/01/22 3:00,-6.7,73,,0.3,,1.9,¼,,1.0e-50,
2023/01/22 4:00,-7.0,74,,0.3,,2.0,¼,,1.0e-50,
2023/01/22 5:00,-7.1,72,,0.1,,2.0,¼,,1.0e-50,
2023/01/22 6:00,-6.4,69,,0.5,,2.6,¼,,1.0e-50,
2023/01/22 7:00,-6.1,73,,0.7,,2.4,¼–k¼,,1.0e-50,
2023/01/22 8:00,-5.7,72,,0.6,,2.4,¼–k¼,,0.01,
2023/01/22 9:00,-5.2,68,,0.6,,2.6,¼–k¼,,0.01,
2023/01/22 10:00,-4.3,60,,0.6,,3.3,¼–k¼,,0.01,
2023/01/22 11:00,-3.8,49,,0.2,,3.6,¼–k¼,,0.01,
2023/01/22 12:00,-4.1,59,,0.0,,3.3,–k¼,,0.01,
2023/01/22 13:00,-3.8,55,,0.4,,3.1,–k¼,,0.01,
2023/01/22 14:00,-3.7,46,,0.0,,3.2,¼–k¼,,0.01,
2023/01/22 15:00,-4.4,51,,0.0,,3.0,¼–k¼,,0.01,
2023/01/22 16:00,-5.0,57,,0.0,,2.1,¼–k¼,,0.01,
2023/01/22 17:00,-5.6,58,,0.0,,1.8,¼,,0.01,
2023/01/22 18:00,-6.1,64,,0.0,,1.8,¼“ì¼,,1.0e-50,
2023/01/22 19:00,-6.0,70,,0.3,,1.8,¼,,1.0e-50,
2023/01/22 20:00,-5.9,69,,0.4,,2.0,¼–k¼,,1.0e-50,
2023/01/22 21:00,-6.2,71,,0.4,,2.3,¼–k¼,,1.0e-50,
2023/01/22 22:00,-6.2,67,,0.4,,2.6,¼–k¼,,1.0e-50,
2023/01/22 23:00,-6.3,71,,0.6,,2.3,–k¼,,1.0e-50,
2023/01/23 0:00,-6.2,75,,1.6,,2.1,–k–k¼,,1.0e-50,
2023/01/23 1:00,-6.8,76,,1.5,,2.1,–k–k“Œ,,1.0e-50,
2023/01/23 2:00,-7.3,74,,1.3,,1.1,–k–k“Œ,,1.0e-50,
2023/01/23 3:00,-8.1,72,,0.5,,0.6,–k,,1.0e-50,
2023/01/23 4:00,-7.8,61,,0.2,,1.6,–k¼,,1.0e-50,
2023/01/23 5:00,-8.7,64,,0.0,,1.8,–k“Œ,,1.0e-50,
2023/01/23 6:00,-10.4,77,,0.6,,1.7,“Œ–k“Œ,,1.0e-50,
2023/01/23 7:00,-11.0,77,,1.0,,0.9,“Œ,,1.0e-50,
2023/01/23 8:00,-10.8,76,,1.2,,0.8,“ì“Œ,,0.01,
2023/01/23 9:00,-9.6,63,,0.8,,0.5,“Œ“ì“Œ,,0.01,
2023/01/23 10:00,-8.9,54,,0.2,,0.3,“Œ,,0.01,
2023/01/23 11:00,-7.9,55,,0.1,,0.6,–k,,0.01,
2023/01/23 12:00,-7.0,59,,0.2,,1.5,–k,,0.01,
2023/01/23 13:00,-5.9,60,,0.2,,1.7,–k–k¼,,0.01,
2023/01/23 14:00,-4.8,55,,0.1,,2.3,–k–k¼,,0.01,
2023/01/23 15:00,-4.4,56,,0.0,,1.9,–k¼,,0.01,
2023/01/23 16:00,-5.3,68,,0.0,,0.6,¼–k¼,,0.01,
2023/01/23 17:00,-6.8,67,,0.0,,1.5,“ì¼,,0.01,
2023/01/23 18:00,-8.4,68,,0.0,,1.5,“ì“ì¼,,1.0e-50,
2023/01/23 19:00,-9.2,71,,0.0,,1.4,“ì¼,,1.0e-50,
2023/01/23 20:00,-9.6,72,,0.0,,1.5,“ì“ì¼,,1.0e-50,
2023/01/23 21:00,-9.7,73,,0.0,,1.7,“ì,,1.0e-50,
2023/01/23 22:00,-10.0,74,,0.0,,1.7,“ì,,1.0e-50,
2023/01/23 23:00,-9.9,75,,0.0,,1.9,“ì,,1.0e-50,
2023/01/24 0:00,-10.5,77,,0.0,,1.7,“ì“ì“Œ,,1.0e-50,
2023/01/24 1:00,-10.5,78,,0.0,,1.8,“ì“ì“Œ,,1.0e-50,
2023/01/24 2:00,-10.3,78,,0.0,,1.9,“ì“ì“Œ,,1.0e-50,
2023/01/24 3:00,-10.6,79,,0.0,,1.8,“ì“ì“Œ,,1.0e-50,
2023/01/24 4:00,-10.6,80,,0.0,,1.8,“ì“ì“Œ,,1.0e-50,
2023/01/24 5:00,-10.2,80,,0.0,,1.9,“ì“ì“Œ,,1.0e-50,
2023/01/24 6:00,-9.2,79,,0.0,,2.2,“ì“ì“Œ,,1.0e-50,
2023/01/24 7:00,-8.6,80,,0.0,,2.1,“ì“ì“Œ,,1.0e-50,
2023/01/24 8:00,-7.6,81,,0.0,,2.1,“ì“Œ,,0.01,
2023/01/24 9:00,-4.6,77,,0.0,,2.4,“ì“ì“Œ,,0.01,
2023/01/24 10:00,-2.2,74,,0.0,,2.6,“ì“ì“Œ,,0.01,
2023/01/24 11:00,0.2,72,,0.0,,2.8,“ì“ì“Œ,,0.01,
2023/01/24 12:00,1.5,70,,0.0,,3.1,“ì“ì“Œ,,0.01,
2023/01/24 13:00,2.8,69,,0.0,,2.8,“ì“ì“Œ,,0.01,
2023/01/24 14:00,3.3,72,,0.1,,2.5,“ì“ì“Œ,,0.01,
2023/01/24 15:00,2.7,79,,0.1,,2.9,“ì“ì“Œ,,0.01,
2023/01/24 16:00,1.9,86,,0.3,,2.4,“ì“ì“Œ,,0.01,
2023/01/24 17:00,0.7,91,,0.0,,2.0,“ì“ì“Œ,,0.01,
2023/01/24 18:00,0.6,94,,0.0,,1.7,“ì“ì“Œ,,1.0e-50,
2023/01/24 19:00,-0.8,92,,0.0,,1.4,“ì“ì¼,,1.0e-50,
2023/01/24 20:00,-1.1,89,,0.0,,1.6,“ì“ì¼,,1.0e-50,
2023/01/24 21:00,-0.0,92,,0.0,,1.5,“ì,,1.0e-50,
2023/01/24 22:00,-0.7,91,,0.0,,1.5,“ì,,1.0e-50,
2023/01/24 23:00,-1.2,90,,0.0,,1.6,“ì“ì“Œ,,1.0e-50,
2023/01/25 0:00,-1.2,86,,0.0,,1.7,“ì,,1.0e-50,
2023/01/25 1:00,-1.9,86,,0.0,,1.7,“ì,,1.0e-50,
2023/01/25 2:00,-2.4,86,,0.0,,1.7,“ì“ì¼,,1.0e-50,
2023/01/25 3:00,-2.8,85,,0.0,,1.7,“ì“ì¼,,1.0e-50,
2023/01/25 4:00,-3.6,85,,0.0,,1.5,“ì“ì¼,,1.0e-50,
2023/01/25 5:00,-3.7,85,,0.0,,1.6,“ì¼,,1.0e-50,
2023/01/25 6:00,-3.7,85,,0.0,,1.7,¼,,1.0e-50,
2023/01/25 7:00,-2.2,85,,0.0,,2.2,¼–k¼,,1.0e-50,
2023/01/25 8:00,-1.1,82,,0.0,,2.3,¼–k¼,,0.01,
2023/01/25 9:00,0.1,80,,0.0,,1.7,¼,,0.01,
2023/01/25 10:00,1.7,71,,0.0,,2.0,–k¼,,0.01,
2023/01/25 11:00,2.5,65,,0.0,,2.5,–k¼,,0.01,
2023/01/25 12:00,2.8,63,,0.0,,3.2,–k¼,,0.01,
2023/01/25 13:00,2.5,63,,0.0,,3.3,–k¼,,0.01,
2023/01/25 14:00,2.0,65,,0.0,,3.3,–k–k¼,,0.01,
2023/01/25 15:00,2.0,66,,0.0,,2.5,–k–k¼,,0.01,
2023/01/25 16:00,1.1,71,,0.0,,1.6,–k–k¼,,0.01,
2023/01/25 17:00,-0.1,76,,0.0,,1.1,¼–k¼,,0.01,
2023/01/25 18:00,-0.6,78,,0.0,,1.4,¼–k¼,,1.0e-50,
2023/01/25 19:00,-1.0,79,,0.0,,1.4,¼,,1.0e-50,
2023/01/25 20:00,-1.4,79,,0.0,,1.2,“ì¼,,1.0e-50,
2023/01/25 21:00,-2.4,79,,0.0,,1.3,“ì“ì¼,,1.0e-50,
2023/01/25 22:00,-2.6,79,,0.0,,1.4,“ì“ì¼,,1.0e-50,
2023/01/25 23:00,-2.8,80,,0.0,,1.1,“ì“ì¼,,1.0e-50,
2023/01/26 0:00,-2.8,82,,0.0,,1.1,“ì,,1.0e-50,
2023/01/26 1:00,-3.0,86,,0.2,,0.6,“ì“ì“Œ,,1.0e-50,
2023/01/26 2:00,-3.6,89,,0.3,,0.4,“ì“Œ,,1.0e-50,
2023/01/26 3:00,-4.1,89,,0.3,,0.7,“ì,,1.0e-50,
2023/01/26 4:00,-4.4,89,,0.4,,0.9,“ì“ì¼,,1.0e-50,
2023/01/26 5:00,-4.5,89,,0.2,,0.8,“ì¼,,1.0e-50,
2023/01/26 6:00,-4.6,89,,0.0,,0.9,¼“ì¼,,1.0e-50,
2023/01/26 7:00,-5.2,89,,0.0,,0.6,“ì“ì¼,,1.0e-50,
2023/01/26 8:00,-4.8,88,,0.0,,0.7,“ì,,0.01,
2023/01/26 9:00,-2.9,83,,0.0,,1.1,“Œ“ì“Œ,,0.01,
2023/01/26 10:00,-1.5,74,,0.0,,1.3,“Œ“ì“Œ,,0.01,
2023/01/26 11:00,0.1,71,,0.0,,1.1,“Œ,,0.01,
2023/01/26 12:00,1.1,73,,0.0,,1.4,“Œ“ì“Œ,,0.01,
2023/01/26 13:00,0.1,80,,0.6,,4.5,–k¼,,0.01,
2023/01/26 14:00,-1.8,75,,1.0,,5.9,–k¼,,0.01,
2023/01/26 15:00,-2.1,73,,0.6,,5.7,–k–k¼,,0.01,
2023/01/26 16:00,-2.7,72,,0.5,,5.7,–k–k¼,,0.01,
2023/01/26 17:00,-3.1,70,,0.3,,5.8,–k–k¼,,0.01,
2023/01/26 18:00,-3.4,66,,0.1,,5.1,–k–k¼,,1.0e-50,
2023/01/26 19:00,-4.1,61,,0.1,,4.1,–k–k¼,,1.0e-50,
2023/01/26 20:00,-4.4,59,,0.0,,3.4,–k–k¼,,1.0e-50,
2023/01/26 21:00,-3.8,77,,0.3,,3.5,–k–k¼,,1.0e-50,
2023/01/26 22:00,-3.6,68,,1.6,,4.6,–k–k¼,,1.0e-50,
2023/01/26 23:00,-4.2,62,,0.6,,4.9,–k–k¼,,1.0e-50,
2023/01/27 0:00,-4.6,55,,0.3,,4.7,–k¼,,1.0e-50,
2023/01/27 1:00,-5.2,50,,0.1,,4.5,–k¼,,1.0e-50,
2023/01/27 2:00,-5.6,52,,0.1,,4.1,–k¼,,1.0e-50,
2023/01/27 3:00,-6.0,54,,0.2,,3.8,–k¼,,1.0e-50,
2023/01/27 4:00,-6.2,53,,0.2,,3.8,–k¼,,1.0e-50,
2023/01/27 5:00,-6.3,54,,0.2,,3.6,–k¼,,1.0e-50,
2023/01/27 6:00,-6.6,55,,0.2,,2.8,–k¼,,1.0e-50,
2023/01/27 7:00,-6.8,58,,0.1,,2.3,–k¼,,1.0e-50,
2023/01/27 8:00,-6.7,62,,0.1,,2.2,¼–k¼,,0.01,
2023/01/27 9:00,-5.9,58,,0.1,,2.7,¼–k¼,,0.01,
2023/01/27 10:00,-5.3,52,,0.0,,3.2,¼–k¼,,0.01,
2023/01/27 11:00,-4.7,50,,0.0,,3.0,¼–k¼,,0.01,
2023/01/27 12:00,-4.5,48,,0.0,,2.7,¼–k¼,,0.01,
2023/01/27 13:00,-4.0,48,,0.0,,2.5,–k¼,,0.01,
2023/01/27 14:00,-3.6,49,,0.0,,2.3,–k¼,,0.01,
2023/01/27 15:00,-3.3,49,,0.0,,1.9,¼–k¼,,0.01,
2023/01/27 16:00,-4.4,65,,0.0,,0.7,¼–k¼,,0.01,
2023/01/27 17:00,-5.7,65,,0.0,,1.3,“ì,,0.01,
2023/01/27 18:00,-6.4,67,,0.0,,1.7,“ì,,1.0e-50,
2023/01/27 19:00,-7.1,68,,0.0,,1.6,“ì,,1.0e-50,
2023/01/27 20:00,-7.4,69,,0.0,,1.7,“ì“ì“Œ,,1.0e-50,
2023/01/27 21:00,-7.3,70,,0.0,,1.7,“ì“ì“Œ,,1.0e-50,
2023/01/27 22:00,-6.9,70,,0.0,,1.9,“ì“ì“Œ,,1.0e-50,
2023/01/27 23:00,-6.2,70,,0.0,,2.1,“ì“Œ,,1.0e-50,
2023/01/28 0:00,-4.9,69,,0.0,,2.4,“ì“ì“Œ,,1.0e-50,
2023/01/28 1:00,-3.6,69,,0.0,,3.1,“ì“ì“Œ,,1.0e-50,
2023/01/28 2:00,-2.4,71,,0.1,,3.8,“ì“ì“Œ,,1.0e-50,
2023/01/28 3:00,-2.0,81,,0.3,,4.1,“ì“ì“Œ,,1.0e-50,
2023/01/28 4:00,-1.2,82,,0.7,,3.8,“ì“ì“Œ,,1.0e-50,
2023/01/28 5:00,-0.6,84,,0.8,,3.5,“ì“ì“Œ,,1.0e-50,
2023/01/28 6:00,-0.9,93,,1.2,,2.2,“ì“Œ,,1.0e-50,
2023/01/28 7:00,-0.7,90,,0.5,,2.2,“ì“Œ,,1.0e-50,
2023/01/28 8:00,-0.6,86,,0.3,,1.9,“ì“Œ,,0.01,
2023/01/28 9:00,0.6,85,,0.2,,1.8,“ì“ì“Œ,,0.01,
2023/01/28 10:00,1.5,82,,0.3,,1.0,“ì“ì“Œ,,0.01,
2023/01/28 11:00,2.5,73,,0.2,,1.2,¼“ì¼,,0.01,
2023/01/28 12:00,2.5,67,,0.2,,2.4,¼–k¼,,0.01,
2023/01/28 13:00,2.3,59,,0.1,,3.6,¼,,0.01,
2023/01/28 14:00,1.4,57,,0.1,,4.1,¼,,0.01,
2023/01/28 15:00,0.5,54,,0.1,,3.7,¼,,0.01,
2023/01/28 16:00,-1.3,55,,0.0,,3.2,¼–k¼,,0.01,
2023/01/28 17:00,-3.0,56,,0.0,,2.8,¼–k¼,,0.01,
2023/01/28 18:00,-4.0,59,,0.1,,2.3,¼–k¼,,1.0e-50,
2023/01/28 19:00,-4.7,60,,0.1,,2.2,¼–k¼,,1.0e-50,
2023/01/28 20:00,-5.3,61,,0.1,,2.7,¼–k¼,,1.0e-50,
2023/01/28 21:00,-5.9,57,,0.2,,2.7,¼,,1.0e-50,
2023/01/28 22:00,-6.3,55,,0.1,,3.0,¼–k¼,,1.0e-50,
2023/01/28 23:00,-6.7,52,,0.2,,4.1,¼–k¼,,1.0e-50,
2023/01/29 0:00,-7.6,52,,0.1,,3.7,¼–k¼,,1.0e-50,
2023/01/29 1:00,-8.3,50,,0.1,,4.2,¼–k¼,,1.0e-50,
2023/01/29 2:00,-8.7,50,,0.1,,4.2,¼–k¼,,1.0e-50,
2023/01/29 3:00,-9.1,50,,0.1,,4.0,¼–k¼,,1.0e-50,
2023/01/29 4:00,-9.0,51,,0.1,,4.4,¼–k¼,,1.0e-50,
2023/01/29 5:00,-8.8,53,,0.2,,4.4,¼–k¼,,1.0e-50,
2023/01/29 6:00,-8.3,58,,0.3,,3.7,¼–k¼,,1.0e-50,
2023/01/29 7:00,-8.1,57,,0.4,,3.9,¼–k¼,,1.0e-50,
2023/01/29 8:00,-8.0,55,,0.3,,4.2,¼–k¼,,0.01,
2023/01/29 9:00,-7.5,53,,0.1,,4.6,¼–k¼,,0.01,
2023/01/29 10:00,-6.7,50,,0.1,,5.1,¼–k¼,,0.01,
2023/01/29 11:00,-6.2,47,,0.1,,5.1,¼–k¼,,0.01,
2023/01/29 12:00,-5.6,46,,0.1,,4.5,¼–k¼,,0.01,
2023/01/29 13:00,-5.3,48,,0.1,,4.5,¼–k¼,,0.01,
2023/01/29 14:00,-5.2,48,,0.0,,4.2,¼–k¼,,0.01,
2023/01/29 15:00,-4.9,49,,0.0,,3.3,¼–k¼,,0.01,
2023/01/29 16:00,-5.5,55,,0.0,,2.0,¼–k¼,,0.01,
2023/01/29 17:00,-7.1,65,,0.0,,1.2,¼,,0.01,
2023/01/29 18:00,-6.8,62,,0.0,,1.2,“ì“ì¼,,1.0e-50,
2023/01/29 19:00,-7.0,61,,0.0,,1.4,“ì“ì¼,,1.0e-50,
2023/01/29 20:00,-7.4,64,,0.0,,1.5,“ì,,1.0e-50,
2023/01/29 21:00,-8.1,68,,0.0,,1.6,“ì“ì¼,,1.0e-50,
2023/01/29 22:00,-8.2,69,,0.0,,1.7,“ì,,1.0e-50,
2023/01/29 23:00,-8.4,70,,0.0,,1.5,“ì“ì“Œ,,1.0e-50,
2023/01/30 0:00,-8.0,70,,0.0,,2.0,“ì“ì“Œ,,1.0e-50,
2023/01/30 1:00,-7.0,70,,0.0,,2.1,“ì“ì“Œ,,1.0e-50,
2023/01/30 2:00,-6.0,73,,0.0,,2.6,“ì“Œ,,1.0e-50,
2023/01/30 3:00,-4.9,75,,0.1,,3.5,“ì“Œ,,1.0e-50,
2023/01/30 4:00,-3.2,79,,0.2,,3.9,“ì“ì“Œ,,1.0e-50,
2023/01/30 5:00,-1.9,85,,0.4,,3.7,“ì“Œ,,1.0e-50,
2023/01/30 6:00,-1.4,87,,0.3,,3.8,“ì“Œ,,1.0e-50,
2023/01/30 7:00,-0.4,88,,0.0,,3.7,“ì“Œ,,1.0e-50,
2023/01/30 8:00,0.7,87,,0.1,,3.8,“ì“Œ,,0.01,
2023/01/30 9:00,1.9,86,,0.1,,3.6,“ì“Œ,,0.01,
2023/01/30 10:00,3.7,80,,0.1,,3.3,“ì“Œ,,0.01,
2023/01/30 11:00,5.7,72,,0.0,,2.4,“ì“Œ,,0.01,
2023/01/30 12:00,6.7,66,,0.0,,2.1,“ì“ì“Œ,,0.01,
2023/01/30 13:00,7.2,62,,0.0,,2.2,“ì,,0.01,
2023/01/30 14:00,7.1,58,,0.0,,1.7,“ì,,0.01,
2023/01/30 15:00,5.8,66,,0.0,,1.2,“Œ“ì“Œ,,0.01,
2023/01/30 16:00,4.2,78,,0.1,,1.1,“Œ“ì“Œ,,0.01,
2023/01/30 17:00,2.5,85,,0.2,,0.9,“Œ–k“Œ,,0.01,
2023/01/30 18:00,2.1,84,,0.1,,1.3,“Œ“ì“Œ,,1.0e-50,
2023/01/30 19:00,1.3,86,,0.1,,1.4,“Œ“ì“Œ,,1.0e-50,
2023/01/30 20:00,1.3,86,,0.1,,2.0,“ì“ì“Œ,,1.0e-50,
2023/01/30 21:00,1.4,83,,0.0,,1.5,“ì,,1.0e-50,
2023/01/30 22:00,0.9,83,,0.0,,1.8,“ì,,1.0e-50,
2023/01/30 23:00,1.0,82,,0.0,,1.6,“ì“ì¼,,1.0e-50,
2023/01/31 0:00,0.1,88,,0.1,,1.0,¼,,1.0e-50,
2023/01/31 1:00,0.1,89,,0.5,,1.7,–k¼,,1.0e-50,
2023/01/31 2:00,0.5,88,,1.0,,2.3,–k¼,,1.0e-50,
2023/01/31 3:00,-0.1,78,,1.3,,3.7,–k¼,,1.0e-50,
2023/01/31 4:00,-0.8,69,,0.1,,4.0,–k¼,,1.0e-50,
2023/01/31 5:00,-2.1,61,,0.0,,5.0,¼–k¼,,1.0e-50,
2023/01/31 6:00,-3.4,59,,0.0,,3.9,¼–k¼,,1.0e-50,
2023/01/31 7:00,-4.4,55,,0.0,,4.1,¼–k¼,,1.0e-50,
2023/01/31 8:00,-4.3,61,,0.1,,4.3,¼–k¼,,0.01,
2023/01/31 9:00,-3.2,53,,0.1,,5.3,¼,,0.01,
2023/01/31 10:00,-2.9,55,,0.2,,6.0,¼–k¼,,0.01,
2023/01/31 11:00,-2.5,61,,0.7,,6.2,¼–k¼,,0.01,
2023/01/31 12:00,-2.8,59,,0.7,,6.1,¼–k¼,,0.01,
2023/01/31 13:00,-3.3,73,,2.9,,5.0,–k¼,,0.01,
2023/01/31 14:00,-3.5,73,,3.4,,4.6,–k¼,,0.01,
2023/01/31 15:00,-3.3,63,,1.4,,4.7,–k¼,,0.01,
2023/01/31 16:00,-3.8,65,,0.9,,4.2,–k¼,,0.01,
2023/01/31 17:00,-4.3,69,,1.0,,4.0,¼–k¼,,0.01,
2023/01/31 18:00,-4.6,57,,0.6,,3.3,¼–k¼,,1.0e-50,
2023/01/31 19:00,-5.1,62,,0.1,,3.6,¼–k¼,,1.0e-50,
2023/01/31 20:00,-5.5,57,,0.1,,3.9,¼–k¼,,1.0e-50,
2023/01/31 21:00,-6.3,60,,0.1,,3.0,¼–k¼,,1.0e-50,
2023/01/31 22:00,-6.0,57,,0.1,,3.9,¼–k¼,,1.0e-50,
2023/01/31 23:00,-6.3,55,,0.1,,4.0,¼–k¼,,1.0e-50,
2023/02/01 0:00,-6.7,54,,0.1,,3.8,¼–k¼,,1.0e-50,
2023/02/01 1:00,-6.9,54,,0.1,,3.9,¼–k¼,,1.0e-50,
2023/02/01 2:00,-7.0,55,,0.1,,3.8,¼–k¼,,1.0e-50,
2023/02/01 3:00,-7.5,56,,0.2,,3.3,¼–k¼,,1.0e-50,
2023/02/01 4:00,-7.5,57,,0.1,,3.4,¼–k¼,,1.0e-50,
2023/02/01 5:00,-7.5,57,,0.1,,3.2,¼–k¼,,1.0e-50,
2023/02/01 6:00,-7.5,58,,0.1,,2.8,¼,,1.0e-50,
2023/02/01 7:00,-7.4,60,,0.1,,2.6,¼,,1.0e-50,
2023/02/01 8:00,-6.8,62,,0.1,,2.6,¼,,0.01,
2023/02/01 9:00,-5.4,57,,0.1,,2.5,¼,,0.01,
2023/02/01 10:00,-3.9,51,,0.1,,3.8,¼–k¼,,0.01,
2023/02/01 11:00,-3.2,47,,0.1,,4.3,¼–k¼,,0.01,
2023/02/01 12:00,-3.1,44,,0.0,,4.4,¼–k¼,,0.01,
2023/02/01 13:00,-3.2,45,,0.0,,4.6,¼–k¼,,0.01,
2023/02/01 14:00,-3.5,46,,0.0,,4.7,¼–k¼,,0.01,
2023/02/01 15:00,-3.9,48,,0.0,,3.7,¼–k¼,,0.01,
2023/02/01 16:00,-4.6,52,,0.0,,2.7,¼–k¼,,0.01,
2023/02/01 17:00,-5.8,57,,0.0,,2.3,¼–k¼,,0.01,
2023/02/01 18:00,-6.9,62,,0.0,,1.9,¼–k¼,,1.0e-50,
2023/02/01 19:00,-7.2,64,,0.0,,2.0,¼,,1.0e-50,
2023/02/01 20:00,-7.7,65,,0.0,,1.7,¼“ì¼,,1.0e-50,
2023/02/01 21:00,-8.2,64,,0.0,,1.8,“ì¼,,1.0e-50,
2023/02/01 22:00,-8.6,65,,0.0,,1.9,“ì¼,,1.0e-50,
2023/02/01 23:00,-9.1,68,,0.0,,1.8,“ì¼,,1.0e-50,
2023/02/02 0:00,-9.4,70,,0.0,,1.8,“ì¼,,1.0e-50,
2023/02/02 1:00,-9.7,69,,0.0,,1.8,¼“ì¼,,1.0e-50,
2023/02/02 2:00,-10.0,68,,0.0,,1.8,¼“ì¼,,1.0e-50,
2023/02/02 3:00,-10.0,68,,0.0,,1.7,¼“ì¼,,1.0e-50,
2023/02/02 4:00,-10.1,67,,0.0,,1.7,“ì“ì¼,,1.0e-50,
2023/02/02 5:00,-10.4,68,,0.0,,1.7,“ì,,1.0e-50,
2023/02/02 6:00,-10.2,66,,0.0,,2.1,“ì,,1.0e-50,
2023/02/02 7:00,-9.8,67,,0.0,,2.3,“ì“ì“Œ,,1.0e-50,
2023/02/02 8:00,-8.8,70,,0.0,,2.1,“ì“ì“Œ,,0.01,
2023/02/02 9:00,-6.5,68,,0.0,,2.6,“ì“Œ,,0.01,
2023/02/02 10:00,-3.8,64,,0.0,,3.5,“ì“ì“Œ,,0.01,
2023/02/02 11:00,-1.9,63,,0.0,,3.8,“ì“ì“Œ,,0.01,
2023/02/02 12:00,-0.7,64,,0.0,,4.5,“ì“ì“Œ,,0.01,
2023/02/02 13:00,0.4,63,,0.0,,4.7,“ì“ì“Œ,,0.01,
2023/02/02 14:00,0.4,68,,0.0,,4.8,“ì“ì“Œ,,0.01,
2023/02/02 15:00,0.6,72,,0.0,,4.6,“ì“ì“Œ,,0.01,
2023/02/02 16:00,0.5,77,,0.0,,4.4,“ì“ì“Œ,,0.01,
2023/02/02 17:00,0.5,80,,0.0,,3.7,“ì“ì“Œ,,0.01,
2023/02/02 18:00,1.4,81,,0.0,,4.4,“ì“ì“Œ,,1.0e-50,
2023/02/02 19:00,1.9,82,,0.0,,4.1,“ì“ì“Œ,,1.0e-50,
2023/02/02 20:00,2.4,81,,0.0,,3.9,“ì“ì“Œ,,1.0e-50,
2023/02/02 21:00,2.2,86,,0.0,,4.0,“ì“Œ,,1.0e-50,
2023/02/02 22:00,2.3,87,,0.1,,2.7,“ì“Œ,,1.0e-50,
2023/02/02 23:00,2.0,90,,0.1,,1.8,“ì“ì“Œ,,1.0e-50,
2023/02/03 0:00,2.1,91,,0.1,,1.2,“ì,,1.0e-50,
2023/02/03 1:00,3.3,78,,0.1,,2.6,¼–k¼,,1.0e-50,
2023/02/03 2:00,2.9,74,,0.3,,2.8,¼–k¼,,1.0e-50,
2023/02/03 3:00,-0.1,82,,0.3,,1.9,¼–k¼,,1.0e-50,
2023/02/03 4:00,0.3,76,,0.2,,3.2,¼–k¼,,1.0e-50,
2023/02/03 5:00,-0.3,61,,0.2,,4.1,¼–k¼,,1.0e-50,
2023/02/03 6:00,-1.6,59,,0.0,,3.0,¼–k¼,,1.0e-50,
2023/02/03 7:00,-2.7,55,,0.0,,2.9,¼–k¼,,0.01,
2023/02/03 8:00,-2.9,56,,0.0,,3.1,¼–k¼,,0.01,
2023/02/03 9:00,-2.0,58,,0.0,,2.1,¼,,0.01,
2023/02/03 10:00,-1.1,50,,0.0,,3.8,¼,,0.01,
2023/02/03 11:00,-1.1,48,,0.0,,4.5,¼–k¼,,0.01,
2023/02/03 12:00,-1.2,47,,0.0,,3.5,¼–k¼,,0.01,
2023/02/03 13:00,-1.4,47,,0.0,,3.4,¼–k¼,,0.01,
2023/02/03 14:00,-1.7,48,,0.0,,2.7,¼–k¼,,0.01,
2023/02/03 15:00,-2.6,50,,0.0,,2.3,–k¼,,0.01,
2023/02/03 16:00,-3.3,56,,0.0,,2.0,–k¼,,0.01,
2023/02/03 17:00,-4.1,63,,0.1,,1.4,–k¼,,0.01,
2023/02/03 18:00,-4.4,63,,0.1,,1.4,–k¼,,1.0e-50,
2023/02/03 19:00,-4.8,64,,0.0,,1.5,–k¼,,1.0e-50,
2023/02/03 20:00,-5.2,64,,0.0,,1.4,¼–k¼,,1.0e-50,
2023/02/03 21:00,-5.6,63,,0.0,,1.5,¼,,1.0e-50,
2023/02/03 22:00,-5.9,62,,0.0,,1.4,¼,,1.0e-50,
2023/02/03 23:00,-6.1,62,,0.0,,1.5,¼“ì¼,,1.0e-50,
2023/02/04 0:00,-6.8,63,,0.0,,1.8,¼“ì¼,,1.0e-50,
2023/02/04 1:00,-7.4,62,,0.0,,1.9,¼“ì¼,,1.0e-50,
2023/02/04 2:00,-7.8,62,,0.0,,2.2,¼,,1.0e-50,
2023/02/04 3:00,-9.1,65,,0.0,,1.9,¼,,1.0e-50,
2023/02/04 4:00,-8.9,65,,0.0,,2.4,¼,,1.0e-50,
2023/02/04 5:00,-8.5,61,,0.0,,2.7,¼–k¼,,1.0e-50,
2023/02/04 6:00,-8.7,60,,0.0,,2.1,¼,,1.0e-50,
2023/02/04 7:00,-8.8,61,,0.0,,2.2,¼,,0.01,
2023/02/04 8:00,-8.0,65,,0.1,,2.1,¼–k¼,,0.01,
2023/02/04 9:00,-6.5,58,,0.2,,2.0,¼–k¼,,0.01,
2023/02/04 10:00,-5.3,49,,0.0,,2.7,–k¼,,0.01,
2023/02/04 11:00,-5.1,49,,0.0,,3.0,–k–k¼,,0.01,
2023/02/04 12:00,-5.3,50,,0.0,,3.6,–k–k¼,,0.01,
2023/02/04 13:00,-5.4,50,,0.0,,3.6,–k–k¼,,0.01,
2023/02/04 14:00,-5.6,51,,0.0,,3.6,–k–k¼,,0.01,
2023/02/04 15:00,-5.7,53,,0.0,,3.2,–k–k¼,,0.01,
2023/02/04 16:00,-6.1,56,,0.1,,2.3,–k–k¼,,0.01,
2023/02/04 17:00,-6.6,61,,0.1,,1.5,–k–k¼,,0.01,
2023/02/04 18:00,-6.9,69,,0.2,,1.1,–k¼,,1.0e-50,
2023/02/04 19:00,-7.7,73,,0.3,,0.7,–k¼,,1.0e-50,
2023/02/04 20:00,-8.1,75,,0.3,,0.7,¼“ì¼,,1.0e-50,
2023/02/04 21:00,-8.9,79,,0.7,,0.2,–k¼,,1.0e-50,
2023/02/04 22:00,-9.2,83,,0.8,,0.3,–k,,1.0e-50,
2023/02/04 23:00,-9.5,80,,0.4,,0.6,¼“ì¼,,1.0e-50,
2023/02/05 0:00,-9.6,74,,0.3,,1.0,¼,,1.0e-50,
2023/02/05 1:00,-9.5,69,,0.1,,1.6,¼,,1.0e-50,
2023/02/05 2:00,-9.7,66,,0.0,,1.6,¼,,1.0e-50,
2023/02/05 3:00,-10.0,65,,0.0,,1.3,¼,,1.0e-50,
2023/02/05 4:00,-10.0,64,,0.0,,1.3,¼,,1.0e-50,
2023/02/05 5:00,-10.1,66,,0.2,,1.4,¼,,1.0e-50,
2023/02/05 6:00,-11.5,65,,0.7,,1.6,“ì¼,,1.0e-50,
2023/02/05 7:00,-11.2,68,,0.1,,1.6,¼“ì¼,,0.01,
2023/02/05 8:00,-9.7,70,,0.3,,1.6,¼“ì¼,,0.01,
2023/02/05 9:00,-8.1,66,,0.1,,0.5,“ì,,0.01,
2023/02/05 10:00,-7.2,69,,0.6,,2.2,–k,,0.01,
2023/02/05 11:00,-7.8,67,,0.4,,2.8,–k,,0.01,
2023/02/05 12:00,-7.3,54,,0.0,,2.0,–k,,0.01,
2023/02/05 13:00,-5.9,50,,0.0,,3.6,–k–k¼,,0.01,
2023/02/05 14:00,-5.9,57,,0.3,,4.1,–k–k¼,,0.01,
2023/02/05 15:00,-5.9,53,,0.4,,3.5,–k,,0.01,
2023/02/05 16:00,-6.3,59,,0.2,,2.6,–k–k¼,,0.01,
2023/02/05 17:00,-7.0,69,,0.6,,1.7,–k,,0.01,
2023/02/05 18:00,-8.0,75,,1.3,,0.1,–k–k¼,,1.0e-50,
2023/02/05 19:00,-8.6,79,,1.1,,0.5,“ì,,1.0e-50,
2023/02/05 20:00,-9.0,82,,2.1,,0.7,“Œ“ì“Œ,,1.0e-50,
2023/02/05 21:00,-9.0,80,,1.7,,1.2,“Œ“ì“Œ,,1.0e-50,
2023/02/05 22:00,-9.3,81,,2.4,,0.8,“ì“Œ,,1.0e-50,
2023/02/05 23:00,-9.3,83,,2.8,,0.3,–k–k¼,,1.0e-50,
2023/02/06 0:00,-9.5,71,,1.7,,1.3,¼,,1.0e-50,
2023/02/06 1:00,-8.8,61,,0.1,,2.7,¼,,1.0e-50,
2023/02/06 2:00,-8.3,56,,0.0,,3.1,¼,,1.0e-50,
2023/02/06 3:00,-8.9,56,,0.0,,2.9,¼,,1.0e-50,
2023/02/06 4:00,-8.7,53,,0.0,,3.2,¼,,1.0e-50,
2023/02/06 5:00,-8.8,55,,0.0,,3.1,¼,,1.0e-50,
2023/02/06 6:00,-8.7,52,,0.0,,3.2,¼,,1.0e-50,
2023/02/06 7:00,-8.8,51,,0.0,,3.4,¼,,0.01,
2023/02/06 8:00,-8.5,53,,0.0,,3.3,¼,,0.01,
2023/02/06 9:00,-7.7,50,,0.0,,3.2,¼,,0.01,
2023/02/06 10:00,-7.1,45,,0.0,,3.8,¼–k¼,,0.01,
2023/02/06 11:00,-6.8,42,,0.1,,4.0,¼–k¼,,0.01,
2023/02/06 12:00,-7.0,41,,0.0,,4.0,¼,,0.01,
2023/02/06 13:00,-7.2,40,,0.0,,4.4,¼–k¼,,0.01,
2023/02/06 14:00,-7.6,40,,0.0,,4.3,¼–k¼,,0.01,
2023/02/06 15:00,-7.7,41,,0.0,,3.5,¼–k¼,,0.01,
2023/02/06 16:00,-8.3,46,,0.0,,2.9,¼–k¼,,0.01,
2023/02/06 17:00,-9.5,52,,0.0,,2.0,¼–k¼,,0.01,
2023/02/06 18:00,-10.4,59,,0.0,,1.7,¼“ì¼,,1.0e-50,
2023/02/06 19:00,-10.9,62,,0.0,,1.8,“ì¼,,1.0e-50,
2023/02/06 20:00,-11.2,63,,0.0,,1.9,“ì¼,,1.0e-50,
2023/02/06 21:00,-11.1,63,,0.0,,2.0,“ì¼,,1.0e-50,
2023/02/06 22:00,-11.1,63,,0.0,,2.1,¼“ì¼,,1.0e-50,
2023/02/06 23:00,-11.0,64,,0.0,,2.0,¼“ì¼,,1.0e-50,
2023/02/07 0:00,-11.3,65,,0.0,,2.0,¼“ì¼,,1.0e-50,
2023/02/07 1:00,-11.3,65,,0.0,,2.1,¼“ì¼,,1.0e-50,
2023/02/07 2:00,-11.1,63,,0.0,,2.3,¼“ì¼,,1.0e-50,
2023/02/07 3:00,-11.4,62,,0.0,,2.2,¼“ì¼,,1.0e-50,
2023/02/07 4:00,-11.1,61,,0.0,,2.5,¼,,1.0e-50,
2023/02/07 5:00,-10.5,58,,0.0,,2.9,¼,,1.0e-50,
2023/02/07 6:00,-10.5,56,,0.0,,2.9,¼,,1.0e-50,
2023/02/07 7:00,-9.8,56,,0.0,,2.9,¼,,0.01,
2023/02/07 8:00,-8.9,62,,0.3,,2.6,¼–k¼,,0.01,
2023/02/07 9:00,-7.2,55,,0.3,,3.0,¼–k¼,,0.01,
2023/02/07 10:00,-6.5,49,,0.1,,3.7,¼–k¼,,0.01,
2023/02/07 11:00,-6.2,49,,0.2,,4.0,–k¼,,0.01,
2023/02/07 12:00,-6.4,49,,0.2,,4.0,–k¼,,0.01,
2023/02/07 13:00,-6.4,50,,0.3,,4.1,–k¼,,0.01,
2023/02/07 14:00,-6.5,49,,0.2,,4.0,–k¼,,0.01,
2023/02/07 15:00,-6.7,50,,0.1,,3.8,–k¼,,0.01,
2023/02/07 16:00,-7.1,54,,0.2,,3.1,–k¼,,0.01,
2023/02/07 17:00,-7.7,57,,0.2,,2.5,¼–k¼,,0.01,
2023/02/07 18:00,-8.1,59,,0.2,,1.9,¼–k¼,,1.0e-50,
2023/02/07 19:00,-8.3,59,,0.1,,2.0,¼–k¼,,1.0e-50,
2023/02/07 20:00,-8.5,60,,0.2,,2.0,¼,,1.0e-50,
2023/02/07 21:00,-8.8,63,,0.3,,1.9,¼,,1.0e-50,
2023/02/07 22:00,-9.1,65,,0.2,,1.5,¼,,1.0e-50,
2023/02/07 23:00,-9.9,61,,0.0,,1.7,¼“ì¼,,1.0e-50,
2023/02/08 0:00,-9.8,66,,0.1,,0.9,¼,,1.0e-50,
2023/02/08 1:00,-10.5,76,,0.9,,0.7,–k–k“Œ,,1.0e-50,
2023/02/08 2:00,-11.5,81,,0.3,,0.4,¼–k¼,,1.0e-50,
2023/02/08 3:00,-12.8,77,,0.0,,0.5,¼–k¼,,1.0e-50,
2023/02/08 4:00,-13.3,78,,0.0,,0.7,¼“ì¼,,1.0e-50,
2023/02/08 5:00,-13.4,79,,0.0,,0.8,“ì¼,,1.0e-50,
2023/02/08 6:00,-13.7,78,,0.0,,0.7,“ì,,1.0e-50,
2023/02/08 7:00,-13.7,77,,0.0,,1.1,“ì“ì¼,,0.01,
2023/02/08 8:00,-12.0,76,,0.0,,1.2,“ì“ì¼,,0.01,
2023/02/08 9:00,-9.9,66,,0.0,,0.8,“ì“ì“Œ,,0.01,
2023/02/08 10:00,-8.6,58,,0.0,,1.3,“Œ“ì“Œ,,0.01,
2023/02/08 11:00,-7.7,50,,0.0,,1.5,“Œ“ì“Œ,,0.01,
2023/02/08 12:00,-7.0,46,,0.0,,1.4,“Œ,,0.01,
2023/02/08 13:00,-6.7,45,,0.0,,2.0,“Œ,,0.01,
2023/02/08 14:00,-6.5,43,,0.0,,2.1,“Œ,,0.01,
2023/02/08 15:00,-6.2,45,,0.0,,1.8,“Œ“ì“Œ,,0.01,
2023/02/08 16:00,-6.7,51,,0.0,,1.4,“Œ“ì“Œ,,0.01,
2023/02/08 17:00,-8.0,63,,0.0,,1.0,“ì“Œ,,0.01,
2023/02/08 18:00,-9.5,68,,0.0,,1.1,“ì,,1.0e-50,
2023/02/08 19:00,-9.8,65,,0.0,,1.4,“ì“ì¼,,1.0e-50,
2023/02/08 20:00,-9.8,63,,0.0,,1.2,“ì“ì¼,,1.0e-50,
2023/02/08 21:00,-10.2,62,,0.0,,1.0,“ì“ì“Œ,,1.0e-50,
2023/02/08 22:00,-10.6,62,,0.0,,1.0,“ì“ì“Œ,,1.0e-50,
2023/02/08 23:00,-10.6,65,,0.0,,0.6,“ì“Œ,,1.0e-50,
2023/02/09 0:00,-10.8,67,,0.0,,1.0,“ì“ì“Œ,,1.0e-50,
2023/02/09 1:00,-10.5,68,,0.0,,1.1,“ì“ì“Œ,,1.0e-50,
2023/02/09 2:00,-10.4,70,,0.0,,0.9,“ì“Œ,,1.0e-50,
2023/02/09 3:00,-11.1,73,,0.0,,0.8,“ì,,1.0e-50,
2023/02/09 4:00,-10.5,68,,0.0,,1.4,“ì¼,,1.0e-50,
2023/02/09 5:00,-10.1,67,,0.0,,1.5,¼“ì¼,,1.0e-50,
2023/02/09 6:00,-10.1,59,,0.0,,1.4,¼,,1.0e-50,
2023/02/09 7:00,-10.0,56,,0.0,,1.1,¼–k¼,,0.01,
2023/02/09 8:00,-9.3,54,,0.0,,0.9,–k¼,,0.01,
2023/02/09 9:00,-8.2,50,,0.0,,0.2,“ì,,0.01,
2023/02/09 10:00,-7.4,41,,0.0,,0.4,“ì“Œ,,0.01,
2023/02/09 11:00,-6.4,41,,0.0,,0.6,“ì“ì“Œ,,0.01,
2023/02/09 12:00,-5.3,39,,0.0,,0.4,“ì“ì“Œ,,0.01,
2023/02/09 13:00,-4.8,44,,0.0,,0.6,“ì“Œ,,0.01,
2023/02/09 14:00,-4.6,50,,0.1,,0.5,“Œ,,0.01,
2023/02/09 15:00,-5.2,56,,0.1,,1.0,–k–k“Œ,,0.01,
2023/02/09 16:00,-5.7,69,,0.2,,0.5,–k–k“Œ,,0.01,
2023/02/09 17:00,-6.3,76,,0.2,,0.6,¼–k¼,,0.01,
2023/02/09 18:00,-6.5,75,,0.1,,0.7,¼–k¼,,1.0e-50,
2023/02/09 19:00,-6.7,75,,0.2,,0.9,–k¼,,1.0e-50,
2023/02/09 20:00,-7.0,79,,0.1,,0.7,–k¼,,1.0e-50,
2023/02/09 21:00,-7.1,79,,0.1,,0.9,¼,,1.0e-50,
2023/02/09 22:00,-7.1,81,,0.2,,0.9,¼,,1.0e-50,
2023/02/09 23:00,-7.1,80,,0.1,,1.0,¼,,1.0e-50,
2023/02/10 0:00,-7.2,79,,0.0,,0.9,¼,,1.0e-50,
2023/02/10 1:00,-7.3,80,,0.1,,0.8,¼,,1.0e-50,
2023/02/10 2:00,-7.9,84,,0.1,,0.4,¼,,1.0e-50,
2023/02/10 3:00,-7.4,83,,0.1,,1.0,¼,,1.0e-50,
2023/02/10 4:00,-7.7,86,,0.1,,0.3,¼,,1.0e-50,
2023/02/10 5:00,-7.4,84,,0.1,,0.8,¼“ì¼,,1.0e-50,
2023/02/10 6:00,-7.7,86,,0.0,,0.7,¼–k¼,,1.0e-50,
2023/02/10 7:00,-7.9,83,,0.0,,1.2,¼,,0.01,
2023/02/10 8:00,-7.1,83,,0.0,,0.9,¼,,0.01,
2023/02/10 9:00,-4.9,68,,0.0,,1.1,–k¼,,0.01,
2023/02/10 10:00,-3.8,61,,0.0,,1.3,–k–k¼,,0.01,
2023/02/10 11:00,-2.7,62,,0.0,,1.8,–k–k¼,,0.01,
2023/02/10 12:00,-1.6,61,,0.0,,2.9,–k–k¼,,0.01,
2023/02/10 13:00,-1.5,64,,0.0,,3.5,–k¼,,0.01,
2023/02/10 14:00,-1.9,65,,0.0,,3.6,–k–k¼,,0.01,
2023/02/10 15:00,-1.6,65,,0.0,,3.1,–k–k¼,,0.01,
2023/02/10 16:00,-2.1,69,,0.0,,2.0,–k–k¼,,0.01,
2023/02/10 17:00,-3.4,76,,0.0,,1.4,–k¼,,0.01,
2023/02/10 18:00,-4.2,77,,0.0,,1.6,¼–k¼,,1.0e-50,
2023/02/10 19:00,-4.9,78,,0.0,,1.6,¼,,1.0e-50,
2023/02/10 20:00,-5.4,81,,0.0,,1.4,¼,,1.0e-50,
2023/02/10 21:00,-6.0,81,,0.1,,1.2,¼,,1.0e-50,
2023/02/10 22:00,-6.7,83,,0.2,,0.8,¼“ì¼,,1.0e-50,
2023/02/10 23:00,-6.8,83,,0.3,,0.9,“ì¼,,1.0e-50,
2023/02/11 0:00,-7.2,76,,0.2,,1.2,“ì¼,,1.0e-50,
2023/02/11 1:00,-7.1,77,,0.0,,1.2,¼“ì¼,,1.0e-50,
2023/02/11 2:00,-7.3,79,,0.1,,1.0,¼“ì¼,,1.0e-50,
2023/02/11 3:00,-7.8,76,,0.3,,1.0,“ì¼,,1.0e-50,
2023/02/11 4:00,-8.0,79,,0.0,,0.9,“ì“ì¼,,1.0e-50,
2023/02/11 5:00,-8.4,81,,0.0,,0.8,“ì¼,,1.0e-50,
2023/02/11 6:00,-8.7,80,,0.0,,1.4,¼“ì¼,,1.0e-50,
2023/02/11 7:00,-8.3,81,,0.0,,1.4,¼“ì¼,,0.01,
2023/02/11 8:00,-6.7,80,,0.0,,1.4,¼“ì¼,,0.01,
2023/02/11 9:00,-3.9,74,,0.0,,1.2,¼,,0.01,
2023/02/11 10:00,-1.2,62,,0.0,,2.4,¼–k¼,,0.01,
2023/02/11 11:00,-0.5,59,,0.0,,3.4,–k¼,,0.01,
2023/02/11 12:00,-0.9,51,,0.1,,3.7,–k¼,,0.01,
2023/02/11 13:00,-1.0,51,,0.0,,3.7,–k¼,,0.01,
2023/02/11 14:00,-1.1,51,,0.0,,3.3,–k¼,,0.01,
2023/02/11 15:00,-0.9,55,,0.1,,2.3,–k¼,,0.01,
2023/02/11 16:00,-1.6,64,,0.0,,1.2,–k–k¼,,0.01,
2023/02/11 17:00,-3.7,74,,0.0,,1.1,¼–k¼,,0.01,
2023/02/11 18:00,-4.8,67,,0.0,,1.8,¼“ì¼,,1.0e-50,
2023/02/11 19:00,-5.3,71,,0.0,,1.8,¼“ì¼,,1.0e-50,
2023/02/11 20:00,-5.3,72,,0.0,,1.5,¼“ì¼,,1.0e-50,
2023/02/11 21:00,-5.4,71,,0.0,,1.5,¼“ì¼,,1.0e-50,
2023/02/11 22:00,-6.2,71,,0.0,,1.4,¼“ì¼,,1.0e-50,
2023/02/11 23:00,-7.2,72,,0.0,,1.4,“ì¼,,1.0e-50,
2023/02/12 0:00,-8.9,74,,0.0,,1.5,“ì¼,,1.0e-50,
2023/02/12 1:00,-9.9,75,,0.0,,1.5,“ì¼,,1.0e-50,
2023/02/12 2:00,-10.3,73,,0.0,,1.7,“ì¼,,1.0e-50,
2023/02/12 3:00,-11.0,74,,0.0,,1.6,“ì“ì¼,,1.0e-50,
2023/02/12 4:00,-11.6,74,,0.0,,1.5,“ì¼,,1.0e-50,
2023/02/12 5:00,-11.4,71,,0.0,,1.9,“ì“ì¼,,1.0e-50,
2023/02/12 6:00,-11.4,69,,0.0,,1.9,“ì¼,,1.0e-50,
2023/02/12 7:00,-11.7,70,,0.0,,1.7,“ì¼,,0.01,
2023/02/12 8:00,-10.5,71,,0.0,,1.4,“ì¼,,0.01,
2023/02/12 9:00,-7.5,68,,0.0,,0.3,“ì¼,,0.01,
2023/02/12 10:00,-4.9,56,,0.0,,0.8,“Œ,,0.01,
2023/02/12 11:00,-3.5,54,,0.0,,1.0,–k“Œ,,0.01,
2023/02/12 12:00,-2.9,57,,0.0,,2.0,–k,,0.01,
2023/02/12 13:00,-2.2,61,,0.0,,2.5,–k,,0.01,
2023/02/12 14:00,-1.4,58,,0.0,,2.4,–k,,0.01,
2023/02/12 15:00,-1.7,55,,0.0,,3.1,–k–k¼,,0.01,
2023/02/12 16:00,-2.4,61,,0.0,,1.7,–k–k¼,,0.01,
2023/02/12 17:00,-4.2,70,,0.0,,1.7,–k¼,,0.01,
2023/02/12 18:00,-5.1,71,,0.0,,1.8,¼–k¼,,1.0e-50,
2023/02/12 19:00,-6.1,73,,0.0,,1.8,¼–k¼,,1.0e-50,
2023/02/12 20:00,-6.7,73,,0.0,,1.8,¼–k¼,,1.0e-50,
2023/02/12 21:00,-7.1,75,,0.0,,1.7,¼–k¼,,1.0e-50,
2023/02/12 22:00,-7.5,76,,0.0,,1.7,¼–k¼,,1.0e-50,
2023/02/12 23:00,-8.1,77,,0.0,,1.4,¼–k¼,,1.0e-50,
2023/02/13 0:00,-7.5,75,,0.0,,1.8,–k¼,,1.0e-50,
2023/02/13 1:00,-7.7,75,,0.0,,1.7,–k¼,,1.0e-50,
2023/02/13 2:00,-8.4,77,,0.0,,1.3,–k¼,,1.0e-50,
2023/02/13 3:00,-7.8,76,,0.0,,1.7,–k¼,,1.0e-50,
2023/02/13 4:00,-7.2,71,,0.0,,2.1,–k¼,,1.0e-50,
2023/02/13 5:00,-7.2,69,,0.0,,2.0,–k¼,,1.0e-50,
2023/02/13 6:00,-8.2,71,,0.0,,1.7,–k–k¼,,1.0e-50,
2023/02/13 7:00,-8.4,75,,0.0,,1.2,–k¼,,0.01,
2023/02/13 8:00,-7.1,75,,0.0,,1.3,–k¼,,0.01,
2023/02/13 9:00,-4.9,67,,0.0,,1.5,–k–k¼,,0.01,
2023/02/13 10:00,-2.9,55,,0.0,,2.9,–k–k¼,,0.01,
2023/02/13 11:00,-2.0,52,,0.0,,4.0,–k¼,,0.01,
2023/02/13 12:00,-2.0,52,,0.0,,4.1,–k¼,,0.01,
2023/02/13 13:00,-1.9,55,,0.0,,4.0,–k¼,,0.01,
2023/02/13 14:00,-2.0,62,,0.1,,3.8,–k¼,,0.01,
2023/02/13 15:00,-2.2,66,,0.5,,3.5,–k¼,,0.01,
2023/02/13 16:00,-2.7,74,,0.5,,3.0,–k–k¼,,0.01,
2023/02/13 17:00,-3.1,71,,0.8,,2.8,–k–k¼,,0.01,
2023/02/13 18:00,-3.3,72,,0.8,,2.6,–k¼,,1.0e-50,
2023/02/13 19:00,-3.6,73,,0.6,,2.5,–k¼,,1.0e-50,
2023/02/13 20:00,-4.1,68,,0.5,,2.8,¼–k¼,,1.0e-50,
2023/02/13 21:00,-5.0,62,,0.1,,3.0,¼–k¼,,1.0e-50,
2023/02/13 22:00,-5.6,64,,0.0,,2.8,¼–k¼,,1.0e-50,
2023/02/13 23:00,-6.1,68,,0.0,,2.0,¼–k¼,,1.0e-50,
2023/02/14 0:00,-7.0,68,,0.1,,2.2,¼,,1.0e-50,
2023/02/14 1:00,-6.9,61,,0.0,,2.5,¼,,1.0e-50,
2023/02/14 2:00,-7.4,62,,0.0,,2.4,¼,,1.0e-50,
2023/02/14 3:00,-7.6,61,,0.0,,2.3,¼,,1.0e-50,
2023/02/14 4:00,-7.9,63,,0.0,,2.1,¼,,1.0e-50,
2023/02/14 5:00,-8.2,65,,0.0,,2.1,¼,,1.0e-50,
2023/02/14 6:00,-9.3,67,,0.0,,2.0,¼,,1.0e-50,
2023/02/14 7:00,-8.7,64,,0.0,,2.5,¼,,0.01,
2023/02/14 8:00,-7.2,62,,0.0,,2.6,¼–k¼,,0.01,
2023/02/14 9:00,-5.2,55,,0.0,,2.6,¼–k¼,,0.01,
2023/02/14 10:00,-4.1,51,,0.0,,3.0,¼–k¼,,0.01,
2023/02/14 11:00,-3.4,49,,0.0,,3.0,¼–k¼,,0.01,
2023/02/14 12:00,-2.8,43,,0.0,,3.1,¼–k¼,,0.01,
2023/02/14 13:00,-2.5,43,,0.0,,3.0,¼,,0.01,
2023/02/14 14:00,-2.6,43,,0.0,,3.0,¼,,0.01,
2023/02/14 15:00,-2.9,45,,0.0,,2.6,¼–k¼,,0.01,
2023/02/14 16:00,-3.6,53,,0.0,,1.3,¼,,0.01,
2023/02/14 17:00,-5.5,62,,0.0,,1.6,¼–k¼,,0.01,
2023/02/14 18:00,-7.1,64,,0.0,,1.8,¼,,1.0e-50,
2023/02/14 19:00,-8.1,68,,0.0,,1.7,¼,,1.0e-50,
2023/02/14 20:00,-8.5,70,,0.0,,1.9,¼–k¼,,1.0e-50,
2023/02/14 21:00,-9.0,71,,0.0,,1.8,¼,,1.0e-50,
2023/02/14 22:00,-9.2,69,,0.0,,1.9,¼“ì¼,,1.0e-50,
2023/02/14 23:00,-9.5,68,,0.0,,1.8,¼,,1.0e-50,
2023/02/15 0:00,-9.4,69,,0.0,,1.8,¼,,1.0e-50,
2023/02/15 1:00,-10.0,71,,0.0,,1.3,¼,,1.0e-50,
2023/02/15 2:00,-10.7,75,,0.0,,1.0,¼“ì¼,,1.0e-50,
2023/02/15 3:00,-10.4,72,,0.0,,1.6,“ì“ì¼,,1.0e-50,
2023/02/15 4:00,-9.7,70,,0.0,,1.8,“ì“ì¼,,1.0e-50,
2023/02/15 5:00,-9.7,69,,0.0,,1.7,“ì“ì¼,,1.0e-50,
2023/02/15 6:00,-9.4,68,,0.0,,1.9,“ì“ì¼,,1.0e-50,
2023/02/15 7:00,-9.1,71,,0.0,,1.5,“ì“ì¼,,0.01,
2023/02/15 8:00,-7.5,68,,0.0,,1.7,“ì“ì¼,,0.01,
2023/02/15 9:00,-5.4,66,,0.0,,1.3,“ì“Œ,,0.01,
2023/02/15 10:00,-4.0,59,,0.0,,1.9,“Œ“ì“Œ,,0.01,
2023/02/15 11:00,-2.9,57,,0.0,,2.2,“ì“Œ,,0.01,
2023/02/15 12:00,-1.9,60,,0.0,,2.0,“Œ“ì“Œ,,0.01,
2023/02/15 13:00,-1.3,63,,0.0,,2.2,“Œ“ì“Œ,,0.01,
2023/02/15 14:00,-1.5,67,,0.0,,2.0,“Œ“ì“Œ,,0.01,
2023/02/15 15:00,-1.5,68,,0.0,,1.8,“Œ“ì“Œ,,0.01,
2023/02/15 16:00,-2.1,75,,0.0,,1.2,“Œ–k“Œ,,0.01,
2023/02/15 17:00,-3.1,81,,0.0,,0.7,–k,,0.01,
2023/02/15 18:00,-3.8,79,,0.0,,1.0,–k–k¼,,1.0e-50,
2023/02/15 19:00,-3.9,75,,0.1,,1.4,–k¼,,1.0e-50,
2023/02/15 20:00,-4.2,75,,0.4,,1.3,–k¼,,1.0e-50,
2023/02/15 21:00,-3.5,70,,0.7,,1.4,–k¼,,1.0e-50,
2023/02/15 22:00,-3.6,74,,0.8,,1.6,–k¼,,1.0e-50,
2023/02/15 23:00,-3.6,77,,0.5,,1.9,–k¼,,1.0e-50,
2023/02/16 0:00,-3.2,80,,0.5,,2.1,–k–k¼,,1.0e-50,
2023/02/16 1:00,-3.2,86,,0.4,,1.7,–k–k¼,,1.0e-50,
2023/02/16 2:00,-3.3,88,,0.2,,1.4,–k–k¼,,1.0e-50,
2023/02/16 3:00,-2.7,89,,0.1,,1.5,–k–k¼,,1.0e-50,
2023/02/16 4:00,-3.2,91,,0.4,,1.5,–k–k¼,,1.0e-50,
2023/02/16 5:00,-3.5,91,,0.1,,1.2,–k¼,,1.0e-50,
2023/02/16 6:00,-3.7,89,,0.0,,1.2,–k–k¼,,1.0e-50,
2023/02/16 7:00,-4.0,90,,0.1,,0.9,–k–k¼,,0.01,
2023/02/16 8:00,-3.0,88,,0.3,,1.5,–k–k¼,,0.01,
2023/02/16 9:00,-2.0,86,,0.2,,1.6,–k–k¼,,0.01,
2023/02/16 10:00,-0.7,81,,0.2,,2.6,–k–k¼,,0.01,
2023/02/16 11:00,-0.2,74,,0.1,,3.6,–k–k¼,,0.01,
2023/02/16 12:00,-0.8,72,,0.0,,4.3,–k¼,,0.01,
2023/02/16 13:00,-0.9,72,,0.0,,4.4,–k¼,,0.01,
2023/02/16 14:00,-1.0,71,,0.1,,4.9,–k¼,,0.01,
2023/02/16 15:00,-0.4,69,,0.1,,5.3,–k¼,,0.01,
2023/02/16 16:00,-0.7,69,,0.1,,5.1,–k¼,,0.01,
2023/02/16 17:00,-1.0,72,,0.2,,5.1,–k–k¼,,0.01,
2023/02/16 18:00,-0.9,72,,0.3,,5.5,–k–k¼,,0.01,
2023/02/16 19:00,-1.2,72,,0.3,,5.6,–k–k¼,,1.0e-50,
2023/02/16 20:00,-1.5,71,,0.2,,5.6,–k–k¼,,1.0e-50,
2023/02/16 21:00,-1.1,67,,0.2,,5.6,–k–k¼,,1.0e-50,
2023/02/16 22:00,-1.4,73,,0.3,,5.3,–k–k¼,,1.0e-50,
2023/02/16 23:00,-1.5,74,,0.5,,5.1,–k–k¼,,1.0e-50,
2023/02/17 0:00,-1.4,72,,0.7,,5.1,–k–k¼,,1.0e-50,
2023/02/17 1:00,-1.3,72,,0.5,,5.6,–k¼,,1.0e-50,
2023/02/17 2:00,-1.2,66,,0.3,,5.9,–k¼,,1.0e-50,
2023/02/17 3:00,-2.1,71,,0.0,,5.8,–k¼,,1.0e-50,
2023/02/17 4:00,-1.9,70,,0.3,,6.1,–k¼,,1.0e-50,
2023/02/17 5:00,-1.9,68,,0.1,,6.1,–k¼,,1.0e-50,
2023/02/17 6:00,-1.9,65,,0.1,,5.9,–k¼,,1.0e-50,
2023/02/17 7:00,-1.9,67,,0.1,,5.9,–k–k¼,,0.01,
2023/02/17 8:00,-1.5,63,,0.2,,5.9,–k–k¼,,0.01,
2023/02/17 9:00,-1.3,71,,0.1,,6.2,–k–k¼,,0.01,
2023/02/17 10:00,-1.3,68,,0.3,,6.7,–k–k¼,,0.01,
2023/02/17 11:00,-1.3,66,,0.3,,6.8,–k–k¼,,0.01,
2023/02/17 12:00,-1.2,67,,0.2,,6.5,–k¼,,0.01,
2023/02/17 13:00,-1.4,66,,0.3,,6.8,–k¼,,0.01,
2023/02/17 14:00,-1.6,64,,0.3,,6.9,–k¼,,0.01,
2023/02/17 15:00,-1.7,68,,0.2,,6.3,–k¼,,0.01,
2023/02/17 16:00,-2.1,67,,0.3,,6.3,–k¼,,0.01,
2023/02/17 17:00,-2.5,66,,0.2,,6.3,–k¼,,0.01,
2023/02/17 18:00,-2.3,65,,0.2,,6.1,–k¼,,0.01,
2023/02/17 19:00,-2.5,65,,0.2,,6.2,–k¼,,1.0e-50,
2023/02/17 20:00,-2.7,65,,0.3,,6.2,–k¼,,1.0e-50,
2023/02/17 21:00,-2.6,63,,0.1,,6.0,–k¼,,1.0e-50,
2023/02/17 22:00,-2.8,61,,0.1,,6.1,–k¼,,1.0e-50,
2023/02/17 23:00,-3.0,60,,0.1,,5.9,–k–k¼,,1.0e-50,
2023/02/18 0:00,-3.5,65,,0.0,,5.4,–k¼,,1.0e-50,
2023/02/18 1:00,-3.3,66,,0.3,,5.2,–k¼,,1.0e-50,
2023/02/18 2:00,-3.3,66,,0.4,,5.5,–k¼,,1.0e-50,
2023/02/18 3:00,-3.8,64,,0.3,,5.5,–k¼,,1.0e-50,
2023/02/18 4:00,-3.9,64,,0.4,,5.6,–k¼,,1.0e-50,
2023/02/18 5:00,-4.0,64,,0.4,,5.6,–k¼,,1.0e-50,
2023/02/18 6:00,-4.1,60,,0.3,,5.5,–k¼,,1.0e-50,
2023/02/18 7:00,-4.0,63,,0.2,,5.5,–k¼,,0.01,
2023/02/18 8:00,-3.8,65,,0.5,,5.9,–k¼,,0.01,
2023/02/18 9:00,-3.3,65,,0.5,,5.9,–k¼,,0.01,
2023/02/18 10:00,-3.0,64,,0.5,,6.2,–k¼,,0.01,
2023/02/18 11:00,-2.7,61,,0.4,,6.4,–k¼,,0.01,
2023/02/18 12:00,-2.3,59,,0.2,,6.2,–k¼,,0.01,
2023/02/18 13:00,-2.3,61,,0.2,,6.3,–k¼,,0.01,
2023/02/18 14:00,-2.5,64,,0.4,,6.0,–k¼,,0.01,
2023/02/18 15:00,-2.3,64,,0.5,,5.6,–k¼,,0.01,
2023/02/18 16:00,-2.6,67,,0.3,,5.2,–k¼,,0.01,
2023/02/18 17:00,-2.9,68,,0.4,,4.8,–k¼,,0.01,
2023/02/18 18:00,-2.3,68,,0.3,,4.5,–k–k¼,,0.01,
2023/02/18 19:00,-2.3,64,,0.2,,4.6,–k¼,,1.0e-50,
2023/02/18 20:00,-2.4,65,,0.1,,4.6,–k–k¼,,1.0e-50,
2023/02/18 21:00,-2.1,65,,0.1,,4.6,–k–k¼,,1.0e-50,
2023/02/18 22:00,-2.2,65,,0.1,,4.8,–k–k¼,,1.0e-50,
2023/02/18 23:00,-2.2,66,,0.2,,4.8,–k¼,,1.0e-50,
2023/02/19 0:00,-2.3,68,,0.2,,4.5,–k¼,,1.0e-50,
2023/02/19 1:00,-2.3,67,,0.2,,4.6,–k¼,,1.0e-50,
2023/02/19 2:00,-2.3,68,,0.2,,4.6,–k¼,,1.0e-50,
2023/02/19 3:00,-2.9,67,,0.3,,4.6,–k–k¼,,1.0e-50,
2023/02/19 4:00,-3.0,65,,0.1,,4.7,–k–k¼,,1.0e-50,
2023/02/19 5:00,-2.9,65,,0.1,,4.7,–k¼,,1.0e-50,
2023/02/19 6:00,-2.7,64,,0.2,,4.7,–k–k¼,,1.0e-50,
2023/02/19 7:00,-2.7,67,,0.1,,4.9,–k¼,,0.01,
2023/02/19 8:00,-2.5,67,,0.2,,5.0,–k¼,,0.01,
2023/02/19 9:00,-1.9,65,,0.2,,5.3,–k–k¼,,0.01,
2023/02/19 10:00,-1.7,63,,0.1,,5.5,–k¼,,0.01,
2023/02/19 11:00,-1.6,63,,0.1,,5.5,–k¼,,0.01,
2023/02/19 12:00,-1.6,63,,0.2,,5.7,–k¼,,0.01,
2023/02/19 13:00,-1.7,65,,0.2,,5.6,–k¼,,0.01,
2023/02/19 14:00,-1.8,66,,0.3,,5.5,–k¼,,0.01,
2023/02/19 15:00,-1.1,63,,0.2,,5.1,–k¼,,0.01,
2023/02/19 16:00,-1.5,66,,0.1,,4.7,–k¼,,0.01,
2023/02/19 17:00,-1.9,67,,0.1,,4.2,–k¼,,0.01,
2023/02/19 18:00,-1.8,66,,0.2,,3.8,–k¼,,0.01,
2023/02/19 19:00,-1.9,63,,0.0,,3.7,–k¼,,1.0e-50,
2023/02/19 20:00,-2.1,63,,0.0,,3.5,–k¼,,1.0e-50,
2023/02/19 21:00,-2.5,64,,0.0,,2.8,–k¼,,1.0e-50,
2023/02/19 22:00,-2.6,64,,0.0,,2.8,–k¼,,1.0e-50,
2023/02/19 23:00,-2.7,63,,0.0,,2.7,–k¼,,1.0e-50,
2023/02/20 0:00,-3.2,66,,0.0,,2.3,–k¼,,1.0e-50,
2023/02/20 1:00,-3.4,67,,0.0,,2.2,–k¼,,1.0e-50,
2023/02/20 2:00,-3.5,69,,0.1,,2.0,¼–k¼,,1.0e-50,
2023/02/20 3:00,-4.5,72,,0.2,,1.8,¼–k¼,,1.0e-50,
2023/02/20 4:00,-4.5,74,,0.1,,1.8,¼–k¼,,1.0e-50,
2023/02/20 5:00,-4.7,77,,0.3,,1.6,¼,,1.0e-50,
2023/02/20 6:00,-5.2,73,,0.4,,1.7,¼,,1.0e-50,
2023/02/20 7:00,-5.2,70,,0.1,,1.6,¼“ì¼,,0.01,
2023/02/20 8:00,-4.4,66,,0.0,,1.4,¼“ì¼,,0.01,
2023/02/20 9:00,-2.5,59,,0.0,,2.0,¼–k¼,,0.01,
2023/02/20 10:00,-1.3,53,,0.0,,2.9,¼–k¼,,0.01,
2023/02/20 11:00,-0.9,47,,0.0,,3.0,¼–k¼,,0.01,
2023/02/20 12:00,-0.7,44,,0.0,,2.7,¼–k¼,,0.01,
2023/02/20 13:00,-0.7,44,,0.0,,3.1,¼–k¼,,0.01,
2023/02/20 14:00,-1.1,45,,0.0,,3.3,¼,,0.01,
2023/02/20 15:00,-1.4,44,,0.0,,2.8,¼,,0.01,
2023/02/20 16:00,-2.3,51,,0.0,,2.4,¼–k¼,,0.01,
2023/02/20 17:00,-3.8,60,,0.0,,1.7,¼–k¼,,0.01,
2023/02/20 18:00,-6.0,67,,0.0,,1.7,¼,,0.01,
2023/02/20 19:00,-6.9,69,,0.0,,1.8,¼,,1.0e-50,
2023/02/20 20:00,-7.5,67,,0.0,,1.8,¼,,1.0e-50,
2023/02/20 21:00,-7.7,70,,0.0,,1.9,¼“ì¼,,1.0e-50,
2023/02/20 22:00,-7.1,67,,0.0,,2.3,¼“ì¼,,1.0e-50,
2023/02/20 23:00,-6.8,63,,0.0,,2.5,¼“ì¼,,1.0e-50,
2023/02/21 0:00,-6.4,63,,0.0,,2.3,¼“ì¼,,1.0e-50,
2023/02/21 1:00,-5.9,60,,0.0,,2.8,¼,,1.0e-50,
2023/02/21 2:00,-5.8,58,,0.0,,2.9,¼,,1.0e-50,
2023/02/21 3:00,-5.7,64,,0.0,,2.9,¼,,1.0e-50,
2023/02/21 4:00,-5.5,68,,0.3,,2.6,¼,,1.0e-50,
2023/02/21 5:00,-5.8,70,,0.2,,2.3,¼,,1.0e-50,
2023/02/21 6:00,-6.5,79,,0.1,,1.0,–k¼,,1.0e-50,
2023/02/21 7:00,-7.5,85,,1.2,,0.5,–k“Œ,,0.01,
2023/02/21 8:00,-7.0,85,,1.1,,0.5,“Œ,,0.01,
2023/02/21 9:00,-6.0,78,,0.9,,0.6,–k–k“Œ,,0.01,
2023/02/21 10:00,-4.8,74,,0.4,,0.9,–k,,0.01,
2023/02/21 11:00,-3.7,72,,0.4,,1.4,–k–k¼,,0.01,
2023/02/21 12:00,-2.2,52,,0.7,,3.1,–k¼,,0.01,
2023/02/21 13:00,-1.8,47,,0.0,,3.9,–k¼,,0.01,
2023/02/21 14:00,-1.8,49,,0.0,,3.8,–k¼,,0.01,
2023/02/21 15:00,-2.3,66,,0.0,,3.5,–k¼,,0.01,
2023/02/21 16:00,-2.5,72,,0.8,,2.5,–k¼,,0.01,
2023/02/21 17:00,-3.0,67,,0.3,,1.8,¼–k¼,,0.01,
2023/02/21 18:00,-3.4,67,,0.1,,2.6,–k¼,,0.01,
2023/02/21 19:00,-3.4,69,,0.3,,2.5,–k¼,,1.0e-50,
2023/02/21 20:00,-3.4,63,,0.2,,2.3,–k¼,,1.0e-50,
2023/02/21 21:00,-4.4,72,,0.3,,1.9,¼–k¼,,1.0e-50,
2023/02/21 22:00,-4.6,71,,0.2,,1.9,¼–k¼,,1.0e-50,
2023/02/21 23:00,-4.9,74,,0.1,,1.9,¼–k¼,,1.0e-50,
2023/02/22 0:00,-5.7,82,,0.6,,1.2,¼,,1.0e-50,
2023/02/22 1:00,-5.8,81,,0.6,,1.5,¼,,1.0e-50,
2023/02/22 2:00,-5.6,76,,0.1,,1.8,¼,,1.0e-50,
2023/02/22 3:00,-5.4,80,,0.1,,1.3,¼“ì¼,,1.0e-50,
2023/02/22 4:00,-6.0,83,,0.6,,0.6,¼,,1.0e-50,
2023/02/22 5:00,-6.6,86,,1.7,,0.5,“Œ,,1.0e-50,
2023/02/22 6:00,-7.3,85,,0.5,,0.9,“ì¼,,1.0e-50,
2023/02/22 7:00,-7.8,86,,0.1,,0.5,¼,,0.01,
2023/02/22 8:00,-6.6,84,,0.1,,0.4,¼“ì¼,,0.01,
2023/02/22 9:00,-4.9,76,,0.0,,0.5,–k,,0.01,
2023/02/22 10:00,-3.5,70,,0.0,,1.0,–k,,0.01,
2023/02/22 11:00,-2.3,62,,0.0,,1.5,–k–k¼,,0.01,
2023/02/22 12:00,-1.6,56,,0.0,,2.0,–k–k¼,,0.01,
2023/02/22 13:00,-1.2,57,,0.0,,2.2,–k–k¼,,0.01,
2023/02/22 14:00,-1.0,58,,0.0,,2.8,–k–k¼,,0.01,
2023/02/22 15:00,-1.1,58,,0.0,,3.2,–k–k¼,,0.01,
2023/02/22 16:00,-1.6,63,,0.0,,2.4,–k–k¼,,0.01,
2023/02/22 17:00,-2.4,72,,0.1,,1.4,–k–k¼,,0.01,
2023/02/22 18:00,-3.3,76,,0.1,,1.3,–k¼,,0.01,
2023/02/22 19:00,-4.1,70,,0.0,,1.5,¼–k¼,,1.0e-50,
2023/02/22 20:00,-4.5,69,,0.0,,1.6,¼,,1.0e-50,
2023/02/22 21:00,-4.8,77,,0.1,,1.6,¼–k¼,,1.0e-50,
2023/02/22 22:00,-4.6,78,,0.2,,1.5,¼–k¼,,1.0e-50,
2023/02/22 23:00,-4.5,76,,0.1,,1.4,¼–k¼,,1.0e-50,
2023/02/23 0:00,-5.3,78,,0.2,,1.6,¼,,1.0e-50,
2023/02/23 1:00,-5.5,79,,0.1,,1.4,¼,,1.0e-50,
2023/02/23 2:00,-5.8,81,,0.1,,1.2,¼,,1.0e-50,
2023/02/23 3:00,-6.3,82,,0.2,,0.9,¼“ì¼,,1.0e-50,
2023/02/23 4:00,-6.7,82,,0.2,,0.8,¼“ì¼,,1.0e-50,
2023/02/23 5:00,-7.0,82,,0.2,,1.0,“ì¼,,1.0e-50,
2023/02/23 6:00,-7.6,80,,0.2,,1.0,“ì¼,,1.0e-50,
2023/02/23 7:00,-7.7,79,,0.1,,0.8,“ì¼,,0.01,
2023/02/23 8:00,-6.6,77,,0.1,,0.4,“ì,,0.01,
2023/02/23 9:00,-4.1,66,,0.1,,0.1,–k¼,,0.01,
2023/02/23 10:00,-2.1,58,,0.0,,1.0,–k–k¼,,0.01,
2023/02/23 11:00,-0.7,55,,0.0,,1.7,–k–k¼,,0.01,
2023/02/23 12:00,0.4,52,,0.0,,3.1,–k¼,,0.01,
2023/02/23 13:00,0.8,51,,0.0,,3.2,–k¼,,0.01,
2023/02/23 14:00,0.8,51,,0.0,,3.3,–k¼,,0.01,
2023/02/23 15:00,0.7,51,,0.0,,2.8,–k¼,,0.01,
2023/02/23 16:00,0.1,56,,0.0,,2.0,–k¼,,0.01,
2023/02/23 17:00,-1.6,66,,0.0,,1.4,¼,,0.01,
2023/02/23 18:00,-3.4,68,,0.0,,1.7,¼“ì¼,,0.01,
2023/02/23 19:00,-4.8,72,,0.0,,1.5,¼“ì¼,,1.0e-50,
2023/02/23 20:00,-6.0,75,,0.0,,1.4,¼“ì¼,,1.0e-50,
2023/02/23 21:00,-7.3,77,,0.0,,1.1,¼,,1.0e-50,
2023/02/23 22:00,-8.2,79,,0.0,,1.1,¼,,1.0e-50,
2023/02/23 23:00,-8.4,77,,0.0,,1.5,“ì¼,,1.0e-50,
2023/02/24 0:00,-9.7,77,,0.0,,0.9,“ì¼,,1.0e-50,
2023/02/24 1:00,-10.0,76,,0.0,,1.2,“ì“ì¼,,1.0e-50,
2023/02/24 2:00,-9.7,75,,0.0,,1.7,“ì“ì¼,,1.0e-50,
2023/02/24 3:00,-10.2,78,,0.0,,1.4,“ì¼,,1.0e-50,
2023/02/24 4:00,-10.4,79,,0.0,,1.5,“ì“ì¼,,1.0e-50,
2023/02/24 5:00,-10.5,79,,0.0,,1.6,“ì“ì¼,,1.0e-50,
2023/02/24 6:00,-10.3,79,,0.0,,1.8,“ì“ì¼,,1.0e-50,
2023/02/24 7:00,-9.5,79,,0.0,,1.9,“ì“ì¼,,0.01,
2023/02/24 8:00,-7.4,77,,0.0,,1.6,“ì,,0.01,
2023/02/24 9:00,-4.5,73,,0.0,,0.9,“ì“Œ,,0.01,
2023/02/24 10:00,-1.6,62,,0.0,,1.0,“Œ“ì“Œ,,0.01,
2023/02/24 11:00,-0.1,59,,0.0,,1.1,“Œ,,0.01,
2023/02/24 12:00,0.8,60,,0.0,,1.1,–k“Œ,,0.01,
2023/02/24 13:00,1.6,61,,0.0,,1.1,–k–k“Œ,,0.01,
2023/02/24 14:00,2.3,61,,0.0,,0.8,–k“Œ,,0.01,
2023/02/24 15:00,2.8,63,,0.0,,1.3,–k–k“Œ,,0.01,
2023/02/24 16:00,2.3,73,,0.0,,0.7,“Œ–k“Œ,,0.01,
2023/02/24 17:00,0.3,80,,0.0,,1.5,“ì“ì“Œ,,0.01,
2023/02/24 18:00,-1.6,80,,0.0,,1.7,“ì“ì¼,,0.01,
2023/02/24 19:00,-2.8,74,,0.0,,1.8,“ì“ì¼,,1.0e-50,
2023/02/24 20:00,-3.4,72,,0.0,,1.7,“ì“ì¼,,1.0e-50,
2023/02/24 21:00,-4.5,77,,0.0,,1.4,“ì¼,,1.0e-50,
2023/02/24 22:00,-6.0,81,,0.0,,1.0,¼“ì¼,,1.0e-50,
2023/02/24 23:00,-7.2,82,,0.0,,0.8,“ì¼,,1.0e-50,
2023/02/25 0:00,-8.5,83,,0.0,,0.4,¼,,1.0e-50,
2023/02/25 1:00,-9.4,83,,0.0,,0.2,“ì,,1.0e-50,
2023/02/25 2:00,-9.4,81,,0.0,,1.0,“ì,,1.0e-50,
2023/02/25 3:00,-9.7,80,,0.0,,1.3,“ì“ì¼,,1.0e-50,
2023/02/25 4:00,-9.5,79,,0.0,,1.7,“ì“ì¼,,1.0e-50,
2023/02/25 5:00,-9.0,79,,0.0,,2.0,“ì“ì¼,,1.0e-50,
2023/02/25 6:00,-8.7,81,,0.0,,2.0,“ì,,1.0e-50,
2023/02/25 7:00,-8.5,81,,0.0,,1.9,“ì,,0.01,
2023/02/25 8:00,-6.8,81,,0.0,,1.4,“ì,,0.01,
2023/02/25 9:00,-4.1,77,,0.0,,0.9,“Œ“ì“Œ,,0.01,
2023/02/25 10:00,-1.2,67,,0.0,,0.8,“Œ“ì“Œ,,0.01,
2023/02/25 11:00,0.6,62,,0.0,,0.7,“Œ–k“Œ,,0.01,
2023/02/25 12:00,1.4,61,,0.0,,1.3,“Œ“ì“Œ,,0.01,
2023/02/25 13:00,2.1,60,,0.0,,1.3,“Œ–k“Œ,,0.01,
2023/02/25 14:00,2.4,60,,0.0,,1.1,–k“Œ,,0.01,
2023/02/25 15:00,3.0,61,,0.0,,1.7,–k,,0.01,
2023/02/25 16:00,2.4,69,,0.0,,1.5,–k–k¼,,0.01,
2023/02/25 17:00,0.9,80,,0.0,,1.2,–k¼,,0.01,
2023/02/25 18:00,0.1,83,,0.0,,1.7,¼–k¼,,0.01,
2023/02/25 19:00,-0.8,80,,0.0,,1.9,¼–k¼,,1.0e-50,
2023/02/25 20:00,-1.1,79,,0.0,,2.1,¼–k¼,,1.0e-50,
2023/02/25 21:00,-0.4,75,,0.0,,2.4,¼–k¼,,1.0e-50,
2023/02/25 22:00,-0.2,76,,0.0,,2.3,–k¼,,1.0e-50,
2023/02/25 23:00,-0.4,77,,0.0,,2.3,–k¼,,1.0e-50,
2023/02/26 0:00,-1.1,80,,0.0,,2.4,–k–k¼,,1.0e-50,
2023/02/26 1:00,-1.7,75,,0.0,,2.2,–k–k¼,,1.0e-50,
2023/02/26 2:00,-3.2,77,,0.0,,1.5,–k–k¼,,1.0e-50,
2023/02/26 3:00,-5.0,80,,0.0,,1.1,¼–k¼,,1.0e-50,
2023/02/26 4:00,-5.7,81,,0.0,,1.2,¼–k¼,,1.0e-50,
2023/02/26 5:00,-6.4,82,,0.0,,1.0,¼–k¼,,1.0e-50,
2023/02/26 6:00,-6.9,83,,0.0,,1.2,¼–k¼,,1.0e-50,
2023/02/26 7:00,-7.4,84,,0.0,,0.9,¼–k¼,,0.01,
2023/02/26 8:00,-5.7,86,,0.0,,0.4,¼,,0.01,
2023/02/26 9:00,-1.9,75,,0.0,,0.0,“ì“ì“Œ,,0.01,
2023/02/26 10:00,0.1,66,,0.0,,0.8,–k,,0.01,
2023/02/26 11:00,1.6,62,,0.0,,0.8,–k,,0.01,
2023/02/26 12:00,3.2,54,,0.0,,2.0,–k–k¼,,0.01,
2023/02/26 13:00,3.5,55,,0.0,,2.1,–k–k¼,,0.01,
2023/02/26 14:00,3.6,58,,0.0,,2.1,–k,,0.01,
2023/02/26 15:00,4.3,56,,0.0,,1.2,–k–k“Œ,,0.01,
2023/02/26 16:00,3.4,65,,0.0,,1.3,–k–k“Œ,,0.01,
2023/02/26 17:00,0.5,83,,0.0,,0.5,“Œ–k“Œ,,0.01,
2023/02/26 18:00,-0.6,78,,0.0,,1.9,“ì¼,,0.01,
2023/02/26 19:00,-1.7,73,,0.0,,2.0,“ì¼,,1.0e-50,
2023/02/26 20:00,-2.5,70,,0.0,,1.9,“ì¼,,1.0e-50,
2023/02/26 21:00,-2.8,70,,0.0,,1.8,“ì¼,,1.0e-50,
2023/02/26 22:00,-4.0,72,,0.0,,1.5,“ì¼,,1.0e-50,
2023/02/26 23:00,-4.6,70,,0.0,,1.7,“ì“ì¼,,1.0e-50,
2023/02/27 0:00,-4.7,68,,0.0,,1.8,“ì“ì¼,,1.0e-50,
2023/02/27 1:00,-5.5,68,,0.0,,1.7,“ì,,1.0e-50,
2023/02/27 2:00,-6.3,69,,0.0,,1.6,“ì,,1.0e-50,
2023/02/27 3:00,-6.8,67,,0.0,,1.8,“ì,,1.0e-50,
2023/02/27 4:00,-7.2,72,,0.0,,1.8,“ì,,1.0e-50,
2023/02/27 5:00,-7.1,77,,0.0,,1.9,“ì,,1.0e-50,
2023/02/27 6:00,-6.3,78,,0.0,,2.1,“ì,,1.0e-50,
2023/02/27 7:00,-5.6,77,,0.0,,2.1,“ì“ì“Œ,,0.01,
2023/02/27 8:00,-2.8,75,,0.0,,2.0,“ì“ì“Œ,,0.01,
2023/02/27 9:00,-0.3,71,,0.0,,1.7,“ì“ì“Œ,,0.01,
2023/02/27 10:00,2.8,66,,0.0,,2.3,“ì“ì“Œ,,0.01,
2023/02/27 11:00,5.0,57,,0.0,,2.8,“ì“ì“Œ,,0.01,
2023/02/27 12:00,6.2,52,,0.0,,3.2,“ì“ì“Œ,,0.01,
2023/02/27 13:00,7.0,51,,0.0,,3.0,“ì“ì“Œ,,0.01,
2023/02/27 14:00,7.0,53,,0.0,,3.1,“ì“ì“Œ,,0.01,
2023/02/27 15:00,5.9,59,,0.0,,4.1,“ì“ì“Œ,,0.01,
2023/02/27 16:00,4.5,66,,0.0,,3.3,“ì“ì“Œ,,0.01,
2023/02/27 17:00,2.5,74,,0.0,,2.4,“ì“Œ,,0.01,
2023/02/27 18:00,1.5,73,,0.0,,2.6,“ì“Œ,,0.01,
2023/02/27 19:00,0.9,73,,0.0,,2.9,“ì“Œ,,1.0e-50,
2023/02/27 20:00,0.5,78,,0.0,,2.9,“ì“Œ,,1.0e-50,
2023/02/27 21:00,-0.3,81,,0.0,,2.3,“ì“ì“Œ,,1.0e-50,
2023/02/27 22:00,0.3,81,,0.0,,2.1,“ì“ì“Œ,,1.0e-50,
2023/02/27 23:00,0.8,80,,0.0,,2.0,“ì“Œ,,1.0e-50,
2023/02/28 0:00,1.1,82,,0.0,,2.0,“ì“Œ,,1.0e-50,
2023/02/28 1:00,0.9,86,,0.0,,1.7,“ì“Œ,,1.0e-50,
2023/02/28 2:00,-0.0,90,,0.0,,1.6,“ì“ì“Œ,,1.0e-50,
2023/02/28 3:00,0.5,92,,0.0,,1.7,“ì,,1.0e-50,
2023/02/28 4:00,0.4,91,,0.0,,1.8,“ì,,1.0e-50,
2023/02/28 5:00,0.5,89,,0.2,,1.5,¼,,1.0e-50,
2023/02/28 6:00,1.2,85,,0.6,,3.3,–k¼,,1.0e-50,
2023/02/28 7:00,1.0,72,,0.2,,3.5,–k¼,,0.01,
2023/02/28 8:00,0.9,63,,0.0,,4.3,–k¼,,0.01,
2023/02/28 9:00,0.8,57,,0.0,,4.7,¼–k¼,,0.01,
2023/02/28 10:00,1.0,52,,0.0,,4.9,–k¼,,0.01,
2023/02/28 11:00,1.0,48,,0.0,,5.2,–k¼,,0.01,
2023/02/28 12:00,1.0,44,,0.0,,5.0,–k¼,,0.01,
2023/02/28 13:00,0.8,43,,0.0,,4.9,¼–k¼,,0.01,
2023/02/28 14:00,0.3,44,,0.0,,5.2,¼–k¼,,0.01,
2023/02/28 15:00,-0.0,45,,0.0,,4.4,¼–k¼,,0.01,
2023/02/28 16:00,-0.9,50,,0.0,,4.2,¼–k¼,,0.01,
2023/02/28 17:00,-2.1,55,,0.0,,3.9,¼–k¼,,0.01,
2023/02/28 18:00,-2.6,57,,0.0,,2.8,¼–k¼,,0.01,
2023/02/28 19:00,-3.3,59,,0.0,,2.6,¼–k¼,,1.0e-50,
2023/02/28 20:00,-3.7,60,,0.0,,2.3,¼–k¼,,1.0e-50,
2023/02/28 21:00,-5.0,63,,0.0,,1.7,¼,,1.0e-50,
2023/02/28 22:00,-4.9,63,,0.0,,1.4,¼“ì¼,,1.0e-50,
2023/02/28 23:00,-5.0,63,,0.0,,1.1,¼“ì¼,,1.0e-50,
2023/03/01 0:00,-4.0,64,,0.0,,1.4,“ì¼,,1.0e-50,
2023/03/01 1:00,-3.6,64,,0.1,,1.7,“ì¼,,1.0e-50,
2023/03/01 2:00,-2.8,66,,0.3,,1.8,“ì¼,,1.0e-50,
2023/03/01 3:00,-2.5,67,,0.6,,2.2,“ì¼,,1.0e-50,
2023/03/01 4:00,-0.5,69,,0.8,,4.6,¼,,1.0e-50,
2023/03/01 5:00,-0.8,74,,2.7,,9.4,–k¼,,1.0e-50,
2023/03/01 6:00,-0.9,74,,0.8,,6.4,–k¼,,1.0e-50,
2023/03/01 7:00,-0.4,77,,0.7,,7.6,–k¼,,0.01,
2023/03/01 8:00,-1.2,71,,0.5,,7.7,–k¼,,0.01,
2023/03/01 9:00,-2.3,66,,0.3,,7.7,–k–k¼,,0.01,
2023/03/01 10:00,-2.6,65,,0.2,,7.1,–k–k¼,,0.01,
2023/03/01 11:00,-2.2,66,,0.2,,6.2,–k–k¼,,0.01,
2023/03/01 12:00,-2.1,66,,0.5,,5.6,–k–k¼,,0.01,
2023/03/01 13:00,-1.8,63,,0.3,,6.0,–k–k¼,,0.01,
2023/03/01 14:00,-1.8,59,,0.3,,6.1,–k¼,,0.01,
2023/03/01 15:00,-1.9,58,,0.1,,5.5,–k–k¼,,0.01,
2023/03/01 16:00,-2.1,67,,0.2,,4.4,–k–k¼,,0.01,
2023/03/01 17:00,-2.2,64,,0.3,,4.5,–k–k¼,,0.01,
2023/03/01 18:00,-2.5,62,,0.1,,4.2,–k–k¼,,0.01,
2023/03/01 19:00,-2.8,61,,0.1,,3.9,–k–k¼,,1.0e-50,
2023/03/01 20:00,-3.1,63,,0.2,,3.2,–k¼,,1.0e-50,
2023/03/01 21:00,-3.4,65,,0.5,,3.1,–k¼,,1.0e-50,
2023/03/01 22:00,-3.6,66,,0.5,,2.9,–k¼,,1.0e-50,
2023/03/01 23:00,-3.9,65,,0.6,,2.5,–k¼,,1.0e-50,
2023/03/02 0:00,-4.4,70,,0.3,,2.0,¼–k¼,,1.0e-50,
2023/03/02 1:00,-4.8,70,,0.3,,1.5,¼–k¼,,1.0e-50,
2023/03/02 2:00,-5.1,73,,0.4,,1.3,¼,,1.0e-50,
2023/03/02 3:00,-5.6,70,,0.4,,1.6,¼,,1.0e-50,
2023/03/02 4:00,-5.9,71,,0.2,,1.4,¼,,1.0e-50,
2023/03/02 5:00,-6.4,69,,0.1,,1.3,¼“ì¼,,1.0e-50,
2023/03/02 6:00,-6.3,63,,0.0,,1.8,¼,,1.0e-50,
2023/03/02 7:00,-5.9,65,,0.0,,1.7,¼“ì¼,,0.01,
2023/03/02 8:00,-4.6,65,,0.0,,1.5,¼,,0.01,
2023/03/02 9:00,-3.2,59,,0.0,,1.8,¼–k¼,,0.01,
2023/03/02 10:00,-2.3,54,,0.0,,2.8,¼–k¼,,0.01,
2023/03/02 11:00,-1.8,52,,0.0,,3.2,–k¼,,0.01,
2023/03/02 12:00,-1.2,50,,0.0,,3.3,–k¼,,0.01,
2023/03/02 13:00,-1.0,47,,0.0,,3.6,–k¼,,0.01,
2023/03/02 14:00,-1.0,44,,0.0,,3.6,¼–k¼,,0.01,
2023/03/02 15:00,-1.0,44,,0.0,,3.2,¼–k¼,,0.01,
2023/03/02 16:00,-1.6,47,,0.0,,2.9,¼–k¼,,0.01,
2023/03/02 17:00,-2.6,60,,0.1,,2.5,¼–k¼,,0.01,
2023/03/02 18:00,-3.2,59,,0.1,,2.2,¼,,0.01,
2023/03/02 19:00,-3.6,58,,0.1,,2.5,¼,,1.0e-50,
2023/03/02 20:00,-3.7,59,,0.1,,2.4,¼,,1.0e-50,
2023/03/02 21:00,-4.9,62,,0.1,,1.8,¼“ì¼,,1.0e-50,
2023/03/02 22:00,-5.3,61,,0.0,,1.9,¼“ì¼,,1.0e-50,
2023/03/02 23:00,-5.6,61,,0.0,,1.8,¼“ì¼,,1.0e-50,
2023/03/03 0:00,-5.5,65,,0.0,,1.6,¼“ì¼,,1.0e-50,
2023/03/03 1:00,-5.5,69,,0.0,,1.6,“ì¼,,1.0e-50,
2023/03/03 2:00,-5.6,73,,0.0,,1.5,“ì¼,,1.0e-50,
2023/03/03 3:00,-6.4,76,,0.0,,1.1,“ì“ì“Œ,,1.0e-50,
2023/03/03 4:00,-6.7,77,,0.0,,1.3,“ì“Œ,,1.0e-50,
2023/03/03 5:00,-6.4,77,,0.1,,1.6,“ì“Œ,,1.0e-50,
2023/03/03 6:00,-6.4,74,,0.1,,1.7,“ì“Œ,,1.0e-50,
2023/03/03 7:00,-6.0,74,,0.0,,1.8,“ì“Œ,,0.01,
2023/03/03 8:00,-4.8,73,,0.0,,2.0,“ì“Œ,,0.01,
2023/03/03 9:00,-3.3,70,,0.0,,2.8,“ì“Œ,,0.01,
2023/03/03 10:00,-1.4,69,,0.0,,3.2,“ì“Œ,,0.01,
2023/03/03 11:00,-0.2,70,,0.0,,3.0,“ì“Œ,,0.01,
2023/03/03 12:00,-0.8,70,,0.0,,2.1,“Œ,,0.01,
2023/03/03 13:00,-0.7,72,,0.2,,1.8,“Œ–k“Œ,,0.01,
2023/03/03 14:00,-1.0,76,,0.7,,1.9,–k“Œ,,0.01,
2023/03/03 15:00,-1.4,80,,0.7,,2.0,–k,,0.01,
2023/03/03 16:00,-1.4,80,,0.2,,1.6,–k–k“Œ,,0.01,
2023/03/03 17:00,-2.0,83,,0.1,,1.5,–k“Œ,,0.01,
2023/03/03 18:00,-3.1,87,,0.1,,0.9,–k–k“Œ,,0.01,
2023/03/03 19:00,-4.2,88,,0.2,,0.7,–k¼,,1.0e-50,
2023/03/03 20:00,-4.6,86,,0.2,,1.0,–k¼,,1.0e-50,
2023/03/03 21:00,-5.9,81,,0.1,,1.1,¼–k¼,,1.0e-50,
2023/03/03 22:00,-6.5,77,,0.0,,1.2,–k–k¼,,1.0e-50,
2023/03/03 23:00,-8.2,82,,0.0,,0.4,–k,,1.0e-50,
2023/03/04 0:00,-8.7,80,,0.0,,0.8,¼“ì¼,,1.0e-50,
2023/03/04 1:00,-8.5,72,,0.0,,1.6,“ì¼,,1.0e-50,
2023/03/04 2:00,-8.1,65,,0.0,,1.8,“ì¼,,1.0e-50,
2023/03/04 3:00,-9.4,76,,0.0,,1.2,¼“ì¼,,1.0e-50,
2023/03/04 4:00,-9.7,79,,0.0,,1.2,“ì¼,,1.0e-50,
2023/03/04 5:00,-9.7,80,,0.0,,1.2,“ì¼,,1.0e-50,
2023/03/04 6:00,-9.1,81,,0.1,,1.3,“ì¼,,1.0e-50,
2023/03/04 7:00,-8.8,84,,0.1,,0.5,“ì“ì¼,,0.01,
2023/03/04 8:00,-7.0,79,,0.1,,0.7,“Œ“ì“Œ,,0.01,
2023/03/04 9:00,-5.0,64,,0.1,,0.7,“Œ“ì“Œ,,0.01,
2023/03/04 10:00,-3.4,60,,0.0,,0.8,–k“Œ,,0.01,
2023/03/04 11:00,-2.4,62,,0.1,,1.2,–k–k“Œ,,0.01,
2023/03/04 12:00,-0.8,64,,0.1,,1.9,–k,,0.01,
2023/03/04 13:00,-0.1,53,,0.1,,3.5,–k–k¼,,0.01,
2023/03/04 14:00,-0.2,56,,0.0,,3.8,–k¼,,0.01,
2023/03/04 15:00,0.3,56,,0.0,,3.5,–k¼,,0.01,
2023/03/04 16:00,0.1,56,,0.0,,3.0,–k¼,,0.01,
2023/03/04 17:00,-0.8,64,,0.0,,1.9,–k¼,,0.01,
2023/03/04 18:00,-1.6,67,,0.1,,1.8,–k¼,,0.01,
2023/03/04 19:00,-2.8,67,,0.0,,1.7,¼–k¼,,1.0e-50,
2023/03/04 20:00,-4.0,68,,0.0,,1.7,¼–k¼,,1.0e-50,
2023/03/04 21:00,-4.6,68,,0.0,,1.5,¼–k¼,,1.0e-50,
2023/03/04 22:00,-5.2,71,,0.0,,1.3,¼–k¼,,1.0e-50,
2023/03/04 23:00,-6.1,74,,0.0,,1.2,¼“ì¼,,1.0e-50,
2023/03/05 0:00,-6.7,74,,0.0,,1.3,¼“ì¼,,1.0e-50,
2023/03/05 1:00,-7.3,76,,0.0,,1.3,¼“ì¼,,1.0e-50,
2023/03/05 2:00,-7.5,75,,0.0,,1.5,¼“ì¼,,1.0e-50,
2023/03/05 3:00,-8.2,74,,0.0,,1.5,¼“ì¼,,1.0e-50,
2023/03/05 4:00,-8.9,75,,0.0,,1.3,¼“ì¼,,1.0e-50,
2023/03/05 5:00,-9.2,75,,0.0,,1.4,“ì¼,,1.0e-50,
2023/03/05 6:00,-9.5,74,,0.0,,1.5,“ì¼,,1.0e-50,
2023/03/05 7:00,-8.8,74,,0.0,,1.6,“ì¼,,0.01,
2023/03/05 8:00,-6.3,73,,0.0,,1.2,“ì¼,,0.01,
2023/03/05 9:00,-3.1,66,,0.0,,0.3,“ì,,0.01,
2023/03/05 10:00,-1.1,57,,0.0,,0.4,“Œ–k“Œ,,0.01,
2023/03/05 11:00,0.0,56,,0.0,,0.8,–k“Œ,,0.01,
2023/03/05 12:00,1.2,50,,0.0,,1.1,–k–k“Œ,,0.01,
2023/03/05 13:00,1.6,48,,0.0,,1.2,–k–k“Œ,,0.01,
2023/03/05 14:00,1.7,48,,0.0,,1.4,–k“Œ,,0.01,
2023/03/05 15:00,2.0,44,,0.0,,0.8,“Œ–k“Œ,,0.01,
2023/03/05 16:00,1.5,55,,0.0,,0.9,“Œ,,0.01,
2023/03/05 17:00,-0.3,67,,0.0,,1.1,“Œ,,0.01,
2023/03/05 18:00,-2.7,70,,0.0,,1.4,“ì“ì“Œ,,0.01,
2023/03/05 19:00,-3.2,68,,0.0,,1.9,“ì,,1.0e-50,
2023/03/05 20:00,-3.6,69,,0.0,,1.9,“ì,,1.0e-50,
2023/03/05 21:00,-3.9,70,,0.0,,2.0,“ì“ì“Œ,,1.0e-50,
2023/03/05 22:00,-3.6,70,,0.0,,2.4,“ì“ì“Œ,,1.0e-50,
2023/03/05 23:00,-2.9,72,,0.0,,2.7,“ì“Œ,,1.0e-50,
2023/03/06 0:00,-2.4,70,,0.0,,3.3,“ì“ì“Œ,,1.0e-50,
2023/03/06 1:00,-1.2,65,,0.0,,3.9,“ì“ì“Œ,,1.0e-50,
2023/03/06 2:00,-0.2,67,,0.0,,4.4,“ì“ì“Œ,,1.0e-50,
2023/03/06 3:00,0.2,64,,0.0,,4.4,“ì“ì“Œ,,1.0e-50,
2023/03/06 4:00,0.9,68,,0.0,,4.6,“ì“ì“Œ,,1.0e-50,
2023/03/06 5:00,1.3,73,,0.0,,4.8,“ì“ì“Œ,,1.0e-50,
2023/03/06 6:00,1.5,76,,0.1,,5.3,“ì“ì“Œ,,1.0e-50,
2023/03/06 7:00,2.0,79,,0.3,,5.4,“ì“ì“Œ,,0.01,
2023/03/06 8:00,2.5,81,,0.4,,5.7,“ì“ì“Œ,,0.01,
2023/03/06 9:00,3.1,80,,0.3,,6.3,“ì“ì“Œ,,0.01,
2023/03/06 10:00,3.8,79,,0.6,,6.2,“ì“ì“Œ,,0.01,
2023/03/06 11:00,4.5,78,,0.6,,6.2,“ì“ì“Œ,,0.01,
2023/03/06 12:00,5.9,77,,0.6,,6.6,“ì“ì“Œ,,0.01,
2023/03/06 13:00,6.6,80,,0.2,,5.7,“ì“ì“Œ,,0.01,
2023/03/06 14:00,6.9,81,,0.3,,5.7,“ì“ì“Œ,,0.01,
2023/03/06 15:00,6.8,84,,0.2,,5.1,“ì“ì“Œ,,0.01,
2023/03/06 16:00,6.9,85,,1.3,,5.0,“ì“ì“Œ,,0.01,
2023/03/06 17:00,6.8,86,,0.8,,4.8,“ì“ì“Œ,,0.01,
2023/03/06 18:00,7.1,86,,0.9,,4.3,“ì“ì“Œ,,0.01,
2023/03/06 19:00,7.7,87,,0.9,,4.0,“ì“ì“Œ,,1.0e-50,
2023/03/06 20:00,8.1,86,,0.9,,3.9,“ì“ì“Œ,,1.0e-50,
2023/03/06 21:00,7.9,88,,0.6,,4.5,“ì“ì“Œ,,1.0e-50,
2023/03/06 22:00,8.1,89,,0.3,,4.1,“ì“ì“Œ,,1.0e-50,
2023/03/06 23:00,8.1,89,,0.8,,3.7,“ì“Œ,,1.0e-50,
2023/03/07 0:00,7.8,89,,0.3,,2.8,“ì“Œ,,1.0e-50,
2023/03/07 1:00,7.4,92,,0.0,,2.3,“ì“Œ,,1.0e-50,
2023/03/07 2:00,6.2,95,,0.0,,1.0,“ì,,1.0e-50,
2023/03/07 3:00,6.0,92,,0.0,,1.9,–k¼,,1.0e-50,
2023/03/07 4:00,5.0,90,,0.0,,2.0,–k–k¼,,1.0e-50,
2023/03/07 5:00,3.9,89,,0.0,,1.8,–k–k¼,,1.0e-50,
2023/03/07 6:00,3.1,88,,0.0,,1.8,–k¼,,1.0e-50,
2023/03/07 7:00,2.1,89,,0.0,,1.4,–k¼,,0.01,
2023/03/07 8:00,3.0,86,,0.0,,0.7,–k¼,,0.01,
2023/03/07 9:00,4.9,74,,0.0,,1.8,–k¼,,0.01,
2023/03/07 10:00,5.5,71,,0.0,,2.2,–k–k¼,,0.01,
2023/03/07 11:00,6.1,68,,0.0,,2.1,–k–k¼,,0.01,
2023/03/07 12:00,6.5,62,,0.0,,2.1,–k–k¼,,0.01,
2023/03/07 13:00,7.0,54,,0.0,,2.7,–k¼,,0.01,
2023/03/07 14:00,6.6,51,,0.0,,2.6,–k¼,,0.01,
2023/03/07 15:00,5.9,59,,0.0,,2.8,–k–k¼,,0.01,
2023/03/07 16:00,5.2,63,,0.0,,2.0,–k–k¼,,0.01,
2023/03/07 17:00,3.9,70,,0.0,,1.4,–k–k¼,,0.01,
2023/03/07 18:00,1.9,80,,0.0,,0.8,¼–k¼,,0.01,
2023/03/07 19:00,1.1,79,,0.0,,1.0,¼“ì¼,,1.0e-50,
2023/03/07 20:00,0.3,79,,0.0,,0.9,¼“ì¼,,1.0e-50,
2023/03/07 21:00,-1.1,72,,0.0,,1.5,¼“ì¼,,1.0e-50,
2023/03/07 22:00,-2.0,68,,0.0,,1.6,¼“ì¼,,1.0e-50,
2023/03/07 23:00,-2.6,63,,0.0,,1.5,¼“ì¼,,1.0e-50,
2023/03/08 0:00,-2.1,61,,0.0,,1.4,“ì¼,,1.0e-50,
2023/03/08 1:00,-1.8,61,,0.0,,1.6,“ì¼,,1.0e-50,
2023/03/08 2:00,-1.9,63,,0.0,,1.7,“ì¼,,1.0e-50,
2023/03/08 3:00,-2.3,57,,0.0,,2.0,“ì“ì¼,,1.0e-50,
2023/03/08 4:00,-2.0,54,,0.0,,1.8,“ì“ì¼,,1.0e-50,
2023/03/08 5:00,-2.7,55,,0.0,,1.7,“ì,,1.0e-50,
2023/03/08 6:00,-1.6,57,,0.0,,1.8,“ì,,1.0e-50,
2023/03/08 7:00,-1.0,65,,0.0,,1.7,“ì“ì“Œ,,0.01,
2023/03/08 8:00,0.5,69,,0.0,,1.4,“ì“ì“Œ,,0.01,
2023/03/08 9:00,2.1,68,,0.0,,1.6,“ì“Œ,,0.01,
2023/03/08 10:00,4.7,61,,0.0,,2.7,“ì“ì“Œ,,0.01,
2023/03/08 11:00,6.7,62,,0.0,,3.6,“ì“ì“Œ,,0.01,
2023/03/08 12:00,7.5,63,,0.0,,4.5,“ì,,0.01,
2023/03/08 13:00,7.8,63,,0.0,,4.3,“ì,,0.01,
2023/03/08 14:00,8.0,59,,0.0,,3.5,“ì,,0.01,
2023/03/08 15:00,7.7,59,,0.0,,3.0,“ì“ì¼,,0.01,
2023/03/08 16:00,6.9,59,,0.0,,2.1,“ì“ì¼,,0.01,
2023/03/08 17:00,4.9,71,,0.2,,1.1,“ì¼,,0.01,
2023/03/08 18:00,3.1,78,,0.3,,1.7,¼,,0.01,
2023/03/08 19:00,2.3,68,,0.2,,3.2,¼,,1.0e-50,
2023/03/08 20:00,1.1,62,,0.1,,3.8,¼–k¼,,1.0e-50,
2023/03/08 21:00,-0.0,61,,0.0,,3.4,¼–k¼,,1.0e-50,
2023/03/08 22:00,-0.6,50,,0.0,,3.6,¼–k¼,,1.0e-50,
2023/03/08 23:00,-1.0,47,,0.0,,3.9,¼–k¼,,1.0e-50,
2023/03/09 0:00,-1.7,51,,0.0,,3.4,¼–k¼,,1.0e-50,
2023/03/09 1:00,-2.1,51,,0.0,,3.4,¼–k¼,,1.0e-50,
2023/03/09 2:00,-2.3,50,,0.0,,3.5,¼–k¼,,1.0e-50,
2023/03/09 3:00,-2.9,52,,0.0,,3.0,¼,,1.0e-50,
2023/03/09 4:00,-2.8,51,,0.0,,3.2,¼,,1.0e-50,
2023/03/09 5:00,-2.7,50,,0.0,,3.4,¼–k¼,,1.0e-50,
2023/03/09 6:00,-3.1,54,,0.0,,2.7,¼,,1.0e-50,
2023/03/09 7:00,-2.7,57,,0.0,,2.9,¼–k¼,,0.01,
2023/03/09 8:00,-1.6,53,,0.0,,3.3,¼–k¼,,0.01,
2023/03/09 9:00,-0.3,49,,0.0,,3.9,¼–k¼,,0.01,
2023/03/09 10:00,0.3,45,,0.0,,4.1,¼–k¼,,0.01,
2023/03/09 11:00,0.6,43,,0.0,,4.0,¼–k¼,,0.01,
2023/03/09 12:00,0.8,41,,0.0,,3.9,¼–k¼,,0.01,
2023/03/09 13:00,0.7,42,,0.0,,3.8,¼–k¼,,0.01,
2023/03/09 14:00,0.5,44,,0.0,,3.6,¼–k¼,,0.01,
2023/03/09 15:00,0.1,47,,0.0,,3.0,¼–k¼,,0.01,
2023/03/09 16:00,-0.5,51,,0.0,,2.6,¼–k¼,,0.01,
2023/03/09 17:00,-1.5,58,,0.0,,1.7,¼–k¼,,0.01,
2023/03/09 18:00,-2.9,63,,0.0,,1.8,¼“ì¼,,0.01,
2023/03/09 19:00,-4.0,65,,0.0,,1.9,¼“ì¼,,1.0e-50,
2023/03/09 20:00,-4.7,67,,0.0,,1.9,¼,,1.0e-50,
2023/03/09 21:00,-5.2,69,,0.0,,1.9,¼“ì¼,,1.0e-50,
2023/03/09 22:00,-5.5,69,,0.0,,2.0,¼“ì¼,,1.0e-50,
2023/03/09 23:00,-5.9,69,,0.0,,2.0,¼“ì¼,,1.0e-50,
2023/03/10 0:00,-5.9,70,,0.0,,2.1,¼“ì¼,,1.0e-50,
2023/03/10 1:00,-6.0,71,,0.0,,2.0,¼“ì¼,,1.0e-50,
2023/03/10 2:00,-6.5,71,,0.0,,2.0,¼“ì¼,,1.0e-50,
2023/03/10 3:00,-7.2,70,,0.0,,2.1,¼“ì¼,,1.0e-50,
2023/03/10 4:00,-7.5,71,,0.0,,2.0,“ì¼,,1.0e-50,
2023/03/10 5:00,-7.4,70,,0.0,,2.1,“ì¼,,1.0e-50,
2023/03/10 6:00,-7.5,70,,0.0,,2.0,“ì¼,,1.0e-50,
2023/03/10 7:00,-7.3,71,,0.0,,1.6,“ì¼,,0.01,
2023/03/10 8:00,-5.2,70,,0.0,,1.0,“ì“ì¼,,0.01,
2023/03/10 9:00,-2.6,61,,0.0,,0.6,“ì“ì¼,,0.01,
2023/03/10 10:00,-0.9,55,,0.0,,0.6,–k,,0.01,
2023/03/10 11:00,-0.1,52,,0.0,,1.2,–k,,0.01,
2023/03/10 12:00,0.2,49,,0.0,,1.7,–k–k¼,,0.01,
2023/03/10 13:00,0.0,54,,0.1,,2.4,–k–k¼,,0.01,
2023/03/10 14:00,-0.3,57,,0.2,,2.3,–k–k¼,,0.01,
2023/03/10 15:00,0.1,59,,0.2,,1.8,–k,,0.01,
2023/03/10 16:00,-0.5,65,,0.3,,1.9,–k–k¼,,0.01,
2023/03/10 17:00,-1.4,76,,0.4,,1.0,–k–k¼,,0.01,
2023/03/10 18:00,-2.6,84,,0.2,,0.7,“ì¼,,0.01,
2023/03/10 19:00,-3.2,76,,0.0,,1.5,“ì¼,,1.0e-50,
2023/03/10 20:00,-4.1,71,,0.0,,1.5,¼“ì¼,,1.0e-50,
2023/03/10 21:00,-4.4,72,,0.0,,1.4,“ì¼,,1.0e-50,
2023/03/10 22:00,-4.8,74,,0.0,,1.3,¼“ì¼,,1.0e-50,
2023/03/10 23:00,-5.2,75,,0.0,,1.6,¼“ì¼,,1.0e-50,
2023/03/11 0:00,-6.4,75,,0.0,,1.5,“ì¼,,1.0e-50,
2023/03/11 1:00,-6.6,75,,0.0,,1.3,“ì¼,,1.0e-50,
2023/03/11 2:00,-7.0,74,,0.0,,1.4,“ì“ì¼,,1.0e-50,
2023/03/11 3:00,-7.0,73,,0.0,,1.5,“ì,,1.0e-50,
2023/03/11 4:00,-7.0,73,,0.0,,1.5,“ì,,1.0e-50,
2023/03/11 5:00,-6.8,74,,0.1,,1.4,“ì“ì¼,,1.0e-50,
2023/03/11 6:00,-7.0,76,,0.0,,1.5,“ì“ì¼,,1.0e-50,
2023/03/11 7:00,-6.1,75,,0.0,,1.7,“ì¼,,0.01,
2023/03/11 8:00,-3.6,70,,0.0,,1.5,¼,,0.01,
2023/03/11 9:00,-1.8,61,,0.0,,1.6,¼–k¼,,0.01,
2023/03/11 10:00,-0.8,56,,0.0,,2.8,–k¼,,0.01,
2023/03/11 11:00,-0.6,53,,0.1,,3.3,–k¼,,0.01,
2023/03/11 12:00,-0.6,52,,0.1,,3.8,–k¼,,0.01,
2023/03/11 13:00,-0.7,52,,0.1,,4.1,–k¼,,0.01,
2023/03/11 14:00,-0.9,53,,0.1,,4.0,–k¼,,0.01,
2023/03/11 15:00,-0.8,51,,0.1,,3.3,–k¼,,0.01,
2023/03/11 16:00,-1.3,56,,0.1,,2.7,–k¼,,0.01,
2023/03/11 17:00,-2.1,61,,0.1,,1.6,¼–k¼,,0.01,
2023/03/11 18:00,-3.6,63,,0.0,,1.7,¼“ì¼,,0.01,
2023/03/11 19:00,-4.5,67,,0.0,,1.7,¼“ì¼,,1.0e-50,
2023/03/11 20:00,-5.1,70,,0.0,,1.8,“ì¼,,1.0e-50,
2023/03/11 21:00,-5.5,71,,0.0,,1.8,“ì¼,,1.0e-50,
2023/03/11 22:00,-5.3,72,,0.1,,1.7,¼“ì¼,,1.0e-50,
2023/03/11 23:00,-5.4,72,,0.0,,1.8,¼“ì¼,,1.0e-50,
2023/03/12 0:00,-5.8,70,,0.0,,1.8,“ì¼,,1.0e-50,
2023/03/12 1:00,-6.1,69,,0.0,,2.0,“ì¼,,1.0e-50,
2023/03/12 2:00,-6.4,68,,0.0,,2.0,“ì¼,,1.0e-50,
2023/03/12 3:00,-6.4,67,,0.0,,2.0,¼“ì¼,,1.0e-50,
2023/03/12 4:00,-6.4,69,,0.0,,2.1,“ì¼,,1.0e-50,
2023/03/12 5:00,-6.3,71,,0.0,,2.1,¼“ì¼,,1.0e-50,
2023/03/12 6:00,-6.3,72,,0.1,,2.0,¼“ì¼,,1.0e-50,
2023/03/12 7:00,-5.9,72,,0.0,,1.7,¼“ì¼,,0.01,
2023/03/12 8:00,-3.8,67,,0.0,,1.2,¼,,0.01,
2023/03/12 9:00,-2.0,60,,0.0,,0.8,¼,,0.01,
2023/03/12 10:00,-0.6,55,,0.0,,1.4,–k¼,,0.01,
2023/03/12 11:00,-0.0,53,,0.0,,1.9,–k–k¼,,0.01,
2023/03/12 12:00,-0.1,57,,0.1,,2.7,–k–k¼,,0.01,
2023/03/12 13:00,-0.2,60,,0.3,,2.7,–k–k¼,,0.01,
2023/03/12 14:00,-0.2,58,,0.2,,2.8,–k–k¼,,0.01,
2023/03/12 15:00,-0.1,59,,0.1,,2.7,–k–k¼,,0.01,
2023/03/12 16:00,-0.3,59,,0.1,,2.3,–k–k¼,,0.01,
2023/03/12 17:00,-1.1,67,,0.0,,1.2,–k–k¼,,0.01,
2023/03/12 18:00,-2.9,75,,0.0,,1.0,¼,,0.01,
2023/03/12 19:00,-3.8,69,,0.0,,1.7,¼“ì¼,,1.0e-50,
2023/03/12 20:00,-4.7,67,,0.0,,1.8,¼“ì¼,,1.0e-50,
2023/03/12 21:00,-5.4,66,,0.0,,1.9,¼“ì¼,,1.0e-50,
2023/03/12 22:00,-5.9,65,,0.0,,2.0,“ì¼,,1.0e-50,
2023/03/12 23:00,-6.3,65,,0.0,,2.0,“ì¼,,1.0e-50,
2023/03/13 0:00,-6.6,66,,0.0,,1.9,“ì¼,,1.0e-50,
2023/03/13 1:00,-6.7,66,,0.0,,1.9,“ì“ì¼,,1.0e-50,
2023/03/13 2:00,-6.9,66,,0.0,,1.8,“ì“ì¼,,1.0e-50,
2023/03/13 3:00,-7.0,65,,0.0,,1.8,“ì,,1.0e-50,
2023/03/13 4:00,-7.2,66,,0.0,,1.7,“ì,,1.0e-50,
2023/03/13 5:00,-7.4,68,,0.0,,1.7,“ì,,1.0e-50,
2023/03/13 6:00,-6.9,70,,0.0,,1.8,“ì,,1.0e-50,
2023/03/13 7:00,-5.9,74,,0.0,,1.6,“ì“ì“Œ,,0.01,
2023/03/13 8:00,-3.7,71,,0.0,,1.6,“ì“ì“Œ,,0.01,
2023/03/13 9:00,-1.5,64,,0.0,,2.3,“ì“Œ,,0.01,
2023/03/13 10:00,0.4,61,,0.0,,2.7,“ì“Œ,,0.01,
2023/03/13 11:00,1.7,59,,0.0,,3.3,“ì“ì“Œ,,0.01,
2023/03/13 12:00,2.3,60,,0.0,,3.4,“ì“ì“Œ,,0.01,
2023/03/13 13:00,2.5,63,,0.0,,3.5,“ì“ì“Œ,,0.01,
2023/03/13 14:00,2.4,67,,0.1,,3.7,“ì“ì“Œ,,0.01,
2023/03/13 15:00,2.3,71,,0.2,,4.0,“ì“ì“Œ,,0.01,
2023/03/13 16:00,2.0,77,,0.2,,3.3,“ì“ì“Œ,,0.01,
2023/03/13 17:00,1.4,84,,0.3,,2.2,“ì“Œ,,0.01,
2023/03/13 18:00,0.6,87,,0.2,,2.0,“ì“Œ,,0.01,
2023/03/13 19:00,-0.2,89,,0.0,,1.6,“ì“ì“Œ,,1.0e-50,
2023/03/13 20:00,-1.2,90,,0.0,,1.3,“ì“ì“Œ,,1.0e-50,
2023/03/13 21:00,-2.3,91,,0.0,,1.4,“ì,,1.0e-50,
2023/03/13 22:00,-3.2,89,,0.0,,1.4,“ì,,1.0e-50,
2023/03/13 23:00,-4.2,86,,0.0,,1.5,“ì“ì¼,,1.0e-50,
2023/03/14 0:00,-4.2,77,,0.0,,1.8,“ì“ì¼,,1.0e-50,
2023/03/14 1:00,-4.4,75,,0.0,,1.8,“ì¼,,1.0e-50,
2023/03/14 2:00,-5.2,77,,0.0,,1.5,“ì“ì¼,,1.0e-50,
2023/03/14 3:00,-5.4,76,,0.0,,1.8,“ì“ì¼,,1.0e-50,
2023/03/14 4:00,-5.9,77,,0.0,,1.8,“ì“ì¼,,1.0e-50,
2023/03/14 5:00,-6.3,77,,0.0,,1.7,“ì“ì¼,,1.0e-50,
2023/03/14 6:00,-5.6,77,,0.0,,2.0,“ì,,0.01,
2023/03/14 7:00,-4.3,78,,0.0,,1.8,“ì“ì“Œ,,0.01,
2023/03/14 8:00,-1.7,76,,0.0,,1.7,“ì“Œ,,0.01,
2023/03/14 9:00,1.0,72,,0.0,,1.7,“ì“Œ,,0.01,
2023/03/14 10:00,3.6,64,,0.0,,1.8,“ì“Œ,,0.01,
2023/03/14 11:00,5.3,58,,0.0,,1.4,“ì“ì“Œ,,0.01,
2023/03/14 12:00,6.1,52,,0.0,,0.4,“ì“ì¼,,0.01,
2023/03/14 13:00,6.4,54,,0.0,,1.3,–k–k¼,,0.01,
2023/03/14 14:00,5.2,67,,0.0,,3.0,–k,,0.01,
2023/03/14 15:00,4.4,76,,0.6,,2.7,–k–k¼,,0.01,
2023/03/14 16:00,3.7,80,,0.2,,2.3,–k–k¼,,0.01,
2023/03/14 17:00,2.7,81,,0.3,,2.8,–k–k¼,,0.01,
2023/03/14 18:00,2.0,84,,0.1,,1.9,–k¼,,0.01,
2023/03/14 19:00,1.3,80,,0.0,,2.0,–k¼,,1.0e-50,
2023/03/14 20:00,0.8,77,,0.0,,2.0,–k¼,,1.0e-50,
2023/03/14 21:00,-0.1,83,,0.0,,1.8,¼–k¼,,1.0e-50,
2023/03/14 22:00,-0.2,75,,0.0,,2.1,–k¼,,1.0e-50,
2023/03/14 23:00,-0.3,67,,0.0,,2.5,–k¼,,1.0e-50,
2023/03/15 0:00,-1.0,69,,0.0,,2.2,–k¼,,1.0e-50,
2023/03/15 1:00,-1.5,65,,0.0,,2.3,–k¼,,1.0e-50,
2023/03/15 2:00,-2.0,64,,0.0,,2.2,–k¼,,1.0e-50,
2023/03/15 3:00,-3.0,65,,0.0,,2.2,–k¼,,1.0e-50,
2023/03/15 4:00,-3.1,63,,0.0,,2.3,–k¼,,1.0e-50,
2023/03/15 5:00,-3.2,64,,0.0,,2.2,–k¼,,1.0e-50,
2023/03/15 6:00,-4.2,71,,0.0,,1.3,–k–k¼,,0.01,
2023/03/15 7:00,-4.3,73,,0.0,,1.1,–k¼,,0.01,
2023/03/15 8:00,-2.3,67,,0.0,,0.9,–k–k¼,,0.01,
2023/03/15 9:00,0.4,54,,0.0,,2.3,–k–k¼,,0.01,
2023/03/15 10:00,1.7,46,,0.0,,4.4,–k¼,,0.01,
2023/03/15 11:00,1.9,47,,0.0,,4.8,–k¼,,0.01,
2023/03/15 12:00,1.6,46,,0.0,,5.5,–k¼,,0.01,
2023/03/15 13:00,1.3,48,,0.0,,5.6,–k¼,,0.01,
2023/03/15 14:00,1.2,48,,0.0,,5.3,–k¼,,0.01,
2023/03/15 15:00,0.8,61,,0.0,,4.6,–k¼,,0.01,
2023/03/15 16:00,0.7,56,,0.0,,4.0,–k¼,,0.01,
2023/03/15 17:00,-0.1,58,,0.0,,2.9,–k¼,,0.01,
2023/03/15 18:00,-0.9,60,,0.0,,2.3,¼–k¼,,0.01,
2023/03/15 19:00,-1.4,61,,0.0,,2.4,¼–k¼,,1.0e-50,
2023/03/15 20:00,-1.8,62,,0.0,,2.2,¼–k¼,,1.0e-50,
2023/03/15 21:00,-2.5,65,,0.0,,2.1,¼,,1.0e-50,
2023/03/15 22:00,-2.9,65,,0.0,,2.0,¼,,1.0e-50,
2023/03/15 23:00,-3.6,64,,0.0,,2.0,¼,,1.0e-50,
2023/03/16 0:00,-3.8,61,,0.0,,2.1,¼,,1.0e-50,
2023/03/16 1:00,-4.4,63,,0.0,,1.9,¼“ì¼,,1.0e-50,
2023/03/16 2:00,-5.1,69,,0.0,,1.8,¼“ì¼,,1.0e-50,
2023/03/16 3:00,-6.0,74,,0.0,,1.5,“ì¼,,1.0e-50,
2023/03/16 4:00,-6.4,77,,0.0,,1.6,“ì“ì¼,,1.0e-50,
2023/03/16 5:00,-5.8,77,,0.0,,1.9,“ì,,1.0e-50,
2023/03/16 6:00,-5.6,78,,0.0,,1.8,“ì,,0.01,
2023/03/16 7:00,-4.2,78,,0.0,,1.7,“ì“ì“Œ,,0.01,
2023/03/16 8:00,-1.3,73,,0.0,,1.8,“ì“Œ,,0.01,
2023/03/16 9:00,2.3,64,,0.0,,1.9,“ì“ì“Œ,,0.01,
2023/03/16 10:00,5.8,52,,0.0,,2.6,“ì,,0.01,
2023/03/16 11:00,7.7,48,,0.0,,4.0,“ì¼,,0.01,
2023/03/16 12:00,9.2,46,,0.0,,4.4,“ì¼,,0.01,
2023/03/16 13:00,9.8,46,,0.0,,4.2,“ì¼,,0.01,
2023/03/16 14:00,10.0,46,,0.0,,4.0,“ì¼,,0.01,
2023/03/16 15:00,10.0,51,,0.0,,3.8,“ì¼,,0.01,
2023/03/16 16:00,9.3,56,,0.0,,2.7,“ì“ì¼,,0.01,
2023/03/16 17:00,7.6,64,,0.0,,1.9,“ì“ì“Œ,,0.01,
2023/03/16 18:00,6.1,71,,0.0,,2.0,“ì“ì“Œ,,0.01,
2023/03/16 19:00,5.0,72,,0.0,,1.8,“ì“ì“Œ,,1.0e-50,
2023/03/16 20:00,3.5,76,,0.0,,1.5,“ì“ì“Œ,,1.0e-50,
2023/03/16 21:00,2.5,79,,0.0,,1.9,“ì“ì“Œ,,1.0e-50,
2023/03/16 22:00,2.2,73,,0.0,,2.0,“ì“ì¼,,1.0e-50,
2023/03/16 23:00,1.8,72,,0.0,,2.0,“ì¼,,1.0e-50,
2023/03/17 0:00,2.0,72,,0.0,,2.4,“ì¼,,1.0e-50,
2023/03/17 1:00,1.2,78,,0.0,,2.1,¼“ì¼,,1.0e-50,
2023/03/17 2:00,0.5,81,,0.0,,1.9,¼“ì¼,,1.0e-50,
2023/03/17 3:00,-1.1,83,,0.0,,1.6,¼,,1.0e-50,
2023/03/17 4:00,-1.8,85,,0.0,,1.3,¼“ì¼,,1.0e-50,
2023/03/17 5:00,-2.1,85,,0.0,,1.4,“ì¼,,1.0e-50,
2023/03/17 6:00,-2.2,84,,0.0,,1.4,“ì¼,,0.01,
2023/03/17 7:00,-1.8,86,,0.0,,0.9,¼“ì¼,,0.01,
2023/03/17 8:00,1.4,86,,0.0,,0.4,¼–k¼,,0.01,
2023/03/17 9:00,6.2,67,,0.0,,1.1,–k¼,,0.01,
2023/03/17 10:00,9.7,54,,0.0,,2.6,¼–k¼,,0.01,
2023/03/17 11:00,11.1,47,,0.0,,3.3,¼–k¼,,0.01,
2023/03/17 12:00,11.5,46,,0.0,,3.6,–k¼,,0.01,
2023/03/17 13:00,11.1,50,,0.0,,3.4,–k¼,,0.01,
2023/03/17 14:00,10.8,52,,0.0,,2.4,–k¼,,0.01,
2023/03/17 15:00,10.9,55,,0.0,,2.1,–k¼,,0.01,
2023/03/17 16:00,9.8,64,,0.0,,1.3,–k–k¼,,0.01,
2023/03/17 17:00,7.5,80,,0.0,,0.7,–k“Œ,,0.01,
2023/03/17 18:00,4.6,85,,0.0,,1.0,“ì“ì“Œ,,0.01,
2023/03/17 19:00,3.7,77,,0.0,,1.8,“ì,,1.0e-50,
2023/03/17 20:00,3.1,75,,0.0,,1.9,“ì,,1.0e-50,
2023/03/17 21:00,2.8,69,,0.0,,1.8,“ì,,1.0e-50,
2023/03/17 22:00,2.6,66,,0.0,,1.9,“ì“ì“Œ,,1.0e-50,
2023/03/17 23:00,1.6,71,,0.0,,1.8,“ì“ì“Œ,,1.0e-50,
2023/03/18 0:00,1.2,73,,0.0,,1.8,“ì“ì“Œ,,1.0e-50,
2023/03/18 1:00,0.7,75,,0.0,,1.9,“ì“ì“Œ,,1.0e-50,
2023/03/18 2:00,0.8,78,,0.0,,1.9,“ì“ì“Œ,,1.0e-50,
2023/03/18 3:00,1.3,79,,0.0,,2.2,“ì“Œ,,1.0e-50,
2023/03/18 4:00,1.6,82,,0.0,,2.4,“ì“Œ,,1.0e-50,
2023/03/18 5:00,2.2,87,,0.0,,2.6,“ì“Œ,,1.0e-50,
2023/03/18 6:00,2.9,92,,0.0,,2.8,“ì“Œ,,0.01,
2023/03/18 7:00,4.2,90,,0.0,,2.7,“ì“Œ,,0.01,
2023/03/18 8:00,6.0,85,,0.0,,2.5,“ì“Œ,,0.01,
2023/03/18 9:00,7.6,79,,0.0,,2.5,“ì“Œ,,0.01,
2023/03/18 10:00,9.8,69,,0.0,,2.7,“ì“ì“Œ,,0.01,
2023/03/18 11:00,11.4,61,,0.0,,2.9,“ì“ì“Œ,,0.01,
2023/03/18 12:00,13.0,54,,0.0,,2.6,“ì“ì“Œ,,0.01,
2023/03/18 13:00,13.7,48,,0.0,,2.7,“ì“ì“Œ,,0.01,
2023/03/18 14:00,13.7,48,,0.0,,3.0,“ì,,0.01,
2023/03/18 15:00,13.8,54,,0.0,,3.0,“ì“ì“Œ,,0.01,
2023/03/18 16:00,12.2,62,,0.0,,3.0,“ì“ì“Œ,,0.01,
2023/03/18 17:00,10.1,68,,0.0,,2.7,“ì“ì“Œ,,0.01,
2023/03/18 18:00,8.8,68,,0.0,,2.4,“ì“ì“Œ,,0.01,
2023/03/18 19:00,8.4,64,,0.0,,2.2,“ì“ì“Œ,,1.0e-50,
2023/03/18 20:00,7.9,71,,0.0,,2.0,“ì“ì“Œ,,1.0e-50,
2023/03/18 21:00,7.7,72,,0.0,,2.5,“ì“ì“Œ,,1.0e-50,
2023/03/18 22:00,7.8,76,,0.0,,2.3,“ì,,1.0e-50,
2023/03/18 23:00,7.1,83,,0.0,,1.9,“ì“ì“Œ,,1.0e-50,
2023/03/19 0:00,6.0,86,,0.0,,2.0,“ì,,1.0e-50,
2023/03/19 1:00,5.2,88,,0.0,,2.0,“ì“ì“Œ,,1.0e-50,
2023/03/19 2:00,4.5,90,,0.0,,1.9,“ì“ì“Œ,,1.0e-50,
2023/03/19 3:00,4.5,88,,0.0,,2.0,“ì,,1.0e-50,
2023/03/19 4:00,3.9,89,,0.0,,1.7,“ì“ì“Œ,,1.0e-50,
2023/03/19 5:00,2.7,93,,0.0,,1.2,“ì“Œ,,1.0e-50,
2023/03/19 6:00,2.4,94,,0.0,,1.4,“ì“Œ,,0.01,
2023/03/19 7:00,3.5,93,,0.0,,1.5,“ì“Œ,,0.01,
2023/03/19 8:00,4.3,91,,0.0,,1.2,“ì“Œ,,0.01,
2023/03/19 9:00,4.4,94,,0.4,,0.4,“Œ“ì“Œ,,0.01,
2023/03/19 10:00,6.2,89,,0.9,,0.8,“Œ“ì“Œ,,0.01,
2023/03/19 11:00,7.4,84,,0.1,,0.8,“Œ,,0.01,
2023/03/19 12:00,7.4,86,,0.1,,1.0,–k–k“Œ,,0.01,
2023/03/19 13:00,7.4,86,,0.4,,1.9,–k,,0.01,
2023/03/19 14:00,7.0,85,,0.1,,3.1,–k–k¼,,0.01,
2023/03/19 15:00,6.1,87,,0.2,,3.3,–k–k¼,,0.01,
2023/03/19 16:00,5.6,85,,0.1,,3.4,–k–k¼,,0.01,
2023/03/19 17:00,4.7,85,,0.3,,3.3,–k¼,,0.01,
2023/03/19 18:00,4.3,86,,0.2,,2.7,–k¼,,0.01,
2023/03/19 19:00,4.2,85,,0.0,,3.0,–k–k¼,,1.0e-50,
2023/03/19 20:00,4.1,84,,0.1,,3.1,–k¼,,1.0e-50,
2023/03/19 21:00,3.9,85,,0.3,,3.3,–k–k¼,,1.0e-50,
2023/03/19 22:00,3.7,83,,0.1,,3.6,–k–k¼,,1.0e-50,
2023/03/19 23:00,3.5,81,,0.1,,3.7,–k–k¼,,1.0e-50,
2023/03/20 0:00,3.0,80,,0.1,,3.5,–k–k¼,,1.0e-50,
2023/03/20 1:00,2.6,80,,0.0,,3.3,–k–k¼,,1.0e-50,
2023/03/20 2:00,2.5,79,,0.0,,3.4,–k–k¼,,1.0e-50,
2023/03/20 3:00,2.0,77,,0.0,,3.3,–k–k¼,,1.0e-50,
2023/03/20 4:00,1.7,76,,0.0,,3.1,–k,,1.0e-50,
2023/03/20 5:00,1.2,75,,0.0,,2.9,–k,,1.0e-50,
2023/03/20 6:00,1.0,74,,0.0,,3.1,–k,,0.01,
2023/03/20 7:00,0.7,73,,0.1,,3.2,–k,,0.01,
2023/03/20 8:00,0.8,68,,0.0,,3.8,–k,,0.01,
2023/03/20 9:00,1.0,63,,0.0,,4.9,–k–k¼,,0.01,
2023/03/20 10:00,1.1,61,,0.0,,5.5,–k–k¼,,0.01,
2023/03/20 11:00,1.1,57,,0.0,,5.6,–k–k¼,,0.01,
2023/03/20 12:00,0.8,56,,0.0,,5.6,–k–k¼,,0.01,
2023/03/20 13:00,0.7,54,,0.0,,5.6,–k–k¼,,0.01,
2023/03/20 14:00,0.5,53,,0.0,,5.4,–k–k¼,,0.01,
2023/03/20 15:00,0.8,57,,0.0,,4.9,–k–k¼,,0.01,
2023/03/20 16:00,0.4,57,,0.0,,4.6,–k–k¼,,0.01,
2023/03/20 17:00,-0.0,60,,0.0,,3.4,–k–k¼,,0.01,
2023/03/20 18:00,-0.6,70,,0.0,,2.9,–k–k¼,,0.01,
2023/03/20 19:00,-0.6,71,,0.3,,2.4,–k–k¼,,1.0e-50,
2023/03/20 20:00,-0.8,62,,0.1,,2.2,–k¼,,1.0e-50,
2023/03/20 21:00,-1.5,62,,0.0,,2.1,–k¼,,1.0e-50,
2023/03/20 22:00,-1.9,61,,0.0,,2.1,–k¼,,1.0e-50,
2023/03/20 23:00,-2.9,61,,0.0,,1.7,–k¼,,1.0e-50,
2023/03/21 0:00,-4.4,67,,0.0,,1.2,¼–k¼,,1.0e-50,
2023/03/21 1:00,-4.8,70,,0.0,,0.8,¼,,1.0e-50,
2023/03/21 2:00,-5.0,73,,0.0,,1.0,“ì¼,,1.0e-50,
2023/03/21 3:00,-4.9,74,,0.1,,1.3,“ì¼,,1.0e-50,
2023/03/21 4:00,-4.7,75,,0.4,,1.3,“ì¼,,1.0e-50,
2023/03/21 5:00,-4.7,68,,0.0,,1.6,“ì¼,,1.0e-50,
2023/03/21 6:00,-4.4,71,,0.0,,1.3,“ì“ì¼,,0.01,
2023/03/21 7:00,-3.7,78,,0.3,,0.8,“ì,,0.01,
2023/03/21 8:00,-2.3,78,,0.4,,0.5,–k–k“Œ,,0.01,
2023/03/21 9:00,-0.3,73,,0.4,,1.1,–k–k¼,,0.01,
2023/03/21 10:00,0.6,73,,0.3,,2.2,–k–k¼,,0.01,
2023/03/21 11:00,1.7,52,,0.1,,4.0,–k¼,,0.01,
2023/03/21 12:00,1.4,51,,0.0,,4.7,–k¼,,0.01,
2023/03/21 13:00,1.3,52,,0.0,,4.5,–k¼,,0.01,
2023/03/21 14:00,1.1,53,,0.0,,4.3,–k¼,,0.01,
2023/03/21 15:00,0.9,56,,0.0,,4.0,–k¼,,0.01,
2023/03/21 16:00,0.6,57,,0.0,,3.7,–k¼,,0.01,
2023/03/21 17:00,0.0,59,,0.0,,2.8,–k¼,,0.01,
2023/03/21 18:00,-0.8,64,,0.0,,1.9,–k¼,,0.01,
2023/03/21 19:00,-1.7,67,,0.0,,1.8,¼,,1.0e-50,
2023/03/21 20:00,-2.6,67,,0.0,,1.9,¼,,1.0e-50,
2023/03/21 21:00,-3.0,64,,0.0,,1.9,¼“ì¼,,1.0e-50,
2023/03/21 22:00,-3.4,63,,0.0,,2.0,¼,,1.0e-50,
2023/03/21 23:00,-4.0,66,,0.0,,1.9,¼“ì¼,,1.0e-50,
2023/03/22 0:00,-4.4,67,,0.0,,1.9,¼“ì¼,,1.0e-50,
2023/03/22 1:00,-4.9,70,,0.0,,1.8,¼“ì¼,,1.0e-50,
2023/03/22 2:00,-5.5,73,,0.0,,1.6,“ì¼,,1.0e-50,
2023/03/22 3:00,-6.1,73,,0.0,,1.6,“ì¼,,1.0e-50,
2023/03/22 4:00,-6.2,73,,0.0,,1.8,“ì“ì¼,,1.0e-50,
2023/03/22 5:00,-6.0,72,,0.0,,2.0,“ì“ì¼,,1.0e-50,
2023/03/22 6:00,-5.2,71,,0.0,,2.1,“ì“ì¼,,0.01,
2023/03/22 7:00,-3.5,70,,0.0,,1.8,“ì“ì¼,,0.01,
2023/03/22 8:00,-0.8,68,,0.0,,1.3,“ì“ì¼,,0.01,
2023/03/22 9:00,2.1,59,,0.0,,1.0,“ì¼,,0.01,
2023/03/22 10:00,3.7,55,,0.0,,1.4,¼–k¼,,0.01,
2023/03/22 11:00,4.8,49,,0.0,,2.6,¼–k¼,,0.01,
2023/03/22 12:00,4.8,44,,0.0,,3.3,¼–k¼,,0.01,
2023/03/22 13:00,4.8,40,,0.0,,3.5,¼–k¼,,0.01,
2023/03/22 14:00,4.6,40,,0.0,,3.3,¼–k¼,,0.01,
2023/03/22 15:00,4.3,46,,0.0,,3.1,¼–k¼,,0.01,
2023/03/22 16:00,3.7,48,,0.0,,2.6,¼–k¼,,0.01,
2023/03/22 17:00,2.7,56,,0.0,,1.6,¼,,0.01,
2023/03/22 18:00,0.9,65,,0.0,,1.5,¼,,0.01,
2023/03/22 19:00,-0.6,70,,0.0,,1.6,¼“ì¼,,1.0e-50,
2023/03/22 20:00,-1.5,73,,0.0,,1.7,“ì¼,,1.0e-50,
2023/03/22 21:00,-1.2,72,,0.0,,2.0,“ì¼,,1.0e-50,
2023/03/22 22:00,-1.5,73,,0.0,,1.9,“ì¼,,1.0e-50,
2023/03/22 23:00,-1.7,74,,0.0,,1.9,“ì¼,,1.0e-50,
2023/03/23 0:00,-1.5,74,,0.0,,2.1,“ì¼,,1.0e-50,
2023/03/23 1:00,-1.1,74,,0.0,,2.2,“ì¼,,1.0e-50,
2023/03/23 2:00,-1.0,74,,0.0,,2.0,“ì¼,,1.0e-50,
2023/03/23 3:00,-2.1,73,,0.0,,2.1,“ì¼,,1.0e-50,
2023/03/23 4:00,-2.4,72,,0.0,,2.1,“ì¼,,1.0e-50,
2023/03/23 5:00,-1.9,69,,0.0,,2.3,¼“ì¼,,1.0e-50,
2023/03/23 6:00,-1.4,71,,0.0,,2.2,¼,,0.01,
2023/03/23 7:00,-0.9,83,,0.6,,1.5,¼–k¼,,0.01,
2023/03/23 8:00,0.4,79,,0.5,,1.3,–k¼,,0.01,
2023/03/23 9:00,2.7,58,,0.1,,3.1,–k¼,,0.01,
2023/03/23 10:00,2.9,55,,0.0,,3.9,–k¼,,0.01,
2023/03/23 11:00,2.9,54,,0.0,,3.8,–k¼,,0.01,
2023/03/23 12:00,2.9,58,,0.1,,4.2,–k¼,,0.01,
2023/03/23 13:00,2.6,61,,0.2,,3.9,–k¼,,0.01,
2023/03/23 14:00,2.5,60,,0.2,,3.8,–k¼,,0.01,
2023/03/23 15:00,2.3,61,,0.1,,3.8,–k¼,,0.01,
2023/03/23 16:00,2.0,61,,0.1,,3.4,–k¼,,0.01,
2023/03/23 17:00,1.6,62,,0.0,,2.6,–k¼,,0.01,
2023/03/23 18:00,0.8,67,,0.0,,1.8,–k¼,,0.01,
2023/03/23 19:00,0.2,75,,0.1,,1.7,¼–k¼,,1.0e-50,
2023/03/23 20:00,-0.2,87,,0.9,,1.5,–k¼,,1.0e-50,
2023/03/23 21:00,-0.7,89,,1.2,,1.1,¼–k¼,,1.0e-50,
2023/03/23 22:00,-1.0,90,,1.2,,1.2,¼–k¼,,1.0e-50,
2023/03/23 23:00,-1.5,88,,0.6,,1.2,¼,,1.0e-50,
2023/03/24 0:00,-2.2,85,,0.1,,1.0,¼,,1.0e-50,
2023/03/24 1:00,-2.6,81,,0.1,,1.4,¼“ì¼,,1.0e-50,
2023/03/24 2:00,-2.8,82,,0.2,,1.5,¼“ì¼,,1.0e-50,
2023/03/24 3:00,-3.1,80,,0.2,,1.5,¼“ì¼,,1.0e-50,
2023/03/24 4:00,-3.4,78,,0.1,,1.4,“ì¼,,1.0e-50,
2023/03/24 5:00,-3.5,79,,0.2,,1.2,“ì¼,,1.0e-50,
2023/03/24 6:00,-4.2,85,,0.6,,1.0,¼“ì¼,,0.01,
2023/03/24 7:00,-3.3,87,,0.6,,0.7,¼“ì¼,,0.01,
2023/03/24 8:00,-1.4,84,,0.4,,0.2,–k–k¼,,0.01,
2023/03/24 9:00,0.7,80,,0.2,,1.0,–k–k¼,,0.01,
2023/03/24 10:00,1.6,76,,0.3,,1.5,–k,,0.01,
2023/03/24 11:00,2.1,72,,0.4,,1.6,–k,,0.01,
2023/03/24 12:00,2.8,64,,0.6,,2.4,–k–k¼,,0.01,
2023/03/24 13:00,3.1,62,,0.2,,2.7,–k–k¼,,0.01,
2023/03/24 14:00,3.0,63,,0.2,,2.7,–k–k¼,,0.01,
2023/03/24 15:00,3.0,65,,0.2,,2.8,–k¼,,0.01,
2023/03/24 16:00,2.8,66,,0.1,,2.5,–k–k¼,,0.01,
2023/03/24 17:00,2.2,71,,0.0,,1.8,–k–k¼,,0.01,
2023/03/24 18:00,0.9,76,,0.0,,1.8,–k¼,,0.01,
2023/03/24 19:00,0.2,76,,0.0,,1.7,¼–k¼,,1.0e-50,
2023/03/24 20:00,-0.3,79,,0.0,,1.6,–k¼,,1.0e-50,
2023/03/24 21:00,-1.3,85,,0.1,,1.1,–k–k¼,,1.0e-50,
2023/03/24 22:00,-2.2,85,,0.0,,1.3,–k–k¼,,1.0e-50,
2023/03/24 23:00,-2.7,81,,0.0,,1.4,¼–k¼,,1.0e-50,
2023/03/25 0:00,-3.5,83,,0.0,,1.3,–k¼,,1.0e-50,
2023/03/25 1:00,-4.6,85,,0.0,,1.2,–k¼,,1.0e-50,
2023/03/25 2:00,-5.4,85,,0.0,,1.1,¼–k¼,,1.0e-50,
2023/03/25 3:00,-5.4,84,,0.0,,1.2,¼,,1.0e-50,
2023/03/25 4:00,-5.3,82,,0.0,,1.0,¼,,1.0e-50,
2023/03/25 5:00,-5.0,83,,0.0,,1.0,¼,,1.0e-50,
2023/03/25 6:00,-4.7,88,,0.2,,0.7,“ì¼,,0.01,
2023/03/25 7:00,-3.8,90,,0.6,,0.3,–k,,0.01,
2023/03/25 8:00,-1.9,82,,0.5,,0.5,–k–k¼,,0.01,
2023/03/25 9:00,0.2,73,,0.0,,1.4,–k–k¼,,0.01,
2023/03/25 10:00,1.6,72,,0.3,,2.9,–k–k¼,,0.01,
2023/03/25 11:00,2.1,79,,1.4,,3.8,–k¼,,0.01,
2023/03/25 12:00,2.7,65,,0.5,,4.3,–k¼,,0.01,
2023/03/25 13:00,3.1,62,,0.1,,4.4,–k¼,,0.01,
2023/03/25 14:00,2.8,63,,0.1,,4.2,–k–k¼,,0.01,
2023/03/25 15:00,2.0,69,,0.2,,3.8,–k¼,,0.01,
2023/03/25 16:00,2.0,69,,0.2,,3.4,–k¼,,0.01,
2023/03/25 17:00,1.7,68,,0.1,,2.5,–k¼,,0.01,
2023/03/25 18:00,1.1,73,,0.0,,1.9,–k¼,,0.01,
2023/03/25 19:00,0.5,78,,0.3,,1.6,–k¼,,1.0e-50,
2023/03/25 20:00,-0.1,74,,0.1,,1.5,–k¼,,1.0e-50,
2023/03/25 21:00,-0.5,76,,0.0,,1.7,–k¼,,1.0e-50,
2023/03/25 22:00,-0.8,82,,0.3,,1.5,¼–k¼,,1.0e-50,
2023/03/25 23:00,-1.0,77,,0.1,,1.6,¼–k¼,,1.0e-50,
2023/03/26 0:00,-1.2,76,,0.0,,1.8,¼–k¼,,1.0e-50,
2023/03/26 1:00,-1.0,73,,0.0,,2.1,¼–k¼,,1.0e-50,
2023/03/26 2:00,-0.9,71,,0.0,,2.3,¼–k¼,,1.0e-50,
2023/03/26 3:00,-0.7,74,,0.1,,2.0,–k¼,,1.0e-50,
2023/03/26 4:00,-0.9,74,,0.0,,1.9,–k¼,,1.0e-50,
2023/03/26 5:00,-1.6,74,,0.0,,1.7,–k¼,,1.0e-50,
2023/03/26 6:00,-1.0,77,,0.0,,1.7,–k–k¼,,0.01,
2023/03/26 7:00,-0.4,78,,0.0,,1.4,–k–k¼,,0.01,
2023/03/26 8:00,1.6,69,,0.0,,1.8,–k,,0.01,
2023/03/26 9:00,3.2,61,,0.0,,3.3,–k–k¼,,0.01,
2023/03/26 10:00,3.9,59,,0.0,,4.0,–k–k¼,,0.01,
2023/03/26 11:00,4.2,59,,0.0,,3.9,–k–k¼,,0.01,
2023/03/26 12:00,4.4,62,,0.0,,3.7,–k¼,,0.01,
2023/03/26 13:00,4.6,61,,0.0,,3.9,–k–k¼,,0.01,
2023/03/26 14:00,4.6,58,,0.0,,3.8,–k–k¼,,0.01,
2023/03/26 15:00,4.4,60,,0.0,,3.4,–k¼,,0.01,
2023/03/26 16:00,4.0,64,,0.0,,2.7,–k–k¼,,0.01,
2023/03/26 17:00,3.5,70,,0.0,,1.3,–k–k¼,,0.01,
2023/03/26 18:00,1.9,79,,0.0,,0.8,¼–k¼,,0.01,
2023/03/26 19:00,0.9,76,,0.0,,1.6,“ì¼,,1.0e-50,
2023/03/26 20:00,-0.1,74,,0.0,,1.7,“ì¼,,1.0e-50,
2023/03/26 21:00,-0.5,75,,0.0,,1.7,“ì“ì¼,,1.0e-50,
2023/03/26 22:00,-1.2,78,,0.0,,1.6,“ì,,1.0e-50,
2023/03/26 23:00,-1.9,81,,0.0,,1.6,“ì“ì“Œ,,1.0e-50,
2023/03/27 0:00,-2.4,84,,0.0,,1.6,“ì“ì“Œ,,1.0e-50,
2023/03/27 1:00,-2.8,87,,0.0,,1.7,“ì“ì“Œ,,1.0e-50,
2023/03/27 2:00,-3.1,88,,0.0,,1.8,“ì“ì“Œ,,1.0e-50,
2023/03/27 3:00,-3.1,89,,0.0,,1.9,“ì“ì“Œ,,1.0e-50,
2023/03/27 4:00,-3.4,90,,0.0,,1.9,“ì“ì“Œ,,1.0e-50,
2023/03/27 5:00,-3.5,91,,0.0,,2.0,“ì“ì“Œ,,1.0e-50,
2023/03/27 6:00,-3.1,90,,0.0,,2.0,“ì“ì“Œ,,0.01,
2023/03/27 7:00,-1.3,86,,0.0,,1.7,“ì“Œ,,0.01,
2023/03/27 8:00,2.0,76,,0.0,,1.7,“ì“Œ,,0.01,
2023/03/27 9:00,5.1,64,,0.0,,1.4,“ì“Œ,,0.01,
2023/03/27 10:00,7.4,53,,0.0,,1.6,“ì,,0.01,
2023/03/27 11:00,9.0,44,,0.0,,2.2,“ì“ì¼,,0.01,
2023/03/27 12:00,9.8,41,,0.0,,2.5,“ì¼,,0.01,
2023/03/27 13:00,10.1,44,,0.0,,3.3,“ì¼,,0.01,
2023/03/27 14:00,10.0,45,,0.0,,3.3,“ì¼,,0.01,
2023/03/27 15:00,10.1,48,,0.0,,2.5,“ì¼,,0.01,
2023/03/27 16:00,9.6,51,,0.0,,1.9,“ì¼,,0.01,
2023/03/27 17:00,8.2,57,,0.0,,1.4,“ì“ì¼,,0.01,
2023/03/27 18:00,6.1,65,,0.0,,1.2,“ì,,0.01,
2023/03/27 19:00,4.6,67,,0.0,,1.2,“ì“ì“Œ,,1.0e-50,
2023/03/27 20:00,3.5,67,,0.0,,1.2,“ì“Œ,,1.0e-50,
2023/03/27 21:00,2.5,71,,0.0,,1.8,“ì“ì“Œ,,1.0e-50,
2023/03/27 22:00,1.9,72,,0.0,,1.7,“ì“Œ,,1.0e-50,
2023/03/27 23:00,1.6,75,,0.0,,1.5,“ì“Œ,,1.0e-50,
2023/03/28 0:00,1.8,79,,0.0,,1.8,“ì“ì“Œ,,1.0e-50,
2023/03/28 1:00,1.5,80,,0.0,,1.7,“ì“ì“Œ,,1.0e-50,
2023/03/28 2:00,0.5,83,,0.0,,1.2,“ì“ì“Œ,,1.0e-50,
2023/03/28 3:00,0.4,84,,0.0,,1.3,“ì“ì“Œ,,1.0e-50,
2023/03/28 4:00,0.1,86,,0.0,,1.3,“ì“ì“Œ,,1.0e-50,
2023/03/28 5:00,-0.4,89,,0.2,,1.1,“ì“ì¼,,1.0e-50,
2023/03/28 6:00,-0.9,89,,0.1,,1.3,“ì¼,,0.01,
2023/03/28 7:00,0.8,88,,0.0,,1.4,¼–k¼,,0.01,
2023/03/28 8:00,3.5,78,,0.0,,1.6,–k–k¼,,0.01,
2023/03/28 9:00,5.4,62,,0.0,,2.1,–k–k¼,,0.01,
2023/03/28 10:00,6.3,55,,0.0,,2.8,–k–k¼,,0.01,
2023/03/28 11:00,6.6,50,,0.0,,3.1,–k–k¼,,0.01,
2023/03/28 12:00,6.8,45,,0.0,,3.7,–k–k¼,,0.01,
2023/03/28 13:00,6.7,46,,0.0,,3.6,–k–k¼,,0.01,
2023/03/28 14:00,6.3,50,,0.0,,3.7,–k–k¼,,0.01,
2023/03/28 15:00,5.7,54,,0.0,,3.9,–k–k¼,,0.01,
2023/03/28 16:00,5.0,54,,0.0,,3.3,–k–k¼,,0.01,
2023/03/28 17:00,4.1,58,,0.0,,2.1,–k–k¼,,0.01,
2023/03/28 18:00,2.5,66,,0.0,,1.6,¼–k¼,,0.01,
2023/03/28 19:00,1.1,67,,0.0,,1.7,¼–k¼,,1.0e-50,
2023/03/28 20:00,0.2,65,,0.0,,1.7,¼,,1.0e-50,
2023/03/28 21:00,-0.4,60,,0.0,,1.6,¼“ì¼,,1.0e-50,
2023/03/28 22:00,-1.4,62,,0.0,,1.3,¼,,1.0e-50,
2023/03/28 23:00,-2.1,64,,0.0,,1.2,¼,,1.0e-50,
2023/03/29 0:00,-2.4,60,,0.0,,1.2,¼“ì¼,,1.0e-50,
2023/03/29 1:00,-2.9,57,,0.0,,1.0,“ì¼,,1.0e-50,
2023/03/29 2:00,-3.1,54,,0.0,,1.2,“ì¼,,1.0e-50,
2023/03/29 3:00,-3.2,53,,0.0,,1.4,¼“ì¼,,1.0e-50,
2023/03/29 4:00,-3.7,57,,0.0,,1.2,“ì¼,,1.0e-50,
2023/03/29 5:00,-3.6,58,,0.0,,1.5,“ì¼,,1.0e-50,
2023/03/29 6:00,-2.8,57,,0.0,,1.7,“ì“ì¼,,0.01,
2023/03/29 7:00,-0.8,58,,0.0,,1.5,“ì,,0.01,
2023/03/29 8:00,1.9,55,,0.0,,1.2,“ì“Œ,,0.01,
2023/03/29 9:00,4.9,49,,0.0,,1.7,“ì“Œ,,0.01,
2023/03/29 10:00,7.5,43,,0.0,,2.1,“ì“Œ,,0.01,
2023/03/29 11:00,9.6,37,,0.0,,2.2,“ì“ì“Œ,,0.01,
2023/03/29 12:00,10.9,36,,0.0,,1.7,“ì“Œ,,0.01,
2023/03/29 13:00,12.0,37,,0.0,,1.5,“ì“ì“Œ,,0.01,
2023/03/29 14:00,12.2,40,,0.0,,1.8,“ì,,0.01,
2023/03/29 15:00,12.2,45,,0.0,,1.7,“ì,,0.01,
2023/03/29 16:00,11.2,54,,0.0,,2.2,“ì,,0.01,
2023/03/29 17:00,9.7,58,,0.0,,2.8,“ì“ì“Œ,,0.01,
2023/03/29 18:00,7.7,63,,0.0,,3.2,“ì“ì“Œ,,0.01,
2023/03/29 19:00,6.0,70,,0.0,,3.4,“ì“ì“Œ,,1.0e-50,
2023/03/29 20:00,5.1,75,,0.0,,3.5,“ì“ì“Œ,,1.0e-50,
2023/03/29 21:00,4.6,77,,0.0,,3.7,“ì“ì“Œ,,1.0e-50,
2023/03/29 22:00,4.5,78,,0.0,,3.8,“ì“ì“Œ,,1.0e-50,
2023/03/29 23:00,4.4,80,,0.0,,3.8,“ì“ì“Œ,,1.0e-50,
2023/03/30 0:00,4.0,84,,0.0,,3.6,“ì“ì“Œ,,1.0e-50,
2023/03/30 1:00,4.0,85,,0.0,,3.5,“ì“ì“Œ,,1.0e-50,
2023/03/30 2:00,4.0,85,,0.0,,3.4,“ì“ì“Œ,,1.0e-50,
2023/03/30 3:00,4.0,85,,0.0,,3.6,“ì“ì“Œ,,1.0e-50,
2023/03/30 4:00,4.1,84,,0.0,,3.9,“ì“ì“Œ,,1.0e-50,
2023/03/30 5:00,4.2,84,,0.0,,4.0,“ì“ì“Œ,,1.0e-50,
2023/03/30 6:00,4.4,81,,0.0,,4.2,“ì“ì“Œ,,0.01,
2023/03/30 7:00,5.4,78,,0.0,,4.7,“ì“ì“Œ,,0.01,
2023/03/30 8:00,7.0,75,,0.0,,5.4,“ì“ì“Œ,,0.01,
2023/03/30 9:00,8.3,69,,0.0,,5.7,“ì“ì“Œ,,0.01,
2023/03/30 10:00,8.9,66,,0.0,,5.8,“ì“ì“Œ,,0.01,
2023/03/30 11:00,8.9,64,,0.0,,5.8,“ì“ì“Œ,,0.01,
2023/03/30 12:00,8.6,68,,0.6,,5.8,“ì“ì“Œ,,0.01,
2023/03/30 13:00,7.9,73,,1.9,,5.4,“ì“ì“Œ,,0.01,
2023/03/30 14:00,8.3,73,,1.4,,5.4,“ì“ì“Œ,,0.01,
2023/03/30 15:00,8.7,72,,1.0,,4.6,“ì“ì“Œ,,0.01,
2023/03/30 16:00,8.4,75,,0.9,,3.0,“ì,,0.01,
2023/03/30 17:00,7.6,81,,0.6,,0.1,“Œ“ì“Œ,,0.01,
2023/03/30 18:00,6.1,81,,0.0,,1.4,–k¼,,0.01,
2023/03/30 19:00,3.8,81,,0.0,,1.2,¼,,1.0e-50,
2023/03/30 20:00,2.3,77,,0.0,,1.4,¼“ì¼,,1.0e-50,
2023/03/30 21:00,2.7,62,,0.0,,2.0,“ì¼,,1.0e-50,
2023/03/30 22:00,2.4,59,,0.0,,2.1,“ì“ì¼,,1.0e-50,
2023/03/30 23:00,2.5,67,,0.0,,2.5,“ì¼,,1.0e-50,
2023/03/31 0:00,2.6,77,,0.0,,2.9,“ì¼,,1.0e-50,
2023/03/31 1:00,2.4,74,,0.0,,2.8,“ì¼,,1.0e-50,
2023/03/31 2:00,1.0,75,,0.0,,1.2,“ì¼,,1.0e-50,
2023/03/31 3:00,-1.4,89,,0.0,,0.4,“Œ,,1.0e-50,
2023/03/31 4:00,-1.9,91,,0.0,,0.5,“ì“ì“Œ,,1.0e-50,
2023/03/31 5:00,-1.5,90,,0.0,,0.8,“ì“ì¼,,1.0e-50,
2023/03/31 6:00,-1.0,90,,0.0,,0.7,“ì“ì¼,,0.01,
2023/03/31 7:00,0.3,86,,0.0,,0.5,“ì“ì¼,,0.01,
2023/03/31 8:00,3.2,75,,0.0,,0.1,¼,,0.01,
2023/03/31 9:00,5.8,63,,0.0,,0.5,–k–k¼,,0.01,
2023/03/31 10:00,7.7,55,,0.0,,2.0,–k¼,,0.01,
2023/03/31 11:00,8.6,44,,0.0,,3.1,¼–k¼,,0.01,
2023/03/31 12:00,8.3,47,,0.0,,3.5,–k¼,,0.01,
2023/03/31 13:00,8.4,45,,0.0,,3.6,–k¼,,0.01,
2023/03/31 14:00,8.2,45,,0.0,,3.5,–k¼,,0.01,
2023/03/31 15:00,7.1,60,,0.0,,3.7,–k–k¼,,0.01,
2023/03/31 16:00,6.6,62,,0.0,,3.5,–k–k¼,,0.01,
2023/03/31 17:00,6.0,65,,0.0,,2.7,–k¼,,0.01,
2023/03/31 18:00,4.9,69,,0.0,,1.5,–k¼,,0.01,
2023/03/31 19:00,3.7,71,,0.0,,1.5,¼–k¼,,1.0e-50,
2023/03/31 20:00,3.0,73,,0.0,,1.6,¼–k¼,,1.0e-50,
2023/03/31 21:00,2.1,75,,0.0,,1.5,¼“ì¼,,1.0e-50,
2023/03/31 22:00,1.8,78,,0.0,,1.3,¼“ì¼,,1.0e-50,
2023/03/31 23:00,1.5,83,,0.0,,1.0,¼“ì¼,,1.0e-50,
