,room1,room1,room1,room2,room2,room2,
 ,temp,rh,ah,temp,rh,ah,
2022/04/01 00:00,1.0,0.86,0.00349,25.0,0.5,0.00988,
2022/04/01 00:10,0.895,0.867,0.00349,21.66,0.483,0.00778,
2022/04/01 00:20,0.778,0.876,0.00349,20.537,0.479,0.00719,
2022/04/01 00:30,0.662,0.884,0.0035,19.746,0.477,0.00681,
2022/04/01 00:40,0.545,0.892,0.0035,19.156,0.477,0.00656,
2022/04/01 00:50,0.428,0.901,0.00351,18.694,0.477,0.00638,
2022/04/01 01:00,0.312,0.909,0.00351,18.313,0.478,0.00624,
2022/04/01 01:10,0.18,0.913,0.00349,17.983,0.479,0.00613,
2022/04/01 01:20,0.047,0.916,0.00347,17.682,0.48,0.00602,
2022/04/01 01:30,-0.087,0.92,0.00345,17.396,0.48,0.00591,
2022/04/01 01:40,-0.22,0.923,0.00343,17.117,0.48,0.0058,
2022/04/01 01:50,-0.353,0.926,0.00341,16.841,0.479,0.00569,
2022/04/01 02:00,-0.487,0.93,0.00339,16.564,0.478,0.00558,
2022/04/01 02:10,-0.605,0.927,0.00335,16.285,0.477,0.00547,
2022/04/01 02:20,-0.722,0.924,0.00331,16.003,0.476,0.00536,
2022/04/01 02:30,-0.838,0.921,0.00327,15.717,0.475,0.00525,
2022/04/01 02:40,-0.955,0.917,0.00323,15.429,0.473,0.00514,
2022/04/01 02:50,-1.072,0.914,0.00319,15.139,0.472,0.00502,
2022/04/01 03:00,-1.188,0.91,0.00315,14.847,0.47,0.00491,
2022/04/01 03:10,-1.26,0.91,0.00313,14.555,0.469,0.00481,
2022/04/01 03:20,-1.327,0.91,0.00311,14.265,0.467,0.0047,
2022/04/01 03:30,-1.393,0.91,0.0031,13.976,0.466,0.0046,
2022/04/01 03:40,-1.46,0.91,0.00308,13.688,0.465,0.0045,
2022/04/01 03:50,-1.527,0.91,0.00307,13.403,0.464,0.00441,
2022/04/01 04:00,-1.593,0.91,0.00305,13.119,0.462,0.00431,
2022/04/01 04:10,-1.675,0.912,0.00304,12.837,0.461,0.00423,
2022/04/01 04:20,-1.758,0.913,0.00303,12.557,0.46,0.00414,
2022/04/01 04:30,-1.842,0.915,0.00301,12.279,0.459,0.00405,
2022/04/01 04:40,-1.925,0.917,0.003,12.003,0.458,0.00397,
2022/04/01 04:50,-2.008,0.918,0.00299,11.73,0.458,0.0039,
2022/04/01 05:00,-2.092,0.92,0.00297,11.461,0.457,0.00382,
2022/04/01 05:10,-2.13,0.92,0.00297,11.194,0.456,0.00375,
2022/04/01 05:20,-2.163,0.92,0.00296,10.933,0.456,0.00368,
2022/04/01 05:30,-2.197,0.92,0.00295,10.676,0.455,0.00361,
2022/04/01 05:40,-2.23,0.92,0.00295,10.423,0.455,0.00355,
2022/04/01 05:50,-2.263,0.92,0.00294,10.174,0.454,0.00348,
2022/04/01 06:00,-2.297,0.92,0.00293,9.928,0.454,0.00342,
2022/04/01 06:10,-1.97,0.918,0.003,9.694,0.454,0.00337,
2022/04/01 06:20,-1.603,0.915,0.00307,9.477,0.454,0.00332,
2022/04/01 06:30,-1.237,0.912,0.00314,9.274,0.454,0.00327,
2022/04/01 06:40,-0.87,0.909,0.00322,9.082,0.454,0.00323,
2022/04/01 06:50,-0.503,0.905,0.00329,8.9,0.454,0.0032,
2022/04/01 07:00,-0.137,0.9,0.00336,8.727,0.455,0.00316,
2022/04/01 07:10,0.35,0.886,0.00343,8.563,0.455,0.00313,
2022/04/01 07:20,0.85,0.871,0.0035,8.41,0.456,0.0031,
2022/04/01 07:30,1.35,0.856,0.00356,8.267,0.456,0.00308,
2022/04/01 07:40,1.85,0.841,0.00363,8.134,0.457,0.00305,
2022/04/01 07:50,2.35,0.826,0.00369,8.011,0.458,0.00303,
2022/04/01 08:00,2.85,0.811,0.00376,7.897,0.459,0.00301,
2022/04/01 08:10,3.26,0.792,0.00378,7.79,0.459,0.003,
2022/04/01 08:20,3.66,0.773,0.00379,7.688,0.46,0.00298,
2022/04/01 08:30,4.06,0.755,0.00381,7.592,0.461,0.00297,
2022/04/01 08:40,4.46,0.736,0.00382,7.503,0.462,0.00295,
2022/04/01 08:50,4.86,0.719,0.00384,7.422,0.462,0.00294,
2022/04/01 09:00,5.26,0.702,0.00385,7.35,0.463,0.00293,
2022/04/01 09:10,5.585,0.687,0.00386,7.284,0.464,0.00292,
2022/04/01 09:20,5.902,0.673,0.00386,7.225,0.464,0.00291,
2022/04/01 09:30,6.218,0.66,0.00387,7.173,0.465,0.00291,
2022/04/01 09:40,6.535,0.647,0.00388,7.128,0.466,0.0029,
2022/04/01 09:50,6.852,0.634,0.00388,7.09,0.467,0.0029,
2022/04/01 10:00,7.168,0.621,0.00389,7.059,0.467,0.0029,
2022/04/01 10:10,7.41,0.606,0.00386,7.033,0.468,0.0029,
2022/04/01 10:20,7.643,0.59,0.00382,7.01,0.469,0.0029,
2022/04/01 10:30,7.877,0.575,0.00378,6.991,0.469,0.0029,
2022/04/01 10:40,8.11,0.56,0.00374,6.976,0.469,0.0029,
2022/04/01 10:50,8.343,0.546,0.0037,6.966,0.47,0.0029,
2022/04/01 11:00,8.577,0.531,0.00366,6.96,0.47,0.0029,
2022/04/01 11:10,8.705,0.527,0.00366,6.958,0.471,0.0029,
2022/04/01 11:20,8.822,0.524,0.00367,6.96,0.471,0.0029,
2022/04/01 11:30,8.938,0.52,0.00367,6.966,0.471,0.00291,
2022/04/01 11:40,9.055,0.517,0.00368,6.975,0.472,0.00291,
2022/04/01 11:50,9.172,0.514,0.00368,6.989,0.473,0.00292,
2022/04/01 12:00,9.288,0.51,0.00369,7.005,0.473,0.00293,
2022/04/01 12:10,9.315,0.515,0.00373,7.025,0.474,0.00293,
2022/04/01 12:20,9.332,0.52,0.00377,7.046,0.475,0.00294,
2022/04/01 12:30,9.348,0.525,0.00381,7.07,0.476,0.00295,
2022/04/01 12:40,9.365,0.53,0.00385,7.096,0.476,0.00296,
2022/04/01 12:50,9.382,0.535,0.00389,7.125,0.477,0.00298,
2022/04/01 13:00,9.398,0.54,0.00393,7.156,0.479,0.00299,
2022/04/01 13:10,9.385,0.543,0.00395,7.188,0.48,0.003,
2022/04/01 13:20,9.368,0.546,0.00397,7.22,0.481,0.00302,
2022/04/01 13:30,9.352,0.55,0.00399,7.252,0.482,0.00303,
2022/04/01 13:40,9.335,0.553,0.00401,7.285,0.483,0.00304,
2022/04/01 13:50,9.318,0.556,0.00403,7.319,0.484,0.00306,
2022/04/01 14:00,9.302,0.56,0.00405,7.354,0.485,0.00307,
2022/04/01 14:10,9.27,0.563,0.00407,7.388,0.486,0.00308,
2022/04/01 14:20,9.237,0.566,0.00408,7.423,0.487,0.0031,
2022/04/01 14:30,9.203,0.57,0.0041,7.458,0.488,0.00311,
2022/04/01 14:40,9.17,0.573,0.00411,7.493,0.489,0.00313,
2022/04/01 14:50,9.137,0.576,0.00413,7.527,0.49,0.00314,
2022/04/01 15:00,9.103,0.58,0.00414,7.562,0.491,0.00316,
2022/04/01 15:10,8.92,0.591,0.00417,7.594,0.492,0.00317,
2022/04/01 15:20,8.72,0.604,0.00421,7.623,0.493,0.00318,
2022/04/01 15:30,8.52,0.617,0.00424,7.648,0.495,0.0032,
2022/04/01 15:40,8.32,0.631,0.00428,7.672,0.496,0.00321,
2022/04/01 15:50,8.12,0.645,0.00431,7.693,0.497,0.00322,
2022/04/01 16:00,7.92,0.659,0.00434,7.713,0.498,0.00323,
2022/04/01 16:10,7.72,0.67,0.00436,7.73,0.5,0.00325,
2022/04/01 16:20,7.52,0.681,0.00437,7.745,0.501,0.00326,
2022/04/01 16:30,7.32,0.693,0.00439,7.757,0.502,0.00327,
2022/04/01 16:40,7.12,0.705,0.0044,7.766,0.503,0.00328,
2022/04/01 16:50,6.92,0.717,0.00441,7.773,0.505,0.00329,
2022/04/01 17:00,6.72,0.729,0.00443,7.777,0.506,0.0033,
2022/04/01 17:10,6.505,0.739,0.00442,7.777,0.507,0.00331,
2022/04/01 17:20,6.288,0.748,0.00441,7.774,0.508,0.00331,
2022/04/01 17:30,6.072,0.758,0.00441,7.767,0.509,0.00332,
2022/04/01 17:40,5.855,0.768,0.0044,7.756,0.511,0.00332,
2022/04/01 17:50,5.638,0.779,0.00439,7.742,0.512,0.00333,
2022/04/01 18:00,5.422,0.789,0.00438,7.724,0.513,0.00333,
2022/04/01 18:10,5.34,0.791,0.00437,7.705,0.514,0.00333,
2022/04/01 18:20,5.273,0.793,0.00436,7.686,0.515,0.00334,
2022/04/01 18:30,5.207,0.795,0.00435,7.667,0.516,0.00334,
2022/04/01 18:40,5.14,0.796,0.00434,7.646,0.516,0.00334,
2022/04/01 18:50,5.073,0.798,0.00433,7.623,0.517,0.00334,
2022/04/01 19:00,5.007,0.8,0.00432,7.598,0.518,0.00334,
2022/04/01 19:10,5.03,0.795,0.0043,7.572,0.519,0.00334,
2022/04/01 19:20,5.063,0.79,0.00428,7.547,0.519,0.00333,
2022/04/01 19:30,5.097,0.785,0.00426,7.521,0.52,0.00333,
2022/04/01 19:40,5.13,0.78,0.00425,7.494,0.521,0.00333,
2022/04/01 19:50,5.163,0.775,0.00423,7.467,0.521,0.00333,
2022/04/01 20:00,5.197,0.77,0.00421,7.438,0.522,0.00332,
2022/04/01 20:10,5.275,0.764,0.0042,7.41,0.522,0.00332,
2022/04/01 20:20,5.358,0.757,0.00419,7.382,0.523,0.00332,
2022/04/01 20:30,5.442,0.75,0.00417,7.354,0.523,0.00331,
2022/04/01 20:40,5.525,0.744,0.00416,7.327,0.523,0.00331,
2022/04/01 20:50,5.608,0.737,0.00415,7.3,0.524,0.00331,
2022/04/01 21:00,5.692,0.731,0.00413,7.274,0.524,0.0033,
2022/04/01 21:10,5.7,0.734,0.00416,7.247,0.525,0.0033,
2022/04/01 21:20,5.7,0.739,0.00419,7.221,0.525,0.0033,
2022/04/01 21:30,5.7,0.744,0.00421,7.195,0.526,0.00329,
2022/04/01 21:40,5.7,0.75,0.00424,7.17,0.526,0.00329,
2022/04/01 21:50,5.7,0.754,0.00427,7.146,0.527,0.00329,
2022/04/01 22:00,5.7,0.76,0.0043,7.122,0.528,0.00329,
2022/04/01 22:10,5.535,0.773,0.00433,7.097,0.529,0.00329,
2022/04/01 22:20,5.352,0.787,0.00435,7.067,0.529,0.00329,
2022/04/01 22:30,5.168,0.802,0.00438,7.036,0.53,0.00329,
2022/04/01 22:40,4.985,0.817,0.0044,7.002,0.531,0.00329,
2022/04/01 22:50,4.802,0.833,0.00443,6.968,0.533,0.00329,
2022/04/01 23:00,4.618,0.848,0.00446,6.933,0.534,0.00328,
2022/04/01 23:10,4.435,0.85,0.00441,6.896,0.535,0.00328,
2022/04/01 23:20,4.252,0.85,0.00435,6.854,0.536,0.00328,
2022/04/01 23:30,4.068,0.851,0.0043,6.809,0.536,0.00327,
2022/04/01 23:40,3.885,0.851,0.00424,6.762,0.537,0.00327,
2022/04/01 23:50,3.702,0.85,0.00419,6.712,0.537,0.00326,
2022/04/02 00:00,3.518,0.85,0.00413,6.66,0.538,0.00325,
2022/04/02 00:10,3.38,0.847,0.00408,6.607,0.538,0.00324,
2022/04/02 00:20,3.247,0.844,0.00402,6.553,0.539,0.00323,
2022/04/02 00:30,3.113,0.841,0.00397,6.497,0.539,0.00322,
2022/04/02 00:40,2.98,0.838,0.00392,6.44,0.539,0.00321,
2022/04/02 00:50,2.847,0.834,0.00386,6.382,0.54,0.0032,
2022/04/02 01:00,2.713,0.83,0.00381,6.321,0.54,0.00318,
2022/04/02 01:10,2.595,0.807,0.00367,6.257,0.54,0.00317,
2022/04/02 01:20,2.478,0.781,0.00352,6.187,0.539,0.00315,
2022/04/02 01:30,2.362,0.755,0.00338,6.111,0.539,0.00313,
2022/04/02 01:40,2.245,0.728,0.00323,6.032,0.538,0.00311,
2022/04/02 01:50,2.128,0.701,0.00308,5.948,0.537,0.00308,
2022/04/02 02:00,2.012,0.673,0.00293,5.861,0.535,0.00306,
2022/04/02 02:10,1.805,0.672,0.00288,5.772,0.534,0.00303,
2022/04/02 02:20,1.588,0.674,0.00285,5.682,0.533,0.00301,
2022/04/02 02:30,1.372,0.675,0.00281,5.591,0.532,0.00298,
2022/04/02 02:40,1.155,0.677,0.00277,5.499,0.531,0.00296,
2022/04/02 02:50,0.938,0.678,0.00274,5.405,0.531,0.00294,
2022/04/02 03:00,0.722,0.68,0.0027,5.309,0.53,0.00291,
2022/04/02 03:10,0.55,0.682,0.00267,5.211,0.529,0.00289,
2022/04/02 03:20,0.383,0.683,0.00265,5.113,0.528,0.00287,
2022/04/02 03:30,0.217,0.685,0.00262,5.014,0.528,0.00284,
2022/04/02 03:40,0.05,0.687,0.0026,4.914,0.527,0.00282,
2022/04/02 03:50,-0.117,0.688,0.00257,4.813,0.527,0.0028,
2022/04/02 04:00,-0.283,0.69,0.00255,4.71,0.526,0.00277,
2022/04/02 04:10,-0.36,0.691,0.00254,4.608,0.525,0.00275,
2022/04/02 04:20,-0.427,0.693,0.00253,4.508,0.525,0.00273,
2022/04/02 04:30,-0.493,0.695,0.00253,4.408,0.524,0.00271,
2022/04/02 04:40,-0.56,0.696,0.00252,4.31,0.524,0.00269,
2022/04/02 04:50,-0.627,0.698,0.00251,4.212,0.524,0.00267,
2022/04/02 05:00,-0.693,0.7,0.00251,4.114,0.523,0.00265,
2022/04/02 05:10,-0.805,0.704,0.0025,4.016,0.523,0.00263,
2022/04/02 05:20,-0.922,0.709,0.0025,3.917,0.523,0.00261,
2022/04/02 05:30,-1.038,0.714,0.00249,3.817,0.522,0.00259,
2022/04/02 05:40,-1.155,0.719,0.00249,3.717,0.522,0.00257,
2022/04/02 05:50,-1.272,0.724,0.00249,3.616,0.522,0.00255,
2022/04/02 06:00,-1.388,0.729,0.00248,3.516,0.522,0.00253,
2022/04/02 06:10,-1.28,0.725,0.00249,3.42,0.521,0.00251,
2022/04/02 06:20,-1.147,0.72,0.0025,3.331,0.521,0.00249,
2022/04/02 06:30,-1.013,0.715,0.0025,3.247,0.521,0.00248,
2022/04/02 06:40,-0.88,0.71,0.00251,3.167,0.521,0.00246,
2022/04/02 06:50,-0.747,0.705,0.00252,3.091,0.521,0.00245,
2022/04/02 07:00,-0.613,0.7,0.00252,3.017,0.521,0.00244,
2022/04/02 07:10,-0.39,0.681,0.00249,2.947,0.521,0.00242,
2022/04/02 07:20,-0.157,0.66,0.00246,2.879,0.52,0.00241,
2022/04/02 07:30,0.077,0.64,0.00242,2.814,0.52,0.0024,
2022/04/02 07:40,0.31,0.62,0.00239,2.752,0.519,0.00238,
2022/04/02 07:50,0.543,0.601,0.00235,2.693,0.519,0.00237,
2022/04/02 08:00,0.777,0.582,0.00232,2.637,0.518,0.00236,
2022/04/02 08:10,0.965,0.572,0.00231,2.584,0.517,0.00235,
2022/04/02 08:20,1.148,0.564,0.00231,2.535,0.517,0.00234,
2022/04/02 08:30,1.332,0.555,0.0023,2.489,0.516,0.00233,
2022/04/02 08:40,1.515,0.547,0.0023,2.447,0.516,0.00232,
2022/04/02 08:50,1.698,0.539,0.00229,2.408,0.515,0.00231,
2022/04/02 09:00,1.882,0.531,0.00229,2.373,0.515,0.0023,
2022/04/02 09:10,1.945,0.527,0.00228,2.34,0.514,0.00229,
2022/04/02 09:20,1.995,0.524,0.00228,2.307,0.514,0.00228,
2022/04/02 09:30,2.045,0.52,0.00227,2.275,0.513,0.00228,
2022/04/02 09:40,2.095,0.517,0.00226,2.245,0.513,0.00227,
2022/04/02 09:50,2.145,0.514,0.00226,2.218,0.513,0.00226,
2022/04/02 10:00,2.195,0.51,0.00225,2.193,0.512,0.00226,
2022/04/02 10:10,2.23,0.505,0.00223,2.169,0.512,0.00225,
2022/04/02 10:20,2.263,0.5,0.00222,2.148,0.511,0.00225,
2022/04/02 10:30,2.297,0.495,0.0022,2.128,0.511,0.00224,
2022/04/02 10:40,2.33,0.49,0.00218,2.11,0.511,0.00224,
2022/04/02 10:50,2.363,0.485,0.00217,2.094,0.51,0.00223,
2022/04/02 11:00,2.397,0.48,0.00215,2.08,0.51,0.00223,
2022/04/02 11:10,2.445,0.478,0.00215,2.068,0.509,0.00223,
2022/04/02 11:20,2.495,0.477,0.00215,2.059,0.509,0.00222,
2022/04/02 11:30,2.545,0.475,0.00215,2.052,0.509,0.00222,
2022/04/02 11:40,2.595,0.473,0.00215,2.048,0.509,0.00222,
2022/04/02 11:50,2.645,0.472,0.00215,2.045,0.508,0.00222,
2022/04/02 12:00,2.695,0.47,0.00215,2.044,0.508,0.00222,
2022/04/02 12:10,2.655,0.471,0.00215,2.043,0.508,0.00222,
2022/04/02 12:20,2.605,0.473,0.00215,2.041,0.508,0.00221,
2022/04/02 12:30,2.555,0.475,0.00215,2.038,0.507,0.00221,
2022/04/02 12:40,2.505,0.476,0.00215,2.035,0.507,0.00221,
2022/04/02 12:50,2.455,0.478,0.00215,2.032,0.507,0.00221,
2022/04/02 13:00,2.405,0.48,0.00215,2.03,0.507,0.00221,
2022/04/02 13:10,2.325,0.484,0.00216,2.027,0.507,0.00221,
2022/04/02 13:20,2.242,0.489,0.00216,2.024,0.507,0.00221,
2022/04/02 13:30,2.158,0.494,0.00217,2.022,0.507,0.00221,
2022/04/02 13:40,2.075,0.499,0.00218,2.019,0.507,0.00221,
2022/04/02 13:50,1.992,0.504,0.00219,2.016,0.507,0.00221,
2022/04/02 14:00,1.908,0.509,0.0022,2.013,0.507,0.00221,
2022/04/02 14:10,1.855,0.513,0.00221,2.01,0.507,0.00221,
2022/04/02 14:20,1.805,0.516,0.00221,2.008,0.507,0.00221,
2022/04/02 14:30,1.755,0.52,0.00222,2.005,0.507,0.00221,
2022/04/02 14:40,1.705,0.523,0.00223,2.003,0.507,0.00221,
2022/04/02 14:50,1.655,0.526,0.00223,2.0,0.507,0.00221,
2022/04/02 15:00,1.605,0.53,0.00224,1.997,0.507,0.00221,
2022/04/02 15:10,1.51,0.534,0.00224,1.992,0.507,0.00221,
2022/04/02 15:20,1.41,0.539,0.00225,1.986,0.507,0.0022,
2022/04/02 15:30,1.31,0.544,0.00225,1.978,0.508,0.0022,
2022/04/02 15:40,1.21,0.549,0.00226,1.969,0.508,0.0022,
2022/04/02 15:50,1.11,0.554,0.00226,1.958,0.508,0.0022,
2022/04/02 16:00,1.01,0.559,0.00227,1.947,0.508,0.0022,
2022/04/02 16:10,0.895,0.569,0.00228,1.934,0.508,0.0022,
2022/04/02 16:20,0.778,0.578,0.0023,1.921,0.508,0.0022,
2022/04/02 16:30,0.662,0.588,0.00232,1.907,0.509,0.0022,
2022/04/02 16:40,0.545,0.598,0.00234,1.892,0.509,0.0022,
2022/04/02 16:50,0.428,0.609,0.00236,1.876,0.509,0.0022,
2022/04/02 17:00,0.312,0.619,0.00238,1.859,0.51,0.00219,
2022/04/02 17:10,0.195,0.629,0.0024,1.84,0.51,0.00219,
2022/04/02 17:20,0.078,0.639,0.00242,1.821,0.511,0.00219,
2022/04/02 17:30,-0.038,0.648,0.00244,1.8,0.511,0.00219,
2022/04/02 17:40,-0.155,0.658,0.00245,1.778,0.511,0.00219,
2022/04/02 17:50,-0.272,0.669,0.00247,1.754,0.512,0.00219,
2022/04/02 18:00,-0.388,0.679,0.00249,1.73,0.512,0.00219,
2022/04/02 18:10,-0.49,0.679,0.00247,1.703,0.513,0.00218,
2022/04/02 18:20,-0.59,0.677,0.00244,1.674,0.513,0.00218,
2022/04/02 18:30,-0.69,0.675,0.00242,1.642,0.513,0.00218,
2022/04/02 18:40,-0.79,0.674,0.0024,1.607,0.514,0.00217,
2022/04/02 18:50,-0.89,0.672,0.00237,1.571,0.514,0.00217,
2022/04/02 19:00,-0.99,0.67,0.00235,1.533,0.514,0.00216,
2022/04/02 19:10,-1.03,0.669,0.00234,1.495,0.514,0.00215,
2022/04/02 19:20,-1.063,0.667,0.00232,1.457,0.514,0.00215,
2022/04/02 19:30,-1.097,0.665,0.00231,1.42,0.514,0.00214,
2022/04/02 19:40,-1.13,0.664,0.0023,1.382,0.514,0.00214,
2022/04/02 19:50,-1.163,0.662,0.00229,1.343,0.514,0.00213,
2022/04/02 20:00,-1.197,0.66,0.00228,1.304,0.514,0.00213,
2022/04/02 20:10,-1.23,0.66,0.00227,1.264,0.514,0.00212,
2022/04/02 20:20,-1.263,0.66,0.00227,1.224,0.514,0.00211,
2022/04/02 20:30,-1.297,0.66,0.00226,1.183,0.514,0.00211,
2022/04/02 20:40,-1.33,0.66,0.00226,1.141,0.514,0.0021,
2022/04/02 20:50,-1.363,0.66,0.00225,1.099,0.514,0.00209,
2022/04/02 21:00,-1.397,0.66,0.00224,1.057,0.514,0.00209,
2022/04/02 21:10,-1.355,0.66,0.00225,1.015,0.514,0.00208,
2022/04/02 21:20,-1.305,0.66,0.00226,0.976,0.514,0.00208,
2022/04/02 21:30,-1.255,0.66,0.00227,0.939,0.514,0.00207,
2022/04/02 21:40,-1.205,0.66,0.00228,0.903,0.514,0.00206,
2022/04/02 21:50,-1.155,0.66,0.00228,0.868,0.514,0.00206,
2022/04/02 22:00,-1.105,0.66,0.00229,0.834,0.514,0.00206,
2022/04/02 22:10,-1.085,0.671,0.00233,0.801,0.514,0.00205,
2022/04/02 22:20,-1.068,0.682,0.00238,0.77,0.515,0.00205,
2022/04/02 22:30,-1.052,0.694,0.00242,0.74,0.515,0.00205,
2022/04/02 22:40,-1.035,0.706,0.00246,0.712,0.516,0.00204,
2022/04/02 22:50,-1.018,0.717,0.00251,0.685,0.516,0.00204,
2022/04/02 23:00,-1.002,0.729,0.00255,0.66,0.517,0.00204,
2022/04/02 23:10,-0.955,0.722,0.00254,0.635,0.518,0.00204,
2022/04/02 23:20,-0.905,0.714,0.00252,0.609,0.518,0.00204,
2022/04/02 23:30,-0.855,0.706,0.0025,0.583,0.519,0.00204,
2022/04/02 23:40,-0.805,0.697,0.00248,0.557,0.519,0.00203,
2022/04/02 23:50,-0.755,0.689,0.00246,0.531,0.519,0.00203,
2022/04/03 00:00,-0.705,0.681,0.00244,0.506,0.519,0.00203,
2022/04/03 00:10,-0.7,0.673,0.00241,0.481,0.519,0.00202,
2022/04/03 00:20,-0.7,0.664,0.00238,0.455,0.519,0.00202,
2022/04/03 00:30,-0.7,0.656,0.00235,0.428,0.519,0.00202,
2022/04/03 00:40,-0.7,0.648,0.00232,0.402,0.519,0.00201,
2022/04/03 00:50,-0.7,0.639,0.00229,0.376,0.519,0.00201,
2022/04/03 01:00,-0.7,0.631,0.00226,0.35,0.519,0.002,
2022/04/03 01:10,-0.73,0.63,0.00225,0.324,0.519,0.002,
2022/04/03 01:20,-0.763,0.63,0.00224,0.299,0.519,0.002,
2022/04/03 01:30,-0.797,0.63,0.00224,0.274,0.519,0.00199,
2022/04/03 01:40,-0.83,0.63,0.00223,0.25,0.519,0.00199,
2022/04/03 01:50,-0.863,0.63,0.00223,0.226,0.519,0.00198,
2022/04/03 02:00,-0.897,0.63,0.00222,0.203,0.519,0.00198,
2022/04/03 02:10,-0.915,0.636,0.00224,0.18,0.519,0.00198,
2022/04/03 02:20,-0.932,0.643,0.00226,0.159,0.519,0.00198,
2022/04/03 02:30,-0.948,0.649,0.00228,0.139,0.519,0.00197,
2022/04/03 02:40,-0.965,0.656,0.0023,0.12,0.519,0.00197,
2022/04/03 02:50,-0.982,0.663,0.00232,0.102,0.52,0.00197,
2022/04/03 03:00,-0.998,0.669,0.00234,0.085,0.52,0.00197,
2022/04/03 03:10,-1.0,0.666,0.00233,0.067,0.52,0.00197,
2022/04/03 03:20,-1.0,0.661,0.00231,0.048,0.521,0.00197,
2022/04/03 03:30,-1.0,0.656,0.00229,0.028,0.521,0.00196,
2022/04/03 03:40,-1.0,0.65,0.00228,0.008,0.521,0.00196,
2022/04/03 03:50,-1.0,0.646,0.00226,-0.012,0.521,0.00196,
2022/04/03 04:00,-1.0,0.641,0.00224,-0.033,0.521,0.00196,
2022/04/03 04:10,-1.03,0.64,0.00224,-0.054,0.521,0.00195,
2022/04/03 04:20,-1.063,0.64,0.00223,-0.075,0.521,0.00195,
2022/04/03 04:30,-1.097,0.64,0.00222,-0.096,0.521,0.00195,
2022/04/03 04:40,-1.13,0.64,0.00222,-0.117,0.521,0.00194,
2022/04/03 04:50,-1.163,0.64,0.00221,-0.138,0.521,0.00194,
2022/04/03 05:00,-1.197,0.64,0.00221,-0.159,0.521,0.00194,
2022/04/03 05:10,-1.215,0.647,0.00223,-0.179,0.521,0.00194,
2022/04/03 05:20,-1.232,0.656,0.00226,-0.198,0.522,0.00194,
2022/04/03 05:30,-1.248,0.664,0.00228,-0.214,0.522,0.00193,
2022/04/03 05:40,-1.265,0.672,0.00231,-0.23,0.522,0.00193,
2022/04/03 05:50,-1.282,0.681,0.00233,-0.245,0.523,0.00193,
2022/04/03 06:00,-1.298,0.689,0.00236,-0.26,0.523,0.00193,
2022/04/03 06:10,-1.165,0.687,0.00238,-0.271,0.524,0.00193,
2022/04/03 06:20,-1.015,0.684,0.00239,-0.279,0.525,0.00193,
2022/04/03 06:30,-0.865,0.68,0.00241,-0.284,0.525,0.00194,
2022/04/03 06:40,-0.715,0.677,0.00242,-0.286,0.526,0.00194,
2022/04/03 06:50,-0.565,0.674,0.00244,-0.287,0.526,0.00194,
2022/04/03 07:00,-0.415,0.67,0.00245,-0.286,0.526,0.00194,
2022/04/03 07:10,-0.205,0.661,0.00245,-0.282,0.527,0.00194,
2022/04/03 07:20,0.012,0.65,0.00245,-0.276,0.527,0.00195,
2022/04/03 07:30,0.228,0.64,0.00245,-0.267,0.528,0.00195,
2022/04/03 07:40,0.445,0.63,0.00245,-0.257,0.528,0.00195,
2022/04/03 07:50,0.662,0.621,0.00245,-0.244,0.528,0.00195,
2022/04/03 08:00,0.878,0.611,0.00245,-0.228,0.528,0.00196,
2022/04/03 08:10,0.885,0.62,0.00249,-0.213,0.529,0.00196,
2022/04/03 08:20,0.868,0.632,0.00254,-0.199,0.529,0.00196,
2022/04/03 08:30,0.852,0.644,0.00258,-0.185,0.53,0.00197,
2022/04/03 08:40,0.835,0.655,0.00262,-0.171,0.53,0.00197,
2022/04/03 08:50,0.818,0.667,0.00267,-0.155,0.531,0.00198,
2022/04/03 09:00,0.802,0.679,0.00271,-0.138,0.532,0.00198,
2022/04/03 09:10,0.83,0.685,0.00274,-0.12,0.533,0.00199,
2022/04/03 09:20,0.863,0.69,0.00277,-0.099,0.534,0.002,
2022/04/03 09:30,0.897,0.695,0.00279,-0.077,0.535,0.002,
2022/04/03 09:40,0.93,0.7,0.00282,-0.054,0.536,0.00201,
2022/04/03 09:50,0.963,0.705,0.00285,-0.029,0.537,0.00202,
2022/04/03 10:00,0.997,0.71,0.00287,-0.003,0.538,0.00202,
2022/04/03 10:10,1.03,0.707,0.00287,0.023,0.539,0.00203,
2022/04/03 10:20,1.063,0.704,0.00286,0.049,0.54,0.00204,
2022/04/03 10:30,1.097,0.7,0.00286,0.074,0.54,0.00205,
2022/04/03 10:40,1.13,0.697,0.00285,0.099,0.541,0.00205,
2022/04/03 10:50,1.163,0.694,0.00284,0.124,0.542,0.00206,
2022/04/03 11:00,1.197,0.69,0.00284,0.149,0.542,0.00206,
2022/04/03 11:10,1.215,0.687,0.00283,0.174,0.543,0.00207,
2022/04/03 11:20,1.232,0.684,0.00282,0.198,0.543,0.00207,
2022/04/03 11:30,1.248,0.68,0.00281,0.222,0.544,0.00208,
2022/04/03 11:40,1.265,0.677,0.0028,0.246,0.544,0.00209,
2022/04/03 11:50,1.282,0.674,0.00279,0.269,0.545,0.00209,
2022/04/03 12:00,1.298,0.67,0.00277,0.292,0.545,0.0021,
2022/04/03 12:10,1.33,0.668,0.00277,0.316,0.545,0.0021,
2022/04/03 12:20,1.363,0.667,0.00277,0.34,0.546,0.00211,
2022/04/03 12:30,1.397,0.665,0.00277,0.364,0.546,0.00211,
2022/04/03 12:40,1.43,0.663,0.00277,0.388,0.546,0.00212,
2022/04/03 12:50,1.463,0.662,0.00277,0.412,0.547,0.00212,
2022/04/03 13:00,1.497,0.66,0.00277,0.437,0.547,0.00213,
2022/04/03 13:10,1.5,0.663,0.00278,0.461,0.547,0.00213,
2022/04/03 13:20,1.5,0.666,0.0028,0.484,0.548,0.00214,
2022/04/03 13:30,1.5,0.67,0.00281,0.508,0.548,0.00214,
2022/04/03 13:40,1.5,0.673,0.00283,0.531,0.549,0.00215,
2022/04/03 13:50,1.5,0.676,0.00284,0.554,0.549,0.00215,
2022/04/03 14:00,1.5,0.68,0.00285,0.577,0.55,0.00216,
2022/04/03 14:10,1.47,0.684,0.00287,0.599,0.55,0.00216,
2022/04/03 14:20,1.437,0.689,0.00288,0.62,0.551,0.00217,
2022/04/03 14:30,1.403,0.694,0.0029,0.64,0.551,0.00217,
2022/04/03 14:40,1.37,0.699,0.00291,0.66,0.552,0.00218,
2022/04/03 14:50,1.337,0.704,0.00292,0.679,0.553,0.00219,
2022/04/03 15:00,1.303,0.709,0.00294,0.698,0.553,0.00219,
2022/04/03 15:10,1.255,0.713,0.00294,0.715,0.554,0.0022,
2022/04/03 15:20,1.205,0.716,0.00295,0.732,0.555,0.0022,
2022/04/03 15:30,1.155,0.72,0.00295,0.747,0.555,0.00221,
2022/04/03 15:40,1.105,0.723,0.00295,0.761,0.556,0.00221,
2022/04/03 15:50,1.055,0.726,0.00296,0.774,0.556,0.00222,
2022/04/03 16:00,1.005,0.73,0.00296,0.787,0.557,0.00222,
2022/04/03 16:10,0.94,0.736,0.00297,0.799,0.557,0.00222,
2022/04/03 16:20,0.873,0.742,0.00298,0.809,0.558,0.00223,
2022/04/03 16:30,0.807,0.749,0.00299,0.82,0.559,0.00223,
2022/04/03 16:40,0.74,0.756,0.00301,0.829,0.559,0.00224,
2022/04/03 16:50,0.673,0.763,0.00302,0.837,0.56,0.00224,
2022/04/03 17:00,0.607,0.769,0.00303,0.845,0.561,0.00224,
2022/04/03 17:10,0.51,0.776,0.00304,0.851,0.561,0.00225,
2022/04/03 17:20,0.41,0.782,0.00304,0.855,0.562,0.00225,
2022/04/03 17:30,0.31,0.789,0.00304,0.856,0.563,0.00225,
2022/04/03 17:40,0.21,0.796,0.00305,0.857,0.563,0.00226,
2022/04/03 17:50,0.11,0.803,0.00305,0.855,0.564,0.00226,
2022/04/03 18:00,0.01,0.809,0.00305,0.853,0.565,0.00226,
2022/04/03 18:10,-0.045,0.81,0.00304,0.849,0.565,0.00226,
2022/04/03 18:20,-0.095,0.81,0.00303,0.844,0.566,0.00227,
2022/04/03 18:30,-0.145,0.81,0.00302,0.839,0.566,0.00227,
2022/04/03 18:40,-0.195,0.81,0.00301,0.832,0.567,0.00227,
2022/04/03 18:50,-0.245,0.81,0.003,0.824,0.567,0.00227,
2022/04/03 19:00,-0.295,0.81,0.00299,0.815,0.568,0.00227,
2022/04/03 19:10,-0.36,0.813,0.00299,0.805,0.568,0.00227,
2022/04/03 19:20,-0.427,0.816,0.00298,0.794,0.569,0.00227,
2022/04/03 19:30,-0.493,0.82,0.00298,0.781,0.569,0.00227,
2022/04/03 19:40,-0.56,0.823,0.00298,0.767,0.57,0.00227,
2022/04/03 19:50,-0.627,0.826,0.00298,0.752,0.57,0.00227,
2022/04/03 20:00,-0.693,0.83,0.00297,0.736,0.57,0.00227,
2022/04/03 20:10,-0.76,0.824,0.00294,0.719,0.571,0.00226,
2022/04/03 20:20,-0.827,0.818,0.0029,0.698,0.571,0.00226,
2022/04/03 20:30,-0.893,0.811,0.00286,0.675,0.571,0.00226,
2022/04/03 20:40,-0.96,0.804,0.00283,0.65,0.571,0.00225,
2022/04/03 20:50,-1.027,0.798,0.00279,0.623,0.571,0.00225,
2022/04/03 21:00,-1.093,0.791,0.00275,0.595,0.571,0.00225,
2022/04/03 21:10,-1.175,0.793,0.00274,0.566,0.571,0.00224,
2022/04/03 21:20,-1.258,0.796,0.00274,0.536,0.571,0.00224,
2022/04/03 21:30,-1.342,0.8,0.00273,0.506,0.571,0.00223,
2022/04/03 21:40,-1.425,0.803,0.00273,0.476,0.571,0.00223,
2022/04/03 21:50,-1.508,0.806,0.00272,0.445,0.571,0.00222,
2022/04/03 22:00,-1.592,0.81,0.00272,0.412,0.571,0.00222,
2022/04/03 22:10,-1.69,0.814,0.00271,0.379,0.572,0.00221,
2022/04/03 22:20,-1.79,0.819,0.00271,0.344,0.572,0.00221,
2022/04/03 22:30,-1.89,0.824,0.0027,0.308,0.572,0.0022,
2022/04/03 22:40,-1.99,0.829,0.0027,0.271,0.572,0.0022,
2022/04/03 22:50,-2.09,0.834,0.0027,0.233,0.572,0.00219,
2022/04/03 23:00,-2.19,0.839,0.00269,0.194,0.573,0.00219,
2022/04/03 23:10,-2.32,0.836,0.00266,0.152,0.573,0.00218,
2022/04/03 23:20,-2.453,0.831,0.00262,0.107,0.573,0.00217,
2022/04/03 23:30,-2.587,0.826,0.00257,0.058,0.573,0.00217,
2022/04/03 23:40,-2.72,0.821,0.00253,0.008,0.572,0.00216,
2022/04/03 23:50,-2.853,0.816,0.00249,-0.045,0.572,0.00215,
2022/04/04 00:00,-2.987,0.811,0.00245,-0.1,0.572,0.00214,
2022/04/04 00:10,-3.21,0.815,0.00242,-0.158,0.572,0.00213,
2022/04/04 00:20,-3.443,0.82,0.0024,-0.219,0.571,0.00212,
2022/04/04 00:30,-3.677,0.825,0.00237,-0.283,0.571,0.00211,
2022/04/04 00:40,-3.91,0.83,0.00234,-0.35,0.571,0.0021,
2022/04/04 00:50,-4.143,0.835,0.00231,-0.419,0.571,0.00208,
2022/04/04 01:00,-4.377,0.84,0.00229,-0.491,0.571,0.00207,
2022/04/04 01:10,-4.505,0.84,0.00227,-0.563,0.57,0.00206,
2022/04/04 01:20,-4.622,0.84,0.00225,-0.634,0.57,0.00205,
2022/04/04 01:30,-4.738,0.84,0.00223,-0.705,0.57,0.00204,
2022/04/04 01:40,-4.855,0.84,0.00221,-0.776,0.57,0.00203,
2022/04/04 01:50,-4.972,0.84,0.00219,-0.849,0.569,0.00201,
2022/04/04 02:00,-5.088,0.84,0.00217,-0.923,0.569,0.002,
2022/04/04 02:10,-5.175,0.84,0.00215,-0.998,0.569,0.00199,
2022/04/04 02:20,-5.258,0.84,0.00214,-1.073,0.569,0.00198,
2022/04/04 02:30,-5.342,0.84,0.00213,-1.149,0.569,0.00197,
2022/04/04 02:40,-5.425,0.84,0.00211,-1.225,0.568,0.00196,
2022/04/04 02:50,-5.508,0.84,0.0021,-1.303,0.568,0.00194,
2022/04/04 03:00,-5.592,0.84,0.00209,-1.381,0.568,0.00193,
2022/04/04 03:10,-5.705,0.837,0.00206,-1.461,0.568,0.00192,
2022/04/04 03:20,-5.822,0.834,0.00204,-1.544,0.567,0.00191,
2022/04/04 03:30,-5.938,0.831,0.00201,-1.628,0.567,0.00189,
2022/04/04 03:40,-6.055,0.827,0.00198,-1.713,0.567,0.00188,
2022/04/04 03:50,-6.172,0.824,0.00196,-1.8,0.566,0.00187,
2022/04/04 04:00,-6.288,0.82,0.00193,-1.888,0.566,0.00185,
2022/04/04 04:10,-6.36,0.817,0.00191,-1.976,0.565,0.00184,
2022/04/04 04:20,-6.427,0.814,0.0019,-2.063,0.565,0.00183,
2022/04/04 04:30,-6.493,0.811,0.00188,-2.149,0.565,0.00181,
2022/04/04 04:40,-6.56,0.807,0.00186,-2.235,0.564,0.0018,
2022/04/04 04:50,-6.627,0.804,0.00184,-2.321,0.564,0.00179,
2022/04/04 05:00,-6.693,0.8,0.00183,-2.407,0.563,0.00178,
2022/04/04 05:10,-6.7,0.79,0.0018,-2.492,0.563,0.00176,
2022/04/04 05:20,-6.7,0.778,0.00177,-2.576,0.562,0.00175,
2022/04/04 05:30,-6.7,0.766,0.00175,-2.659,0.562,0.00174,
2022/04/04 05:40,-6.7,0.755,0.00172,-2.742,0.561,0.00173,
2022/04/04 05:50,-6.7,0.743,0.00169,-2.824,0.561,0.00171,
2022/04/04 06:00,-6.7,0.731,0.00167,-2.906,0.56,0.0017,
2022/04/04 06:10,-6.415,0.724,0.00169,-2.982,0.56,0.00169,
2022/04/04 06:20,-6.098,0.718,0.00171,-3.046,0.559,0.00168,
2022/04/04 06:30,-5.782,0.711,0.00174,-3.102,0.559,0.00167,
2022/04/04 06:40,-5.465,0.704,0.00177,-3.151,0.559,0.00167,
2022/04/04 06:50,-5.148,0.697,0.00179,-3.194,0.559,0.00166,
2022/04/04 07:00,-4.832,0.691,0.00182,-3.233,0.558,0.00166,
2022/04/04 07:10,-4.44,0.684,0.00185,-3.266,0.558,0.00165,
2022/04/04 07:20,-4.04,0.678,0.00189,-3.292,0.559,0.00165,
2022/04/04 07:30,-3.64,0.671,0.00193,-3.312,0.559,0.00165,
2022/04/04 07:40,-3.24,0.665,0.00197,-3.326,0.559,0.00165,
2022/04/04 07:50,-2.84,0.658,0.00201,-3.334,0.559,0.00165,
2022/04/04 08:00,-2.44,0.651,0.00205,-3.336,0.559,0.00165,
2022/04/04 08:10,-2.115,0.629,0.00203,-3.335,0.559,0.00165,
2022/04/04 08:20,-1.798,0.606,0.002,-3.334,0.559,0.00165,
2022/04/04 08:30,-1.482,0.584,0.00197,-3.33,0.559,0.00165,
2022/04/04 08:40,-1.165,0.563,0.00194,-3.324,0.559,0.00165,
2022/04/04 08:50,-0.848,0.542,0.00192,-3.313,0.558,0.00165,
2022/04/04 09:00,-0.532,0.522,0.00189,-3.298,0.558,0.00165,
2022/04/04 09:10,-0.365,0.522,0.00191,-3.279,0.557,0.00165,
2022/04/04 09:20,-0.215,0.524,0.00194,-3.256,0.557,0.00165,
2022/04/04 09:30,-0.065,0.525,0.00197,-3.229,0.557,0.00165,
2022/04/04 09:40,0.085,0.527,0.002,-3.197,0.557,0.00166,
2022/04/04 09:50,0.235,0.528,0.00202,-3.161,0.557,0.00166,
2022/04/04 10:00,0.385,0.53,0.00205,-3.12,0.557,0.00167,
2022/04/04 10:10,0.52,0.53,0.00207,-3.076,0.557,0.00167,
2022/04/04 10:20,0.653,0.53,0.00209,-3.028,0.558,0.00168,
2022/04/04 10:30,0.787,0.53,0.00211,-2.977,0.558,0.00169,
2022/04/04 10:40,0.92,0.53,0.00213,-2.923,0.558,0.00169,
2022/04/04 10:50,1.053,0.53,0.00215,-2.866,0.559,0.0017,
2022/04/04 11:00,1.187,0.53,0.00217,-2.806,0.559,0.00171,
2022/04/04 11:10,1.335,0.521,0.00216,-2.744,0.559,0.00172,
2022/04/04 11:20,1.485,0.51,0.00214,-2.681,0.559,0.00173,
2022/04/04 11:30,1.635,0.5,0.00212,-2.617,0.559,0.00174,
2022/04/04 11:40,1.785,0.49,0.0021,-2.552,0.559,0.00175,
2022/04/04 11:50,1.935,0.481,0.00208,-2.485,0.559,0.00175,
2022/04/04 12:00,2.085,0.471,0.00206,-2.416,0.559,0.00176,
2022/04/04 12:10,2.16,0.468,0.00206,-2.347,0.559,0.00177,
2022/04/04 12:20,2.227,0.467,0.00206,-2.277,0.559,0.00178,
2022/04/04 12:30,2.293,0.465,0.00207,-2.207,0.559,0.00179,
2022/04/04 12:40,2.36,0.463,0.00207,-2.136,0.558,0.0018,
2022/04/04 12:50,2.427,0.462,0.00207,-2.064,0.558,0.00181,
2022/04/04 13:00,2.493,0.46,0.00207,-1.991,0.558,0.00182,
2022/04/04 13:10,2.515,0.458,0.00207,-1.918,0.558,0.00183,
2022/04/04 13:20,2.532,0.457,0.00206,-1.846,0.558,0.00183,
2022/04/04 13:30,2.548,0.455,0.00206,-1.776,0.558,0.00184,
2022/04/04 13:40,2.565,0.453,0.00205,-1.705,0.558,0.00185,
2022/04/04 13:50,2.582,0.452,0.00205,-1.635,0.557,0.00186,
2022/04/04 14:00,2.598,0.45,0.00204,-1.565,0.557,0.00187,
2022/04/04 14:10,2.66,0.455,0.00207,-1.494,0.557,0.00188,
2022/04/04 14:20,2.727,0.46,0.00211,-1.42,0.557,0.00189,
2022/04/04 14:30,2.793,0.465,0.00214,-1.344,0.557,0.0019,
2022/04/04 14:40,2.86,0.47,0.00217,-1.266,0.558,0.00191,
2022/04/04 14:50,2.927,0.475,0.00221,-1.188,0.558,0.00193,
2022/04/04 15:00,2.993,0.48,0.00224,-1.109,0.558,0.00194,
2022/04/04 15:10,2.94,0.487,0.00227,-1.032,0.558,0.00195,
2022/04/04 15:20,2.873,0.496,0.00229,-0.958,0.559,0.00196,
2022/04/04 15:30,2.807,0.504,0.00232,-0.886,0.559,0.00197,
2022/04/04 15:40,2.74,0.512,0.00235,-0.817,0.56,0.00198,
2022/04/04 15:50,2.673,0.521,0.00238,-0.748,0.56,0.002,
2022/04/04 16:00,2.607,0.529,0.0024,-0.681,0.561,0.00201,
2022/04/04 16:10,2.48,0.552,0.00248,-0.615,0.561,0.00202,
2022/04/04 16:20,2.347,0.576,0.00257,-0.548,0.562,0.00203,
2022/04/04 16:30,2.213,0.601,0.00265,-0.481,0.563,0.00205,
2022/04/04 16:40,2.08,0.626,0.00274,-0.415,0.565,0.00206,
2022/04/04 16:50,1.947,0.651,0.00282,-0.349,0.566,0.00208,
2022/04/04 17:00,1.813,0.677,0.00291,-0.283,0.568,0.00209,
2022/04/04 17:10,1.53,0.687,0.00289,-0.224,0.569,0.00211,
2022/04/04 17:20,1.23,0.696,0.00287,-0.175,0.57,0.00212,
2022/04/04 17:30,0.93,0.704,0.00284,-0.135,0.571,0.00213,
2022/04/04 17:40,0.63,0.712,0.00281,-0.102,0.572,0.00214,
2022/04/04 17:50,0.33,0.721,0.00278,-0.075,0.573,0.00214,
2022/04/04 18:00,0.03,0.729,0.00275,-0.053,0.573,0.00215,
2022/04/04 18:10,-0.24,0.728,0.0027,-0.035,0.574,0.00216,
2022/04/04 18:20,-0.507,0.725,0.00263,-0.023,0.574,0.00216,
2022/04/04 18:30,-0.773,0.722,0.00257,-0.016,0.574,0.00216,
2022/04/04 18:40,-1.04,0.719,0.00251,-0.014,0.574,0.00216,
2022/04/04 18:50,-1.307,0.715,0.00245,-0.017,0.574,0.00216,
2022/04/04 19:00,-1.573,0.71,0.00239,-0.025,0.574,0.00216,
2022/04/04 19:10,-1.705,0.71,0.00236,-0.035,0.573,0.00215,
2022/04/04 19:20,-1.822,0.71,0.00234,-0.045,0.573,0.00215,
2022/04/04 19:30,-1.938,0.71,0.00232,-0.056,0.573,0.00215,
2022/04/04 19:40,-2.055,0.71,0.0023,-0.068,0.573,0.00215,
2022/04/04 19:50,-2.172,0.71,0.00228,-0.084,0.573,0.00214,
2022/04/04 20:00,-2.288,0.71,0.00226,-0.103,0.572,0.00214,
2022/04/04 20:10,-2.375,0.714,0.00226,-0.125,0.572,0.00213,
2022/04/04 20:20,-2.458,0.719,0.00226,-0.148,0.572,0.00213,
2022/04/04 20:30,-2.542,0.724,0.00226,-0.174,0.572,0.00212,
2022/04/04 20:40,-2.625,0.729,0.00226,-0.202,0.571,0.00212,
2022/04/04 20:50,-2.708,0.734,0.00227,-0.232,0.571,0.00211,
2022/04/04 21:00,-2.792,0.739,0.00227,-0.264,0.571,0.00211,
2022/04/04 21:10,-2.875,0.739,0.00225,-0.3,0.571,0.0021,
2022/04/04 21:20,-2.958,0.737,0.00223,-0.338,0.571,0.0021,
2022/04/04 21:30,-3.042,0.735,0.00221,-0.379,0.57,0.00209,
2022/04/04 21:40,-3.125,0.734,0.00219,-0.423,0.57,0.00208,
2022/04/04 21:50,-3.208,0.732,0.00218,-0.468,0.57,0.00207,
2022/04/04 22:00,-3.292,0.73,0.00216,-0.516,0.569,0.00206,
2022/04/04 22:10,-3.315,0.727,0.00214,-0.563,0.569,0.00206,
2022/04/04 22:20,-3.332,0.724,0.00213,-0.61,0.569,0.00205,
2022/04/04 22:30,-3.348,0.72,0.00212,-0.657,0.568,0.00204,
2022/04/04 22:40,-3.365,0.717,0.00211,-0.704,0.568,0.00203,
2022/04/04 22:50,-3.382,0.714,0.00209,-0.751,0.568,0.00202,
2022/04/04 23:00,-3.398,0.71,0.00208,-0.798,0.567,0.00201,
2022/04/04 23:10,-3.535,0.714,0.00207,-0.848,0.567,0.00201,
2022/04/04 23:20,-3.685,0.719,0.00206,-0.901,0.566,0.002,
2022/04/04 23:30,-3.835,0.724,0.00205,-0.957,0.566,0.00199,
2022/04/04 23:40,-3.985,0.729,0.00205,-1.015,0.566,0.00198,
2022/04/04 23:50,-4.135,0.734,0.00204,-1.074,0.565,0.00197,
2022/04/05 00:00,-4.285,0.739,0.00203,-1.134,0.565,0.00196,
2022/04/05 00:10,-4.3,0.738,0.00202,-1.193,0.565,0.00195,
2022/04/05 00:20,-4.3,0.737,0.00202,-1.25,0.565,0.00194,
2022/04/05 00:30,-4.3,0.735,0.00201,-1.304,0.565,0.00193,
2022/04/05 00:40,-4.3,0.733,0.00201,-1.357,0.564,0.00192,
2022/04/05 00:50,-4.3,0.732,0.002,-1.409,0.564,0.00192,
2022/04/05 01:00,-4.3,0.73,0.002,-1.46,0.564,0.00191,
2022/04/05 01:10,-4.27,0.73,0.002,-1.511,0.564,0.0019,
2022/04/05 01:20,-4.237,0.73,0.00201,-1.56,0.564,0.00189,
2022/04/05 01:30,-4.203,0.73,0.00201,-1.608,0.564,0.00189,
2022/04/05 01:40,-4.17,0.73,0.00202,-1.655,0.563,0.00188,
2022/04/05 01:50,-4.137,0.73,0.00202,-1.701,0.563,0.00187,
2022/04/05 02:00,-4.103,0.73,0.00203,-1.747,0.563,0.00187,
2022/04/05 02:10,-4.205,0.736,0.00203,-1.793,0.563,0.00186,
2022/04/05 02:20,-4.322,0.742,0.00203,-1.843,0.563,0.00185,
2022/04/05 02:30,-4.438,0.749,0.00203,-1.895,0.563,0.00184,
2022/04/05 02:40,-4.555,0.756,0.00203,-1.949,0.563,0.00184,
2022/04/05 02:50,-4.672,0.762,0.00203,-2.003,0.563,0.00183,
2022/04/05 03:00,-4.788,0.769,0.00203,-2.057,0.563,0.00182,
2022/04/05 03:10,-4.905,0.77,0.00202,-2.112,0.563,0.00182,
2022/04/05 03:20,-5.022,0.77,0.002,-2.168,0.563,0.00181,
2022/04/05 03:30,-5.138,0.77,0.00198,-2.224,0.563,0.0018,
2022/04/05 03:40,-5.255,0.77,0.00196,-2.282,0.563,0.00179,
2022/04/05 03:50,-5.372,0.77,0.00194,-2.339,0.563,0.00178,
2022/04/05 04:00,-5.488,0.77,0.00193,-2.398,0.563,0.00178,
2022/04/05 04:10,-5.38,0.764,0.00193,-2.453,0.563,0.00177,
2022/04/05 04:20,-5.247,0.757,0.00193,-2.501,0.563,0.00176,
2022/04/05 04:30,-5.113,0.75,0.00193,-2.544,0.563,0.00176,
2022/04/05 04:40,-4.98,0.744,0.00193,-2.584,0.563,0.00175,
2022/04/05 04:50,-4.847,0.737,0.00194,-2.622,0.563,0.00175,
2022/04/05 05:00,-4.713,0.731,0.00194,-2.658,0.562,0.00174,
2022/04/05 05:10,-4.715,0.734,0.00195,-2.694,0.562,0.00174,
2022/04/05 05:20,-4.732,0.739,0.00196,-2.733,0.563,0.00173,
2022/04/05 05:30,-4.748,0.744,0.00197,-2.772,0.563,0.00173,
2022/04/05 05:40,-4.765,0.749,0.00198,-2.812,0.563,0.00172,
2022/04/05 05:50,-4.782,0.754,0.00199,-2.852,0.563,0.00172,
2022/04/05 06:00,-4.798,0.759,0.002,-2.891,0.563,0.00171,
2022/04/05 06:10,-4.53,0.766,0.00206,-2.924,0.563,0.00171,
2022/04/05 06:20,-4.23,0.772,0.00213,-2.946,0.564,0.00171,
2022/04/05 06:30,-3.93,0.777,0.00219,-2.958,0.565,0.00171,
2022/04/05 06:40,-3.63,0.782,0.00225,-2.963,0.566,0.00171,
2022/04/05 06:50,-3.33,0.786,0.00232,-2.962,0.566,0.00171,
2022/04/05 07:00,-3.03,0.79,0.00238,-2.956,0.568,0.00172,
2022/04/05 07:10,-2.385,0.787,0.00249,-2.94,0.569,0.00172,
2022/04/05 07:20,-1.702,0.782,0.0026,-2.907,0.57,0.00173,
2022/04/05 07:30,-1.018,0.775,0.00271,-2.86,0.572,0.00174,
2022/04/05 07:40,-0.335,0.768,0.00283,-2.803,0.574,0.00176,
2022/04/05 07:50,0.348,0.76,0.00294,-2.736,0.576,0.00177,
2022/04/05 08:00,1.032,0.751,0.00305,-2.66,0.578,0.00179,
2022/04/05 08:10,1.685,0.731,0.00311,-2.577,0.579,0.0018,
2022/04/05 08:20,2.335,0.71,0.00317,-2.49,0.581,0.00182,
2022/04/05 08:30,2.985,0.69,0.00322,-2.396,0.583,0.00184,
2022/04/05 08:40,3.635,0.67,0.00328,-2.297,0.584,0.00186,
2022/04/05 08:50,4.285,0.651,0.00333,-2.19,0.586,0.00188,
2022/04/05 09:00,4.935,0.632,0.00339,-2.074,0.587,0.0019,
2022/04/05 09:10,5.255,0.627,0.00344,-1.956,0.589,0.00192,
2022/04/05 09:20,5.538,0.624,0.00349,-1.838,0.59,0.00194,
2022/04/05 09:30,5.822,0.621,0.00354,-1.719,0.592,0.00196,
2022/04/05 09:40,6.105,0.617,0.00359,-1.595,0.593,0.00199,
2022/04/05 09:50,6.388,0.614,0.00364,-1.467,0.595,0.00201,
2022/04/05 10:00,6.672,0.61,0.00369,-1.333,0.596,0.00204,
2022/04/05 10:10,6.895,0.609,0.00374,-1.195,0.598,0.00206,
2022/04/05 10:20,7.112,0.607,0.00379,-1.053,0.599,0.00209,
2022/04/05 10:30,7.328,0.605,0.00383,-0.907,0.601,0.00212,
2022/04/05 10:40,7.545,0.604,0.00388,-0.757,0.602,0.00215,
2022/04/05 10:50,7.762,0.602,0.00393,-0.603,0.604,0.00218,
2022/04/05 11:00,7.978,0.6,0.00397,-0.446,0.606,0.00221,
2022/04/05 11:10,8.285,0.596,0.00402,-0.283,0.607,0.00224,
2022/04/05 11:20,8.602,0.591,0.00408,-0.115,0.609,0.00227,
2022/04/05 11:30,8.918,0.586,0.00413,0.057,0.61,0.00231,
2022/04/05 11:40,9.235,0.581,0.00419,0.233,0.612,0.00234,
2022/04/05 11:50,9.552,0.576,0.00424,0.413,0.613,0.00238,
2022/04/05 12:00,9.868,0.571,0.00429,0.595,0.615,0.00242,
2022/04/05 12:10,10.005,0.572,0.00434,0.777,0.616,0.00246,
2022/04/05 12:20,10.122,0.573,0.00439,0.956,0.618,0.00249,
2022/04/05 12:30,10.238,0.575,0.00444,1.133,0.619,0.00253,
2022/04/05 12:40,10.355,0.577,0.00448,1.309,0.621,0.00257,
2022/04/05 12:50,10.472,0.578,0.00453,1.485,0.622,0.00261,
2022/04/05 13:00,10.588,0.58,0.00458,1.661,0.624,0.00265,
2022/04/05 13:10,10.66,0.582,0.00462,1.836,0.625,0.00269,
2022/04/05 13:20,10.727,0.583,0.00465,2.009,0.626,0.00273,
2022/04/05 13:30,10.793,0.585,0.00468,2.18,0.628,0.00277,
2022/04/05 13:40,10.86,0.587,0.00472,2.351,0.629,0.00281,
2022/04/05 13:50,10.927,0.588,0.00475,2.521,0.63,0.00285,
2022/04/05 14:00,10.993,0.59,0.00479,2.69,0.631,0.00289,
2022/04/05 14:10,11.03,0.592,0.00481,2.857,0.633,0.00293,
2022/04/05 14:20,11.063,0.593,0.00484,3.022,0.634,0.00297,
2022/04/05 14:30,11.097,0.595,0.00486,3.184,0.635,0.00301,
2022/04/05 14:40,11.13,0.597,0.00489,3.345,0.636,0.00305,
2022/04/05 14:50,11.163,0.598,0.00491,3.504,0.637,0.00309,
2022/04/05 15:00,11.197,0.6,0.00494,3.66,0.638,0.00313,
2022/04/05 15:10,11.11,0.61,0.00499,3.814,0.639,0.00317,
2022/04/05 15:20,11.01,0.622,0.00505,3.964,0.641,0.00321,
2022/04/05 15:30,10.91,0.633,0.00511,4.111,0.642,0.00325,
2022/04/05 15:40,10.81,0.645,0.00517,4.256,0.643,0.00329,
2022/04/05 15:50,10.71,0.657,0.00524,4.397,0.645,0.00333,
2022/04/05 16:00,10.61,0.669,0.0053,4.536,0.646,0.00337,
2022/04/05 16:10,10.315,0.684,0.00531,4.667,0.647,0.00341,
2022/04/05 16:20,9.998,0.7,0.00532,4.789,0.649,0.00344,
2022/04/05 16:30,9.682,0.716,0.00533,4.902,0.65,0.00348,
2022/04/05 16:40,9.365,0.733,0.00534,5.008,0.651,0.00351,
2022/04/05 16:50,9.048,0.751,0.00535,5.109,0.653,0.00354,
2022/04/05 17:00,8.732,0.768,0.00536,5.203,0.654,0.00357,
2022/04/05 17:10,8.295,0.78,0.00529,5.289,0.655,0.0036,
2022/04/05 17:20,7.845,0.792,0.0052,5.362,0.656,0.00362,
2022/04/05 17:30,7.395,0.804,0.00512,5.424,0.656,0.00364,
2022/04/05 17:40,6.945,0.815,0.00504,5.477,0.657,0.00366,
2022/04/05 17:50,6.495,0.827,0.00495,5.521,0.657,0.00367,
2022/04/05 18:00,6.045,0.839,0.00487,5.558,0.658,0.00368,
2022/04/05 18:10,5.7,0.826,0.00468,5.586,0.658,0.00369,
2022/04/05 18:20,5.367,0.81,0.00448,5.604,0.657,0.00369,
2022/04/05 18:30,5.033,0.792,0.00428,5.612,0.657,0.00369,
2022/04/05 18:40,4.7,0.774,0.00408,5.611,0.655,0.00368,
2022/04/05 18:50,4.367,0.754,0.00389,5.601,0.654,0.00367,
2022/04/05 19:00,4.033,0.732,0.00369,5.583,0.652,0.00366,
2022/04/05 19:10,3.73,0.735,0.00362,5.559,0.651,0.00365,
2022/04/05 19:20,3.43,0.74,0.00357,5.533,0.65,0.00363,
2022/04/05 19:30,3.13,0.745,0.00352,5.505,0.648,0.00362,
2022/04/05 19:40,2.83,0.75,0.00347,5.472,0.647,0.0036,
2022/04/05 19:50,2.53,0.755,0.00342,5.434,0.646,0.00359,
2022/04/05 20:00,2.23,0.76,0.00336,5.389,0.645,0.00357,
2022/04/05 20:10,2.185,0.738,0.00326,5.342,0.643,0.00355,
2022/04/05 20:20,2.168,0.713,0.00314,5.292,0.642,0.00353,
2022/04/05 20:30,2.152,0.688,0.00303,5.239,0.64,0.00351,
2022/04/05 20:40,2.135,0.663,0.00291,5.183,0.638,0.00348,
2022/04/05 20:50,2.118,0.638,0.0028,5.122,0.636,0.00345,
2022/04/05 21:00,2.102,0.613,0.00269,5.058,0.634,0.00343,
2022/04/05 21:10,1.92,0.613,0.00265,4.989,0.632,0.0034,
2022/04/05 21:20,1.72,0.616,0.00263,4.916,0.629,0.00337,
2022/04/05 21:30,1.52,0.62,0.00261,4.84,0.628,0.00334,
2022/04/05 21:40,1.32,0.623,0.00258,4.761,0.626,0.00331,
2022/04/05 21:50,1.12,0.626,0.00256,4.68,0.624,0.00329,
2022/04/05 22:00,0.92,0.63,0.00254,4.595,0.622,0.00326,
2022/04/05 22:10,0.69,0.637,0.00252,4.508,0.621,0.00323,
2022/04/05 22:20,0.457,0.645,0.00251,4.419,0.619,0.0032,
2022/04/05 22:30,0.223,0.654,0.0025,4.328,0.618,0.00317,
2022/04/05 22:40,-0.01,0.662,0.00249,4.235,0.617,0.00315,
2022/04/05 22:50,-0.243,0.671,0.00248,4.14,0.615,0.00312,
2022/04/05 23:00,-0.477,0.679,0.00247,4.044,0.614,0.00309,
2022/04/05 23:10,-0.65,0.682,0.00245,3.946,0.613,0.00306,
2022/04/05 23:20,-0.817,0.683,0.00243,3.848,0.612,0.00304,
2022/04/05 23:30,-0.983,0.685,0.0024,3.75,0.611,0.00301,
2022/04/05 23:40,-1.15,0.687,0.00238,3.651,0.609,0.00298,
2022/04/05 23:50,-1.317,0.688,0.00235,3.55,0.608,0.00296,
2022/04/06 00:00,-1.483,0.69,0.00233,3.449,0.607,0.00293,
2022/04/06 00:10,-1.515,0.689,0.00232,3.35,0.606,0.0029,
2022/04/06 00:20,-1.532,0.687,0.00231,3.253,0.605,0.00288,
2022/04/06 00:30,-1.548,0.685,0.0023,3.159,0.604,0.00286,
2022/04/06 00:40,-1.565,0.684,0.0023,3.067,0.603,0.00283,
2022/04/06 00:50,-1.582,0.682,0.00229,2.975,0.602,0.00281,
2022/04/06 01:00,-1.598,0.68,0.00228,2.885,0.601,0.00279,
2022/04/06 01:10,-1.66,0.679,0.00226,2.794,0.6,0.00276,
2022/04/06 01:20,-1.727,0.677,0.00225,2.701,0.599,0.00274,
2022/04/06 01:30,-1.793,0.675,0.00223,2.608,0.598,0.00272,
2022/04/06 01:40,-1.86,0.674,0.00221,2.515,0.597,0.00269,
2022/04/06 01:50,-1.927,0.672,0.0022,2.422,0.596,0.00267,
2022/04/06 02:00,-1.993,0.67,0.00218,2.329,0.595,0.00265,
2022/04/06 02:10,-2.06,0.674,0.00218,2.237,0.594,0.00263,
2022/04/06 02:20,-2.127,0.679,0.00219,2.146,0.593,0.00261,
2022/04/06 02:30,-2.193,0.684,0.00219,2.057,0.592,0.00259,
2022/04/06 02:40,-2.26,0.689,0.0022,1.969,0.591,0.00257,
2022/04/06 02:50,-2.327,0.694,0.0022,1.882,0.59,0.00255,
2022/04/06 03:00,-2.393,0.699,0.00221,1.796,0.59,0.00253,
2022/04/06 03:10,-2.355,0.697,0.00221,1.712,0.589,0.00251,
2022/04/06 03:20,-2.305,0.694,0.00221,1.632,0.588,0.00249,
2022/04/06 03:30,-2.255,0.69,0.0022,1.555,0.588,0.00248,
2022/04/06 03:40,-2.205,0.687,0.0022,1.479,0.587,0.00246,
2022/04/06 03:50,-2.155,0.684,0.0022,1.406,0.587,0.00245,
2022/04/06 04:00,-2.105,0.68,0.0022,1.334,0.586,0.00243,
2022/04/06 04:10,-2.16,0.686,0.0022,1.263,0.585,0.00242,
2022/04/06 04:20,-2.227,0.692,0.00221,1.191,0.585,0.0024,
2022/04/06 04:30,-2.293,0.699,0.00222,1.118,0.584,0.00239,
2022/04/06 04:40,-2.36,0.706,0.00224,1.047,0.584,0.00237,
2022/04/06 04:50,-2.427,0.713,0.00225,0.975,0.584,0.00236,
2022/04/06 05:00,-2.493,0.719,0.00226,0.905,0.583,0.00235,
2022/04/06 05:10,-2.32,0.719,0.00228,0.84,0.583,0.00233,
2022/04/06 05:20,-2.12,0.717,0.00231,0.784,0.583,0.00232,
2022/04/06 05:30,-1.92,0.716,0.00234,0.734,0.583,0.00231,
2022/04/06 05:40,-1.72,0.714,0.00237,0.69,0.583,0.00231,
2022/04/06 05:50,-1.52,0.712,0.0024,0.649,0.583,0.0023,
2022/04/06 06:00,-1.32,0.71,0.00243,0.613,0.583,0.00229,
2022/04/06 06:10,-1.015,0.711,0.00249,0.582,0.583,0.00229,
2022/04/06 06:20,-0.698,0.711,0.00255,0.559,0.583,0.00229,
2022/04/06 06:30,-0.382,0.712,0.00261,0.542,0.583,0.00229,
2022/04/06 06:40,-0.065,0.711,0.00267,0.531,0.584,0.00228,
2022/04/06 06:50,0.252,0.711,0.00273,0.525,0.584,0.00229,
2022/04/06 07:00,0.568,0.71,0.00279,0.524,0.585,0.00229,
2022/04/06 07:10,1.095,0.711,0.0029,0.533,0.586,0.00229,
2022/04/06 07:20,1.645,0.71,0.00301,0.554,0.587,0.0023,
2022/04/06 07:30,2.195,0.709,0.00313,0.588,0.588,0.00231,
2022/04/06 07:40,2.745,0.707,0.00325,0.631,0.589,0.00232,
2022/04/06 07:50,3.295,0.704,0.00336,0.682,0.59,0.00234,
2022/04/06 08:00,3.845,0.7,0.00348,0.743,0.592,0.00235,
2022/04/06 08:10,4.56,0.686,0.00359,0.813,0.593,0.00237,
2022/04/06 08:20,5.293,0.671,0.00369,0.895,0.595,0.00239,
2022/04/06 08:30,6.027,0.656,0.0038,0.989,0.596,0.00241,
2022/04/06 08:40,6.76,0.641,0.0039,1.092,0.598,0.00244,
2022/04/06 08:50,7.493,0.626,0.00401,1.205,0.6,0.00246,
2022/04/06 09:00,8.227,0.611,0.00412,1.327,0.601,0.00249,
2022/04/06 09:10,8.66,0.595,0.00413,1.452,0.603,0.00252,
2022/04/06 09:20,9.06,0.58,0.00413,1.574,0.604,0.00255,
2022/04/06 09:30,9.46,0.564,0.00413,1.695,0.605,0.00257,
2022/04/06 09:40,9.86,0.55,0.00413,1.819,0.605,0.0026,
2022/04/06 09:50,10.26,0.535,0.00413,1.946,0.606,0.00263,
2022/04/06 10:00,10.66,0.521,0.00413,2.079,0.607,0.00266,
2022/04/06 10:10,10.925,0.514,0.00415,2.216,0.607,0.00268,
2022/04/06 10:20,11.175,0.507,0.00416,2.355,0.608,0.00271,
2022/04/06 10:30,11.425,0.5,0.00417,2.497,0.608,0.00274,
2022/04/06 10:40,11.675,0.494,0.00419,2.644,0.609,0.00278,
2022/04/06 10:50,11.925,0.487,0.0042,2.794,0.609,0.00281,
2022/04/06 11:00,12.175,0.481,0.00421,2.948,0.61,0.00284,
2022/04/06 11:10,12.485,0.469,0.0042,3.105,0.61,0.00287,
2022/04/06 11:20,12.802,0.457,0.00417,3.266,0.611,0.00291,
2022/04/06 11:30,13.118,0.445,0.00415,3.429,0.611,0.00294,
2022/04/06 11:40,13.435,0.433,0.00413,3.594,0.611,0.00298,
2022/04/06 11:50,13.752,0.422,0.0041,3.762,0.611,0.00301,
2022/04/06 12:00,14.068,0.411,0.00408,3.931,0.611,0.00305,
2022/04/06 12:10,14.145,0.41,0.00409,4.099,0.61,0.00309,
2022/04/06 12:20,14.195,0.41,0.0041,4.265,0.61,0.00312,
2022/04/06 12:30,14.245,0.41,0.00412,4.428,0.61,0.00316,
2022/04/06 12:40,14.295,0.41,0.00413,4.59,0.61,0.00319,
2022/04/06 12:50,14.345,0.41,0.00414,4.752,0.61,0.00323,
2022/04/06 13:00,14.395,0.41,0.00416,4.913,0.61,0.00327,
2022/04/06 13:10,14.325,0.413,0.00417,5.072,0.61,0.0033,
2022/04/06 13:20,14.242,0.416,0.00418,5.227,0.611,0.00334,
2022/04/06 13:30,14.158,0.42,0.00419,5.379,0.611,0.00338,
2022/04/06 13:40,14.075,0.423,0.0042,5.529,0.611,0.00341,
2022/04/06 13:50,13.992,0.426,0.00421,5.677,0.611,0.00345,
2022/04/06 14:00,13.908,0.43,0.00422,5.823,0.611,0.00348,
2022/04/06 14:10,13.81,0.43,0.0042,5.966,0.611,0.00352,
2022/04/06 14:20,13.71,0.43,0.00417,6.105,0.611,0.00355,
2022/04/06 14:30,13.61,0.43,0.00414,6.241,0.611,0.00359,
2022/04/06 14:40,13.51,0.43,0.00412,6.372,0.611,0.00362,
2022/04/06 14:50,13.41,0.43,0.00409,6.501,0.611,0.00365,
2022/04/06 15:00,13.31,0.43,0.00406,6.627,0.61,0.00368,
2022/04/06 15:10,13.165,0.436,0.00408,6.749,0.61,0.00371,
2022/04/06 15:20,13.015,0.442,0.0041,6.869,0.61,0.00374,
2022/04/06 15:30,12.865,0.449,0.00412,6.987,0.61,0.00377,
2022/04/06 15:40,12.715,0.456,0.00414,7.102,0.61,0.0038,
2022/04/06 15:50,12.565,0.462,0.00416,7.213,0.61,0.00383,
2022/04/06 16:00,12.415,0.469,0.00418,7.322,0.61,0.00386,
2022/04/06 16:10,12.145,0.485,0.00425,7.426,0.61,0.00389,
2022/04/06 16:20,11.862,0.503,0.00432,7.525,0.61,0.00391,
2022/04/06 16:30,11.578,0.521,0.00439,7.621,0.611,0.00394,
2022/04/06 16:40,11.295,0.539,0.00446,7.712,0.611,0.00397,
2022/04/06 16:50,11.012,0.558,0.00454,7.799,0.612,0.004,
2022/04/06 17:00,10.728,0.578,0.00461,7.882,0.612,0.00403,
2022/04/06 17:10,10.325,0.591,0.00459,7.958,0.613,0.00405,
2022/04/06 17:20,9.908,0.604,0.00456,8.021,0.613,0.00407,
2022/04/06 17:30,9.492,0.617,0.00453,8.075,0.613,0.00409,
2022/04/06 17:40,9.075,0.631,0.0045,8.121,0.614,0.0041,
2022/04/06 17:50,8.658,0.644,0.00447,8.159,0.614,0.00411,
2022/04/06 18:00,8.242,0.659,0.00444,8.19,0.614,0.00412,
2022/04/06 18:10,7.87,0.659,0.00434,8.214,0.614,0.00413,
2022/04/06 18:20,7.503,0.659,0.00422,8.228,0.613,0.00413,
2022/04/06 18:30,7.137,0.657,0.00411,8.234,0.613,0.00413,
2022/04/06 18:40,6.77,0.655,0.00399,8.232,0.612,0.00412,
2022/04/06 18:50,6.403,0.653,0.00388,8.223,0.611,0.00411,
2022/04/06 19:00,6.037,0.65,0.00377,8.205,0.61,0.0041,
2022/04/06 19:10,5.745,0.653,0.00371,8.183,0.609,0.00409,
2022/04/06 19:20,5.462,0.657,0.00365,8.157,0.608,0.00408,
2022/04/06 19:30,5.178,0.66,0.0036,8.127,0.607,0.00406,
2022/04/06 19:40,4.895,0.663,0.00355,8.092,0.606,0.00404,
2022/04/06 19:50,4.612,0.667,0.00349,8.052,0.605,0.00402,
2022/04/06 20:00,4.328,0.67,0.00344,8.005,0.604,0.004,
2022/04/06 20:10,4.165,0.664,0.00338,7.955,0.603,0.00398,
2022/04/06 20:20,4.015,0.658,0.00331,7.901,0.601,0.00396,
2022/04/06 20:30,3.865,0.652,0.00324,7.844,0.6,0.00394,
2022/04/06 20:40,3.715,0.645,0.00317,7.782,0.599,0.00391,
2022/04/06 20:50,3.565,0.638,0.0031,7.716,0.597,0.00388,
2022/04/06 21:00,3.415,0.631,0.00304,7.646,0.596,0.00385,
2022/04/06 21:10,3.445,0.619,0.00299,7.575,0.594,0.00382,
2022/04/06 21:20,3.495,0.608,0.00294,7.506,0.592,0.00379,
2022/04/06 21:30,3.545,0.596,0.00289,7.438,0.591,0.00377,
2022/04/06 21:40,3.595,0.584,0.00285,7.37,0.589,0.00374,
2022/04/06 21:50,3.645,0.573,0.0028,7.301,0.587,0.00371,
2022/04/06 22:00,3.695,0.561,0.00275,7.231,0.585,0.00368,
2022/04/06 22:10,3.715,0.56,0.00275,7.16,0.584,0.00365,
2022/04/06 22:20,3.732,0.56,0.00276,7.091,0.582,0.00362,
2022/04/06 22:30,3.748,0.56,0.00276,7.022,0.581,0.0036,
2022/04/06 22:40,3.765,0.56,0.00276,6.953,0.579,0.00357,
2022/04/06 22:50,3.782,0.56,0.00277,6.885,0.578,0.00355,
2022/04/06 23:00,3.798,0.56,0.00277,6.818,0.576,0.00352,
2022/04/06 23:10,3.395,0.57,0.00274,6.743,0.575,0.00349,
2022/04/06 23:20,2.945,0.581,0.00271,6.657,0.574,0.00347,
2022/04/06 23:30,2.495,0.593,0.00267,6.562,0.572,0.00344,
2022/04/06 23:40,2.045,0.605,0.00264,6.462,0.571,0.0034,
2022/04/06 23:50,1.595,0.617,0.00261,6.357,0.57,0.00337,
2022/04/07 00:00,1.145,0.629,0.00257,6.248,0.569,0.00334,
2022/04/07 00:10,0.965,0.632,0.00255,6.142,0.568,0.00331,
2022/04/07 00:20,0.815,0.633,0.00253,6.04,0.567,0.00328,
2022/04/07 00:30,0.665,0.635,0.00251,5.942,0.566,0.00325,
2022/04/07 00:40,0.515,0.637,0.00249,5.846,0.565,0.00323,
2022/04/07 00:50,0.365,0.638,0.00247,5.749,0.564,0.0032,
2022/04/07 01:00,0.215,0.64,0.00245,5.653,0.563,0.00317,
2022/04/07 01:10,0.275,0.643,0.00247,5.559,0.562,0.00315,
2022/04/07 01:20,0.358,0.647,0.0025,5.473,0.562,0.00312,
2022/04/07 01:30,0.442,0.65,0.00253,5.39,0.561,0.0031,
2022/04/07 01:40,0.525,0.653,0.00256,5.311,0.56,0.00308,
2022/04/07 01:50,0.608,0.656,0.00258,5.233,0.56,0.00306,
2022/04/07 02:00,0.692,0.66,0.00261,5.157,0.559,0.00304,
2022/04/07 02:10,0.715,0.655,0.0026,5.08,0.559,0.00302,
2022/04/07 02:20,0.732,0.65,0.00258,5.001,0.558,0.003,
2022/04/07 02:30,0.748,0.645,0.00257,4.92,0.557,0.00298,
2022/04/07 02:40,0.765,0.64,0.00255,4.838,0.556,0.00296,
2022/04/07 02:50,0.782,0.635,0.00253,4.757,0.556,0.00294,
2022/04/07 03:00,0.798,0.63,0.00252,4.676,0.555,0.00292,
2022/04/07 03:10,0.755,0.631,0.00251,4.595,0.554,0.0029,
2022/04/07 03:20,0.705,0.633,0.00251,4.515,0.553,0.00288,
2022/04/07 03:30,0.655,0.635,0.00251,4.435,0.552,0.00286,
2022/04/07 03:40,0.605,0.636,0.00251,4.356,0.552,0.00284,
2022/04/07 03:50,0.555,0.638,0.0025,4.277,0.551,0.00282,
2022/04/07 04:00,0.505,0.64,0.0025,4.2,0.551,0.0028,
2022/04/07 04:10,0.425,0.649,0.00252,4.124,0.55,0.00278,
2022/04/07 04:20,0.342,0.659,0.00254,4.05,0.55,0.00277,
2022/04/07 04:30,0.258,0.669,0.00257,3.976,0.549,0.00275,
2022/04/07 04:40,0.175,0.679,0.00259,3.904,0.549,0.00274,
2022/04/07 04:50,0.092,0.689,0.00261,3.833,0.549,0.00272,
2022/04/07 05:00,0.008,0.699,0.00264,3.763,0.549,0.00271,
2022/04/07 05:10,0.195,0.699,0.00267,3.698,0.549,0.0027,
2022/04/07 05:20,0.412,0.697,0.00271,3.643,0.549,0.00269,
2022/04/07 05:30,0.628,0.696,0.00274,3.594,0.549,0.00268,
2022/04/07 05:40,0.845,0.694,0.00278,3.55,0.549,0.00267,
2022/04/07 05:50,1.062,0.692,0.00282,3.51,0.55,0.00266,
2022/04/07 06:00,1.278,0.69,0.00285,3.474,0.55,0.00266,
2022/04/07 06:10,1.585,0.696,0.00294,3.444,0.55,0.00265,
2022/04/07 06:20,1.902,0.702,0.00303,3.421,0.551,0.00265,
2022/04/07 06:30,2.218,0.707,0.00313,3.406,0.551,0.00265,
2022/04/07 06:40,2.535,0.712,0.00322,3.397,0.552,0.00265,
2022/04/07 06:50,2.852,0.716,0.00331,3.393,0.553,0.00266,
2022/04/07 07:00,3.168,0.72,0.00341,3.395,0.554,0.00266,
2022/04/07 07:10,3.605,0.714,0.00349,3.403,0.555,0.00267,
2022/04/07 07:20,4.055,0.708,0.00357,3.42,0.556,0.00268,
2022/04/07 07:30,4.505,0.702,0.00365,3.443,0.557,0.00269,
2022/04/07 07:40,4.955,0.695,0.00373,3.473,0.558,0.0027,
2022/04/07 07:50,5.405,0.688,0.00381,3.51,0.559,0.00271,
2022/04/07 08:00,5.855,0.681,0.00389,3.553,0.561,0.00272,
2022/04/07 08:10,6.26,0.669,0.00394,3.602,0.562,0.00274,
2022/04/07 08:20,6.66,0.657,0.00397,3.653,0.563,0.00275,
2022/04/07 08:30,7.06,0.645,0.00401,3.709,0.564,0.00277,
2022/04/07 08:40,7.46,0.634,0.00405,3.769,0.565,0.00279,
2022/04/07 08:50,7.86,0.622,0.00409,3.835,0.566,0.00281,
2022/04/07 09:00,8.26,0.611,0.00412,3.906,0.567,0.00282,
2022/04/07 09:10,8.57,0.601,0.00414,3.981,0.568,0.00284,
2022/04/07 09:20,8.87,0.59,0.00415,4.058,0.568,0.00286,
2022/04/07 09:30,9.17,0.58,0.00416,4.138,0.569,0.00288,
2022/04/07 09:40,9.47,0.57,0.00418,4.221,0.57,0.0029,
2022/04/07 09:50,9.77,0.56,0.00419,4.309,0.57,0.00292,
2022/04/07 10:00,10.07,0.551,0.0042,4.4,0.571,0.00295,
2022/04/07 10:10,10.325,0.545,0.00423,4.495,0.572,0.00297,
2022/04/07 10:20,10.575,0.54,0.00426,4.594,0.572,0.00299,
2022/04/07 10:30,10.825,0.535,0.00429,4.696,0.573,0.00302,
2022/04/07 10:40,11.075,0.53,0.00433,4.802,0.574,0.00305,
2022/04/07 10:50,11.325,0.525,0.00436,4.911,0.575,0.00307,
2022/04/07 11:00,11.575,0.52,0.00439,5.024,0.575,0.0031,
2022/04/07 11:10,11.63,0.528,0.00446,5.137,0.576,0.00313,
2022/04/07 11:20,11.663,0.536,0.00455,5.25,0.577,0.00316,
2022/04/07 11:30,11.697,0.544,0.00463,5.364,0.578,0.00319,
2022/04/07 11:40,11.73,0.553,0.00471,5.479,0.58,0.00323,
2022/04/07 11:50,11.763,0.561,0.00479,5.595,0.581,0.00326,
2022/04/07 12:00,11.797,0.569,0.00487,5.712,0.582,0.00329,
2022/04/07 12:10,11.905,0.569,0.0049,5.83,0.584,0.00333,
2022/04/07 12:20,12.022,0.567,0.00493,5.949,0.585,0.00337,
2022/04/07 12:30,12.138,0.565,0.00495,6.068,0.586,0.0034,
2022/04/07 12:40,12.255,0.564,0.00497,6.187,0.587,0.00344,
2022/04/07 12:50,12.372,0.562,0.005,6.307,0.588,0.00347,
2022/04/07 13:00,12.488,0.56,0.00502,6.428,0.59,0.00351,
2022/04/07 13:10,12.59,0.562,0.00507,6.548,0.591,0.00354,
2022/04/07 13:20,12.69,0.563,0.00512,6.67,0.592,0.00358,
2022/04/07 13:30,12.79,0.565,0.00517,6.792,0.593,0.00362,
2022/04/07 13:40,12.89,0.567,0.00522,6.915,0.594,0.00365,
2022/04/07 13:50,12.99,0.568,0.00527,7.037,0.595,0.00369,
2022/04/07 14:00,13.09,0.57,0.00532,7.16,0.596,0.00373,
2022/04/07 14:10,13.16,0.575,0.00539,7.283,0.597,0.00377,
2022/04/07 14:20,13.227,0.58,0.00546,7.405,0.598,0.00381,
2022/04/07 14:30,13.293,0.585,0.00553,7.528,0.6,0.00385,
2022/04/07 14:40,13.36,0.59,0.0056,7.65,0.601,0.00389,
2022/04/07 14:50,13.427,0.595,0.00567,7.772,0.602,0.00393,
2022/04/07 15:00,13.493,0.6,0.00575,7.894,0.604,0.00397,
2022/04/07 15:10,13.41,0.604,0.00576,8.012,0.605,0.00401,
2022/04/07 15:20,13.31,0.609,0.00577,8.124,0.606,0.00405,
2022/04/07 15:30,13.21,0.614,0.00578,8.229,0.607,0.00409,
2022/04/07 15:40,13.11,0.619,0.00579,8.331,0.608,0.00412,
2022/04/07 15:50,13.01,0.624,0.0058,8.43,0.609,0.00416,
2022/04/07 16:00,12.91,0.629,0.00581,8.526,0.61,0.00419,
2022/04/07 16:10,12.705,0.637,0.0058,8.618,0.611,0.00423,
2022/04/07 16:20,12.488,0.645,0.00579,8.704,0.612,0.00426,
2022/04/07 16:30,12.272,0.654,0.00578,8.785,0.613,0.00429,
2022/04/07 16:40,12.055,0.662,0.00577,8.861,0.614,0.00431,
2022/04/07 16:50,11.838,0.671,0.00576,8.933,0.615,0.00434,
2022/04/07 17:00,11.622,0.679,0.00576,9.002,0.615,0.00437,
2022/04/07 17:10,11.435,0.686,0.00574,9.066,0.616,0.00439,
2022/04/07 17:20,11.252,0.692,0.00573,9.128,0.617,0.00442,
2022/04/07 17:30,11.068,0.699,0.00571,9.185,0.618,0.00444,
2022/04/07 17:40,10.885,0.706,0.0057,9.239,0.618,0.00446,
2022/04/07 17:50,10.702,0.712,0.00568,9.289,0.619,0.00448,
2022/04/07 18:00,10.518,0.719,0.00566,9.335,0.619,0.0045,
2022/04/07 18:10,10.395,0.714,0.00558,9.377,0.62,0.00451,
2022/04/07 18:20,10.278,0.708,0.00548,9.412,0.62,0.00452,
2022/04/07 18:30,10.162,0.701,0.00539,9.442,0.62,0.00453,
2022/04/07 18:40,10.045,0.695,0.0053,9.468,0.62,0.00454,
2022/04/07 18:50,9.928,0.688,0.0052,9.488,0.619,0.00454,
2022/04/07 19:00,9.812,0.681,0.00511,9.504,0.619,0.00455,
2022/04/07 19:10,9.695,0.677,0.00504,9.516,0.618,0.00455,
2022/04/07 19:20,9.578,0.674,0.00498,9.526,0.618,0.00454,
2022/04/07 19:30,9.462,0.671,0.00492,9.532,0.617,0.00454,
2022/04/07 19:40,9.345,0.667,0.00485,9.534,0.617,0.00454,
2022/04/07 19:50,9.228,0.664,0.00479,9.534,0.616,0.00453,
2022/04/07 20:00,9.112,0.66,0.00472,9.529,0.615,0.00453,
2022/04/07 20:10,9.04,0.672,0.00478,9.525,0.615,0.00452,
2022/04/07 20:20,8.973,0.685,0.00486,9.524,0.614,0.00452,
2022/04/07 20:30,8.907,0.698,0.00493,9.525,0.614,0.00452,
2022/04/07 20:40,8.84,0.712,0.005,9.526,0.614,0.00452,
2022/04/07 20:50,8.773,0.725,0.00507,9.527,0.615,0.00452,
2022/04/07 21:00,8.707,0.739,0.00515,9.528,0.615,0.00452,
2022/04/07 21:10,8.625,0.747,0.00518,9.527,0.615,0.00452,
2022/04/07 21:20,8.542,0.756,0.00521,9.523,0.615,0.00452,
2022/04/07 21:30,8.458,0.764,0.00523,9.516,0.616,0.00452,
2022/04/07 21:40,8.375,0.772,0.00526,9.508,0.616,0.00452,
2022/04/07 21:50,8.292,0.781,0.00529,9.498,0.616,0.00452,
2022/04/07 22:00,8.208,0.789,0.00532,9.487,0.616,0.00452,
2022/04/07 22:10,8.215,0.793,0.00535,9.477,0.617,0.00452,
2022/04/07 22:20,8.232,0.796,0.00537,9.468,0.617,0.00452,
2022/04/07 22:30,8.248,0.8,0.0054,9.461,0.618,0.00452,
2022/04/07 22:40,8.265,0.803,0.00543,9.455,0.618,0.00452,
2022/04/07 22:50,8.282,0.806,0.00546,9.449,0.618,0.00452,
2022/04/07 23:00,8.298,0.81,0.00549,9.443,0.619,0.00453,
2022/04/07 23:10,8.27,0.811,0.00549,9.436,0.619,0.00453,
2022/04/07 23:20,8.237,0.813,0.00549,9.427,0.62,0.00453,
2022/04/07 23:30,8.203,0.815,0.00549,9.417,0.62,0.00453,
2022/04/07 23:40,8.17,0.816,0.00549,9.405,0.62,0.00452,
2022/04/07 23:50,8.137,0.818,0.00549,9.393,0.62,0.00452,
2022/04/08 00:00,8.103,0.82,0.00549,9.379,0.621,0.00452,
2022/04/08 00:10,8.085,0.82,0.00548,9.366,0.621,0.00452,
2022/04/08 00:20,8.068,0.82,0.00547,9.352,0.621,0.00452,
2022/04/08 00:30,8.052,0.82,0.00547,9.338,0.621,0.00451,
2022/04/08 00:40,8.035,0.82,0.00546,9.324,0.622,0.00451,
2022/04/08 00:50,8.018,0.82,0.00545,9.31,0.622,0.00451,
2022/04/08 01:00,8.002,0.82,0.00545,9.295,0.622,0.00451,
2022/04/08 01:10,7.94,0.824,0.00545,9.28,0.622,0.0045,
2022/04/08 01:20,7.873,0.829,0.00546,9.263,0.623,0.0045,
2022/04/08 01:30,7.807,0.834,0.00547,9.246,0.623,0.0045,
2022/04/08 01:40,7.74,0.839,0.00548,9.228,0.623,0.00449,
2022/04/08 01:50,7.673,0.844,0.00549,9.209,0.624,0.00449,
2022/04/08 02:00,7.607,0.849,0.00549,9.19,0.624,0.00449,
2022/04/08 02:10,7.54,0.853,0.00549,9.17,0.624,0.00448,
2022/04/08 02:20,7.473,0.856,0.00549,9.149,0.625,0.00448,
2022/04/08 02:30,7.407,0.86,0.00548,9.127,0.625,0.00448,
2022/04/08 02:40,7.34,0.863,0.00548,9.105,0.625,0.00447,
2022/04/08 02:50,7.273,0.866,0.00548,9.081,0.626,0.00447,
2022/04/08 03:00,7.207,0.87,0.00547,9.057,0.626,0.00446,
2022/04/08 03:10,7.17,0.867,0.00544,9.032,0.626,0.00446,
2022/04/08 03:20,7.137,0.864,0.00541,9.006,0.627,0.00445,
2022/04/08 03:30,7.103,0.86,0.00538,8.979,0.627,0.00444,
2022/04/08 03:40,7.07,0.857,0.00534,8.951,0.627,0.00444,
2022/04/08 03:50,7.037,0.854,0.00531,8.922,0.627,0.00443,
2022/04/08 04:00,7.003,0.85,0.00528,8.893,0.627,0.00442,
2022/04/08 04:10,6.97,0.846,0.00523,8.862,0.627,0.00441,
2022/04/08 04:20,6.937,0.841,0.00519,8.831,0.627,0.0044,
2022/04/08 04:30,6.903,0.836,0.00515,8.798,0.627,0.00439,
2022/04/08 04:40,6.87,0.831,0.0051,8.765,0.627,0.00438,
2022/04/08 04:50,6.837,0.826,0.00506,8.73,0.626,0.00437,
2022/04/08 05:00,6.803,0.821,0.00502,8.695,0.626,0.00435,
2022/04/08 05:10,6.8,0.816,0.00499,8.66,0.626,0.00434,
2022/04/08 05:20,6.8,0.81,0.00496,8.625,0.626,0.00433,
2022/04/08 05:30,6.8,0.806,0.00493,8.59,0.625,0.00432,
2022/04/08 05:40,6.8,0.8,0.00489,8.556,0.625,0.0043,
2022/04/08 05:50,6.8,0.796,0.00486,8.521,0.625,0.00429,
2022/04/08 06:00,6.8,0.791,0.00483,8.486,0.624,0.00428,
2022/04/08 06:10,6.74,0.789,0.0048,8.45,0.624,0.00427,
2022/04/08 06:20,6.673,0.787,0.00477,8.413,0.624,0.00425,
2022/04/08 06:30,6.607,0.785,0.00474,8.373,0.623,0.00424,
2022/04/08 06:40,6.54,0.784,0.00471,8.333,0.623,0.00423,
2022/04/08 06:50,6.473,0.782,0.00467,8.292,0.623,0.00421,
2022/04/08 07:00,6.407,0.78,0.00464,8.25,0.622,0.0042,
2022/04/08 07:10,6.4,0.78,0.00464,8.209,0.622,0.00418,
2022/04/08 07:20,6.4,0.78,0.00464,8.171,0.622,0.00417,
2022/04/08 07:30,6.4,0.78,0.00464,8.134,0.622,0.00416,
2022/04/08 07:40,6.4,0.78,0.00464,8.099,0.621,0.00415,
2022/04/08 07:50,6.4,0.78,0.00464,8.064,0.621,0.00414,
2022/04/08 08:00,6.4,0.78,0.00464,8.03,0.621,0.00413,
2022/04/08 08:10,6.445,0.782,0.00466,7.998,0.621,0.00412,
2022/04/08 08:20,6.495,0.783,0.00469,7.969,0.621,0.00411,
2022/04/08 08:30,6.545,0.785,0.00471,7.941,0.621,0.0041,
2022/04/08 08:40,6.595,0.787,0.00474,7.916,0.621,0.00409,
2022/04/08 08:50,6.645,0.788,0.00477,7.891,0.621,0.00409,
2022/04/08 09:00,6.695,0.79,0.00479,7.869,0.621,0.00408,
2022/04/08 09:10,6.79,0.789,0.00482,7.848,0.622,0.00408,
2022/04/08 09:20,6.89,0.787,0.00484,7.829,0.622,0.00407,
2022/04/08 09:30,6.99,0.785,0.00486,7.813,0.622,0.00407,
2022/04/08 09:40,7.09,0.784,0.00489,7.799,0.622,0.00407,
2022/04/08 09:50,7.19,0.782,0.00491,7.786,0.622,0.00407,
2022/04/08 10:00,7.29,0.78,0.00493,7.776,0.623,0.00406,
2022/04/08 10:10,7.375,0.772,0.00491,7.766,0.623,0.00406,
2022/04/08 10:20,7.458,0.764,0.00489,7.755,0.623,0.00406,
2022/04/08 10:30,7.542,0.756,0.00486,7.745,0.623,0.00406,
2022/04/08 10:40,7.625,0.747,0.00483,7.735,0.623,0.00405,
2022/04/08 10:50,7.708,0.739,0.00481,7.726,0.623,0.00405,
2022/04/08 11:00,7.792,0.731,0.00478,7.717,0.623,0.00405,
2022/04/08 11:10,7.725,0.723,0.00471,7.707,0.622,0.00404,
2022/04/08 11:20,7.642,0.715,0.00463,7.692,0.622,0.00404,
2022/04/08 11:30,7.558,0.706,0.00455,7.673,0.621,0.00403,
2022/04/08 11:40,7.475,0.698,0.00447,7.652,0.621,0.00402,
2022/04/08 11:50,7.392,0.689,0.00439,7.629,0.62,0.00401,
2022/04/08 12:00,7.308,0.681,0.00431,7.606,0.62,0.004,
2022/04/08 12:10,7.3,0.659,0.00417,7.581,0.619,0.00398,
2022/04/08 12:20,7.3,0.636,0.00402,7.554,0.617,0.00397,
2022/04/08 12:30,7.3,0.612,0.00387,7.526,0.616,0.00395,
2022/04/08 12:40,7.3,0.589,0.00372,7.497,0.615,0.00394,
2022/04/08 12:50,7.3,0.566,0.00357,7.465,0.613,0.00392,
2022/04/08 13:00,7.3,0.542,0.00342,7.433,0.611,0.0039,
2022/04/08 13:10,7.33,0.537,0.0034,7.401,0.609,0.00388,
2022/04/08 13:20,7.363,0.534,0.00338,7.375,0.608,0.00386,
2022/04/08 13:30,7.397,0.53,0.00337,7.352,0.606,0.00384,
2022/04/08 13:40,7.43,0.527,0.00336,7.331,0.605,0.00383,
2022/04/08 13:50,7.463,0.524,0.00334,7.312,0.604,0.00382,
2022/04/08 14:00,7.497,0.52,0.00333,7.293,0.602,0.0038,
2022/04/08 14:10,7.56,0.5,0.00321,7.272,0.601,0.00379,
2022/04/08 14:20,7.627,0.478,0.00308,7.248,0.599,0.00377,
2022/04/08 14:30,7.693,0.456,0.00296,7.222,0.597,0.00375,
2022/04/08 14:40,7.76,0.435,0.00283,7.193,0.595,0.00373,
2022/04/08 14:50,7.827,0.413,0.0027,7.163,0.593,0.00371,
2022/04/08 15:00,7.893,0.392,0.00257,7.133,0.59,0.00369,
2022/04/08 15:10,7.81,0.393,0.00257,7.102,0.588,0.00367,
2022/04/08 15:20,7.71,0.396,0.00257,7.074,0.586,0.00365,
2022/04/08 15:30,7.61,0.4,0.00257,7.046,0.584,0.00363,
2022/04/08 15:40,7.51,0.403,0.00258,7.02,0.583,0.00361,
2022/04/08 15:50,7.41,0.406,0.00258,6.995,0.581,0.00359,
2022/04/08 16:00,7.31,0.41,0.00258,6.971,0.58,0.00358,
2022/04/08 16:10,7.195,0.416,0.0026,6.948,0.579,0.00357,
2022/04/08 16:20,7.078,0.422,0.00262,6.926,0.577,0.00355,
2022/04/08 16:30,6.962,0.429,0.00264,6.904,0.576,0.00354,
2022/04/08 16:40,6.845,0.436,0.00266,6.883,0.575,0.00353,
2022/04/08 16:50,6.728,0.442,0.00268,6.863,0.574,0.00352,
2022/04/08 17:00,6.612,0.449,0.0027,6.844,0.573,0.00351,
2022/04/08 17:10,6.33,0.467,0.00275,6.823,0.573,0.0035,
2022/04/08 17:20,6.03,0.486,0.00281,6.8,0.572,0.00349,
2022/04/08 17:30,5.73,0.505,0.00286,6.775,0.572,0.00348,
2022/04/08 17:40,5.43,0.525,0.00291,6.748,0.571,0.00347,
2022/04/08 17:50,5.13,0.546,0.00297,6.721,0.571,0.00347,
2022/04/08 18:00,4.83,0.568,0.00302,6.692,0.571,0.00346,
2022/04/08 18:10,4.53,0.569,0.00296,6.66,0.571,0.00345,
2022/04/08 18:20,4.23,0.568,0.0029,6.621,0.57,0.00344,
2022/04/08 18:30,3.93,0.566,0.00283,6.576,0.57,0.00342,
2022/04/08 18:40,3.63,0.565,0.00276,6.527,0.569,0.00341,
2022/04/08 18:50,3.33,0.563,0.00269,6.474,0.568,0.00339,
2022/04/08 19:00,3.03,0.56,0.00262,6.416,0.567,0.00337,
2022/04/08 19:10,2.925,0.548,0.00255,6.358,0.566,0.00335,
2022/04/08 19:20,2.842,0.535,0.00247,6.301,0.565,0.00333,
2022/04/08 19:30,2.758,0.522,0.0024,6.244,0.564,0.00331,
2022/04/08 19:40,2.675,0.509,0.00232,6.185,0.563,0.00329,
2022/04/08 19:50,2.592,0.495,0.00225,6.124,0.561,0.00327,
2022/04/08 20:00,2.508,0.481,0.00217,6.061,0.559,0.00324,
2022/04/08 20:10,2.515,0.469,0.00212,5.996,0.558,0.00322,
2022/04/08 20:20,2.532,0.458,0.00207,5.933,0.556,0.00319,
2022/04/08 20:30,2.548,0.446,0.00202,5.869,0.554,0.00317,
2022/04/08 20:40,2.565,0.434,0.00197,5.805,0.553,0.00315,
2022/04/08 20:50,2.582,0.423,0.00192,5.74,0.551,0.00312,
2022/04/08 21:00,2.598,0.411,0.00187,5.673,0.549,0.0031,
2022/04/08 21:10,2.525,0.41,0.00185,5.605,0.547,0.00307,
2022/04/08 21:20,2.442,0.41,0.00184,5.536,0.545,0.00305,
2022/04/08 21:30,2.358,0.41,0.00183,5.465,0.544,0.00302,
2022/04/08 21:40,2.275,0.41,0.00182,5.393,0.542,0.003,
2022/04/08 21:50,2.192,0.41,0.00181,5.321,0.541,0.00298,
2022/04/08 22:00,2.108,0.41,0.0018,5.249,0.539,0.00295,
2022/04/08 22:10,2.025,0.41,0.00179,5.176,0.538,0.00293,
2022/04/08 22:20,1.942,0.41,0.00177,5.104,0.536,0.00291,
2022/04/08 22:30,1.858,0.41,0.00176,5.031,0.535,0.00288,
2022/04/08 22:40,1.775,0.41,0.00175,4.959,0.533,0.00286,
2022/04/08 22:50,1.692,0.41,0.00174,4.887,0.532,0.00284,
2022/04/08 23:00,1.608,0.41,0.00173,4.815,0.531,0.00282,
2022/04/08 23:10,1.465,0.406,0.0017,4.742,0.53,0.0028,
2022/04/08 23:20,1.315,0.401,0.00166,4.666,0.528,0.00278,
2022/04/08 23:30,1.165,0.396,0.00162,4.588,0.527,0.00275,
2022/04/08 23:40,1.015,0.391,0.00158,4.509,0.525,0.00273,
2022/04/08 23:50,0.865,0.386,0.00155,4.429,0.524,0.00271,
2022/04/09 00:00,0.715,0.381,0.00151,4.348,0.522,0.00269,
2022/04/09 00:10,0.58,0.386,0.00151,4.268,0.521,0.00266,
2022/04/09 00:20,0.447,0.392,0.00152,4.189,0.52,0.00264,
2022/04/09 00:30,0.313,0.399,0.00153,4.112,0.519,0.00262,
2022/04/09 00:40,0.18,0.406,0.00155,4.035,0.518,0.0026,
2022/04/09 00:50,0.047,0.412,0.00156,3.959,0.517,0.00258,
2022/04/09 01:00,-0.087,0.419,0.00157,3.882,0.516,0.00257,
2022/04/09 01:10,-0.19,0.424,0.00157,3.806,0.515,0.00255,
2022/04/09 01:20,-0.29,0.429,0.00158,3.73,0.514,0.00253,
2022/04/09 01:30,-0.39,0.434,0.00159,3.654,0.513,0.00251,
2022/04/09 01:40,-0.49,0.439,0.00159,3.577,0.513,0.00249,
2022/04/09 01:50,-0.59,0.444,0.0016,3.501,0.512,0.00248,
2022/04/09 02:00,-0.69,0.449,0.00161,3.424,0.511,0.00246,
2022/04/09 02:10,-0.775,0.446,0.00158,3.347,0.51,0.00244,
2022/04/09 02:20,-0.858,0.441,0.00156,3.268,0.509,0.00243,
2022/04/09 02:30,-0.942,0.436,0.00153,3.188,0.508,0.00241,
2022/04/09 02:40,-1.025,0.431,0.0015,3.107,0.507,0.00239,
2022/04/09 02:50,-1.108,0.426,0.00148,3.025,0.506,0.00237,
2022/04/09 03:00,-1.192,0.421,0.00145,2.943,0.505,0.00235,
2022/04/09 03:10,-1.23,0.419,0.00144,2.861,0.504,0.00233,
2022/04/09 03:20,-1.263,0.417,0.00143,2.781,0.503,0.00232,
2022/04/09 03:30,-1.297,0.415,0.00142,2.701,0.502,0.0023,
2022/04/09 03:40,-1.33,0.414,0.00141,2.623,0.501,0.00228,
2022/04/09 03:50,-1.363,0.412,0.0014,2.545,0.501,0.00226,
2022/04/09 04:00,-1.397,0.41,0.00139,2.467,0.5,0.00225,
2022/04/09 04:10,-1.445,0.416,0.00141,2.39,0.499,0.00223,
2022/04/09 04:20,-1.495,0.422,0.00142,2.314,0.498,0.00221,
2022/04/09 04:30,-1.545,0.429,0.00144,2.239,0.497,0.0022,
2022/04/09 04:40,-1.595,0.436,0.00146,2.164,0.497,0.00219,
2022/04/09 04:50,-1.645,0.443,0.00148,2.091,0.496,0.00217,
2022/04/09 05:00,-1.695,0.449,0.00149,2.018,0.495,0.00216,
2022/04/09 05:10,-1.64,0.455,0.00152,1.947,0.495,0.00214,
2022/04/09 05:20,-1.573,0.46,0.00154,1.881,0.495,0.00213,
2022/04/09 05:30,-1.507,0.465,0.00157,1.818,0.494,0.00212,
2022/04/09 05:40,-1.44,0.47,0.00159,1.757,0.494,0.00211,
2022/04/09 05:50,-1.373,0.475,0.00162,1.699,0.494,0.0021,
2022/04/09 06:00,-1.307,0.48,0.00164,1.643,0.493,0.00209,
2022/04/09 06:10,-1.03,0.479,0.00167,1.592,0.493,0.00208,
2022/04/09 06:20,-0.73,0.477,0.0017,1.549,0.493,0.00208,
2022/04/09 06:30,-0.43,0.476,0.00173,1.512,0.493,0.00207,
2022/04/09 06:40,-0.13,0.474,0.00177,1.481,0.493,0.00207,
2022/04/09 06:50,0.17,0.472,0.0018,1.455,0.493,0.00206,
2022/04/09 07:00,0.47,0.47,0.00183,1.433,0.493,0.00206,
2022/04/09 07:10,0.965,0.461,0.00186,1.418,0.493,0.00205,
2022/04/09 07:20,1.482,0.45,0.00189,1.413,0.493,0.00205,
2022/04/09 07:30,1.998,0.44,0.00191,1.415,0.493,0.00205,
2022/04/09 07:40,2.515,0.43,0.00194,1.425,0.492,0.00205,
2022/04/09 07:50,3.032,0.42,0.00197,1.441,0.492,0.00206,
2022/04/09 08:00,3.548,0.411,0.00199,1.464,0.492,0.00206,
2022/04/09 08:10,4.02,0.399,0.002,1.492,0.492,0.00206,
2022/04/09 08:20,4.487,0.386,0.002,1.524,0.492,0.00207,
2022/04/09 08:30,4.953,0.374,0.002,1.561,0.491,0.00207,
2022/04/09 08:40,5.42,0.363,0.00201,1.603,0.491,0.00208,
2022/04/09 08:50,5.887,0.352,0.00201,1.651,0.491,0.00208,
2022/04/09 09:00,6.353,0.341,0.00201,1.706,0.49,0.00209,
2022/04/09 09:10,6.655,0.327,0.00197,1.763,0.49,0.00209,
2022/04/09 09:20,6.938,0.313,0.00192,1.82,0.489,0.0021,
2022/04/09 09:30,7.222,0.299,0.00188,1.878,0.488,0.00211,
2022/04/09 09:40,7.505,0.286,0.00183,1.94,0.487,0.00211,
2022/04/09 09:50,7.788,0.274,0.00178,2.005,0.487,0.00212,
2022/04/09 10:00,8.072,0.261,0.00173,2.074,0.486,0.00212,
2022/04/09 10:10,8.295,0.254,0.00171,2.147,0.485,0.00213,
2022/04/09 10:20,8.512,0.247,0.00169,2.224,0.484,0.00214,
2022/04/09 10:30,8.728,0.24,0.00167,2.305,0.483,0.00215,
2022/04/09 10:40,8.945,0.233,0.00164,2.391,0.482,0.00215,
2022/04/09 10:50,9.162,0.227,0.00162,2.48,0.481,0.00216,
2022/04/09 11:00,9.378,0.221,0.0016,2.573,0.48,0.00217,
2022/04/09 11:10,9.535,0.222,0.00162,2.67,0.479,0.00219,
2022/04/09 11:20,9.685,0.223,0.00165,2.771,0.478,0.0022,
2022/04/09 11:30,9.835,0.225,0.00168,2.876,0.478,0.00221,
2022/04/09 11:40,9.985,0.227,0.00171,2.984,0.478,0.00223,
2022/04/09 11:50,10.135,0.228,0.00174,3.096,0.477,0.00224,
2022/04/09 12:00,10.285,0.23,0.00177,3.211,0.477,0.00226,
2022/04/09 12:10,10.33,0.238,0.00184,3.327,0.477,0.00228,
2022/04/09 12:20,10.363,0.246,0.00191,3.445,0.477,0.0023,
2022/04/09 12:30,10.397,0.254,0.00198,3.566,0.477,0.00232,
2022/04/09 12:40,10.43,0.263,0.00204,3.687,0.477,0.00234,
2022/04/09 12:50,10.463,0.271,0.00211,3.811,0.478,0.00236,
2022/04/09 13:00,10.497,0.279,0.00218,3.936,0.478,0.00239,
2022/04/09 13:10,10.5,0.288,0.00225,4.062,0.479,0.00241,
2022/04/09 13:20,10.5,0.296,0.00231,4.188,0.479,0.00244,
2022/04/09 13:30,10.5,0.304,0.00238,4.314,0.48,0.00246,
2022/04/09 13:40,10.5,0.313,0.00245,4.44,0.481,0.00249,
2022/04/09 13:50,10.5,0.321,0.00251,4.566,0.482,0.00251,
2022/04/09 14:00,10.5,0.329,0.00258,4.692,0.483,0.00254,
2022/04/09 14:10,10.395,0.333,0.00259,4.815,0.483,0.00257,
2022/04/09 14:20,10.278,0.336,0.00259,4.931,0.484,0.00259,
2022/04/09 14:30,10.162,0.34,0.0026,5.043,0.485,0.00261,
2022/04/09 14:40,10.045,0.343,0.0026,5.15,0.485,0.00264,
2022/04/09 14:50,9.928,0.346,0.00261,5.254,0.485,0.00266,
2022/04/09 15:00,9.812,0.35,0.00261,5.355,0.486,0.00268,
2022/04/09 15:10,9.695,0.354,0.00263,5.453,0.486,0.0027,
2022/04/09 15:20,9.578,0.359,0.00264,5.549,0.487,0.00272,
2022/04/09 15:30,9.462,0.364,0.00266,5.641,0.487,0.00274,
2022/04/09 15:40,9.345,0.369,0.00268,5.731,0.487,0.00276,
2022/04/09 15:50,9.228,0.374,0.00269,5.818,0.488,0.00278,
2022/04/09 16:00,9.112,0.379,0.00271,5.901,0.488,0.0028,
2022/04/09 16:10,8.92,0.389,0.00274,5.98,0.489,0.00281,
2022/04/09 16:20,8.72,0.398,0.00277,6.055,0.489,0.00283,
2022/04/09 16:30,8.52,0.408,0.0028,6.125,0.489,0.00285,
2022/04/09 16:40,8.32,0.418,0.00283,6.19,0.49,0.00286,
2022/04/09 16:50,8.12,0.428,0.00286,6.252,0.49,0.00288,
2022/04/09 17:00,7.92,0.439,0.00289,6.309,0.491,0.00289,
2022/04/09 17:10,7.75,0.45,0.00293,6.364,0.492,0.00291,
2022/04/09 17:20,7.583,0.461,0.00297,6.415,0.492,0.00292,
2022/04/09 17:30,7.417,0.473,0.00301,6.464,0.493,0.00293,
2022/04/09 17:40,7.25,0.485,0.00305,6.509,0.493,0.00295,
2022/04/09 17:50,7.083,0.497,0.00309,6.551,0.494,0.00296,
2022/04/09 18:00,6.917,0.509,0.00313,6.589,0.495,0.00297,
2022/04/09 18:10,6.615,0.525,0.00316,6.622,0.496,0.00298,
2022/04/09 18:20,6.298,0.543,0.0032,6.647,0.496,0.00299,
2022/04/09 18:30,5.982,0.561,0.00323,6.666,0.497,0.003,
2022/04/09 18:40,5.665,0.579,0.00327,6.679,0.498,0.00301,
2022/04/09 18:50,5.348,0.598,0.0033,6.687,0.499,0.00302,
2022/04/09 19:00,5.032,0.618,0.00334,6.69,0.5,0.00302,
2022/04/09 19:10,4.82,0.63,0.00335,6.689,0.501,0.00303,
2022/04/09 19:20,4.62,0.641,0.00336,6.686,0.501,0.00303,
2022/04/09 19:30,4.42,0.653,0.00338,6.68,0.502,0.00304,
2022/04/09 19:40,4.22,0.665,0.00339,6.67,0.503,0.00304,
2022/04/09 19:50,4.02,0.677,0.0034,6.657,0.504,0.00304,
2022/04/09 20:00,3.82,0.689,0.00341,6.64,0.505,0.00304,
2022/04/09 20:10,3.635,0.694,0.0034,6.618,0.505,0.00304,
2022/04/09 20:20,3.452,0.699,0.00338,6.592,0.506,0.00304,
2022/04/09 20:30,3.268,0.704,0.00336,6.56,0.507,0.00304,
2022/04/09 20:40,3.085,0.709,0.00334,6.525,0.507,0.00303,
2022/04/09 20:50,2.902,0.714,0.00332,6.485,0.507,0.00303,
2022/04/09 21:00,2.718,0.719,0.0033,6.441,0.508,0.00302,
2022/04/09 21:10,2.595,0.722,0.00328,6.395,0.508,0.00301,
2022/04/09 21:20,2.478,0.723,0.00326,6.346,0.508,0.003,
2022/04/09 21:30,2.362,0.725,0.00324,6.296,0.509,0.003,
2022/04/09 21:40,2.245,0.727,0.00322,6.242,0.509,0.00299,
2022/04/09 21:50,2.128,0.728,0.0032,6.186,0.509,0.00298,
2022/04/09 22:00,2.012,0.73,0.00318,6.128,0.509,0.00296,
2022/04/09 22:10,1.895,0.726,0.00314,6.067,0.51,0.00295,
2022/04/09 22:20,1.778,0.721,0.00309,6.002,0.51,0.00294,
2022/04/09 22:30,1.662,0.716,0.00304,5.933,0.51,0.00293,
2022/04/09 22:40,1.545,0.711,0.003,5.862,0.509,0.00291,
2022/04/09 22:50,1.428,0.706,0.00295,5.788,0.509,0.00289,
2022/04/09 23:00,1.312,0.701,0.0029,5.712,0.509,0.00288,
2022/04/09 23:10,1.195,0.7,0.00288,5.634,0.509,0.00286,
2022/04/09 23:20,1.078,0.7,0.00285,5.555,0.509,0.00284,
2022/04/09 23:30,0.962,0.7,0.00283,5.475,0.508,0.00283,
2022/04/09 23:40,0.845,0.7,0.00281,5.393,0.508,0.00281,
2022/04/09 23:50,0.728,0.7,0.00278,5.311,0.508,0.00279,
2022/04/10 00:00,0.612,0.7,0.00276,5.227,0.508,0.00278,
2022/04/10 00:10,0.48,0.709,0.00277,5.142,0.508,0.00276,
2022/04/10 00:20,0.347,0.718,0.00278,5.057,0.508,0.00274,
2022/04/10 00:30,0.213,0.728,0.00279,4.972,0.508,0.00273,
2022/04/10 00:40,0.08,0.738,0.0028,4.887,0.508,0.00271,
2022/04/10 00:50,-0.053,0.749,0.00281,4.801,0.508,0.0027,
2022/04/10 01:00,-0.187,0.759,0.00282,4.714,0.509,0.00268,
2022/04/10 01:10,-0.335,0.767,0.00282,4.627,0.509,0.00267,
2022/04/10 01:20,-0.485,0.775,0.00282,4.537,0.509,0.00265,
2022/04/10 01:30,-0.635,0.784,0.00282,4.447,0.509,0.00264,
2022/04/10 01:40,-0.785,0.792,0.00282,4.355,0.51,0.00262,
2022/04/10 01:50,-0.935,0.801,0.00282,4.263,0.51,0.00261,
2022/04/10 02:00,-1.085,0.809,0.00282,4.17,0.51,0.00259,
2022/04/10 02:10,-1.175,0.813,0.00281,4.077,0.511,0.00258,
2022/04/10 02:20,-1.258,0.816,0.00281,3.985,0.511,0.00256,
2022/04/10 02:30,-1.342,0.82,0.0028,3.893,0.511,0.00255,
2022/04/10 02:40,-1.425,0.823,0.00279,3.802,0.512,0.00253,
2022/04/10 02:50,-1.508,0.826,0.00279,3.71,0.512,0.00252,
2022/04/10 03:00,-1.592,0.83,0.00278,3.619,0.513,0.0025,
2022/04/10 03:10,-1.66,0.833,0.00278,3.527,0.513,0.00249,
2022/04/10 03:20,-1.727,0.836,0.00278,3.436,0.513,0.00247,
2022/04/10 03:30,-1.793,0.84,0.00278,3.346,0.514,0.00246,
2022/04/10 03:40,-1.86,0.843,0.00277,3.255,0.514,0.00244,
2022/04/10 03:50,-1.927,0.846,0.00277,3.165,0.514,0.00243,
2022/04/10 04:00,-1.993,0.85,0.00277,3.075,0.515,0.00242,
2022/04/10 04:10,-1.97,0.842,0.00275,2.986,0.515,0.0024,
2022/04/10 04:20,-1.937,0.834,0.00273,2.899,0.515,0.00239,
2022/04/10 04:30,-1.903,0.826,0.00271,2.813,0.516,0.00238,
2022/04/10 04:40,-1.87,0.817,0.00269,2.729,0.516,0.00236,
2022/04/10 04:50,-1.837,0.809,0.00267,2.645,0.516,0.00235,
2022/04/10 05:00,-1.803,0.801,0.00264,2.563,0.516,0.00234,
2022/04/10 05:10,-1.62,0.786,0.00263,2.484,0.516,0.00232,
2022/04/10 05:20,-1.42,0.77,0.00262,2.41,0.516,0.00231,
2022/04/10 05:30,-1.22,0.755,0.0026,2.341,0.516,0.0023,
2022/04/10 05:40,-1.02,0.74,0.00259,2.275,0.516,0.00229,
2022/04/10 05:50,-0.82,0.726,0.00258,2.213,0.516,0.00228,
2022/04/10 06:00,-0.62,0.711,0.00256,2.153,0.516,0.00227,
2022/04/10 06:10,-0.285,0.699,0.00258,2.099,0.516,0.00226,
2022/04/10 06:20,0.065,0.687,0.0026,2.053,0.516,0.00225,
2022/04/10 06:30,0.415,0.675,0.00262,2.014,0.517,0.00225,
2022/04/10 06:40,0.765,0.664,0.00264,1.98,0.517,0.00224,
2022/04/10 06:50,1.115,0.652,0.00266,1.952,0.517,0.00224,
2022/04/10 07:00,1.465,0.641,0.00269,1.929,0.517,0.00224,
2022/04/10 07:10,1.98,0.618,0.00269,1.914,0.517,0.00224,
2022/04/10 07:20,2.513,0.595,0.00269,1.907,0.517,0.00224,
2022/04/10 07:30,3.047,0.573,0.00269,1.907,0.517,0.00224,
2022/04/10 07:40,3.58,0.552,0.00269,1.914,0.517,0.00224,
2022/04/10 07:50,4.113,0.531,0.00269,1.928,0.517,0.00224,
2022/04/10 08:00,4.647,0.512,0.00269,1.949,0.517,0.00224,
2022/04/10 08:10,5.15,0.486,0.00264,1.975,0.517,0.00224,
2022/04/10 08:20,5.65,0.461,0.00259,2.005,0.516,0.00225,
2022/04/10 08:30,6.15,0.437,0.00255,2.039,0.516,0.00225,
2022/04/10 08:40,6.65,0.414,0.0025,2.079,0.515,0.00225,
2022/04/10 08:50,7.15,0.393,0.00245,2.124,0.514,0.00226,
2022/04/10 09:00,7.65,0.372,0.0024,2.175,0.513,0.00226,
2022/04/10 09:10,8.105,0.35,0.00233,2.231,0.512,0.00227,
2022/04/10 09:20,8.555,0.328,0.00225,2.292,0.511,0.00227,
2022/04/10 09:30,9.005,0.308,0.00218,2.356,0.51,0.00228,
2022/04/10 09:40,9.455,0.288,0.0021,2.426,0.509,0.00228,
2022/04/10 09:50,9.905,0.269,0.00203,2.501,0.507,0.00229,
2022/04/10 10:00,10.355,0.252,0.00195,2.582,0.505,0.00229,
2022/04/10 10:10,10.685,0.244,0.00193,2.668,0.504,0.0023,
2022/04/10 10:20,11.002,0.237,0.00191,2.759,0.503,0.00231,
2022/04/10 10:30,11.318,0.23,0.0019,2.855,0.501,0.00232,
2022/04/10 10:40,11.635,0.223,0.00188,2.957,0.5,0.00233,
2022/04/10 10:50,11.952,0.217,0.00187,3.064,0.499,0.00234,
2022/04/10 11:00,12.268,0.211,0.00185,3.176,0.498,0.00235,
2022/04/10 11:10,12.495,0.21,0.00187,3.293,0.497,0.00237,
2022/04/10 11:20,12.712,0.21,0.0019,3.415,0.496,0.00238,
2022/04/10 11:30,12.928,0.21,0.00193,3.541,0.495,0.0024,
2022/04/10 11:40,13.145,0.21,0.00196,3.673,0.494,0.00242,
2022/04/10 11:50,13.362,0.21,0.00198,3.809,0.494,0.00244,
2022/04/10 12:00,13.578,0.21,0.00201,3.949,0.493,0.00246,
2022/04/10 12:10,13.705,0.213,0.00206,4.093,0.493,0.00249,
2022/04/10 12:20,13.822,0.217,0.00211,4.24,0.493,0.00251,
2022/04/10 12:30,13.938,0.22,0.00216,4.391,0.493,0.00254,
2022/04/10 12:40,14.055,0.223,0.00221,4.545,0.493,0.00257,
2022/04/10 12:50,14.172,0.226,0.00226,4.701,0.493,0.00259,
2022/04/10 13:00,14.288,0.23,0.00231,4.861,0.493,0.00262,
2022/04/10 13:10,14.315,0.233,0.00234,5.022,0.493,0.00266,
2022/04/10 13:20,14.332,0.236,0.00238,5.183,0.493,0.00269,
2022/04/10 13:30,14.348,0.24,0.00242,5.344,0.493,0.00272,
2022/04/10 13:40,14.365,0.243,0.00245,5.505,0.493,0.00275,
2022/04/10 13:50,14.382,0.246,0.00249,5.667,0.494,0.00278,
2022/04/10 14:00,14.398,0.25,0.00252,5.829,0.494,0.00282,
2022/04/10 14:10,14.28,0.257,0.00258,5.989,0.494,0.00285,
2022/04/10 14:20,14.147,0.265,0.00264,6.147,0.495,0.00288,
2022/04/10 14:30,14.013,0.274,0.0027,6.302,0.495,0.00292,
2022/04/10 14:40,13.88,0.282,0.00276,6.455,0.496,0.00295,
2022/04/10 14:50,13.747,0.29,0.00282,6.606,0.496,0.00298,
2022/04/10 15:00,13.613,0.299,0.00288,6.755,0.497,0.00302,
2022/04/10 15:10,13.42,0.31,0.00294,6.9,0.498,0.00305,
2022/04/10 15:20,13.22,0.321,0.00301,7.042,0.498,0.00309,
2022/04/10 15:30,13.02,0.333,0.00308,7.18,0.499,0.00312,
2022/04/10 15:40,12.82,0.344,0.00315,7.314,0.5,0.00316,
2022/04/10 15:50,12.62,0.356,0.00321,7.444,0.501,0.00319,
2022/04/10 16:00,12.42,0.369,0.00328,7.571,0.502,0.00322,
2022/04/10 16:10,12.16,0.383,0.00335,7.692,0.503,0.00326,
2022/04/10 16:20,11.893,0.397,0.00341,7.808,0.503,0.00329,
2022/04/10 16:30,11.627,0.412,0.00348,7.918,0.504,0.00332,
2022/04/10 16:40,11.36,0.427,0.00354,8.022,0.505,0.00335,
2022/04/10 16:50,11.093,0.442,0.00361,8.121,0.506,0.00338,
2022/04/10 17:00,10.827,0.458,0.00367,8.214,0.507,0.00341,
2022/04/10 17:10,10.5,0.475,0.00373,8.301,0.508,0.00344,
2022/04/10 17:20,10.167,0.493,0.00378,8.381,0.51,0.00346,
2022/04/10 17:30,9.833,0.511,0.00383,8.453,0.511,0.00349,
2022/04/10 17:40,9.5,0.529,0.00388,8.519,0.512,0.00351,
2022/04/10 17:50,9.167,0.548,0.00393,8.578,0.513,0.00353,
2022/04/10 18:00,8.833,0.568,0.00398,8.631,0.514,0.00355,
2022/04/10 18:10,8.605,0.58,0.00401,8.679,0.515,0.00357,
2022/04/10 18:20,8.388,0.591,0.00402,8.722,0.516,0.00359,
2022/04/10 18:30,8.172,0.603,0.00404,8.76,0.517,0.0036,
2022/04/10 18:40,7.955,0.615,0.00406,8.792,0.518,0.00362,
2022/04/10 18:50,7.738,0.627,0.00408,8.819,0.518,0.00363,
2022/04/10 19:00,7.522,0.639,0.0041,8.841,0.519,0.00364,
2022/04/10 19:10,7.395,0.644,0.0041,8.858,0.52,0.00365,
2022/04/10 19:20,7.278,0.649,0.0041,8.872,0.521,0.00366,
2022/04/10 19:30,7.162,0.654,0.0041,8.881,0.521,0.00367,
2022/04/10 19:40,7.045,0.659,0.00409,8.886,0.522,0.00367,
2022/04/10 19:50,6.928,0.664,0.00409,8.887,0.522,0.00368,
2022/04/10 20:00,6.812,0.669,0.00409,8.883,0.523,0.00368,
2022/04/10 20:10,6.62,0.687,0.00414,8.876,0.523,0.00368,
2022/04/10 20:20,6.42,0.706,0.0042,8.864,0.524,0.00368,
2022/04/10 20:30,6.22,0.726,0.00426,8.85,0.525,0.00368,
2022/04/10 20:40,6.02,0.746,0.00432,8.832,0.526,0.00369,
2022/04/10 20:50,5.82,0.767,0.00438,8.811,0.527,0.00369,
2022/04/10 21:00,5.62,0.788,0.00444,8.787,0.528,0.00369,
2022/04/10 21:10,5.585,0.789,0.00443,8.762,0.529,0.00369,
2022/04/10 21:20,5.568,0.787,0.00442,8.735,0.53,0.00369,
2022/04/10 21:30,5.552,0.785,0.0044,8.706,0.53,0.00369,
2022/04/10 21:40,5.535,0.784,0.00439,8.675,0.531,0.00368,
2022/04/10 21:50,5.518,0.782,0.00437,8.643,0.532,0.00368,
2022/04/10 22:00,5.502,0.78,0.00436,8.609,0.532,0.00367,
2022/04/10 22:10,5.575,0.772,0.00434,8.574,0.533,0.00367,
2022/04/10 22:20,5.658,0.764,0.00431,8.54,0.533,0.00366,
2022/04/10 22:30,5.742,0.756,0.00429,8.506,0.533,0.00366,
2022/04/10 22:40,5.825,0.747,0.00427,8.472,0.534,0.00365,
2022/04/10 22:50,5.908,0.739,0.00424,8.438,0.534,0.00364,
2022/04/10 23:00,5.992,0.731,0.00422,8.404,0.534,0.00364,
2022/04/10 23:10,5.985,0.734,0.00424,8.368,0.534,0.00363,
2022/04/10 23:20,5.968,0.739,0.00427,8.332,0.535,0.00362,
2022/04/10 23:30,5.952,0.744,0.00429,8.296,0.535,0.00362,
2022/04/10 23:40,5.935,0.749,0.00431,8.26,0.536,0.00361,
2022/04/10 23:50,5.918,0.754,0.00434,8.224,0.536,0.00361,
2022/04/11 00:00,5.902,0.759,0.00436,8.188,0.537,0.0036,
2022/04/11 00:10,5.765,0.772,0.00439,8.151,0.538,0.0036,
2022/04/11 00:20,5.615,0.785,0.00442,8.111,0.538,0.00359,
2022/04/11 00:30,5.465,0.798,0.00444,8.069,0.539,0.00359,
2022/04/11 00:40,5.315,0.811,0.00447,8.026,0.54,0.00358,
2022/04/11 00:50,5.165,0.825,0.0045,7.982,0.541,0.00358,
2022/04/11 01:00,5.015,0.839,0.00453,7.938,0.542,0.00357,
2022/04/11 01:10,4.865,0.844,0.00451,7.892,0.543,0.00357,
2022/04/11 01:20,4.715,0.849,0.00449,7.844,0.544,0.00356,
2022/04/11 01:30,4.565,0.854,0.00447,7.794,0.544,0.00356,
2022/04/11 01:40,4.415,0.859,0.00445,7.742,0.545,0.00355,
2022/04/11 01:50,4.265,0.864,0.00443,7.689,0.546,0.00354,
2022/04/11 02:00,4.115,0.869,0.00441,7.635,0.547,0.00353,
2022/04/11 02:10,4.1,0.868,0.0044,7.582,0.547,0.00352,
2022/04/11 02:20,4.1,0.867,0.00439,7.532,0.548,0.00352,
2022/04/11 02:30,4.1,0.865,0.00438,7.483,0.549,0.00351,
2022/04/11 02:40,4.1,0.864,0.00437,7.435,0.55,0.0035,
2022/04/11 02:50,4.1,0.862,0.00436,7.388,0.55,0.0035,
2022/04/11 03:00,4.1,0.86,0.00436,7.341,0.551,0.00349,
2022/04/11 03:10,4.085,0.856,0.00433,7.293,0.552,0.00348,
2022/04/11 03:20,4.068,0.851,0.0043,7.243,0.552,0.00347,
2022/04/11 03:30,4.052,0.846,0.00427,7.192,0.552,0.00346,
2022/04/11 03:40,4.035,0.841,0.00424,7.14,0.553,0.00345,
2022/04/11 03:50,4.018,0.836,0.00421,7.088,0.553,0.00344,
2022/04/11 04:00,4.002,0.831,0.00418,7.035,0.554,0.00343,
2022/04/11 04:10,3.88,0.829,0.00413,6.979,0.554,0.00342,
2022/04/11 04:20,3.747,0.827,0.00408,6.92,0.554,0.00341,
2022/04/11 04:30,3.613,0.826,0.00404,6.857,0.554,0.00339,
2022/04/11 04:40,3.48,0.824,0.00399,6.793,0.554,0.00338,
2022/04/11 04:50,3.347,0.822,0.00395,6.727,0.554,0.00336,
2022/04/11 05:00,3.213,0.82,0.0039,6.66,0.555,0.00335,
2022/04/11 05:10,3.095,0.806,0.0038,6.59,0.554,0.00333,
2022/04/11 05:20,2.978,0.79,0.00369,6.517,0.554,0.00332,
2022/04/11 05:30,2.862,0.773,0.00358,6.442,0.554,0.0033,
2022/04/11 05:40,2.745,0.756,0.00348,6.364,0.553,0.00327,
2022/04/11 05:50,2.628,0.739,0.00337,6.283,0.553,0.00325,
2022/04/11 06:00,2.512,0.722,0.00326,6.201,0.552,0.00323,
2022/04/11 06:10,2.68,0.698,0.00319,6.122,0.551,0.00321,
2022/04/11 06:20,2.88,0.674,0.00312,6.052,0.55,0.00319,
2022/04/11 06:30,3.08,0.65,0.00306,5.986,0.549,0.00317,
2022/04/11 06:40,3.28,0.627,0.00299,5.923,0.548,0.00315,
2022/04/11 06:50,3.48,0.604,0.00292,5.863,0.547,0.00313,
2022/04/11 07:00,3.68,0.582,0.00286,5.805,0.546,0.00311,
2022/04/11 07:10,3.955,0.569,0.00284,5.75,0.545,0.00309,
2022/04/11 07:20,4.238,0.557,0.00284,5.701,0.544,0.00307,
2022/04/11 07:30,4.522,0.545,0.00284,5.657,0.543,0.00306,
2022/04/11 07:40,4.805,0.533,0.00283,5.616,0.542,0.00305,
2022/04/11 07:50,5.088,0.522,0.00283,5.58,0.541,0.00303,
2022/04/11 08:00,5.372,0.511,0.00282,5.547,0.54,0.00302,
2022/04/11 08:10,5.595,0.496,0.00278,5.515,0.54,0.00301,
2022/04/11 08:20,5.812,0.48,0.00273,5.484,0.538,0.003,
2022/04/11 08:30,6.028,0.465,0.00269,5.454,0.537,0.00298,
2022/04/11 08:40,6.245,0.45,0.00264,5.426,0.536,0.00297,
2022/04/11 08:50,6.462,0.436,0.00259,5.401,0.535,0.00296,
2022/04/11 09:00,6.678,0.421,0.00255,5.379,0.534,0.00295,
2022/04/11 09:10,6.79,0.411,0.0025,5.359,0.533,0.00294,
2022/04/11 09:20,6.89,0.401,0.00245,5.339,0.531,0.00293,
2022/04/11 09:30,6.99,0.39,0.00241,5.322,0.53,0.00292,
2022/04/11 09:40,7.09,0.381,0.00236,5.307,0.529,0.00291,
2022/04/11 09:50,7.19,0.371,0.00232,5.295,0.528,0.0029,
2022/04/11 10:00,7.29,0.361,0.00227,5.285,0.526,0.00289,
2022/04/11 10:10,7.285,0.373,0.00235,5.28,0.525,0.00288,
2022/04/11 10:20,7.268,0.388,0.00244,5.281,0.525,0.00288,
2022/04/11 10:30,7.252,0.403,0.00253,5.287,0.525,0.00288,
2022/04/11 10:40,7.235,0.418,0.00263,5.298,0.524,0.00288,
2022/04/11 10:50,7.218,0.433,0.00272,5.313,0.525,0.00289,
2022/04/11 11:00,7.202,0.448,0.00281,5.332,0.525,0.00289,
2022/04/11 11:10,7.125,0.459,0.00286,5.352,0.525,0.0029,
2022/04/11 11:20,7.042,0.469,0.0029,5.372,0.526,0.0029,
2022/04/11 11:30,6.958,0.479,0.00295,5.391,0.526,0.00291,
2022/04/11 11:40,6.875,0.489,0.00299,5.411,0.527,0.00292,
2022/04/11 11:50,6.792,0.499,0.00304,5.432,0.527,0.00292,
2022/04/11 12:00,6.708,0.509,0.00308,5.454,0.528,0.00293,
2022/04/11 12:10,6.64,0.511,0.00308,5.476,0.528,0.00294,
2022/04/11 12:20,6.573,0.513,0.00308,5.497,0.529,0.00295,
2022/04/11 12:30,6.507,0.515,0.00308,5.517,0.529,0.00295,
2022/04/11 12:40,6.44,0.516,0.00307,5.537,0.529,0.00296,
2022/04/11 12:50,6.373,0.518,0.00307,5.557,0.53,0.00296,
2022/04/11 13:00,6.307,0.52,0.00306,5.575,0.53,0.00297,
2022/04/11 13:10,6.18,0.52,0.00304,5.592,0.53,0.00297,
2022/04/11 13:20,6.047,0.52,0.00301,5.606,0.53,0.00298,
2022/04/11 13:30,5.913,0.52,0.00298,5.616,0.53,0.00298,
2022/04/11 13:40,5.78,0.52,0.00296,5.624,0.53,0.00298,
2022/04/11 13:50,5.647,0.52,0.00293,5.63,0.53,0.00298,
2022/04/11 14:00,5.513,0.52,0.0029,5.633,0.53,0.00298,
2022/04/11 14:10,5.425,0.521,0.00289,5.636,0.53,0.00298,
2022/04/11 14:20,5.342,0.523,0.00288,5.638,0.53,0.00298,
2022/04/11 14:30,5.258,0.525,0.00288,5.64,0.53,0.00298,
2022/04/11 14:40,5.175,0.526,0.00287,5.64,0.529,0.00298,
2022/04/11 14:50,5.092,0.528,0.00286,5.639,0.529,0.00298,
2022/04/11 15:00,5.008,0.53,0.00285,5.636,0.529,0.00298,
2022/04/11 15:10,4.925,0.53,0.00284,5.632,0.529,0.00297,
2022/04/11 15:20,4.842,0.53,0.00282,5.625,0.529,0.00297,
2022/04/11 15:30,4.758,0.53,0.0028,5.616,0.529,0.00297,
2022/04/11 15:40,4.675,0.53,0.00279,5.605,0.528,0.00297,
2022/04/11 15:50,4.592,0.53,0.00277,5.593,0.528,0.00296,
2022/04/11 16:00,4.508,0.53,0.00275,5.578,0.528,0.00296,
2022/04/11 16:10,4.395,0.533,0.00275,5.561,0.527,0.00295,
2022/04/11 16:20,4.278,0.536,0.00274,5.543,0.527,0.00295,
2022/04/11 16:30,4.162,0.54,0.00274,5.522,0.527,0.00294,
2022/04/11 16:40,4.045,0.543,0.00273,5.5,0.527,0.00293,
2022/04/11 16:50,3.928,0.546,0.00273,5.476,0.526,0.00293,
2022/04/11 17:00,3.812,0.55,0.00272,5.45,0.526,0.00292,
2022/04/11 17:10,3.71,0.557,0.00274,5.424,0.526,0.00291,
2022/04/11 17:20,3.61,0.565,0.00276,5.398,0.526,0.00291,
2022/04/11 17:30,3.51,0.574,0.00278,5.371,0.526,0.0029,
2022/04/11 17:40,3.41,0.582,0.0028,5.344,0.526,0.0029,
2022/04/11 17:50,3.31,0.591,0.00282,5.316,0.526,0.00289,
2022/04/11 18:00,3.21,0.599,0.00284,5.288,0.526,0.00289,
2022/04/11 18:10,3.05,0.604,0.00284,5.256,0.526,0.00288,
2022/04/11 18:20,2.883,0.609,0.00282,5.221,0.526,0.00287,
2022/04/11 18:30,2.717,0.614,0.00281,5.182,0.526,0.00287,
2022/04/11 18:40,2.55,0.619,0.0028,5.141,0.526,0.00286,
2022/04/11 18:50,2.383,0.624,0.00279,5.098,0.526,0.00285,
2022/04/11 19:00,2.217,0.629,0.00278,5.052,0.526,0.00284,
2022/04/11 19:10,2.08,0.637,0.00279,5.006,0.526,0.00283,
2022/04/11 19:20,1.947,0.645,0.0028,4.959,0.526,0.00282,
2022/04/11 19:30,1.813,0.654,0.00281,4.912,0.526,0.00281,
2022/04/11 19:40,1.68,0.662,0.00282,4.864,0.526,0.0028,
2022/04/11 19:50,1.547,0.671,0.00283,4.816,0.526,0.0028,
2022/04/11 20:00,1.413,0.679,0.00283,4.766,0.527,0.00279,
2022/04/11 20:10,1.325,0.687,0.00285,4.715,0.527,0.00278,
2022/04/11 20:20,1.242,0.696,0.00287,4.665,0.527,0.00277,
2022/04/11 20:30,1.158,0.704,0.00288,4.615,0.527,0.00276,
2022/04/11 20:40,1.075,0.712,0.0029,4.564,0.528,0.00275,
2022/04/11 20:50,0.992,0.721,0.00292,4.512,0.528,0.00275,
2022/04/11 21:00,0.908,0.729,0.00294,4.46,0.528,0.00274,
2022/04/11 21:10,0.855,0.73,0.00293,4.407,0.529,0.00273,
2022/04/11 21:20,0.805,0.73,0.00292,4.352,0.529,0.00272,
2022/04/11 21:30,0.755,0.73,0.00291,4.297,0.529,0.00271,
2022/04/11 21:40,0.705,0.73,0.0029,4.241,0.529,0.0027,
2022/04/11 21:50,0.655,0.73,0.00289,4.183,0.53,0.00269,
2022/04/11 22:00,0.605,0.73,0.00287,4.126,0.53,0.00268,
2022/04/11 22:10,0.555,0.733,0.00288,4.068,0.53,0.00267,
2022/04/11 22:20,0.505,0.736,0.00288,4.01,0.53,0.00266,
2022/04/11 22:30,0.455,0.74,0.00288,3.952,0.53,0.00265,
2022/04/11 22:40,0.405,0.743,0.00288,3.893,0.53,0.00264,
2022/04/11 22:50,0.355,0.746,0.00289,3.835,0.531,0.00263,
2022/04/11 23:00,0.305,0.75,0.00289,3.777,0.531,0.00262,
2022/04/11 23:10,0.255,0.756,0.0029,3.719,0.531,0.00261,
2022/04/11 23:20,0.205,0.763,0.00292,3.661,0.531,0.0026,
2022/04/11 23:30,0.155,0.769,0.00293,3.604,0.532,0.00259,
2022/04/11 23:40,0.105,0.776,0.00295,3.547,0.532,0.00258,
2022/04/11 23:50,0.055,0.783,0.00296,3.491,0.533,0.00258,
2022/04/12 00:00,0.005,0.789,0.00298,3.434,0.533,0.00257,
2022/04/12 00:10,-0.03,0.791,0.00298,3.378,0.534,0.00256,
2022/04/12 00:20,-0.063,0.793,0.00298,3.322,0.534,0.00255,
2022/04/12 00:30,-0.097,0.795,0.00298,3.265,0.534,0.00254,
2022/04/12 00:40,-0.13,0.796,0.00297,3.209,0.535,0.00254,
2022/04/12 00:50,-0.163,0.798,0.00297,3.153,0.535,0.00253,
2022/04/12 01:00,-0.197,0.8,0.00297,3.097,0.536,0.00252,
2022/04/12 01:10,-0.245,0.8,0.00296,3.041,0.536,0.00251,
2022/04/12 01:20,-0.295,0.8,0.00295,2.984,0.536,0.0025,
2022/04/12 01:30,-0.345,0.8,0.00294,2.927,0.537,0.00249,
2022/04/12 01:40,-0.395,0.8,0.00293,2.869,0.537,0.00249,
2022/04/12 01:50,-0.445,0.8,0.00292,2.812,0.537,0.00248,
2022/04/12 02:00,-0.495,0.8,0.00291,2.755,0.538,0.00247,
2022/04/12 02:10,-0.53,0.796,0.00289,2.697,0.538,0.00246,
2022/04/12 02:20,-0.563,0.791,0.00286,2.64,0.538,0.00245,
2022/04/12 02:30,-0.597,0.786,0.00284,2.582,0.538,0.00244,
2022/04/12 02:40,-0.63,0.781,0.00281,2.524,0.538,0.00243,
2022/04/12 02:50,-0.663,0.776,0.00279,2.466,0.539,0.00242,
2022/04/12 03:00,-0.697,0.771,0.00276,2.408,0.539,0.00241,
2022/04/12 03:10,-0.79,0.767,0.00273,2.348,0.539,0.0024,
2022/04/12 03:20,-0.89,0.764,0.0027,2.287,0.539,0.00239,
2022/04/12 03:30,-0.99,0.761,0.00267,2.224,0.539,0.00238,
2022/04/12 03:40,-1.09,0.757,0.00264,2.16,0.538,0.00237,
2022/04/12 03:50,-1.19,0.754,0.0026,2.095,0.538,0.00236,
2022/04/12 04:00,-1.29,0.75,0.00257,2.03,0.538,0.00235,
2022/04/12 04:10,-1.345,0.743,0.00254,1.964,0.538,0.00233,
2022/04/12 04:20,-1.395,0.734,0.0025,1.899,0.538,0.00232,
2022/04/12 04:30,-1.445,0.726,0.00246,1.833,0.538,0.00231,
2022/04/12 04:40,-1.495,0.718,0.00242,1.768,0.537,0.0023,
2022/04/12 04:50,-1.545,0.709,0.00239,1.702,0.537,0.00229,
2022/04/12 05:00,-1.595,0.701,0.00235,1.635,0.537,0.00227,
2022/04/12 05:10,-1.6,0.69,0.00231,1.569,0.536,0.00226,
2022/04/12 05:20,-1.6,0.678,0.00227,1.504,0.536,0.00225,
2022/04/12 05:30,-1.6,0.666,0.00223,1.439,0.535,0.00224,
2022/04/12 05:40,-1.6,0.654,0.00219,1.374,0.535,0.00222,
2022/04/12 05:50,-1.6,0.643,0.00215,1.31,0.534,0.00221,
2022/04/12 06:00,-1.6,0.631,0.00211,1.245,0.533,0.0022,
2022/04/12 06:10,-1.345,0.619,0.00211,1.185,0.533,0.00219,
2022/04/12 06:20,-1.062,0.607,0.00211,1.135,0.532,0.00218,
2022/04/12 06:30,-0.778,0.595,0.00212,1.091,0.532,0.00217,
2022/04/12 06:40,-0.495,0.583,0.00212,1.053,0.531,0.00216,
2022/04/12 06:50,-0.212,0.572,0.00212,1.019,0.531,0.00215,
2022/04/12 07:00,0.072,0.561,0.00212,0.988,0.531,0.00215,
2022/04/12 07:10,0.415,0.551,0.00214,0.962,0.53,0.00214,
2022/04/12 07:20,0.765,0.54,0.00215,0.941,0.53,0.00213,
2022/04/12 07:30,1.115,0.53,0.00216,0.926,0.529,0.00213,
2022/04/12 07:40,1.465,0.52,0.00218,0.915,0.529,0.00213,
2022/04/12 07:50,1.815,0.51,0.00219,0.908,0.529,0.00213,
2022/04/12 08:00,2.165,0.501,0.0022,0.907,0.528,0.00212,
2022/04/12 08:10,2.5,0.482,0.00217,0.908,0.528,0.00212,
2022/04/12 08:20,2.833,0.463,0.00213,0.912,0.527,0.00212,
2022/04/12 08:30,3.167,0.444,0.0021,0.919,0.527,0.00212,
2022/04/12 08:40,3.5,0.426,0.00206,0.929,0.526,0.00212,
2022/04/12 08:50,3.833,0.408,0.00202,0.943,0.525,0.00212,
2022/04/12 09:00,4.167,0.392,0.00199,0.962,0.524,0.00211,
2022/04/12 09:10,4.38,0.38,0.00196,0.983,0.523,0.00211,
2022/04/12 09:20,4.58,0.37,0.00193,1.007,0.522,0.00211,
2022/04/12 09:30,4.78,0.36,0.0019,1.034,0.521,0.00211,
2022/04/12 09:40,4.98,0.35,0.00188,1.064,0.52,0.00211,
2022/04/12 09:50,5.18,0.34,0.00185,1.097,0.519,0.00212,
2022/04/12 10:00,5.38,0.331,0.00183,1.135,0.518,0.00212,
2022/04/12 10:10,5.52,0.325,0.00181,1.175,0.517,0.00212,
2022/04/12 10:20,5.653,0.32,0.0018,1.219,0.516,0.00212,
2022/04/12 10:30,5.787,0.315,0.00179,1.265,0.515,0.00213,
2022/04/12 10:40,5.92,0.31,0.00178,1.314,0.515,0.00213,
2022/04/12 10:50,6.053,0.305,0.00176,1.367,0.514,0.00214,
2022/04/12 11:00,6.187,0.3,0.00175,1.422,0.513,0.00214,
2022/04/12 11:10,6.32,0.305,0.00179,1.481,0.512,0.00215,
2022/04/12 11:20,6.453,0.31,0.00184,1.546,0.512,0.00216,
2022/04/12 11:30,6.587,0.315,0.00189,1.616,0.512,0.00217,
2022/04/12 11:40,6.72,0.32,0.00194,1.69,0.512,0.00218,
2022/04/12 11:50,6.853,0.325,0.00198,1.768,0.512,0.00219,
2022/04/12 12:00,6.987,0.33,0.00203,1.848,0.512,0.0022,
2022/04/12 12:10,7.075,0.327,0.00203,1.93,0.512,0.00221,
2022/04/12 12:20,7.158,0.324,0.00202,2.011,0.511,0.00223,
2022/04/12 12:30,7.242,0.32,0.00201,2.091,0.511,0.00224,
2022/04/12 12:40,7.325,0.317,0.002,2.171,0.511,0.00225,
2022/04/12 12:50,7.408,0.314,0.00199,2.252,0.511,0.00226,
2022/04/12 13:00,7.492,0.31,0.00198,2.334,0.51,0.00227,
2022/04/12 13:10,7.56,0.304,0.00195,2.416,0.51,0.00228,
2022/04/12 13:20,7.627,0.297,0.00191,2.498,0.509,0.0023,
2022/04/12 13:30,7.693,0.29,0.00188,2.58,0.509,0.00231,
2022/04/12 13:40,7.76,0.284,0.00184,2.661,0.508,0.00232,
2022/04/12 13:50,7.827,0.277,0.00181,2.743,0.507,0.00233,
2022/04/12 14:00,7.893,0.271,0.00177,2.824,0.507,0.00234,
2022/04/12 14:10,7.93,0.276,0.00181,2.907,0.506,0.00235,
2022/04/12 14:20,7.963,0.283,0.00186,2.993,0.505,0.00236,
2022/04/12 14:30,7.997,0.289,0.00191,3.081,0.505,0.00237,
2022/04/12 14:40,8.03,0.296,0.00196,3.171,0.505,0.00239,
2022/04/12 14:50,8.063,0.303,0.00201,3.262,0.505,0.0024,
2022/04/12 15:00,8.097,0.309,0.00206,3.354,0.505,0.00242,
2022/04/12 15:10,8.1,0.312,0.00207,3.445,0.505,0.00243,
2022/04/12 15:20,8.1,0.313,0.00208,3.534,0.505,0.00245,
2022/04/12 15:30,8.1,0.315,0.00209,3.62,0.505,0.00246,
2022/04/12 15:40,8.1,0.316,0.00211,3.706,0.505,0.00248,
2022/04/12 15:50,8.1,0.318,0.00212,3.79,0.505,0.00249,
2022/04/12 16:00,8.1,0.32,0.00213,3.874,0.504,0.00251,
2022/04/12 16:10,7.995,0.327,0.00216,3.955,0.504,0.00252,
2022/04/12 16:20,7.878,0.335,0.0022,4.034,0.504,0.00253,
2022/04/12 16:30,7.762,0.344,0.00223,4.111,0.504,0.00255,
2022/04/12 16:40,7.645,0.352,0.00227,4.186,0.505,0.00256,
2022/04/12 16:50,7.528,0.361,0.00231,4.259,0.505,0.00258,
2022/04/12 17:00,7.412,0.369,0.00234,4.331,0.505,0.00259,
2022/04/12 17:10,7.19,0.384,0.0024,4.4,0.505,0.00261,
2022/04/12 17:20,6.957,0.4,0.00246,4.465,0.506,0.00262,
2022/04/12 17:30,6.723,0.416,0.00252,4.527,0.506,0.00263,
2022/04/12 17:40,6.49,0.433,0.00258,4.585,0.507,0.00265,
2022/04/12 17:50,6.257,0.45,0.00264,4.641,0.508,0.00266,
2022/04/12 18:00,6.023,0.468,0.0027,4.694,0.508,0.00268,
2022/04/12 18:10,5.85,0.474,0.00271,4.744,0.509,0.00269,
2022/04/12 18:20,5.683,0.479,0.0027,4.789,0.51,0.0027,
2022/04/12 18:30,5.517,0.484,0.0027,4.83,0.51,0.00271,
2022/04/12 18:40,5.35,0.489,0.0027,4.866,0.511,0.00272,
2022/04/12 18:50,5.183,0.494,0.00269,4.899,0.511,0.00273,
2022/04/12 19:00,5.017,0.499,0.00269,4.928,0.511,0.00274,
2022/04/12 19:10,4.895,0.503,0.00269,4.953,0.511,0.00274,
2022/04/12 19:20,4.778,0.506,0.00268,4.976,0.512,0.00275,
2022/04/12 19:30,4.662,0.51,0.00268,4.996,0.512,0.00275,
2022/04/12 19:40,4.545,0.513,0.00267,5.013,0.512,0.00276,
2022/04/12 19:50,4.428,0.516,0.00267,5.026,0.512,0.00276,
2022/04/12 20:00,4.312,0.52,0.00266,5.036,0.512,0.00276,
2022/04/12 20:10,4.21,0.523,0.00266,5.043,0.512,0.00276,
2022/04/12 20:20,4.11,0.526,0.00266,5.047,0.512,0.00276,
2022/04/12 20:30,4.01,0.53,0.00266,5.048,0.512,0.00276,
2022/04/12 20:40,3.91,0.533,0.00266,5.046,0.512,0.00276,
2022/04/12 20:50,3.81,0.536,0.00265,5.041,0.512,0.00276,
2022/04/12 21:00,3.71,0.54,0.00265,5.034,0.512,0.00276,
2022/04/12 21:10,3.67,0.546,0.00268,5.026,0.512,0.00276,
2022/04/12 21:20,3.637,0.553,0.0027,5.018,0.512,0.00276,
2022/04/12 21:30,3.603,0.559,0.00273,5.009,0.512,0.00276,
2022/04/12 21:40,3.57,0.566,0.00275,5.0,0.513,0.00276,
2022/04/12 21:50,3.537,0.573,0.00278,4.99,0.513,0.00276,
2022/04/12 22:00,3.503,0.579,0.00281,4.979,0.513,0.00276,
2022/04/12 22:10,3.5,0.587,0.00285,4.968,0.513,0.00276,
2022/04/12 22:20,3.5,0.596,0.00289,4.957,0.514,0.00275,
2022/04/12 22:30,3.5,0.604,0.00293,4.947,0.514,0.00276,
2022/04/12 22:40,3.5,0.612,0.00297,4.936,0.515,0.00276,
2022/04/12 22:50,3.5,0.621,0.00301,4.925,0.515,0.00276,
2022/04/12 23:00,3.5,0.629,0.00305,4.914,0.516,0.00276,
2022/04/12 23:10,3.5,0.636,0.00308,4.903,0.516,0.00276,
2022/04/12 23:20,3.5,0.643,0.00311,4.892,0.517,0.00276,
2022/04/12 23:30,3.5,0.649,0.00315,4.88,0.517,0.00276,
2022/04/12 23:40,3.5,0.656,0.00318,4.868,0.518,0.00276,
2022/04/12 23:50,3.5,0.663,0.00321,4.857,0.519,0.00276,
2022/04/13 00:00,3.5,0.669,0.00324,4.845,0.519,0.00276,
2022/04/13 00:10,3.515,0.676,0.00328,4.834,0.52,0.00277,
2022/04/13 00:20,3.532,0.683,0.00332,4.824,0.521,0.00277,
2022/04/13 00:30,3.548,0.689,0.00335,4.814,0.522,0.00277,
2022/04/13 00:40,3.565,0.696,0.00339,4.806,0.522,0.00277,
2022/04/13 00:50,3.582,0.703,0.00343,4.798,0.523,0.00278,
2022/04/13 01:00,3.598,0.709,0.00346,4.79,0.524,0.00278,
2022/04/13 01:10,3.6,0.716,0.0035,4.783,0.525,0.00278,
2022/04/13 01:20,3.6,0.723,0.00353,4.776,0.526,0.00279,
2022/04/13 01:30,3.6,0.729,0.00356,4.769,0.527,0.00279,
2022/04/13 01:40,3.6,0.736,0.00359,4.762,0.528,0.00279,
2022/04/13 01:50,3.6,0.743,0.00363,4.755,0.529,0.0028,
2022/04/13 02:00,3.6,0.749,0.00366,4.749,0.53,0.0028,
2022/04/13 02:10,3.48,0.757,0.00367,4.741,0.531,0.00281,
2022/04/13 02:20,3.347,0.765,0.00367,4.728,0.532,0.00281,
2022/04/13 02:30,3.213,0.774,0.00368,4.713,0.533,0.00281,
2022/04/13 02:40,3.08,0.782,0.00368,4.695,0.534,0.00281,
2022/04/13 02:50,2.947,0.791,0.00369,4.676,0.535,0.00281,
2022/04/13 03:00,2.813,0.799,0.00369,4.656,0.536,0.00281,
2022/04/13 03:10,2.8,0.804,0.00371,4.636,0.537,0.00282,
2022/04/13 03:20,2.8,0.81,0.00374,4.62,0.538,0.00282,
2022/04/13 03:30,2.8,0.814,0.00376,4.606,0.539,0.00282,
2022/04/13 03:40,2.8,0.82,0.00378,4.593,0.54,0.00282,
2022/04/13 03:50,2.8,0.824,0.00381,4.58,0.541,0.00283,
2022/04/13 04:00,2.8,0.83,0.00383,4.568,0.542,0.00283,
2022/04/13 04:10,2.83,0.836,0.00387,4.556,0.543,0.00283,
2022/04/13 04:20,2.863,0.843,0.00391,4.546,0.544,0.00284,
2022/04/13 04:30,2.897,0.849,0.00395,4.537,0.546,0.00284,
2022/04/13 04:40,2.93,0.856,0.00399,4.528,0.547,0.00285,
2022/04/13 04:50,2.963,0.863,0.00403,4.52,0.548,0.00285,
2022/04/13 05:00,2.997,0.869,0.00407,4.513,0.549,0.00286,
2022/04/13 05:10,3.0,0.873,0.00409,4.505,0.551,0.00286,
2022/04/13 05:20,3.0,0.876,0.0041,4.495,0.552,0.00287,
2022/04/13 05:30,3.0,0.88,0.00412,4.485,0.553,0.00287,
2022/04/13 05:40,3.0,0.883,0.00414,4.473,0.554,0.00288,
2022/04/13 05:50,3.0,0.886,0.00415,4.462,0.556,0.00288,
2022/04/13 06:00,3.0,0.89,0.00417,4.451,0.557,0.00288,
2022/04/13 06:10,3.135,0.887,0.0042,4.442,0.558,0.00289,
2022/04/13 06:20,3.285,0.884,0.00422,4.438,0.559,0.00289,
2022/04/13 06:30,3.435,0.88,0.00425,4.438,0.561,0.0029,
2022/04/13 06:40,3.585,0.877,0.00428,4.44,0.562,0.00291,
2022/04/13 06:50,3.735,0.874,0.00431,4.444,0.563,0.00292,
2022/04/13 07:00,3.885,0.87,0.00434,4.45,0.564,0.00292,
2022/04/13 07:10,3.96,0.87,0.00436,4.457,0.566,0.00293,
2022/04/13 07:20,4.027,0.87,0.00438,4.462,0.567,0.00294,
2022/04/13 07:30,4.093,0.87,0.0044,4.468,0.568,0.00295,
2022/04/13 07:40,4.16,0.87,0.00443,4.474,0.569,0.00295,
2022/04/13 07:50,4.227,0.87,0.00445,4.48,0.571,0.00296,
2022/04/13 08:00,4.293,0.87,0.00447,4.487,0.572,0.00297,
2022/04/13 08:10,4.39,0.865,0.00447,4.496,0.573,0.00298,
2022/04/13 08:20,4.49,0.86,0.00448,4.505,0.574,0.00299,
2022/04/13 08:30,4.59,0.855,0.00448,4.516,0.575,0.00299,
2022/04/13 08:40,4.69,0.85,0.00449,4.529,0.577,0.003,
2022/04/13 08:50,4.79,0.845,0.00449,4.542,0.578,0.00301,
2022/04/13 09:00,4.89,0.84,0.0045,4.557,0.579,0.00302,
2022/04/13 09:10,5.005,0.829,0.00447,4.572,0.58,0.00303,
2022/04/13 09:20,5.122,0.817,0.00445,4.587,0.581,0.00304,
2022/04/13 09:30,5.238,0.806,0.00442,4.603,0.581,0.00304,
2022/04/13 09:40,5.355,0.794,0.00439,4.619,0.582,0.00305,
2022/04/13 09:50,5.472,0.782,0.00436,4.636,0.583,0.00306,
2022/04/13 10:00,5.588,0.771,0.00433,4.653,0.583,0.00306,
2022/04/13 10:10,5.87,0.752,0.00431,4.674,0.584,0.00307,
2022/04/13 10:20,6.17,0.733,0.00429,4.701,0.584,0.00308,
2022/04/13 10:30,6.47,0.715,0.00427,4.731,0.585,0.00309,
2022/04/13 10:40,6.77,0.697,0.00425,4.765,0.585,0.0031,
2022/04/13 10:50,7.07,0.679,0.00422,4.802,0.585,0.00311,
2022/04/13 11:00,7.37,0.662,0.0042,4.841,0.585,0.00312,
2022/04/13 11:10,7.625,0.651,0.0042,4.883,0.585,0.00313,
2022/04/13 11:20,7.875,0.64,0.00421,4.926,0.586,0.00314,
2022/04/13 11:30,8.125,0.63,0.00421,4.972,0.586,0.00315,
2022/04/13 11:40,8.375,0.62,0.00422,5.02,0.586,0.00316,
2022/04/13 11:50,8.625,0.611,0.00422,5.07,0.586,0.00317,
2022/04/13 12:00,8.875,0.601,0.00423,5.123,0.586,0.00318,
