  , room2 , room2 , room2 , wall1_IM , wall1_IM , wall1_IM , wall1_IM , wall1_IM , wall1_IM , room1 , room1 , room1 , opening1 , opening1 , Heat source , Moisture source , 
  , temp , rh , ah , temp , rh , ah , Hw , Jwv , Jwl , temp , rh , ah , Hv , Jv , Hin , Jin , 
2022/04/01 00:00,25.0,0.5,0.009881917493743442,20.0,0.5000000000000001,0.00726237937927264,-4650.0,-0.0011563706210939923,-0.0,1.0,0.8599999999999999,0.0034882998044668745,-20.846374491842198,-3.606692783068475e-5,0.0,0.0,
2022/04/01 00:10,21.65968080086185,0.4832802040891785,0.007780901236837109,14.055600977379015,0.448386729987176,0.004447814883046317,-30.798698473291214,1.3056155021832387e-5,-0.0,0.8949999999999818,0.8673069658695898,0.003491429905517115,-13.985810552090243,-2.4113924700016358e-5,0.0,0.0,
2022/04/01 00:20,20.536971048000908,0.47868346672235557,0.007186554606090557,12.666006671394257,0.4288211387314576,0.003881560071842205,19.019309188697665,1.7454270673682492e-5,-0.0,0.7783333333333076,0.8755045289078126,0.003494907832315423,-12.036605076776823,-2.0685687806492048e-5,0.0,0.0,
2022/04/01 00:30,19.746493052599817,0.47691992009851253,0.0068142563108910675,11.802914996340064,0.42106438079411734,0.003599237592181573,45.31733971294501,1.9236277417403414e-5,-0.0,0.6616666666666902,0.8837858270180456,0.003498385797790655,-10.811387518287574,-1.8525229894907757e-5,0.0,0.0,
2022/04/01 00:40,19.155990390782677,0.4767656702383275,0.006563744099242401,11.159419431234198,0.41992978773164386,0.0034389234017280037,61.77980995612587,1.976187311507693e-5,-0.0,0.5450000000000159,0.8921517812660659,0.003501863801943455,-9.983253054642546,-1.706246529309049e-5,0.0,0.0,
2022/04/01 00:50,18.69381619004355,0.4774210487684207,0.00638390852477726,10.635528808953723,0.4227230367403805,0.0033427165858439254,72.07441930539518,1.9463452433741116e-5,-0.0,0.42833333333334167,0.900603323570117,0.0035053418447744686,-9.385559463732534,-1.6004810619652286e-5,0.0,0.0,
2022/04/01 01:00,18.313462090252358,0.4783369515714297,0.006244114416294088,10.186954882615396,0.4278782791269618,0.003283318371360824,78.19861221063378,1.8646578140459877e-5,-0.0,0.3116666666666674,0.9091413968371681,0.0035088199262843407,-8.918420846440313,-1.517596660269566e-5,0.0,0.0,
2022/04/01 01:10,17.98316163075475,0.47914591572005544,0.0061250302848831,9.780799739910833,0.4341688981493893,0.003241926633187366,81.48055779211461,1.7611784587849647e-5,-0.0,0.18000000000000682,0.9130266739503792,0.00349023427220083,-8.59074581236041,-1.4605618057768454e-5,0.0,0.0,
2022/04/01 01:20,17.68162390283345,0.4796525758250017,0.006015085285675204,9.407054695764884,0.44080893146836425,0.003209683713178654,82.88893360949999,1.6493126594453774e-5,-0.0,0.04666666666668107,0.9163793888559703,0.003469198433827856,-8.300857715731127,-1.4101430152493034e-5,0.0,0.0,
2022/04/01 01:30,17.395725272817742,0.47979658138921893,0.005908249299030272,9.060956317829095,0.4475652878143759,0.0031835956031015873,83.07171292706073,1.537662429501329e-5,-0.0,-0.08666666666664469,0.9197207327496735,0.003448164010318265,-8.021101933632053,-1.361301668935793e-5,0.0,0.0,
2022/04/01 01:40,17.11716711559842,0.4795817560895179,0.0058014352377477865,8.737123435154729,0.4542935637615489,0.0031613811141505033,82.47008646756854,1.4319399468578871e-5,-0.0,-0.22000000000002728,0.9230500982550338,0.003427131001529318,-7.741413026429882,-1.3122748378142532e-5,0.0,0.0,
2022/04/01 01:50,16.840891474136242,0.47904791607073344,0.005693355297812842,8.431319491265754,0.46090963037980287,0.003141543443252967,81.38418520215339,1.3347838904082429e-5,-0.0,-0.35333333333335304,0.926366864958547,0.003406099407318293,-7.45759211281802,-1.2623427761190572e-5,0.0,0.0,
2022/04/01 02:00,16.563984535685393,0.4782507157656673,0.005583757882845153,8.140242705751973,0.46736748711440346,0.0031231056650601685,80.01574943581092,1.2469012013112107e-5,-0.0,-0.4866666666666788,0.9296703991660579,0.0033850692275424893,-7.168818863892284,-1.2113852070083836e-5,0.0,0.0,
2022/04/01 02:10,16.284871965895093,0.4772262439921713,0.005472656900017949,7.8586676820477805,0.47344368275778875,0.0031035434596267965,78.42561455219995,1.1725776826751585e-5,-0.0,-0.6050000000000182,0.9272639687764209,0.0033470746337508476,-6.930455665208228,-1.1705402425482268e-5,0.0,0.0,
2022/04/01 02:20,16.002714326394994,0.4760167999480479,0.005360397106495374,7.586110753331923,0.4789505694615698,0.0030816877835148997,76.76017441697411,1.108499573102033e-5,-0.0,-0.7216666666666924,0.9241171606481546,0.0033071998501346413,-6.694444521371224,-1.130150056604996e-5,0.0,0.0,
2022/04/01 02:30,15.717484239614635,0.47467883219841667,0.005247740021939836,7.3222962259590645,0.48396033294678004,0.0030581387154750175,75.09618042523016,1.0519416921907145e-5,-0.0,-0.8383333333333098,0.920856123528349,0.0032673301513650877,-6.457121431984433,-1.0894415477767998e-5,0.0,0.0,
2022/04/01 02:40,15.429493957825002,0.47325713755575044,0.005135384014137745,7.0661867650167665,0.4885290202396723,0.0030331870185614468,73.46750443668726,1.0016042759444033e-5,-0.0,-0.9549999999999841,0.9174789303974918,0.003227465536469618,-6.220763426640588,-1.0488356809224733e-5,0.0,0.0,
2022/04/01 02:50,15.139219773446257,0.471787370498953,0.005023935594114222,6.816810111611005,0.4927027013227265,0.003007042763190073,71.89323777210177,9.563813113452339e-6,-0.0,-1.0716666666666583,0.9139836252989451,0.003187606004475908,-5.987348036191861,-1.0086973541265749e-5,0.0,0.0,
2022/04/01 03:00,14.847205724936373,0.47029721221902465,0.004913895766109465,6.57332919724638,0.49651995311308456,0.0029798739079479487,70.38295716526989,9.153557247063074e-6,-0.0,-1.1883333333333326,0.9103682229113065,0.0031477515544118856,-5.758508786879247,-9.693279683085221e-6,0.0,0.0,
2022/04/01 03:10,14.555202222959167,0.46883766859871745,0.004806346601101151,6.350342927448764,0.5002529417667227,0.002956376298110261,68.87945712444832,8.706879161906477e-6,-0.0,-1.259999999999991,0.9100441567964775,0.00313003765501351,-5.4656011279464565,-9.173295911212202e-6,0.0,0.0,
2022/04/01 03:20,14.264769275102026,0.4674376333831134,0.004702003083025099,6.1424416276769875,0.5041049371089499,0.002936589256843669,67.37166566478663,8.258748158739145e-6,-0.0,-1.3266666666666538,0.9100752149564676,0.0031147842134742016,-5.175123156123391,-8.656016870324236e-6,0.0,0.0,
2022/04/01 03:30,13.97582317004418,0.4660958146747617,0.004600727036089881,5.942513267981212,0.5080064877526036,0.0029185972265268153,65.88205911735315,7.82787371306308e-6,-0.0,-1.3933333333333167,0.9100871183521295,0.003099531516297786,-4.894644239293029,-8.156265314187542e-6,0.0,0.0,
2022/04/01 03:40,13.68841324564113,0.4648139147300455,0.004502454926151216,5.748551839040999,0.5119206873651534,0.0029017566817048594,64.4229425449862,7.41412078358872e-6,-0.0,-1.4599999999999795,0.9100796559834861,0.0030842795634297778,-4.623957224714786,-7.673707363587019e-6,0.0,0.0,
2022/04/01 03:50,13.402663989954135,0.4635935666347258,0.0044071449834296415,5.559475125930646,0.5158240688958965,0.00288570556040022,63.003088596189514,7.016982832912534e-6,-0.0,-1.5266666666666424,0.9100526149477259,0.003069028354815697,-4.362925922304385,-7.208134674520314e-6,0.0,0.0,
2022/04/01 04:00,13.118751953001038,0.4624361330446681,0.004314766808697861,5.374588414938557,0.519701015165451,0.002870214082599404,61.62904192571489,6.6358894956661355e-6,-0.0,-1.5933333333333053,0.9100057804227362,0.003053777890401069,-4.111451215634588,-6.75940378123599e-6,0.0,0.0,
2022/04/01 04:10,12.836666174095456,0.46134634834306915,0.004225267213047639,5.191295435733707,0.5235625832885967,0.002854825503856821,60.347033561543526,6.265745120324521e-6,-0.0,-1.6750000000000114,0.9115230874474611,0.0030404666799354724,-3.8630391762108047,-6.313543284049772e-6,0.0,0.0,
2022/04/01 04:20,12.556504999718982,0.4603272625945915,0.004138607831768523,5.009675850513759,0.5274324455919832,0.0028396884149065158,59.137159521279735,5.90754259515522e-6,-0.0,-1.7583333333333258,0.9132061214256211,0.0030273714179584487,-3.6231835491366837,-5.8825513604084155e-6,0.0,0.0,
2022/04/01 04:30,12.27857875053877,0.45937812076665,0.00405477258723216,4.830287871014548,0.531303807806396,0.0028248766376226787,57.985743950538335,5.562502645980594e-6,-0.0,-1.8416666666666401,0.9148791811242306,0.003014276704689237,-3.3925342237912446,-5.467882627528584e-6,0.0,0.0,
2022/04/01 04:40,12.003139335953676,0.45849799518635675,0.0039737261977240935,4.653122905033456,0.5351697041331468,0.002810351295759989,56.88863637532052,5.230028655320834e-6,-0.0,-1.9250000000000114,0.9165420569253906,0.003001182540093351,-3.1709761643458023,-5.069356055672246e-6,0.0,0.0,
2022/04/01 04:50,11.73039565558588,0.45768547443632324,0.003895417335974475,4.478112869890481,0.5390242748607152,0.002796069363484866,55.841562358569384,4.909483918712726e-6,-0.0,-2.0083333333333258,0.9181945365667973,0.0029880889241363064,-2.9583420184771967,-4.686694951594605e-6,0.0,0.0,
2022/04/01 05:00,11.46051510175397,0.45693871793974566,0.00381978103509333,4.305181124959347,0.5428627313066586,0.002781993232124775,54.840199305892845,4.600265963024084e-6,-0.0,-2.09166666666664,0.9198364051114748,0.002974995856783624,-2.754419961916028,-4.319540848578163e-6,0.0,0.0,
2022/04/01 05:10,11.194499838004504,0.45626252876134094,0.0037470176858087284,4.144139354297977,0.5467296328950155,0.002770269285112604,53.782719560304606,4.281389138627921e-6,-0.0,-2.1299999999999955,0.9200113579140248,0.0029671045050021854,-2.5429049762367413,-3.938423351281472e-6,0.0,0.0,
2022/04/01 05:20,10.933086874098649,0.45565559434262903,0.003677196633504247,3.9922961429725774,0.5506337497130819,0.0027603955010288618,52.69756988743893,3.9658398196324845e-6,-0.0,-2.1633333333333553,0.9200193116649593,0.0029597912506957903,-2.3390984571335594,-3.571025871149966e-6,0.0,0.0,
2022/04/01 05:30,10.67593642113735,0.45511117448109356,0.0036100765513656205,3.845424419219171,0.554544290146209,0.0027513808818941192,51.6140056877839,3.6590535431670594e-6,-0.0,-2.1966666666666583,0.9200223274259527,0.0029524781675442048,-2.1440978864536646,-3.2193492208254455e-6,0.0,0.0,
2022/04/01 05:40,10.422828326703097,0.45462465903935856,0.0035454749820665672,3.7024210598997342,0.5584454430797018,0.0027429296427236836,50.54000984207505,3.3614972960981845e-6,-0.0,-2.230000000000018,0.9200203779226774,0.002945165255541419,-1.957308362561207,-2.882334745137473e-6,0.0,0.0,
2022/04/01 05:50,10.173607790718165,0.45419246134635965,0.003483242472811724,3.5627169945844344,0.5623269552928822,0.002734881780241396,49.481708057288074,3.07344400114988e-6,-0.0,-2.263333333333321,0.9200134357573778,0.0029378525146814276,-1.7782425950088054,-2.5591182513992532e-6,0.0,0.0,
2022/04/01 06:00,9.928172683130981,0.4538117813884678,0.003423255371718102,3.425956170483971,0.5661817279611528,0.0027271365796569655,48.4442137139098,2.795039528756713e-6,-0.0,-2.296666666666681,0.9200014734083131,0.0029305399449582195,-1.6064974171620179,-2.2489875307971396e-6,0.0,0.0,
2022/04/01 06:10,9.694078594349719,0.4536010122058676,0.0033680415809161134,3.3810322081632194,0.5706645966573367,0.002740075503148028,46.74899830232789,2.2618200125687257e-6,-0.0,-1.9700000000000273,0.9179745243746574,0.002995878875485688,-1.2134355706486986,-1.5193317097440165e-6,0.0,0.0,
2022/04/01 06:20,9.477298790788382,0.4535927663935391,0.0033189974731229355,3.403394311889201,0.5761291602499297,0.002770824680895039,44.55083654128487,1.6384387317996034e-6,-0.0,-1.603333333333353,0.9152839813992383,0.003069306571466612,-0.8141165606230061,-7.777118807445548e-7,0.0,0.0,
2022/04/01 06:30,9.274212740038706,0.45372924325631747,0.0032746738466711534,3.45470545029292,0.5822617748024786,0.002810666085092076,42.081246766472304,1.0076593338139818e-6,-0.0,-1.2366666666666788,0.9121585953524719,0.003142751522793466,-0.43013240719710666,-6.528098466776063e-8,0.0,0.0,
2022/04/01 06:40,9.082404710938135,0.4539822263839417,0.003234180221149425,3.5251080620226958,0.5888764572802568,0.0028569724182041204,39.436953447170715,3.7825758139922813e-7,-0.0,-0.8700000000000045,0.9086262562880771,0.003216213735549417,-0.058579681383434945,6.232661443060707e-7,0.0,0.0,
2022/04/01 06:50,8.900224503292065,0.4543347057426307,0.0031969188933323,3.609674650622196,0.5958371830380225,0.0029082817623151285,36.695333726577815,-2.4392641912586223e-7,-0.0,-0.5033333333333303,0.9047134680359509,0.0032896932158204897,0.30249044653669444,1.2914845505515535e-6,0.0,0.0,
2022/04/01 07:00,8.726645023049912,0.4547776391254653,0.0031625118693237447,3.7054544734029378,0.6030386237096959,0.0029636389598470406,33.92182891927234,-8.546810199782908e-7,-0.0,-0.13666666666665606,0.9004454134495672,0.003363189969695574,0.6543104445668178,1.9416151376630908e-6,0.0,0.0,
2022/04/01 07:10,8.562995894815742,0.4552871595022931,0.0031309997901751018,3.82985892578057,0.6103307152749922,0.0030261800416150116,30.851177945592667,-1.4362598005756537e-6,-0.0,0.35000000000002274,0.8862906042550392,0.003429706634386191,0.9739329187834755,2.5185193950953995e-6,0.0,0.0,
2022/04/01 07:20,8.410215058874428,0.45584916832262423,0.003102411442407753,3.9768468269963364,0.6175060636271412,0.003093924326568441,27.667859910931725,-1.990588405766654e-6,-0.0,0.8500000000000227,0.8711252784608062,0.0034954598094681104,1.2815332181789927,3.070642877819741e-6,0.0,0.0,
2022/04/01 07:30,8.267472967503295,0.4564669356388212,0.0030765267464637033,4.137366223630465,0.6244937375983529,0.0031647909864563656,24.494821461869947,-2.5260711621070726e-6,-0.0,1.3500000000000227,0.8560463296602421,0.0035612268116342726,1.5803633507382528,3.605361018245694e-6,0.0,0.0,
2022/04/01 07:40,8.134391729612219,0.45714237128445,0.0030532214477950272,4.308598219356497,0.6312527690340347,0.00323810070815185,21.365207729650706,-3.043060877432078e-6,-0.0,1.8500000000000227,0.8410683188979777,0.0036270076452466354,1.8708284623251075,4.12339460031606e-6,0.0,0.0,
2022/04/01 07:50,8.010810476762458,0.45787767768393767,0.0030324257230802242,4.488906957854795,0.6377548613523429,0.0033134558786727234,18.300504722435566,-3.5418834334973645e-6,-0.0,2.3500000000000227,0.8262044054767809,0.0036928023146689895,2.153156225933799,4.62514247592293e-6,0.0,0.0,
2022/04/01 08:00,7.896708919129765,0.4586749745369189,0.0030141040337680375,4.6771831554074765,0.6439795271923953,0.003390587947382897,15.315014162501372,-4.0229442139515876e-6,-0.0,2.8500000000000227,0.8114664480760494,0.0037586108242669636,2.4274625291550365,5.11080150962598e-6,0.0,0.0,
2022/04/01 08:10,7.789687642149715,0.45944400201684615,0.002997131611565527,4.841845317569209,0.6495741118865078,0.0034600074019523895,12.494468338398407,-4.326845388158559e-6,-0.0,3.259999999999991,0.7923190032600713,0.0037782137179588277,2.5467162551906313,5.299873961520796e-6,0.0,0.0,
2022/04/01 08:20,7.6875678593381735,0.4601567752114388,0.00298086382829016,4.991552570954923,0.6542848944375381,0.0035220525109264894,9.902575613409113,-4.548998377006875e-6,-0.0,3.660000000000025,0.7731827126547302,0.0037926824439389727,2.6469325667760586,5.452768031502611e-6,0.0,0.0,
2022/04/01 08:30,7.591683202565832,0.46085033402961445,0.0029658052397869817,5.139345385997899,0.6582351172060207,0.003580342468672011,7.510491070229933,-4.74506143555392e-6,-0.0,4.060000000000002,0.7545669132328512,0.0038071518390024026,2.743208483375156,5.598376818190515e-6,0.0,0.0,
2022/04/01 08:40,7.50300936452868,0.46154104789029765,0.00295224478157269,5.288284638364303,0.6615008139831906,0.0036359333634600186,5.282311887276023,-4.920244822509469e-6,-0.0,4.4599999999999795,0.7364560070099184,0.003821621903195531,2.834601931608404,5.73493404184412e-6,0.0,0.0,
2022/04/01 08:50,7.422227299527378,0.4622388452075291,0.0029403667060137664,5.439749239590128,0.6641382390036984,0.0036893966587312568,3.186773687590403,-5.078039338080388e-6,-0.0,4.860000000000014,0.7188349034991628,0.003836092636564774,2.9205121572463213,5.8613108633518755e-6,0.0,0.0,
2022/04/01 09:00,7.349762605087221,0.4629490780778182,0.0029302737571849733,5.5944724536323065,0.6661912877854587,0.0037410933822581197,1.195781398299687,-5.221090989915528e-6,-0.0,5.259999999999991,0.7016890019774087,0.003850564039156554,3.0006041636429472,5.976874492314976e-6,0.0,0.0,
2022/04/01 09:10,7.284445564806731,0.46366230549219783,0.0029216554558567777,5.7373180980800385,0.6676510008985462,0.003786904217831511,-0.5557370622773306,-5.322451148010181e-6,-0.0,5.5849999999999795,0.6872883996660496,0.0038577495114440106,3.052132328007019,6.043906318915451e-6,0.0,0.0,
2022/04/01 09:20,7.225311570445058,0.46437812012318735,0.002914305052913373,5.8727680176215245,0.6685546266503094,0.003828038493844251,-2.1380388437904685,-5.403025002441003e-6,-0.0,5.901666666666642,0.6734691827554284,0.0038641255184357257,3.096887253284649,6.0989462074683836e-6,0.0,0.0,
2022/04/01 09:30,7.1729572859547375,0.4651023565843376,0.002908370889625904,6.007571729354197,0.6689625974520066,0.0038665186163564192,-3.614916876722987,-5.472050718706209e-6,-0.0,6.218333333333362,0.6599630181146382,0.0038705016553415607,3.1370249562889967,6.145495807556879e-6,0.0,0.0,
2022/04/01 09:40,7.127685625380138,0.46583645309935134,0.002903915417162442,6.143470971476006,0.6689125592021883,0.003902955012018128,-5.011759843253572,-5.531073985862111e-6,-0.0,6.535000000000025,0.6467620791078372,0.0038768779221654854,3.1723418151557325,6.183174230360758e-6,0.0,0.0,
2022/04/01 09:50,7.089624419842153,0.46657995347864,0.002900955812631653,6.2813280169755785,0.6684326489742933,0.003937683548057046,-6.3477258490837585,-5.581240142905406e-6,-0.0,6.851666666666688,0.6338587520715199,0.003883254318911473,3.202781823979194,6.211875458399373e-6,0.0,0.0,
2022/04/01 10:00,7.058769862264512,0.4673311591115151,0.002899477206601965,6.421646928997006,0.6675450945793908,0.003970917048882376,-7.63797479758523,-5.62343596956762e-6,-0.0,7.168333333333351,0.6212456300705722,0.0038896308455834906,3.2283934645149657,6.2316881688787665e-6,0.0,0.0,
2022/04/01 10:10,7.032937910923522,0.4680031625255051,0.0028985009740505924,6.538736869283184,0.6659893080616709,0.003993905848683781,-8.840351682380856,-5.517166158855971e-6,-0.0,7.410000000000025,0.6056862213336185,0.003855270699102098,3.119545296605793,5.99873425443172e-6,0.0,0.0,
2022/04/01 10:20,7.009998602839289,0.4685683626094108,0.0028974323869884236,6.640851916597683,0.6635643199687254,0.004007528041174439,-9.901581610295693,-5.3465514553470865e-6,-0.0,7.643333333333317,0.5901296557285991,0.0038163888377942177,2.9962552104616407,5.739231399246234e-6,0.0,0.0,
2022/04/01 10:30,6.990793878470981,0.46905775613683026,0.002896634734439784,6.739548797015686,0.6603679604326969,0.004015447600429274,-10.845986942822492,-5.161020036069956e-6,-0.0,7.876666666666665,0.5749308476144374,0.0037775118073323606,2.8720974939735697,5.4787346307295065e-6,0.0,0.0,
2022/04/01 10:40,6.975864746836635,0.4694839460907731,0.002896295778504141,6.837823918372237,0.6564592050902426,0.004018759454179634,-11.705057915433487,-4.964538508778076e-6,-0.0,8.110000000000014,0.5600815401792628,0.003738639606816274,2.746459946352388,5.21609371030478e-6,0.0,0.0,
2022/04/01 10:50,6.965521029506419,0.4698547204148996,0.002896526859916121,6.937180013936313,0.6518815902025461,0.004018060013551406,-12.503669194561553,-4.759612040439989e-6,-0.0,8.343333333333362,0.5455736735963637,0.0036997722353459333,2.6189795384757417,4.950625143721025e-6,0.0,0.0,
2022/04/01 11:00,6.9598885049271075,0.47017466009442715,0.002897382655685083,7.038517923335689,0.6466696155824344,0.004013726280377869,-13.26244461696433,-4.548079439109037e-6,-0.0,8.576666666666654,0.5313993801208815,0.003660909692021532,2.4894779931573794,4.681990937295075e-6,0.0,0.0,
2022/04/01 11:10,6.958095056454795,0.4705388264117218,0.002899278595345881,7.1363862660350605,0.641166199701444,0.004006319906515068,-13.624714202834411,-4.458613384628614e-6,-0.0,8.704999999999984,0.5269444639128449,0.0036619161938566697,2.4865779833505712,4.6657759295913684e-6,0.0,0.0,
2022/04/01 11:20,6.960032518034552,0.4709842261580552,0.002902423595475703,7.231271568191005,0.6357843950845704,0.00399855706295373,-13.842093923582866,-4.423301307101011e-6,-0.0,8.821666666666658,0.5235726615987434,0.0036673523843256052,2.4940484037229,4.670628713006486e-6,0.0,0.0,
2022/04/01 11:30,6.965841892293838,0.4714813954369384,0.0029066660512751565,7.3252124829907075,0.6305329373129988,0.003991072418873193,-14.038885872287779,-4.3931647011780864e-6,-0.0,8.938333333333333,0.5202251335044993,0.0036727886692622474,2.4979408806402716,4.668795365140628e-6,0.0,0.0,
2022/04/01 11:40,6.975428667633253,0.47201767763087216,0.0029119122424795395,7.4186982419206515,0.6254139243714893,0.003984028640257316,-14.224095669663372,-4.365411543718511e-6,-0.0,9.055000000000007,0.516901688186628,0.0036782250486690608,2.498560988799227,4.66086215003228e-6,0.0,0.0,
2022/04/01 11:50,6.988655426137882,0.47258343038681555,0.002918079138930984,7.511973795517349,0.6204269042097603,0.003977504131693599,-14.402889204534405,-4.338658484851902e-6,-0.0,9.171666666666681,0.5136021358233691,0.0036836615225485083,2.496179447829036,4.647345501777336e-6,0.0,0.0,
2022/04/01 12:00,7.005363056406736,0.4731709800542831,0.002925091941099291,7.605185995348961,0.6155698488928949,0.003971539669126055,-14.578460686028052,-4.312035979793836e-6,-0.0,9.288333333333355,0.5103262882002535,0.003689098090903049,2.4910401414194894,4.6287088171560255e-6,0.0,0.0,
2022/04/01 12:10,7.024600246800162,0.47384811846521396,0.002933185212864657,7.6924347178264725,0.6111128987581574,0.0039663063535457154,-14.441767815436608,-4.386010160325912e-6,-0.0,9.314999999999998,0.5145271347673575,0.0037263760507109337,2.586196743820892,4.809874821646772e-6,0.0,0.0,
2022/04/01 12:20,7.0461294032096475,0.47463875935452177,0.002942466012048415,7.774015065759954,0.6073835219078345,0.003964089415114845,-14.191913997499341,-4.50588165180109e-6,-0.0,9.33166666666665,0.5195460228551044,0.0037671969963240944,2.689033312403353,5.0066559785461635e-6,0.0,0.0,
2022/04/01 12:30,7.0700701643627895,0.47551501446909444,0.002952792095160941,7.851820330945429,0.6043485193110619,0.003965268134379506,-13.927983576069211,-4.631832673070621e-6,-0.0,9.348333333333358,0.524553078489385,0.0038080232684134297,2.7884791023118396,5.197020863509038e-6,0.0,0.0,
2022/04/01 12:40,7.096365469789987,0.47646330368955725,0.0029640745477748985,7.926268470008836,0.6019662935390878,0.00396975290679369,-13.655900477481284,-4.7611397052791935e-6,-0.0,9.365000000000009,0.5295483243039802,0.0038488548680215362,2.8848240222132517,5.3815293456322805e-6,0.0,0.0,
2022/04/01 12:50,7.124927660579942,0.477473048845891,0.002976236907254062,7.99759352804648,0.6001922927013907,0.003977374115932001,-13.379828338066204,-4.892378623671791e-6,-0.0,9.38166666666666,0.5345317828906979,0.0038896917961912815,2.9783173817424995,5.56066081789399e-6,0.0,0.0,
2022/04/01 13:00,7.1556470127252965,0.4785356376712934,0.002989210322555988,8.065977352802918,0.5989809515247007,0.003987931462367475,-13.103235828342576,-5.024653885484761e-6,-0.0,9.398333333333312,0.5395034767994853,0.003930534053965809,3.069183672952022,5.734845212339658e-6,0.0,0.0,
2022/04/01 13:10,7.187513506713628,0.4796048917342029,0.003002503189643648,8.120356358639071,0.5981313018365215,0.00399709186747616,-12.8151250070016,-5.092558294789971e-6,-0.0,9.384999999999991,0.5429842484492592,0.003952482220307903,3.0974042545333305,5.791602467192226e-6,0.0,0.0,
2022/04/01 13:20,7.2195356404865265,0.48066317515337653,0.0030158018428551986,8.164609726511571,0.597481235206754,0.004004830502637588,-12.48465727858786,-5.133933396128012e-6,-0.0,9.36833333333334,0.5463065840365775,0.003972331913311477,3.1187639033978485,5.835539341500999e-6,0.0,0.0,
2022/04/01 13:30,7.252014514375958,0.4817209638890782,0.003029235302902924,8.203826572915943,0.5970451100733055,0.004012640095813754,-12.119108631609379,-5.171146696381074e-6,-0.0,9.351666666666688,0.5496357780142699,0.003992182865269421,3.1396881197269977,5.878699475399711e-6,0.0,0.0,
2022/04/01 13:40,7.2851294348539,0.4827809416174568,0.003042859399783243,8.239370865169406,0.5968201209899103,0.004020881505629145,-11.732193822132333,-5.205716128486118e-6,-0.0,9.33499999999998,0.5529718429204139,0.004012035076301515,3.15999487034901,5.920744176364585e-6,0.0,0.0,
2022/04/01 13:50,7.318961015386776,0.4838440791311214,0.0030566991551002876,8.271961277691219,0.5967980660305912,0.0040297020934661155,-11.335017437738772,-5.2385839314311656e-6,-0.0,9.318333333333328,0.5563147913158124,0.00403188854652755,3.179602572775366,5.961522380221286e-6,0.0,0.0,
2022/04/01 14:00,7.35351034109533,0.48491026090828443,0.0030707562665031013,8.302056599073978,0.596968323409494,0.004039160746335663,-10.93690515981507,-5.27045287835099e-6,-0.0,9.301666666666677,0.5596646357840247,0.004051743276067331,3.198505692216713,6.001024593702047e-6,0.0,0.0,
2022/04/01 14:10,7.388380660558653,0.485969974252873,0.003084888137758598,8.325916929641664,0.597283283846175,0.004047901689381778,-10.522793212149963,-5.285936100689256e-6,-0.0,9.269999999999982,0.5629715074559303,0.004067096191151934,3.202486902569035,6.013312486641829e-6,0.0,0.0,
2022/04/01 14:20,7.423185604642356,0.48701991207993245,0.003098992038081106,8.345039810528817,0.5977105841772248,0.004056113588335908,-10.097603583338923,-5.2950621519155765e-6,-0.0,9.236666666666679,0.56628492015296,0.004081949497180818,3.204930338000622,6.022841395392474e-6,0.0,0.0,
2022/04/01 14:30,7.4579672517375,0.4880627297356613,0.0031130934919869416,8.361361569230212,0.5982547281466508,0.004064360560146651,-9.671639210023388,-5.3033670917340905e-6,-0.0,9.203333333333319,0.5696107303628171,0.004096803508009348,3.2073840479658884,6.0324325565162666e-6,0.0,0.0,
2022/04/01 14:40,7.492708661276197,0.4890990652399981,0.0031271926990056233,8.375466661618418,0.5989136562877653,0.00407278940087032,-9.25080311363672,-5.3114350136952255e-6,-0.0,9.170000000000016,0.572948981674531,0.0041116582236876914,3.209847382061753,6.0420835015334845e-6,0.0,0.0,
2022/04/01 14:50,7.527358054405795,0.490129046046209,0.0031412790302888737,8.387691428572055,0.5996831606238014,0.004081463747007264,-8.839171962631553,-5.3196507882727606e-6,-0.0,9.136666666666656,0.5762997178319044,0.00412651364426602,3.212354995785745,6.051857429744562e-6,0.0,0.0,
2022/04/01 15:00,7.561840790697261,0.49115251946954314,0.003155334913154948,8.398265232584322,0.6005580635055956,0.004090410936003293,-8.43965058710296,-5.328295536394453e-6,-0.0,9.103333333333353,0.5796629827340597,0.004141369769794508,3.2149641849857744,6.061859519755322e-6,0.0,0.0,
2022/04/01 15:10,7.593997316122966,0.49221424131505787,0.003169179537314161,8.38614839109266,0.6016999037688029,0.004094848474023817,-7.645365154054957,-5.384901835886667e-6,-0.0,8.920000000000016,0.5914089194548579,0.004173514040996369,3.274630138419525,6.195155644726217e-6,0.0,0.0,
2022/04/01 15:20,7.62259803754722,0.4933373937118549,0.0031826901357885572,8.356274060543,0.6033699868381189,0.004097916296718183,-6.66570895989537,-5.468771477540695e-6,-0.0,8.720000000000027,0.6043235749416596,0.004207582695660532,3.341659629231117,6.344219297109672e-6,0.0,0.0,
2022/04/01 15:30,7.648450678604604,0.4945115084759744,0.0031959689176164104,8.317144689483769,0.6055655299075038,0.0041019421965292745,-5.632079371760597,-5.558104127889974e-6,-0.0,8.519999999999982,0.6174936716069549,0.004241655057720033,3.409457045592262,6.494913990015822e-6,0.0,0.0,
2022/04/01 15:40,7.67198814677181,0.49573253732809147,0.0032090795521221966,8.270922885957532,0.6082579985723156,0.004107301250816712,-4.567223632002993,-5.651896044941378e-6,-0.0,8.319999999999993,0.6309243094307941,0.004275731127780073,3.4778147958036243,6.64686838951085e-6,0.0,0.0,
2022/04/01 15:50,7.693477935971373,0.4969967072477937,0.0032220521604232315,8.21876115954609,0.6114131416026064,0.004114044492931438,-3.4887545009837595,-5.749932737984665e-6,-0.0,8.120000000000005,0.6446206940984861,0.004309810906445978,3.5466346720099864,6.799910893952182e-6,0.0,0.0,
2022/04/01 16:00,7.713055237200194,0.4983002226725296,0.00323488803760332,8.16142346971452,0.6149956645434959,0.004122106379045837,-2.411431584164348,-5.8522617591848325e-6,-0.0,7.920000000000016,0.6585881392947798,0.004343894394323212,3.615912453569308,6.954041991901182e-6,0.0,0.0,
2022/04/01 16:10,7.730370840176306,0.4996009281709661,0.003247230211459168,8.093776994235554,0.618824893752737,0.004128778203684987,-1.4008731717399314,-5.8985087903414435e-6,-0.0,7.720000000000027,0.6700366460286882,0.00435966485188106,3.627090364008609,6.996295262618543e-6,0.0,0.0,
2022/04/01 16:20,7.744880417658123,0.5008817164174671,0.003258839552441984,8.018477238696107,0.6227412476896119,0.004133705343497822,-0.40475376139909264,-5.9231192322170035e-6,-0.0,7.519999999999982,0.6813754213709706,0.004373400873905469,3.634024402228306,7.030327592647842e-6,0.0,0.0,
2022/04/01 16:30,7.756716368174011,0.5021534440479589,0.0032698099174262316,7.938503285082561,0.626763069308167,0.004137835581360453,0.5881779256395704,-5.948013397128898e-6,-0.0,7.319999999999993,0.6929145424723842,0.004387137498403024,3.64304378445604,7.068344244575697e-6,0.0,0.0,
2022/04/01 16:40,7.76595198557294,0.5034195528364975,0.0032801743076796668,7.854788636132184,0.6308973739969882,0.004141464175917629,1.56879300801279,-5.9747971480114606e-6,-0.0,7.1200000000000045,0.7046577635613955,0.004400874725413364,3.6540409102692593,7.110141007998119e-6,0.0,0.0,
2022/04/01 16:50,7.772600303650904,0.5046819618664637,0.003289942734109403,7.767874520605687,0.6351467130322821,0.004144746065919819,2.530594252537526,-6.004366017409951e-6,-0.0,6.920000000000016,0.7166089136279671,0.0044146125549761285,3.666983139261447,7.155654085390131e-6,0.0,0.0,
2022/04/01 17:00,7.7766328025892335,0.5059417288936984,0.0032991105175395126,7.678130474195598,0.6395111563258922,0.004147771512333849,3.468941314111476,-6.0373008908834675e-6,-0.0,6.720000000000027,0.728771898003075,0.004428350987130965,3.681885728001589,7.204909187617853e-6,0.0,0.0,
2022/04/01 17:10,7.777341106665517,0.5071592497137594,0.0033072524629858806,7.577066968321219,0.6438448350096583,0.004147157303388077,4.359028881037261,-6.008126520498293e-6,-0.0,6.5049999999999955,0.7386619610368932,0.004422462286839423,3.6361388426498706,7.138065292406849e-6,0.0,0.0,
2022/04/01 17:20,7.773955363017308,0.5083214869627702,0.0033141025295460817,7.467868171087616,0.6480296926314599,0.004143052047802599,5.248620654674597,-5.955057838885082e-6,-0.0,6.288333333333355,0.7484231456360687,0.004414392954729341,3.587494180584372,7.065399471488197e-6,0.0,0.0,
2022/04/01 17:30,7.766748575461463,0.509444305102158,0.003319821148470888,7.35456922001714,0.6521136219195401,0.004136936525763923,6.143130771274059,-5.901574607757284e-6,-0.0,6.071666666666658,0.7583306220952273,0.004406323830508618,3.5425392785271015,6.999518286069473e-6,0.0,0.0,
2022/04/01 17:40,7.755918358522251,0.5105351349405441,0.003324497719671337,7.238239748065098,0.6561268987094405,0.004129327044563439,7.033373270162997,-5.84955356502913e-6,-0.0,5.855000000000018,0.768386821545917,0.004398254914169219,3.500982648267609,6.9398732553984285e-6,0.0,0.0,
2022/04/01 17:50,7.741593320587583,0.5115991990296334,0.0033281925007426346,7.119423381543697,0.6600918554703389,0.004120534568989983,7.912353541158837,-5.8001130752455225e-6,-0.0,5.638333333333321,0.7785942192502291,0.0043901862057031124,3.4626278200394154,6.886094514640304e-6,0.0,0.0,
2022/04/01 18:00,7.723848618336831,0.5126402588861663,0.003330944812473175,6.998449681322256,0.6640257393414504,0.0041107730703897625,8.774525964730628,-5.754023337890145e-6,-0.0,5.421666666666681,0.7889553354662031,0.004382117705102264,3.4273465884850793,6.8379402969453166e-6,0.0,0.0,
2022/04/01 18:10,7.704882565291882,0.5136469631822278,0.0033331815562860387,6.898410398661042,0.6679072758810712,0.004106472732153439,9.281647115479359,-5.7122109490086464e-6,-0.0,5.339999999999975,0.7914991785909845,0.004371279563585305,3.384715957554363,6.761868894764087e-6,0.0,0.0,
2022/04/01 18:20,7.6861001829950055,0.5146088317221011,0.003335156167591506,6.813609985517417,0.6716257327387688,0.004105338428888819,9.578758987778997,-5.6688077651558455e-6,-0.0,5.273333333333312,0.7931653205747696,0.004360134048308679,3.3419378176333794,6.683981946123734e-6,0.0,0.0,
2022/04/01 18:30,7.666527602526173,0.5155267766195476,0.003336652810418797,6.734736534697106,0.6751585455384205,0.004104609626427943,9.773764866847614,-5.628317408448463e-6,-0.0,5.206666666666649,0.7948318355771599,0.004348988929666778,3.3007193859677955,6.609012190137216e-6,0.0,0.0,
2022/04/01 18:40,7.645564525816042,0.5164014159997079,0.0033375388155499628,6.659551290418449,0.6785081939424892,0.0041036870934095596,9.89260657056775,-5.590608590642565e-6,-0.0,5.139999999999986,0.7964986865602871,0.004337844207638431,3.2614932301410136,6.537749758646961e-6,0.0,0.0,
2022/04/01 18:50,7.622810561891129,0.5172345603144604,0.003337734997742344,6.5869657948451845,0.6816834293428697,0.004102333975965444,9.956445129777194,-5.555225253130552e-6,-0.0,5.0733333333333235,0.7981658360500723,0.004326699882202468,3.2245175333703173,6.470663547874552e-6,0.0,0.0,
2022/04/01 19:00,7.598031511196439,0.5180290519218727,0.0033372070834521185,6.516332851633592,0.6846951664079676,0.004100449416732362,9.983607731877555,-5.521638987251558e-6,-0.0,5.006666666666661,0.7998332461321555,0.004315555953337718,3.1899040443902322,6.407952611925176e-6,0.0,0.0,
2022/04/01 19:10,7.57249027184821,0.5187709544647614,0.0033361555692079693,6.461252969582233,0.68750836846763,0.004101707384514441,9.754348487144854,-5.477290049126122e-6,-0.0,5.029999999999973,0.795455168215265,0.004298807831586816,3.138725294855476,6.304020826011606e-6,0.0,0.0,
2022/04/01 19:20,7.54700564233832,0.5194528820313077,0.0033347222155935175,6.4179495582652635,0.6900342662906033,0.0041045243511815925,9.389987120843559,-5.4247338014290874e-6,-0.0,5.063333333333333,0.7904240051804504,0.004281437912860382,3.0867641641495993,6.197590363344699e-6,0.0,0.0,
2022/04/01 19:30,7.521028743596901,0.5200811852912092,0.0033328242947740566,6.38043453677102,0.6922684828968834,0.0041071925289009195,8.97372804305462,-5.371223760607883e-6,-0.0,5.096666666666692,0.785412404915668,0.004264068957590064,3.0363208949995624,6.094081222981641e-6,0.0,0.0,
2022/04/01 19:40,7.494293481798934,0.5206603400081911,0.0033304316806377905,6.347110264066771,0.6942205898075988,0.004109331433991278,8.526054420007654,-5.316896861541369e-6,-0.0,5.1299999999999955,0.7804202964283969,0.004246700965695707,2.9874937132578907,5.9936639736398686e-6,0.0,0.0,
2022/04/01 19:50,7.466674598050815,0.5211949681791107,0.00332754741575705,6.317131422445868,0.6959032782011367,0.004110789701163724,8.06217577194218,-5.261643324693788e-6,-0.0,5.163333333333355,0.775447608985369,0.004229333937097162,2.940272698363515,5.896311083617771e-6,0.0,0.0,
2022/04/01 20:00,7.438152246516324,0.521689758625898,0.0033241990407932875,6.289958723357472,0.697329986436696,0.0041115047736711334,7.594065249940628,-5.205312152792729e-6,-0.0,5.196666666666658,0.7704942721116622,0.004211967871714288,2.8945680537960925,5.801848744193763e-6,0.0,0.0,
2022/04/01 20:10,7.409603790252675,0.5221549134475041,0.0033206541226688106,6.274318317579343,0.6985343264824442,0.004114179282415543,7.033533944995157,-5.164027331511351e-6,-0.0,5.274999999999977,0.7638730621700405,0.004198514072748334,2.8622601725846835,5.7291697261562376e-6,0.0,0.0,
2022/04/01 20:20,7.381731710817689,0.522594181220506,0.003317097998161254,6.26746955657444,0.6995198220956313,0.004118061753508258,6.419656074194791,-5.126558567565673e-6,-0.0,5.3583333333333485,0.7571185001189781,0.004185495425460294,2.8314076407145876,5.65895113036694e-6,0.0,0.0,
2022/04/01 20:30,7.354286403641424,0.5230074024146395,0.003313473319987189,6.265359983032965,0.7002794435172827,0.004121958964238349,5.787849814774973,-5.088536756272022e-6,-0.0,5.441666666666663,0.7504194309921806,0.004172477319475529,2.80078039282148,5.589257568755715e-6,0.0,0.0,
2022/04/01 20:40,7.327164482689113,0.5233960202160668,0.0033097664114924703,6.266867205323933,0.7008159479873649,0.004125569945991691,5.150180391285062,-5.049526136010757e-6,-0.0,5.524999999999977,0.743775392263536,0.004159459754760281,2.770423021491524,5.520167475084132e-6,0.0,0.0,
2022/04/01 20:50,7.300342282785266,0.5237619442651887,0.0033059846908542224,6.271386355492268,0.7011348151221236,0.004128755885497857,4.51548140406544,-5.009210223725837e-6,-0.0,5.6083333333333485,0.7371859254115072,0.004146442731280793,2.7403113396655954,5.451632406253066e-6,0.0,0.0,
2022/04/01 21:00,7.273854469172591,0.5241073158303993,0.0033021502158311704,6.278527559612712,0.7012425916229882,0.004131444359846246,3.890592771339812,-4.967348975147884e-6,-0.0,5.691666666666663,0.7306505758828512,0.004133426249003312,2.7103734279676246,5.383516023525927e-6,0.0,0.0,
2022/04/01 21:10,7.247326228222732,0.5245198728372564,0.00329873308440145,6.286589826447653,0.7013901616155583,0.004134635097121398,3.573036251224835,-5.042619825581001e-6,-0.0,5.699999999999989,0.7345,0.004157766899602712,2.8008776068788848,5.556465590746017e-6,0.0,0.0,
2022/04/01 21:20,7.221084305005718,0.5250357275979205,0.0032960330648342116,6.294688243695418,0.7018620524225283,0.004139764026374374,3.3659631637124225,-5.171011797315326e-6,-0.0,5.699999999999989,0.7394999999999999,0.00418626077307383,2.902585217146452,5.7520116454350725e-6,0.0,0.0,
2022/04/01 21:30,7.195362811697407,0.525628575147866,0.0032939339207253677,6.302781799686443,0.7026319040175852,0.0041466660910671515,3.1778420601438033,-5.30656685439357e-6,-0.0,5.699999999999989,0.7445,0.004214757239941743,3.0023421302471434,5.943829790647683e-6,0.0,0.0,
2022/04/01 21:40,7.170257650466965,0.5262878217743183,0.003292388071048256,6.310729946132767,0.7036751178887846,0.004155157576682687,3.007428542522917,-5.446135228116676e-6,-0.0,5.699999999999989,0.7494999999999999,0.00424325630056053,3.100303485153745,6.132225832008569e-6,0.0,0.0,
2022/04/01 21:50,7.145853760681405,0.5270057861867115,0.003291364298835275,6.3184363449991,0.7049689565796369,0.004165077932431543,2.8537357288325893,-5.588074019484619e-6,-0.0,5.699999999999989,0.7545,0.004271757955284333,3.1965710658680564,6.317401790774521e-6,0.0,0.0,
2022/04/01 22:00,7.122224860260644,0.5277765321580057,0.0032908402268332004,6.325840994996952,0.7064923950003092,0.0041762866674014566,2.7156004475131117,-5.731342330403579e-6,-0.0,5.699999999999989,0.7595,0.0043002622044673545,3.291217834521376,6.4995032630523355e-6,0.0,0.0,
2022/04/01 22:10,7.096679192506315,0.5286007120730666,0.0032902077862788912,6.303365291223201,0.7082286491156594,0.004180087368958342,2.9825103924417817,-5.855893064906353e-6,-0.0,5.535000000000025,0.7728946833098778,0.004326461563365551,3.3787028495569302,6.683771865202301e-6,0.0,0.0,
2022/04/01 22:20,7.067411671067191,0.5294858234100536,0.0032891026556237,6.2587043135192175,0.710263505143003,0.0041791882161704005,3.492454398025302,-5.979717971780087e-6,-0.0,5.351666666666688,0.787466447196918,0.0043524067066605535,3.466900200145801,6.871165542959622e-6,0.0,0.0,
2022/04/01 22:30,7.035714315340783,0.530434043128826,0.0032878293705566933,6.204193166955292,0.7126294003816045,0.004177343012028283,4.116247753918287,-6.103999394705823e-6,-0.0,5.168333333333351,0.802299978089626,0.004378353999564069,3.5556528265665293,7.0596946935724135e-6,0.0,0.0,
2022/04/01 22:40,7.002397270438053,0.5314456640602646,0.0032865711362605166,6.1428985676157595,0.7153267629445605,0.0041754232671284645,4.81898633431456,-6.22924106781174e-6,-0.0,4.985000000000014,0.8174000910907856,0.004404303442343257,3.6443633896521987,7.248265148674842e-6,0.0,0.0,
2022/04/01 22:50,6.968003855816505,0.5325190855846522,0.0032854386833682503,6.076352032882085,0.7183461947653905,0.00417379444968984,5.572715999551861,-6.35610498266564e-6,-0.0,4.8016666666666765,0.8327716937830832,0.004430255035265322,3.732670853319405,7.436219413664776e-6,0.0,0.0,
2022/04/01 23:00,6.932859251685159,0.5336512279830226,0.0032844840794379257,6.005490746229896,0.7216737306502626,0.0041726215950483175,6.3536776049198815,-6.485234745180563e-6,-0.0,4.618333333333339,0.8484197880941773,0.0044562087785975125,3.8204054522980186,7.623253427868302e-6,0.0,0.0,
2022/04/01 23:10,6.8955793562331,0.5346751858185866,0.0032823609309111735,5.907982244917719,0.7248626467227245,0.0041628074817848856,6.9202227522191615,-6.371240949489738e-6,-0.0,4.435000000000002,0.8502807753072035,0.004408693038122332,3.6724030197315187,7.350262813423865e-6,0.0,0.0,
2022/04/01 23:20,6.854135398554206,0.5355304638529294,0.0032782432445500856,5.792008029882936,0.7275023825406071,0.004144418233393594,7.503168934343307,-6.153501303437949e-6,-0.0,4.251666666666665,0.850481113240531,0.0043530232919703786,3.5043176576639326,7.03725631927442e-6,0.0,0.0,
2022/04/01 23:30,6.809338904355627,0.5362720605479027,0.0032726635073448405,5.668250666905578,0.729690574695884,0.00412121593327787,8.162281999106542,-5.9222752647270805e-6,-0.0,4.068333333333328,0.8505605863459006,0.004297363439823003,3.3410315680953317,6.732851991885668e-6,0.0,0.0,
2022/04/01 23:40,6.761812658473559,0.5369216403322931,0.0032659043796530486,5.539549491611638,0.7314890941399136,0.004094460525178818,8.866228213283307,-5.684168581714761e-6,-0.0,3.884999999999991,0.8505156429291243,0.004241713479042795,3.1816231290379164,6.435316770571523e-6,0.0,0.0,
2022/04/01 23:50,6.711942954198491,0.5374931366627984,0.0032581465220391493,5.4073312761440775,0.7329440712041239,0.0040648985423670705,9.590402704594682,-5.442965383555117e-6,-0.0,3.701666666666654,0.8503426459971855,0.004186073406993283,3.025503288575692,6.143542924766382e-6,0.0,0.0,
2022/04/02 00:00,6.659930847276428,0.5379955210017395,0.003249497710140273,5.272443293697052,0.7340916811350492,0.004033041350011907,10.314942017694193,-5.201239058471023e-6,-0.0,3.5183333333333167,0.8500378712862406,0.00413044322103893,2.872320635921369,5.8568685235471655e-6,0.0,0.0,
2022/04/02 00:10,6.606622787827632,0.5384359065230787,0.003240198574414032,5.1438858326440595,0.7349681612233799,0.004001675028360482,10.922076544346739,-4.9703418713725476e-6,-0.0,3.3799999999999955,0.8472928528574828,0.0040767272798411195,2.727499752722906,5.58176716173401e-6,0.0,0.0,
2022/04/02 00:20,6.552538454712874,0.5388158563318434,0.003230381051590862,5.019854370779967,0.7355794361689787,0.003970332052969633,11.442370960264727,-4.743877159643476e-6,-0.0,3.2466666666666697,0.8441667575129835,0.004023232114583481,2.585088908760099,5.310519067377058e-6,0.0,0.0,
2022/04/02 00:30,6.497242271007508,0.5391353623300886,0.003219953394053576,4.8970652482346395,0.7359315923873855,0.00393814735925859,11.90467409117389,-4.52055213644906e-6,-0.0,3.113333333333344,0.8409140327951876,0.003969746090340295,2.4446972117614223,5.042799474596659e-6,0.0,0.0,
2022/04/02 00:40,6.4404087665845395,0.5393949856094183,0.0032088530078454793,4.774828123384111,0.7360359136441121,0.0039050192773060137,12.316633936820267,-4.30045286788447e-6,-0.0,2.980000000000018,0.8375323062254927,0.003916269204768797,2.3065287415281546,4.778982869322921e-6,0.0,0.0,
2022/04/02 00:50,6.381784422871306,0.5395957248407024,0.003197036931272735,4.652849114340768,0.735903754686962,0.0038709572589028197,12.6859348390434,-4.083488830119191e-6,-0.0,2.8466666666666924,0.8340191657231015,0.003862801455527024,2.170723566919605,4.519325624582059e-6,0.0,0.0,
2022/04/02 01:00,6.321185768409634,0.5397390325078192,0.0031844813208523086,4.53097270937775,0.7355456683114012,0.0038360037189481533,13.0203056320363,-3.8694803229907214e-6,-0.0,2.71333333333331,0.8303721589537201,0.003809342840273815,2.037359421919973,4.263968960447255e-6,0.0,0.0,
2022/04/02 01:10,6.256947448651886,0.5396291644829593,0.0031696728559176394,4.384798133393929,0.73448222800786,0.003791164234688518,13.024980315037737,-3.37114135223598e-6,-0.0,2.5950000000000273,0.8071118339502523,0.0036708084526217034,1.6339513602147235,3.4760544488542916e-6,0.0,0.0,
2022/04/02 01:20,6.186740017814827,0.5392009049533072,0.0031517485115373244,4.222153292908047,0.7322272481592581,0.003736327379887626,13.007556955378163,-2.7500365825966054e-6,-0.0,2.478333333333353,0.7812293132996658,0.003522887119217875,1.2100965024960715,2.6464141765035776e-6,0.0,0.0,
2022/04/02 01:30,6.111420364577384,0.5385269129982846,0.00313136660801865,4.053999177250091,0.7288563988145476,0.0036751038046765896,13.06697155406937,-2.112437947796278e-6,-0.0,2.361666666666679,0.7548651813155717,0.003375035712519127,0.7944825060508265,1.831662831169732e-6,0.0,0.0,
2022/04/02 01:40,6.031754814006376,0.5376390582929368,0.003108919877991868,3.8831385324928647,0.7244058765942215,0.003608650706970251,13.178684458674752,-1.4656683578259493e-6,-0.0,2.2450000000000045,0.7280124787958839,0.003227254182952605,0.38582870548884785,1.0293881215238012e-6,0.0,0.0,
2022/04/02 01:50,5.948301837429085,0.5365597478819648,0.0030846962738294878,3.71095688558961,0.7188915325052518,0.0035376155276890314,13.32179320432772,-8.139034459778793e-7,-0.0,2.1283333333333303,0.7006641501468169,0.0030795424809922987,-0.016803928661147438,2.378234154930041e-7,0.0,0.0,
2022/04/02 02:00,5.861442983954646,0.535304995911216,0.0030589050455917537,3.538286386367872,0.7123143832619735,0.0034624068615113843,13.478004339982022,-1.600228343287111e-7,-0.0,2.011666666666656,0.6728130420347234,0.002931900557158993,-0.4140978170237304,-5.44314276229322e-7,0.0,0.0,
2022/04/02 02:10,5.772040367846046,0.5341287437470685,0.003033211521144694,3.381734424216745,0.7053034515592924,0.0033902435262822958,14.168486741073139,1.6019179576487084e-7,-0.0,1.8050000000000068,0.671707685528172,0.0028839169699859794,-0.48677451081675827,-6.819092695424677e-7,0.0,0.0,
2022/04/02 02:20,5.682122337119665,0.5331244054488866,0.0030085734904518285,3.2355319983159347,0.6985793039926508,0.0033230312684632457,14.952604226725727,3.300947003509453e-7,-0.0,1.5883333333333098,0.6735238307511598,0.002847006412124719,-0.5267890549678214,-7.547171707914354e-7,0.0,0.0,
2022/04/02 02:30,5.591271309911974,0.5322157117939653,0.0029844570679287263,3.092124604490323,0.6921098898506853,0.003258668675678722,15.653249193248373,4.7558377986038814e-7,-0.0,1.3716666666666697,0.6752510061483623,0.0028101002144614922,-0.5684900848380039,-8.311202979565185e-7,0.0,0.0,
2022/04/02 02:40,5.498964764530285,0.531373737691125,0.0029605852185830782,2.9495630882778983,0.6858785892955892,0.0031965484366054723,16.286213863684797,6.045644849184446e-7,-0.0,1.1549999999999727,0.6768855814144791,0.0027731983762237468,-0.6109743310457816,-9.094003236438676e-7,0.0,0.0,
2022/04/02 02:50,5.404824939762818,0.5305786521867716,0.0029367684321582785,2.8068963587372764,0.679873031627428,0.003136344333269047,16.86704721414742,7.213875860439818e-7,-0.0,0.9383333333333326,0.6784238164507812,0.0027363008966391155,-0.6536238983908333,-9.88380906863117e-7,0.0,0.0,
2022/04/02 03:00,5.308607997192951,0.5298165589093988,0.0029128823392231104,2.663573377619457,0.6740826307138144,0.0030778450222470606,17.410501764367726,8.290746587775483e-7,-0.0,0.7216666666666924,0.6798618582386715,0.00269940777493541,-0.6960332831738469,-1.067287657690062e-6,0.0,0.0,
2022/04/02 03:10,5.211152637691441,0.5291005506267779,0.002889172864048473,2.530652999515098,0.6685695450148684,0.0030236896767558657,17.853087124380522,8.909508239024067e-7,-0.0,0.5500000000000114,0.6816086949394707,0.0026728629881540584,-0.7052778095792291,-1.0836961861314144e-6,0.0,0.0,
2022/04/02 03:20,5.113218166990748,0.52842870930425,0.002865781119101229,2.4049099773750413,0.6633733354275297,0.0029732113888398374,18.214200296344533,9.325504745541348e-7,-0.0,0.38333333333332575,0.6833531595431245,0.0026474697115084593,-0.71180379867792,-1.0951301242802937e-6,0.0,0.0,
2022/04/02 03:30,5.01435757348321,0.5277862067943848,0.002842533893986703,2.281308607308688,0.6584629000478811,0.0029250965407585173,18.52462420111806,9.678774273042983e-7,-0.0,0.21666666666664014,0.6850509121233538,0.002622078499278735,-0.7187942633067905,-1.1076155818355242e-6,0.0,0.0,
2022/04/02 03:40,4.914304530113668,0.5271651187637137,0.0028193356385184487,2.1584993247321336,0.6538183245671119,0.002878916928220839,18.80082792076678,9.986832135655229e-7,-0.0,0.05000000000001137,0.686700390351686,0.0025966893512131472,-0.7259376631434407,-1.1205626274534082e-6,0.0,0.0,
2022/04/02 03:50,4.812910102993783,0.5265600576262285,0.0027961301013841072,2.0357949282683308,0.6494231813827447,0.002834415964981021,19.05518575524127,1.0261891485102641e-6,-0.0,-0.11666666666667425,0.6882999947741753,0.0025713022670599993,-0.7330505917445862,-1.1336221634619892e-6,0.0,0.0,
2022/04/02 04:00,4.710114381861331,0.5259674155148455,0.0027728894592161744,1.9127841001728143,0.6452628378718478,0.002791411812149385,19.29748663976341,1.0513191163194668e-6,-0.0,-0.28333333333335986,0.6898480879879371,0.0025459172465676356,-0.7400423319097627,-1.1466193404011171e-6,0.0,0.0,
2022/04/02 04:10,4.607792567280967,0.5254236443671906,0.0027501713192671297,1.8110640916091825,0.6414545007867017,0.0027546533161183885,19.373221549477652,1.0087069988800056e-6,-0.0,-0.36000000000001364,0.691496217792272,0.002537755357632827,-0.6925817118690247,-1.0568636321548599e-6,0.0,0.0,
2022/04/02 04:20,4.50751141656275,0.5249345527916564,0.0027282978601128557,1.7247920664175922,0.6380659615056382,0.002723090338214547,19.319097840555628,9.402894546908117e-7,-0.0,-0.4266666666666765,0.6931602821012297,0.0025315071426526294,-0.6416356423023899,-9.604861687758485e-7,0.0,0.0,
2022/04/02 04:30,4.40846097838795,0.524481941797569,0.0027070048187741993,1.644505628836157,0.6350388997899653,0.0026945030143390733,19.190040779342894,8.680628365112188e-7,-0.0,-0.4933333333333394,0.6948260053301856,0.0025252590526922553,-0.5925816159458464,-8.676468767864e-7,0.0,0.0,
2022/04/02 04:40,4.310124465532056,0.524057625929406,0.0026861423559928457,1.567730585371919,0.6323377815945633,0.0026682017561845918,19.011404912748166,7.938001378384219e-7,-0.0,-0.5600000000000023,0.6964933608528336,0.002519011087747952,-0.5449310822839379,-7.774292671209808e-7,0.0,0.0,
2022/04/02 04:50,4.212172761875877,0.5236564559445679,0.002665615516291735,1.4932221686589742,0.62993471183804,0.002643788542523072,18.802964197040524,7.187119625219857e-7,-0.0,-0.6266666666666652,0.6981623216700547,0.0025127632478159673,-0.49837443923456703,-6.892525647169971e-7,0.0,0.0,
2022/04/02 05:00,4.11442659723491,0.5232754401284238,0.0026453708088577583,1.420236395674749,0.6278060792685649,0.0026209909657437143,18.581198552805063,6.437298735221754e-7,-0.0,-0.693333333333328,0.6998328604061493,0.00250651553289255,-0.45273728014603876,-6.027895911160168e-7,0.0,0.0,
2022/04/02 05:10,4.0161185782523035,0.5229213327031544,0.0026252962799501026,1.34083457161438,0.6259495722784575,0.00259828439670747,18.475461206064097,5.648104972001054e-7,-0.0,-0.8050000000000068,0.7044107529390875,0.002502386369884365,-0.400747454494649,-5.009577987630263e-7,0.0,0.0,
2022/04/02 05:20,3.9168251632600573,0.5225982455050637,0.002605333011682629,1.2564114167415141,0.6243926123242518,0.002576050369434848,18.440218880231214,4.830865967952987e-7,-0.0,-0.9216666666666811,0.7093481020908387,0.0024984926400212905,-0.34835276470084864,-3.9799908073905095e-7,0.0,0.0,
2022/04/02 05:30,3.8169212370834202,0.5223049098899881,0.0025855428459208075,1.1698251311372019,0.6231282553288136,0.002554786155596302,18.442506593551116,4.0210566982760795e-7,-0.0,-1.0383333333333553,0.7143242038883836,0.0024945989587121936,-0.2965223168839657,-2.9610903465384926e-7,0.0,0.0,
2022/04/02 05:40,3.7166824579387594,0.5220412891645018,0.002565973967894834,1.0816935301107264,0.6221432870803222,0.0025345362534111445,18.47673570392772,3.2212207204026427e-7,-0.0,-1.1549999999999727,0.7193393906413121,0.002490705325956168,-0.2454132188697713,-1.9557912159367125e-7,0.0,0.0,
2022/04/02 05:50,3.616330216446272,0.52180711780664,0.002546662295649453,0.9922911572257931,0.6214232315065398,0.0025152750486338985,18.537180978703987,2.431687886484668e-7,-0.0,-1.271666666666647,0.7243939977149443,0.002486811741752304,-0.1951425813554124,-9.662661035310328e-8,0.0,0.0,
2022/04/02 06:00,3.516031539272433,0.5216018048925113,0.0025276314030300293,0.9017732232773028,0.6209534031215309,0.002496954261616591,18.6178739963367,1.651954097486602e-7,-0.0,-1.3883333333333212,0.7294883635599289,0.0024829182060996935,-0.14578726680815635,6.061689478645694e-10,0.0,0.0,
2022/04/02 06:10,3.4198664459429438,0.5214379903205788,0.0025096645446871773,0.854323025450924,0.620795927296647,0.0024877558730541194,18.19895375417559,4.013717362106494e-8,-0.0,-1.2799999999999727,0.7254143008414257,0.0024887992777243794,-0.06803115076877475,1.4151376329221482e-7,0.0,0.0,
2022/04/02 06:20,3.3307298910400505,0.5213070067926354,0.0024932134414716273,0.8392568560103086,0.6208773640841607,0.0024853698833924866,17.473129148729072,-9.498273154874114e-8,-0.0,-1.146666666666647,0.7203549084608634,0.002495766561545861,0.008324441618924538,2.7875777130335045e-7,0.0,0.0,
2022/04/02 06:30,3.2468540298276594,0.5211943771800728,0.002477872324898652,0.8380249402958384,0.6211040576946948,0.0024860591130338996,16.603162984819164,-2.2951772431424103e-7,-0.0,-1.0133333333333212,0.7153329657096504,0.0025027340008339748,0.08106143223290019,4.0923880993356827e-7,0.0,0.0,
2022/04/02 06:40,3.167092846189007,0.5210920555126936,0.002463385015315218,0.8458972612333469,0.6214284806893773,0.0024887816050645642,15.634386006078671,-3.625612065245294e-7,-0.0,-0.8799999999999955,0.710348200014999,0.0025097015955939253,0.15101509420696857,5.345176976759457e-7,0.0,0.0,
2022/04/02 06:50,3.0906493840186613,0.5209954595324752,0.0024495785148234334,0.860517773645995,0.621818480638074,0.0024929882721098167,14.603559151591414,-4.93191295075797e-7,-0.0,-0.7466666666666697,0.7054003404198796,0.002516669345830917,0.2187494867728219,6.55647016570461e-7,0.0,0.0,
2022/04/02 07:00,3.0170193615874723,0.5209027685181808,0.0024363473758961737,0.8804754944882802,0.6222503540193034,0.002498334889898994,13.542874897573256,-6.205638626880313e-7,-0.0,-0.6133333333333439,0.7004891175833433,0.002523637251550152,0.2846084213447284,7.732663228579396e-7,0.0,0.0,
2022/04/02 07:10,2.9465968423699564,0.520701945090422,0.0024232285046424116,0.9087265003704488,0.6223935785858506,0.0025040289581119424,12.12563461106754,-6.135018938050078e-7,-0.0,-0.38999999999998636,0.6807972545260607,0.00249285552252338,0.22701871773301718,6.404985244599272e-7,0.0,0.0,
2022/04/02 07:20,2.8791112743830922,0.5203603484412961,0.0024100230040241056,0.9446447227737735,0.6218676925786756,0.0025084179803587666,10.601453328692969,-5.420437885214679e-7,-0.0,-0.1566666666666947,0.6599759762226568,0.002457883101682934,0.15604772876599782,4.811409409362808e-7,0.0,0.0,
2022/04/02 07:30,2.8143631659298194,0.5199162660606186,0.0023968757285810264,0.9865874749887666,0.6206928082660409,0.002511270142246994,9.098979793802755,-4.5861671764272676e-7,-0.0,0.07666666666665378,0.6396838240965105,0.0024229145976262232,0.08489966742467914,3.2203769523833696e-7,0.0,0.0,
2022/04/02 07:40,2.752407284959247,0.5193849193945291,0.002383865470290808,1.0339659916418213,0.6188885459024419,0.002512537028757259,7.627877876285538,-3.6583484852458847e-7,-0.0,0.3100000000000023,0.6199075940502263,0.002387950009695287,0.013317630516667123,1.6268376937335946e-7,0.0,0.0,
2022/04/02 07:50,2.693345472844385,0.5187781849531214,0.0023710619612027297,1.0864025662529002,0.6164723892922476,0.002512195506027209,6.193395496051153,-2.6499510346993925e-7,-0.0,0.5433333333333508,0.6006344191328354,0.002352989337232311,-0.05892574527388206,2.6342667905351956e-9,0.0,0.0,
2022/04/02 08:00,2.637301501546972,0.5181056689943936,0.0023585268285263865,1.1436257445566866,0.6134596871498523,0.002510229243782012,4.798268931094186,-1.5701618569571685e-7,-0.0,0.7766666666666424,0.5818517606116268,0.0023180325795796276,-0.13203139745519366,-1.585030327224194e-7,0.0,0.0,
2022/04/02 08:10,2.58427311853643,0.517457474538756,0.002346665820570386,1.2063537231264263,0.6100997814203322,0.002507763392609187,3.650630543425564,-1.396012485875582e-7,-0.0,0.964999999999975,0.5721881550099748,0.002310683315999369,-0.1173208661980425,-1.4305461112293937e-7,0.0,0.0,
2022/04/02 08:20,2.534753580048971,0.5168629157103597,0.0023356856786491843,1.2734461602353804,0.6066765181712871,0.0025057444662486884,2.602357695447495,-1.5991733148580299e-7,-0.0,1.1483333333333121,0.5636404688090563,0.002306401368351112,-0.0954814205160801,-1.1293079160009976e-7,0.0,0.0,
2022/04/02 08:30,2.4888550559736586,0.5162997128237,0.0023254939741074307,1.3439963560904857,0.6031816804865874,0.0025039667392612757,1.5830892078651004,-1.7986519859754183e-7,-0.0,1.3316666666666492,0.5552295716409068,0.0023021194794394756,-0.07621248142868353,-8.758865051092681e-8,0.0,0.0,
2022/04/02 08:40,2.446595220748236,0.5157621891288798,0.0023160592470826743,1.417625985495249,0.5996097642833259,0.0025023311849306402,0.5936179847844869,-1.9787180162824598e-7,-0.0,1.5149999999999864,0.5469531191918717,0.002297837649263252,-0.05941147413591352,-6.683060658568199e-8,0.0,0.0,
2022/04/02 08:50,2.4079962817831415,0.5152464479077706,0.0023073597211348278,1.494090692774705,0.5959566984020586,0.0025007685599852817,-0.3656676436395401,-2.1330137544494966e-7,-0.0,1.6983333333333235,0.5388088100105894,0.002293555877821231,-0.04500739661443731,-5.0520424908796215e-8,0.0,0.0,
2022/04/02 09:00,2.3730812536475696,0.5147495716915009,0.002299378917541639,1.5732140768035379,0.5922194367247605,0.0024992257354887037,-1.2947854411072512,-2.257797874785775e-7,-0.0,1.8816666666666606,0.530794384675619,0.0022892741651122065,-0.032946520034329296,-3.855536774015721e-8,0.0,0.0,
2022/04/02 09:10,2.339857834063878,0.5142704787172708,0.0022917788670820593,1.6323528558620524,0.5883814367722928,0.002493556923515278,-1.9132507385501187,-2.217094687403254e-7,-0.0,1.9449999999999932,0.5269586823201753,0.0022830254516497503,-0.028540489133547453,-3.511134845522004e-8,0.0,0.0,
2022/04/02 09:20,2.3069505405717337,0.5138132736847977,0.0022843499008838313,1.6768523874542325,0.5845053499758428,0.002485008573853258,-2.3370421330162117,-2.1346711224060754e-7,-0.0,1.9950000000000045,0.5235966677762605,0.0022765583062522333,-0.025404474817378286,-3.34101442843997e-8,0.0,0.0,
2022/04/02 09:30,2.275279178934966,0.5133800575220783,0.002277250059257542,1.7160489164278943,0.5806324983432737,0.002475447057111392,-2.657886041225197,-2.0230182925983095e-7,-0.0,2.045000000000016,0.5202526944357287,0.0022700912948437394,-0.023341133474559683,-3.372615439147914e-8,0.0,0.0,
2022/04/02 09:40,2.2454243134346825,0.512971669321828,0.0022705749171028976,1.7522643976730592,0.5767803101595698,0.002465370376008628,-2.9008638839428618,-1.8840817535213224e-7,-0.0,2.0950000000000273,0.516926666786275,0.0022636244174201042,-0.022662086838863615,-3.664295243635554e-8,0.0,0.0,
2022/04/02 09:50,2.2177764298913303,0.5125876481911232,0.0022643825899608893,1.7866285798725698,0.5729586622926922,0.002455027745121144,-3.0866089873472906,-1.72134284862291e-7,-0.0,2.144999999999982,0.5136184898345189,0.0022571576739771645,-0.023556820502790288,-4.251438130762075e-8,0.0,0.0,
2022/04/02 10:00,2.1925654311763196,0.5122264514664414,0.002258700056951172,1.8198012309914589,0.5691734786627697,0.0024445657322623867,-3.23334412841291,-1.5385105585653206e-7,-0.0,2.194999999999993,0.510328069103082,0.0022506910645107557,-0.02611329982960342,-5.150323151671956e-8,0.0,0.0,
2022/04/02 10:10,2.169433092282702,0.5118585264762623,0.0022533356123203303,1.8463244065780486,0.5653377055744564,0.0024326579546571987,-3.3542518876470244,-9.862140625196171e-8,-0.0,2.230000000000018,0.5054510130506706,0.0022346976678356313,-0.060768971397465066,-1.2272064293320227e-7,0.0,0.0,
2022/04/02 10:20,2.1479137585903914,0.5114753619957472,0.002248174628850985,1.8682059420163455,0.561370946133062,0.0024193220077132673,-3.4399716342818465,-2.738473291034063e-8,-0.0,2.263333333333321,0.5004169667204812,0.0022176466160352963,-0.09953650946545167,-2.0182352579494806e-7,0.0,0.0,
2022/04/02 10:30,2.1281733782957417,0.511084266970752,0.002243274612797127,1.8882543743463884,0.5572941953026325,0.0024051449735075048,-3.4972994730719624,4.6623794928802426e-8,-0.0,2.296666666666681,0.4954042978279678,0.002200596495712905,-0.1391518940579317,-2.824699729772255e-7,0.0,0.0,
2022/04/02 10:40,2.1102833865410844,0.5106862867555939,0.002238650016072786,1.9073039719587541,0.553120371464766,0.0023903297626922124,-3.537492135918115,1.2262559812473558e-7,-0.0,2.329999999999984,0.4904129249529266,0.0021835473067921313,-0.1796622458530237,-3.647499306339192e-7,0.0,0.0,
2022/04/02 10:50,2.0942432151522894,0.5102814539027447,0.002234299281187249,1.925810197860642,0.5488592649365097,0.0023749980868371925,-3.5686348162187187,2.0016989052430055e-7,-0.0,2.363333333333344,0.48544276698317895,0.0021664990491966564,-0.22106248690488428,-4.4865435084637336e-7,0.0,0.0,
2022/04/02 11:00,2.080001732419305,0.5098692225719246,0.0022302103147163158,1.9440617979101376,0.544518796690078,0.002359233603055617,-3.5967417201931084,2.7892551585883535e-7,-0.0,2.396666666666647,0.4804937431133676,0.0021494517228501714,-0.2633131868833516,-5.341091328499469e-7,0.0,0.0,
2022/04/02 11:10,2.0680629520729212,0.509493706261538,0.002226655640526385,1.9701059354541712,0.5402624592579447,0.002345101459795727,-3.6058457388571696,3.01931363688566e-7,-0.0,2.444999999999993,0.47848495504848443,0.002147840793911457,-0.2569756103507643,-5.246579382734399e-7,0.0,0.0,
2022/04/02 11:20,2.058979771536258,0.5091637609587554,0.0022237601294141,2.0016682307103224,0.5362455924031515,0.002332876667342025,-3.640736827990168,3.0196042338205086e-7,-0.0,2.4950000000000045,0.47680783621010164,0.0021479449633669085,-0.24719515935862546,-5.083760372963627e-7,0.0,0.0,
2022/04/02 11:30,2.0523393463964794,0.5088619169067591,0.002221379418738879,2.035323417047209,0.5324408319881019,0.002321860490742305,-3.710845765109525,3.0022434521344405e-7,-0.0,2.545000000000016,0.47513728410895295,0.002148049132857132,-0.2390932137911932,-4.952697503233539e-7,0.0,0.0,
2022/04/02 11:40,2.0477936679814093,0.5085810932238671,0.002219425752085269,2.0702118276245756,0.5288302902942833,0.0023118330558015428,-3.807497539577298,2.9769578611975006e-7,-0.0,2.5950000000000273,0.47347327051751187,0.0021481533023821266,-0.23238364407575318,-4.84794488905565e-7,0.0,0.0,
2022/04/02 11:50,2.0450708100863153,0.5083161589483575,0.0022178324867559375,2.1059181523752954,0.5253991851682058,0.0023026640042214273,-3.9230704813860484,2.9489540230374186e-7,-0.0,2.644999999999982,0.47181576733984165,0.002148257471941893,-0.22684916186335613,-4.765370060676417e-7,0.0,0.0,
2022/04/02 12:00,2.043965992924825,0.5080633737157297,0.002216550054519079,2.1422031604830067,0.5221344649313938,0.0022942604466625683,-4.050623915500751,2.9221274413662355e-7,-0.0,2.694999999999993,0.47016474661096747,0.002148361641536431,-0.22232815005918383,-4.7019001598105564e-7,0.0,0.0,
2022/04/02 12:10,2.0428546611793763,0.5078245732712237,0.0022153280042310464,2.162287709145005,0.5190252168649623,0.0022838319483775263,-3.9699880221650123,2.9513703524253933e-7,-0.0,2.6549999999999727,0.47148504549074993,0.0021482783058580186,-0.2186153739207839,-4.609427086378696e-7,0.0,0.0,
2022/04/02 12:20,2.0406288012492837,0.5076030270495498,0.00221400474936613,2.1700546171261976,0.5161256975799758,0.0022722905973765117,-3.767495665122738,2.973430810341472e-7,-0.0,2.605000000000018,0.4731412499456345,0.0021481741362912978,-0.2146405493540442,-4.507373957302322e-7,0.0,0.0,
2022/04/02 12:30,2.037877577001666,0.5073987679383469,0.0022126741694059493,2.172339567165807,0.5134560134449222,0.0022608643309712318,-3.5094028073939403,2.9978081740469456e-7,-0.0,2.555000000000007,0.47480395921085067,0.002148069966759349,-0.21064184121883045,-4.405113819922101e-7,0.0,0.0,
2022/04/02 12:40,2.0349669661865732,0.5072120065661518,0.0022113953116944776,2.1708494027569714,0.5110168227919775,0.0022498450254375565,-3.211162741885687,3.0248301909609275e-7,-0.0,2.5049999999999955,0.47647320135607035,0.002147965797262171,-0.20681177323285738,-4.3062473231448394e-7,0.0,0.0,
2022/04/02 12:50,2.0321448812204608,0.5070423003605122,0.002210205520245309,2.1664317018223755,0.5088028119655313,0.0022393536670180887,-2.885800496496245,3.0530138299853146e-7,-0.0,2.454999999999984,0.47814900458246534,0.0021478616277997653,-0.20327210545883645,-4.2130435463821393e-7,0.0,0.0,
2022/04/02 13:00,2.0295563169254933,0.506888598322537,0.0022091230970960048,2.159598743187246,0.5068057673590806,0.002229441327186213,-2.5451996201451266,3.080378674572447e-7,-0.0,2.4049999999999727,0.4798313972233274,0.0021477574583721308,-0.20008251164517787,-4.126602743941405e-7,0.0,0.0,
2022/04/02 13:10,2.026953020179519,0.5067756770565289,0.0022082169894039284,2.147892324627435,0.5051087614063109,0.0022200871346529007,-2.0972729073480427,2.820410509001555e-7,-0.0,2.3249999999999886,0.48439969786302073,0.0021559096784450997,-0.17054785661275673,-3.507113281182817e-7,0.0,0.0,
2022/04/02 13:20,2.0242599984102867,0.5067092899258034,0.00220750038228483,2.1319222544237277,0.503814313560147,0.0022118455332176684,-1.6104764274365382,2.4221238507601276e-7,-0.0,2.2416666666666742,0.48932927421097866,0.0021649795255352686,-0.13863914712987935,-2.838972634868905e-7,0.0,0.0,
2022/04/02 13:30,2.0215476249145468,0.5066793226773311,0.002206940095643465,2.1129064028414746,0.5029002379138057,0.002204812391266868,-1.1234279617946188,2.0032345833887174e-7,-0.0,2.15833333333336,0.4943023997244721,0.002174049636224068,-0.10723926071045753,-2.1804804699590013e-7,0.0,0.0,
2022/04/02 13:40,2.018792340773132,0.5066812192501297,0.0022065123993050477,2.0912535448572385,0.5023420143581375,0.00219894185318085,-0.641570466852386,1.5684521645084717e-7,-0.0,2.0749999999999886,0.49931945729057653,0.0021831200105229907,-0.07627082514272843,-1.5301256537491182e-7,0.0,0.0,
2022/04/02 13:50,2.0159406153007353,0.5067111575102643,0.0022061920447460064,2.067228570680413,0.50211516191559,0.002194163978495236,-0.16851688213478155,1.1195850693158551e-7,-0.0,1.9916666666666742,0.5043808332653192,0.0021921906484435277,-0.04565151764086295,-8.863149545876733e-8,0.0,0.0,
2022/04/02 14:00,2.0129200243942478,0.5067658379617256,0.002205953091767277,2.0410335320766535,0.5021959030601525,0.002190401080858473,0.293211000164888,6.577443055936809e-8,-0.0,1.9083333333333599,0.5094869175064259,0.0022012615499971736,-0.015296760213004745,-2.4742039628685304e-8,0.0,0.0,
2022/04/02 14:10,2.010084103782731,0.50683327040507,0.002205799032905848,2.0175514074405214,0.5025327749499076,0.0021881883366845394,0.6609835232359274,2.5911769612172257e-8,-0.0,1.8550000000000182,0.5129589235065066,0.002207846579459742,0.00667602042017279,2.1135308229861305e-8,0.0,0.0,
2022/04/02 14:20,2.007599658948095,0.5069074566798655,0.002205730023083361,1.9958883422290228,0.5030550696644092,0.00218707031971818,0.9736954288058541,-1.0680737520560124e-8,-0.0,1.8050000000000068,0.5162634961429782,0.0022141555059517785,0.027471265828580727,6.455621651644507e-8,0.0,0.0,
2022/04/02 14:30,2.0051897101486134,0.506988471154781,0.0022057025558707955,1.974248477292349,0.5037401546646996,0.0021866626806345732,1.257408163834839,-4.7792517739284836e-8,-0.0,1.7549999999999955,0.5195859285987937,0.002220464559974912,0.048131477476545115,1.077307970161661e-7,0.0,0.0,
2022/04/02 14:40,2.0026585607157017,0.5070750532999919,0.0022056801573563933,1.9522523290233949,0.5045719132113158,0.0021868325005298494,1.5169364080429661,-8.553688934517603e-8,-0.0,1.704999999999984,0.5229263160909562,0.00222677374153301,0.06877557847383287,1.5088311363764445e-7,0.0,0.0,
2022/04/02 14:50,1.9998520419196666,0.5071662502562896,0.002205634267973244,1.9297482242022284,0.50553689878784,0.00218749454641057,1.7564618656956557,-1.239005698043156e-7,-0.0,1.6549999999999727,0.5262847543575702,0.002233083050629939,0.08949668723016657,1.9418857156729685e-7,0.0,0.0,
2022/04/02 15:00,1.9966531973785777,0.507261435958885,0.0022055436431838178,1.906669133814944,0.5066234455673918,0.0021885848313285,1.9798828911029889,-1.6284102416814541e-7,-0.0,1.6050000000000182,0.5296613396608495,0.0022393924872695665,0.11036407151959793,2.3777754141380718e-7,0.0,0.0,
2022/04/02 15:10,1.9922018451371741,0.5073579892951587,0.002205260783940216,1.874142089321822,0.5078044625178885,0.002188588843121228,2.29262294959824,-1.9415290252894888e-7,-0.0,1.509999999999991,0.534393034295727,0.0022440721677744685,0.12654441996346577,2.744370561212994e-7,0.0,0.0,
2022/04/02 15:20,1.985885676915018,0.5074573749728359,0.002204695297025747,1.8343387009983871,0.5090864113824659,0.002187871630952898,2.6576111517908885,-2.2424279634915138e-7,-0.0,1.410000000000025,0.5393178662225075,0.002248570818066696,0.1430560266651355,3.119381663705626e-7,0.0,0.0,
2022/04/02 15:30,1.978015965660063,0.5075619890027778,0.0022039069962065823,1.7909697883554259,0.5104796762826564,0.002187057156048264,3.044049832577116,-2.5480741590719493e-7,-0.0,1.3100000000000023,0.5442891194053333,0.0022530695331989463,0.16029432895743412,3.5081527255146124e-7,0.0,0.0,
2022/04/02 15:40,1.9687931211834666,0.5076732085447024,0.002202933727491893,1.7449959803331012,0.5119844478893528,0.0021862928389023233,3.444028869418503,-2.8595244060303574e-7,-0.0,1.2099999999999795,0.5493072530816819,0.002257568313172623,0.17813593002574635,3.9083592959665247e-7,0.0,0.0,
2022/04/02 15:50,1.9583566233946499,0.5077918553967533,0.0022018012781900853,1.6969104412612523,0.5135980471185982,0.0021856401036293807,3.8509443079499306,-3.17815135887459e-7,-0.0,1.1100000000000136,0.5543727312860071,0.0022620671579891274,0.19649675042001036,4.3184197017405196e-7,0.0,0.0,
2022/04/02 16:00,1.9467931377017749,0.507918286152744,0.002200525056992929,1.6470207953592535,0.5153165668663001,0.0021851259222641192,4.258813494374181,-3.505356005167602e-7,-0.0,1.009999999999991,0.5594860229025987,0.0022665660676498608,0.2153265501444821,4.7373914038463714e-7,0.0,0.0,
2022/04/02 16:10,1.9342081974496068,0.5080950395004488,0.0021993066741379627,1.5973767535464845,0.5172859171414312,0.002185686444804918,4.7497102898211105,-4.340555241271014e-7,-0.0,0.8949999999999818,0.5687010057704749,0.0022849462498383366,0.2792276224724901,6.055056328337359e-7,0.0,0.0,
2022/04/02 16:20,1.9208886654527078,0.508332490569272,0.0021982360334192033,1.5472168915501925,0.5196560732109997,0.002187824350206195,5.2528174640377765,-5.406668120075044e-7,-0.0,0.7783333333333076,0.5784904060801678,0.0023048699997328535,0.34767978058084736,7.464340967607069e-7,0.0,0.0,
2022/04/02 16:30,1.9067629252975848,0.5086158258914529,0.002197236997470929,1.4956979756200326,0.5223877908803344,0.0021912230357100607,5.736261064395762,-6.50793032568106e-7,-0.0,0.6616666666666902,0.5884094084171615,0.0023247950213814996,0.4159026180655019,8.869850259261801e-7,0.0,0.0,
2022/04/02 16:40,1.8917278894589344,0.5089395864969368,0.0021962692004444447,1.442674837909692,0.5254475347229048,0.002195701118891308,6.201452019827798,-7.635431081995637e-7,-0.0,0.5450000000000159,0.5984596733632995,0.002344721314906044,0.4840277480716395,1.0274124845228773e-6,0.0,0.0,
2022/04/02 16:50,1.8756974462694984,0.5092997076876268,0.002195301061670752,1.3881288852299463,0.5288054679896949,0.0022011139826375553,6.650054225789859,-8.784821647728202e-7,-0.0,0.42833333333334167,0.6086428831851856,0.002364648880428272,0.5521581396894817,1.1679150451806464e-6,0.0,0.0,
2022/04/02 17:00,1.8586027692585958,0.5096930695321342,0.002194307865260979,1.3320898369781844,0.5324348362228193,0.002207338816727363,7.0838271167821185,-9.953001225273818e-7,-0.0,0.3116666666666674,0.6189607421276557,0.002384577718069986,0.6203743794092134,1.3086481280483213e-6,0.0,0.0,
2022/04/02 17:10,1.8403305809715675,0.5101090690675709,0.002193225655276802,1.2737105627097094,0.5362836678542342,0.0022140095732054127,7.494398292042775,-1.1038765327766065e-6,-0.0,0.19499999999999318,0.6287084868909183,0.0024017984549944186,0.6800510920475062,1.4325100353854935e-6,0.0,0.0,
2022/04/02 17:20,1.8207546083355055,0.5105439340616013,0.0021920181115496003,1.2133546972072509,0.5403039250330537,0.0022209716800995778,7.893243445036546,-1.2096774176645407e-6,-0.0,0.07833333333331893,0.6385031774092778,0.002418719085257801,0.7391579580230427,1.555271685189304e-6,0.0,0.0,
2022/04/02 17:30,1.7998793463165157,0.5109990733238837,0.0021906919071634215,1.1514988524524483,0.544483841606967,0.00222824157639996,8.284891033723625,-1.3163832840696087e-6,-0.0,-0.03833333333335531,0.6484242338179338,0.0024356406326085074,0.7986547069417611,1.6788350982649315e-6,0.0,0.0,
2022/04/02 17:40,1.7777130600718465,0.511474356633438,0.002189247665073334,1.0883138533893657,0.5488118174750886,0.0022357887342054914,8.669004370262885,-1.4240761080900983e-6,-0.0,-0.15499999999997272,0.6584732590690068,0.0024525630971210994,0.8585393079033565,1.8031970948059262e-6,0.0,0.0,
2022/04/02 17:50,1.7542613486439222,0.5119695991018313,0.0021876853598887104,1.0239136197005791,0.5532770700070786,0.0022435778261609253,9.045262140303407,-1.5327711253374075e-6,-0.0,-0.27166666666664696,0.6686518769610275,0.002469486478870144,0.9188118439360551,1.9283585420798377e-6,0.0,0.0,
2022/04/02 18:00,1.7295272359050955,0.5124846088926748,0.0021860045398924876,0.958387212600428,0.5578696946776738,0.002251573999033793,9.41334982790636,-1.642472720744838e-6,-0.0,-0.3883333333333212,0.6789617324207425,0.002486410777930219,0.9794737881063611,2.0543229344010976e-6,0.0,0.0,
2022/04/02 18:10,1.702942573822952,0.5129066756476575,0.0021836343633638345,0.8824312567869583,0.5622274100881961,0.0022567879934115237,9.601607892298034,-1.6199638473944232e-6,-0.0,-0.4900000000000091,0.6786279680839177,0.002466757934428412,0.9231236956472912,1.9468907684183143e-6,0.0,0.0,
2022/04/02 18:20,1.6735002733157103,0.5132092042047733,0.0021803065907873395,0.7994199273363733,0.5659969433311184,0.0022583589960783993,9.7632457755293,-1.5404760931971587e-6,-0.0,-0.589999999999975,0.6770515691030085,0.0024430426192428296,0.8566501639388662,1.8189566558207689e-6,0.0,0.0,
2022/04/02 18:30,1.6415429226427136,0.5134311915335887,0.0021762456936594413,0.7137811557444707,0.5692583336402233,0.0022573685799008856,9.958137894840888,-1.4558362235259682e-6,-0.0,-0.6899999999999977,0.6754197426741754,0.0024193291052574204,0.7925728558063838,1.6955141369227803e-6,0.0,0.0,
2022/04/02 18:40,1.6073997349433853,0.5135863753138723,0.0021715656596588305,0.6266860050604919,0.5720705328210398,0.0022542796102798315,10.174617119677693,-1.3684524906799313e-6,-0.0,-0.7900000000000205,0.6737316761382607,0.002395617392266988,0.7305201140395639,1.5758493442115826e-6,0.0,0.0,
2022/04/02 18:50,1.5713066306547034,0.5136846550007774,0.0021663491760075355,0.5387041410679103,0.5744812681812989,0.0022494076011021417,10.40316440344043,-1.2795173042429744e-6,-0.0,-0.8899999999999864,0.6719865463309204,0.002371907480066368,0.6702223364879956,1.459444634996064e-6,0.0,0.0,
2022/04/02 19:00,1.53342320412753,0.5137334007248079,0.0021606559694040944,0.4501575541809757,0.5765303014719216,0.002242991795042416,10.635748790368211,-1.1898701712603264e-6,-0.0,-0.9900000000000091,0.670183519449371,0.0023481993684504256,0.6114847837320667,1.3459259210653838e-6,0.0,0.0,
2022/04/02 19:10,1.4950888955195296,0.5137686086856577,0.0021548489936810246,0.3758878545567086,0.5783529209962693,0.0022379984100663985,10.761861743304737,-1.1434432699851333e-6,-0.0,-1.0299999999999727,0.6685266964523953,0.002335493292115671,0.5889902834353506,1.301100256574103e-6,0.0,0.0,
2022/04/02 19:20,1.4573906087333057,0.5137985535618085,0.0021491321742925173,0.31224036536406174,0.5800402596279791,0.002234189222734842,10.797439105125479,-1.1135662685420842e-6,-0.0,-1.0633333333333326,0.6668787095612673,0.002324009955434976,0.5701885682206012,1.2632809762291926e-6,0.0,0.0,
2022/04/02 19:30,1.4197784981265613,0.513813900795088,0.0021433809761260544,0.2530235884231047,0.5815781914175099,0.002230506229992572,10.772279350397868,-1.085668685698663e-6,-0.0,-1.0966666666666924,0.6652191113016375,0.0023125270411701046,0.5515003222110408,1.2256816800498788e-6,0.0,0.0,
2022/04/02 19:40,1.3818687337817437,0.5138124297714725,0.0021375273716345107,0.1966674019620882,0.5829671032929404,0.002226701512431232,10.701250558272477,-1.0591978326675523e-6,-0.0,-1.1299999999999955,0.6635478493559076,0.0023010445492977504,0.5331473489782184,1.1887208654862095e-6,0.0,0.0,
2022/04/02 19:50,1.343394212231317,0.5137932756461167,0.00213152759662553,0.14239164008984062,0.5842111749189826,0.0022226701865063845,10.597132981195614,-1.0337925496783492e-6,-0.0,-1.1633333333333553,0.6618648711886308,0.0022895624797946066,0.51527234148557,1.1526671716927887e-6,0.0,0.0,
2022/04/02 20:00,1.3041900874970906,0.5137565668491042,0.0021253581526467728,0.08972794135587492,0.585316088958028,0.002218363458733979,10.47161365057093,-1.0091329531980962e-6,-0.0,-1.1966666666666583,0.6601701240455626,0.0022780808326373692,0.4979519163025543,1.1176642161543202e-6,0.0,0.0,
2022/04/02 20:10,1.264296781472808,0.513719883207365,0.002119099436725306,0.04013963655626185,0.5863366721808583,0.002214230219861644,10.354331378169377,-1.004638995801482e-6,-0.0,-1.2300000000000182,0.6600080233312506,0.002271935481174604,0.4983215408369688,1.117856330468049e-6,0.0,0.0,
2022/04/02 20:20,1.223872754977208,0.5136881602844743,0.002112796771539835,-0.007156275225554509,0.5873275965255833,0.0022103521338820925,10.232207615719064,-1.0089263802321488e-6,-0.0,-1.2633333333333212,0.6600136417584661,0.002266383119476835,0.500767903482938,1.1221590709711038e-6,0.0,0.0,
2022/04/02 20:30,1.1828810004800516,0.5136569651380105,0.002106426716178144,-0.05313561728576133,0.5882852919658917,0.0022065584102205806,10.102981415029717,-1.0142310196739135e-6,-0.0,-1.296666666666681,0.660015771891604,0.0022608308565451474,0.5034343136562711,1.1268712305764815e-6,0.0,0.0,
2022/04/02 20:40,1.1413194279820118,0.5136257468378831,0.0020999873321478815,-0.09814000111214227,0.589208671194704,0.0022027905210112307,9.97196315934616,-1.0201083549204572e-6,-0.0,-1.329999999999984,0.6600143945973068,0.0022552786923769053,0.5063270917985392,1.132005615032904e-6,0.0,0.0,
2022/04/02 20:50,1.09921765377959,0.5135944892853693,0.0020934836998968242,-0.1423755730530729,0.5900976116428246,0.0021990156049841022,9.842762529580114,-1.0263203655845087e-6,-0.0,-1.363333333333344,0.6600094906562275,0.0022497266269694734,0.5094296731135728,1.137531398948451e-6,0.0,0.0,
2022/04/02 21:00,1.0566253511004788,0.5135634548630227,0.002086925016720256,-0.18598384828680992,0.5909525342620064,0.002195213337835171,9.71782231570444,-1.032700440278279e-6,-0.0,-1.396666666666647,0.660001040762604,0.0022441746603202163,0.5127120698336967,1.1433921910970768e-6,0.0,0.0,
2022/04/02 21:10,1.0151271721484818,0.5135684406819407,0.0020806956695374,-0.21116865562731846,0.5918865087480158,0.002194655313036716,9.464286547918164,-1.088987754021233e-6,-0.0,-1.3550000000000182,0.6600182104576849,0.0022511391505414488,0.5557305437048399,1.2245111749944065e-6,0.0,0.0,
2022/04/02 21:20,0.9760412953547757,0.5136138578800954,0.0020750086259944457,-0.222556484373456,0.5929666601291148,0.002196846735750895,9.112278202861718,-1.1637374503213102e-6,-0.0,-1.3050000000000068,0.6600308217860803,0.0022594945646381703,0.601515941732714,1.3108393962900406e-6,0.0,0.0,
2022/04/02 21:30,0.9387217712313145,0.5136851213867577,0.00206970416246025,-0.2278792308633797,0.5941496395242971,0.002200389406344577,8.703374372034887,-1.2398630894270632e-6,-0.0,-1.2549999999999955,0.6600354725944175,0.0022678502024073045,0.6460546678820265,1.3947805594909734e-6,0.0,0.0,
2022/04/02 21:40,0.9027418331572221,0.5137767143415187,0.0020646936152751826,-0.229178588569539,0.5954117938936497,0.002204871009856313,8.25693483552243,-1.3165109656471004e-6,-0.0,-1.204999999999984,0.6600322278125468,0.0022762060638578325,0.6896358098226756,1.4768837886177516e-6,0.0,0.0,
2022/04/02 21:50,0.8678188762372656,0.5138851436995768,0.0020599188611713196,-0.22749519523028994,0.5967363495903807,0.002210065125067075,7.788505478403636,-1.3931215100501921e-6,-0.0,-1.1549999999999727,0.660021151935117,0.002284562148998737,0.7324488783528977,1.5575088821675166e-6,0.0,0.0,
2022/04/02 22:00,0.8337896159052889,0.5140083799549539,0.0020553459692385784,-0.22346284675080597,0.5981104666208151,0.0022158249205895225,7.3115515259303265,-1.469236055662415e-6,-0.0,-1.1050000000000182,0.6600023090243518,0.0022929184578390003,0.7746045051510464,1.6368657954480568e-6,0.0,0.0,
2022/04/02 22:10,0.8008095593920643,0.5142503794944956,0.002051412863775069,-0.2123708021356947,0.5998045252015323,0.0022239242399186847,7.030407187380093,-1.6615886061422315e-6,-0.0,-1.0849999999999795,0.6705676076151283,0.0023331918211202934,0.9187395859767093,1.9209896111939456e-6,0.0,0.0,
2022/04/02 22:20,0.7695889256542046,0.5146340168433309,0.00204831204911455,-0.196538708891012,0.6021050262206159,0.0022350672239889856,6.799378020964469,-1.9045841528865858e-6,-0.0,-1.068333333333328,0.6822813293431108,0.0023770173544288512,1.0717428262137219,2.223047099697554e-6,0.0,0.0,
2022/04/02 22:30,0.7399946990999524,0.51512332127365,0.00204587564838317,-0.17872526741541606,0.6049508107825321,0.002248592107159416,6.55538403283515,-2.1514780305699543e-6,-0.0,-1.0516666666666765,0.6939655682323131,0.002420849040901225,1.2225998088717915,2.520907681174229e-6,0.0,0.0,
2022/04/02 22:40,0.7118793114942719,0.5157063723323322,0.0020440310119822255,-0.15978383104521754,0.6082894265298588,0.002264175840241124,6.308098531815745,-2.4001046052626926e-6,-0.0,-1.035000000000025,0.705620384942397,0.002464686881833375,1.3715474120106137,2.815031190308319e-6,0.0,0.0,
2022/04/02 22:50,0.6851628908540874,0.516374477706866,0.002042729106696943,-0.14017267194418537,0.6120731624120763,0.0022815753235416914,6.064469229401652,-2.6494402962906065e-6,-0.0,-1.0183333333333167,0.7172458400121952,0.002508530878521625,1.5187455125299039,3.105728734496375e-6,0.0,0.0,
2022/04/02 23:00,0.6598130958561796,0.5171209614829217,0.0020419364925173943,-0.12016922430655086,0.6162581485329701,0.002300589585871716,5.829497590020765,-2.898780055278087e-6,-0.0,-1.0016666666666652,0.7288419938599308,0.002552381032262662,1.664303145727672,3.3932133616433144e-6,0.0,0.0,
2022/04/02 23:10,0.6350180066934286,0.5177496617802381,0.002040755456229412,-0.11367562081898086,0.6203234343093011,0.002316920273384948,5.313146492686656,-2.933672809028304e-6,-0.0,-0.9549999999999841,0.7223788076789517,0.0025383504091478957,1.622407100003329,3.3057560936150514e-6,0.0,0.0,
2022/04/02 23:20,0.6092269522495144,0.5182162340170342,0.002038784094492951,-0.11616316495673118,0.6237522497996614,0.0023293519882166564,4.770359710295225,-2.8742275071425005e-6,-0.0,-0.9049999999999727,0.713961379194845,0.002517889485999034,1.5621219312424728,3.1814648301951755e-6,0.0,0.0,
2022/04/02 23:30,0.5829659060426593,0.5185834355617498,0.002036351263038789,-0.12129208089282884,0.6266195626582259,0.002339224147441505,4.305977189836767,-2.804737083505902e-6,-0.0,-0.8550000000000182,0.7055968785768203,0.002497429903474525,1.5033457544441262,3.0601893351188767e-6,0.0,0.0,
2022/04/02 23:40,0.5567617252013974,0.5188704579742605,0.0020336126032101105,-0.12740958266920188,0.6289782964617334,0.002347014468928609,3.9017407118893748,-2.7287252554647683e-6,-0.0,-0.8050000000000068,0.697285000999222,0.002476971661442614,1.4455711009698007,2.9409513943620794e-6,0.0,0.0,
2022/04/02 23:50,0.5309924158414674,0.5190907720063006,0.0020306784589963207,-0.1337115486918492,0.6308708833502833,0.002353020612354694,3.5420367279812126,-2.6478327443331775e-6,-0.0,-0.7549999999999955,0.6890254433901425,0.002456514759771564,1.3884381940868025,2.8230575081461112e-6,0.0,0.0,
2022/04/03 00:00,0.5059101774509145,0.5192541402011853,0.002027625423745495,-0.13973808597120296,0.6323326021072337,0.0023574558005553374,3.2131841728852355,-2.563238293317459e-6,-0.0,-0.7049999999999841,0.6808179044210859,0.0024360591983296543,1.3316973009473259,2.706025628119287e-6,0.0,0.0,
2022/04/03 00:10,0.4807298357080185,0.5193423797364409,0.002024267829273493,-0.15621084431006693,0.6333251778188846,0.0023583323551256115,2.980234406502973,-2.441982212546483e-6,-0.0,-0.6999999999999886,0.6725000000000001,0.0024070640866439997,1.2481062401657255,2.5382336359295948e-6,0.0,0.0,
2022/04/03 00:20,0.45473926980150736,0.5193579351875772,0.002020512414964051,-0.18014493671915943,0.6338319546715511,0.0023561052365005195,2.8218842308780268,-2.3056907758773736e-6,-0.0,-0.6999999999999886,0.6641666666666667,0.0023771227822860035,1.1627272111275033,2.367130710727003e-6,0.0,0.0,
2022/04/03 00:30,0.4283996917041577,0.5193152158646838,0.002016485045604728,-0.20668871942524447,0.6339001802453805,0.0023517960538652163,2.7098103439715264,-2.166644967945167e-6,-0.0,-0.6999999999999886,0.6558333333333334,0.0023471843492559362,1.0782442528063712,2.19778992933277e-6,0.0,0.0,
2022/04/03 00:40,0.40200659092977276,0.5192212333428016,0.0020122577445839183,-0.2345330580276368,0.6335624233392225,0.002345761895966373,2.62862317306201,-2.0257075151394083e-6,-0.0,-0.6999999999999886,0.6475000000000001,0.0023172487871407836,0.994422531779037,2.0297608862803165e-6,0.0,0.0,
2022/04/03 00:50,0.3757452068367684,0.5190810120981679,0.00200787821553343,-0.2630083720500238,0.6328446509026945,0.00233822428265904,2.566641077379473,-1.8834538392780644e-6,-0.0,-0.6999999999999886,0.6391666666666667,0.002287316095527609,0.9111065091260571,1.8627447101595926e-6,0.0,0.0,
2022/04/03 01:00,0.3497151074317344,0.5188981505766196,0.0020033757952631634,-0.29171044281747527,0.6317684099029961,0.0023293415729200564,2.514399513817125,-1.7403368505607326e-6,-0.0,-0.6999999999999886,0.6308333333333334,0.002257386274003558,0.8282005309065426,1.6965568996516466e-6,0.0,0.0,
2022/04/03 01:10,0.32395462821671117,0.5187503309119722,0.001999057090925794,-0.3185266508177733,0.6305300813729411,0.0023202061058510445,2.6217221461001827,-1.6774825921363348e-6,-0.0,-0.7300000000000182,0.6300075934104844,0.0022494660954803258,0.8164579333276833,1.6734915209196286e-6,0.0,0.0,
2022/04/03 01:20,0.29884650812340396,0.5186555663970533,0.0019950461145388457,-0.34421585119372367,0.6293454207846036,0.0023114849630097626,2.768375533724452,-1.6504582983130727e-6,-0.0,-0.7633333333333212,0.6300129106906387,0.0022439913486979393,0.8116853136123154,1.6644981858224762e-6,0.0,0.0,
2022/04/03 01:30,0.2743012944820862,0.5185897924636811,0.001991235564762907,-0.36967671979772376,0.6282090467722452,0.0023030037463630513,2.8970042478744062,-1.6268316158269107e-6,-0.0,-0.7966666666666811,0.6300149265645854,0.0022385166979431545,0.8062595165315543,1.654233535672049e-6,0.0,0.0,
2022/04/03 01:40,0.25016507662218146,0.5185459097808663,0.001987574863907337,-0.3951173671630386,0.627117670037172,0.0022947139850311754,3.0095738005604744,-1.6053364476745492e-6,-0.0,-0.8299999999999841,0.6300136229938557,0.002233042143213444,0.8003454505089849,1.6430166013385758e-6,0.0,0.0,
2022/04/03 01:50,0.22630861548424264,0.5185187924240452,0.0019840249371940364,-0.42062593457512776,0.6260686523157459,0.0022865902454375546,3.108513709571526,-1.5854420047738438e-6,-0.0,-0.8633333333333439,0.6300089818591593,0.0022275676845062826,0.7940705187545518,1.6310934258827834e-6,0.0,0.0,
2022/04/03 02:00,0.2026277088488655,0.5185045770478283,0.0019805554272606814,-0.44624593166321347,0.6250596948800486,0.0022786160500152556,3.1963801317493794,-1.5667801990168933e-6,-0.0,-0.896666666666647,0.6300009849600922,0.002222093321819143,0.7875337013631452,1.6186550303073476e-6,0.0,0.0,
2022/04/03 02:10,0.1798229836551286,0.5185785762083821,0.0019775548684602216,-0.4614338304587591,0.6242827656329063,0.0022732453107749554,3.330256115365842,-1.6379004282651273e-6,-0.0,-0.9150000000000205,0.6359646805386804,0.0022401851512319584,0.8563053804014089,1.7553267494162924e-6,0.0,0.0,
2022/04/03 02:20,0.15878479410429236,0.5187528058017442,0.001975194950461334,-0.4692335547788389,0.6239247055777569,0.002270640123818098,3.4363793209575992,-1.7475987404730057e-6,-0.0,-0.931666666666672,0.6426066836990986,0.002260896746140161,0.9315299905563279,1.9048680885748622e-6,0.0,0.0,
2022/04/03 02:30,0.13906233000386692,0.5189973865453293,0.001973294403205088,-0.4743687157334193,0.6239453602961456,0.0022698622496276923,3.4941269059874007,-1.8613111387057724e-6,-0.0,-0.9483333333333235,0.6492640642599927,0.002281609715469322,1.005261304849455,2.0515296093972812e-6,0.0,0.0,
2022/04/03 02:40,0.12028844878318523,0.519301424633545,0.0019717574144722527,-0.47809296510183685,0.6243155218962797,0.0022705947296655545,3.5172106557547522,-1.9774612590130586e-6,-0.0,-0.964999999999975,0.6559368529778993,0.002302324059356257,1.0778117192276113,2.195912672324355e-6,0.0,0.0,
2022/04/03 02:50,0.10220307457473154,0.5196570389635654,0.0019705155040861313,-0.48103474308402383,0.6250098547995505,0.0022726397700193,3.5168029469457456,-2.0952447120036963e-6,-0.0,-0.9816666666666833,0.6626250806698039,0.0023230397779377965,1.149404513583022,2.3384472332237336e-6,0.0,0.0,
2022/04/03 03:00,0.08463439980738485,0.5200584022936033,0.0019695209754058305,-0.48356500184837614,0.6260053955933224,0.0022758514032363984,3.5024626432402783,-2.2140629615435507e-6,-0.0,-0.9983333333333348,0.6693287782132302,0.002343756871350793,1.2201952031389283,2.479433187433838e-6,0.0,0.0,
2022/04/03 03:10,0.0669466162718777,0.5203835851018905,0.001968219287536034,-0.49463808157833,0.6269995334724233,0.002277631833965786,3.3120845250141433,-2.205007569681332e-6,-0.0,-1.0,0.6655,0.0023300140703098014,1.1796309847468365,2.3979264657396183e-6,0.0,0.0,
2022/04/03 03:20,0.048110942469065776,0.5206064373893096,0.0019663651276775637,-0.5115684571287602,0.6276828764024641,0.002277298691040346,3.099863719750147,-2.140103266425169e-6,-0.0,-1.0,0.6605000000000001,0.0023124432476921263,1.1283868451118906,2.2950021145398385e-6,0.0,0.0,
2022/04/03 03:30,0.028432828199527194,0.5207654487449882,0.0019641498207346596,-0.5304138107257472,0.6280881310607128,0.002275631980496561,2.930570199403064,-2.070108413619142e-6,-0.0,-1.0,0.6555,0.0022948734140549962,1.078323449212121,2.19438156015134e-6,0.0,0.0,
2022/04/03 03:40,0.008232969501818843,0.5208720166431258,0.0019616636581805133,-0.5501616717813249,0.6282371821863263,0.0022728844499394236,2.7947949313721665,-1.9969921884400473e-6,-0.0,-1.0,0.6505,0.0022773045693149164,1.02914640165136,2.09549648593427e-6,0.0,0.0,
2022/04/03 03:50,-0.012248504096646684,0.5209342393374901,0.001958972595285804,-0.570320331660298,0.6281475347072922,0.002269205819338595,2.6840888187251726,-1.921623321169311e-6,-0.0,-1.0,0.6455000000000001,0.0022597367133884005,0.9806406551635973,1.9979319972972627e-6,0.0,0.0,
2022/04/03 04:00,-0.03284265214909965,0.5209580710489745,0.001956124042579598,-0.5906065319558707,0.6278339131077174,0.002264700538648744,2.59069338758593,-1.844629194155559e-6,-0.0,-1.0,0.6405000000000001,0.0022421698461919715,0.9326516275634731,1.9013896609293073e-6,0.0,0.0,
2022/04/03 04:10,-0.05368769822837294,0.5209869786467131,0.0019532625057414304,-0.6126813009261696,0.627398029417093,0.0022594649968579713,2.6228974228627067,-1.806060214597722e-6,-0.0,-1.0299999999999727,0.6400077536164671,0.0022355044880819418,0.9202492778165379,1.8772724665196129e-6,0.0,0.0,
2022/04/03 04:20,-0.0746941016302003,0.5210329848625795,0.0019504459141229606,-0.6362423964939126,0.626958929492292,0.002253982692739263,2.7029150130937296,-1.7849674361815252e-6,-0.0,-1.0633333333333326,0.6400131831359925,0.0022300504388825413,0.9116498539674467,1.8608910646869929e-6,0.0,0.0,
2022/04/03 04:30,-0.09574697593376413,0.5210858042838872,0.0019476518107961456,-0.6605551663322444,0.6265200310071576,0.002248388710861186,2.788349143107212,-1.7650691784829943e-6,-0.0,-1.0966666666666924,0.6400152416134363,0.002224596484988174,0.9029774178416119,1.8443570852473147e-6,0.0,0.0,
2022/04/03 04:40,-0.11681911368782494,0.5211434885104379,0.0019448766648688782,-0.6854107987923612,0.6260830444376058,0.0022427243632481045,2.8758969619781283,-1.7458585792232077e-6,-0.0,-1.1299999999999955,0.6400139105871292,0.0022191426263963423,0.8942434818955007,1.8276945956269766e-6,0.0,0.0,
2022/04/03 04:50,-0.13790313247665154,0.5212046226024871,0.0019421161560604085,-0.7106940767786227,0.6256490696349872,0.0022370130601231148,2.963405211173722,-1.7271916217058655e-6,-0.0,-1.1633333333333553,0.6400091715125471,0.0022136888631045484,0.8854621323857828,1.8109318583907745e-6,0.0,0.0,
2022/04/03 05:00,-0.15900502959800633,0.5212680655847463,0.0019393651206792769,-0.7363300311468493,0.6252188506485096,0.0022312701461738777,3.049341572616982,-1.7089841017893357e-6,-0.0,-1.1966666666666583,0.640001005761908,0.002208235195110293,0.8766502055077581,1.794101984854701e-6,0.0,0.0,
2022/04/03 05:10,-0.17924967448669804,0.5214291131691593,0.0019371023385805588,-0.750124796212674,0.6250253668328944,0.0022283212184662153,3.2066011373251517,-1.7980464825377156e-6,-0.0,-1.214999999999975,0.6474552992727864,0.0022310337682148653,0.9583626914941306,1.956858993429929e-6,0.0,0.0,
2022/04/03 05:20,-0.19754216356409415,0.521703865894273,0.0019355404186890664,-0.7555280919346501,0.6252960825317905,0.0022284063571350165,3.340145804280042,-1.933136251346266e-6,-0.0,-1.2316666666666833,0.6557574178813558,0.0022569735212809917,1.0480318274178444,2.135506318503326e-6,0.0,0.0,
2022/04/03 05:30,-0.21436883427816156,0.5220571821932201,0.0019344778138728033,-0.7579392143353516,0.6259847987201773,0.0022304750127557747,3.420029905397542,-2.0725300937204484e-6,-0.0,-1.2483333333333348,0.6640789982164576,0.0022829154302756605,1.136079977187137,2.311025649661464e-6,0.0,0.0,
2022/04/03 05:40,-0.23013947426517234,0.522477085625834,0.0019338108705144663,-0.7587754892758767,0.6270577498744949,0.0022341747531958553,3.4607471800200074,-2.214472301434952e-6,-0.0,-1.2649999999999864,0.6724200794352441,0.0023088594954676603,1.222845104038015,2.484068332548228e-6,0.0,0.0,
2022/04/03 05:50,-0.24514887629726445,0.522954940691198,0.0019334649962967113,-0.7587405510533927,0.6284855818186283,0.002239286100143869,3.4743431718698052,-2.3581122749949255e-6,-0.0,-1.2816666666666947,0.6807807007721156,0.0023348057171258267,1.3085704169120618,2.6551031447796834e-6,0.0,0.0,
2022/04/03 06:00,-0.25959523044616617,0.5234843697920349,0.0019333878611006287,-0.7582460097677313,0.6302416710320994,0.0022456470866489076,3.471335798094515,-2.5028171572390796e-6,-0.0,-1.2983333333333462,0.6891609015388611,0.0023607540955190368,1.3934265389057146,2.824459356407494e-6,0.0,0.0,
2022/04/03 06:10,-0.27135572464356983,0.5240158019779814,0.0019336951945765355,-0.7336162597926545,0.6322199886389204,0.002256795511258195,3.0581272150794803,-2.6162443600546366e-6,-0.0,-1.1650000000000205,0.6869995604981887,0.0023765505073127537,1.4439286400381661,2.9169924038086486e-6,0.0,0.0,
2022/04/03 06:20,-0.279148794860987,0.5245300269510522,0.0019344972785327046,-0.6904443775600271,0.6342320503591827,0.002271183551920157,2.4341687923816835,-2.7101463293466537e-6,-0.0,-1.0149999999999864,0.683665335325575,0.0023912194457699778,1.489141484471702,2.998142954415023e-6,0.0,0.0,
2022/04/03 06:30,-0.28397744651351786,0.5250350226717809,0.001935682721008233,-0.6388586806806984,0.6362334329704595,0.0022870095141303637,1.7349660278784997,-2.8015179490419743e-6,-0.0,-0.8650000000000091,0.6803311303738817,0.0024058890734997593,1.533106636782577,3.0768567674651936e-6,0.0,0.0,
2022/04/03 06:40,-0.2864286018366897,0.5255304915863432,0.0019371682308037888,-0.581527481217563,0.6382027960141569,0.00230377319138157,0.9872455591676044,-2.8908732653800324e-6,-0.0,-0.714999999999975,0.676997394021876,0.0024205593905506817,1.576095667877098,3.1536462988015606e-6,0.0,0.0,
2022/04/03 06:50,-0.28689461963205076,0.5260167909719913,0.0019389003757719814,-0.5198168654124515,0.6401264224404555,0.0023212113114200517,0.2119819496709852,-2.978164990400135e-6,-0.0,-0.5649999999999977,0.6736645626750043,0.002435230396971332,1.6182827932948385,3.22883972405177e-6,0.0,0.0,
2022/04/03 07:00,-0.285608073948481,0.5264950280610252,0.0019408510409896795,-0.45456523692888595,0.6419947507792519,0.0023391593397922876,-0.5727910006834236,-3.0632565693208094e-6,-0.0,-0.41500000000002046,0.6703330610244479,0.002449902092810303,1.6597596818332931,3.302608710274399e-6,0.0,0.0,
2022/04/03 07:10,-0.28198524552198023,0.5269177972105391,0.0019429284580669934,-0.3797699635918548,0.6436989895091,0.0023582633723988177,-1.5482021683021687,-3.099510074032177e-6,-0.0,-0.20499999999998408,0.6605948073701985,0.0024515269540866516,1.6582841247759461,3.2876363235377992e-6,0.0,0.0,
2022/04/03 07:20,-0.2758072240144429,0.5272753177438656,0.0019451284047596286,-0.29710395039484183,0.6450990007346769,0.002377742020991152,-2.592041011159836,-3.110865554058874e-6,-0.0,0.011666666666656056,0.6503167112819018,0.00245170212503843,1.651682348534223,3.262230919467684e-6,0.0,0.0,
2022/04/03 07:30,-0.26730845119902824,0.5275849816064594,0.0019474827875364338,-0.20950628757816503,0.6461946959650762,0.0023970916117860624,-3.632342358358756,-3.1175216852930687e-6,-0.0,0.22833333333335304,0.6402164702512827,0.0024518772960884856,1.6445770341470052,3.235951895257796e-6,0.0,0.0,
2022/04/03 07:40,-0.25654642006645645,0.5278530836580609,0.0019500075472493538,-0.11787130784290412,0.6469912377394642,0.0024161719606946093,-4.659694084044759,-3.12027307152006e-6,-0.0,0.4449999999999932,0.6302907167362257,0.00245205246723682,1.636916206506612,3.2086938368394964e-6,0.0,0.0,
2022/04/03 07:50,-0.24352251989552087,0.5280848230046852,0.0019527225781430335,-0.02271125260944018,0.6474949659124392,0.002434909660012859,-5.667870111028037,-3.1194016833116984e-6,-0.0,0.6616666666666902,0.6205361521639303,0.002452227638483432,1.6286350004772885,3.180328393548047e-6,0.0,0.0,
2022/04/03 08:00,-0.22820033390689787,0.5282846782368942,0.00195565057349829,0.0756297089598661,0.6477125234977154,0.0024532592306077483,-6.652412466112878,-3.1150900180250815e-6,-0.0,0.8783333333333303,0.6109495454161286,0.0024524028098283227,1.6196594246735003,3.1507109316954193e-6,0.0,0.0,
2022/04/03 08:10,-0.21306342706805026,0.5286051019068971,0.0019590041567837165,0.151831817706352,0.6479546769839838,0.0024678446020161065,-6.955072858770564,-3.2456454176439193e-6,-0.0,0.8849999999999909,0.6204375983762757,0.0024918437683810876,1.7373222215137503,3.383536899015387e-6,0.0,0.0,
2022/04/03 08:20,-0.19906666974139853,0.5290863472021852,0.001962797703827691,0.21076463963493097,0.6486532005566293,0.002481141445422215,-6.940541541524113,-3.441048573184336e-6,-0.0,0.8683333333333394,0.6320606904815768,0.002535653430773665,1.8677946655682263,3.643001565983658e-6,0.0,0.0,
2022/04/03 08:30,-0.18509182973150473,0.5296853318911199,0.001967032228580163,0.2624179322038458,0.6498163745456468,0.0024949721123114148,-6.827992279402793,-3.6402665615772934e-6,-0.0,0.8516666666666879,0.643710951142246,0.002579469240311926,1.9968493456590295,3.89968836377064e-6,0.0,0.0,
2022/04/03 08:40,-0.17053881842355167,0.5303913789918336,0.00197175560614739,0.3092230696727256,0.6514301773202968,0.0025097264728922253,-6.641444101261413,-3.840920061947139e-6,-0.0,0.8349999999999795,0.6553884344187985,0.002623291198289767,2.1243301693411922,4.153316025805913e-6,0.0,0.0,
2022/04/03 08:50,-0.15498801408904228,0.5311957603779998,0.0019769976492164474,0.352362991003929,0.6534739684344023,0.0025255452733461423,-6.400906709426408,-4.04228380586334e-6,-0.0,0.818333333333328,0.667093194477065,0.002667119306001444,2.250139936643336,4.403712040650449e-6,0.0,0.0,
2022/04/03 09:00,-0.13817891865710408,0.5320905169154458,0.001982768658996444,0.39254211629304336,0.6559240504416116,0.002542470650880057,-6.124864970360023,-4.243986112613436e-6,-0.0,0.8016666666666765,0.6788252855883554,0.0027109535647415776,2.3742450647196165,4.650822954805133e-6,0.0,0.0,
2022/04/03 09:10,-0.11959367061081139,0.5330132066885348,0.001988912828188777,0.43335959581793304,0.658641551947877,0.002560634294887698,-5.99549515507249,-4.390822449185844e-6,-0.0,0.8299999999999841,0.684563519357284,0.0027395905657559136,2.447582886643204,4.79475401828452e-6,0.0,0.0,
2022/04/03 09:20,-0.09921386542873734,0.5339446528843227,0.00199536367031056,0.47474724212599995,0.6614653137251045,0.0025794045187352184,-5.919788581511512,-4.512069003645846e-6,-0.0,0.8633333333333439,0.6896076523746761,0.0027665408153667416,2.5144211535130125,4.925555490930585e-6,0.0,0.0,
2022/04/03 09:30,-0.07722542518189357,0.5348964858513305,0.0020021402968657754,0.5158012698980201,0.6643846031417533,0.002598574930335547,-5.849029218352939,-4.630767776981409e-6,-0.0,0.896666666666647,0.6946240620518577,0.0027934933902577295,2.5802047826216494,5.054305380639964e-6,0.0,0.0,
2022/04/03 09:40,-0.05375799181581442,0.5358683581913669,0.002009225077255698,0.5564407237555997,0.6673910425204912,0.002618099537038884,-5.786313088020165,-4.747795621540498e-6,-0.0,0.9300000000000068,0.6996128643136986,0.0028204482907298297,2.644991259474409,5.181112801520203e-6,0.0,0.0,
2022/04/03 09:50,-0.028951704304915893,0.536859233647579,0.0020165961062610076,0.5966829447033319,0.670476992377936,0.002637953203499948,-5.7330930921773415,-4.863462967478381e-6,-0.0,0.9633333333333098,0.7045741746230151,0.0028474055170840465,2.7088520069648894,5.306113953016544e-6,0.0,0.0,
2022/04/03 10:00,-0.0029444524608948086,0.537867892629936,0.002024230914646833,0.6365677140346975,0.6736352983287014,0.0026581167362745716,-5.6893989585267954,-4.977959087905915e-6,-0.0,0.9966666666666697,0.7095081079823886,0.002874365069621437,2.771860286959054,5.42944870020299e-6,0.0,0.0,
2022/04/03 10:10,0.02344872117714658,0.5387902685533772,0.0020316174603929983,0.6661943050012837,0.6766454809769141,0.002675792334918202,-5.770938897511542,-4.978073823795308e-6,-0.0,1.0299999999999727,0.7069714101774149,0.0028709589806085196,2.7366709283089676,5.358761146825916e-6,0.0,0.0,
2022/04/03 10:20,0.049107816406205984,0.5396066436641159,0.0020385133970774174,0.688640409905986,0.6792943550775541,0.0026906909476122312,-5.859465859001603,-4.928277174791782e-6,-0.0,1.0633333333333326,0.7036182034960068,0.00286417892903263,2.692080402776128,5.269492649179199e-6,0.0,0.0,
2022/04/03 10:30,0.07431464098300467,0.5403529260385787,0.002045093777236571,0.708447894365122,0.6816245244089815,0.002703843213494455,-5.910354852840101,-4.873332706183012e-6,-0.0,1.0966666666666924,0.7002774721688382,0.00285739902458664,2.6485192282218577,5.182262421655526e-6,0.0,0.0,
2022/04/03 10:40,0.09932316815314834,0.5410406339975968,0.002051438307341183,0.7268334116730557,0.6836656369606473,0.002715594142882777,-5.9352152199340935,-4.815141957788345e-6,-0.0,1.1299999999999955,0.696949171129809,0.0028506192672657603,2.6057275218815903,5.09656680541994e-6,0.0,0.0,
2022/04/03 10:50,0.12429950825509195,0.541678012733741,0.002057601845091685,0.7444108070091033,0.6854416223909354,0.0027261524761623005,-5.943498398152087,-4.754614061097583e-6,-0.0,1.1633333333333553,0.6936332554788271,0.0028438396570652008,2.563526420345397,5.012058813911165e-6,0.0,0.0,
2022/04/03 11:00,0.14933775879819677,0.5422711652087181,0.002063620764460125,0.7615458206983021,0.6869726298129283,0.0027356654543107214,-5.943297480575325,-4.692419548876909e-6,-0.0,1.1966666666666583,0.6903296804811981,0.002837060193980175,2.521797326351816,4.9285076246227675e-6,0.0,0.0,
2022/04/03 11:10,0.17415548828051897,0.542814659240752,0.0020694309222193358,0.7747097749700629,0.6882539929105415,0.0027434078603285877,-5.917400479633557,-4.616139158485041e-6,-0.0,1.214999999999975,0.6869836285071816,0.002826988909479694,2.4700159235674164,4.826117403990398e-6,0.0,0.0,
2022/04/03 11:20,0.19847494666583998,0.5433109660018032,0.0020749985793387733,0.7850345151634883,0.6892871337685752,0.0027496016376485502,-5.87274912500618,-4.534086052551104e-6,-0.0,1.2316666666666833,0.6836388992817027,0.002816552189288565,2.417833691357373,4.723042852442532e-6,0.0,0.0,
2022/04/03 11:30,0.22241986202527642,0.5437669938235372,0.0020803674770870063,0.7942576833290218,0.6900937046871815,0.002754674594000971,-5.8189414012827,-4.4511323442183855e-6,-0.0,1.2483333333333348,0.6803013090639902,0.002806115817748538,2.366300650356152,4.621250790142319e-6,0.0,0.0,
2022/04/03 11:40,0.24605626207051046,0.5441865596083864,0.0020855611116649413,0.8028803416281107,0.6906901302888925,0.002758789798791817,-5.761536082554812,-4.3676746514106875e-6,-0.0,1.2649999999999864,0.6769708441611273,0.0027956797948421415,2.315340191202722,4.5205922020343665e-6,0.0,0.0,
2022/04/03 11:50,0.26941368128245813,0.5445726166975179,0.002090594318935642,0.8111703702624595,0.6910902693756441,0.0027620543980091438,-5.704411591728445,-4.283978853123615e-6,-0.0,1.2816666666666947,0.6736474909063022,0.0027852441205519067,2.2649039415450716,4.420972306457881e-6,0.0,0.0,
2022/04/03 12:00,0.29249585620198104,0.5449275031762869,0.002095475763844764,0.8192947496537499,0.6913061746343355,0.0027645486022113927,-5.650432973113766,-4.200251655418357e-6,-0.0,1.2983333333333462,0.6703312356587552,0.0027748087948603665,2.214963649294077,4.322334957294017e-6,0.0,0.0,
2022/04/03 12:10,0.31573965239823565,0.545282383742905,0.0021003917399718464,0.8330288318710473,0.691409443809917,0.00276771697494295,-5.602999828067254,-4.151147433580529e-6,-0.0,1.329999999999984,0.6684894139258192,0.0027734834153998406,2.194613725003819,4.281145393037111e-6,0.0,0.0,
2022/04/03 12:20,0.33958677593932407,0.5456435740342975,0.0021054344737691175,0.8509072666361135,0.6914627120136815,0.0027715195644276605,-5.582771571814078,-4.116576516371884e-6,-0.0,1.363333333333344,0.6668153850012806,0.0027731702311829826,2.177150767708781,4.245579129204269e-6,0.0,0.0,
2022/04/03 12:30,0.36378528865947146,0.5460013871292274,0.002110528508769894,0.8705000733268662,0.6914597271397741,0.002775444793177133,-5.591286681660108,-4.08354156779111e-6,-0.0,1.396666666666647,0.6651459742607247,0.002772857047280108,2.159520543991448,4.209705580610784e-6,0.0,0.0,
2022/04/03 12:40,0.3881366960952164,0.5463531269954098,0.00211563316586614,0.8911972561992343,0.6913992370362348,0.0027793651300435655,-5.621818117360817,-4.051535359945683e-6,-0.0,1.4300000000000068,0.6634811678402789,0.0027725438636912163,2.1418556879816606,4.173777704779604e-6,0.0,0.0,
2022/04/03 12:50,0.4124968180844917,0.5466971688861281,0.0021207199584273506,0.9127014330667862,0.6912814560308226,0.0027832212850763724,-5.668551636811685,-4.020301600265279e-6,-0.0,1.4633333333333098,0.6618209519209008,0.002772230680416309,2.124249080268328,4.137972276015146e-6,0.0,0.0,
2022/04/03 13:00,0.43676877984819384,0.5470326219425913,0.002125770323706208,0.9348378226720229,0.6911072894985116,0.0027869811640534813,-5.7262226186065845,-3.989639727968678e-6,-0.0,1.4966666666666697,0.6601653127282722,0.0027719174974553825,2.1067612446411204,4.1024042443409626e-6,0.0,0.0,
2022/04/03 13:10,0.4606955963066639,0.547403798400329,0.0021309173376148735,0.956341503244289,0.690965944232926,0.0027907504754580946,-5.669704800827162,-4.005891343197764e-6,-0.0,1.5,0.6629999999999999,0.0027845420666153015,2.1311417948440976,4.151349786501609e-6,0.0,0.0,
2022/04/03 13:20,0.48434079840149025,0.54782094956849,0.0021362113594553603,0.9771352983010502,0.6909633076486109,0.0027949440198768356,-5.57557508911259,-4.043785095431688e-6,-0.0,1.5,0.6663333333333333,0.002798604765139913,2.1597320432508695,4.2088026689752155e-6,0.0,0.0,
2022/04/03 13:30,0.5077561336051417,0.5482692999769848,0.0021416031726739296,0.9975132309304513,0.6910933463234413,0.002799598808260248,-5.482862767838129,-4.084001718123088e-6,-0.0,1.5,0.6696666666666666,0.002812668096727373,2.188005507213802,4.265622544375357e-6,0.0,0.0,
2022/04/03 13:40,0.5309440388859343,0.5487443012658142,0.002147075697277661,1.0175029752578553,0.6913496732931034,0.00280469645971413,-5.390440658368335,-4.125661677887031e-6,-0.0,1.5,0.6729999999999999,0.0028267320614204306,2.2160178761466796,4.32191984402483e-6,0.0,0.0,
2022/04/03 13:50,0.5539141595886576,0.5492426237181091,0.0021526176460617166,1.0371053536163686,0.6917260429489972,0.0028102135193739403,-5.297635314076957,-4.168379807354684e-6,-0.0,1.5,0.6763333333333333,0.0028407966592618396,2.2438059520914067,4.377767944382158e-6,0.0,0.0,
2022/04/03 14:00,0.5766788825142726,0.5497616665467451,0.0021582209520176706,1.0563170281942007,0.6922164222899324,0.0028161263377753524,-5.204251455637633,-4.211898387417823e-6,-0.0,1.5,0.6796666666666666,0.002854861890294356,2.271396037648856,4.43321956065574e-6,0.0,0.0,
2022/04/03 14:10,0.5987579994277326,0.5503011529041868,0.0021638093419327465,1.0697403841738264,0.6928153113510019,0.0028213121498701695,-5.038575104177313,-4.254330114302358e-6,-0.0,1.4700000000000273,0.6844532826487632,0.0028688486421947304,2.2987788759055547,4.490249016858892e-6,0.0,0.0,
2022/04/03 14:20,0.6198275183944588,0.5508613886092655,0.002169332680351798,1.0786727325036054,0.6935335776288252,0.002826075780467204,-4.830985500116753,-4.297775049842916e-6,-0.0,1.4366666666666674,0.6894206133318875,0.002882827229612871,2.326347194129312,4.547844862387079e-6,0.0,0.0,
2022/04/03 14:30,0.6401172686505561,0.5514413981878751,0.0021748226160511423,1.0853975555589273,0.6943739109176318,0.0028308922715573497,-4.604948689490699,-4.341823087818103e-6,-0.0,1.4033333333333076,0.6944082692922795,0.002896806442459142,2.3540264610442136,4.6056479534808015e-6,0.0,0.0,
2022/04/03 14:40,0.6597735537488347,0.5520404054798289,0.002180298694323491,1.0905044382286064,0.6953342879073388,0.0028358727693195483,-4.366488239689943,-4.386406471055057e-6,-0.0,1.3700000000000045,0.6994163272132382,0.0029107862807755164,2.38175294940811,4.663539401206048e-6,0.0,0.0,
2022/04/03 14:50,0.6788972438567953,0.5526574902978045,0.0021857728799512415,1.094292821032468,0.6964113059116787,0.0028410637102132754,-4.120526006567502,-4.431527766849755e-6,-0.0,1.3366666666666447,0.7044448640679104,0.0029247667446039736,2.4094876482154177,4.721446982250842e-6,0.0,0.0,
2022/04/03 15:00,0.6975508348911603,0.5532916014548495,0.0021912506427041616,1.096947457284898,0.697600932700585,0.002846485550189907,-3.8713986412068384,-4.477209988597143e-6,-0.0,1.3033333333333417,0.7094939571204792,0.0029387478339864977,2.437212723432822,4.779338455051106e-6,0.0,0.0,
2022/04/03 15:10,0.7152997530340031,0.5539107542567218,0.002196535278274144,1.092712839528133,0.6988347168410842,0.002850669740808242,-3.6232084248524643,-4.486504367654898e-6,-0.0,1.2549999999999955,0.7129640307305659,0.0029428976032473296,2.4335124946694577,4.776213826965374e-6,0.0,0.0,
2022/04/03 15:20,0.7316670790774538,0.554508459029129,0.00220152364475754,1.083297982071258,0.7000529786820131,0.002853718080576159,-3.3564216926777135,-4.4810474935850755e-6,-0.0,1.204999999999984,0.7162721869566206,0.0029459549937948,2.4272165524578213,4.768025789325571e-6,0.0,0.0,
2022/04/03 15:30,0.7468792976212058,0.5550952852012213,0.002206292395832297,1.0713580947393666,0.7012682153302464,0.0028562267095307643,-3.0709011669904385,-4.474827327685637e-6,-0.0,1.1549999999999727,0.719595984804187,0.0029490124142575883,2.4216367632757283,4.761206325334294e-6,0.0,0.0,
2022/04/03 15:40,0.7610992164852632,0.5556744264980084,0.0022108790937544554,1.0576236332122448,0.7024869660955787,0.002858371916757629,-2.7745502728879505,-4.468473502297846e-6,-0.0,1.1050000000000182,0.7229355017541768,0.0029520698646361334,2.416650655482499,4.755521096424712e-6,0.0,0.0,
2022/04/03 15:50,0.7744318031607236,0.5562479047348796,0.002215307639854504,1.0424777258511995,0.7037136362521105,0.0028602499851989784,-2.4735249556653116,-4.4623174601007426e-6,-0.0,1.0550000000000068,0.7262908156922677,0.002955127344930874,2.4121802988524905,4.750820977760404e-6,0.0,0.0,
2022/04/03 16:00,0.7869362129284241,0.5568169720509611,0.0022195916845413454,1.0261597767973853,0.7049514139644151,0.0028619227212751323,-2.1729000172882706,-4.456607666055483e-6,-0.0,1.0049999999999955,0.7296620049111885,0.0029581848551422495,2.4081811862615723,4.747020638069181e-6,0.0,0.0,
2022/04/03 16:10,0.7985761805780953,0.5574102315268533,0.0022238391344278187,1.0088562452066299,0.7062563467141207,0.002863656401418936,-1.809444682222079,-4.481355113234579e-6,-0.0,0.9399999999999977,0.7358886490770683,0.0029695398590747044,2.431355348459647,4.797935641202965e-6,0.0,0.0,
2022/04/03 16:20,0.8094540455970218,0.5580346452321236,0.002228093893308247,0.9905165550992479,0.7076909614812706,0.0028656934348300217,-1.4324028280213954,-4.520408852575271e-6,-0.0,0.8733333333333348,0.7424772336933707,0.0029818172631642576,2.457513163107251,4.854864996648302e-6,0.0,0.0,
2022/04/03 16:30,0.8195617821590986,0.5586810042716678,0.0022323173656034444,0.9711439662158909,0.7092496677810547,0.0028680091706765336,-1.0663279312109353,-4.5616808173382915e-6,-0.0,0.806666666666672,0.7491141961256323,0.00299409514963768,2.4837745603990697,4.912001621881989e-6,0.0,0.0,
2022/04/03 16:40,0.8288552399294531,0.5593462931148407,0.0022364898227614735,0.9507787883165406,0.7109270837832643,0.0028705874589970096,-0.7114301683520807,-4.604688773498285e-6,-0.0,0.7400000000000091,0.7557998848449501,0.0030063735185234023,2.510203865321955,4.969470165895291e-6,0.0,0.0,
2022/04/03 16:50,0.837293391406206,0.5600282576577241,0.002240595006780154,0.9294638183875463,0.7127179754146309,0.002873413267922693,-0.3674327296590718,-4.649228673787437e-6,-0.0,0.6733333333333462,0.762534650893343,0.0030186523698498553,2.536854087145457,5.027373039966031e-6,0.0,0.0,
2022/04/03 17:00,0.8448404334567954,0.5607251478411037,0.002244619459491334,0.9072398095835297,0.7146172571104459,0.0028764717653955423,-0.03382017791579983,-4.69515715648943e-6,-0.0,0.6066666666666833,0.7693188479034543,0.0030309317036454763,2.5637691062838712,5.085794861147933e-6,0.0,0.0,
2022/04/03 17:10,0.8508004781407976,0.5614127077092912,0.0022483517517780604,0.8762719926157274,0.7165726056334927,0.0028779147640479543,0.333597888908912,-4.712300653861488e-6,-0.0,0.5099999999999909,0.7758635802632108,0.003035445581328732,2.566317463515361,5.0980916813414425e-6,0.0,0.0,
2022/04/03 17:20,0.8545660643567885,0.5620868764687502,0.0022516752262227283,0.8386266866350525,0.7185479830505237,0.0028780227100657528,0.7342394483754334,-4.718926673676448e-6,-0.0,0.410000000000025,0.782434400998106,0.003039096641590802,2.5673855562538392,5.107602354083854e-6,0.0,0.0,
2022/04/03 17:30,0.8564374811836615,0.5627562097581029,0.0022546716995383714,0.7977394060670235,0.7205562163247478,0.0028775617641197825,1.1557868910779237,-4.72571498444037e-6,-0.0,0.3100000000000023,0.7890644320100961,0.0030427477445074728,2.569519974431614,5.119143735764591e-6,0.0,0.0,
2022/04/03 17:40,0.8566271221082502,0.5634236453639431,0.0022573864647972234,0.7545198903283108,0.7226029195310625,0.0028767428057667396,1.5898465237512482,-4.73311777132498e-6,-0.0,0.20999999999997954,0.7957542432342978,0.003046398890079492,2.5725730401018154,5.1324347309679e-6,0.0,0.0,
2022/04/03 17:50,0.8552833910242157,0.5640910710590356,0.0022598503982084604,0.7094349628594045,0.7246912786086382,0.002875674546943172,2.029636155862704,-4.741396780002863e-6,-0.0,0.11000000000001364,0.8025044104536926,0.0030500500783076094,2.576444081463933,5.147283899269646e-6,0.0,0.0,
2022/04/03 18:00,0.8525013349550363,0.5647596362677392,0.0022620828551292477,0.6627729975418788,0.7268231622289776,0.002874423123295154,2.469260493588195,-4.750760136708818e-6,-0.0,0.009999999999990905,0.8093155153629307,0.003053701309192569,2.581069990427295,5.1635713118106645e-6,0.0,0.0,
2022/04/03 18:10,0.8487784686965938,0.5653840314642576,0.00226398258057271,0.6184404337031992,0.7289195506036847,0.002873489127393623,2.7459972474719057,-4.714913382656245e-6,-0.0,-0.045000000000015916,0.8100216831167393,0.003044130130006857,2.5436691345610143,5.093204008924768e-6,0.0,0.0,
2022/04/03 18:20,0.84420903482021,0.5659523348967561,0.002265516873880987,0.5759313756638562,0.7308805326986377,0.00287237409950802,2.952542576508677,-4.658310724489831e-6,-0.0,-0.09500000000002728,0.8100368996242575,0.0030330901620439755,2.502670787122497,5.015263323943681e-6,0.0,0.0,
2022/04/03 18:30,0.838627404363308,0.5664793684142712,0.002266717996359185,0.5338905377994365,0.7327118715963934,0.0028708230380783697,3.1402084673368336,-4.600719697205121e-6,-0.0,-0.1449999999999818,0.8100426992629199,0.0030220505840655256,2.4627600138853722,4.9393937612767056e-6,0.0,0.0,
2022/04/03 18:40,0.8319613704503581,0.5669698648118401,0.002267593000416223,0.4920366948574042,0.7344210367931971,0.0028688113474180546,3.31122130816425,-4.543044220445873e-6,-0.0,-0.19499999999999318,0.810039005111686,0.0030110113960508437,2.423913820420921,4.86554603078371e-6,0.0,0.0,
2022/04/03 18:50,0.8241568697280286,0.5674274875155499,0.0022681476782653704,0.45025177927556115,0.7360154003948107,0.00286634770148931,3.46777667202332,-4.485644869536103e-6,-0.0,-0.24500000000000455,0.8100257397345818,0.002999972597979267,2.3861133211646575,4.793679971565299e-6,0.0,0.0,
2022/04/03 19:00,0.815179033552397,0.5678553055474685,0.0022683886557600956,0.4084746632513543,0.7375019462823905,0.0028634507767846787,3.612272417706208,-4.428737682585813e-6,-0.0,-0.2950000000000159,0.81000282517741,0.0029889341898301346,2.349336912471472,4.723751114626305e-6,0.0,0.0,
2022/04/03 19:10,0.8049380875845031,0.5682822843127954,0.0022684173559538038,0.366534179113728,0.7389325489926142,0.002860290591886005,3.812258816282679,-4.4003830214372574e-6,-0.0,-0.36000000000001364,0.8129651986407519,0.002985680060205823,2.3386332540569583,4.706559903063978e-6,0.0,0.0,
2022/04/03 19:20,0.793517882401261,0.5687171584753271,0.0022682824695403323,0.3243071698540234,0.7403653869669858,0.002857069231982045,4.024873740033855,-4.385514990614439e-6,-0.0,-0.4266666666666765,0.8162741710247657,0.0029832908439438137,2.331283017221267,4.696072069487883e-6,0.0,0.0,
2022/04/03 19:30,0.7809432385552668,0.5691532013560957,0.002267961076741358,0.2817714169656824,0.7418010808485958,0.0028537846226502454,4.2292028751768385,-4.372749240701703e-6,-0.0,-0.4933333333333394,0.8195982767256123,0.0029809016459488853,2.324540943549664,4.686720042047124e-6,0.0,0.0,
2022/04/03 19:40,0.7672175787059246,0.569589368902925,0.002267449580662144,0.2389062166990925,0.7432402685533083,0.002850435059747498,4.426657248443462,-4.3616117959447174e-6,-0.0,-0.5600000000000023,0.822937591740138,0.002978512466220831,2.318418760707118,4.67852736769975e-6,0.0,0.0,
2022/04/03 19:50,0.7523535474196592,0.5700251649577419,0.0022667481441433286,0.19569862316933495,0.7446835901722267,0.00284702044467837,4.618355098415351,-4.3519017172507895e-6,-0.0,-0.6266666666666652,0.8262921924774623,0.0029761233047594406,2.3129159377513133,4.67149387479347e-6,0.0,0.0,
2022/04/03 20:00,0.7363701139836962,0.5704603851810138,0.0022658591815470585,0.15214102084991055,0.7461316706255728,0.002843541708238837,4.805119639149211,-4.343481508733522e-6,-0.0,-0.693333333333328,0.8296621557613972,0.0029737341615645035,2.3080246026595432,4.665605237816267e-6,0.0,0.0,
2022/04/03 20:10,0.7185808374381395,0.5707914772901436,0.0022642578963592654,0.09790100815536107,0.7474066549084083,0.0028371819137347483,4.869014895564306,-4.2190673220132576e-6,-0.0,-0.7599999999999909,0.82418742459768,0.0029395930248725314,2.201928498179541,4.458321072496325e-6,0.0,0.0,
2022/04/03 20:20,0.6979824994990622,0.5709969028920358,0.0022616962783027638,0.03591798389533096,0.7483308687716349,0.002827892985454696,4.930514035491456,-4.044905324335835e-6,-0.0,-0.8266666666666538,0.8176523481713004,0.0029019282013600044,2.0874745845483176,4.234122126365629e-6,0.0,0.0,
2022/04/03 20:30,0.6749970806451984,0.5711137488822513,0.0022583941875507123,-0.02917190479411147,0.7489365802120774,0.0028167813511815716,5.033343641160286,-3.866831134127554e-6,-0.0,-0.8933333333333167,0.8110358942525943,0.002864267917657247,1.975449782327587,4.014486831596926e-6,0.0,0.0,
2022/04/03 20:40,0.6500017145277184,0.571154952772494,0.002254467792669443,-0.09614551771198876,0.7492453403496108,0.0028042022352292805,5.164716893416994,-3.6868795468415145e-6,-0.0,-0.9599999999999795,0.8043373501249436,0.00282661217294352,1.8654753215230357,3.798687456761581e-6,0.0,0.0,
2022/04/03 20:50,0.6232708091213794,0.5711298003589279,0.002250001740717141,-0.16439030045779646,0.7492740897109659,0.0027903647961758215,5.314100549307455,-3.5060364913172108e-6,-0.0,-1.0266666666666424,0.7975559972100197,0.002788960966398284,1.7572752079352085,3.5861939831877884e-6,0.0,0.0,
2022/04/03 21:00,0.5949934078593628,0.5710451416372488,0.002245056877794716,-0.2335408658251481,0.7490367399717973,0.0027754139230238006,5.472419252969871,-3.325010276320561e-6,-0.0,-1.0933333333333053,0.7906911110195315,0.0027513142972011963,1.6506510503311347,3.37662526968707e-6,0.0,0.0,
2022/04/03 21:10,0.5656924438212059,0.5710028654812715,0.0022401222900831287,-0.29654730968127296,0.7487082569051627,0.0027614386210695107,5.777963387698719,-3.2510201459112478e-6,-0.0,-1.1750000000000114,0.792967491904731,0.0027427236192859882,1.638730377362208,3.3564910780511498e-6,0.0,0.0,
2022/04/03 21:20,0.5362159937618003,0.5710277982892178,0.002235433013089095,-0.3552849296016234,0.7484727528439536,0.0027487283275725123,6.100319340019382,-3.224754045740521e-6,-0.0,-1.2583333333333258,0.7962780928343529,0.002737361195053675,1.6365355824750623,3.355820810105415e-6,0.0,0.0,
2022/04/03 21:30,0.506351492807255,0.5710890972743731,0.0022308321467471837,-0.4127562770121358,0.7483185913355893,0.0027366232850706607,6.384368659803955,-3.204080806588259e-6,-0.0,-1.3416666666666401,0.7996028372647341,0.002731998862876364,1.6340528250225361,3.354548269684612e-6,0.0,0.0,
2022/04/03 21:40,0.47586596619038346,0.5711777455569684,0.002226246154356733,-0.46971055361711933,0.7482395310480897,0.002724944138451364,6.637297729326974,-3.1872541849899293e-6,-0.0,-1.4250000000000114,0.8029417782066117,0.0027266366227516863,1.6315218712250044,3.353135811116754e-6,0.0,0.0,
2022/04/03 21:50,0.4445883484248725,0.5712875123638549,0.0022216229344049947,-0.526503909183532,0.7482310433458785,0.0027135987715893872,6.865751609819314,-3.17347283518356e-6,-0.0,-1.5083333333333258,0.8062949687333386,0.002721274474677272,1.6291125979291792,3.351910953150685e-6,0.0,0.0,
2022/04/03 22:00,0.4124033285560813,0.571413972297615,0.002216926808443553,-0.583338279151917,0.7482894965513313,0.002702530276320481,7.075966292762247,-3.1621560455375424e-6,-0.0,-1.5916666666666401,0.8096624619785672,0.00271591241865075,1.6269413346162764,3.351098318708649e-6,0.0,0.0,
2022/04/03 22:10,0.3790312764249961,0.5715604162116604,0.0022121259479242765,-0.642485284113036,0.7484210389422477,0.0026913093241846247,7.315704135438637,-3.15806673093243e-6,-0.0,-1.6899999999999977,0.8144225872211426,0.0027121540605114436,1.6303404110205975,3.3622975483068377e-6,0.0,0.0,
2022/04/03 22:20,0.3443262553447539,0.5717268010517795,0.0022071972793610275,-0.7035536276138146,0.7486390373211245,0.0026800624069868153,7.567524331252002,-3.158616330275918e-6,-0.0,-1.7900000000000205,0.8193682935077875,0.0027085739243844216,1.6347372976570114,3.3755150491536975e-6,0.0,0.0,
2022/04/03 22:30,0.30837534065625505,0.5719098312667034,0.002202142666406223,-0.765697941986673,0.7489429707731521,0.002668953182544203,7.820243870956461,-3.1610126741795243e-6,-0.0,-1.8899999999999864,0.824347629539129,0.0027049938292916624,1.639544959459954,3.389476709943253e-6,0.0,0.0,
2022/04/03 22:40,0.27124402313518203,0.5721079316894359,0.0021969671857621754,-0.82872511627329,0.7493309474153611,0.0026580105857013816,8.073550725617906,-3.1649680105625967e-6,-0.0,-1.990000000000009,0.8293608452715102,0.0027014137752324604,1.644746843851408,3.4041538410184138e-6,0.0,0.0,
2022/04/03 22:50,0.23299178885429228,0.5723198575423728,0.002191676217664529,-0.8925451514411407,0.7498007465554419,0.002647241836582357,8.326869784021369,-3.1703183291724642e-6,-0.0,-2.089999999999975,0.8344081926556566,0.0026978337622061096,1.6503254085839671,3.4195154543426396e-6,0.0,0.0,
2022/04/03 23:00,0.1936698714494014,0.5725445591074642,0.0021862745616055787,-0.957104899937633,0.7503500291948854,0.0026366464370243163,8.579337141234191,-3.176947540673114e-6,-0.0,-2.1899999999999977,0.839489925653502,0.0026942537902119048,1.6562650049227159,3.4355338602598714e-6,0.0,0.0,
2022/04/03 23:10,0.15206333171647657,0.5726686580871695,0.002180136840723735,-1.038791744956029,0.7507877093630813,0.0026223870862402193,8.774267878768,-3.0571913456561824e-6,-0.0,-2.319999999999993,0.8358867399043852,0.002656843694937497,1.5543015063967687,3.237504752070652e-6,0.0,0.0,
2022/04/03 23:20,0.10675809514270895,0.5726705216821545,0.0021729630401184858,-1.1332919163820634,0.750932098798768,0.0026047126208317505,9.009251986107076,-2.8843361684158436e-6,-0.0,-2.453333333333319,0.8311604847969999,0.0026156798492091814,1.4434770492482585,3.0214854143305762e-6,0.0,0.0,
2022/04/03 23:30,0.05842517580748563,0.5725903057210763,0.002165021101492691,-1.23334564639282,0.7508165538685503,0.002585186367468766,9.307889443782075,-2.7075377122153284e-6,-0.0,-2.5866666666666447,0.8262670262984073,0.0025745214283811363,1.3351747920692105,2.8100705176269807e-6,0.0,0.0,
2022/04/03 23:40,0.007602612732512171,0.572441266801759,0.002156453642230533,-1.3370304006774631,0.750460399068463,0.0025642788631449597,9.650042447656233,-2.528912474331351e-6,-0.0,-2.7200000000000273,0.8212031788486681,0.0025333684313810275,1.2289297277382047,2.6023692067587494e-6,0.0,0.0,
2022/04/03 23:50,-0.045328532042333336,0.5722325271035088,0.0021473616805228143,-1.4433748073367951,0.7498776820044225,0.0025422533816306142,10.019297608393458,-2.3495049367331344e-6,-0.0,-2.853333333333353,0.815965702048493,0.0024922208571368037,1.1244124832019224,2.3977508493402235e-6,0.0,0.0,
2022/04/04 00:00,-0.10011720990331696,0.5719704287281043,0.0021378144324759258,-1.5517925708836628,0.7490792647736535,0.0025192845391046087,10.401505615476482,-2.17008291495384e-6,-0.0,-2.986666666666679,0.8105512997259104,0.002451078704576696,1.021397376024197,2.1957833145224512e-6,0.0,0.0,
2022/04/04 00:10,-0.15782610451941537,0.5717093921362755,0.0021278558834411346,-1.673814320102224,0.7481455553272635,0.0024935404502918206,11.053485286417414,-2.0340193914924887e-6,-0.0,-3.2099999999999795,0.8146072074284376,0.002422570760267019,0.960917119103442,2.084018304008517e-6,0.0,0.0,
2022/04/04 00:20,-0.21898104593964263,0.5714672683768157,0.002117476629619964,-1.8066288566960793,0.7471972278217712,0.0024660147270492996,11.8264036836473,-1.9214998390340644e-6,-0.0,-3.443333333333328,0.8196865387723073,0.0023954685208194167,0.906391866275726,1.984328798282053e-6,0.0,0.0,
2022/04/04 00:30,-0.2830512488609429,0.5712317842104766,0.0021067188791345105,-1.9450534459753612,0.7462509485829184,0.002437756793628419,12.626014522252262,-1.812809954935065e-6,-0.0,-3.6766666666666765,0.8247206695898653,0.002368368633943734,0.8531083714310626,1.886704087015306e-6,0.0,0.0,
2022/04/04 00:40,-0.34976581151903474,0.5710006770408541,0.002095621434537603,-2.08766038954451,0.7453144096292115,0.002409075697058161,13.437242977841493,-1.7072724787989982e-6,-0.0,-3.910000000000025,0.8297060401372025,0.002341271099333667,0.80094011794381,1.7909094896284655e-6,0.0,0.0,
2022/04/04 00:50,-0.4189577201534007,0.5707718740699075,0.0020842074867452494,-2.2336958399529294,0.7443922168376916,0.0023801396815689197,14.248986175427378,-1.604739495167289e-6,-0.0,-4.143333333333317,0.8346389562371994,0.002314175916682965,0.7498114908912612,1.696805915165085e-6,0.0,0.0,
2022/04/04 01:00,-0.4905402140132651,0.5705432619238606,0.002072487694256843,-2.3826845293807537,0.7434872378741527,0.0023510563240356826,15.052262382122878,-1.5051429303598851e-6,-0.0,-4.376666666666665,0.8395155847917122,0.0022870830856854293,0.6996877372644121,1.604331300755769e-6,0.0,0.0,
2022/04/04 01:10,-0.5625850517339472,0.5703290910838413,0.002060809915078047,-2.513264958869968,0.7426404301886678,0.0023256622079324313,15.60968650698328,-1.4387305047152842e-6,-0.0,-4.5049999999999955,0.8401314498494625,0.0022666567380672724,0.6711630517395406,1.5493334316407486e-6,0.0,0.0,
2022/04/04 01:20,-0.6336910951851564,0.5701246861478966,0.002049367621293088,-2.630024412167586,0.7418492980726803,0.002303060240055992,15.999482697819758,-1.383789119918876e-6,-0.0,-4.62166666666667,0.8402245551354567,0.0022469721465287473,0.6442890605192133,1.4970086746648643e-6,0.0,0.0,
2022/04/04 01:30,-0.7047580503328845,0.5699188605928998,0.002037983329044481,-2.741783142842735,0.7410872135611791,0.002281597449606827,16.29241029807247,-1.3317670939531772e-6,-0.0,-4.738333333333344,0.8402608480630643,0.002227288796353738,0.6172300028979407,1.4442479262169777e-6,0.0,0.0,
2022/04/04 01:40,-0.7763985080900966,0.569706003894125,0.002026545692190204,-2.8507470539839233,0.7403420953046007,0.002260839148561104,16.510578023932112,-1.2822182897538754e-6,-0.0,-4.855000000000018,0.8402391985196428,0.002207606687424824,0.5903489223098859,1.3917432464391486e-6,0.0,0.0,
2022/04/04 01:50,-0.8490516203234506,0.5694825602924694,0.0020149785779279947,-2.957982997838883,0.7396062917301814,0.0022405691898234486,16.672692386609356,-1.234714445279954e-6,-0.0,-4.971666666666692,0.8401584580436535,0.0021879258196245976,0.563894049183773,1.3399679801078478e-6,0.0,0.0,
2022/04/04 02:00,-0.9230052871639032,0.5692466301831719,0.002003235575590867,-3.0641109844372068,0.7388744156941452,0.002220659388039086,16.79583157186812,-1.1888479962290953e-6,-0.0,-5.08833333333331,0.8400174595384561,0.002168246192835667,0.5380167049997908,1.2892108321553609e-6,0.0,0.0,
2022/04/04 02:10,-0.9977930284302374,0.5690158163598118,0.0019914502026226054,-3.162286110142645,0.7381756198083607,0.0022023188775384373,16.842748196454522,-1.1668488690479985e-6,-0.0,-5.175000000000011,0.8400680298228177,0.00215412965574383,0.530415950203178,1.2737023981402744e-6,0.0,0.0,
2022/04/04 02:20,-1.0729497447299536,0.5687919045301606,0.0019796977428498353,-3.254476672599367,0.7375289444582531,0.0021852493942479943,16.833398863703337,-1.1544448550538218e-6,-0.0,-5.258333333333326,0.8401160011358694,0.0021406317185389996,0.5247248253997441,1.2618487028914482e-6,0.0,0.0,
2022/04/04 02:30,-1.1487653660909132,0.5685681150754953,0.0019679128417750967,-3.3440050908862986,0.7369215047507974,0.0021688480462334916,16.790477622189428,-1.1434354603715796e-6,-0.0,-5.34166666666664,0.8401345007791802,0.0021271343651334588,0.519141378856375,1.2501661136560758e-6,0.0,0.0,
2022/04/04 02:40,-1.2253980129983688,0.5683427191386067,0.0019560679918244174,-3.4318372228206613,0.7363460208770679,0.002152925617805628,16.7269096762675,-1.1333433495082355e-6,-0.0,-5.425000000000011,0.8401231094898893,0.002113637595489333,0.5137552988253447,1.2388265824784863e-6,0.0,0.0,
2022/04/04 02:50,-1.3029194554081869,0.5681149984139426,0.0019441521525263021,-3.5184948291702085,0.7357972097815422,0.002137375026611862,16.652188289785954,-1.1238613481119036e-6,-0.0,-5.508333333333326,0.8400814031322588,0.0021001414095687524,0.5086025826137757,1.22789945362874e-6,0.0,0.0,
2022/04/04 03:00,-1.381337851290425,0.5678848874099828,0.0019321658577165603,-3.604308853560667,0.7352709411057518,0.0021221257293581016,16.57366432164622,-1.1147443502835092e-6,-0.0,-5.59166666666664,0.8400089526433807,0.002086645807333849,0.5036814895270254,1.2173819535653577e-6,0.0,0.0,
2022/04/04 03:10,-1.4613748013515533,0.5676122831337718,0.0019198728084573807,-3.6986701040190724,0.7346959751572432,0.002105481832651314,16.524775782168604,-1.0612929342488489e-6,-0.0,-5.704999999999984,0.8372674447214818,0.002061886227679103,0.4630343983385501,1.1359208450453846e-6,0.0,0.0,
2022/04/04 03:20,-1.5436917480972738,0.5672925115990407,0.0019071703078721357,-3.799556613222933,0.7340106730307885,0.002087616153458089,16.52218147104236,-9.896672484876653e-7,-0.0,-5.821666666666658,0.8341231841133897,0.0020358771190442768,0.4196482360596292,1.0488416141242517e-6,0.0,0.0,
2022/04/04 03:30,-1.627843300184452,0.5669412752554365,0.001894181565046521,-3.903103075670799,0.7332269803312954,0.0020691945717958306,16.56161244736154,-9.166044968169409e-7,-0.0,-5.938333333333333,0.8308632201092083,0.002009870178289125,0.37720243425610533,9.63458375643405e-7,0.0,0.0,
2022/04/04 03:40,-1.7134734244339143,0.5665640047197257,0.0018809804500830958,-4.008344691202694,0.7323504755821489,0.0020503973287920537,16.633405138018134,-8.426932723055158e-7,-0.0,-6.055000000000007,0.8274855295398141,0.0019838654051426187,0.3354561387589001,8.793096683128475e-7,0.0,0.0,
2022/04/04 03:50,-1.8003078990369659,0.5661644868218638,0.0018676224561529793,-4.114816320644479,0.7313847298381825,0.0020313172657275467,16.729092923758344,-7.682145790875855e-7,-0.0,-6.171666666666681,0.8239880577288273,0.001957862799333772,0.29422841334030636,7.960490248709164e-7,0.0,0.0,
2022/04/04 04:00,-1.8881453019240553,0.5657453218549855,0.0018541479239738282,-4.222247614532591,0.7303322312089255,0.002012011960963609,16.840816103771772,-6.933906409348123e-7,-0.0,-6.288333333333355,0.8203687180099425,0.001931862360591645,0.25338772630630046,7.134246527150642e-7,0.0,0.0,
2022/04/04 04:10,-1.9759152036970136,0.5653354528122566,0.0018408007505327927,-4.319730684741103,0.7292433124638145,0.0019942702480419267,16.88344335743125,-6.503558229685012e-7,-0.0,-6.360000000000014,0.8171206600867401,0.0019136285590932865,0.2374548877419329,6.791719174048723e-7,0.0,0.0,
2022/04/04 04:20,-2.062743120633172,0.5649378947269177,0.0018277078818263572,-4.409612939851513,0.7281520807007449,0.0019777989075851704,16.86780793019011,-6.19398338770857e-7,-0.0,-6.4266666666666765,0.8138720975126753,0.0018962585037393326,0.22350913137051975,6.487788498380962e-7,0.0,0.0,
2022/04/04 04:30,-2.1490057739785584,0.5645423995970416,0.0018147818434214398,-4.4964403619748055,0.7270450187217363,0.0019618600575434892,16.81342936949534,-5.891827197506517e-7,-0.0,-6.493333333333339,0.8105711634034699,0.001878889415539836,0.20902257862326223,6.173258113369579e-7,0.0,0.0,
2022/04/04 04:40,-2.234972860798848,0.5641456947037576,0.0018019740187424564,-4.58137280772678,0.7259157863381729,0.0019462557945700218,16.729844267158,-5.593404692707503e-7,-0.0,-6.560000000000002,0.8072173559217195,0.001861521294414022,0.19415374345908276,5.851165590647296e-7,0.0,0.0,
2022/04/04 04:50,-2.3208388344062882,0.5637456249752314,0.0017892505590915548,-4.664980877154164,0.7247602064001355,0.0019308858219437073,16.625272208983688,-5.296633096936229e-7,-0.0,-6.626666666666665,0.8038101688379363,0.0018441541402811263,0.17901298920969566,5.523624919668894e-7,0.0,0.0,
2022/04/04 05:00,-2.4067310490480622,0.5633408664644814,0.0017765899480225544,-4.747601984118887,0.723575212032761,0.0019156894403394439,16.507425371493696,-4.999678642537221e-7,-0.0,-6.693333333333328,0.8003490914924621,0.0018267879530603935,0.16367046993036638,5.191979274905556e-7,0.0,0.0,
2022/04/04 05:10,-2.4919099045438315,0.5628926397390639,0.0017639672289026277,-4.821407193059713,0.7223078552657702,0.0019016533452573215,16.20095414980597,-4.4002129683845783e-7,-0.0,-6.699999999999989,0.7895000000000001,0.001801028228779296,0.12083729744517768,4.274696101783786e-7,0.0,0.0,
2022/04/04 05:20,-2.576007863632526,0.5623920581731177,0.0017514028834385818,-4.888216954708071,0.720876946651885,0.0018882806304877458,15.806620915411147,-3.6410464755316673e-7,-0.0,-6.699999999999989,0.7778333333333333,0.0017743380001220726,0.07477989060885193,3.289843554098232e-7,0.0,0.0,
2022/04/04 05:30,-2.6593621670667176,0.5618505427338075,0.0017388885711108984,-4.951526029713477,0.7192732800441395,0.001875036177978516,15.388848161534272,-2.862333790223303e-7,-0.0,-6.699999999999989,0.7661666666666667,0.0017476500553271553,0.028566797383746234,2.302675249989556e-7,0.0,0.0,
2022/04/04 05:40,-2.742135897977221,0.5612707707634822,0.0017264116029843122,-5.012298344781925,0.717492846383929,0.0018617696036055816,14.957712531862057,-2.0691507656403094e-7,-0.0,-6.699999999999989,0.7545000000000001,0.0017209643941014142,-0.017760610945060762,1.3139432435910753e-7,0.0,0.0,
2022/04/04 05:50,-2.824423739715428,0.5606550626634212,0.0017139672542695271,-5.071040346813163,0.715533093896396,0.0018484020456776779,14.520800764782962,-1.262605242598611e-7,-0.0,-6.699999999999989,0.7428333333333332,0.0016942810161517687,-0.06418693016712496,3.239103964899082e-8,0.0,0.0,
2022/04/04 06:00,-2.9062662546884326,0.5600056229914437,0.0017015574368106404,-5.128068643203619,0.7133921301185786,0.0018348845589714162,14.084447549786319,-4.4320392071178046e-8,-0.0,-6.699999999999989,0.7311666666666666,0.0016675999211851898,-0.11071839480291601,-6.675704836139506e-8,0.0,0.0,
2022/04/04 06:10,-2.9818074272350827,0.5595020665492046,0.0016904653038377078,-5.115899091824019,0.7113851080079548,0.0018314006602200164,13.155518994109913,-1.5737041741579772e-7,-0.0,-6.4150000000000205,0.7241171178884732,0.001688081832489334,-0.007771302372475475,1.2646402891062472e-7,0.0,0.0,
2022/04/04 06:20,-3.046084681267587,0.5591548497679002,0.001681323455752296,-5.0501937467544735,0.70972925419897,0.0018362712812367244,11.843530819764965,-3.4391676528907026e-7,-0.0,-6.098333333333358,0.7175228189331265,0.0017138059540545004,0.10590910450810043,3.4049566588435937e-7,0.0,0.0,
2022/04/04 06:30,-3.1017671155645417,0.5588946831234448,0.0016735620678887055,-4.9603775965983345,0.7083313376051344,0.0018451872048693484,10.294978693340797,-5.328637108912964e-7,-0.0,-5.781666666666638,0.7108749112349666,0.0017395321976987762,0.2150954433204788,5.455161138279828e-7,0.0,0.0,
2022/04/04 06:40,-3.1507002389578815,0.5587000750223287,0.001666869940930898,-4.854377868430618,0.7071432038549251,0.0018569599439102042,8.585673724854246,-7.21857287756553e-7,-0.0,-5.464999999999975,0.7041804622138913,0.0017652605636847593,0.3208023795123154,7.434778801135761e-7,0.0,0.0,
2022/04/04 06:50,-3.1941612347061437,0.558557085151402,0.0016610354693744112,-4.736278444935351,0.7061302773454109,0.0018709694202931385,6.777021958844216,-9.096479989357367e-7,-0.0,-5.148333333333312,0.697446171267859,0.0017909910522750918,0.42371985315821803,9.357085069240184e-7,0.0,0.0,
2022/04/04 07:00,-3.232951376168103,0.5584571938803918,0.0016559260523569255,-4.608595883857163,0.705265107036588,0.0018868289438282154,4.922968754829641,-1.095170143947536e-6,-0.0,-4.831666666666649,0.6906783863578688,0.001816723663732458,0.5242802098960055,1.1230399688240667e-6,0.0,0.0,
2022/04/04 07:10,-3.265970658038384,0.5584401145917575,0.001651789453354112,-4.455478244099481,0.7046045187489491,0.0019070193086538716,2.9341991777164367,-1.3263191041270485e-6,-0.0,-4.439999999999998,0.6843345030153637,0.0018541631858849357,0.6598390489821213,1.3774477269152846e-6,0.0,0.0,
2022/04/04 07:20,-3.2920836272331826,0.558504756375949,0.0016487559249396837,-4.282257139069372,0.7041787754915491,0.0019309700538836735,0.8720080600323855,-1.5721369065067574e-6,-0.0,-4.0400000000000205,0.6778795888273824,0.0018929079175016813,0.7960569613683219,1.6324344679279183e-6,0.0,0.0,
2022/04/04 07:30,-3.3119380482530687,0.5586321659575579,0.0016466840052291193,-4.097479083188375,0.7039419789529061,0.0019574162222160494,-1.2047946601899184,-1.8145278985994617e-6,-0.0,-3.6399999999999864,0.6712730778473254,0.0019316574619338321,0.9291552431520813,1.8807108865555633e-6,0.0,0.0,
2022/04/04 07:40,-3.325860708081109,0.558816253890342,0.0016455120871324816,-3.9038991278491153,0.7038619854091753,0.0019859418337542793,-3.2652059508336606,-2.0526379650839533e-6,-0.0,-3.240000000000009,0.6645312656033993,0.001970411820078206,1.0593347670201183,2.1226679732175365e-6,0.0,0.0,
2022/04/04 07:50,-3.333980872807274,0.5590530667339284,0.0016452107464066002,-3.7031249229379455,0.7039116426515588,0.0020162993418804944,-5.287975484877165,-2.285975035938369e-6,-0.0,-2.839999999999975,0.6576694581515654,0.0020091709928318426,1.186691473568544,2.358494803497976e-6,0.0,0.0,
2022/04/04 08:00,-3.3362921540903017,0.5593399653403988,0.0016457724520796576,-3.496245744028215,0.7040668429049832,0.0020483167025204083,-7.257883962805067,-2.5141572691854175e-6,-0.0,-2.4399999999999977,0.6507020259714026,0.0020479349810920053,1.311249920438513,2.58824327900593e-6,0.0,0.0,
2022/04/04 08:10,-3.3353175726446693,0.5594278712667557,0.0016461519017378573,-3.317555629035951,0.7039113066194944,0.0020754803150696143,-9.234964716676473,-2.501308355059249e-6,-0.0,-2.115000000000009,0.628789284101928,0.0020270883059922383,1.24204219373064,2.433924823408007e-6,0.0,0.0,
2022/04/04 08:20,-3.333871154784674,0.5592931471972549,0.0016459326583603598,-3.159080150414013,0.7030498972837771,0.002097672382094993,-11.049984178897034,-2.3825839873376874e-6,-0.0,-1.7983333333333462,0.6059627848001319,0.0019996202269672077,1.153197433223795,2.241209916104277e-6,0.0,0.0,
2022/04/04 08:30,-3.3304841538792402,0.5590256874969026,0.0016455607158210937,-3.0064227166411683,0.7015362099907885,0.0021171695655139225,-12.657927633271129,-2.252234435920353e-6,-0.0,-1.4816666666666833,0.5838911492434661,0.001972154565985144,1.0648584319753809,2.0500405216069734e-6,0.0,0.0,
2022/04/04 08:40,-3.3239457741845513,0.558650494774898,0.0016452585495532164,-2.8559143925772332,0.6993961505658112,0.002134546773649552,-14.099714268332947,-2.1134114825628897e-6,-0.0,-1.1650000000000205,0.5625492851491449,0.0019446913227267667,0.9762998083504044,1.8590069278364871e-6,0.0,0.0,
2022/04/04 08:50,-3.313373084095474,0.5581851924841332,0.0016451862295112987,-2.7057552671936946,0.6966455765707651,0.0021500699241918807,-15.410783524534397,-1.9673892737165733e-6,-0.0,-0.8483333333333576,0.5419129614636027,0.0019172304968728515,0.8869996536213876,1.6670949245554456e-6,0.0,0.0,
2022/04/04 09:00,-3.2981682121492213,0.557642469292832,0.001645454098629646,-2.5548809496220883,0.6932942591662999,0.0021638760765004855,-16.623289708899165,-1.8151940136201717e-6,-0.0,-0.5316666666666947,0.5219587775746242,0.0018897720881042308,0.7965981938871209,1.4736046431328992e-6,0.0,0.0,
2022/04/04 09:10,-3.279262417107418,0.5572509083986583,0.0016466239494978246,-2.4131725012487664,0.689687315631194,0.0021753966236012414,-17.19836134002719,-1.8455054411773972e-6,-0.0,-0.3650000000000091,0.5217136601829354,0.001912047194741843,0.8654118275599103,1.6034507490328047e-6,0.0,0.0,
2022/04/04 09:20,-3.25640074079962,0.5570476372182289,0.0016488400790111361,-2.2786066160018095,0.6862675110214285,0.002186329957650893,-17.50927230151035,-1.9591344250308827e-6,-0.0,-0.214999999999975,0.523526633913109,0.0019398504537215726,0.948838599217197,1.762980562676064e-6,0.0,0.0,
2022/04/04 09:30,-3.229084447256241,0.5569624186538281,0.0016519598167563125,-2.1468198695694127,0.6830469105724344,0.0021974292589340342,-17.770265261725626,-2.0749975907204684e-6,-0.0,-0.06499999999999773,0.5252457224636583,0.001967656190793087,1.0293272383059957,1.9166039909848866e-6,0.0,0.0,
2022/04/04 09:40,-3.197256980646671,0.5569791988685828,0.0016559472267319406,-2.0166264509243206,0.6800289975714507,0.0022089121734364735,-17.99807821622494,-2.190520289763879e-6,-0.0,0.08499999999997954,0.5268729587204933,0.001995464406287708,1.106994915148789,2.0645614119915914e-6,0.0,0.0,
2022/04/04 09:50,-3.160958592374584,0.5570853470350285,0.0016607653524719306,-1.887412371592518,0.6772139771307685,0.002220895080438093,-18.204350126408713,-2.3050856750429776e-6,-0.0,0.23500000000001364,0.528410336809576,0.0020232751005368164,1.1819621272909444,2.2070964470924095e-6,0.0,0.0,
2022/04/04 10:00,-3.1203004499921008,0.5572700147106743,0.0016663743749496531,-1.7588041457709096,0.6745999627358181,0.0022334494861801515,-18.398274044653252,-2.418329836325927e-6,-0.0,0.3849999999999909,0.5298598128211007,0.002051088273871852,1.2543587056509296,2.344468960758554e-6,0.0,0.0,
2022/04/04 10:10,-3.075842369239524,0.5574971605771866,0.0016726030545136745,-1.6354911132116854,0.6721353323576452,0.002245640784940724,-18.578434678705662,-2.503623292332442e-6,-0.0,0.5199999999999818,0.5301013547149499,0.0020722415686684472,1.3030203763055397,2.4355172950322317e-6,0.0,0.0,
2022/04/04 10:20,-3.028178351627446,0.5577564596329605,0.001679351849389396,-1.5160305609084048,0.6697727575204779,0.002257550622275228,-18.737705273875353,-2.5762453232295135e-6,-0.0,0.6533333333333076,0.5301707833193746,0.0020926559941677214,1.3475771307896593,2.51849556869926e-6,0.0,0.0,
2022/04/04 10:30,-2.977321533018994,0.5580507053544126,0.0016866330751870988,-1.398139038104489,0.6675171828009429,0.002269578278782624,-18.879013603926754,-2.6464480968525795e-6,-0.0,0.7866666666666902,0.5301956814201626,0.0021130717552892966,1.39040225037661,2.598024995081125e-6,0.0,0.0,
2022/04/04 10:40,-2.92333335130337,0.5583765416351888,0.0016944347728375208,-1.2811548817720109,0.6653688722542318,0.0022818414546124156,-19.0093048186003,-2.714510393816884e-6,-0.0,0.9200000000000159,0.5301769949541105,0.002133488852164251,1.4315347280096375,2.674184886171145e-6,0.0,0.0,
2022/04/04 10:50,-2.866313396483463,0.5587305181586728,0.0017027399888763172,-1.1647235564595917,0.6633263559615424,0.0022944019603613744,-19.133597792572914,-2.780535415539894e-6,-0.0,1.0533333333333417,0.5301156532922074,0.0021539072849236823,1.4710298408444942,2.7470857424787478e-6,0.0,0.0,
2022/04/04 11:00,-2.806387587397694,0.5591092711698474,0.001711528679589217,-1.0486235799739347,0.661387130110033,0.0023072963648375073,-19.255763413937647,-2.8446144245918567e-6,-0.0,1.1866666666666674,0.5300125695189193,0.002174327053698706,1.5089529417878111,2.8168572118119564e-6,0.0,0.0,
2022/04/04 11:10,-2.7442905715756183,0.5593621958235403,0.0017202485659089124,-0.9419657765901093,0.659278282239593,0.002318016641588084,-19.56225812522519,-2.7681141777796992e-6,-0.0,1.3349999999999795,0.5206197266998008,0.0021586393457628324,1.4293720417369968,2.653956097411701e-6,0.0,0.0,
2022/04/04 11:20,-2.6812674073705125,0.5594690703651501,0.0017286752669309804,-0.8417110485499393,0.6567072941795264,0.0023260094036581863,-19.895164821199955,-2.6287354194886416e-6,-0.0,1.4850000000000136,0.5103580750928907,0.0021389407956000903,1.3376697305618563,2.4672720135908293e-6,0.0,0.0,
2022/04/04 11:30,-2.617116752243078,0.5594802228829816,0.0017369868283635553,-0.7434576935577297,0.653702288680211,0.002332082885203355,-20.184259946468046,-2.4835820603302492e-6,-0.0,1.634999999999991,0.5002631539156209,0.002119243488777126,1.2463468856365125,2.281565922978612e-6,0.0,0.0,
2022/04/04 11:40,-2.5516279748871966,0.559408567867145,0.001745248730444882,-0.6459441380911812,0.6502811470295325,0.0023364814380134936,-20.442457335894918,-2.334695671049747e-6,-0.0,1.785000000000025,0.49033230521395643,0.0020995474251762304,1.1551900084248246,2.096419095126053e-6,0.0,0.0,
2022/04/04 11:50,-2.484683384558082,0.5592634066763083,0.0017535040933648978,-0.5484938627528777,0.6464577587807087,0.0023393379045655457,-20.680048074509617,-2.1828620331291693e-6,-0.0,1.9350000000000023,0.4805629144018223,0.002079852604679703,1.0640585052703955,1.911555332832463e-6,0.0,0.0,
2022/04/04 12:00,-2.41623812883887,0.559051827165232,0.0017617802299881046,-0.4506772072519425,0.6422436114723956,0.00234073549703573,-20.905474545573956,-2.028670598525909e-6,-0.0,2.0849999999999795,0.4709524095267511,0.002060159027169862,0.9728633222641747,1.726798828064137e-6,0.0,0.0,
2022/04/04 12:10,-2.3470586475933146,0.5588629393785248,0.0017702587990118417,-0.35922064472225657,0.6378067473937616,0.0023401098959076527,-20.86651319250791,-1.9458269141713515e-6,-0.0,2.160000000000025,0.46848494421413417,0.0020603686357350704,0.9459023973615786,1.6721787073692359e-6,0.0,0.0,
2022/04/04 12:20,-2.2773357345088243,0.5587151128258534,0.0017789757221813999,-0.2727312197738456,0.633367334139145,0.002338500563791263,-20.72194211164799,-1.8962050971022073e-6,-0.0,2.226666666666688,0.4668078162291874,0.002062789651309564,0.9253746063873223,1.6306393962140074e-6,0.0,0.0,
2022/04/04 12:30,-2.206851330614086,0.5585839017315916,0.0017878845633090834,-0.1883413014281814,0.6289397836144305,0.0023364525622194955,-20.563670718591993,-1.8479908657635478e-6,-0.0,2.2933333333333508,0.465137259227769,0.002065210685668584,0.9042211286375732,1.5879036219983198e-6,0.0,0.0,
2022/04/04 12:40,-2.1355740544823334,0.5584647385174732,0.0017969770854881423,-0.10529049136727053,0.6245322546250771,0.0023341272482968176,-20.398346817491987,-1.8002023212150773e-6,-0.0,2.3600000000000136,0.4634732462049898,0.002067631738812349,0.882468820527265,1.5440278195125584e-6,0.0,0.0,
2022/04/04 12:50,-2.063511401337962,0.558354220432062,0.001806243439300322,-0.023187101826920298,0.6201508040869913,0.0023316153446219204,-20.230628423633448,-1.7526310519160003e-6,-0.0,2.4266666666666765,0.46181575026600286,0.002070052810741077,0.8601497960587494,1.499077228680645e-6,0.0,0.0,
2022/04/04 13:00,-1.990700758896935,0.558249495279309,0.0018156713411563556,0.05820840490815726,0.615800280806948,0.0023289772991605708,-20.064390579826753,-1.7051728382845632e-6,-0.0,2.4933333333333394,0.4601647446255905,0.0020724739014549866,0.8373041058473518,1.4531315844413422e-6,0.0,0.0,
2022/04/04 13:10,-1.918085812966467,0.558125158033031,0.0018250518479934288,0.12860562208521742,0.6114273246192944,0.0023242681442559856,-19.82282780965761,-1.6300701452542408e-6,-0.0,2.5149999999999864,0.45849221878627405,0.0020681134697238543,0.7925018099983845,1.3662303602245312e-6,0.0,0.0,
2022/04/04 13:20,-1.8464704955402453,0.557978453799904,0.0018342655504936095,0.19075614631879034,0.607002548631932,0.002317851892425647,-19.52619949048085,-1.5447038658200854e-6,-0.0,2.5316666666666947,0.4568201355420679,0.002062999613971412,0.7457868421345211,1.2758193607611773e-6,0.0,0.0,
2022/04/04 13:30,-1.7755223414992543,0.5578173840405048,0.0018433814490599395,0.2492180678888758,0.6025504278671072,0.0023105992708702373,-19.19912412761164,-1.4588438783403159e-6,-0.0,2.548333333333346,0.45515144533275476,0.0020578858420281106,0.6993910370115373,1.1860500223941978e-6,0.0,0.0,
2022/04/04 13:40,-1.7050349269795788,0.5576439541860174,0.0018524326820147882,0.30521503263457817,0.59808476613034,0.002302773292344351,-18.853180762632178,-1.372819490421595e-6,-0.0,2.5649999999999977,0.45348614181892194,0.0020527721538918906,0.653206347206833,1.0967149704741207e-6,0.0,0.0,
2022/04/04 13:50,-1.6348835677841862,0.5574592605553201,0.0018614387389475884,0.3593769753221068,0.5936157586569137,0.0022945221067133875,-18.497446081102,-1.2868335149540921e-6,-0.0,2.5816666666666492,0.4518242186730078,0.002047658549560692,0.607169226954511,1.0076923631689154e-6,0.0,0.0,
2022/04/04 14:00,-1.565009806793796,0.5572637570950707,0.0018704081735850988,0.4120894513992539,0.5891515594804928,0.002285944478122105,-18.139644972738438,-1.2010712980302716e-6,-0.0,2.5983333333333576,0.45016566957930226,0.0020425450290324533,0.5612517868444229,9.189287443466303e-7,0.0,0.0,
2022/04/04 14:10,-1.4938884509315926,0.5571832898218363,0.00187997741920203,0.4833026546631345,0.5850137728299573,0.002281603678928989,-17.756030978696348,-1.2484330810531355e-6,-0.0,2.660000000000025,0.4546305601252525,0.0020719653856593905,0.6259762846643753,1.0453750354239243e-6,0.0,0.0,
2022/04/04 14:20,-1.419877448082275,0.5572331274660679,0.0018904359113366557,0.5675533508955368,0.5815066611503318,0.002281789405367164,-17.440901119737763,-1.352140420108578e-6,-0.0,2.726666666666688,0.4597209652508594,0.0021052262023839837,0.7003232069841943,1.190463807272884e-6,0.0,0.0,
2022/04/04 14:30,-1.3437928453969334,0.5573657562022784,0.0019015201740040834,0.6562208638119955,0.578572667703549,0.0022848848791528495,-17.215556461640062,-1.4603220368334526e-6,-0.0,2.7933333333333508,0.4647542941036835,0.002138490564664072,0.7726413663210678,1.331536994445741e-6,0.0,0.0,
2022/04/04 14:40,-1.266302423798038,0.5575654033086856,0.001913091440383656,0.7470710857571703,0.5761725099936138,0.0022904066500825013,-17.05804380480288,-1.5711033789923235e-6,-0.0,2.8600000000000136,0.469731021285706,0.002171758473066612,0.8433832133953274,1.469470481890401e-6,0.0,0.0,
2022/04/04 14:50,-1.1878978393839361,0.5578206076446114,0.0019250478708894255,0.8389940792200719,0.5742716131588578,0.002298074201212926,-16.949687232112183,-1.6836315297447488e-6,-0.0,2.9266666666666765,0.4746516176552558,0.002205029928158684,0.9128807977713222,1.604906849408243e-6,0.0,0.0,
2022/04/04 15:00,-1.1089189563408581,0.5581228959403057,0.0019373173778401197,0.9313354750241274,0.5728375517160225,0.0023076880286084928,-16.87376973464609,-1.797231312919724e-6,-0.0,2.9933333333333394,0.47951655035664836,0.002238304930507483,0.9813691630031371,1.7383013161441422e-6,0.0,0.0,
2022/04/04 15:10,-1.031642781468804,0.5584551969612255,0.0019495185168116492,0.9999808566482216,0.5717919553520945,0.0023149271197229976,-16.551973146457613,-1.8864255761158128e-6,-0.0,2.9399999999999977,0.48734276261416415,0.0022663521464321343,1.0330352572934771,1.8448728315584752e-6,0.0,0.0,
2022/04/04 15:20,-0.9576896062601463,0.5588177119131728,0.001961416561025323,1.050472296965495,0.5711362293985477,0.002320719508925633,-16.074349086007945,-1.96979838049649e-6,-0.0,2.873333333333335,0.49556580625559915,0.0022938205766256906,1.0838024618549298,1.9503746244337625e-6,0.0,0.0,
2022/04/04 15:30,-0.88617813786027,0.5592150651140008,0.0019731497136834986,1.0926183943558385,0.5708894416426031,0.0023267901861649207,-15.518361705871373,-2.0532155570288013e-6,-0.0,2.806666666666672,0.5038571539517196,0.0023212914242100135,1.135115176817635,2.0569734734814838e-6,0.0,0.0,
2022/04/04 15:40,-0.8165113312416565,0.559648505459012,0.0019848058992499875,1.1288661507784354,0.5710454542904642,0.002333532227303909,-14.90479877910559,-2.136695390226387e-6,-0.0,2.740000000000009,0.5122173216302389,0.0023487646895042373,1.1866867257272133,2.164124689346579e-6,0.0,0.0,
2022/04/04 15:50,-0.7482563700464198,0.5601180825973409,0.001996446633982,1.1604280723233842,0.5715904770682079,0.002341099253311735,-14.251806909871902,-2.220393537444782e-6,-0.0,2.673333333333346,0.5206468291083013,0.002376240372827549,1.2383165360211024,2.2714482301783858e-6,0.0,0.0,
2022/04/04 16:00,-0.6811288922209542,0.5606227872630222,0.002008109091676002,1.188038236886598,0.5725070817495499,0.0023495479692783416,-13.576525567864905,-2.304526881418333e-6,-0.0,2.6066666666666833,0.5291462001225414,0.002403718474499193,1.289883403671638,2.378715606531446e-6,0.0,0.0,
2022/04/04 16:10,-0.614767566025705,0.5613485022613202,0.002020517496046253,1.2184170444029974,0.5742641137546716,0.0023619613461197827,-12.549551205723903,-2.5814176141435735e-6,-0.0,2.480000000000018,0.5515299708025018,0.0024832384378677312,1.5087004740064458,2.8181117059673834e-6,0.0,0.0,
2022/04/04 16:20,-0.548043729223366,0.5623272523964408,0.0020339662028213833,1.248884241735766,0.5773517030570502,0.002379937808327718,-11.44324517829773,-2.9449025654688275e-6,-0.0,2.3466666666666924,0.5758453184269224,0.002568562827041832,1.7430509567793706,3.288908259347855e-6,0.0,0.0,
2022/04/04 16:30,-0.4811914283926626,0.5634908536823479,0.0020481863593332936,1.2764364124508347,0.5816402945286528,0.0024024568993034597,-10.387896475092475,-3.3167304191640735e-6,-0.0,2.21333333333331,0.600580681634924,0.0026539105354847015,1.9749621620314883,3.755441750638643e-6,0.0,0.0,
2022/04/04 16:40,-0.41458214092921253,0.5648158656837049,0.0020630467536892874,1.3004512835111086,0.5870092341367816,0.002428925267108138,-9.3777704671777,-3.693891846343305e-6,-0.0,2.079999999999984,0.6257425333178838,0.0027392815727574245,2.2048619369843436,4.21854854185701e-6,0.0,0.0,
2022/04/04 16:50,-0.34852475456870025,0.5662842659001014,0.002078442509868474,1.3207662827545619,0.5933437656234544,0.002458841210803459,-8.406936802817313,-4.075156436316819e-6,-0.0,1.9466666666666583,0.6513374453771908,0.002824675948426319,2.433092260834428,4.678896240864441e-6,0.0,0.0,
2022/04/04 17:00,-0.2832695007478492,0.5678816248399012,0.0020942884007126897,1.3374111893662075,0.6005355976098128,0.0024917541452751718,-7.469650609814381,-4.459655010762978e-6,-0.0,1.8133333333333326,0.6773720902752857,0.002910093672062928,2.6599310477245126,5.137027068384648e-6,0.0,0.0,
2022/04/04 17:10,-0.22376259224864725,0.5692556302373034,0.0021085176252959286,1.2897309035827789,0.607616688606089,0.0025125947831040403,-6.590445148297591,-4.4596143059385855e-6,-0.0,1.5299999999999727,0.6873416928294658,0.002893499908012659,2.559432770341573,4.9604786775965024e-6,0.0,0.0,
2022/04/04 17:20,-0.17518845280756068,0.5703457714760306,0.002120074742723523,1.1953768410324415,0.6137944993546744,0.0025210123601201325,-5.524320642761041,-4.3004008202617564e-6,-0.0,1.2300000000000182,0.695565997584555,0.002865572478616596,2.4306935041352062,4.728695407264899e-6,0.0,0.0,
2022/04/04 17:30,-0.13528754466778992,0.5712728310142209,0.002129725796326461,1.0811738408119709,0.6192877558943285,0.0025227611965840846,-4.238354387358072,-4.1299834274198e-6,-0.0,0.9300000000000068,0.7038597685339627,0.0028376475453465383,2.3081770928761216,4.508498010014944e-6,0.0,0.0,
2022/04/04 17:40,-0.10231781232306503,0.572074778939245,0.002137862541994442,0.9541075692185927,0.6242274281184096,0.002519699987546178,-2.802213455410652,-3.954145927242486e-6,-0.0,0.6299999999999955,0.7122219571455536,0.002809725107867846,2.1906062163741353,4.297428487868156e-6,0.0,0.0,
2022/04/04 17:50,-0.07507087580648886,0.572777452900658,0.0021447562404629957,0.8176615420369444,0.628708545977024,0.0025129104840512025,-1.2729720191555316,-3.7757964835373793e-6,-0.0,0.3299999999999841,0.7206514122983071,0.0027818051658459455,2.077096428588902,4.093785293858569e-6,0.0,0.0,
2022/04/04 18:00,-0.052783648997433374,0.5733984238599368,0.002150582435855317,0.6739059085492727,0.6328041543981581,0.00250312445116147,0.2998281756998722,-3.5972176500038916e-6,-0.0,0.029999999999972715,0.7291468751109653,0.002753887718946317,1.9670753672548926,3.896465815603056e-6,0.0,0.0,
2022/04/04 18:10,-0.03524972451134545,0.5738421323684669,0.0021550060576156866,0.5194996647905441,0.6363283430473983,0.0024890693229518324,1.6877266295142592,-3.3070996169182718e-6,-0.0,-0.2400000000000091,0.7278326859845882,0.0026952327753901875,1.7614078627370873,3.506756638736781e-6,0.0,0.0,
2022/04/04 18:20,-0.022998514324910957,0.5740943793883317,0.0021578833904668097,0.35719937133706026,0.6390743912686881,0.002470541600694687,3.0112959526684335,-2.9693771971231375e-6,-0.0,-0.5066666666666606,0.7250985905458458,0.0026331741177676644,1.5496842281379486,3.10380453136131e-6,0.0,0.0,
2022/04/04 18:30,-0.01588408474975722,0.5741974793196605,0.002159392063512931,0.18994336295332914,0.6411259530680815,0.0024485208684745905,4.320241854553615,-2.6306229442203748e-6,-0.0,-0.7733333333333121,0.7220078107108948,0.0025711277890192136,1.3424633036736395,2.708767986754996e-6,0.0,0.0,
2022/04/04 18:40,-0.01381571917158908,0.5741670330795158,0.0021596028037400754,0.0188102710729936,0.6425475327349927,0.0024235602764092843,5.597746913953756,-2.293367505993557e-6,-0.0,-1.0400000000000205,0.7185458377569978,0.0025090937854712293,1.1395144722068835,2.3211910770384405e-6,0.0,0.0,
2022/04/04 18:50,-0.016803333906125317,0.5740144874417156,0.0021585568240638543,-0.15555733177717457,0.6433910792552353,0.002396073779382008,6.833697304333556,-1.9588663507642153e-6,-0.0,-1.306666666666672,0.7146976521978166,0.002447072103451564,0.9407033471557043,1.940804519655114e-6,0.0,0.0,
2022/04/04 19:00,-0.0249120298329899,0.5737487062528496,0.00215627872377617,-0.33273296382839135,0.6436989791262127,0.0023663898683612987,8.022570432617044,-1.627970872748349e-6,-0.0,-1.5733333333333235,0.7104477062183704,0.002385062739289531,0.745949710621062,1.5674445164683412e-6,0.0,0.0,
2022/04/04 19:10,-0.03515045573874431,0.5734968650246131,0.00215372054104158,-0.47539127282578875,0.6437999938394756,0.0023421884583703645,8.979165341251589,-1.4490383010029247e-6,-0.0,-1.704999999999984,0.7101058974890719,0.0023608230950352533,0.6752573595404101,1.4332662218087747e-6,0.0,0.0,
2022/04/04 19:20,-0.044849471733016344,0.5732806380850822,0.0021513835856529257,-0.5927808069281468,0.6439466902989444,0.002322668992473454,9.697017415750793,-1.3331051741016303e-6,-0.0,-1.8216666666666583,0.7101808788028386,0.0023407805562282295,0.6175283490676975,1.3240208051760528e-6,0.0,0.0,
2022/04/04 19:30,-0.055554637678540075,0.5730577508508439,0.0021488659989160126,-0.7006814575960902,0.6440798640218421,0.0023048483864248747,10.23000350170605,-1.2266578301260662e-6,-0.0,-1.9383333333333326,0.7102100831661446,0.0023207393041466138,0.5603924820209158,1.2157952749547593e-6,0.0,0.0,
2022/04/04 19:40,-0.06837203484832344,0.57281580241154,0.0021459486016840684,-0.8031046717546815,0.644175568940144,0.0022879349458024396,10.622589327506944,-1.1274823705537505e-6,-0.0,-2.055000000000007,0.7101926197967975,0.002300699338666498,0.5045643910543731,1.1099512027687478e-6,0.0,0.0,
2022/04/04 19:50,-0.08406486542611447,0.5725477163490763,0.0021424869878433382,-0.9020252619598637,0.6442208329321301,0.002271537509453795,10.911952833282614,-1.0342778063497797e-6,-0.0,-2.171666666666681,0.7101275837484651,0.002280660659663991,0.45051491153685674,1.007384548034106e-6,0.0,0.0,
2022/04/04 20:00,-0.10310500716843762,0.5722501926080429,0.0021383975085011485,-0.9986090495029316,0.6442082594534213,0.0022554288578569876,11.131031683543142,-9.459493507127417e-7,-0.0,-2.2883333333333553,0.7100140556942731,0.0022606232670152175,0.3985167800706222,9.086136377076506e-7,0.0,0.0,
2022/04/04 20:10,-0.12478961939200417,0.5719878106526196,0.0021340345746331444,-1.0816724567238225,0.644285981581449,0.002241965973671625,11.308478316227594,-9.360634842995738e-7,-0.0,-2.375,0.7144150781447919,0.0022600814430487476,0.41097549935193456,9.369235354060081e-7,0.0,0.0,
2022/04/04 20:20,-0.14819220305975023,0.5717725576684572,0.002129588650893526,-1.1549256297777788,0.6445903999056298,0.0022309716030429008,11.419918550433863,-9.605966082285648e-7,-0.0,-2.4583333333333144,0.7193554894493938,0.0022617057228049567,0.4307673826745031,9.796408850412987e-7,0.0,0.0,
2022/04/04 20:30,-0.17371263373240708,0.5715823352728132,0.0021249158763877807,-1.2239764277924223,0.6450869377634046,0.002221374703347352,11.474444122686124,-9.906537942027627e-7,-0.0,-2.5416666666666856,0.7243327835639823,0.0022633300110137047,0.45129893991247627,1.0237334639786737e-6,0.0,0.0,
2022/04/04 20:40,-0.20156809663848207,0.5714114416348116,0.002119962833436557,-1.290477073838474,0.6457541040412459,0.002212813930483702,11.494566377822936,-1.024642990469413e-6,-0.0,-2.625,0.7293472566848535,0.002264954307675059,0.4727443392762325,1.0695370878247027e-6,0.0,0.0,
2022/04/04 20:50,-0.23182773294109893,0.5712568617359517,0.0021147094767408688,-1.355325409997647,0.6465754469088612,0.0022050741643480404,11.496686742869997,-1.0616599456709318e-6,-0.0,-2.7083333333333144,0.7343992075537845,0.002266578612789085,0.49516893841223464,1.1171793333164155e-6,0.0,0.0,
2022/04/04 21:00,-0.26445408869221865,0.5711172551596896,0.0021091586813298075,-1.4190902341937885,0.6475375839339916,0.002198007602618101,11.493239727715833,-1.1010184798697823e-6,-0.0,-2.7916666666666856,0.7394889374813362,0.0022682029263558488,0.51856336329638,1.166644941130927e-6,0.0,0.0,
2022/04/04 21:10,-0.299751352136127,0.5709281146074751,0.00210302744700077,-1.4882909225217418,0.6484873068366328,0.0021900326671800926,11.421892531106439,-1.0731789884342577e-6,-0.0,-2.875,0.7386043667408592,0.0022514332624107474,0.4838767901294432,1.0995473438895207e-6,0.0,0.0,
2022/04/04 21:20,-0.3381745993545451,0.570677547605345,0.0020962068442791494,-1.561414460185233,0.6492715220453652,0.00218088581681818,11.358959632552796,-1.0167220675766141e-6,-0.0,-2.9583333333333144,0.7370111857228041,0.0022326208998929443,0.444777687293481,1.0233491871440827e-6,0.0,0.0,
2022/04/04 21:30,-0.37931679189881606,0.5703888287384761,0.002088850659244534,-1.6358976204627993,0.6499073152282139,0.002171051332088811,11.334063034327642,-9.586851405708205e-7,-0.0,-3.0416666666666856,0.7353727567672427,0.002213809671194944,0.40742854606651235,9.504304200338695e-7,0.0,0.0,
2022/04/04 21:40,-0.42278991833507007,0.5700700052430752,0.0020810526108972103,-1.7111543451074454,0.6504056270325127,0.002160670046068591,11.340644314314547,-9.00023199119016e-7,-0.0,-3.125,0.7336885206458436,0.0021949995762142465,0.37152379554868276,8.802060841453543e-7,0.0,0.0,
2022/04/04 21:50,-0.4682724075287297,0.569726961712699,0.0020728875517882135,-1.7869275948910968,0.6507752008660326,0.002149820944612335,11.372292074959207,-8.411298117274571e-7,-0.0,-3.2083333333333144,0.7319579120198908,0.0021761906148483655,0.3368193788503504,8.122096666203726e-7,0.0,0.0,
2022/04/04 22:00,-0.5155051919061293,0.5693640713718653,0.0020644146043868614,-1.8630825820139307,0.6510234585960659,0.00213855797651644,11.422753321058394,-7.822891710708487e-7,-0.0,-3.2916666666666856,0.7301803593747691,0.0021573827869948254,0.3031225269726292,7.460730596039372e-7,0.0,0.0,
2022/04/04 22:10,-0.5631601390121546,0.5690006578196312,0.002055907351718649,-1.9267160834430683,0.651201414815206,0.002129089539922093,11.362714048946145,-7.480967560401594e-7,-0.0,-3.3149999999999977,0.7270212879040748,0.0021442654045180417,0.2880912102575621,7.142173971530667e-7,0.0,0.0,
2022/04/04 22:20,-0.6102125084879049,0.5686388291954166,0.002047527730956028,-1.9808479155826717,0.651328723050127,0.002120985102801793,11.227474696311788,-7.223453892872455e-7,-0.0,-3.3316666666666492,0.7237028216970895,0.0021317806989899924,0.27470659164237077,6.853645940437047e-7,0.0,0.0,
2022/04/04 22:30,-0.6570570060841305,0.5682725857742073,0.00203919399247339,-2.0309212210562464,0.6513882137176166,0.002113322707520234,11.052554214012957,-6.974606792989541e-7,-0.0,-3.3483333333333576,0.7203750877207391,0.002119296492912993,0.26117400242674194,6.562357131002599e-7,0.0,0.0,
2022/04/04 22:40,-0.7039436168662974,0.5679001275400851,0.0020308621808525825,-2.078342359224166,0.6513737690150245,0.002105859146308714,10.849494316463506,-6.731759159257686e-7,-0.0,-3.365000000000009,0.7170380660289765,0.002106812786257074,0.24763675904500815,6.271033748543759e-7,0.0,0.0,
2022/04/04 22:50,-0.7510362663350634,0.5675205653370452,0.0020225050053793857,-2.1238163669938217,0.6512826067987064,0.0020984742230187696,10.62792765993777,-6.4927406285794e-7,-0.0,-3.3816666666666606,0.7136917366347675,0.002094329578992267,0.23418384270348724,5.981366661266832e-7,0.0,0.0,
2022/04/04 23:00,-0.7984242111498929,0.5671337165651481,0.0020141091345530645,-2.167767903343986,0.6511136108267405,0.0020910980362918055,10.396652963325439,-6.255468491795389e-7,-0.0,-3.398333333333312,0.7103360795099691,0.0020818468710886062,0.22085872063007628,5.694179691896738e-7,0.0,0.0,
2022/04/04 23:10,-0.8480542373996514,0.5667595259485197,0.00200545949692948,-2.2312867698084915,0.6508887908322166,0.0020805415454390754,10.467178954195901,-6.080395980003421e-7,-0.0,-3.535000000000025,0.7144291028602305,0.0020725283237157236,0.21867774206407375,5.690057744099631e-7,0.0,0.0,
2022/04/04 23:20,-0.9011578538472236,0.566408545002541,0.001996416153421191,-2.3098479741732945,0.6506944771735729,0.0020678186203827056,10.709116509714251,-5.982482259618487e-7,-0.0,-3.6850000000000023,0.7193795906991124,0.0020635615640143034,0.21892744337537806,5.739221638964706e-7,0.0,0.0,
2022/04/04 23:30,-0.9568376788030264,0.5660786986239248,0.0019871079459084467,-2.3948280826146515,0.6505583726163655,0.0020543697681037728,11.02683444042782,-5.896272932962177e-7,-0.0,-3.8349999999999795,0.7243609470385717,0.002054595061980447,0.22004157323499385,5.804017306835087e-7,0.0,0.0,
2022/04/04 23:40,-1.0145036928203126,0.5657711079103985,0.001977628267137725,-2.484062813871958,0.6504907617058645,0.002040569182083416,11.40050145986379,-5.818429178466656e-7,-0.0,-3.9850000000000136,0.7293732366521851,0.0020456288176030502,0.22171562479093154,5.878686931598789e-7,0.0,0.0,
2022/04/04 23:50,-1.0737220673775028,0.5654860372810745,0.001968043407765077,-2.576489498807348,0.6504966783055613,0.0020265998657573994,11.81339385505112,-5.749213428572541e-7,-0.0,-4.134999999999991,0.734416520674443,0.002036662830871006,0.22373345748815154,5.959149379859175e-7,0.0,0.0,
2022/04/05 00:00,-1.1341965628736261,0.5652228695762841,0.001958395662087436,-2.67147763362982,0.6505784919148973,0.0020125673586951017,12.250081309739471,-5.689623251623996e-7,-0.0,-4.285000000000025,0.7394908564781125,0.0020276971017732094,0.22595717084209355,6.042810276962562e-7,0.0,0.0,
2022/04/05 00:10,-1.1934114708374182,0.564985715921445,0.0019490612893272757,-2.7426502450962857,0.6507707002853136,0.002002513798118317,12.384374658583965,-5.853875351000362e-7,-0.0,-4.300000000000011,0.7384999999999999,0.0020226788035343285,0.24002972102834974,6.299100193545855e-7,0.0,0.0,
2022/04/05 00:20,-1.2496099288370601,0.5647666217759018,0.001940260162821639,-2.795720064917816,0.6510380981895616,0.001995427508319058,12.330354878864682,-6.065118219472737e-7,-0.0,-4.300000000000011,0.7368333333333333,0.002018099156839541,0.25379384539792227,6.543786538823436e-7,0.0,0.0,
2022/04/05 00:30,-1.30381393000539,0.5645573079424899,0.0019318122473849684,-2.841498233002426,0.6513414265777504,0.0019895546987652676,12.181611249215509,-6.282889558747995e-7,-0.0,-4.300000000000011,0.7351666666666666,0.002013519577363496,0.2664065451265287,6.766674594802165e-7,0.0,0.0,
2022/04/05 00:40,-1.3567114499029458,0.5643524816150579,0.001923598051371136,-2.8827006250229488,0.6516630533372275,0.001984429688505844,11.961654812615166,-6.505936659677459e-7,-0.0,-4.300000000000011,0.7334999999999999,0.0020089400651047144,0.27825742242293927,6.975188519894187e-7,0.0,0.0,
2022/04/05 00:50,-1.4088047228441383,0.564148681319931,0.0019155324375386311,-2.920656028687972,0.6519919585562538,0.001979817391556983,11.69057890167551,-6.731492090469943e-7,-0.0,-4.300000000000011,0.7318333333333333,0.002004360620061715,0.2896240670459065,7.174616158010887e-7,0.0,0.0,
2022/04/05 01:00,-1.4604306979372836,0.5639440393207232,0.0019075602298087517,-2.9561474592268837,0.6523205537065824,0.0019755761205711283,11.387146216997621,-6.956511109715608e-7,-0.0,-4.300000000000011,0.7301666666666666,0.001999781242233019,0.30068638045668195,7.368381024594381e-7,0.0,0.0,
2022/04/05 01:10,-1.5110882159314656,0.5637686464408362,0.0018998525747363202,-2.9812925022828267,0.6527107501641649,0.0019730528225698485,11.028873932965553,-7.523974563488452e-7,-0.0,-4.269999999999982,0.7300094012659362,0.002003883392205829,0.33919222028225704,8.101229887289447e-7,0.0,0.0,
2022/04/05 01:20,-1.560228301723555,0.5636260333832365,0.001892495352423691,-2.9985202962100175,0.6532124276834903,0.001972034739422228,10.624277679505099,-8.224584687195557e-7,-0.0,-4.236666666666679,0.730015925797608,0.0020089502304401733,0.3797008386352445,8.873824675820804e-7,0.0,0.0,
2022/04/05 01:30,-1.6081959040971014,0.5635049806906633,0.001885399379711652,-3.0117289641277694,0.6538042939844034,0.001971880467901809,10.191502694233352,-8.928010268115752e-7,-0.0,-4.203333333333319,0.7300183448369031,0.002014017150959447,0.41935792160870733,9.630047919667492e-7,0.0,0.0,
2022/04/05 01:40,-1.655197354500217,0.5634023895066348,0.0018785231640717273,-3.0220763195681,0.6544731940468305,0.0019723788511269895,9.745094496412323,-9.628277107778022e-7,-0.0,-4.170000000000016,0.7300166812595513,0.002019084153765657,0.4582987554947522,1.0372491787888514e-6,0.0,0.0,
2022/04/05 01:50,-1.701340621711097,0.5633164802149895,0.0018718438084424365,-3.0302004843586587,0.6552090234297813,0.001973405153831563,9.295670019282626,-1.0322126507003048e-6,-0.0,-4.136666666666656,0.7300109578366909,0.0020241512388608066,0.4965979961107223,1.1102586048748287e-6,0.0,0.0,
2022/04/05 02:00,-1.7466614471507,0.5632463171395838,0.0018653515062440527,-3.0365139314770317,0.6560035290014348,0.0019748737946961134,8.851368752189614,-1.1007067726927433e-6,-0.0,-4.103333333333353,0.7300011972353577,0.0020292184062468996,0.5342876177917333,1.1820942752213862e-6,0.0,0.0,
2022/04/05 02:10,-1.7934851579682345,0.5631839873538,0.0018586987839208612,-3.0674082784274788,0.6568128895605334,0.0019727578653611555,8.728561848050163,-1.1453988406624377e-6,-0.0,-4.204999999999984,0.7358504036538088,0.0020299041718379947,0.5582147392901788,1.232841351102143e-6,0.0,0.0,
2022/04/05 02:20,-1.8434457494494154,0.5631354507347008,0.0018516831116486398,-3.11705721280714,0.6576618959960119,0.001967997591440993,8.8092499418417,-1.1845872746541814e-6,-0.0,-4.321666666666658,0.7424118678343126,0.0020301031100989457,0.5817379588970653,1.2833791566444672e-6,0.0,0.0,
2022/04/05 02:30,-1.8954247503841657,0.5631078406742984,0.0018444843825053982,-3.1745051339150905,0.6585840875346312,0.0019623162222030875,8.996423735500231,-1.2229993645508245e-6,-0.0,-4.438333333333333,0.7490382295373336,0.002030302048486738,0.6058580353881098,1.3350417076669712e-6,0.0,0.0,
2022/04/05 02:40,-1.9486692383234754,0.5631048508220826,0.001837219103510284,-3.23696236419579,0.6595917601688666,0.0019561642818083907,9.262996585796374,-1.2607248541744388e-6,-0.0,-4.555000000000007,0.7557301902757211,0.002030500987001372,0.6301950979182038,1.3871050928188726e-6,0.0,0.0,
2022/04/05 02:50,-2.002636639988964,0.5631283902261859,0.0018299678248587504,-3.3030489005965933,0.6606908012256861,0.0019497629478702027,9.58623663401795,-1.2979960901929172e-6,-0.0,-4.671666666666681,0.7624884597616498,0.0020306999256428475,0.6544865127762023,1.4390693313312773e-6,0.0,0.0,
2022/04/05 03:00,-2.0569674253660537,0.5631788536145818,0.0018227803083160593,-3.3719427245005704,0.6618838426265993,0.001943240044256378,9.94542750113908,-1.3350754426699844e-6,-0.0,-4.788333333333355,0.769313756009495,0.002030898864411165,0.6785700318516774,1.4906262645514627e-6,0.0,0.0,
2022/04/05 03:10,-2.111823440421574,0.563192722212077,0.0018154288004815962,-3.4484745382388837,0.6630525040278983,0.0019355468280518944,10.258102026359097,-1.3105363218376266e-6,-0.0,-4.904999999999973,0.7701213290351097,0.002015122367920692,0.6511003774010078,1.4380632391717122e-6,0.0,0.0,
2022/04/05 03:20,-2.167669650591847,0.5631592522933501,0.0018078184962774394,-3.5307791611333528,0.6640742730113496,0.001926608827304984,10.574949795852149,-1.2591872488966473e-6,-0.0,-5.021666666666647,0.7702072700244926,0.0019975717609807646,0.6186900451818929,1.3753904033364978e-6,0.0,0.0,
2022/04/05 03:30,-2.22429695779374,0.5630987192105317,0.0018000456309513599,-3.6161666237696863,0.6649674108468285,0.00191688381076822,10.912838394372672,-1.2060371087942028e-6,-0.0,-5.138333333333321,0.7702407742302481,0.0019800221412449286,0.5868129618711464,1.313673842865215e-6,0.0,0.0,
2022/04/05 03:40,-2.281563722668693,0.5630156447343918,0.0017921456889737873,-3.703779320508829,0.665744134475182,0.0019065426592186905,11.2593909991233,-1.1521105043651976e-6,-0.0,-5.2549999999999955,0.7702207952762181,0.0019624735086298923,0.5553534301693617,1.2526892407519465e-6,0.0,0.0,
2022/04/05 03:50,-2.3394101627035866,0.5629127842677424,0.0017841371711007441,-3.793127680009036,0.6664140544071114,0.0018956935927613593,11.60577702900696,-1.0978522859337311e-6,-0.0,-5.37166666666667,0.7701462697457787,0.001944925863052374,0.5242511281362567,1.1923192533125542e-6,0.0,0.0,
2022/04/05 04:00,-2.397833520398308,0.562791859078908,0.001776027515274551,-3.883888790102162,0.6669850778159612,0.0018844145148619739,11.945595037818748,-1.0435816742016259e-6,-0.0,-5.488333333333344,0.7700161169153945,0.0019273792044291003,0.4934818041094786,1.1325161304471737e-6,0.0,0.0,
2022/04/05 04:10,-2.4527087269824506,0.5627103513715309,0.0017685416752241125,-3.9287248272555644,0.6676037424860158,0.0018798140115721354,11.799734070380055,-1.0684378038584696e-6,-0.0,-5.3799999999999955,0.763845956569148,0.0019277413510460997,0.5190701450185315,1.176254391485911e-6,0.0,0.0,
2022/04/05 04:20,-2.5009010392769255,0.5626649494308258,0.0017620730793437064,-3.9383710038877098,0.6683116071186189,0.001880447308339453,11.326774597315534,-1.119025946797866e-6,-0.0,-5.24666666666667,0.7570728565806774,0.0019300933214470544,0.5478295793272991,1.225591309974771e-6,0.0,0.0,
2022/04/05 04:30,-2.5443716359801556,0.5626291393687337,0.0017562725449101683,-3.932874276271093,0.669040674075088,0.0018832840035531895,10.672902678050491,-1.1706122509480952e-6,-0.0,-5.113333333333344,0.7503671672989259,0.0019324453095801442,0.5744108587748542,1.270773010124601e-6,0.0,0.0,
2022/04/05 04:40,-2.5844550054036404,0.5625929717636448,0.0017509293193816776,-3.917458471823636,0.6697600057888244,0.0018875038812942264,9.888703269209033,-1.2224919863711924e-6,-0.0,-4.980000000000018,0.7437281505190523,0.0019347973154455703,0.5995011414959208,1.3131150306248747e-6,0.0,0.0,
2022/04/05 04:50,-2.622098950735108,0.5625504917829022,0.0017458980424005274,-3.89475114553494,0.6704501084466362,0.0018926863158280438,9.015970813130139,-1.2740966525780688e-6,-0.0,-4.846666666666692,0.7371550768110176,0.0019371493390435326,0.6235743745762647,1.3535239844687468e-6,0.0,0.0,
2022/04/05 05:00,-2.6579201650522464,0.562498875957937,0.0017410876793085613,-3.866338038584672,0.6710974954123856,0.0018985740808120028,8.092210133661979,-1.3248683856472312e-6,-0.0,-4.71333333333331,0.7306472254073986,0.0019395013803742325,0.6469273762904777,1.3925667498924453e-6,0.0,0.0,
2022/04/05 05:10,-2.694324851763099,0.562477989564298,0.0017363088814585116,-3.855339809962288,0.6717431770832886,0.0019019794061995324,7.507635400043,-1.3983552195274397e-6,-0.0,-4.714999999999975,0.7344735479589345,0.001949443970559306,0.6949264251754812,1.4877446119585596e-6,0.0,0.0,
2022/04/05 05:20,-2.73271758345129,0.5625011826301368,0.0017314214051407796,-3.8576368762500692,0.6724977441382003,0.0019037934182022185,7.115088692349901,-1.4862106670036368e-6,-0.0,-4.731666666666683,0.7394550760313938,0.0019602303082507785,0.7460308565675859,1.5898304816966358e-6,0.0,0.0,
2022/04/05 05:30,-2.772193172781442,0.5625600972561029,0.0017265167426830333,-3.8644489301382805,0.6733794277836789,0.0019053203514047198,6.811549171139859,-1.5741974976030246e-6,-0.0,-4.748333333333335,0.7444481206412316,0.0019710170188798133,0.7971925392889716,1.6920034262733337e-6,0.0,0.0,
2022/04/05 05:40,-2.812118120847515,0.5626554693389528,0.0017216785220134174,-3.873750879098509,0.6743908895366081,0.0019068560618804276,6.583767449074572,-1.66155584460653e-6,-0.0,-4.764999999999986,0.7494527052258784,0.001981804102465751,0.8481388047509881,1.7937438222210606e-6,0.0,0.0,
2022/04/05 05:50,-2.8519806867993225,0.5627877162580408,0.001716972952531485,-3.8846271971516444,0.6755306901628488,0.0019085262368493164,6.418467742415146,-1.748125425348519e-6,-0.0,-4.781666666666638,0.7544688532698108,0.001992591559027935,0.8986537774355838,1.8946402226061826e-6,0.0,0.0,
2022/04/05 06:00,-2.8913943862825704,0.5629565503245503,0.0017124474431099229,-3.8965764641749274,0.6767955618041377,0.0019103921740521764,6.301277181888168,-1.83388182987533e-6,-0.0,-4.798333333333346,0.759496588304642,0.0020033793885857114,0.9485828808942642,1.994398398840632e-6,0.0,0.0,
2022/04/05 06:10,-2.9242629796565325,0.5633377279902605,0.0017094126442467879,-3.8413820083172823,0.6785298319675137,0.0019232729177867996,5.7248956638949275,-2.115443069145716e-6,-0.0,-4.529999999999973,0.7658607079404669,0.0020617068010926947,1.148654217660578,2.383220016233213e-6,0.0,0.0,
2022/04/05 06:20,-2.945505426595389,0.5639359776900809,0.001708522205645803,-3.7349819269186924,0.6809473505330014,0.0019456502068313359,4.781198487530106,-2.470839630994451e-6,-0.0,-4.230000000000018,0.7717745336318739,0.002125328687945624,1.3589964935224543,2.7909037790009708e-6,0.0,0.0,
2022/04/05 06:30,-2.9577402464120155,0.5646772387208631,0.0017092125068672228,-3.6066179151774804,0.6839129332210806,0.0019730847918813165,3.6050688559885207,-2.828736578743105e-6,-0.0,-3.930000000000007,0.7770855231616065,0.0021889635483783912,1.5642270714697588,3.187814700741672e-6,0.0,0.0,
2022/04/05 06:40,-2.9628286137592,0.5655354817496943,0.0017111673714250808,-3.4640171879004242,0.6873435809464787,0.0020043472266301487,2.2653375653771946,-3.186786535552363e-6,-0.0,-3.6299999999999955,0.7818202646071811,0.0022526113863596997,1.7653768570844477,3.575944488668992e-6,0.0,0.0,
2022/04/05 06:50,-2.962102731235177,0.5664924746459631,0.0017141638521882508,-3.311106877259647,0.691172961748326,0.002038782902825412,0.8190356064045546,-3.543725905463008e-6,-0.0,-3.329999999999984,0.786004312836927,0.0023162722058598733,1.9631727818753006,3.9566986232836226e-6,0.0,0.0,
2022/04/05 07:00,-2.956440521896525,0.5675357169284752,0.0017180553634793092,-3.1502771691862677,0.6953442492218379,0.0020759712705284298,-0.6824770566419147,-3.8984555753866065e-6,-0.0,-3.0299999999999727,0.7896622288065657,0.002379946010850852,2.1580928010282605,4.331002867753342e-6,0.0,0.0,
2022/04/05 07:10,-2.9396486944011713,0.5688124531015409,0.0017240905971277088,-2.906027874146048,0.7001063448719776,0.002128743319353912,-2.8485276895992233,-4.433863890600967e-6,-0.0,-2.384999999999991,0.78662294938535,0.002487577258769011,2.489346351564791,4.957278901106781e-6,0.0,0.0,
2022/04/05 07:20,-2.906540983893308,0.5703138907467842,0.0017329304869941832,-2.5980804677601554,0.7055410866996409,0.0021951623558925633,-5.470419760740698,-5.0315177496522144e-6,-0.0,-1.7016666666666538,0.7815949168269382,0.002600130403050191,2.827503158301397,5.5923916617336035e-6,0.0,0.0,
2022/04/05 07:30,-2.8602709173740095,0.5719669663550083,0.0017439771890293608,-2.2608230866824783,0.711451840761045,0.002269852031933258,-8.332585775139023,-5.62646495898503e-6,-0.0,-1.0183333333333167,0.7753757962855695,0.002712724126181575,3.1585969667173686,6.210442343897603e-6,0.0,0.0,
2022/04/05 07:40,-2.802909046705338,0.5737435642804949,0.001756908841815073,-1.9039070188445066,0.7177068838509404,0.0023513180499585423,-11.33852817556317,-6.216322244838966e-6,-0.0,-0.33499999999997954,0.7681086700251164,0.002825358450111996,3.4836772767278035,6.813487459393377e-6,0.0,0.0,
2022/04/05 07:50,-2.7358291464926197,0.5756239797355639,0.0017715186515994156,-1.5324757393568689,0.7241991287216533,0.002438757792795255,-14.413363132755991,-6.799603345376139e-6,-0.0,0.3483333333333576,0.7599235102888863,0.002938033396806116,3.8034184104594715,7.402860559272018e-6,0.0,0.0,
2022/04/05 08:00,-2.6598457349058435,0.5775945663431056,0.001787690906466585,-1.149787685588194,0.7308376075371061,0.0025316512684171043,-17.49432234029939,-7.374991110888639e-6,-0.0,1.0316666666666379,0.7509383110783214,0.003050748988244444,4.118197717991507,7.979323642210563e-6,0.0,0.0,
2022/04/05 08:10,-2.577019653893217,0.5794401707833738,0.00180451231565895,-0.7804280521542069,0.7372409407579287,0.0026242358733583908,-20.67253807061832,-7.740730740797014e-6,-0.0,1.6850000000000023,0.730724976183944,0.003111590392673062,4.26172480240939,8.217374450409562e-6,0.0,0.0,
2022/04/05 08:20,-2.489549906153684,0.5811335235770816,0.0018216167500819775,-0.4198034468060996,0.743072988733735,0.0027159545139382913,-23.738224253211797,-8.010718010348442e-6,-0.0,2.3349999999999795,0.709846579855857,0.0031666747347939054,4.3855581965083275,8.415549448460916e-6,0.0,0.0,
2022/04/05 08:30,-2.396429514697786,0.5827465985294401,0.0018393776927500471,-0.059065563707065394,0.7483667467782302,0.002808492984507644,-26.610344637572897,-8.265320926471665e-6,-0.0,2.9850000000000136,0.6895275204216785,0.003221768785748167,4.507282702742714,8.60838330411917e-6,0.0,0.0,
2022/04/05 08:40,-2.2966874971866673,0.5842987023096538,0.0018580071429708143,0.303567411320671,0.753137828885768,0.002902203392201241,-29.30754436412542,-8.506912236883947e-6,-0.0,3.634999999999991,0.6697595147813612,0.0032768725481029026,4.626207106269931,8.794557798771993e-6,0.0,0.0,
2022/04/05 08:50,-2.1895398772978183,0.5858031048180166,0.0018776792238410119,0.6687542443235088,0.7573962132039638,0.002997216253017011,-31.850532211319095,-8.7363006435274e-6,-0.0,4.285000000000025,0.6505336336580485,0.003331986024426073,4.741763687540697,8.972997386209647e-6,0.0,0.0,
2022/04/05 09:00,-2.0743953953873984,0.5872688561161998,0.0018985341112503621,1.0367633087633976,0.7611486136886682,0.003093576561959585,-34.26149005494097,-8.95412136240511e-6,-0.0,4.935000000000002,0.6318404054372044,0.0033871092172865483,4.853495411793347,9.142842924642432e-6,0.0,0.0,
2022/04/05 09:10,-1.9562230567856318,0.5887139088792541,0.0019199565013127964,1.3483094151004025,0.7643904499590661,0.003177594313101494,-35.79662227923052,-9.133250766235428e-6,-0.0,5.2549999999999955,0.6271920462146229,0.003438293240229058,4.950533141394999,9.308705097289838e-6,0.0,0.0,
2022/04/05 09:20,-1.8384799646811985,0.5901647380604174,0.001941550427214966,1.6180145699644868,0.7672694107881161,0.0032522892168062494,-36.789974590057575,-9.303297921405879e-6,-0.0,5.538333333333355,0.6239859217369093,0.003489046807843675,5.045608080298962,9.473039774841856e-6,0.0,0.0,
2022/04/05 09:30,-1.718600304600443,0.5916313145124121,0.0019637219521591383,1.8714384203275358,0.7698727403210314,0.0033234680891186673,-37.503105789294864,-9.465002360349795e-6,-0.0,5.821666666666658,0.6206942111825495,0.0035398086133091046,5.138826618462872,9.633277547369326e-6,0.0,0.0,
2022/04/05 09:40,-1.5949931030469315,0.5931207251004165,0.001986741277980738,2.115197450686935,0.7722406234872735,0.003392650675497204,-38.01083879559713,-9.618443623583937e-6,-0.0,6.105000000000018,0.6173220156776784,0.0035905786586311462,5.229307770017613,9.787746332656915e-6,0.0,0.0,
2022/04/05 09:50,-1.4666138902758803,0.5946355718988984,0.0020107938369688353,2.352590387161456,0.774397770723301,0.0034606016702929164,-38.373568771956464,-9.764231565355365e-6,-0.0,6.388333333333321,0.6138742374984419,0.0036413569458162522,5.316446939989419,9.935305601628488e-6,0.0,0.0,
2022/04/05 10:00,-1.3328732824983263,0.5961747618320122,0.0020359924437483197,2.585584522578756,0.7763606514704222,0.003527779329895102,-38.64382964986646,-9.903040536401763e-6,-0.0,6.671666666666681,0.610355587193063,0.0036921434768715255,5.399876303120891,1.0075269589586836e-5,0.0,0.0,
2022/04/05 10:10,-1.194592487928901,0.5977258415680072,0.002062201863007998,2.803791433566971,0.7781249549165903,0.003591414749431726,-38.73654819692604,-1.0018774747988142e-5,-0.0,6.894999999999982,0.6086603690813868,0.0037391353753563924,5.467637524678139,1.0189569399700038e-5,0.0,0.0,
2022/04/05 10:20,-1.0525898333746113,0.5992865377387696,0.0020893167282429095,3.0110721502963997,0.7797114842308578,0.003652400169250913,-38.727205531641864,-1.0123908703089095e-5,-0.0,7.111666666666679,0.6071019478737503,0.0037857117302455318,5.531091663042162,1.0295849381649442e-5,0.0,0.0,
2022/04/05 10:30,-0.9066059911226034,0.6008568555828674,0.0021174020369757658,3.213102950784844,0.7811445955516395,0.003712197995013353,-38.67626426138145,-1.0223516810963964e-5,-0.0,7.328333333333319,0.6054726115595427,0.00383229501939273,5.591404281937685,1.0395828816203184e-5,0.0,0.0,
2022/04/05 10:40,-0.7566479280002341,0.6024336058582508,0.0021464724212231796,3.4116554529139194,0.7824374534001081,0.0037712660544982493,-38.608755105371415,-1.0318044882894227e-5,-0.0,7.545000000000016,0.6037750845264596,0.0038788852443466535,5.648527678761411,1.048943055098705e-5,0.0,0.0,
2022/04/05 10:50,-0.6028682355879482,0.6040128634874335,0.0021765171508928848,3.607732996093432,0.7835987906391885,0.0038298622976876548,-38.54156551628024,-1.0407873705492946e-5,-0.0,7.761666666666656,0.6020120137651216,0.003925482406656431,5.70249684400369,1.0576734930236983e-5,0.0,0.0,
2022/04/05 11:00,-0.4455136080537727,0.6055903968917308,0.00220750834979242,3.8019930870464123,0.7846346932925922,0.0038881534724610977,-38.48643138853334,-1.0493330492925649e-5,-0.0,7.978333333333353,0.6001859709359634,0.003972086507871652,5.753402672972015,1.0657928322498535e-5,0.0,0.0,
2022/04/05 11:10,-0.2833152028717336,0.6071755055563294,0.002239714471917021,4.012429041559699,0.7855729217712389,0.003951270640551615,-38.63989962487665,-1.0601412219291364e-5,-0.0,8.285000000000025,0.5955567516338846,0.004024852466617655,5.8204379688763765,1.076191834877162e-5,0.0,0.0,
2022/04/05 11:20,-0.11543728996775826,0.6087601025762527,0.002273280848085304,4.234843530290334,0.7863964319783524,0.004018119876700477,-38.939647579462076,-1.0713228234298272e-5,-0.0,8.601666666666688,0.5905913674244773,0.004078311324322485,5.885297355195235,1.0860426938314067e-5,0.0,0.0,
2022/04/05 11:30,0.05706419262082818,0.6103316307404811,0.0023080254533312155,4.461954448744962,0.7870784326606984,0.0040866008721751465,-39.326367174107304,-1.082139770839828e-5,-0.0,8.91833333333335,0.5855998683807428,0.004131779312954051,5.9463448999154025,1.0951195173383068e-5,0.0,0.0,
2022/04/05 11:40,0.23339588063799965,0.61188286699316,0.0023438210089629105,4.692032792220402,0.7876058555797311,0.004156178085455699,-39.77987156408233,-1.0925702421011252e-5,-0.0,9.235000000000014,0.5805860266903888,0.004185256434851937,6.003995602522309,1.1035027938876437e-5,0.0,0.0,
2022/04/05 11:50,0.4129354942582495,0.6134087851825926,0.0023805705846940976,4.924275571619603,0.7879698877230311,0.004226578908366705,-40.28256165927871,-1.1025890731123e-5,-0.0,9.551666666666677,0.5755534340629574,0.004238742692356524,6.0585655116033195,1.1112539731478994e-5,0.0,0.0,
2022/04/05 12:00,0.5952131080749723,0.6149061698723738,0.002418204917240057,5.158233562034127,0.7881638570150565,0.00429763103737876,-40.818251792239266,-1.1121689696458313e-5,-0.0,9.86833333333334,0.5705055091396911,0.004292238087808993,6.110280467557459,1.1184171979597769e-5,0.0,0.0,
2022/04/05 12:10,0.7769197535598096,0.616372067569667,0.002456145730576392,5.361062968116755,0.7881732854575123,0.00435920832759472,-40.96874387428955,-1.1185350043247505e-5,-0.0,10.004999999999995,0.5716318559954894,0.0043406280609055775,6.144349926832547,1.1238799437853833e-5,0.0,0.0,
2022/04/05 12:20,0.955747263165847,0.6178182485699379,0.002494021475133268,5.541061492820347,0.7880739037496302,0.004413904215008172,-40.88279490236573,-1.1240299210168368e-5,-0.0,10.12166666666667,0.5733892917053671,0.004388457144797906,6.1768027648527095,1.1292144012304123e-5,0.0,0.0,
2022/04/05 12:30,1.1328936267457266,0.6192532786833373,0.0025320682784040994,5.711973748195703,0.7879143753073399,0.004466030920094704,-40.68467609928575,-1.1290735566442818e-5,-0.0,10.238333333333344,0.5750889266545061,0.00443629353396748,6.208721685201226,1.1344401053846744e-5,0.0,0.0,
2022/04/05 12:40,1.3091200241506726,0.620682521716867,0.002570441548286349,5.877189525075664,0.7877162031379288,0.004516684763226911,-40.4055397118998,-1.1336869138856081e-5,-0.0,10.355000000000018,0.5767316492345909,0.004484137230088106,6.239599986275607,1.139461399778496e-5,0.0,0.0,
2022/04/05 12:50,1.4849506840145068,0.6221089323649337,0.0026092506806972937,6.038350516962055,0.7874921341510852,0.004566405407675352,-40.0714424245632,-1.1379166000523351e-5,-0.0,10.471666666666692,0.5783183356530001,0.004531988234834101,6.269080988419091,1.1442112757482638e-5,0.0,0.0,
2022/04/05 13:00,1.6607040633923589,0.6235334390175463,0.002648563131352717,6.196416999065775,0.7872503725610864,0.00461551119307284,-39.70594517016707,-1.1418145801561986e-5,-0.0,10.58833333333331,0.5798498500975344,0.0045798465498803,6.2969447579007465,1.14864875678428e-5,0.0,0.0,
2022/04/05 13:10,1.8355496921181498,0.6249230162165713,0.00268808119233948,6.340569745958476,0.7869439155427278,0.004660187839355902,-39.263842730384795,-1.140871512123231e-5,-0.0,10.660000000000025,0.5815575845427828,0.0046155966893368615,6.2846594591715075,1.1458770873403818e-5,0.0,0.0,
2022/04/05 13:20,2.0086630025921863,0.6262727838035858,0.0027276156087497716,6.47448314009506,0.7865490217536858,0.0047013679630185596,-38.75925921760995,-1.137921571648909e-5,-0.0,10.726666666666688,0.583264120959264,0.004650004618556963,6.26794456050402,1.1423197725263123e-5,0.0,0.0,
2022/04/05 13:30,2.1804628913409942,0.627595473961786,0.0027672920439332526,6.603423386785948,0.7860918905129533,0.004740851812888735,-38.220845217519475,-1.1346026416550514e-5,-0.0,10.79333333333335,0.5849454821677428,0.004684416326714623,6.250778931197829,1.1386860446931895e-5,0.0,0.0,
2022/04/05 13:40,2.3511802970372173,0.6288951688687376,0.0028071665647427814,6.728869537406013,0.7855871659302465,0.004779174496578245,-37.66729112725671,-1.1310193055491051e-5,-0.0,10.860000000000014,0.5866018806737265,0.004718831814432418,6.232979767450161,1.1349412540176698e-5,0.0,0.0,
2022/04/05 13:50,2.520921295254368,0.6301740313421292,0.0028472642685117553,6.851610306135456,0.7850451490158986,0.004816632090225659,-37.1120540324921,-1.1272410770438829e-5,-0.0,10.926666666666677,0.5882335273454987,0.00475325108233307,6.214465241497464,1.1310699323764731e-5,0.0,0.0,
2022/04/05 14:00,2.6897016118749093,0.631432985433306,0.002887587397292416,6.972143222218506,0.7844736219607934,0.004853417108513622,-36.56527903422216,-1.1233239685426477e-5,-0.0,10.99333333333334,0.5898406314266593,0.0047876741310394315,6.195228045165322,1.1270707140542877e-5,0.0,0.0,
2022/04/05 14:10,2.856806715055768,0.6326497791327355,0.002927878228485289,7.082971459077839,0.7838400871128294,0.0048867742611163325,-35.99256967125996,-1.1160298956676914e-5,-0.0,11.029999999999973,0.5915228934478682,0.0048132400219744985,6.147217414267516,1.1179127017947585e-5,0.0,0.0,
2022/04/05 14:20,3.0215715319220635,0.6338211728840399,0.0029679664351198627,7.186604987765691,0.783128343063679,0.004917386405268615,-35.39624888632943,-1.107396785782271e-5,-0.0,11.063333333333333,0.5932054683125642,0.004837823384940165,6.096663910246434,1.1083187110772479e-5,0.0,0.0,
2022/04/05 14:30,3.1842227550606026,0.6349569023506405,0.0030079265177784913,7.286614913986284,0.7823592664825729,0.0049465555848294705,-34.79124702076717,-1.0986000876517769e-5,-0.0,11.096666666666692,0.5948780517967279,0.004862408676280662,6.04653444159112,1.0988188458400795e-5,0.0,0.0,
2022/04/05 14:40,3.3448874596979294,0.6360609133643433,0.0030477879258951836,7.383987142711476,0.781545436594155,0.004974674552120007,-34.18725308697219,-1.089724051916669e-5,-0.0,11.129999999999995,0.5965406842102912,0.004886995896222898,5.996732989233351,1.0893944592296541e-5,0.0,0.0,
2022/04/05 14:50,3.503627953614796,0.637135790174409,0.003087561367519299,7.479243428576069,0.780696268542476,0.005001965218385284,-33.59118331332297,-1.080825508853507e-5,-0.0,11.163333333333355,0.5981934057109513,0.004911585044993815,5.947224640346349,1.0800384997996531e-5,0.0,0.0,
2022/04/05 15:00,3.6604594063891795,0.6381832114704686,0.0031272437556725597,7.572711742674528,0.7798193096108178,0.00502857568700923,-33.00829045121645,-1.071949892711599e-5,-0.0,11.196666666666658,0.5998362563047691,0.004936176122820394,5.89801946075454,1.0707524196408019e-5,0.0,0.0,
2022/04/05 15:10,3.8141419287013036,0.6393002678872941,0.00316702621770041,7.654029319373535,0.7790892375407292,0.005052032779302196,-32.05542884885404,-1.0734371086600334e-5,-0.0,11.110000000000014,0.6102027306912743,0.0049931290174602865,5.954003613360101,1.082812163603668e-5,0.0,0.0,
2022/04/05 15:20,3.964321782025877,0.6405213559287323,0.0032069934739174517,7.725390571787841,0.7787366448799435,0.005074582376634436,-30.96463954323781,-1.0800602750391906e-5,-0.0,11.009999999999991,0.6216603951139769,0.005053688663257634,6.021145048105836,1.0971664803773555e-5,0.0,0.0,
2022/04/05 15:30,4.111428338054054,0.6418163343598723,0.003247084956916134,7.790984595402961,0.7787648741285281,0.0050977106867356485,-29.865062813206578,-1.0874316667005592e-5,-0.0,10.910000000000025,0.6332470370610013,0.005114260008784357,6.087919588678233,1.1114796898145768e-5,0.0,0.0,
2022/04/05 15:40,4.255622007795239,0.6431739113850241,0.0032872722815223718,7.851852556942447,0.7791666634635251,0.0051217460149114635,-28.7669301453866,-1.095342138728165e-5,-0.0,10.810000000000002,0.6449640115686361,0.005174843057431249,6.154419795923786,1.1257704213168062e-5,0.0,0.0,
2022/04/05 15:50,4.396995706354971,0.6445852511732524,0.003327523005397104,7.908531206162138,0.7799307341300573,0.00514681360462947,-27.67759241348131,-1.1037091025145149e-5,-0.0,10.70999999999998,0.656812688025802,0.0052354378125904185,6.220751459066378,1.1400593852322714e-5,0.0,0.0,
2022/04/05 16:00,4.53559037136597,0.6460430061317431,0.0033677990597469148,7.961366397532572,0.7810434984547538,0.005172954628468189,-26.603004184654537,-1.1124867635928817e-5,-0.0,10.610000000000014,0.6687944503309527,0.00529604427765528,6.287038712377125,1.1543704578512505e-5,0.0,0.0,
2022/04/05 16:10,4.6673348894318565,0.6474429184303713,0.0034065631609974346,7.963688193365613,0.7822997946222412,0.005182170675784744,-25.224783074696123,-1.1048359772735924e-5,-0.0,10.314999999999998,0.6840493260380812,0.0053113485686666516,6.210548059741768,1.1437082707750793e-5,0.0,0.0,
2022/04/05 16:20,4.788859996174324,0.6487672149138537,0.0034428494387289932,7.92927251611826,0.7836146554797153,0.005178699026242969,-23.584931397778067,-1.0912171968770358e-5,-0.0,9.998333333333335,0.7000385019481085,0.0053216188884988155,6.125723094050727,1.1317037083471246e-5,0.0,0.0,
2022/04/05 16:30,4.902102015777984,0.6500598301791124,0.0034772879258785053,7.878330305816917,0.7850755302507405,0.005170308218371668,-21.79156099792408,-1.0772071467582643e-5,-0.0,9.681666666666672,0.7164371307557507,0.00533188954462713,6.046923941425348,1.1208492424190482e-5,0.0,0.0,
2022/04/05 16:40,5.008365982081614,0.6513388665560932,0.003510241426568075,7.815916574151686,0.7867204578840571,0.005159053782850701,-19.900856885582243,-1.0632076911016024e-5,-0.0,9.365000000000009,0.733256606355672,0.005342160537068117,5.9729676799877325,1.1109217814209616e-5,0.0,0.0,
2022/04/05 16:50,5.108531856190382,0.6526148139108615,0.0035419417562331224,7.7445342874731296,0.7885701661379864,0.005145963226622105,-17.95742010033223,-1.0495018575908639e-5,-0.0,9.048333333333346,0.7505086645273801,0.005352431865838291,5.903098476142304,1.1017788202115463e-5,0.0,0.0,
2022/04/05 17:00,5.203135313521102,0.6538927979164776,0.003572515300915871,7.665688009980897,0.7906359161722094,0.00513164103357401,-15.99858317350254,-1.0363185701937899e-5,-0.0,8.731666666666683,0.7682053939242389,0.005362703530954175,5.836904248569454,1.093342510384724e-5,0.0,0.0,
2022/04/05 17:10,5.28874036270156,0.6549770858938629,0.00359998303376129,7.534177336007872,0.792551918210359,0.005097805710161871,-14.02247935949731,-9.943435808973402e-6,-0.0,8.295000000000016,0.7803817584482935,0.005288157853460605,5.504289779192504,1.0350467645191056e-5,0.0,0.0,
2022/04/05 17:20,5.361775054901045,0.6558166224720169,0.003623090164122928,7.36467886350772,0.7940395264231039,0.005048120283284818,-11.885861671359523,-9.409023711478963e-6,-0.0,7.845000000000027,0.7919774741686744,0.005204209357457931,5.155235177070608,9.735388342331908e-6,0.0,0.0,
2022/04/05 17:30,5.4241040458005045,0.6564913657940749,0.0036426817641184044,7.177714252455928,0.7952192055442748,0.004990850360287688,-9.612390691494284,-8.866873187506553e-6,-0.0,7.394999999999982,0.8036288082879045,0.005120283327707451,4.817716204077897,9.14040306966357e-6,0.0,0.0,
2022/04/05 17:40,5.4770294225435805,0.6570346467722805,0.003659225667529754,6.978557919665036,0.7961578516616906,0.0049284649111800095,-7.264125835660025,-8.32498664669527e-6,-0.0,6.944999999999993,0.8153267866501982,0.005036379755191767,4.490207459936755,8.562619710936207e-6,0.0,0.0,
2022/04/05 17:50,5.521393084388592,0.6574676840361979,0.0036730194230278727,6.769841233852674,0.7969015511198654,0.004862329558503297,-4.888602661426945,-7.788310519835076e-6,-0.0,6.4950000000000045,0.827061662235385,0.0049524986308982985,4.171738758563606,8.00019517628341e-6,0.0,0.0,
2022/04/05 18:00,5.557679889806195,0.657803595174465,0.003684233494240308,6.55313643267192,0.7974842462343811,0.004793333888403685,-2.5238496293360413,-7.260447494176524e-6,-0.0,6.045000000000016,0.8388228646183643,0.004868639945819287,3.861754274357054,7.452067289209472e-6,0.0,0.0,
2022/04/05 18:10,5.585666882215264,0.6577906612843327,0.0036913680408928984,6.315454203799334,0.7974556478388404,0.004714670264799401,-0.7638309906684526,-6.404540069963022e-6,-0.0,5.699999999999989,0.8262352335172739,0.004680958330589396,3.2265566655794373,6.258524276019018e-6,0.0,0.0,
2022/04/05 18:20,5.603624527542536,0.6573427266233965,0.003693467430196542,6.063056500695723,0.7963229682497355,0.004625948002962356,0.8203968929359463,-5.406869699451634e-6,-0.0,5.366666666666674,0.8098751625137325,0.0044818597190672375,2.5705510868826877,5.019603854126354e-6,0.0,0.0,
2022/04/05 18:30,5.611945514465333,0.6565541223014649,0.0036911537641300656,5.803153922027263,0.794153684923569,0.004530402375623501,2.402839358933307,-4.400219201667214e-6,-0.0,5.03333333333336,0.7923452402205855,0.004282887575939379,1.9293466140698001,3.805699040629877e-6,0.0,0.0,
2022/04/05 18:40,5.61107263815785,0.6554647380227918,0.0036847684100908707,5.537825072614623,0.7909828689559044,0.004429310392154645,3.9612631675009884,-3.3938524596371063e-6,-0.0,4.699999999999989,0.773593990685865,0.004084041780744082,1.3018298268316357,2.6146746904958167e-6,0.0,0.0,
2022/04/05 18:50,5.601283092870858,0.6541026418393568,0.0036745538113083292,5.2681732687898375,0.7868256459090726,0.004323478098709382,5.4795381744810365,-2.392708805722655e-6,-0.0,4.366666666666674,0.7535678486691559,0.003885322213172548,0.6872098473572805,1.4450134951597293e-6,0.0,0.0,
2022/04/05 19:00,5.582735548595167,0.6524883058105265,0.0036606879735240736,4.994892907858059,0.7816814105707168,0.004213467769055303,6.946073645959245,-1.399971517591249e-6,-0.0,4.03333333333336,0.732211075059217,0.003686728753068672,0.0849058966030043,2.9560075832837495e-7,0.0,0.0,
2022/04/05 19:10,5.5587549919479216,0.6509562813762325,0.0036459319342514165,4.765202111002452,0.7761886718610405,0.004116671427900502,8.683680279305579,-8.659988349009118e-7,-0.0,3.730000000000018,0.7346850864991809,0.003620670105974375,-0.08236612794280518,-8.541305279178901e-9,0.0,0.0,
2022/04/05 19:20,5.533424923550001,0.6496210894830096,0.0036319789476256643,4.56545018970445,0.7710047348674174,0.004031906573162764,10.284033016770879,-5.397742943451849e-7,-0.0,3.430000000000007,0.7398224069939234,0.0035693378514837565,-0.20424113736771687,-2.2496684969119317e-7,0.0,0.0,
2022/04/05 19:30,5.504998938276287,0.6483730200931753,0.0036177694817297987,4.375182429887559,0.766054972177555,0.003952487175465495,11.642279374471515,-2.5493385398575134e-7,-0.0,3.1299999999999955,0.7448818451686018,0.003518014019937879,-0.32525243378449886,-4.4060944810944686e-7,0.0,0.0,
2022/04/05 19:40,5.472072999593479,0.6471697723128994,0.0036027188439891563,4.189308901487038,0.7613043176591198,0.0038766219150284213,12.815562418085166,1.6389585879828481e-10,-0.0,2.829999999999984,0.7498569682037272,0.003466698609263771,-0.4434936352713521,-6.518763380487696e-7,0.0,0.0,
2022/04/05 19:50,5.433701302492466,0.6459845198581202,0.0035864515979616126,4.005377519392368,0.7567299964996792,0.0038034115193003844,13.852535581589793,2.3246813696536695e-7,-0.0,2.5299999999999727,0.754741052431654,0.003415391617389144,-0.5577406390066244,-8.56460151108528e-7,0.0,0.0,
2022/04/05 20:00,5.389324108445919,0.6448008431485878,0.0035687530696696308,3.821972035892202,0.7523153413576938,0.0037323181936847875,14.795579118712682,4.470900576442575e-7,-0.0,2.230000000000018,0.7595270715178193,0.0033640930422423865,-0.6672935077765487,-1.0530382145891824e-6,0.0,0.0,
2022/04/05 20:10,5.3417197438869835,0.6434509274573141,0.003549402645053818,3.664809364840778,0.7477184884838846,0.0036682876784582224,14.883351332389907,8.170279417078498e-7,-0.0,2.1850000000000023,0.7376382857663903,0.003256108789321264,-0.9562838833810474,-1.6233653340313896e-6,0.0,0.0,
2022/04/05 20:20,5.292027633424766,0.6418611338750225,0.0035282958375327167,3.527947172970187,0.7424532513128949,0.0036071072063211143,14.586403213743893,1.264011604774119e-6,-0.0,2.1683333333333508,0.712734850433777,0.0031418652878089618,-1.2599558412975966,-2.2251372921903353e-6,0.0,0.0,
2022/04/05 20:30,5.239107268043313,0.640075632409808,0.0035054183842767356,3.4004287559253044,0.7364676026702717,0.003545602757366674,14.18220761375949,1.7159131178337828e-6,-0.0,2.1516666666666424,0.6877712081914207,0.0030276635266113083,-1.5577185190309137,-2.8157077836516944e-6,0.0,0.0,
2022/04/05 20:40,5.182531961369023,0.6381124515300736,0.0034807914108792443,3.2794653627288994,0.7297281482545728,0.0034828956725267575,13.711023667218003,2.1697877343360228e-6,-0.0,2.134999999999991,0.6627472386153596,0.0029135034828569476,-1.8496408710968808,-3.3952336540520227e-6,0.0,0.0,
2022/04/05 20:50,5.122137120297452,0.635987058495099,0.0034544884947460214,3.1636803567390643,0.7222049765067342,0.003418512422750413,13.201416307184106,2.6247827530345952e-6,-0.0,2.1183333333333394,0.6376628210475227,0.002799385133691234,-2.1359628709606113,-3.964182390138577e-6,0.0,0.0,
2022/04/05 21:00,5.057947383511873,0.6337133954055861,0.0034266218920586847,3.0522747256899265,0.7138682998708965,0.0033521398127826984,12.67531237005642,3.080589806930796e-6,-0.0,2.101666666666688,0.6125178345952489,0.002685308456276213,-2.417050604085034,-4.523251406048825e-6,0.0,0.0,
2022/04/05 21:10,4.989108016460989,0.6315205314547153,0.0033982584144921163,2.9417628434489984,0.7052170464147945,0.0032853245232836053,12.804267305799044,3.273574962665257e-6,-0.0,1.920000000000016,0.6130379395361107,0.002652786826081369,-2.430608250334444,-4.545965000429545e-6,0.0,0.0,
2022/04/05 21:20,4.916401452316791,0.6294999782891076,0.0033700941951258835,2.830670288360807,0.6968946914457683,0.003220732481609576,13.1585172186999,3.342415799532404e-6,-0.0,1.7200000000000273,0.6163994163022705,0.002629325996466849,-2.4152728598073736,-4.511070899065025e-6,0.0,0.0,
2022/04/05 21:30,4.8404032678733415,0.6275906850676728,0.0033419433793097177,2.719006456190982,0.6889066569077018,0.003158353287898422,13.528926865220683,3.3927302082512796e-6,-0.0,1.5199999999999818,0.619744914356158,0.0026058669290788517,-2.3999754257863515,-4.4766129105628475e-6,0.0,0.0,
2022/04/05 21:40,4.761382236074951,0.6257727566624853,0.0033137699835596676,2.6064347479898515,0.6812559459890623,0.003098088023172605,13.915842544105317,3.431041107103026e-6,-0.0,1.3199999999999932,0.6230731217437696,0.0025824096237188356,-2.3845986248600184,-4.442336447098377e-6,0.0,0.0,
2022/04/05 21:50,4.679598992345689,0.6240325606418327,0.0032855693065991097,2.4926723820544225,0.6739437840520179,0.0030398464420387837,14.31942647440735,3.4606169091207155e-6,-0.0,1.1200000000000045,0.626382684470039,0.0025589540801882866,-2.3691271291743305,-4.408186789480597e-6,0.0,0.0,
2022/04/05 22:00,4.595299505270646,0.6223600514942997,0.003257351628372572,2.3774984279105524,0.6669696436009313,0.002983547635655025,14.738915418928968,3.4835689912731053e-6,-0.0,0.9200000000000159,0.629672205328057,0.002535500298288721,-2.3535944571103755,-4.374206164806014e-6,0.0,0.0,
2022/04/05 22:10,4.508458447541386,0.6207796383917463,0.0032292449590679644,2.259149111176953,0.6604179673255999,0.002929168548594344,15.283163555205876,3.4637342977999318e-6,-0.0,0.6899999999999977,0.6372369718907424,0.0025236742786869247,-2.300511439455704,-4.264444658540178e-6,0.0,0.0,
2022/04/05 22:20,4.419286872123564,0.619297053754432,0.0032013303045393404,2.137590974235252,0.6543945949413036,0.00287714916431757,15.8801808101515,3.4215984751725356e-6,-0.0,0.45666666666664923,0.6453847729490941,0.0025131404626174214,-2.2438412591120596,-4.147534085904747e-6,0.0,0.0,
2022/04/05 22:30,4.32804989470435,0.6178968770342,0.0031735889531012327,2.013251362716062,0.6488940786569238,0.002827517344198219,16.491386620068056,3.3732517364315982e-6,-0.0,0.2233333333333576,0.6536465006571107,0.002502607001888842,-2.1877349744727326,-4.031857172018416e-6,0.0,0.0,
2022/04/05 22:40,4.234922346804524,0.616570662385959,0.0031460178224305604,1.88617554053792,0.64390687438514,0.0027801997921661414,17.112821138799177,3.3201603869439573e-6,-0.0,-0.009999999999990905,0.6620238214470395,0.002492073896483205,-2.1321825356917543,-3.9173792286237775e-6,0.0,0.0,
2022/04/05 22:50,4.140044635525442,0.6153114904050957,0.0031186137185150666,1.7563774066887845,0.6394206067438583,0.0027351039446934723,17.741079046542723,3.2631963274570927e-6,-0.0,-0.2433333333333394,0.6705184257160576,0.0024815411463825327,-2.0771735287571573,-3.8040677489518677e-6,0.0,0.0,
2022/04/05 23:00,4.043526947807777,0.6141134699017075,0.003091371834013015,1.6238738704666957,0.6354206488838241,0.002692128335359786,18.373063402673896,3.2029826133175145e-6,-0.0,-0.4766666666666879,0.679132028117527,0.002471008751568847,-2.0226922794015536,-3.691882431810771e-6,0.0,0.0,
2022/04/05 23:10,3.9462008739707812,0.612935947549019,0.003064268881656846,1.4956952170347222,0.6317951817005582,0.0026521027073382513,18.82092343858062,3.1761457691298814e-6,-0.0,-0.6499999999999773,0.681611910802645,0.0024487688939070044,-2.0068361713083505,-3.660012823335925e-6,0.0,0.0,
2022/04/05 23:20,3.8484443118523473,0.6117599421005335,0.0030372920025429984,1.3705090874580605,0.6283918971942821,0.0026140551329622568,19.18403208227915,3.165875723959003e-6,-0.0,-0.8166666666666629,0.6833586892997721,0.002425229871356444,-1.995627048578399,-3.637842355530705e-6,0.0,0.0,
2022/04/05 23:30,3.749986917366755,0.610591437263902,0.003010413856455911,1.2455833045017926,0.6251887826592712,0.0025773329755891384,19.52144487251985,3.1564438305834028e-6,-0.0,-0.9833333333333485,0.6850573778811877,0.002401692623378032,-1.984734058647291,-3.616397244624965e-6,0.0,0.0,
2022/04/05 23:40,3.650694299939289,0.6094304030649094,0.0029836072843875392,1.1202834378714783,0.6221705221298777,0.0025417279324229107,19.839088984788305,3.1472404624458745e-6,-0.0,-1.1499999999999773,0.6867063585375079,0.0023781571497711027,-1.974068650291656,-3.5955130853945806e-6,0.0,0.0,
2022/04/05 23:50,3.550475310100069,0.6082765709521581,0.002956853938249624,0.994322440834253,0.6193239622937949,0.0025071122004332305,20.141491966984407,3.1381342218374865e-6,-0.0,-1.3166666666666629,0.6883039745024044,0.0023546234503350207,-1.9635710002692122,-3.5750782184430536e-6,0.0,0.0,
2022/04/06 00:00,3.4492744358714162,0.6071297122785225,0.0029301437134691207,0.8675483052387563,0.6166371733511465,0.00247339185331293,20.432598339563697,3.12912077520645e-6,-0.0,-1.4833333333333485,0.6898485293859936,0.0023310915248691798,-1.9532081632996778,-3.5550308420637787e-6,0.0,0.0,
2022/04/06 00:10,3.3496063511476564,0.6060183919571629,0.0029041355024112515,0.7688942858491714,0.6142109869807204,0.002446077216938563,20.431664178029223,3.0623436931437706e-6,-0.0,-1.5149999999999864,0.6885114626693982,0.0023211239955366965,-1.9009075606356873,-3.4586826579557442e-6,0.0,0.0,
2022/04/06 00:20,3.253374771556537,0.6049427719596908,0.0028792067044044857,0.6910978189556545,0.6120675392884123,0.002423799350566082,20.231207137767342,2.9772661290859104e-6,-0.0,-1.5316666666666947,0.6868528014932815,0.0023126637307629267,-1.847211949200755,-3.3599318603596144e-6,0.0,0.0,
2022/04/06 00:30,3.1594058067691435,0.6038869647832399,0.0028550219785759786,0.6218314413551411,0.6101393814714687,0.0024040254029433277,19.925171700473356,2.8908200753312687e-6,-0.0,-1.5483333333333462,0.6851891500466663,0.0023042036952785638,-1.7959416356452493,-3.265686667383488e-6,0.0,0.0,
2022/04/06 00:40,3.0669403728624047,0.6028438829617531,0.00283138114589361,0.5579229918172928,0.6083897753572376,0.0023860131874924827,19.546609654015583,2.8042647687340105e-6,-0.0,-1.5649999999999977,0.683520497475044,0.0022957438890742862,-1.7464439367663545,-3.174725046333194e-6,0.0,0.0,
2022/04/06 00:50,2.9754688633847195,0.6018096458531303,0.002808154823477636,0.49778866020170653,0.6067923523356012,0.00236935669862347,19.12179644009825,2.7185913326533995e-6,-0.0,-1.5816666666666492,0.6818468329016089,0.0022872843121407743,-1.698297000037428,-3.0862582097932115e-6,0.0,0.0,
2022/04/06 01:00,2.884685332147342,0.6007827668040081,0.002785268930677497,0.440482253145035,0.605326539864923,0.002353792665515797,18.67311663076009,2.634624360749787e-6,-0.0,-1.5983333333333576,0.6801681454272724,0.002278824964468707,-1.6512592857145592,-2.9998359112154818e-6,0.0,0.0,
2022/04/06 01:10,2.793537932939671,0.5997455435402873,0.002762429510038432,0.3747749656557744,0.6039131649078135,0.002337089091069481,18.30264269650172,2.5819619525026273e-6,-0.0,-1.660000000000025,0.6785703674273182,0.0022631159008180174,-1.6280107745794794,-2.958365677165065e-6,0.0,0.0,
2022/04/06 01:20,2.701272092047418,0.598696861006853,0.002739485388746256,0.30292769305822276,0.6025022772738491,0.0023194593154275646,18.002392615105123,2.542436279723689e-6,-0.0,-1.7266666666666879,0.6769531368614151,0.002246602129202126,-1.6070446355352033,-2.9212154899454436e-6,0.0,0.0,
2022/04/06 01:30,2.608354817540828,0.5976464974548517,0.002716576772993731,0.2291585464576542,0.6011058731914776,0.002301676973443016,17.75275765702077,2.506846642351113e-6,-0.0,-1.7933333333333508,0.6753053634902859,0.0022300892312481003,-1.5861914136428368,-2.8842848093473334e-6,0.0,0.0,
2022/04/06 01:40,2.5151539677384562,0.5965995868539813,0.002693799717204929,0.1544061705675972,0.5997261831919244,0.0022839120197660507,17.546220090536625,2.474684289964663e-6,-0.0,-1.8600000000000136,0.6736267555286579,0.0022135772068866107,-1.5657642943365317,-2.8481652584499423e-6,0.0,0.0,
2022/04/06 01:50,2.421964426246234,0.5955597637405572,0.0026712267545934854,0.07908209721000503,0.5983628867145472,0.0022662329797890368,17.37516651765191,2.4455311597014498e-6,-0.0,-1.9266666666666765,0.6719170186904956,0.0021970660560483345,-1.5459997722050502,-2.8133037895995773e-6,0.0,0.0,
2022/04/06 02:00,2.3290087765259386,0.5945294077904412,0.002648908922997886,0.003404978450419094,0.5970145823913583,0.0022486707213241683,17.23173311069843,2.418996461951978e-6,-0.0,-1.9933333333333394,0.6701758561677967,0.002180555778663957,-1.5270642562177272,-2.780015194339714e-6,0.0,0.0,
2022/04/06 02:10,2.2368712850918655,0.5935682181844145,0.002627218535104733,-0.06598850089466168,0.5958530155319882,0.002232951251115822,17.178089397390863,2.3243657554954415e-6,-0.0,-2.0600000000000023,0.6744211606643075,0.002183599500934414,-1.4464187518649396,-2.623257828981638e-6,0.0,0.0,
2022/04/06 02:20,2.146263612936025,0.5926920956706205,0.0026063480973836633,-0.13104108660985503,0.5950525908883553,0.0022193815608531993,17.13754281867807,2.2010254493921005e-6,-0.0,-2.126666666666665,0.6793658830763996,0.0021888159192867958,-1.3613626228545854,-2.457408039066457e-6,0.0,0.0,
2022/04/06 02:30,2.0570106914875055,0.5918806045739367,0.0025861608883236183,-0.1946582990818797,0.5945803273704517,0.0022073388280431116,17.081493971699615,2.075878270131779e-6,-0.0,-2.193333333333328,0.6843448602795248,0.0021940324248290615,-1.2785338749026778,-2.2957579188322354e-6,0.0,0.0,
2022/04/06 02:40,1.9689385423507133,0.5911259458432512,0.0025665791349297916,-0.25758403073172076,0.5944110179373794,0.002196589340784076,17.014526029101376,1.950215466814716e-6,-0.0,-2.259999999999991,0.6893583339654724,0.0021992490175633977,-1.1976789293478305,-2.1378245152422533e-6,0.0,0.0,
2022/04/06 02:50,1.8819140680495252,0.5904223713383383,0.002547543504238375,-0.3201761983024767,0.5945225122016158,0.0021869768800136845,16.94080106819058,1.82468534947957e-6,-0.0,-2.326666666666654,0.694406547599637,0.0022044656974919896,-1.1186043312020502,-1.983239836046857e-6,0.0,0.0,
2022/04/06 03:00,1.795841291651925,0.5897655222636962,0.0025290089380789332,-0.3826360514905218,0.5948946912029583,0.002178380407585167,16.864253905320084,1.6997431670368112e-6,-0.0,-2.3933333333333167,0.6994897464345796,0.002209682464617024,-1.041163168406456,-1.8317246208187282e-6,0.0,0.0,
2022/04/06 03:10,1.7122500601516322,0.5891235509055527,0.0025111075105154943,-0.42818536962494136,0.5954474482596246,0.002173159380919608,16.506772458766932,1.5943615962432829e-6,-0.0,-2.355000000000018,0.6969625079149915,0.0022079541450945686,-0.9884307900715612,-1.734945263200527e-6,0.0,0.0,
2022/04/06 03:20,1.6320532949358153,0.5884807377461705,0.00249392568186132,-0.4607061211736436,0.5960387889554466,0.0021701552524954187,16.004013607101232,1.5032490063266502e-6,-0.0,-2.305000000000007,0.6936031444430194,0.0022054541629731627,-0.9405606661557613,-1.6481746059134834e-6,0.0,0.0,
2022/04/06 03:30,1.5545206533450937,0.5878408434113588,0.002477337116225201,-0.487265759802483,0.596635436155039,0.0021681168812663944,15.44986455060837,1.4155028546987795e-6,-0.0,-2.2549999999999955,0.6902601503721345,0.0022029542008767684,-0.8946248095360261,-1.564995108187677e-6,0.0,0.0,
2022/04/06 03:40,1.4792147557043336,0.5872032796065734,0.002461252357647355,-0.5096995246551046,0.5972214155605409,0.0021666928365591913,14.862977907484378,1.3307420131037851e-6,-0.0,-2.204999999999984,0.6869334425056755,0.0022004542588051445,-0.8503315492800994,-1.4848626778472701e-6,0.0,0.0,
2022/04/06 03:50,1.4058368581470404,0.5865680726723785,0.002445611154999006,-0.5289387870481619,0.5977864670749101,0.0021656973971402077,14.257952863587775,1.2489777885360388e-6,-0.0,-2.1549999999999727,0.683622938091631,0.0021979543367580505,-0.8074844367326932,-1.4074117594418931e-6,0.0,0.0,
2022/04/06 04:00,1.334201489120801,0.5859358855059174,0.002430377208559519,-0.5455516897119423,0.5983234456637173,0.002165014413396404,13.64726106148737,1.1702905503159148e-6,-0.0,-2.105000000000018,0.6803285548201113,0.002195454434735246,-0.7659651167471111,-1.3324235305895821e-6,0.0,0.0,
2022/04/06 04:10,1.2627238048412437,0.5853512636540894,0.00241545291155163,-0.575304414870061,0.5989280677908746,0.002162492760503667,13.338290176582746,1.0590396230820972e-6,-0.0,-2.160000000000025,0.6858843218578481,0.002204432690755351,-0.6880309023563314,-1.1790154225706608e-6,0.0,0.0,
2022/04/06 04:20,1.1905652546407168,0.5848316938872273,0.0024007609999744804,-0.6151328907110383,0.5997604884129343,0.002159199750077779,13.187471206531429,9.304865002557753e-7,-0.0,-2.226666666666688,0.6924698576816161,0.00221468661647751,-0.6066950622057448,-1.0181310026450038e-6,0.0,0.0,
2022/04/06 04:30,1.1183805000731013,0.5843672802514481,0.002386371141758391,-0.6589057347377434,0.6008276491741091,0.0021561276837418386,13.100624385456856,8.022550512271548e-7,-0.0,-2.2933333333333508,0.6991056467713134,0.0022249408790916054,-0.5263429678486773,-8.591087674205511e-7,0.0,0.0,
2022/04/06 04:40,1.0465710266720407,0.5839562777876735,0.0023723412164162955,-0.7051546661335237,0.6021230143507394,0.002153478844617434,13.064050327452605,6.750722356350438e-7,-0.0,-2.3600000000000136,0.7057920622911185,0.00223519547861424,-0.4471633352388835,-7.023006224560493e-7,0.0,0.0,
2022/04/06 04:50,0.9754291606380434,0.5835969421273209,0.0023587092236496635,-0.7531776172350533,0.6036366585611938,0.0021513212721832216,13.065867729066555,5.490583262194527e-7,-0.0,-2.4266666666666765,0.7125294802329858,0.0022454504150620177,-0.36928006225275567,-5.479372979010977e-7,0.0,0.0,
2022/04/06 05:00,0.9051487047656224,0.5832872154098594,0.002345494389135616,-0.8025641363438467,0.6053573843187587,0.0021496721899354164,13.09484016159729,4.2418252731470147e-7,-0.0,-2.4933333333333394,0.7193182794388884,0.002255705688451545,-0.29275583410844774,-3.9613452924043846e-7,0.0,0.0,
2022/04/06 05:10,0.8402040614141697,0.5830637663233396,0.002333594394067175,-0.8034667495386998,0.6074224328684084,0.0021568879074486545,12.620222138511394,2.2386027306368203e-7,-0.0,-2.319999999999993,0.7187099130316954,0.0022830332349713708,-0.1648545328284854,-1.5420675582737266e-7,0.0,0.0,
2022/04/06 05:20,0.7838735860761972,0.5829189948053963,0.0023235130988079706,-0.7677641970080344,0.6098268269291492,0.002171135306074582,11.817237918753563,2.3503659787040796e-9,-0.0,-2.1200000000000045,0.7171851479932528,0.0023122602797166687,-0.03668978851510474,8.718118301985172e-8,0.0,0.0,
2022/04/06 05:30,0.7341450604598094,0.5828272001586989,0.002314789474783867,-0.7164146083322862,0.6124609337329368,0.0021887744187523215,10.84777256586051,-2.1896947535115827e-7,-0.0,-1.920000000000016,0.7155676205556256,0.002341490061233888,0.08705719536874312,3.199518722391193e-7,0.0,0.0,
2022/04/06 05:40,0.689667782284971,0.5827754271270107,0.0023071324941340743,-0.654809785183545,0.6152653796167412,0.002208785832518292,9.762283943086915,-4.390064762741121e-7,-0.0,-1.7200000000000273,0.7138607325742761,0.0023707225799074476,0.20733531568907893,5.459011324843186e-7,0.0,0.0,
2022/04/06 05:50,0.6494819719488873,0.5827553913555409,0.0023003397809705922,-0.5856474754322107,0.6181977363259741,0.0022306268835355844,8.60222178487561,-6.567754750606553e-7,-0.0,-1.5199999999999818,0.7120677914945748,0.002399957836121838,0.3248044197755462,7.662770863217343e-7,0.0,0.0,
2022/04/06 06:00,0.6129603977316833,0.5827625059654556,0.0022942820054735746,-0.5105486217359498,0.6212251356028136,0.00225395273317842,7.404433608155046,-8.713750034464945e-7,-0.0,-1.3199999999999932,0.7101920128220535,0.002429195830261621,0.43988618843695804,9.818764625186809e-7,0.0,0.0,
2022/04/06 06:10,0.58210818942797,0.5828799736044855,0.0022896150883126094,-0.4021526285022219,0.6245516977074351,0.002284114424878658,6.048697882395686,-1.1913621380271697e-6,-0.0,-1.0149999999999864,0.7107978751909985,0.0024864988411374632,0.6419389838758889,1.3645473969348861e-6,0.0,0.0,
2022/04/06 06:20,0.5588461233335238,0.5831192337698176,0.002286694797973692,-0.26864647363714766,0.628318173009752,0.00232048124836344,4.558010339706016,-1.5496187141044528e-6,-0.0,-0.6983333333333235,0.7113309088545113,0.002546931129225394,0.8484999074553343,1.755149784133658e-6,0.0,0.0,
2022/04/06 06:30,0.5420190580232997,0.5834462961320002,0.002285189325379336,-0.12294962720721969,0.6324205998924551,0.002360676474316552,2.990582042144752,-1.9066075668439519e-6,-0.0,-0.3816666666666606,0.7115096939465377,0.002607375114651534,1.0504859604577632,2.136180929322903e-6,0.0,0.0,
2022/04/06 06:40,0.5308807765231904,0.5838489763426521,0.002284924088343804,0.031255528191593385,0.6367880023753429,0.0024039329295480394,1.3864708021338858,-2.2603136305583e-6,-0.0,-0.06499999999999773,0.7113519516155299,0.002667830800812435,1.2484663787374757,2.5087278514171126e-6,0.0,0.0,
2022/04/06 06:50,0.5249692449544341,0.5843194332197768,0.002285790837593677,0.1919900020491241,0.641362869329716,0.0024497943034536905,-0.2244056353134738,-2.6095598506851084e-6,-0.0,0.25166666666666515,0.7108746686775089,0.002728298191105966,1.442794119858263,2.8734660151889025e-6,0.0,0.0,
2022/04/06 07:00,0.5240391251103347,0.584852718605117,0.002287730176316103,0.3579981374886074,0.6460965467370783,0.0024979420462332208,-1.8183359273092492,-2.953455947445427e-6,-0.0,0.568333333333328,0.7100941269086826,0.0027887772889313104,1.6336628580638717,3.23076815162016e-6,0.0,0.0,
2022/04/06 07:10,0.5325575273714094,0.5855944975949041,0.002292059430695738,0.5827311824246522,0.6513218927546439,0.002559684378587991,-3.6990723800062146,-3.4857793838151142e-6,-0.0,1.0950000000000273,0.7105318324403671,0.0028990862583119096,1.979209453875228,3.879164280095063e-6,0.0,0.0,
2022/04/06 07:20,0.5544605063892618,0.5865594554452784,0.002299503394267506,0.8511935678159261,0.657232484470754,0.0026337917038307067,-5.829560409925989,-4.086302390783027e-6,-0.0,1.6449999999999818,0.7101773407287145,0.0030149719823756686,2.3327835428549406,4.539798353815489e-6,0.0,0.0,
2022/04/06 07:30,0.5876345154171077,0.5876828801975063,0.0023094774070801035,1.1392325373435028,0.6636293515897257,0.002715553686305074,-8.107561678286288,-4.685578231834588e-6,-0.0,2.194999999999993,0.7089097138437254,0.003130900695754859,2.6782485791654835,5.182177449654799e-6,0.0,0.0,
2022/04/06 07:40,0.6306374567899979,0.5889383577907926,0.0023216617457558746,1.4402296029340391,0.6703756693529325,0.0028035518022169097,-10.46988167742427,-5.280240710023219e-6,-0.0,2.7450000000000045,0.7068080035913841,0.0032468724223750855,3.0166470980900613,5.808314147827383e-6,0.0,0.0,
2022/04/06 07:50,0.6824953525024853,0.5903073078294537,0.002335847167251527,1.750723031740506,0.6773606526313501,0.0028969689105017822,-12.867296031296293,-5.868242890320987e-6,-0.0,3.295000000000016,0.7039456901335299,0.003362887186179711,3.3486614141154405,6.4195344504624905e-6,0.0,0.0,
2022/04/06 08:00,0.7426103686277656,0.5917766473231428,0.0023519105154946236,2.068561687707586,0.6844912629898979,0.002995242675622246,-15.258652868854483,-6.447946309360352e-6,-0.0,3.8450000000000273,0.7003910581163191,0.003478945011129874,3.6746931554328057,7.01663025103446e-6,0.0,0.0,
2022/04/06 08:10,0.8131467233102398,0.5932950241202062,0.0023700500220270033,2.4187621090572975,0.6916207165045801,0.003103521762046796,-18.03999880317633,-6.993403875559965e-6,-0.0,4.560000000000002,0.6864842882149667,0.0035859885272985304,3.9645644565912335,7.527277495116347e-6,0.0,0.0,
2022/04/06 08:20,0.8954898327682486,0.5948363320228742,0.0023904419600686987,2.7938339989676706,0.6985262938605046,0.0032198371517145902,-20.98910745126659,-7.510240074194652e-6,-0.0,5.293333333333351,0.6714163764519948,0.003692061982814203,4.243928830112054,8.01322976732903e-6,0.0,0.0,
2022/04/06 08:30,0.9885467148341149,0.5964031866095874,0.0024129571813586844,3.181784417073402,0.7051237192257183,0.0033415278981496817,-23.95285179039547,-8.013374428450558e-6,-0.0,6.026666666666642,0.6563418366923889,0.00379817141575359,4.516487548208943,8.48319348736549e-6,0.0,0.0,
2022/04/06 08:40,1.0917232019536414,0.5979917431638742,0.002437526988496964,3.5791159931247307,0.7113607173844568,0.0034677774516287565,-26.897847371216134,-8.50301275341131e-6,-0.0,6.759999999999991,0.6413032296429801,0.0039043168444237416,4.782464658274193,8.937630334369565e-6,0.0,0.0,
2022/04/06 08:50,1.2046524285690339,0.5995990895762014,0.002464127415947475,3.983900112774961,0.7171983818026201,0.0035981007070351287,-29.800776943529854,-8.978860844817673e-6,-0.0,7.493333333333339,0.6263379905351,0.0040104982871441265,5.041938359609503,9.376727795897004e-6,0.0,0.0,
2022/04/06 09:00,1.327133475066944,0.6012230853806371,0.0024927691140644117,4.394884788064189,0.7226061856736711,0.003732149668425979,-32.64406781680066,-9.440579443776084e-6,-0.0,8.226666666666688,0.6114789297865081,0.00411671576224665,5.2948739865314565,9.800461598486649e-6,0.0,0.0,
2022/04/06 09:10,1.4522102689300027,0.6025959273229642,0.0025211210685941545,4.7288794238415335,0.7270285196368541,0.0038444931292261667,-35.04051350783527,-9.53285870755116e-6,-0.0,8.660000000000025,0.595449733688198,0.004128470370247375,5.240758379667113,9.659343862106558e-6,0.0,0.0,
2022/04/06 09:20,1.5737325209220785,0.6036829359470021,0.002547896134139832,5.008907616864633,0.7301341155901682,0.0039377282702422675,-36.93578031718005,-9.471223418967903e-6,-0.0,9.060000000000002,0.579737134199436,0.004129726906153292,5.15755527757301,9.465563992048635e-6,0.0,0.0,
2022/04/06 09:30,1.6951044333303003,0.6045967481789714,0.0025741576436703753,5.270565730297619,0.732143306009739,0.004021739000265633,-38.43954878418401,-9.383480703908233e-6,-0.0,9.45999999999998,0.5644878068748623,0.004130983447102538,5.076026640026157,9.275302830374348e-6,0.0,0.0,
2022/04/06 09:40,1.8187705812990203,0.605381743569585,0.0026005356433389374,5.522789883304142,0.7331783457353307,0.0040991732652913525,-39.64889825528019,-9.275823995567095e-6,-0.0,9.860000000000014,0.5496867617861277,0.004132239993095141,4.994118203118887,9.084656614428899e-6,0.0,0.0,
2022/04/06 09:50,1.9464245144659458,0.6060673989609764,0.0026274768731141805,5.769943519226274,0.7333232901618547,0.004171374906158154,-40.6445601708839,-9.15209203380748e-6,-0.0,10.259999999999991,0.5353195346907723,0.004133496544131134,4.910373372301365,8.89086523490882e-6,0.0,0.0,
2022/04/06 10:00,2.0791241030584047,0.6066724951057303,0.0026552764106634007,6.014592714717537,0.7326395106413689,0.00423914257960427,-41.49751322455245,-9.015415672348295e-6,-0.0,10.660000000000025,0.5213721672352545,0.004134753100210545,4.823830047576848,8.692111882347012e-6,0.0,0.0,
2022/04/06 10:10,2.215507807864242,0.6072510586050629,0.002683931594902262,6.238391780513496,0.7312497816437237,0.0042974528676706395,-41.9099223138636,-8.89956392914263e-6,-0.0,10.925000000000011,0.5137674811812942,0.004147049288091161,4.770491580848102,8.569199272269149e-6,0.0,0.0,
2022/04/06 10:20,2.3546508682175045,0.6078275410442363,0.0027133918556274043,6.44741036626732,0.7293446703112146,0.004348871002679353,-42.09645239224585,-8.794530861667018e-6,-0.0,11.175000000000011,0.506940879248023,0.004160572656337741,4.718529382764245,8.450361788028943e-6,0.0,0.0,
2022/04/06 10:30,2.49730188608288,0.6083946125184483,0.002743788812273812,6.650734026859425,0.7269834506163413,0.004396256628226558,-42.20168670808903,-8.684519033627545e-6,-0.0,11.425000000000011,0.500216239031877,0.004174096608745624,4.6635149946266665,8.325823716750563e-6,0.0,0.0,
2022/04/06 10:40,2.6437120958897253,0.6089504657988042,0.0027751859953451387,6.850994190401138,0.724201624371298,0.004440473140718434,-42.263346760367995,-8.5697796876807e-6,-0.0,11.675000000000011,0.4935918957562294,0.004187621145352663,4.605241275511844,8.195210430860276e-6,0.0,0.0,
2022/04/06 10:50,2.7938969174374506,0.6094921520788267,0.002807596932561152,7.049631343013914,0.7210253632908961,0.004481998316838975,-42.30731141881108,-8.450903173084405e-6,-0.0,11.925000000000011,0.48706621373654635,0.004201146266196714,4.543664118445577,8.05845396154846e-6,0.0,0.0,
2022/04/06 11:00,2.9477117719678745,0.6100159827510618,0.002840999704280709,7.24757231006032,0.7174753618811291,0.00452113754573828,-42.3520612871613,-8.328425926794203e-6,-0.0,12.175000000000011,0.4806375858468902,0.004214671971315632,4.4788549924869585,7.915703255961154e-6,0.0,0.0,
2022/04/06 11:10,3.105145835502924,0.6104218743969231,0.002874942473451519,7.445626629904609,0.7133614799120345,0.004556816775269293,-42.65919451382615,-8.09119444172985e-6,-0.0,12.485000000000014,0.46876130475493094,0.004195068848442604,4.304268745342597,7.559512619051628e-6,0.0,0.0,
2022/04/06 11:20,3.265538526795865,0.6106792367882161,0.002909150466684613,7.645249336453162,0.708454582950546,0.004587848175603553,-43.059032509243025,-7.800372107993813e-6,-0.0,12.801666666666677,0.4565916149322344,0.004171786353852155,4.11682115352005,7.179057996465042e-6,0.0,0.0,
2022/04/06 11:30,3.428550760549115,0.610818835599059,0.002943700215746794,7.847265511747594,0.702778464714741,0.004614438615138235,-43.47012033955651,-7.501283003586656e-6,-0.0,13.11833333333334,0.4447472767179335,0.004148505590525421,3.9282649124522777,6.797232475870805e-6,0.0,0.0,
2022/04/06 11:40,3.593955978687177,0.6108513073870608,0.002978596808248163,8.052205582606234,0.6963525566817597,0.0046366756280453785,-43.894036072893535,-7.1963399038533735e-6,-0.0,13.435000000000002,0.43321912875102275,0.004125226558269304,3.7385834333697403,6.413995792348998e-6,0.0,0.0,
2022/04/06 11:50,3.7615332691896697,0.6107846325573896,0.0030138334214395816,8.260479955195933,0.6891938276893943,0.004654590363965457,-44.33048434111072,-6.886706398970813e-6,-0.0,13.751666666666665,0.4219982825544399,0.00410194925689074,3.547798961198623,6.029383544253882e-6,0.0,0.0,
2022/04/06 12:00,3.931079497411872,0.6106252813278495,0.00304939904900903,8.47242668279722,0.6813181528106427,0.004668179143884171,-44.77783551496714,-6.573142193092117e-6,-0.0,14.068333333333328,0.4110761139434344,0.00407867368619669,3.355947381363876,5.64345856803715e-6,0.0,0.0,
2022/04/06 12:10,4.099332465957048,0.6104821119120449,0.003085135822451741,8.656710887553913,0.673001646900497,0.004669155378868959,-44.57005417100902,-6.352591843672726e-6,-0.0,14.144999999999982,0.410008718966364,0.004088424862058238,3.2712214054147353,5.480845271463675e-6,0.0,0.0,
2022/04/06 12:20,4.264597915756951,0.6104025012583154,0.003120911877070098,8.820594982985199,0.6647013263942606,0.00466295556126519,-44.05283386232156,-6.1813320647434415e-6,-0.0,14.194999999999993,0.41001476156350947,0.004101846117291416,3.1983336379059892,5.342898110886381e-6,0.0,0.0,
2022/04/06 12:30,4.428077488395672,0.6103621197910252,0.003156862440484824,8.97650177452283,0.6565024304670973,0.004654161862100451,-43.44227178311769,-6.0139042630840045e-6,-0.0,14.245000000000005,0.4100169940851213,0.0041152679479511504,3.1248787610800264,5.20394494987385e-6,0.0,0.0,
2022/04/06 12:40,4.590411863491852,0.6103544368484093,0.003193095270864982,9.127283860443242,0.6484527879260131,0.004644052890242027,-42.76835222726334,-5.848423435728984e-6,-0.0,14.295000000000016,0.4100154442138284,0.004128690354074449,3.0505054298168943,5.063344915765585e-6,0.0,0.0,
2022/04/06 12:50,4.752023129196232,0.6103736697584787,0.0032296767244634934,9.274244348778325,0.6405869272157171,0.004633326737830016,-42.05454654023584,-5.684474007620117e-6,-0.0,14.345000000000027,0.4100101394660658,0.0041421133356983235,2.9749972898398482,4.920707600882497e-6,0.0,0.0,
2022/04/06 13:00,4.913153584312113,0.6104140563073921,0.0032666345347184653,9.418092061523112,0.6329312635855759,0.004622440330089877,-41.32099212884327,-5.522049054887621e-6,-0.0,14.394999999999982,0.4100011071930742,0.004155536892859787,2.89826391646352,4.775876725635928e-6,0.0,0.0,
2022/04/06 13:10,5.071954419187705,0.6104724721846474,0.0033035275569677142,9.537452436373599,0.6255075943412312,0.004604927163456547,-40.31083763966251,-5.344149839567671e-6,-0.0,14.324999999999989,0.4129423722474931,0.004166500331177812,2.813720572880584,4.627085133407012e-6,0.0,0.0,
2022/04/06 13:20,5.227102708757172,0.6105519963015994,0.003340053871373935,9.63839839815688,0.618429930233009,0.004583664871777666,-39.14365236324841,-5.166155029119247e-6,-0.0,14.241666666666674,0.41623527628209633,0.004177190734551438,2.7294826495481175,4.480144731625686e-6,0.0,0.0,
2022/04/06 13:30,5.379430929349667,0.6106521533548617,0.0033763892129168196,9.729951975864026,0.6117604927349134,0.004562044019396969,-37.915868578997454,-4.990053473054275e-6,-0.0,14.15833333333336,0.41955321128758644,0.004187881502961121,2.645868582958883,4.334488385994054e-6,0.0,0.0,
2022/04/06 13:40,5.529406298380366,0.6107709335421097,0.0034126210990442865,9.814314105966162,0.6055256988941676,0.004541039021498891,-36.65526267379619,-4.816378658943529e-6,-0.0,14.074999999999989,0.4228963725083545,0.00419857263642556,2.562593022752935,4.189589041637529e-6,0.0,0.0,
2022/04/06 13:50,5.677300148069378,0.6109050714779214,0.003448786511979014,9.892559426745834,0.5997369694940172,0.0045211516606109775,-35.38278497549754,-4.645758940937685e-6,-0.0,13.991666666666674,0.4262649567818527,0.004209264134963452,2.4795353885465374,4.045227059409241e-6,0.0,0.0,
2022/04/06 14:00,5.823232927271135,0.6110504275939826,0.003484882421857669,9.965328324637767,0.594396084089096,0.0045026683280171105,-34.11524759561928,-4.478799191646668e-6,-0.0,13.90833333333336,0.4296591625522521,0.004219955998593498,2.3967055592634097,3.901425532700465e-6,0.0,0.0,
2022/04/06 14:10,5.966266438148523,0.6111243793281124,0.0035201918488408255,10.019964343492063,0.589209019694176,0.004479579528574637,-32.930622227176514,-4.2019336701649104e-6,-0.0,13.810000000000002,0.4300364058822551,0.004196601667262962,2.2054325219410202,3.554444456838741e-6,0.0,0.0,
2022/04/06 14:20,6.105233306585433,0.611099417805492,0.0035542365075466615,10.061892874805835,0.5839107211194247,0.004451583401615274,-31.739768981458955,-3.880798862768498e-6,-0.0,13.70999999999998,0.430062089096173,0.004169466637357824,2.0059563001739207,3.1921310700181703e-6,0.0,0.0,
2022/04/06 14:30,6.240542745231494,0.6110020622527906,0.0035872346287697727,10.097355766774115,0.5785688729159061,0.004421129502139967,-30.5270953150216,-3.5575917838945786e-6,-0.0,13.610000000000014,0.4300720044001565,0.00414233395903984,1.8098999785972865,2.8362441410089853e-6,0.0,0.0,
2022/04/06 14:40,6.372476031015992,0.6108420836950176,0.0036192825887018786,10.128027806700459,0.5732238501815858,0.004389063495665074,-29.310659249775316,-3.2353493123917446e-6,-0.0,13.509999999999991,0.4300659184784156,0.004115203632003335,1.616949321881748,2.4861803642148757e-6,0.0,0.0,
2022/04/06 14:50,6.5011865464025504,0.6106255223280497,0.0036504269861443116,10.154761368367474,0.5679046020990497,0.0043558909462875555,-28.103988229016185,-2.9158916891406762e-6,-0.0,13.410000000000025,0.4300435951754881,0.004088075655942682,1.4269523937562099,2.141642645167281e-6,0.0,0.0,
2022/04/06 15:00,6.62673218279798,0.6103560591467379,0.003680678820745912,10.178068927951756,0.5626329355145863,0.004321957790965529,-26.917479516355346,-2.6005266183548883e-6,-0.0,13.310000000000002,0.43000479546293086,0.00406095003055231,1.2398733288962376,1.802552054957216e-6,0.0,0.0,
2022/04/06 15:10,6.749274345472145,0.6101346554284927,0.003710672576153703,10.203524666198916,0.5578356648383861,0.004292206271156577,-25.52863970013789,-2.4273389748420754e-6,-0.0,13.16500000000002,0.4357891031684777,0.004076895238535182,1.19406807513883,1.7345004326489407e-6,0.0,0.0,
2022/04/06 15:20,6.869466054390045,0.609997784365533,0.003740794325729271,10.227676192889533,0.5539393364809964,0.004268958482614403,-24.124255311886603,-2.321691173802969e-6,-0.0,13.014999999999986,0.44230704739426874,0.004097627255344281,1.1634528749275432,1.6956989286614879e-6,0.0,0.0,
2022/04/06 15:30,6.98705956631909,0.6099103753541323,0.0037707627454240827,10.247640723443396,0.5508541726653227,0.004250730219923446,-22.779229196863184,-2.2314579440911713e-6,-0.0,12.865000000000009,0.4489163498984991,0.004118360645245911,1.133342083374373,1.6579545858044737e-6,0.0,0.0,
2022/04/06 15:40,7.101766908371133,0.6098571481131556,0.0038004010106356977,10.262814167262093,0.5485037409020753,0.0042367948790356874,-21.48664319581769,-2.153225641016604e-6,-0.0,12.714999999999975,0.45561831761235494,0.004139095408376489,1.1043122370977017,1.622351339199598e-6,0.0,0.0,
2022/04/06 15:50,7.213367756767184,0.6098273343960586,0.003829573530520718,10.273038068840265,0.5468182939815707,0.0042265952484305145,-20.239614339731705,-2.085078712491199e-6,-0.0,12.564999999999998,0.4624142769785138,0.004159831544872446,1.0768054301486245,1.589716776266668e-6,0.0,0.0,
2022/04/06 16:00,7.321703471619685,0.6098132338574564,0.0038581770601099534,10.278340114848334,0.5457337018229501,0.004219660660278561,-19.0318782558245,-2.0256794589084303e-6,-0.0,12.41500000000002,0.46930557425706015,0.004180569054870235,1.051158292935952,1.5606784337331682e-6,0.0,0.0,
2022/04/06 16:10,7.4256878282142225,0.6099164536748629,0.0038865587899015535,10.271677198770817,0.5456592095326668,0.004217189138284379,-17.44541964479822,-2.1131485524540068e-6,-0.0,12.144999999999982,0.485317938293118,0.004247536386451638,1.1769665511076255,1.8300804998868547e-6,0.0,0.0,
2022/04/06 16:20,7.52522704706962,0.6101778923381909,0.003914952050030972,10.252568225897562,0.5470488515992946,0.0042225672048471765,-15.740745446670418,-2.274584736935095e-6,-0.0,11.861666666666679,0.5028083856979616,0.004319656057773991,1.3195364054854508,2.133157795678035e-6,0.0,0.0,
2022/04/06 16:30,7.620614121631377,0.6105596026684204,0.003943188396518248,10.223221494096208,0.5497314157545827,0.004235038582087483,-14.048441240204854,-2.45377173809841e-6,-0.0,11.578333333333319,0.5208077884841649,0.004391792341843675,1.462672042223403,2.4380204519318412e-6,0.0,0.0,
2022/04/06 16:40,7.711916344942381,0.6110440338312297,0.003971166131124835,10.184490928362493,0.5535454139857041,0.0042535129312331705,-12.37426201436051,-2.64664675819314e-6,-0.0,11.295000000000016,0.539330698403126,0.004463945244401466,1.6067050668909815,2.7453088953644787e-6,0.0,0.0,
2022/04/06 16:50,7.7991652365493565,0.6116180230425416,0.003998799745743964,10.13712022276377,0.5583454095957814,0.00427697910744535,-10.722526118096882,-2.8511168241266574e-6,-0.0,11.011666666666656,0.5583920947983574,0.004536114771190782,1.7519142971818837,3.0555580158900977e-6,0.0,0.0,
2022/04/06 17:00,7.882362173760555,0.6122712115187814,0.004026011785537217,10.081816632147081,0.5640029322039966,0.004304541227743486,-9.097244887158809,-3.0658901444067524e-6,-0.0,10.728333333333353,0.5780073977022065,0.004608300927957691,1.898552293138664,3.3692489529216027e-6,0.0,0.0,
2022/04/06 17:10,7.957684825625279,0.6128131054479223,0.004050462596336608,9.969847058209155,0.5696023465653359,0.004314863863548517,-7.469532227807463,-2.9837728600408333e-6,-0.0,10.324999999999989,0.5912818593843389,0.0045888268838171166,1.7553354134192887,3.141858242987101e-6,0.0,0.0,
2022/04/06 17:20,8.021392021379086,0.6131800171278717,0.004070636232844114,9.819337904345446,0.574494076321831,0.004308173230453436,-5.6748244347471655,-2.7819336853951723e-6,-0.0,9.90833333333336,0.6041041774746382,0.004559170023616033,1.5928632034774637,2.877930877619968e-6,0.0,0.0,
2022/04/06 17:30,8.075365083999145,0.6134427518877992,0.004087475570015923,9.652321281904278,0.5789484094577286,0.004293060592333786,-3.7347536310113587,-2.5674489199464516e-6,-0.0,9.491666666666674,0.6172360642120496,0.0045295159706393775,1.4412716211318184,2.6337062949827116e-6,0.0,0.0,
2022/04/06 17:40,8.120944508907769,0.6136321936576958,0.004101526815206464,9.474214284570905,0.583115852158013,0.004272353112991027,-1.7075415463204993,-2.349340258100026e-6,-0.0,9.074999999999989,0.6306855318371408,0.004499864724488583,1.2987797573696298,2.4058534626846475e-6,0.0,0.0,
2022/04/06 17:50,8.159019713651617,0.6137676728792903,0.004113144405112717,9.2876123638855,0.587096845323788,0.0042476471290013055,0.3601319056770081,-2.1333902377652555e-6,-0.0,8.65833333333336,0.6444608061125792,0.004470216284765159,1.164231970927176,2.1922111465972518e-6,0.0,0.0,
2022/04/06 18:00,8.190117896141544,0.6138606828708965,0.004122535864953931,9.09401106447308,0.590962344625685,0.004219971873713916,2.4298795078351536,-1.9238357757153748e-6,-0.0,8.241666666666674,0.6585703318076467,0.004440570651070692,1.0369516250466404,1.991511695807486e-6,0.0,0.0,
2022/04/06 18:10,8.21369138812031,0.613758144288811,0.004128496053234531,8.87881595010299,0.5941114680328968,0.004180981152742811,4.156535493139586,-1.4838561182836302e-6,-0.0,7.8700000000000045,0.6594936507472834,0.004335011642682909,0.6733435631078919,1.3296755762959555e-6,0.0,0.0,
2022/04/06 18:20,8.228290087215498,0.6134009485817868,0.0041302000957295715,8.64994440895805,0.5959788655164033,0.004129331743740009,5.801651623672228,-9.468647448703738e-7,-0.0,7.50333333333333,0.6585499766803481,0.004221057049275716,0.2962388698947507,6.387638377826565e-7,0.0,0.0,
2022/04/06 18:30,8.234408555626828,0.6128484726187736,0.004128182815096662,8.41528088444801,0.5967781175679238,0.0040692238369089626,7.451890476884842,-4.032774215851334e-7,-0.0,7.136666666666656,0.6571834621507464,0.004107143913832567,-0.06859728497420292,-3.109176767852919e-8,0.0,0.0,
2022/04/06 18:40,8.232461064533311,0.6121275923867526,0.004122745501516403,8.176818487574167,0.5966547284166949,0.0040025971143808564,9.084941165806983,1.3918883495368932e-7,-0.0,6.769999999999982,0.6553706124089109,0.003993272213733264,-0.42214733113382863,-6.817507546391023e-7,0.0,0.0,
2022/04/06 18:50,8.222698414210129,0.6112567761717088,0.004114093321376028,7.935458434474924,0.5957164065482429,0.00393075218190295,10.68484813697353,6.762202685715979e-7,-0.0,6.403333333333308,0.6530868346127917,0.0038794419263740647,-0.7650802867751736,-1.3144807935785862e-6,0.0,0.0,
2022/04/06 19:00,8.205256010504172,0.6102491689332248,0.004102368771036993,7.691661410391362,0.5940450380310748,0.003854639580256838,12.240409158011403,1.2050835889000077e-6,-0.0,6.03666666666669,0.6503063879864391,0.0037656530291676634,-1.097860834575613,-1.93016374397829e-6,0.0,0.0,
2022/04/06 19:10,8.182532925814712,0.609222404202447,0.004089058715518252,7.476200630108451,0.5921656031718602,0.003785892396638961,13.71581852194993,1.5404129467456497e-6,-0.0,5.7450000000000045,0.6532105321502624,0.0037064954819544457,-1.2473464666268228,-2.1984136049821845e-6,0.0,0.0,
2022/04/06 19:20,8.156808972147928,0.6082199084939298,0.00407510602414019,7.279290116374966,0.590505696373194,0.0037243930250725784,15.014567028707122,1.7876358112518572e-6,-0.0,5.461666666666645,0.6566978182983322,0.003653414113615945,-1.3749254200342875,-2.425792475609228e-6,0.0,0.0,
2022/04/06 19:30,8.126919909600133,0.6072038490543031,0.0040599396712237374,7.087711959161311,0.5889707652462554,0.003665921230375482,16.152267866431202,2.010551238698348e-6,-0.0,5.178333333333342,0.6600957453256581,0.0036003417507542088,-1.498517870696105,-2.6464916745460017e-6,0.0,0.0,
2022/04/06 19:40,8.092038127852106,0.6061595155939685,0.004043244455930219,6.8982697763713645,0.5875149058246163,0.003609295694037801,17.165399980063402,2.214915485790423e-6,-0.0,4.894999999999982,0.663398744964008,0.003547278391077706,-1.61709611453648,-2.8586017728791627e-6,0.0,0.0,
2022/04/06 19:50,8.051625305188736,0.6050790410852522,0.0040248366109040265,6.70945520888057,0.586109097583906,0.0035539165097299586,18.084888250986637,2.4046017199235838e-6,-0.0,4.611666666666679,0.6666010242048971,0.003494224032295683,-1.7300609860210443,-3.061009874985778e-6,0.0,0.0,
2022/04/06 20:00,8.005385519611309,0.6039592840623533,0.004004635370163471,6.520415754788587,0.5847333009681622,0.0034994281960255714,18.937483103549084,2.5825907774076134e-6,-0.0,4.328333333333319,0.6696965569524135,0.0034411786721181632,-1.8371491553346004,-3.2532258361924837e-6,0.0,0.0,
2022/04/06 20:10,7.9549301309972975,0.6027649061324941,0.003982870403336704,6.347969680401263,0.5832427384570201,0.00344897844865325,19.416355259963893,2.78189229163514e-6,-0.0,4.1650000000000205,0.6644639335375732,0.0033750262516518523,-1.9818743369580716,-3.5294176817398754e-6,0.0,0.0,
2022/04/06 20:20,7.901241654487478,0.601476911803806,0.003959705044364828,6.187928750275091,0.5814132466771473,0.00340011837378001,19.69893176957044,2.9932156391544133e-6,-0.0,4.014999999999986,0.6581258307028524,0.0033074308260487776,-2.1267384581342412,-3.8077391716477073e-6,0.0,0.0,
2022/04/06 20:30,7.843684942102186,0.6001056066966401,0.003935056714589821,6.033166979436942,0.5792254046949405,0.003351019100745809,19.902359539869966,3.201705764763827e-6,-0.0,3.865000000000009,0.6515872104707592,0.0032398500113513377,-2.2667197178921015,-4.077386673373518e-6,0.0,0.0,
2022/04/06 20:40,7.781998131490923,0.5986573871469306,0.003908921536198207,5.881827328045688,0.5766803629799204,0.0033012720524704386,20.05277348630557,3.407341188055334e-6,-0.0,3.714999999999975,0.6448441122230021,0.0031722838028227732,-2.4018054880762065,-4.338347588413403e-6,0.0,0.0,
2022/04/06 20:50,7.7160928237188955,0.5971387894116646,0.0038813452446422895,5.732941139730599,0.5737844503787523,0.0032507197700947063,20.169107381993857,3.610514066731738e-6,-0.0,3.5649999999999977,0.637892503139998,0.0031047321957283717,-2.532144904451343,-4.590904857228396e-6,0.0,0.0,
2022/04/06 21:00,7.646006664211427,0.5955564105064739,0.003852408583772021,5.5858992984896645,0.5705457283910903,0.0031993034248264493,20.26601181145509,3.811659523125355e-6,-0.0,3.4150000000000205,0.6307282768891606,0.0030371951853354682,-2.6580012475690182,-4.83555001349328e-6,0.0,0.0,
2022/04/06 21:10,7.57522866559367,0.5939455513791041,0.003823285193028164,5.478768312568832,0.5671304657747192,0.0031563646464536662,19.971726220342138,3.932563384440803e-6,-0.0,3.444999999999993,0.6193253951431359,0.0029883790441723617,-2.7222094110791204,-4.972251351749834e-6,0.0,0.0,
2022/04/06 21:20,7.506406530988045,0.5923120014518715,0.0037947088416117867,5.401003139640977,0.5635670522261094,0.0031194431404678777,19.416931117993954,4.026705655907115e-6,-0.0,3.4950000000000045,0.6075375658148073,0.002941648747349502,-2.78140030469217,-5.100111312168655e-6,0.0,0.0,
2022/04/06 21:30,7.438179670912973,0.5906423357812516,0.003766231261342873,5.336273534979398,0.5597675612595956,0.003084324407531535,18.734099450160215,4.116080290955969e-6,-0.0,3.545000000000016,0.5958259896279308,0.0028949254380401706,-2.840890458613785,-5.228303718270716e-6,0.0,0.0,
2022/04/06 21:40,7.369759198473957,0.5889325206032842,0.003737622854272198,5.28040251405929,0.5556970127902424,0.0030498492400308657,17.96895956267065,4.203311107906931e-6,-0.0,3.5950000000000273,0.5841902309733521,0.002848209114677237,-2.8999312744151666,-5.355450678917544e-6,0.0,0.0,
2022/04/06 21:50,7.300688449926213,0.5871823893440122,0.0037087697237629426,5.2312879090351885,0.5513380034645703,0.003015433606303431,17.156930212894395,4.290439111720634e-6,-0.0,3.644999999999982,0.5726298567029803,0.002801499775694035,-2.9581513975040252,-5.480871998571483e-6,0.0,0.0,
2022/04/06 22:00,7.230771580757107,0.5853944726103075,0.0036796445751902584,5.187657444689307,0.5466822728681229,0.002980735485958422,16.327107881954817,4.379101779903689e-6,-0.0,3.694999999999993,0.5611444361155207,0.002754797419524371,-3.0154618389301504,-5.604409633948902e-6,0.0,0.0,
2022/04/06 22:10,7.160441159601419,0.5836736504567098,0.0036510234228081698,5.157710323209926,0.5421793202260653,0.0029498786570695697,15.706075676852722,4.324687223690941e-6,-0.0,3.714999999999975,0.5600015706211272,0.002753057068345529,-2.927817053809804,-5.44225429639605e-6,0.0,0.0,
2022/04/06 22:20,7.090741289902098,0.5820631666265933,0.0036234330176313206,5.136747458862999,0.5382982431606602,0.002924369532330958,15.133413279821184,4.2080489317105555e-6,-0.0,3.7316666666666833,0.5600026632709517,0.002756312101060424,-2.827245580677072,-5.2543773683288945e-6,0.0,0.0,
2022/04/06 22:30,7.021596698753626,0.5805326195206082,0.003596650845618999,5.119746447250407,0.5349579181502512,0.0029026817808883217,14.553917706624588,4.084212952489471e-6,-0.0,3.748333333333335,0.560003070837319,0.0027595671676936585,-2.7293092391662412,-5.071469236020688e-6,0.0,0.0,
2022/04/06 22:40,6.95297020445264,0.5790711483397456,0.0035705894180547947,5.105147785543238,0.5320962872480992,0.0028841335634273435,13.982058877184613,3.957426137337802e-6,-0.0,3.7649999999999864,0.5600027951191219,0.002762822268245763,-2.6337227725343837,-4.892985857523336e-6,0.0,0.0,
2022/04/06 22:50,6.884916914336372,0.5776719670783884,0.003545210748091164,5.092106459595868,0.5296603853592105,0.002868249320464478,13.428039260922448,3.830004259613592e-6,-0.0,3.7816666666666947,0.5600018379113662,0.0027660774027172676,-2.540362324758462,-4.718687372362247e-6,0.0,0.0,
2022/04/06 23:00,6.817552951083314,0.5763306627557432,0.003520506903962923,5.080103114517499,0.5276037185658811,0.0028546606921556472,12.898895792934583,3.703420746735424e-6,-0.0,3.798333333333346,0.5600002010051894,0.0027693325711087013,-2.449202034335258,-4.54851852809224e-6,0.0,0.0,
2022/04/06 23:10,6.743417291004903,0.5749958296953308,0.0034943511331809087,4.981665631654835,0.5255783108243899,0.002824112714974611,13.314652018877382,3.724369221954386e-6,-0.0,3.394999999999982,0.5700264401838144,0.0027397124646260746,-2.460497492226523,-4.552767116163367e-6,0.0,0.0,
2022/04/06 23:20,6.657170502289546,0.5736724209852955,0.0034655253199198915,4.819339622580912,0.5235757156530596,0.0027814662710314688,14.359234164409715,3.7906464893285786e-6,-0.0,2.944999999999993,0.581361071183961,0.0027064429143571975,-2.4749862856310756,-4.5619184917190655e-6,0.0,0.0,
2022/04/06 23:30,6.562494399428147,0.5723946927126456,0.0034351760828897774,4.629347527116465,0.5217848779387422,0.0027351811857352563,15.729270832537736,3.864310978531556e-6,-0.0,2.4950000000000045,0.5929016004921767,0.00267317690733685,-2.484496406892731,-4.5625752128435445e-6,0.0,0.0,
2022/04/06 23:40,6.461790629420761,0.5711781845229582,0.0034040047815116804,4.42068491387721,0.5202725228531564,0.0026874959975984043,17.32693401994368,3.940977401514862e-6,-0.0,2.045000000000016,0.604649451381818,0.002639914442999023,-2.4913146384949414,-4.558959934893709e-6,0.0,0.0,
2022/04/06 23:50,6.356700475479897,0.5700293817350046,0.003372460110286631,4.197798057312411,0.519065437104696,0.0026394702519264525,19.073191203579544,4.016958393601235e-6,-0.0,1.5950000000000273,0.6166058571496169,0.002606655520777826,-2.496903949582247,-4.553768292557068e-6,0.0,0.0,
2022/04/07 00:00,6.2482389421132325,0.5689479043249805,0.003340790705446106,3.9633589592431804,0.5181701995827436,0.0025916708672337183,20.90033950781958,4.089168461621278e-6,-0.0,1.1449999999999818,0.6287718419752738,0.002573400140107489,-2.502075019810036,-4.54848678868717e-6,0.0,0.0,
2022/04/07 00:10,6.141654801171057,0.5679387864974503,0.003310242116534531,3.772310380985971,0.5176862680872437,0.002554513584294915,22.132887269987126,4.094912371222107e-6,-0.0,0.964999999999975,0.6315673442739037,0.0025514595803300746,-2.4740085623384402,-4.4938479282714566e-6,0.0,0.0,
2022/04/07 00:20,6.040417456057639,0.5669824241757566,0.0032814695030365265,3.6126543161811355,0.5175045715230221,0.002524921234278632,22.970633455199167,4.08025147029751e-6,-0.0,0.8149999999999977,0.6332821718209544,0.0025307773078654147,-2.4476300256251307,-4.443751023797861e-6,0.0,0.0,
2022/04/07 00:30,5.942292838343974,0.5660545279249998,0.003253789345521697,3.463282351664134,0.5174984533897425,0.002498307623336864,23.593296730360862,4.056961075207786e-6,-0.0,0.6650000000000205,0.6349680434893392,0.0025100964051589163,-2.4248089728203013,-4.400339039953862e-6,0.0,0.0,
2022/04/07 00:40,5.845705801223573,0.5651382908557852,0.0032267300715886757,3.319384950901963,0.5176104855161828,0.002473471475320219,24.044715105663954,4.026627467221882e-6,-0.0,0.5149999999999864,0.636624022979794,0.0024894168720745076,-2.4040078437328702,-4.360754667265954e-6,0.0,0.0,
2022/04/07 00:50,5.7494611891593195,0.5642221636812165,0.0031999487306274806,3.1787833824184304,0.51780532964469,0.0024498207472179474,24.363946635706384,3.991083145545291e-6,-0.0,0.3650000000000091,0.6382491536760052,0.0024687387084761357,-2.384108449199857,-4.322919644516003e-6,0.0,0.0,
2022/04/07 01:00,5.652708053620756,0.5632992060221734,0.003173214660910457,3.0402841755339978,0.51805904210004,0.0024270087338010174,24.587861779077116,3.9521541993698345e-6,-0.0,0.214999999999975,0.639842458237391,0.002448061914227765,-2.3643587176773053,-4.285436551173846e-6,0.0,0.0,
2022/04/07 01:10,5.559322147520788,0.5624605149998674,0.00314789344186338,2.9562061464230283,0.5188174908630981,0.0024160768255875016,24.375973962522153,3.7440866628664935e-6,-0.0,0.27499999999997726,0.643141509356356,0.002471504164754495,-2.205365547040401,-3.983745897391523e-6,0.0,0.0,
2022/04/07 01:20,5.472575022125113,0.5617249983154138,0.0031247777381764787,2.911610014866426,0.5203595404700794,0.0024156038291904174,23.81731863456196,3.472636594891078e-6,-0.0,0.3583333333333485,0.6465725980974587,0.0024998508922995143,-2.037572418664695,-3.665229414196922e-6,0.0,0.0,
2022/04/07 01:30,5.3901964025033635,0.56105098057792,0.0031031028690512,2.8834671865649284,0.522487348238215,0.0024206633579771115,23.051536132485353,3.193096876089446e-6,-0.0,0.4416666666666629,0.6499417549585539,0.002528200193455768,-1.8744687365222035,-3.3555454632914587e-6,0.0,0.0,
2022/04/07 01:40,5.310708403398166,0.5604214061844096,0.0030824312958026364,2.8657546596764405,0.525081875478058,0.002429663191897044,22.14840371732521,2.9102430652286438e-6,-0.0,0.5249999999999773,0.6532496719474371,0.0025565520685737596,-1.7146279056817093,-3.052036422974602e-6,0.0,0.0,
2022/04/07 01:50,5.233155184381587,0.5598271597522595,0.0030624919428343333,2.855440349331559,0.5280550346010177,0.002441679792988019,21.162304950429416,2.6273191064026984e-6,-0.0,0.6083333333333485,0.656497033961808,0.0025849065180040603,-1.5571660836953924,-2.753058162526423e-6,0.0,0.0,
2022/04/07 02:00,5.156993596261486,0.5592646548432522,0.0030431383603308033,2.8507093213776784,0.5313378088741983,0.0024560909643285564,20.1378862705667,2.346773089623974e-6,-0.0,0.6916666666666629,0.6596845188618772,0.002613263542097299,-1.4016057701635418,-2.457725094625351e-6,0.0,0.0,
2022/04/07 02:10,5.080131865753515,0.5586361964947254,0.0030233877184331188,2.8260271040047655,0.5344584918227124,0.0024662319974802236,19.12284793042261,2.2150369957561065e-6,-0.0,0.714999999999975,0.6554742483694197,0.0026009133239588587,-1.3774767069971858,-2.4187669738971595e-6,0.0,0.0,
2022/04/07 02:20,5.0007047735579135,0.5579162595369167,0.003002717333035909,2.7879533749515417,0.5370248032434688,0.002471405220421641,18.21879947193679,2.1484904231343385e-6,-0.0,0.7316666666666833,0.6504563237171433,0.00258404078758244,-1.3650938297598714,-2.4028221363335513e-6,0.0,0.0,
2022/04/07 02:30,4.919767554936129,0.5571454825233524,0.0029815841326966356,2.746639024306262,0.5391339353490875,0.0024738520705772124,17.43462490554748,2.0958310671090606e-6,-0.0,0.7483333333333348,0.6454496285843186,0.002567169162747416,-1.3511989734820418,-2.383949349013119e-6,0.0,0.0,
2022/04/07 02:40,4.83820037845021,0.5563429849701909,0.0029602832262913517,2.7043893817511275,0.5408454361467119,0.0024742693010930657,16.750594623336497,2.0537433336517566e-6,-0.0,0.7649999999999864,0.6404541409864619,0.0025502984493799186,-1.336754340157995,-2.3639594609557408e-6,0.0,0.0,
2022/04/07 02:50,4.756695876885942,0.5555222969793582,0.0029390342029266703,2.6622069545429667,0.5422039867183776,0.0024730547727236556,16.14748644432666,2.0200604345445903e-6,-0.0,0.7816666666666947,0.6354698389815506,0.00253342864740609,-1.322475899760775,-2.3441996853586074e-6,0.0,0.0,
2022/04/07 03:00,4.675768565351916,0.5546927478151502,0.002917992491985038,2.6206046885624232,0.5432452207395385,0.0024704763068597586,15.606408869671215,1.9930588916532395e-6,-0.0,0.7983333333333462,0.6304967006699099,0.002516559756752077,-1.3088704296451397,-2.3256241071455064e-6,0.0,0.0,
2022/04/07 03:10,4.59505886429622,0.5538973261758942,0.0028973084837543477,2.5731389844513615,0.544131120075019,0.002466149009404193,15.299434901178872,1.9306428659453605e-6,-0.0,0.7549999999999955,0.6314892456426977,0.002512633835528169,-1.2542307288547363,-2.2222290248275655e-6,0.0,0.0,
2022/04/07 03:20,4.51452061028948,0.5531544689730246,0.002877064492370873,2.5211549036643532,0.5450562582287212,0.0024612028779286772,15.107403218518131,1.8520755753954482e-6,-0.0,0.7049999999999841,0.6331483974623076,0.00251014598516071,-1.1963368754627481,-2.1118866678524693e-6,0.0,0.0,
2022/04/07 03:30,4.43459304477966,0.5524557829246585,0.0028572991636838323,2.467347616959273,0.546029231199896,0.002456151700658081,14.959593430891118,1.7740591354286137e-6,-0.0,0.6549999999999727,0.6348122299350765,0.0025076581546147067,-1.1400036359673322,-2.0044830426604224e-6,0.0,0.0,
2022/04/07 03:40,4.355505543771642,0.5517985301494995,0.0028380373041847692,2.4124224635062888,0.5470511463974751,0.0024511232206394775,14.842621218542718,1.6970394248801853e-6,-0.0,0.6050000000000182,0.6364807563584565,0.002505170343889922,-1.0853118918741984,-1.900164438968483e-6,0.0,0.0,
2022/04/07 03:50,4.277394125881813,0.5511800368031899,0.0028192848533646524,2.3567451211015964,0.5481208874919204,0.002446174862260329,14.746765712575893,1.621063852763004e-6,-0.0,0.5550000000000068,0.6381539900632996,0.00250268255298612,-1.032281008878499,-1.7989635741531853e-6,0.0,0.0,
2022/04/07 04:00,4.200325967240246,0.5505975928825839,0.002801033808324854,2.3005428016638803,0.5492363210707942,0.0024413349594007015,14.664547876365647,1.5461056148633097e-6,-0.0,0.5049999999999955,0.6398319444139002,0.002500194781903063,-0.9808848935504102,-1.700829002507558e-6,0.0,0.0,
2022/04/07 04:10,4.1243144812502806,0.5501106824614643,0.002783581904557742,2.246008890426822,0.5506224624402738,0.0024379844723674444,14.740175023416668,1.3939412754890747e-6,-0.0,0.42500000000001137,0.6487739361884745,0.0025205839316109462,-0.857504233298414,-1.4581946978688961e-6,0.0,0.0,
2022/04/07 04:20,4.049697575936193,0.5497367440726159,0.0027670714094416974,2.192007160802632,0.5525158115006042,0.0024369575694874776,14.858387391870453,1.2074108599163166e-6,-0.0,0.34166666666664014,0.65861513828438,0.002543516560063684,-0.7289000275095532,-1.2047059261160115e-6,0.0,0.0,
2022/04/07 04:30,3.9763885781890735,0.5494525031000252,0.002751354494373294,2.137447726362211,0.5548654428165669,0.002437813413083174,14.967368274803905,1.0170008704630004e-6,-0.0,0.25833333333332575,0.6685544689296595,0.0025664508727675844,-0.6028777959859326,-9.56033991514775e-7,0.0,0.0,
2022/04/07 04:40,3.9042441429969017,0.5492476632867775,0.0027363405659640893,2.082092861638955,0.5576272659278161,0.0024402932497942205,15.068342246335078,8.244803979089424e-7,-0.0,0.17500000000001137,0.6785928490827453,0.0025893868699082014,-0.479142158606237,-7.116155399773945e-7,0.0,0.0,
2022/04/07 04:50,3.8331401887454035,0.5491143721989901,0.0027219568743474783,2.0258719898972686,0.5607617074577694,0.002444189855058641,15.162890646103053,6.307773229089723e-7,-0.0,0.09166666666664014,0.6887312084220019,0.002612324551671113,-0.35745591400518606,-4.709988984094636e-7,0.0,0.0,
2022/04/07 05:00,3.7629720351008586,0.5490464361993934,0.0027081441423787603,1.968782740769825,0.5642330250779336,0.0024493269636084924,15.252650991507155,4.3652282275376135e-7,-0.0,0.008333333333325754,0.6989704854308498,0.0026352639182419275,-0.23762578859737005,-2.338164016706111e-7,0.0,0.0,
2022/04/07 05:10,3.698395337175725,0.5490550886957584,0.0026958385172792146,1.9641848718893584,0.5681164661522701,0.0024654380905491952,14.724614846188047,1.817538087353812e-7,-0.0,0.19499999999999318,0.6987332117789484,0.0026704561171286,-0.08275925223529157,5.642447799077588e-8,0.0,0.0,
2022/04/07 05:20,3.642699911494333,0.5491259658053645,0.0026855767087132876,1.9987960859598388,0.5723038623271199,0.0024898590609700568,13.813219667130172,-8.650895769483432e-8,-0.0,0.41166666666669016,0.6972239176080066,0.002707013703380733,0.06989526752090569,3.40812910467944e-7,0.0,0.0,
2022/04/07 05:30,3.5936435422398176,0.5492387534558968,0.002676813133143798,2.050178642427227,0.5766568078236843,0.0025181384368433914,12.718787419656225,-3.5460002872180173e-7,-0.0,0.6283333333333303,0.695611488804734,0.002743575568802204,0.21767875455839203,6.157494674056575e-7,0.0,0.0,
2022/04/07 05:40,3.549771027088582,0.5493818187501113,0.002669202610712466,2.112600099903318,0.581103044868281,0.0025490178119869,11.499754002418856,-6.211204646400378e-7,-0.0,0.8450000000000273,0.6938999169919019,0.002780141714144388,0.36171666939162606,8.833400205664122e-7,0.0,0.0,
2022/04/07 05:50,3.5100753824151525,0.5495483541188579,0.0026625131427633593,2.1831955117186226,0.5855936507680861,0.0025818279360785936,10.203082378012027,-8.847020809294188e-7,-0.0,1.0616666666666674,0.6920930762824298,0.0028167121401588397,0.5027654455104766,1.1449986713882596e-6,0.0,0.0,
2022/04/07 06:00,3.473920753022753,0.5497353521525752,0.002656604147514989,2.260244321361654,0.5900929185958282,0.0026161474407133236,8.869284659476193,-1.1441117703548902e-6,-0.0,1.2783333333333076,0.6901947265458722,0.0028532868475972875,0.6412834519114767,1.4015805762544293e-6,0.0,0.0,
2022/04/07 06:10,3.4435601223309504,0.5500765758156748,0.0026525424879760757,2.375614549678687,0.5950194512123425,0.0026599585224410835,7.487426419834264,-1.5843854139012697e-6,-0.0,1.5849999999999795,0.6957899402206636,0.0029408647302911228,0.9400739502630131,1.9681882567270937e-6,0.0,0.0,
2022/04/07 06:20,3.4214110139468517,0.5506045581841478,0.002650930993354391,2.5188352683382504,0.6007047395992375,0.0027131301410335588,5.988701155483227,-2.0950731180700638e-6,-0.0,1.9016666666666424,0.7016562253074561,0.003034135812251491,1.2494383540019953,2.554298191560409e-6,0.0,0.0,
2022/04/07 06:30,3.4061889599435062,0.5512691412438729,0.002651279506990674,2.674746476889368,0.6069703905692084,0.002772257938870387,4.398800955144111,-2.6082676496183344e-6,-0.0,2.2183333333333053,0.7069510273092037,0.0031274347393850472,1.552502944834032,3.1271667424095618e-6,0.0,0.0,
2022/04/07 06:40,3.397026139038303,0.5520511699169691,0.0026533310532416863,2.8391145675405483,0.6136889584981163,0.002836147970434695,2.7632607241548612,-3.1198651463314876e-6,-0.0,2.535000000000025,0.7116995609184574,0.0032207615241630085,1.8501056318627889,3.688384256658091e-6,0.0,0.0,
2022/04/07 06:50,3.3933838679652695,0.5529380328649985,0.0026569250360911198,3.0097190899144834,0.6207567328062555,0.0029040523307737294,1.1163319003742345,-3.6274892538590577e-6,-0.0,2.851666666666688,0.7159260547923885,0.003314116179064043,2.142770078685544,4.238947259313766e-6,0.0,0.0,
2022/04/07 07:00,3.3949746955386786,0.553921398956188,0.002661970911208684,3.1851907363397913,0.6280867727345245,0.0029754303906437776,-0.5149159557225857,-4.129433338309866e-6,-0.0,3.1683333333333508,0.7196537893977317,0.003407498716574274,2.4307915455751754,4.779421384478437e-6,0.0,0.0,
2022/04/07 07:10,3.403409737108859,0.5549561610199031,0.002668561704025174,3.3824624093036846,0.6355090207350549,0.0030532676415717373,-2.4388718739163555,-4.5911180366374064e-6,-0.0,3.605000000000018,0.7144803401636645,0.003489471750625589,2.67657515466567,5.22663233706376e-6,0.0,0.0,
2022/04/07 07:20,3.419661640971526,0.5560208341851641,0.002676788097466265,3.596714891420504,0.6427978717156646,0.0031357712210143013,-4.47970601434065,-5.0253291450602665e-6,-0.0,4.055000000000007,0.7081195655604265,0.0035701951466952874,2.9129514504934377,5.653286479031085e-6,0.0,0.0,
2022/04/07 07:30,3.443053957030088,0.5571215071600442,0.0026865643603795814,3.8200829972971064,0.6498948864331309,0.0032211367489969624,-6.523462012793857,-5.44848151225472e-6,-0.0,4.5049999999999955,0.7015416345226477,0.0036509393811900636,3.1443423444150085,6.069074804658669e-6,0.0,0.0,
2022/04/07 07:40,3.4732500836707345,0.5582580402893624,0.0026978404911327507,4.050319783697887,0.656766055155413,0.0033088090588996376,-8.549070739620108,-5.861057111972702e-6,-0.0,4.954999999999984,0.6947685520644663,0.003731704462179995,3.370910892939719,6.474309666497583e-6,0.0,0.0,
2022/04/07 07:50,3.510054766723556,0.5594303621922597,0.002710595279540865,4.286191780544982,0.6633874373542847,0.003398467611669399,-10.542088406606355,-6.263085440815578e-6,-0.0,5.404999999999973,0.6878209393290333,0.0038124903977393276,3.5927262781483478,6.8691293159130276e-6,0.0,0.0,
2022/04/07 08:00,3.5533739211900297,0.5606385044679875,0.0027248291017980568,4.526895697392774,0.6697413490221323,0.0034898943765300076,-12.491792240473389,-6.654524976006664e-6,-0.0,5.855000000000018,0.6807181128081784,0.003893297195946475,3.809787299800746,7.253541546459674e-6,0.0,0.0,
2022/04/07 08:10,3.6016118786221796,0.5617808923932541,0.002739754915087825,4.751548341491684,0.675549486242734,0.003576405861388902,-14.41414206258628,-6.896502362201953e-6,-0.0,6.259999999999991,0.6690085389338151,0.003935262696163613,3.8979501314279332,7.390869459695822e-6,0.0,0.0,
2022/04/07 08:20,3.6531303932590617,0.5628337231269605,0.002754947510582631,4.966049144721978,0.6805936614482189,0.003657956825986229,-16.21234599211789,-7.070222378317874e-6,-0.0,6.660000000000025,0.6570032195081862,0.003972915524302987,3.971181663815514,7.499296672793005e-6,0.0,0.0,
2022/04/07 08:30,3.7087724923816268,0.563836306528049,0.002770771524320022,5.179123074002632,0.6849616308678462,0.003736988609464422,-17.87616673259379,-7.226981488672757e-6,-0.0,7.060000000000002,0.6452132830275098,0.004010572882689623,4.042369229460519,7.60344529031985e-6,0.0,0.0,
2022/04/07 08:40,3.769188132317936,0.5648042773074704,0.0027874428545287358,5.392843787379832,0.6887103365292998,0.0038142059922067284,-19.430315530473198,-7.36982156911601e-6,-0.0,7.4599999999999795,0.6336356599636852,0.004048234772141166,4.110808895395849,7.701988943879637e-6,0.0,0.0,
2022/04/07 08:50,3.8348283588828735,0.5657479131870162,0.0028051159341128964,5.608155372346516,0.691883250026527,0.003889987231805417,-20.896262008127454,-7.5005836346926565e-6,-0.0,7.860000000000014,0.6222672661867569,0.004085901193475452,4.1759971361882435,7.793982933045658e-6,0.0,0.0,
2022/04/07 09:00,3.9059717596439896,0.5666737047727763,0.002823895664181292,5.825566631756715,0.6945151234566608,0.0039645685808410115,-22.293309106759125,-7.620678504302098e-6,-0.0,8.259999999999991,0.6111050077099359,0.004123572147510521,4.237591924703565,7.878789337653377e-6,0.0,0.0,
2022/04/07 09:10,3.980817919308606,0.5675322720353629,0.00284319120196269,6.02248004934512,0.6964972666767089,0.004030877414443321,-23.498291955153263,-7.646974495248665e-6,-0.0,8.569999999999993,0.6005444953489055,0.004138551668642118,4.223519563206992,7.82610936326165e-6,0.0,0.0,
2022/04/07 09:20,4.057762723515225,0.5683170531102243,0.0028626542113312178,6.2056902447039874,0.6977834166278171,0.004090171217270027,-24.533572622621026,-7.632253085200282e-6,-0.0,8.870000000000005,0.5902325265146708,0.004151010113388979,4.200681197769427,7.757553558177524e-6,0.0,0.0,
2022/04/07 09:30,4.137702116793037,0.5690527720583722,0.0028825951495871998,6.385209372821748,0.6984580873528471,0.004145533847725702,-25.452258412157107,-7.605823101084352e-6,-0.0,9.170000000000016,0.5801206823308065,0.00416346905392366,4.1762861629047165,7.686113705483343e-6,0.0,0.0,
2022/04/07 09:40,4.221197088599183,0.5697499158978958,0.00290319049692291,6.5636130288000345,0.6985736868192903,0.004197863994883542,-26.28604706545673,-7.56993546528527e-6,-0.0,9.470000000000027,0.5702046752457525,0.004175928490275758,4.149759045481915,7.610710078034342e-6,0.0,0.0,
2022/04/07 09:50,4.308579160270881,0.5704148576292675,0.0029245527349574638,6.742182243915693,0.6981693442017085,0.0042476473510440005,-27.05963155809798,-7.526117980515494e-6,-0.0,9.769999999999982,0.5604803175279026,0.00418838842247487,4.120733099561448,7.530657526886956e-6,0.0,0.0,
2022/04/07 10:00,4.399998977028474,0.5710511048789769,0.0029467449993882643,6.921677525812754,0.6972759863859792,0.004295189428223097,-27.7932738409794,-7.4755670059632074e-6,-0.0,10.069999999999993,0.5509435187695444,0.004200848850550595,4.089002471454933,7.4455745431141114e-6,0.0,0.0,
2022/04/07 10:10,4.495116126455002,0.5717069736900708,0.002969963551773837,7.10007660467636,0.6960338666791781,0.004340663417787001,-28.34094356173637,-7.47521131951813e-6,-0.0,10.324999999999989,0.545417769364993,0.0042304634363572865,4.10985672243487,7.465246662483089e-6,0.0,0.0,
2022/04/07 10:20,4.593875694508029,0.5723984169918169,0.0029943002130401503,7.277844388751532,0.6946033682870184,0.004385142063744355,-28.817486300756627,-7.495768660941494e-6,-0.0,10.574999999999989,0.5403601178615094,0.004261987024119884,4.133289678308529,7.490216800985741e-6,0.0,0.0,
2022/04/07 10:30,4.696261438203578,0.5731094585096055,0.003019688986605673,7.456011454647808,0.6929936612837596,0.004428951548023532,-29.282340728262284,-7.514917346728415e-6,-0.0,10.824999999999989,0.5353382152401264,0.0042935137857511105,4.1533025730514055,7.508569529956758e-6,0.0,0.0,
2022/04/07 10:40,4.802137522378473,0.5738331663280493,0.0030460849989024626,7.634902902079091,0.6912108412573953,0.004472193736582306,-29.74095836164679,-7.531696299792145e-6,-0.0,11.074999999999989,0.5303523050399795,0.0043250437217303185,4.170041718383345,7.520594334081125e-6,0.0,0.0,
2022/04/07 10:50,4.911346755987211,0.574563994365682,0.0030734450957368457,7.814709757473167,0.6892597165945934,0.004514924580416287,-30.196199651200008,-7.545691271374371e-6,-0.0,11.324999999999989,0.525402607263686,0.0043565768325369595,4.1836478200070815,7.526567989910468e-6,0.0,0.0,
2022/04/07 11:00,5.023725285828732,0.5752973679965707,0.0031017287272680455,7.995560213364001,0.6871443193188295,0.0045571774970799,-30.649454189103835,-7.556634373157795e-6,-0.0,11.574999999999989,0.5204893193080432,0.004388113118650575,4.19425309214148,7.526749882484157e-6,0.0,0.0,
2022/04/07 11:10,5.136954313834735,0.5761532830267637,0.003131102130398718,8.157509943977573,0.6851910344795593,0.004594846787239474,-30.50136870136726,-7.704100679171218e-6,-0.0,11.629999999999995,0.5275898597356105,0.00446473467579304,4.3483055801771116,7.818295624943682e-6,0.0,0.0,
2022/04/07 11:20,5.250118086688758,0.5771764987932714,0.003161631809915695,8.304375663934366,0.6838430173707568,0.004632077190141085,-30.098828837591896,-7.917246619423504e-6,-0.0,11.663333333333355,0.5359856483657015,0.004546385728393117,4.514986689311172,8.135796898418811e-6,0.0,0.0,
2022/04/07 11:30,5.363947744203131,0.5783264854700871,0.003193279636404269,8.44374855395563,0.6830977572536976,0.004671300263138895,-29.63768562031646,-8.136515514476786e-6,-0.0,11.696666666666658,0.5443422236748234,0.00462805806794862,4.678091489104645,8.446420703036701e-6,0.0,0.0,
2022/04/07 11:40,5.478737175054789,0.579585986619285,0.0032260383728435187,8.577396633885314,0.6829292253808588,0.004712971519083643,-29.137787712482467,-8.358644426017249e-6,-0.0,11.730000000000018,0.5526597334463617,0.004709751702785107,4.837643602991193,8.750244358373941e-6,0.0,0.0,
2022/04/07 11:50,5.594643619902399,0.580940984955681,0.0032598879157428326,8.706191340597968,0.6833036840010055,0.004757205990329552,-28.614460815697957,-8.582233402527223e-6,-0.0,11.763333333333321,0.5609383249244363,0.004791466641232473,4.993708605512211,9.047417425560385e-6,0.0,0.0,
2022/04/07 12:00,5.7117135810903505,0.582379375849715,0.0032947930271373777,8.830677168085458,0.6841838501712942,0.004803982320936681,-28.080821650281678,-8.806511054821126e-6,-0.0,11.796666666666681,0.5691781448158922,0.004873202891624957,5.146401417137213,9.338177406839102e-6,0.0,0.0,
2022/04/07 12:10,5.830007342230715,0.583762457960738,0.0033299944236761924,8.94824382411116,0.6851783501989223,0.004849703738294227,-27.88278030319191,-8.861124992703933e-6,-0.0,11.904999999999973,0.5685088676750676,0.0049026413057079235,5.127611227247144,9.29508823896821e-6,0.0,0.0,
2022/04/07 12:20,5.948740020356638,0.585037211490118,0.0033650048077919813,9.061840960538916,0.6858800043163487,0.0048923892075491415,-27.77810656270958,-8.838797572664884e-6,-0.0,12.021666666666647,0.5668481504408255,0.0049262692382332305,5.090498772292676,9.216412205939129e-6,0.0,0.0,
2022/04/07 12:30,6.067855065221977,0.5862406623855313,0.003400016737292023,9.173748580444396,0.686327003310825,0.004933001862796776,-27.662906043846647,-8.805374305468749e-6,-0.0,12.138333333333321,0.5651834998809439,0.004949898951897111,5.053387086014709,9.137838151872435e-6,0.0,0.0,
2022/04/07 12:40,6.187381080720456,0.5873849690383621,0.0034351033461522615,9.284727234802347,0.686547052274142,0.004971947852611138,-27.545097404095603,-8.764803900220224e-6,-0.0,12.254999999999995,0.5635150946842334,0.004973530446900971,5.016037715922948,9.0589066125415e-6,0.0,0.0,
2022/04/07 12:50,6.307292878048145,0.5884780629579328,0.0034703022577238824,9.395199150173994,0.6865623905810746,0.005009491759985308,-27.430729011642256,-8.71913888145616e-6,-0.0,12.37166666666667,0.5618431104748369,0.0049971637234462515,4.978327991834249,8.979379213154818e-6,0.0,0.0,
2022/04/07 13:00,6.427527687436111,0.5895253667970863,0.0035056282032266215,9.50542987538688,0.686391536737695,0.005045825687727126,-27.324157404779616,-8.669734273802459e-6,-0.0,12.488333333333344,0.5601677198578114,0.0050207987817344184,4.940209883298394,8.899159560140356e-6,0.0,0.0,
2022/04/07 13:10,6.548243966219559,0.5905840777507122,0.0035414628543707955,9.620087699108467,0.6862036454325754,0.0050837889779390575,-27.12428923088567,-8.693289956741805e-6,-0.0,12.589999999999975,0.5615999964932583,0.005067731093140178,4.9763937768373125,8.961485268066911e-6,0.0,0.0,
2022/04/07 13:20,6.669831084986754,0.5916749016342955,0.0035780361947733838,9.737231905829617,0.6861616946406691,0.005123964412531721,-26.923497865238915,-8.748182422699962e-6,-0.0,12.689999999999998,0.5633356497912341,0.005117259310882346,5.018633122015672,9.035431850125837e-6,0.0,0.0,
2022/04/07 13:30,6.7920254502487865,0.5927801328849087,0.0036151874478804547,9.854736439253372,0.6862410130181014,0.005165467943209408,-26.7548449809766,-8.806184407314544e-6,-0.0,12.79000000000002,0.5650275122840398,0.005166795353100234,5.059013695949261,9.105815682818491e-6,0.0,0.0,
2022/04/07 13:40,6.914575182442604,0.5938927286691209,0.00365281881619046,9.972099260917673,0.6864247368635442,0.005208020523201942,-26.612051712336893,-8.865607206655019e-6,-0.0,12.889999999999986,0.5666761431350376,0.00521633922164816,5.097854373193513,9.173238909341781e-6,0.0,0.0,
2022/04/07 13:50,7.0372859465331885,0.5950079564448743,0.0036908578245881773,10.089099925844096,0.6866991471289107,0.005251458244235162,-26.489326757078402,-8.92552110502317e-6,-0.0,12.990000000000009,0.5682820950797793,0.00526589091838102,5.135391464728627,9.23814698162767e-6,0.0,0.0,
2022/04/07 14:00,7.160014465906954,0.5961226334648545,0.00372925207974263,10.205627628479931,0.6870524941202004,0.005295666154699287,-26.381459529014823,-8.985277167301337e-6,-0.0,13.089999999999975,0.5698459144991413,0.005315450445154304,5.171795804928934,9.30086169084902e-6,0.0,0.0,
2022/04/07 14:10,7.2825949732736035,0.5972801842934677,0.0037682371449554008,10.32254939205444,0.6876090741566646,0.005341943303328728,-26.15618844671474,-9.107666294745004e-6,-0.0,13.160000000000025,0.5746228808223445,0.00538518713199208,5.272061390357976,9.487780668943833e-6,0.0,0.0,
2022/04/07 14:20,7.405189524925845,0.5984963919541049,0.003807965356139314,10.438828595186294,0.688500586825585,0.005390997341252048,-25.904743423535027,-9.258101144837923e-6,-0.0,13.226666666666688,0.5797080090172618,0.005457180940246356,5.377263288942004,9.684334094767555e-6,0.0,0.0,
2022/04/07 14:30,7.5277336328017554,0.5997541638925837,0.0038483220418058296,10.553760612789972,0.6896893448402107,0.00544233005495342,-25.665832430240133,-9.41194594338896e-6,-0.0,13.29333333333335,0.5847394301903245,0.005529191273287557,5.480469927073045,9.877036538535056e-6,0.0,0.0,
2022/04/07 14:40,7.650135285843589,0.6010456181141358,0.0038892408923205625,10.667167068788899,0.6911426474862474,0.005495659168848262,-25.436677212826453,-9.56735757076839e-6,-0.0,13.360000000000014,0.5897175599084844,0.005601218136805751,5.5818975257004695,1.0066301959508143e-5,0.0,0.0,
2022/04/07 14:50,7.772326508712354,0.6023650328449528,0.003930673678167791,10.778990087330612,0.6928311440035985,0.005550763404562206,-25.215052095592227,-9.723323362870744e-6,-0.0,13.426666666666677,0.5946428106870213,0.005673261536493625,5.681703355601485,1.0252431702980316e-5,0.0,0.0,
2022/04/07 15:00,7.894257694280441,0.6037080841590163,0.003972584518236182,10.889227062253212,0.694728294784285,0.005607456545669026,-24.999310584290697,-9.879179591886267e-6,-0.0,13.49333333333334,0.5995155920120563,0.005745321478046473,5.780004425619609,1.0435650363027773e-5,0.0,0.0,
2022/04/07 15:10,8.012348052516359,0.6049663159232858,0.004013269652020612,10.955347005084377,0.6964878310902952,0.005646788571996093,-24.588807921530247,-9.840142449316544e-6,-0.0,13.410000000000025,0.604403638536144,0.005760926828170109,5.698231853692505,1.0297034672609839e-5,0.0,0.0,
2022/04/07 15:20,8.12351628347534,0.6061113471975531,0.00405164319971238,10.991269845605132,0.6979218106075457,0.005672173754932651,-23.954825924216152,-9.722602039258549e-6,-0.0,13.310000000000002,0.6093359713725531,0.005770258698340243,5.603541536737566,1.0135967011136609e-5,0.0,0.0,
2022/04/07 15:30,8.229497741562056,0.6071905600110039,0.00408844668152036,11.015231320433998,0.6991672698242659,0.005691528425930207,-23.168579047135154,-9.591874101371435e-6,-0.0,13.20999999999998,0.6143101390463737,0.005779590845957067,5.513971320285009,9.984514666092446e-6,0.0,0.0,
2022/04/07 15:40,8.331489025334463,0.608225716657685,0.004124122510696469,11.031603530979737,0.700294324402891,0.005707050174813976,-22.280084774070588,-9.453925910330047e-6,-0.0,13.110000000000014,0.6193265173972359,0.005788923271032953,5.428078717074868,9.839988574067433e-6,0.0,0.0,
2022/04/07 15:50,8.430297499950711,0.6092301229633595,0.004158960377540587,11.042468492659452,0.7013487799875471,0.00571988841624832,-21.329649466673008,-9.31285747104919e-6,-0.0,13.009999999999991,0.6243854858516641,0.005798255973580278,5.344919192648604,9.700629869527262e-6,0.0,0.0,
2022/04/07 16:00,8.526414220829395,0.6102111621609337,0.004193128579766816,11.049023051677693,0.7023629759414513,0.005730754167413931,-20.3509494845207,-9.171840950337032e-6,-0.0,12.910000000000025,0.6294874274593765,0.005807588953611413,5.263944012769343,9.56541664713005e-6,0.0,0.0,
2022/04/07 16:10,8.618071026620271,0.6111472368346677,0.004225948318763297,11.029195208064777,0.7032804359394241,0.005730684088635405,-19.164271620488762,-8.971195061785691e-6,-0.0,12.704999999999984,0.6372264822172831,0.005800482437932895,5.133764559217298,9.350046305058583e-6,0.0,0.0,
2022/04/07 16:20,8.70382299207597,0.6120376854495668,0.004256963856447893,10.990386385512636,0.7041252253375839,0.005722715066752426,-17.840435332693687,-8.752472076515984e-6,-0.0,12.488333333333344,0.6453666496981959,0.00579154953616859,5.003512772265367,9.135694727124248e-6,0.0,0.0,
2022/04/07 16:30,8.784606365084642,0.6128976121348824,0.0042865162498612365,10.942473738163756,0.7049720357842987,0.005711270622328314,-16.459585730029858,-8.535241182125753e-6,-0.0,12.271666666666647,0.653625208427468,0.005782616888611159,4.878032392392697,8.930108289867793e-6,0.0,0.0,
2022/04/07 16:40,8.86096934613522,0.6137335486726226,0.004314782774731614,10.887971407745454,0.705859127002572,0.005697641076133168,-15.053946713837831,-8.322251271502463e-6,-0.0,12.055000000000007,0.6620040735145536,0.005773684495249748,4.75674541249532,8.732212192269883e-6,0.0,0.0,
2022/04/07 16:50,8.933231685713508,0.6145485337886082,0.0043418543732619275,10.82815073195303,0.7068108842376002,0.005682520897461583,-13.64687651895963,-8.115442019099467e-6,-0.0,11.83833333333331,0.6705051939963369,0.005764752356073509,4.6393553157120095,8.541453466597739e-6,0.0,0.0,
2022/04/07 17:00,9.00154582890326,0.6153433361079578,0.0043677596191510175,10.763787093373594,0.7078437519690703,0.005666345336202999,-12.256038622361984,-7.916244998389264e-6,-0.0,11.62166666666667,0.6791305534881381,0.005755820471071591,4.5257689375350765,8.357655317555579e-6,0.0,0.0,
2022/04/07 17:10,9.066316997886418,0.6161040234326909,0.004392498987809389,10.698809868511717,0.7089295277815295,0.0056503840367227364,-10.980146501332229,-7.710492416030877e-6,-0.0,11.435000000000002,0.6858384053439569,0.00574116070306183,4.397308150926392,8.14153104174473e-6,0.0,0.0,
2022/04/07 17:20,9.127676513137772,0.616822202174598,0.004416032285338993,10.632861124168983,0.7100200434594094,0.005634111805336569,-9.779384216698759,-7.505614432070812e-6,-0.0,11.251666666666665,0.6923913622459011,0.005725865196217146,4.270706931335781,7.928233717107045e-6,0.0,0.0,
2022/04/07 17:30,9.185394509078321,0.6175001215918292,0.004438288123507754,10.564916640052331,0.7111217146465619,0.005617194825563503,-8.629266031824159,-7.308527199988916e-6,-0.0,11.068333333333328,0.6990143995597431,0.005710570434733269,4.148273295045101,7.722542907998256e-6,0.0,0.0,
2022/04/07 17:40,9.239303457091125,0.6181383029076701,0.004459201388939184,10.494886836875935,0.7122424787768623,0.005599666836860606,-7.526725136295341,-7.119680214123926e-6,-0.0,10.884999999999991,0.7057083288364446,0.0056952764185557204,4.030219543877138,7.524839272838541e-6,0.0,0.0,
2022/04/07 17:50,9.289269656889758,0.6187374072615823,0.004478718530979807,10.422790133642138,0.7133895241898052,0.005581595618630432,-6.468101351347855,-6.939128673794847e-6,-0.0,10.701666666666654,0.7124739715015983,0.005679983147630021,3.9167202794264995,7.335434561551288e-6,0.0,0.0,
2022/04/07 18:00,9.335195543895566,0.619298418378793,0.004496799964571293,10.348669610154388,0.7145690602793019,0.005563049470797908,-5.4493738077803755,-6.7667570157146355e-6,-0.0,10.518333333333317,0.7193121589769103,0.0056646906219016985,3.807904568499225,7.154557043473251e-6,0.0,0.0,
2022/04/07 18:10,9.376581795883908,0.6196824506562773,0.004512258155235621,10.261499415241474,0.7153608918678112,0.005536628211498414,-4.794370788664538,-6.385854425092532e-6,-0.0,10.394999999999982,0.714321958457214,0.005578500946153921,3.476481954182418,6.540488562243425e-6,0.0,0.0,
2022/04/07 18:20,9.412222879452656,0.6198326246315812,0.004524281146260792,10.16666565740968,0.7153484963734666,0.005501215055902446,-4.228162130912097,-5.913439090380308e-6,-0.0,10.278333333333308,0.7078823506741105,0.005484460545455936,3.1306625306272053,5.897161991166474e-6,0.0,0.0,
2022/04/07 18:30,9.442462914478426,0.6198020138513745,0.004533340552711819,10.069651348014872,0.7146277707405386,0.005459739730202875,-3.6478799965948383,-5.43032518932277e-6,-0.0,10.16166666666669,0.7013032770119131,0.0053904483237729,2.7945977447750465,5.271539300233544e-6,0.0,0.0,
2022/04/07 18:40,9.46768899284848,0.6196166709350469,0.004539730706189948,9.971803057144427,0.713264894423087,0.005413325287427574,-3.063047977379938,-4.943446718489991e-6,-0.0,10.045000000000016,0.6945827298280498,0.005296464268441036,2.467327887886313,4.661810594812747e-6,0.0,0.0,
2022/04/07 18:50,9.488197316637923,0.619295342587288,0.004543669845423491,9.873731526315623,0.711310826190994,0.005362684764523953,-2.482333755897912,-4.456800482624593e-6,-0.0,9.928333333333342,0.6877186745084141,0.005202508366804151,2.148141351865206,4.066635052368081e-6,0.0,0.0,
2022/04/07 19:00,9.504205697759119,0.6188519207092269,0.0045453205365023315,9.775757500380905,0.7088062353328194,0.005308330933094168,-1.9131207532348073,-3.973060176700392e-6,-0.0,9.811666666666667,0.6807090491045938,0.005108580606213632,1.8365080491437311,3.4850139090529608e-6,0.0,0.0,
2022/04/07 19:10,9.51641529811485,0.6183490676490198,0.004545358729222122,9.686369815479736,0.7059508879528623,0.005254863182231013,-1.2896982860047501,-3.579877843269305e-6,-0.0,9.694999999999993,0.6772015416548608,0.0050420743174030905,1.6195399334751528,3.083850793074732e-6,0.0,0.0,
2022/04/07 19:20,9.525640579494564,0.6178155496677388,0.0045442474894433265,9.602538339057332,0.7029300645145652,0.005202554454861357,-0.6961265464508416,-3.230751962613453e-6,-0.0,9.578333333333319,0.6740104267795524,0.00497862534043881,1.4162878972260842,2.7083374171895953e-6,0.0,0.0,
2022/04/07 19:30,9.531673194044572,0.6172378887344089,0.004541823272332038,9.520540676779603,0.6997334608562605,0.005149991336964214,-0.15341056363126884,-2.8951898575868013e-6,-0.0,9.461666666666645,0.6707320345704035,0.004915189202693857,1.2173586825297207,2.340470374477095e-6,0.0,0.0,
2022/04/07 19:40,9.534354203147018,0.6166121500830869,0.004538009384168911,9.439472046963544,0.696361375552959,0.005096864222632741,0.34799033365061405,-2.5706203161169626e-6,-0.0,9.345000000000027,0.66736504435815,0.004851765900271507,1.0230023363610599,1.98071262733199e-6,0.0,0.0,
2022/04/07 19:50,9.533600714269824,0.6159367830805191,0.004532771381022182,9.35889812294954,0.6928170915889899,0.005043058183897133,0.8168892615282176,-2.2554037725878186e-6,-0.0,9.228333333333353,0.6639081172950996,0.0047883554292766075,0.8333311503733967,1.629271383862425e-6,0.0,0.0,
2022/04/07 20:00,9.529396795556863,0.615211789765488,0.00452610813049319,9.278565356138984,0.6891051061639354,0.004988533473394213,1.261250837468424,-1.9483042126267846e-6,-0.0,9.111666666666679,0.6603598961067562,0.004724957785815587,0.6483488040544216,1.286153066097243e-6,0.0,0.0,
2022/04/07 20:10,9.52493907239733,0.6146676885213433,0.004520710755443356,9.243438410182307,0.6860190134457602,0.004954178364558753,1.8966987553045558,-2.0365646357084197e-6,-0.0,9.04000000000002,0.6717542405020299,0.004783740985819316,0.8576094085649402,1.694869396481291e-6,0.0,0.0,
2022/04/07 20:20,9.523892119288917,0.6143941374210907,0.004518363780982882,9.237172471122335,0.6842755721760103,0.00493938461529056,2.4105967910111303,-2.302033219865176e-6,-0.0,8.973333333333358,0.6849152295945107,0.0048561149260409105,1.101236764083751,2.1696062640107914e-6,0.0,0.0,
2022/04/07 20:30,9.52466315799353,0.614302412334939,0.004517920291410319,9.23939716338731,0.6836790636487173,0.004935790595359082,2.7523250783366393,-2.605168434940057e-6,-0.0,8.906666666666638,0.6981829884746452,0.004928505582050662,1.3387123136699302,2.632953289978902e-6,0.0,0.0,
2022/04/07 20:40,9.526059753115533,0.6143515953482501,0.00451871212159504,9.245063704273207,0.6840942636313496,0.004940713658026018,2.974265131411471,-2.9321928563227615e-6,-0.0,8.839999999999975,0.7115582951248025,0.00500091295964036,1.5722146269447421,3.088966568125822e-6,0.0,0.0,
2022/04/07 20:50,9.52730494539162,0.6145153303950498,0.004520306459951583,9.251801831208013,0.6854075789010478,0.004952540903406755,3.1193308168514027,-3.2744975805038265e-6,-0.0,8.773333333333312,0.7250419331712735,0.0050733370646044735,1.8031549038944377,3.540273203120764e-6,0.0,0.0,
2022/04/07 21:00,9.527958013776697,0.6147770370624792,0.004522445606778448,9.258323793132377,0.6875189680431218,0.004970120665302149,3.223068550673816,-3.6259809285549785e-6,-0.0,8.70666666666665,0.7386346919263094,0.005145777902740146,2.032373392652289,3.9884396314286665e-6,0.0,0.0,
2022/04/07 21:10,9.526787629426963,0.6150510194248546,0.00452411704679837,9.24901234372345,0.6900829124612904,0.00498564926548907,3.2430559906998724,-3.854308073611781e-6,-0.0,8.625,0.7473342467675343,0.005177937113305762,2.131778692296848,4.188808342828882e-6,0.0,0.0,
2022/04/07 21:20,9.522592676857585,0.6153025176075931,0.0045246944509743,9.228818553257781,0.6928066128461617,0.004998622020242263,3.301167256440181,-4.028554354202183e-6,-0.0,8.541666666666686,0.7555512236257861,0.0052056218863558955,2.220162200742834,4.367970532903458e-6,0.0,0.0,
2022/04/07 21:30,9.51601736430382,0.6155580810747356,0.004524571531429692,9.204163994056842,0.6957051243560706,0.005011299740822162,3.4247344661832817,-4.192887577576851e-6,-0.0,8.458333333333314,0.7638401740282096,0.005233309103626233,2.3108370823028963,4.551394237206209e-6,0.0,0.0,
2022/04/07 21:40,9.507624430479552,0.6158297833512039,0.004524010011888392,9.176536215545525,0.6987748896586885,0.0050241461578480456,3.6015983079386165,-4.350751149750168e-6,-0.0,8.375,0.772201714177108,0.0052609987654404795,2.402949988485034,4.737500697185517e-6,0.0,0.0,
2022/04/07 21:50,9.49785370365771,0.6161254510386732,0.004523202457553272,9.146630696700981,0.7020075795971211,0.0050373241190590605,3.8190638186409847,-4.50438812560596e-6,-0.0,8.291666666666686,0.7806364656783241,0.005288690872122398,2.4958730619816833,4.925130957304589e-6,0.0,0.0,
2022/04/07 22:00,9.487026052068757,0.6164498211481646,0.004522281977320036,9.11485180828339,0.7053932159722157,0.005050887022172715,4.064642895181123,-4.655516585608996e-6,-0.0,8.208333333333314,0.7891450555905064,0.005316385423995809,2.589172302627958,5.113485595169588e-6,0.0,0.0,
2022/04/07 22:10,9.47685086409308,0.6168009452997889,0.004521757619611025,9.097295143630731,0.7089145415046274,0.005070247537244671,4.113616749837661,-4.818193903656587e-6,-0.0,8.214999999999975,0.7930194286939279,0.005345152919230721,2.6846783159219285,5.295540342528438e-6,0.0,0.0,
2022/04/07 22:20,9.46844388682348,0.6171715231163548,0.004521917007753201,9.089848220522072,0.7124950108270185,0.0050934839344338465,4.045263710380027,-4.981272132883252e-6,-0.0,8.231666666666683,0.7963662854560307,0.005374042008368607,2.778351434194292,5.4730547804977784e-6,0.0,0.0,
2022/04/07 22:30,9.461191696032927,0.6175581998631238,0.004522547287411709,9.086125553402098,0.7160980771186194,0.005118156923051394,3.925110725232344,-5.144202919049244e-6,-0.0,8.248333333333335,0.7997046699158576,0.0054029337582998434,2.870497887364536,5.647737091650694e-6,0.0,0.0,
2022/04/07 22:40,9.454706213811164,0.617958659694116,0.004523512433515755,9.08466322830401,0.7197073177428565,0.005143654679038066,3.7679900333461096,-5.306678442309846e-6,-0.0,8.264999999999986,0.8030345987270533,0.005431828169392048,2.961561186035169,5.820398437104885e-6,0.0,0.0,
2022/04/07 22:50,9.448716541445833,0.6183717556408835,0.004524720963622431,9.084783581302247,0.7233129780123565,0.005169680380413363,3.5858698080409117,-5.468212142469518e-6,-0.0,8.281666666666638,0.8063560885118702,0.005460725242012911,3.051839609681565,5.991583394049978e-6,0.0,0.0,
2022/04/07 23:00,9.443049149527837,0.6187973520947059,0.004526118671629464,9.086104452518725,0.7269087578587664,0.005196061949978106,3.38910102736179,-5.628292933180271e-6,-0.0,8.298333333333346,0.8096691558612071,0.005489624976530188,3.141509898362983,6.1616133400594805e-6,0.0,0.0,
2022/04/07 23:10,9.436334353861753,0.6191874169754932,0.004526931454148047,9.072448981471325,0.7303444099664941,0.005215976813358734,3.2235401420678045,-5.696516203588757e-6,-0.0,8.269999999999982,0.8114911533357427,0.005491415586078025,3.144698100947835,6.1705677165892106e-6,0.0,0.0,
2022/04/07 23:20,9.42736484799849,0.6195271090181493,0.00452667967958544,9.048763387568272,0.7335183733974958,0.005230395781269027,3.130368983882477,-5.724990477227462e-6,-0.0,8.236666666666679,0.8131516395470921,0.005490193912461237,3.141535747505941,6.16765771338894e-6,0.0,0.0,
2022/04/07 23:30,9.416778392320566,0.6198389299356978,0.004525725165329833,9.021828204797998,0.7364870345447303,0.005242120318728042,3.097234660655772,-5.744520124186913e-6,-0.0,8.203333333333319,0.8148159765355317,0.005488972243601434,3.140664690586391,6.16897766803402e-6,0.0,0.0,
2022/04/07 23:40,9.405045641263655,0.6201342096832269,0.004524296187369363,8.993222989590663,0.7392837086739688,0.005251953510753261,3.1079602466371625,-5.758278105091042e-6,-0.0,8.170000000000016,0.8164841742010173,0.0054877505794985884,3.1413406369017594,6.1731482942865964e-6,0.0,0.0,
2022/04/07 23:50,9.392502475854144,0.6204203732668823,0.004522550801924004,8.963668076821875,0.7419327418946551,0.005260330968221928,3.1488917147737543,-5.7684006913369825e-6,-0.0,8.136666666666656,0.8181562424713,0.005486528920152671,3.143048244539159,6.179215596810522e-6,0.0,0.0,
2022/04/08 00:00,9.379371020754036,0.6207020597093251,0.0045205915288802495,8.933555803199113,0.7444531853652268,0.00526753398715429,3.2081849384883303,-5.776492631421114e-6,-0.0,8.103333333333353,0.819832191301983,0.005485307265563654,3.1454532476673194,6.186561219784795e-6,0.0,0.0,
2022/04/08 00:10,9.365938132195083,0.620972136020769,0.004518454272918917,8.90430817515977,0.7468343382060967,0.005274002258700823,3.228641740353169,-5.7709972184221055e-6,-0.0,8.08499999999998,0.8200021319378076,0.005479555869281296,3.133669352185507,6.16470419914103e-6,0.0,0.0,
2022/04/08 00:20,9.352313830797527,0.6212270459796964,0.004516147035833802,8.875876078601266,0.7490565753394952,0.005279585948967728,3.2325024022020448,-5.758897591262977e-6,-0.0,8.068333333333328,0.8200036213275822,0.005473301286532154,3.120799041516193,6.1405234012745975e-6,0.0,0.0,
2022/04/08 00:30,9.338460668679033,0.621470348886936,0.00451368477043656,8.847915396354779,0.7511335122098632,0.005284265382050865,3.2311260912968014,-5.7458782608300066e-6,-0.0,8.051666666666677,0.8200041827184403,0.00546704682847047,3.1084346068141713,6.117286676496326e-6,0.0,0.0,
2022/04/08 00:40,9.324351143317301,0.6217036019703708,0.004511070773798519,8.820384036212715,0.753077797975938,0.005288121442141052,3.2237516401329462,-5.7326065538560525e-6,-0.0,8.035000000000025,0.8200038137436589,0.005460792495092515,3.0965652979750757,6.094970835474552e-6,0.0,0.0,
2022/04/08 00:50,9.30995609432648,0.621927865612807,0.0045083041912222935,8.793268352120776,0.7549007093461044,0.005291234679397454,3.210355119331894,-5.7194128765412536e-6,-0.0,8.018333333333317,0.8200025120315723,0.005454538286394562,3.085193901723869,6.073578490909873e-6,0.0,0.0,
2022/04/08 01:00,9.295249794897643,0.6221439606749168,0.004505383469996398,8.766558345191925,0.7566122737695167,0.005293677392900432,3.191451402945518,-5.706462549003571e-6,-0.0,8.001666666666665,0.8200002752055237,0.005448284202372883,3.074325480661628,6.053116975493024e-6,0.0,0.0,
2022/04/08 01:10,9.27973151340143,0.6223806536959371,0.0045023655369085275,8.736454471695083,0.7582928841914294,0.005294647220784241,3.3099000798807765,-5.729508956713607e-6,-0.0,7.939999999999998,0.8244309195381189,0.005454825876460255,3.105494555957648,6.1190563841180744e-6,0.0,0.0,
2022/04/08 01:20,9.2632397082009,0.6226528985155872,0.004499309830042303,8.703629637657286,0.760041645082327,0.005295083573024773,3.48292951530425,-5.77128662153926e-6,-0.0,7.873333333333335,0.8293825121167647,0.005462789485864764,3.141423009109758,6.1947059336364525e-6,0.0,0.0,
2022/04/08 01:30,9.24596474858754,0.6229530675049165,0.004496218633100048,8.669497562686843,0.7618601165107338,0.00529550452104176,3.665630122878838,-5.817044506087098e-6,-0.0,7.806666666666672,0.8343641281446874,0.005470753297418902,3.177467836674623,6.270530390337179e-6,0.0,0.0,
2022/04/08 01:40,9.227997966379633,0.623277963435451,0.004493096280145688,8.634382407755993,0.7637465647078244,0.005296011457223506,3.853817126337163,-5.8656710499468455e-6,-0.0,7.740000000000009,0.8393759579235278,0.005478717311130364,3.2136149074733567,6.346511928856778e-6,0.0,0.0,
2022/04/08 01:50,9.209401372013076,0.6236251725866626,0.004489943873186687,8.598442422682638,0.7656984347520098,0.00529664018502988,4.044615242490295,-5.916618281061429e-6,-0.0,7.673333333333346,0.8444181930267535,0.005486681527006849,3.2498606284364087,6.422649999411358e-6,0.0,0.0,
2022/04/08 02:00,9.190215193732683,0.6239927272855121,0.004486759133403194,8.561774808077246,0.7677128853323093,0.005297402588822848,4.23576487293417,-5.969559107500055e-6,-0.0,7.606666666666683,0.8494910263086596,0.005494645945056053,3.2862124296766524,6.498963022352443e-6,0.0,0.0,
2022/04/08 02:10,9.170252670906564,0.6243583644783363,0.004483323894968817,8.521242556219931,0.7697350582753232,0.005296778277493376,4.397698055320802,-5.990829463400128e-6,-0.0,7.5400000000000205,0.8529665672678082,0.005492035004145508,3.288900049692529,6.510250466447184e-6,0.0,0.0,
2022/04/08 02:20,9.149254784849575,0.6247125970570243,0.004479491305124652,8.478018280538663,0.7717152198384924,0.005294846684719556,4.5609685261365485,-5.998792418682657e-6,-0.0,7.473333333333358,0.8562765008160734,0.0054882490543962485,3.289052119605685,6.516524522697923e-6,0.0,0.0,
2022/04/08 02:30,9.127344797291755,0.6250621049069969,0.004475348033739411,8.433583737200877,0.7736645487999889,0.005292224279632143,4.7328282126142085,-6.0054798013132135e-6,-0.0,7.406666666666638,0.8596009735160334,0.005484463150331486,3.2902173148602287,6.524648190376228e-6,0.0,0.0,
2022/04/08 02:40,9.104619723026872,0.6254095574226269,0.004470943567659622,8.388326336736611,0.7755898572450146,0.005289100502285215,4.909278228200265,-6.011893197346892e-6,-0.0,7.339999999999975,0.8629400559640038,0.0054806772919503925,3.2922342837155156,6.53432207194174e-6,0.0,0.0,
2022/04/08 02:50,9.081144860580423,0.6257565743960865,0.004466310051557304,8.342440580737843,0.7774961841432896,0.005285582255081802,5.0871092732074885,-6.018605716735558e-6,-0.0,7.273333333333312,0.8662938191292298,0.005476891479252144,3.294998218545061,6.545352057813345e-6,0.0,0.0,
2022/04/08 03:00,9.056960285110165,0.6261041096151276,0.004461467091619143,8.296042938774065,0.7793874921270656,0.005281740413753002,5.263719627672573,-6.0259955463218e-6,-0.0,7.206666666666649,0.869662334355958,0.005473105712235912,3.2984451934244134,6.557619951559342e-6,0.0,0.0,
2022/04/08 03:10,9.032047239358576,0.6263980902011603,0.0044560221553837254,8.246222499644148,0.7811377007517263,0.005275665103957692,5.294010683277293,-5.95290553798353e-6,-0.0,7.170000000000016,0.8670439486178723,0.005442670594334098,3.216964768576645,6.401979482081819e-6,0.0,0.0,
2022/04/08 03:20,9.0060465885324,0.6266153238953529,0.004449703317498118,8.194447046583605,0.7826152738204906,0.00526700646875668,5.2873266330334445,-5.84293925038276e-6,-0.0,7.136666666666656,0.8637413567255199,0.005409277811634926,3.1286902391971125,6.2326151094909275e-6,0.0,0.0,
2022/04/08 03:30,8.979031718573538,0.6267751679837457,0.004442675073764671,8.142261183717437,0.7838467978342589,0.0052565235647686025,5.287519939831213,-5.7270314478287385e-6,-0.0,7.103333333333353,0.8604196467243226,0.005375888583104594,3.042740314169123,6.067572054897052e-6,0.0,0.0,
2022/04/08 03:40,8.951105306153579,0.6268866197513053,0.004435036045723564,8.09007241763851,0.7848524937646641,0.0052445179977039635,5.291458250519555,-5.607860125826086e-6,-0.0,7.069999999999993,0.8570787400829585,0.0053425029081757,2.958793436357837,5.9062446319671466e-6,0.0,0.0,
2022/04/08 03:50,8.922341196551429,0.6269560262102694,0.004426856828191484,8.038074159587154,0.7856491468064517,0.005231188388585413,5.296321971572979,-5.4869391504315665e-6,-0.0,7.03666666666669,0.8537185579660966,0.005309120786280961,2.8766194296908907,5.748199589899102e-6,0.0,0.0,
2022/04/08 04:00,8.892789043464177,0.6269880224016131,0.004418188233683215,7.986370992141531,0.7862510862659868,0.005216682746674534,5.299766989510886,-5.365265706879914e-6,-0.0,7.00333333333333,0.8503390212332185,0.005275742216853217,2.796052618240992,5.593125024443366e-6,0.0,0.0,
2022/04/08 04:10,8.862308392300577,0.6269690002809498,0.004408894554390286,7.932405956112291,0.7866308889731594,0.005199918125736426,5.277180531419959,-5.216131185592457e-6,-0.0,6.970000000000027,0.845561237503196,0.005233760846281428,2.6894744825453927,5.387592558316543e-6,0.0,0.0,
2022/04/08 04:20,8.83069665529905,0.6268950277608291,0.004398891120213645,7.8770973942429805,0.7867620402583302,0.005181068729224515,5.253684228986231,-5.055150946372801e-6,-0.0,6.936666666666667,0.8406040696877357,0.005190828975778942,2.582111398226516,5.1803512035636146e-6,0.0,0.0,
2022/04/08 04:30,8.798064458484191,0.626774767399358,0.004388276641817639,7.821637061740489,0.7866627989364059,0.005160701544712008,5.2356103823876765,-4.892591798331504e-6,-0.0,6.903333333333308,0.8356202621115052,0.005147902981935117,2.4767597828872567,4.97682510325596e-6,0.0,0.0,
2022/04/08 04:40,8.764502729815717,0.6266130200361866,0.004377116151344849,7.766324513260884,0.786347010525165,0.005139031624484549,5.220107980110812,-4.729531573833922e-6,-0.0,6.8700000000000045,0.830609707346041,0.005104982863543412,2.3732075954567335,4.776617632877364e-6,0.0,0.0,
2022/04/08 04:50,8.730078763716278,0.6264133278658821,0.004365458410217144,7.711300539057788,0.7858262096754622,0.005116199834275599,5.205041283671222,-4.566619249286694e-6,-0.0,6.836666666666645,0.8255722975503105,0.005062068619397614,2.271295845507211,4.57943162254076e-6,0.0,0.0,
2022/04/08 05:00,8.694841734832266,0.6261783732701748,0.004353340481624641,7.656641659215211,0.7851102768032108,0.005092311515198467,5.188780296473397,-4.404290887224999e-6,-0.0,6.803333333333342,0.8205079244690494,0.005019160248291842,2.1709036846687013,4.385041305905554e-6,0.0,0.0,
2022/04/08 05:10,8.659537439743701,0.6259298774812546,0.0043411383855850305,7.610815526040028,0.7842553722184329,0.005070700447596971,5.127097869292925,-4.280603550715119e-6,-0.0,6.800000000000011,0.8155,0.004987128450166961,2.1062489905946222,4.256383832398958e-6,0.0,0.0,
2022/04/08 05:20,8.624796000736922,0.6256749173360946,0.0043290882618032475,7.571391736563783,0.7832988428321931,0.0050507361132934815,5.016712452272146,-4.173110935510938e-6,-0.0,6.800000000000011,0.8105,0.004956307680167657,2.0450473455289284,4.134109787462861e-6,0.0,0.0,
2022/04/08 05:30,8.590292755434234,0.6254057943726308,0.004317039969821184,7.534764874853863,0.7822296459118985,0.005031078005580934,4.873078943492146,-4.069303118862241e-6,-0.0,6.800000000000011,0.8055,0.004925489940129025,1.983849607063803,4.011884057005989e-6,0.0,0.0,
2022/04/08 05:40,8.555811554628178,0.6251194506926987,0.00430490890451413,7.5000503111749595,0.7810446682652823,0.005011395371305088,4.706196170167233,-3.967929680860854e-6,-0.0,6.800000000000011,0.8005,0.004894675229604278,1.922931628540482,3.890216215958652e-6,0.0,0.0,
2022/04/08 05:50,8.521213693248683,0.6248143863808578,0.004292644778494322,7.466818897306155,0.7797432286044081,0.004991534199054435,4.524241774552706,-3.868131795986321e-6,-0.0,6.800000000000011,0.7955,0.004863863548146717,1.8624573704043996,3.7694085195297996e-6,0.0,0.0,
2022/04/08 06:00,8.486423869172427,0.6244901802948605,0.0042802238004209445,7.4348183087813595,0.7783257959823452,0.004971410412230239,4.334160406662022,-3.7692535514855127e-6,-0.0,6.800000000000011,0.7905000000000001,0.004833054895309731,1.8025044028072443,3.649603393795139e-6,0.0,0.0,
2022/04/08 06:10,8.450411152081756,0.6241492546920558,0.004267363489737229,7.393302896877515,0.7767948209924691,0.004947372785443964,4.283160634035994,-3.6612498822317957e-6,-0.0,6.740000000000009,0.7885682006889042,0.00480115183543895,1.740415566689535,3.532044764379645e-6,0.0,0.0,
2022/04/08 06:20,8.412516729778758,0.623797373332185,0.0042539156667017915,7.344948092786581,0.7751853158421296,0.004920603776517985,4.317818396978623,-3.5524141380370966e-6,-0.0,6.673333333333346,0.7869494270993866,0.004769130098258287,1.6798553660541984,3.4178975747203607e-6,0.0,0.0,
2022/04/08 06:30,8.373235882073516,0.6234378307703482,0.004240051614786375,7.294082150952704,0.773516137563636,0.00489272478612573,4.393272635322774,-3.4436697337124855e-6,-0.0,6.606666666666683,0.785301044564582,0.004737111632734886,1.6206629458708903,3.306180251255584e-6,0.0,0.0,
2022/04/08 06:40,8.332898956665588,0.6230727810595513,0.004225885378871195,7.241711685748953,0.7717961895744821,0.0048641474676789954,4.498327217139035,-3.335330296290122e-6,-0.0,6.5400000000000205,0.7836227863548598,0.004705096438367374,1.5624664614592803,3.196210526680576e-6,0.0,0.0,
2022/04/08 06:50,8.291745645932679,0.6227033298250615,0.004211496506039725,7.188303331003738,0.7700311613355517,0.0048350749587584875,4.623902197250232,-3.2277673804498305e-6,-0.0,6.473333333333358,0.7819143835853112,0.004673084514654484,1.5050065481184447,3.087513380111398e-6,0.0,0.0,
2022/04/08 07:00,8.249940216417599,0.6223297220956965,0.004196936144760381,7.134119655833842,0.768225074539469,0.004805628250850354,4.762170795186763,-3.1213299834041106e-6,-0.0,6.406666666666695,0.7801755651985696,0.004641075861095047,1.4481164347598678,2.979784434962258e-6,0.0,0.0,
2022/04/08 07:10,8.209151685153017,0.6220066790497037,0.0041830542899566805,7.098474931862256,0.7665194109797617,0.004783082328110043,4.841438351204489,-3.1149749893587994e-6,-0.0,6.399999999999977,0.78,0.004637875175578252,1.4829423605169723,3.0435865088464923e-6,0.0,0.0,
2022/04/08 07:20,8.170840174890259,0.621750038530734,0.004170368973217417,7.075827229899176,0.7650182122623135,0.0047661777389100615,4.829032427623474,-3.1506656974105646e-6,-0.0,6.399999999999977,0.78,0.004637875175578252,1.5243028040322315,3.119654118325296e-6,0.0,0.0,
2022/04/08 07:30,8.134258324659413,0.6215349072042243,0.004158490258941334,7.057966671144527,0.7636796397052268,0.00475190496814082,4.746748447342953,-3.194670333268143e-6,-0.0,6.399999999999977,0.78,0.004637875175578252,1.5630333222327408,3.1908381399205465e-6,0.0,0.0,
2022/04/08 07:40,8.098873394235568,0.6213492318419329,0.004147179858338337,7.042888422420219,0.7624811132587798,0.004739448179063082,4.615008316873741,-3.243750865622546e-6,-0.0,6.399999999999977,0.78,0.004637875175578252,1.5999108551227437,3.258582478386899e-6,0.0,0.0,
2022/04/08 07:50,8.064316944946484,0.6211852152435037,0.004136277096625051,7.029632629391415,0.7614065375550219,0.004728383116354359,4.450694499967085,-3.295745356980632e-6,-0.0,6.399999999999977,0.78,0.004637875175578252,1.6354592824322935,3.3238600976085576e-6,0.0,0.0,
2022/04/08 08:00,8.030357203027279,0.6210380790440609,0.00412568173645609,7.01764652992216,0.7604433210608748,0.004718444487524933,4.268308852180667,-3.349028907759463e-6,-0.0,6.399999999999977,0.78,0.004637875175578252,1.6700054277746403,3.387277795038678e-6,0.0,0.0,
2022/04/08 08:10,7.998089371118567,0.6209515929163739,0.0041159926995127105,7.021646523835784,0.7596991225446874,0.004715095597363869,4.036592119908847,-3.483752712034465e-6,-0.0,6.444999999999993,0.781545423004614,0.004661681703162518,1.779217632177506,3.5908463412543266e-6,0.0,0.0,
2022/04/08 08:20,7.968577231451036,0.6209385286049524,0.0041075887601173975,7.036893655083759,0.759252758596015,0.004717273847007153,3.7347522534713566,-3.651388542838147e-6,-0.0,6.4950000000000045,0.7832435878625965,0.0046881355220728714,1.8928712659887879,3.802751282077092e-6,0.0,0.0,
2022/04/08 08:30,7.941212031768998,0.6209783899752246,0.004100155307356162,7.056670761439818,0.7590578142167034,0.004722504838782253,3.3840461587033133,-3.823405813548357e-6,-0.0,6.545000000000016,0.7849219089980903,0.004714591574514007,2.00336791297741,4.008721624294878e-6,0.0,0.0,
2022/04/08 08:40,7.9155911585799,0.6210618044819137,0.0040935122245083985,7.079221853906347,0.7590845742187988,0.004730038711051262,3.0046266208194083,-3.9969384953685925e-6,-0.0,6.595000000000027,0.7865805166226333,0.004741049860768805,2.1112948441832486,4.209849684694115e-6,0.0,0.0,
2022/04/08 08:50,7.891462016721107,0.6211829586649481,0.004087546550128673,7.103663771108472,0.7593095656509763,0.00473944906053363,2.611784977096363,-4.170172439535782e-6,-0.0,6.644999999999982,0.7882195401706199,0.004767510381120195,2.2170203710384158,4.4068202775240005e-6,0.0,0.0,
2022/04/08 09:00,7.868686738142969,0.6213384045348366,0.004082194019928568,7.129469166523165,0.7597130251167973,0.004750448059894746,2.2175809011122283,-4.341830153413652e-6,-0.0,6.694999999999993,0.7898391083039297,0.004793973135851157,2.320754028017518,4.600023130691739e-6,0.0,0.0,
2022/04/08 09:10,7.847888237098857,0.6215167994666961,0.004077551627774283,7.163128036471392,0.7602579022069881,0.004764946079037969,1.7139823966823544,-4.505938106518221e-6,-0.0,6.7900000000000205,0.7885227943443033,0.004817534327175586,2.4127117414413988,4.765693066929259e-6,0.0,0.0,
2022/04/08 09:20,7.829467932081968,0.6217104570510501,0.004073678609212883,7.202679637978747,0.7608851991189679,0.0047819501203173855,1.1609291366261232,-4.662397487479272e-6,-0.0,6.889999999999986,0.7868717046066851,0.004840774623070619,2.5011146354429457,4.924084426497557e-6,0.0,0.0,
2022/04/08 09:30,7.8131499705572764,0.62191994242224,0.004070499631884675,7.245135529797267,0.761572789133073,0.00480035292081371,0.5998186146479156,-4.814604601106459e-6,-0.0,6.990000000000009,0.7852105883640603,0.004864016642374299,2.58726022890869,5.078221137292954e-6,0.0,0.0,
2022/04/08 09:40,7.798795918757094,0.6221452148931574,0.00406797427195158,7.289687143959554,0.7623065383881238,0.0048198092813834794,0.039905540012910024,-4.9625397469239455e-6,-0.0,7.089999999999975,0.783539687183629,0.004887260385278336,2.671280324286954,5.228343683390129e-6,0.0,0.0,
2022/04/08 09:50,7.786329741904069,0.6223865250777243,0.004066081811148461,7.3359107886461175,0.7630755403223366,0.00484011875555198,-0.5125740219460795,-5.106124121634911e-6,-0.0,7.189999999999998,0.7818592392124327,0.004910505851974467,2.753242474053195,5.374574587544763e-6,0.0,0.0,
2022/04/08 10:00,7.775718446736505,0.6226442996796626,0.0040648149950022125,7.3835424823885205,0.7638708892437284,0.0048611446325145,-1.0531684980065847,-5.24530493167325e-6,-0.0,7.2900000000000205,0.7801694792212301,0.004933753042654457,2.83317033202502,5.516955828354426e-6,0.0,0.0,
2022/04/08 10:10,7.765809330443574,0.6228261251143387,0.004063244794464149,7.416195475037966,0.7644620084287898,0.004875900002905826,-1.6673324112508683,-5.234487564888694e-6,-0.0,7.375,0.7723307664364076,0.00491251260306733,2.7690355667809854,5.382776870163181e-6,0.0,0.0,
2022/04/08 10:20,7.755268963398464,0.6228997669748907,0.004060788735431211,7.439090962172372,0.7646423755331215,0.004884762225315156,-2.22949833372013,-5.155851640027818e-6,-0.0,7.458333333333314,0.763880272200552,0.0048863310657330855,2.691678704093192,5.223279706594319e-6,0.0,0.0,
2022/04/08 10:30,7.7447363787300105,0.6229016307335833,0.004057865387621629,7.459386681820263,0.7644622230334791,0.004890437886591085,-2.713934240403546,-5.062457366435818e-6,-0.0,7.541666666666686,0.7555037675498246,0.00486015171512907,2.6158525651219406,5.066839687330371e-6,0.0,0.0,
2022/04/08 10:40,7.734716802773676,0.6228483106526009,0.004054725170199391,7.47883747706436,0.7639518169172995,0.004893701596909889,-3.139543617621712,-4.958899353688313e-6,-0.0,7.625,0.7472006195126011,0.004833974550981336,2.5407406579161034,4.911928216422809e-6,0.0,0.0,
2022/04/08 10:50,7.725560192898911,0.6227507990882893,0.004051537881349198,7.498275459873469,0.7631335906202578,0.004894969955504549,-3.5223900153221166,-4.84804083537054e-6,-0.0,7.708333333333314,0.7389702006579226,0.004807799573015979,2.4657893550254357,4.757509224289257e-6,0.0,0.0,
2022/04/08 11:00,7.717485996123969,0.622616254690877,0.004048411416112764,7.518172192359202,0.7620252971582919,0.004894508890515753,-3.8763529522469753,-4.7319569062111364e-6,-0.0,7.791666666666686,0.7308118890451004,0.004781626780959144,2.390646864042992,4.6029238520209845e-6,0.0,0.0,
2022/04/08 11:10,7.707181341021737,0.6223574003126295,0.004043854415557707,7.498238830048933,0.7604100173406083,0.004877350836027722,-3.987745474341864,-4.4406803440817475e-6,-0.0,7.725000000000023,0.7227622219510084,0.004706942298600282,2.161996384940494,4.168138241022621e-6,0.0,0.0,
2022/04/08 11:20,7.6918022692586305,0.6219541625269158,0.004036950729399814,7.450498780795044,0.7581607780141496,0.004846842389493414,-3.863186546601014,-4.078914211277718e-6,-0.0,7.6416666666666515,0.7146132003569665,0.0046268869294511725,1.9234855054266973,3.7153798525748883e-6,0.0,0.0,
2022/04/08 11:30,7.673021113636764,0.6214507327345544,0.004028461204872129,7.392481842970085,0.7553751507395905,0.004809624642949996,-3.586427665485417,-3.704466231695068e-6,-0.0,7.558333333333337,0.7063503909713215,0.004546852010190631,1.6902119247640712,3.2721281069196326e-6,0.0,0.0,
2022/04/08 11:40,7.651952456745903,0.620867706132406,0.004018835877212988,7.328562977732076,0.7521043607649485,0.00476757922209737,-3.207646145313561,-3.3232217763144004e-6,-0.0,7.475000000000023,0.6979726370261782,0.004466837532983873,1.4607082786365027,2.8356562234838124e-6,0.0,0.0,
2022/04/08 11:50,7.629328239474887,0.6202175205401862,0.004008363761098243,7.260880524152583,0.7483825471061439,0.004721709040523823,-2.7661302544834143,-2.939140196421114e-6,-0.0,7.3916666666666515,0.6894787706137632,0.00438684349000011,1.2340322098855268,2.404214673335636e-6,0.0,0.0,
2022/04/08 12:00,7.605577142276445,0.6195069713754774,0.003997211933211253,7.190691007573491,0.744234137561073,0.004672647313975711,-2.2940695059509153,-2.5551588667469045e-6,-0.0,7.308333333333337,0.6808676125785361,0.004306869873412556,1.0096389398813699,1.9767928820160374e-6,0.0,0.0,
2022/04/08 12:10,7.580865367912622,0.6186019779711708,0.003984561085125449,7.112677611629977,0.7393267559640063,0.004616669040767603,-2.1695736853803287,-1.979884816084251e-6,-0.0,7.300000000000011,0.6590000000000001,0.004165225278703001,0.5890551514989966,1.1629140125151188e-6,0.0,0.0,
2022/04/08 12:20,7.554380516787035,0.6174484821668167,0.003969848502723702,7.030598171740564,0.7332728095525329,0.004552695957030039,-2.1395454046501077,-1.3187936670153033e-6,-0.0,7.300000000000011,0.6356666666666667,0.004016793987451161,0.15306563559056485,3.183157806878052e-7,0.0,0.0,
2022/04/08 12:30,7.52621400887034,0.6160938458543568,0.003953418869058843,6.948204393706931,0.7260936794367423,0.004482197160042538,-2.10140665336553,-6.467911984818901e-7,-0.0,7.300000000000011,0.6123333333333334,0.0038684330502399573,-0.2770960497948636,-5.151663377394241e-7,0.0,0.0,
2022/04/08 12:40,7.496500298577189,0.6145584646346046,0.003935453037589989,6.866793130377175,0.7177919769493611,0.004405707502946741,-2.066551374616097,3.008016574989592e-8,-0.0,7.300000000000011,0.5890000000000001,0.003720142417061219,-0.7020197399574499,-1.3386539673309849e-6,0.0,0.0,
2022/04/08 12:50,7.465293657101483,0.6128565499967075,0.003916069646369723,6.787165791142115,0.708358776963991,0.004323513398757342,-2.042894294793314,7.08549731515843e-7,-0.0,7.300000000000011,0.5656666666666668,0.003571922037954159,-1.1220924168699185,-2.152884527079862e-6,0.0,0.0,
2022/04/08 13:00,7.432595682743624,0.6109985137895125,0.0038953485155677563,6.709909765210398,0.6977764833106473,0.004235764297569327,-2.0355562466755828,1.386558540998989e-6,-0.0,7.300000000000011,0.5423333333333334,0.0034237718630053164,-1.5375744967384435,-2.9583558100544624e-6,0.0,0.0,
2022/04/08 13:10,7.401342230214368,0.6092516441169024,0.0038757962415192004,6.678698809517243,0.6868196631297067,0.004159805122556105,-1.7737294080723134,1.665044218068671e-6,-0.0,7.329999999999984,0.5369706208524511,0.003396738715648603,-1.5619658654570685,-3.010533944742878e-6,0.0,0.0,
2022/04/08 13:20,7.375087723079275,0.6077142734933926,0.003858974703254332,6.679285595359943,0.6763048154130682,0.0040958677995882155,-1.6098590613529498,1.7672283473802467e-6,-0.0,7.363333333333344,0.533616864766084,0.003383159287927732,-1.551394972134176,-2.994949905221388e-6,0.0,0.0,
2022/04/08 13:30,7.3521933204446555,0.6062935654676762,0.0038438336697993727,6.69227235660918,0.6661589353858144,0.0040376527571015204,-1.6234615082606751,1.8379922167621604e-6,-0.0,7.396666666666647,0.5302759282408926,0.0033695804499024647,-1.5463014378406115,-2.9896137281262536e-6,0.0,0.0,
2022/04/08 13:40,7.331360768921911,0.6049502167003808,0.003829766587027827,6.712675275018853,0.6563547706533557,0.003983471538052567,-1.7634951686920888,1.8889501163650595e-6,-0.0,7.430000000000007,0.5269477655272741,0.003356002201534388,-1.544707594490319,-2.990823340331148e-6,0.0,0.0,
2022/04/08 13:50,7.311706057291815,0.6036588779501211,0.0038163718410942193,6.737999898306555,0.646877915466743,0.003932479524108167,-1.986668108491472,1.927151585402839e-6,-0.0,7.46333333333331,0.5236323310400492,0.0033424245427850956,-1.5453039812691713,-2.9961286682314477e-6,0.0,0.0,
2022/04/08 14:00,7.292692171903127,0.6024036181376106,0.0038034029708083126,6.76674336642543,0.637719452476172,0.003884174023128234,-2.2556955099747715,1.9576502227057034e-6,-0.0,7.49666666666667,0.5203295793578016,0.003328847473616183,-1.5472870122059703,-3.004025269002877e-6,0.0,0.0,
2022/04/08 14:10,7.272435905026271,0.6009496642161062,0.003788876338055414,6.770814706685883,0.6280615622177477,0.00382606617262082,-2.9088129684276964,2.3175522356046635e-6,-0.0,7.560000000000002,0.5000643293227134,0.0032124771045052825,-1.8793482599921845,-3.6511976069080836e-6,0.0,0.0,
2022/04/08 14:20,7.248396188084598,0.5992093731764864,0.0037715853789751573,6.760172079476888,0.6170344307638879,0.0037557185985805765,-3.5688892396314036,2.823766146456208e-6,-0.0,7.626666666666665,0.4780957799735128,0.003084734830983414,-2.239474494601154,-4.35269979089426e-6,0.0,0.0,
2022/04/08 14:30,7.221580886314996,0.597262641090722,0.0037523178585197347,6.747341340705191,0.6047068765340007,0.0036769754533507405,-4.110041894234655,3.35397844132089e-6,-0.0,7.693333333333328,0.456317628294035,0.002957044746935176,-2.5929859921382103,-5.041254077766484e-6,0.0,0.0,
2022/04/08 14:40,7.192946259493112,0.5951449823253684,0.003731561694289077,6.7355389993391555,0.5911074406244601,0.003590872514931557,-4.555764913396274,3.899527784491299e-6,-0.0,7.759999999999991,0.4347284493126701,0.0028294068203838603,-2.941473710980972,-5.719847979822981e-6,0.0,0.0,
2022/04/08 14:50,7.1632266190162,0.5928812055136485,0.0037096747683753716,6.7263907155899005,0.5762512425198871,0.003497902021658478,-4.928520813242017,4.455315517131066e-6,-0.0,7.826666666666654,0.4133268285482954,0.0027018210193788775,-3.2861046289681326,-6.390670654324892e-6,0.0,0.0,
2022/04/08 15:00,7.132953096912331,0.590488770963658,0.0036869121461397536,6.720906124724422,0.5601473892874113,0.00339832657062516,-5.2492499464864295,5.017705756006856e-6,-0.0,7.893333333333317,0.39211136193148977,0.002574287311995729,-3.6277104901646453,-7.055282301495229e-6,0.0,0.0,
2022/04/08 15:10,7.1024827817011555,0.5882480173359743,0.0036651285380064676,6.730392266801914,0.5439917846003693,0.003301958131825616,-4.834562759304504,5.209752587131446e-6,-0.0,7.810000000000002,0.39293371956529033,0.002565037342089128,-3.5868445940600395,-6.973871609849355e-6,0.0,0.0,
2022/04/08 15:20,7.073680635172366,0.5862717281219273,0.003645492756559493,6.747090499558055,0.5292056581678325,0.0032154543033111557,-4.224193471523563,5.232391589926192e-6,-0.0,7.7099999999999795,0.39622049795712433,0.0025689268735675924,-3.5101403700803075,-6.822279948005478e-6,0.0,0.0,
2022/04/08 15:30,7.046455428881416,0.5844735599983059,0.003627426155347018,6.7640521187531135,0.5157790403028474,0.0031371383553402497,-3.648336850034184,5.227909764533626e-6,-0.0,7.610000000000014,0.399536048038083,0.002572816453491129,-3.438552296377111,-6.680404382087559e-6,0.0,0.0,
2022/04/08 15:40,7.0204714064546465,0.5828174710495333,0.0036106082547762717,6.779066460320962,0.503695743747183,0.003066461208771801,-3.0992371055191374,5.206120491052323e-6,-0.0,7.509999999999991,0.4028806370941421,0.0025767060818606444,-3.3710354500358335,-6.5462565265719585e-6,0.0,0.0,
2022/04/08 15:50,6.995479309957716,0.5812778658149599,0.0035948088533480143,6.790922937490734,0.4929226735648059,0.003003017703048671,-2.567542276598829,5.172437992059803e-6,-0.0,7.410000000000025,0.4062545350502916,0.0025805957586770424,-3.306839259641947,-6.4184086970863854e-6,0.0,0.0,
2022/04/08 16:00,6.9713150794388525,0.5798359401874368,0.0035798635897618877,6.7988889241911465,0.4834101037253469,0.0029464107936905443,-2.044277239913868,5.1305231228668544e-6,-0.0,7.310000000000002,0.4096580144981451,0.0025844854839412275,-3.2454278255827376,-6.295840471533841e-6,0.0,0.0,
2022/04/08 16:10,6.94793803551994,0.5785104010452631,0.003565872769237128,6.804393148647478,0.475266095428985,0.002897642659767051,-1.444541301455047,5.036588929612887e-6,-0.0,7.194999999999993,0.4158123743363731,0.002602808677282657,-3.1400680641568215,-6.087382815118446e-6,0.0,0.0,
2022/04/08 16:20,6.925535380125552,0.5773028043629851,0.0035528861253808462,6.805944164586549,0.4685955804238908,0.002857092479982223,-0.8260705055351992,4.917637845580265e-6,-0.0,7.078333333333319,0.42234695425738217,0.0026227367943078284,-3.0327495685903614,-5.874851338986593e-6,0.0,0.0,
2022/04/08 16:30,6.904025577835057,0.5761930903113763,0.00354075371689169,6.802352373330052,0.46327801563533466,0.0028238229144429347,-0.21225581924568362,4.792403280533072e-6,-0.0,6.961666666666645,0.4289628847294437,0.0026426661829972112,-2.9282121590442785,-5.667505043874819e-6,0.0,0.0,
2022/04/08 16:40,6.883318541215033,0.5751691794232118,0.0035293740880774148,6.793371133970425,0.45919101089900594,0.002797064166900624,0.39862836283418807,4.662918084597083e-6,-0.0,6.845000000000027,0.4356611541490847,0.0026625968434725315,-2.8261250390912664,-5.464712970208483e-6,0.0,0.0,
2022/04/08 16:50,6.86333752048796,0.5742215224176221,0.003518665565647637,6.779020036641612,0.4562127352992366,0.002776089196494815,1.0068667252738805,4.530387463767716e-6,-0.0,6.728333333333353,0.4424427632042807,0.002682528775855531,-2.726221912775145,-5.265967518894094e-6,0.0,0.0,
2022/04/08 17:00,6.844009441413164,0.5733423079878444,0.0035085588045531166,6.759462585768176,0.45422524667687475,0.0027602108871359575,1.6117568103743454,4.395602319257126e-6,-0.0,6.611666666666679,0.4493087250332934,0.0027024619802679677,-2.6282766803392406,-5.070838281534585e-6,0.0,0.0,
2022/04/08 17:10,6.82318859427221,0.5726020977451687,0.003498965512093344,6.714289575050088,0.45351262071427356,0.0027472752791683716,2.6960570485567814,4.173239247663542e-6,-0.0,6.329999999999984,0.46656845716123413,0.002752543745054632,-2.4337063053751535,-4.678262997376391e-6,0.0,0.0,
2022/04/08 17:20,6.799843081056963,0.5720318505831644,0.0034898257267835815,6.647184781438398,0.4544650914372846,0.0027403330616639957,3.9948134114894174,3.903843008763387e-6,-0.0,6.029999999999973,0.48554523006567407,0.0028059839559726398,-2.2296643841250443,-4.265653728276875e-6,0.0,0.0,
2022/04/08 17:30,6.774754842047059,0.5716059442555887,0.003481170047044586,6.566318573117144,0.45690838546075735,0.0027397678114023005,5.348791596139222,3.6251964525778525e-6,-0.0,5.730000000000018,0.505137537630584,0.002859433310032127,-2.0271710766869546,-3.855400935130771e-6,0.0,0.0,
2022/04/08 17:40,6.748287777101666,0.5713117791120653,0.0034730070529821375,6.474128310775086,0.4606587247576136,0.0027447900418942706,6.7337352781919435,3.3395801780710322e-6,-0.0,5.430000000000007,0.5253649066921848,0.0029128918095797604,-1.8262543508258204,-3.447527458682152e-6,0.0,0.0,
2022/04/08 17:50,6.720633930597046,0.5711385552830773,0.0034653145229055276,6.372177769200903,0.4655455133813742,0.002754520672655935,8.130443497912552,3.0478831316412713e-6,-0.0,5.1299999999999955,0.5462474990057954,0.0029663594569630056,-1.6268417451180994,-3.0418755381661036e-6,0.0,0.0,
2022/04/08 18:00,6.691846162453885,0.5710764809683072,0.0034580428993641007,6.26168197499652,0.4714165360831142,0.002768131769162299,9.522478011829778,2.7504887407302606e-6,-0.0,4.829999999999984,0.5678061327252591,0.0030198362545301367,-1.4287716699643624,-2.6381258737303172e-6,0.0,0.0,
2022/04/08 18:10,6.659590267052067,0.5708694567172818,0.0034490763500013852,6.108556071891485,0.4768563779520909,0.0027706229509670047,10.567621500049427,2.812389664712733e-6,-0.0,4.529999999999973,0.5691523222000646,0.002963894211689515,-1.5819351490104054,-2.919144866226122e-6,0.0,0.0,
2022/04/08 18:20,6.620679272515417,0.5704234238881041,0.003437098335516585,5.9277371353539365,0.4806476437492154,0.0027578829793732675,11.615704408955025,3.028268689032306e-6,-0.0,4.230000000000018,0.5679568346864692,0.002895808056970708,-1.764875599973493,-3.259709929851597e-6,0.0,0.0,
2022/04/08 18:30,6.576201360818516,0.5698210285562911,0.003422892754774987,5.736154579682648,0.4831499673305273,0.00273559321279922,12.761760953134171,3.2640413412938073e-6,-0.0,3.930000000000007,0.5664825259234196,0.0028277367358111737,-1.940504711941685,-3.5874199817662337e-6,0.0,0.0,
2022/04/08 18:40,6.527004628681027,0.5690948560886471,0.0034068796095438492,5.5381458796204015,0.48459662984253055,0.002706218514642625,13.962392774769796,3.510100581397115e-6,-0.0,3.6299999999999955,0.5647166741958373,0.002759680243363881,-2.1101919154311872,-3.904853199237554e-6,0.0,0.0,
2022/04/08 18:50,6.4736078606302385,0.5682660475671008,0.0033893294376174717,5.335755793383385,0.48515615488277813,0.002671352571654661,15.182976319565,3.760886829036123e-6,-0.0,3.329999999999984,0.5626460645726815,0.0026916385747839094,-2.274819314041906,-4.213670593642968e-6,0.0,0.0,
2022/04/08 19:00,6.41626992690243,0.5673483042595636,0.0033704052861118425,5.130107913654058,0.48495496994633486,0.0026321259745588897,16.395527591906216,4.012575695767079e-6,-0.0,3.0299999999999727,0.560256970303598,0.0026236117252284503,-2.434918538276179,-4.514874997402683e-6,0.0,0.0,
2022/04/08 19:10,6.358137772773887,0.5663228966006681,0.0033507473392520217,4.955430985267526,0.4839936709820403,0.002594956869575247,17.08732233736896,4.269607310080168e-6,-0.0,2.9250000000000114,0.5483964358005158,0.0025487184658075875,-2.6150131367937774,-4.867846874575789e-6,0.0,0.0,
2022/04/08 19:20,6.301102326442333,0.5651752071666062,0.0033307163859141904,4.804323331529872,0.4821039447008284,0.0025575479826295826,17.46688448553357,4.5357898506299054e-6,-0.0,2.84166666666664,0.535341772533333,0.0024730787760735467,-2.7963252827912584,-5.2247083249474795e-6,0.0,0.0,
2022/04/08 19:30,6.243665562369813,0.5639108391015394,0.003310005322012827,4.663445297736132,0.4793022532096194,0.0025176105794801978,17.689470632570305,4.800414548042393e-6,-0.0,2.7583333333333258,0.5221150881477091,0.0023974574057104635,-2.975360199734041,-5.577422601517949e-6,0.0,0.0,
2022/04/08 19:40,6.184851012842898,0.5625326750446995,0.003288417577957882,4.529575880143966,0.47563325061696643,0.0024748765581979575,17.790116428324154,5.062948318238294e-6,-0.0,2.6750000000000114,0.5087146171453021,0.00232185434806392,-3.151476994660925,-5.924816461697234e-6,0.0,0.0,
2022/04/08 19:50,6.123965485114695,0.5610447675578484,0.0032658331384091206,4.401128565482736,0.47114181256534843,0.00242937143402769,17.799021398748778,5.323688063394125e-6,-0.0,2.59166666666664,0.49513857664934047,0.0022462695964827225,-3.324284379542405,-6.2661769187362145e-6,0.0,0.0,
2022/04/08 20:00,6.060563243522495,0.5594524421652989,0.003242199338472669,4.277143784240195,0.4658686796595361,0.002381204865953867,17.743657949552585,5.583221671485313e-6,-0.0,2.5083333333333258,0.48138516623185756,0.002170703144318895,-3.493610662297897,-6.6011966256113074e-6,0.0,0.0,
2022/04/08 20:10,5.996367336661251,0.5578098626590045,0.003218234906465091,4.180951792919245,0.4601217979375036,0.002335837854270521,17.4995144338385,5.758683222655123e-6,-0.0,2.5149999999999864,0.46943768889233145,0.002117653115270332,-3.5884441787359265,-6.7945228089335214e-6,0.0,0.0,
2022/04/08 20:20,5.932928178730492,0.5561352501318254,0.0031943965375705865,4.105285739447083,0.4541344651115928,0.002293067204861725,17.10007646175427,5.901867747882767e-6,-0.0,2.5316666666666947,0.45772765034089025,0.002067111570695214,-3.6755098162846025,-6.972916313014344e-6,0.0,0.0,
2022/04/08 20:30,5.869338082253478,0.5544147011889495,0.003170402246423505,4.039488939812827,0.4478499349205988,0.002250750972001755,16.607085656638105,6.040680121743237e-6,-0.0,2.548333333333346,0.44604478390624697,0.0020165782112463162,-3.7620403821354103,-7.150175467928403e-6,0.0,0.0,
2022/04/08 20:40,5.805061559544129,0.5526456951902313,0.003146123822912984,3.980662149828504,0.44124775876169253,0.0022082677733489815,16.055431331168393,6.177484128476015e-6,-0.0,2.5649999999999977,0.43438903614796415,0.0019660530349354475,-3.847617854023838,-7.325525808145366e-6,0.0,0.0,
2022/04/08 20:50,5.739811978368721,0.550828854131984,0.003121508754269477,3.927286817892764,0.43431990531567743,0.002165302695070412,15.472020849339858,6.313852972852254e-6,-0.0,2.5816666666666492,0.42276035372837295,0.001915536039775058,-3.9320710206770855,-7.498652752739349e-6,0.0,0.0,
2022/04/08 21:00,5.6734947296806695,0.5489668023218972,0.003096559165523609,3.8784149861957076,0.4270648793890966,0.0021216751286260898,14.878533740741206,6.450958783974141e-6,-0.0,2.5983333333333576,0.4111586834123948,0.0018650272237782449,-4.0154068172305415,-7.6695733683214e-6,0.0,0.0,
2022/04/08 21:10,5.605426250013807,0.547154079971763,0.0030716699933489547,3.828354273786431,0.4199808855543633,0.002078999630153715,14.621151507147944,6.474979784886109e-6,-0.0,2.5249999999999773,0.4100291118084583,0.0018501820009706816,-3.982658545429558,-7.608596033593472e-6,0.0,0.0,
2022/04/08 21:20,5.535789065341248,0.545429385730624,0.003047100958560341,3.77593188039873,0.4136434756271013,0.002039954976557264,14.498143261723728,6.447061789248877e-6,-0.0,2.441666666666663,0.41004962662869415,0.001839299260590811,-3.938034416725486,-7.523908480379187e-6,0.0,0.0,
2022/04/08 21:30,5.465035436960477,0.5437680811101696,0.003022809250674481,3.7219974774384355,0.40798751391732263,0.002004316050775935,14.409056737225685,6.413147990556628e-6,-0.0,2.3583333333333485,0.41005752542036067,0.0018284168998917534,-3.8943132737465476,-7.441017974977689e-6,0.0,0.0,
2022/04/08 21:40,5.393453216050318,0.5421624587282937,0.0029988114440691644,3.6665179266889822,0.4029476928223173,0.0019717280912581393,14.352347998417942,6.376147514827344e-6,-0.0,2.2749999999999773,0.41005263913994255,0.0018175349188536399,-3.851549157273894,-7.360009547308323e-6,0.0,0.0,
2022/04/08 21:50,5.321302905218147,0.5406072362908488,0.0029751308092760063,3.6094432085178596,0.3984618117557653,0.0019418529172169079,14.325622740051926,6.3374569820253414e-6,-0.0,2.191666666666663,0.41003479688792893,0.001806653317456602,-3.809817940883022,-7.281013284302639e-6,0.0,0.0,
2022/04/08 22:00,5.248810284992942,0.5390983612342193,0.0029517891512770814,3.5507590263324573,0.3944715654660781,0.001914379969627986,14.325409502695836,6.297888930946238e-6,-0.0,2.1083333333333485,0.41000382588922574,0.0017957720956807738,-3.7691907197290675,-7.204153016325563e-6,0.0,0.0,
2022/04/08 22:10,5.176168772686992,0.5376331974361397,0.0029288084614544703,3.4905878489489623,0.39092742703600264,0.0018890629863886124,14.348696528848565,6.256874776113325e-6,-0.0,2.0249999999999773,0.4100293589170869,0.0017851960550528255,-3.728745392041219,-7.127600117546819e-6,0.0,0.0,
2022/04/08 22:20,5.103535319152684,0.5362089660398648,0.0029062016830346273,3.4289399867789143,0.38778410699029314,0.0018656634104439512,14.39037460896998,6.21529652687112e-6,-0.0,1.9416666666666629,0.410050048715474,0.0017746542387467458,-3.6894076132318787,-7.053165816736959e-6,0.0,0.0,
2022/04/08 22:30,5.031018191379644,0.5348226030479787,0.0028839697988606457,3.3658380626304734,0.3849951050375051,0.001843941235990957,14.446296940386674,6.1737204522165464e-6,-0.0,1.8583333333333485,0.41005801566728006,0.001764112778742847,-3.651291014451317,-6.981068394910012e-6,0.0,0.0,
2022/04/08 22:40,4.958694244579533,0.5334713586164377,0.002862108945180258,3.3013537110844027,0.38251844908774213,0.00182368745380299,14.513129877350936,6.132282311980059e-6,-0.0,1.7749999999999773,0.4100530886421184,0.0017535716750230663,-3.61438299800443,-6.9112802942922155e-6,0.0,0.0,
2022/04/08 22:50,4.886613992439777,0.5321526497145538,0.002840610827723798,3.2355725407095974,0.3803163965593639,0.0018047175357936084,14.587963675389235,6.09106883581572e-6,-0.0,1.6916666666666629,0.4100350946238295,0.0017430309275693404,-3.5786565205041825,-6.843747632853938e-6,0.0,0.0,
2022/04/08 23:00,4.814806146068747,0.5308640459620588,0.0028194637140443483,3.1685857636830406,0.3783551639759142,0.0017868687537815544,14.668326145167043,6.050140223259462e-6,-0.0,1.6083333333333485,0.4100038586905081,0.0017324905363636089,-3.5440733283953705,-6.778396115879037e-6,0.0,0.0,
2022/04/08 23:10,4.741758230740686,0.5295438327440851,0.0027980385935428204,3.081057241315591,0.3762255920575563,0.001765772869207782,14.815302527383666,6.099502081971731e-6,-0.0,1.464999999999975,0.4058367094311821,0.0016972438483051277,-3.589138514860224,-6.867814025278794e-6,0.0,0.0,
2022/04/08 23:20,4.666067571902886,0.5281743131710055,0.002775975534013456,2.978987782734862,0.3735846184865744,0.0017406706762113054,15.052423651414983,6.1855144473213185e-6,-0.0,1.3149999999999977,0.40107520357426824,0.0016592563909164917,-3.6410599742700924,-6.970883389762043e-6,0.0,0.0,
2022/04/08 23:30,4.588462031928657,0.5267766873894484,0.002753541435964681,2.871005127796707,0.3705316689659534,0.00171319814110259,15.35790152719926,6.276668612488342e-6,-0.0,1.1650000000000205,0.3961681788289082,0.0016212735606415615,-3.69175657682149,-7.071871135538461e-6,0.0,0.0,
2022/04/08 23:40,4.5094496582953525,0.525358835949005,0.002730884943283016,2.759351858688035,0.36712750472882494,0.0016839781693143636,15.709567894117527,6.370900514137526e-6,-0.0,1.0149999999999864,0.3911127357471078,0.001583295356634971,-3.7417129782918437,-7.171686629083838e-6,0.0,0.0,
2022/04/08 23:50,4.42936832111468,0.5239254194425559,0.0027081016998066142,2.6451365902255475,0.36341591656185906,0.0016533986286507401,16.089424098965992,6.466915571085098e-6,-0.0,0.8650000000000091,0.38590592125449935,0.0015453217780515601,-3.791241027932756,-7.270914553869476e-6,0.0,0.0,
2022/04/09 00:00,4.348416102707745,0.5224788670067122,0.0026852468605765485,2.5290087516590916,0.359429920464035,0.0016217309484556075,16.48214037481296,6.563742663971829e-6,-0.0,0.714999999999975,0.380544727660324,0.001507352824046374,-3.8405205613717044,-7.369891826023221e-6,0.0,0.0,
2022/04/09 00:10,4.267880507412485,0.5211338821828554,0.0026631546908391875,2.4287925355441757,0.3559155463618737,0.0015943888521900518,16.98795915199355,6.505795058936304e-6,-0.0,0.5799999999999841,0.3857824767589516,0.0015132798266434002,-3.7491641200233516,-7.191159589594763e-6,0.0,0.0,
2022/04/09 00:20,4.189264844503384,0.5199239445270343,0.0026422643514463894,2.33827224829912,0.35358511784287555,0.0015737154293324603,17.458632845517176,6.381184842838966e-6,-0.0,0.44666666666665833,0.39229574316971405,0.0015240842308841284,-3.6458234876427014,-6.988416400241353e-6,0.0,0.0,
2022/04/09 00:30,4.111897826390077,0.5188081050410005,0.0026222235746440332,2.24947306844507,0.3522571320518586,0.0015578712321793582,17.851857757577818,6.247184685617704e-6,-0.0,0.3133333333333326,0.3989032369552592,0.0015348890095745358,-3.545251631072688,-6.790862205996938e-6,0.0,0.0,
2022/04/09 00:40,4.035200773794884,0.5177694999704107,0.00260282737760104,2.160488369577422,0.35178825291572474,0.0015459220883323871,18.184530504038324,6.107094835744169e-6,-0.0,0.18000000000000682,0.40560630988098834,0.0015456941627340886,-3.4467802042402127,-6.597231424925991e-6,0.0,0.0,
2022/04/09 00:50,3.9587410821691833,0.5167961702739711,0.0025839271375621017,2.0705180422831972,0.3520564465662838,0.0015371729348588098,18.471697047241378,5.962807392485015e-6,-0.0,0.04666666666668107,0.4124063336639586,0.001556499690382255,-3.349924622960998,-6.40660654317074e-6,0.0,0.0,
2022/04/09 01:00,3.882215068191897,0.5158795763396682,0.002565418253089376,1.9792057493512516,0.35295693290554647,0.0015310678529372834,18.727008812413718,5.815705503011395e-6,-0.0,-0.08666666666664469,0.4193047002795357,0.0015673055925385041,-3.2543438344443985,-6.218341331483196e-6,0.0,0.0,
2022/04/09 01:10,3.805843363756935,0.5150021696598582,0.0025472482671447896,1.8908459033983718,0.35433820443800884,0.0015273700620666885,18.876020624910552,5.677965206291829e-6,-0.0,-0.18999999999999773,0.424380649374158,0.001574420226937961,-3.1719033930239675,-6.057100185461489e-6,0.0,0.0,
2022/04/09 01:20,3.7297304709682066,0.5141549186728711,0.002529386919812668,1.8045758440542272,0.35604426986796284,0.0015252743447624218,18.97043745908832,5.545223218038991e-6,-0.0,-0.29000000000002046,0.4292967302266135,0.0015811248345510853,-3.0918061583399776,-5.90049279942708e-6,0.0,0.0,
2022/04/09 01:30,3.6536306969239263,0.5133375993769614,0.0025117854917312207,1.7186661334148425,0.35802157672113394,0.0015243368988816122,19.043051180344154,5.4127652586626305e-6,-0.0,-0.38999999999998636,0.43426459193896283,0.001587829586340254,-3.0125559196371796,-5.745447468507111e-6,0.0,0.0,
2022/04/09 01:40,3.577407785735545,0.5125487682065317,0.002494409822849957,1.6327150899479648,0.36022932634720756,0.0015243198389805214,19.101273983634428,5.2806656799819685e-6,-0.0,-0.4900000000000091,0.43928478387714753,0.0015945344823101177,-2.934041298141892,-5.591755295092867e-6,0.0,0.0,
2022/04/09 01:50,3.500976783157398,0.511787420194699,0.002477237677554361,1.5465511427457272,0.3626344892376365,0.0015250476831775851,19.15021190790526,5.149061182780403e-6,-0.0,-0.589999999999975,0.44435786144162154,0.0016012395224653264,-2.8561897946729005,-5.439280141403354e-6,0.0,0.0,
2022/04/09 02:00,3.4242892678543626,0.5110529009305768,0.002460255382101941,1.4600949095435567,0.3652099480999469,0.0015263833351964664,19.193636216634786,5.018065631706973e-6,-0.0,-0.6899999999999977,0.4494843861365855,0.0016079447068105322,-2.7789568260104716,-5.287938197070555e-6,0.0,0.0,
2022/04/09 02:10,3.346907748739966,0.5102603643914486,0.002442977419895365,1.3660124139376535,0.3674517889680771,0.0015254102225958533,19.091515627654303,4.994960838390195e-6,-0.0,-0.7749999999999773,0.4456717037096676,0.0015843722515038636,-2.7994800050278172,-5.331570096554041e-6,0.0,0.0,
2022/04/09 02:20,3.2680572191280817,0.5093854380040072,0.002425160211662215,1.2674970759366602,0.36888051948991535,0.0015205261305638932,18.971056497695145,5.019443520534965e-6,-0.0,-0.8583333333333485,0.440792462326418,0.001557437815799896,-2.829206702403326,-5.3937426040533865e-6,0.0,0.0,
2022/04/09 02:30,3.1879955971304526,0.5084568254984001,0.0024069953979085727,1.1681554499772915,0.36962231841818693,0.001512717729270652,18.88105984518404,5.050534551327411e-6,-0.0,-0.9416666666666629,0.43583873493244085,0.0015305057067497877,-2.8577924467988396,-5.4537883013672625e-6,0.0,0.0,
2022/04/09 02:40,3.1069772720576907,0.5074852570350745,0.0023885848713944176,1.0688810336449137,0.3697708860929505,0.0015025256105453163,18.8132404355315,5.086032562003951e-6,-0.0,-1.0249999999999773,0.4308097093829403,0.0015035759240520803,-2.8855694602871154,-5.512341267600456e-6,0.0,0.0,
2022/04/09 02:50,3.0251873202577713,0.5064783360237586,0.002370001806167399,0.9700577748232035,0.3694003391340719,0.0014903426413312264,18.76051698862057,5.124763554164456e-6,-0.0,-1.1083333333333485,0.425704565193777,0.0014766484674053663,-2.912776327650363,-5.569856838126762e-6,0.0,0.0,
2022/04/09 03:00,2.9427523925689343,0.5054415834044522,0.002351298157150324,0.8718646888858643,0.3685706889486762,0.0014764724932337706,18.71678552690298,5.16590282253561e-6,-0.0,-1.1916666666666629,0.42052247345554156,0.0014497233365082906,-2.9395824487669415,-5.626658608742615e-6,0.0,0.0,
2022/04/09 03:10,2.86085385444909,0.5044221637166217,0.002332893218101408,0.7882431604115254,0.3675850933138496,0.0014636364507023456,18.625451640413075,5.1488187100627084e-6,-0.0,-1.2300000000000182,0.41852371563622875,0.0014387549666446552,-2.915335533529287,-5.583262406660486e-6,0.0,0.0,
2022/04/09 03:20,2.7805473498557376,0.503432648292156,0.0023150150703063967,0.7152418356849353,0.3667006962409865,0.0014524134447052963,18.470928461542826,5.1091300837835655e-6,-0.0,-1.2633333333333212,0.416873641476189,0.0014295596858055393,-2.8870250675261104,-5.531757307271082e-6,0.0,0.0,
2022/04/09 03:30,2.701331140270895,0.5024588980951569,0.002297507918609598,0.6467904020258857,0.36587423875673125,0.0014419676508083178,18.266993947733003,5.067934437818762e-6,-0.0,-1.296666666666681,0.41521325193884917,0.001420364676210205,-2.859923348984921,-5.482518029670541e-6,0.0,0.0,
2022/04/09 03:40,2.622842714160754,0.501496270620826,0.0022802859218714424,0.581300569893699,0.36508292864974423,0.0014320313078719034,18.027836259163337,5.0262205087955025e-6,-0.0,-1.329999999999984,0.4135425017525949,0.0014111699378466496,-2.833750493122807,-5.435017209126156e-6,0.0,0.0,
2022/04/09 03:50,2.544831495420567,0.5005419457038615,0.0022632918080754487,0.5179735812107538,0.36431154482212796,0.0014224542769896429,17.765525379710425,4.984578694893532e-6,-0.0,-1.363333333333344,0.4118613454593692,0.0014019754707028731,-2.8083197647124507,-5.3889034283661236e-6,0.0,0.0,
2022/04/09 04:00,2.4671433222864607,0.4995943948301205,0.002246491067875005,0.4563295354371917,0.3635492283875292,0.001413139543868648,17.49087244641544,4.943474671788395e-6,-0.0,-1.396666666666647,0.4101697374138701,0.0013927812747668755,-2.783518646154789,-5.343965307828181e-6,0.0,0.0,
2022/04/09 04:10,2.3899796053053137,0.4987231079047817,0.0022302254688308628,0.4011911442674432,0.36317002559004063,0.0014060261331769466,17.335068966229983,4.818115822428004e-6,-0.0,-1.4449999999999932,0.41589969406541,0.0014072626144649115,-2.6832683292525417,-5.147984202758271e-6,0.0,0.0,
2022/04/09 04:20,2.313906348028979,0.49794649477922737,0.0022146588754410014,0.3500109264611524,0.36355008995171084,0.0014022818422534343,17.200827480407956,4.656597458931403e-6,-0.0,-1.4950000000000045,0.4224960964336265,0.0014243754451489514,-2.576717148758462,-4.939172461908486e-6,0.0,0.0,
2022/04/09 04:30,2.2387669470015794,0.4972410239436481,0.002199651352425878,0.30001976400882313,0.3645838254223603,0.0014011824768115314,17.050449862109645,4.492038285643265e-6,-0.0,-1.545000000000016,0.4291361009894382,0.0014414892153697305,-2.471985752465798,-4.733797922194347e-6,0.0,0.0,
2022/04/09 04:40,2.1644220358521125,0.496598556165254,0.0021851367821214803,0.2504351830220912,0.36618349868186284,0.0014022840816432136,16.892695425962074,4.3261651953753925e-6,-0.0,-1.5950000000000273,0.43581996546437607,0.001458603925204624,-2.3688585636455173,-4.5314472758621804e-6,0.0,0.0,
2022/04/09 04:50,2.090794394300815,0.496013373825937,0.0021710708539016805,0.2008860907963026,0.3682735321799121,0.0014052365827853864,16.733993175789692,4.159852763607628e-6,-0.0,-1.6449999999999818,0.4425479491011987,0.001475719574731017,-2.2671911073580304,-4.331843321099364e-6,0.0,0.0,
2022/04/09 05:00,2.017851666211868,0.4954812860593731,0.002157423850242893,0.15118309697027144,0.3707885902937575,0.0014097516501712602,16.579088472630588,3.993690858294167e-6,-0.0,-1.6949999999999932,0.4493203126629861,0.0014928361640263036,-2.1668864894395483,-4.134799827955543e-6,0.0,0.0,
2022/04/09 05:10,1.9474878931588364,0.4950139674403005,0.0021445320219656405,0.12334719414224082,0.3737784324267699,0.0014182709437197847,16.201664187094025,3.7980400540166003e-6,-0.0,-1.6399999999999864,0.45463613076601256,0.0015166867233174666,-2.0470880266293534,-3.902383443048872e-6,0.0,0.0,
2022/04/09 05:20,1.881120188981754,0.49460802062571835,0.0021325864693254957,0.11189791294339102,0.37722024298212903,0.001430169054436071,15.685961738974472,3.5944781606143475e-6,-0.0,-1.5733333333333235,0.45973037049441995,0.0015412872880727828,-1.9279295022267888,-3.6714192775567713e-6,0.0,0.0,
2022/04/09 05:30,1.8179050752428907,0.49425279944378764,0.0021213994288799463,0.10749250179628689,0.3810084210649975,0.0014441017803875549,15.105533999768001,3.3914568869157474e-6,-0.0,-1.5066666666666606,0.46476509186175385,0.0015658897941126788,-1.811237775384825,-3.4452005083006435e-6,0.0,0.0,
2022/04/09 05:40,1.7572973851118263,0.49394253372943503,0.0021108533790461545,0.10771062608796456,0.38507341120801286,0.0014595682600509346,14.483178807584524,3.1895653533624127e-6,-0.0,-1.4399999999999977,0.4697408071751292,0.0015904942416669506,-1.69662966652686,-3.223004511574861e-6,0.0,0.0,
2022/04/09 05:50,1.6989235819390842,0.49367336233345477,0.0021008673412245913,0.11134301862529128,0.3893618096946205,0.0014762514874398166,13.837013503930962,2.9893035321388253e-6,-0.0,-1.3733333333333348,0.4746580245686912,0.0016151006309654294,-1.5838411443833138,-3.004333659252341e-6,0.0,0.0,
2022/04/09 06:00,1.642551823502231,0.493442912917456,0.0020913896301896283,0.11767079719220419,0.393831005808098,0.0014939245409207227,13.182678303816717,2.7911065293063313e-6,-0.0,-1.306666666666672,0.47951724803778384,0.0016397089622379839,-1.4727036886547467,-2.788870733477565e-6,0.0,0.0,
2022/04/09 06:10,1.5916926607160349,0.4932590830777359,0.002082973875661665,0.16799833980047651,0.398544720685963,0.0015173931115482384,12.049667279619598,2.5607653865804112e-6,-0.0,-1.0299999999999727,0.47880685942991164,0.0016709278898804178,-1.3434749065243068,-2.54545518087797e-6,0.0,0.0,
2022/04/09 06:20,1.548883220035691,0.49311425494007965,0.0020759556345965693,0.2519255418382045,0.4034176047351842,0.0015453921036852327,10.63761681951121,2.326501802621783e-6,-0.0,-0.7300000000000182,0.4773444813709688,0.0017028843203464319,-1.2163980874342997,-2.307168618751994e-6,0.0,0.0,
2022/04/09 06:30,1.51248838449726,0.49299805433949356,0.0020700349579525976,0.3516459930314113,0.40833127881259773,0.0015756359842954378,9.106442672377286,2.0953531061618238e-6,-0.0,-0.4300000000000068,0.47574565519442646,0.0017348440258273016,-1.0928891962171292,-2.0760242772415518e-6,0.0,0.0,
2022/04/09 06:40,1.4814860302650459,0.4929048596721175,0.0020650278614542696,0.4623902667627249,0.41322383989148204,0.0016074335027462076,7.502260388085347,1.867848164092775e-6,-0.0,-0.12999999999999545,0.47401774225520077,0.0017668070068265066,-0.9723483509615107,-1.8508921947376918e-6,0.0,0.0,
2022/04/09 06:50,1.4551952776493522,0.492831738757532,0.0020608150689785513,0.5816806210977461,0.41805400432326245,0.0016404025630551494,5.861471678726957,1.644614486936907e-6,-0.0,0.17000000000001592,0.4721678025657525,0.0017987732638476298,-0.8543866505247024,-1.6310404230334205e-6,0.0,0.0,
2022/04/09 07:00,1.433214158563544,0.4927778943368831,0.0020573293247848914,0.7079784327413563,0.4227923471782032,0.0016742964539764775,4.2151728428763136,1.4262547965050747e-6,-0.0,0.4700000000000273,0.47020260643025563,0.0018307427973943574,-0.7387848060902797,-1.4160571069736973e-6,0.0,0.0,
2022/04/09 07:10,1.4184713874478803,0.4927200402318465,0.0020549034345942597,0.875297943765986,0.4273574027372353,0.0017130423378759654,2.103417143130173,1.2200524601171164e-6,-0.0,0.964999999999975,0.46051986034975756,0.0018583828036329733,-0.6407550259473282,-1.2444054666918468e-6,0.0,0.0,
2022/04/09 07:20,1.4129711895005244,0.4926459475829665,0.0020537794252633934,1.0747408930708389,0.4315358411542038,0.0017549513706740867,-0.24030012714263194,1.0299596099487447e-6,-0.0,1.4816666666666833,0.4501871578971816,0.001885543797613781,-0.5485318433625253,-1.0852855246960637e-6,0.0,0.0,
2022/04/09 07:30,1.4153900784571078,0.49255956654917316,0.0020537760013794276,1.2911568497143548,0.4352694727414495,0.0017980355950721627,-2.648806361057155,8.476122040742944e-7,-0.0,1.9983333333333348,0.4400644814643319,0.0019127071567201805,-0.45995461533925663,-9.335492915414775e-7,0.0,0.0,
2022/04/09 07:40,1.4249815730475461,0.4924617200390575,0.0020547860061526785,1.520317126004727,0.4385415331985601,0.0018417396766414104,-5.080856950280578,6.728156767269362e-7,-0.0,2.5149999999999864,0.4301502018568705,0.0019398728812611119,-0.3746739564262498,-7.885401016280841e-7,0.0,0.0,
2022/04/09 07:50,1.4412900457814999,0.49235433719880445,0.0020567512463554767,1.7599442649167827,0.44134765932455033,0.0018857674112302734,-7.5052890514564305,5.057837313156773e-7,-0.0,3.0316666666666947,0.42044245518250417,0.0019670409715455677,-0.29250012674197023,-6.499013657112943e-7,0.0,0.0,
2022/04/09 08:00,1.4640876994877203,0.4922402673148048,0.0020596522186253348,2.0085801284102445,0.4436894105888925,0.0019299285650193044,-9.89656863322182,3.4679060877127583e-7,-0.0,3.548333333333346,0.41093916876486525,0.001994211427882595,-0.21336953461445773,-5.17513641915366e-7,0.0,0.0,
2022/04/09 08:10,1.492093432395336,0.4920578633334471,0.0020630426812493865,2.2495316547971242,0.44528833148555075,0.0019706171846056338,-12.210280845399097,2.7862078542660336e-7,-0.0,4.019999999999982,0.3985354809408091,0.0019993647836034703,-0.20762162608002654,-5.267900953885551e-7,0.0,0.0,
2022/04/09 08:20,1.5241629654313442,0.4917989318658333,0.0020667194078544666,2.4868142690729655,0.44591665230830846,0.0020071620787324093,-14.396139643641279,2.5240673552223905e-7,-0.0,4.486666666666679,0.38621762361333956,0.002002071672516485,-0.21078377945013926,-5.530786469481878e-7,0.0,0.0,
2022/04/09 08:30,1.561031447866526,0.49149164994808253,0.0020709115913169853,2.726852872551774,0.44567718582696264,0.0020407308157019757,-16.45233479781041,2.3761060762514838e-7,-0.0,4.953333333333319,0.3743260660999401,0.002004778584914394,-0.21562650204350575,-5.824293884274721e-7,0.0,0.0,
2022/04/09 08:40,1.6033086109855503,0.4911483812451352,0.0020757647873829973,2.9710530800527977,0.4446436014558562,0.0020716948161188867,-18.39350176591893,2.3279688572149234e-7,-0.0,5.420000000000016,0.36284459808047065,0.002007485520797501,-0.22262437800372936,-6.157459272026502e-7,0.0,0.0,
2022/04/09 08:50,1.6514707550364278,0.4907781970417369,0.0020813923403216173,3.219994844745031,0.44287651635043157,0.00210026399511934,-20.233950098189553,2.3710108333579841e-7,-0.0,5.886666666666656,0.3517576778014667,0.0020101924801661135,-0.2321469660373623,-6.537300954388315e-7,0.0,0.0,
2022/04/09 09:00,1.7058664101760996,0.490387668028337,0.0020878795713751568,3.4739530219552535,0.4404282243340658,0.0021265747404613754,-21.98789759078466,2.498102160481135e-7,-0.0,6.353333333333353,0.34105040245288193,0.0020128994630205367,-0.24447245584019583,-6.969085993026258e-7,0.0,0.0,
2022/04/09 09:10,1.7630607845642317,0.4898549421069604,0.0020941933260411813,3.6876237626340753,0.43676185152126357,0.0021409522571558663,-23.444133911556833,4.4165260314756125e-7,-0.0,6.654999999999973,0.3270204344174912,0.0019704971204552667,-0.40331116907259457,-1.016057361789772e-6,0.0,0.0,
2022/04/09 09:20,1.8199508002488187,0.48916337626086115,0.002099789659755146,3.8743006517547656,0.4314794727088029,0.0021430597925036826,-24.609086525184125,7.079006745144219e-7,-0.0,6.938333333333333,0.313020803145424,0.0019230894738010897,-0.576130514552915,-1.3607588556716862e-6,0.0,0.0,
2022/04/09 09:30,1.8783724312681898,0.4883661043184794,0.0021051670476191216,4.053862726302157,0.42481677710423593,0.0021367613685476447,-25.556862021484793,9.870651138880408e-7,-0.0,7.221666666666692,0.2994528294471232,0.001875689030417666,-0.7482125013905261,-1.7032902123365456e-6,0.0,0.0,
2022/04/09 09:40,1.9396025957253755,0.4874847139031146,0.0021106082546289507,4.231480615225621,0.41692892758163064,0.0021233638850873945,-26.342399199609762,1.275936351520792e-6,-0.0,7.5049999999999955,0.28630379185156435,0.0018282957886633876,-0.9204790894996222,-2.0454065457206652e-6,0.0,0.0,
2022/04/09 09:50,2.0045031966202487,0.48653396206012545,0.0021163062537888134,4.409735031554419,0.4079388776289551,0.002103646222294089,-27.0100826215662,1.5724872338915135e-6,-0.0,7.788333333333355,0.27356134904431956,0.0017809097468971444,-1.093559472229117,-2.3883049196617075e-6,0.0,0.0,
2022/04/09 10:00,2.073594112530259,0.4855237104560995,0.0021223826881764537,4.590154220721843,0.39795110760975155,0.0020781479439733927,-27.59791937408636,1.8750785523701735e-6,-0.0,8.071666666666658,0.2612135281303215,0.001733530903478328,-1.2678502718781601,-2.73273992801123e-6,0.0,0.0,
2022/04/09 10:10,2.1466705662319328,0.48453009922533197,0.002129142490593578,4.7699704860959855,0.38740566438445817,0.00204857893780609,-27.91306797029563,2.1030319785712113e-6,-0.0,8.295000000000016,0.2536502882775113,0.0017090217852933146,-1.3698025093301567,-2.9349442691550867e-6,0.0,0.0,
2022/04/09 10:20,2.2238588404642883,0.48357488299866874,0.002136707192386036,4.949247133447955,0.3767957869559819,0.002017471465779477,-28.121511903488,2.2988896149546353e-6,-0.0,8.511666666666656,0.24674419095262726,0.0016870547779459307,-1.4660905731511775,-3.125636825800331e-6,0.0,0.0,
2022/04/09 10:30,2.3052358143333436,0.4826370998808073,0.0021450033449339247,5.129207741547361,0.36616393750311443,0.0019851967662218883,-28.310753533978644,2.4942714354344684e-6,-0.0,8.728333333333353,0.23999176499999417,0.0016650893178983294,-1.564758485364564,-3.320551253989283e-6,0.0,0.0,
2022/04/09 10:40,2.3906856542708965,0.4817099766836857,0.0021539901960355647,5.31019427933154,0.3555468126065029,0.0019519730442438688,-28.49030572445031,2.6901728458598856e-6,-0.0,8.944999999999993,0.23338965505544143,0.0016431254049870355,-1.6656733740519485,-3.519426482692401e-6,0.0,0.0,
2022/04/09 10:50,2.4800485445950926,0.48078817196448936,0.0021636262919722776,5.492377294526875,0.34497777724998757,0.001917982963574207,-28.665265944216006,2.886927169173966e-6,-0.0,9.16166666666669,0.22693458081600507,0.0016211630390485952,-1.768700079999462,-3.7219991869684555e-6,0.0,0.0,
2022/04/09 11:00,2.5731461807300775,0.47986730719885157,0.0021738712440005576,5.675840046336305,0.33448732796711395,0.0018833885870854481,-28.838215903807058,3.084741632021473e-6,-0.0,9.37833333333333,0.22062333529564987,0.001599202219919579,-1.873706916343508,-3.928013923938434e-6,0.0,0.0,
2022/04/09 11:10,2.6698642148452336,0.47907736657680117,0.002185309175594356,5.864213347909924,0.3249415458600306,0.001853595667413907,-28.706759380319795,3.121506613674129e-6,-0.0,9.535000000000025,0.22162470450066465,0.001623549093346262,-1.8316173437697216,-3.849793715734171e-6,0.0,0.0,
2022/04/09 11:20,2.7708272820784714,0.47844842571849955,0.002198196588655608,6.052840778628365,0.31723389483263337,0.0018333463082140155,-28.501545808353512,3.0885360432065106e-6,-0.0,9.685000000000002,0.22337696770722457,0.0016530438216390926,-1.7774692339758076,-3.7483602559879817e-6,0.0,0.0,
2022/04/09 11:30,2.8757247285393532,0.47793128478990154,0.002212282268253545,6.238520337428554,0.31115648239665145,0.001821409979119776,-28.324101235053835,3.049596122208822e-6,-0.0,9.83499999999998,0.22507449304172492,0.001682541340013038,-1.7272189721757059,-3.654508207656338e-6,0.0,0.0,
2022/04/09 11:40,2.9841760999414646,0.47750629728264854,0.0022274361515101293,6.420371331364947,0.30649838195466667,0.0018167831573470729,-28.166450839124195,3.007741188566127e-6,-0.0,9.985000000000014,0.22671831149949062,0.0017120416488640114,-1.6804424873912467,-3.567412930555675e-6,0.0,0.0,
2022/04/09 11:50,3.0958743256969683,0.4771585304806942,0.0022435592186712673,6.598133304509361,0.30305095520570424,0.0018184894532803874,-28.022039727991345,2.9644766088332776e-6,-0.0,10.134999999999991,0.22830943624346206,0.001741544748588003,-1.6368169246707112,-3.4864457047907374e-6,0.0,0.0,
2022/04/09 12:00,3.2105706224627397,0.4768761720163427,0.0022605742993462956,6.771860911372528,0.3006163106902984,0.0018255913964353237,-27.885911583830424,2.92082321459813e-6,-0.0,10.285000000000025,0.2298488629109478,0.0017710506395810757,-1.596090668854913,-3.4111154048523835e-6,0.0,0.0,
2022/04/09 12:10,3.327170071983687,0.47675173972138496,0.002278765990912816,6.933327075520992,0.2997282681933848,0.0018405484345291089,-27.386628902288525,2.756277479611772e-6,-0.0,10.329999999999984,0.237587939532761,0.0018363889686359865,-1.4423691751912884,-3.1158934695223187e-6,0.0,0.0,
2022/04/09 12:20,3.445461197198256,0.47680640749180736,0.0022982283815575428,7.081625234914327,0.3009025909834289,0.001866737973352824,-26.75761028611476,2.537317610863362e-6,-0.0,10.363333333333344,0.24598239366292418,0.0019057231472449682,-1.2797623352132632,-2.8033508115612107e-6,0.0,0.0,
2022/04/09 12:30,3.5655852703480377,0.47699962516305927,0.0023188158321114263,7.219588333921649,0.3036884211002,0.0019020290830760321,-26.11998017495637,2.313211808690963e-6,-0.0,10.396666666666647,0.25433847244964664,0.0019750727393910597,-1.1207734944568983,-2.4977956088116204e-6,0.0,0.0,
2022/04/09 12:40,3.687471974759319,0.47731291043469515,0.0023404513271557724,7.348599804134324,0.3077035333774351,0.0019444072350839805,-25.480210915825413,2.086435982454425e-6,-0.0,10.430000000000007,0.2626563204405737,0.00204443775021466,-0.9651515275827478,-2.1987286817723805e-6,0.0,0.0,
2022/04/09 12:50,3.8110124099599147,0.4777312832928743,0.00236306619793817,7.469878472824291,0.31264165854869247,0.001992221533673424,-24.844362571301417,1.8581069459037394e-6,-0.0,10.46333333333331,0.27093608165374083,0.0021138181848584523,-0.8126725235263166,-1.9057069339051554e-6,0.0,0.0,
2022/04/09 13:00,3.936059074550485,0.47824202884321976,0.002386594211221148,7.584514575609376,0.31826525670576794,0.0020441764619361777,-24.21869552406747,1.6288814783501616e-6,-0.0,10.49666666666667,0.2791778995795401,0.002183214048467408,-0.663120512208252,-1.618305692632766e-6,0.0,0.0,
2022/04/09 13:10,4.0618699773090725,0.47882630330584214,0.0024108346221975298,7.6867020880013115,0.3243344036344754,0.0020979237090338644,-23.551060711700984,1.4132586025330817e-6,-0.0,10.5,0.2875,0.0022490314565958157,-0.5275588169361072,-1.356172354685996e-6,0.0,0.0,
2022/04/09 13:20,4.187799863371026,0.47947371589622934,0.002435638901314191,7.779180345525617,0.3306961488216862,0.0021528019075011044,-22.862974599964332,1.2022239821094496e-6,-0.0,10.5,0.29583333333333334,0.0023144633437698634,-0.3950926024340333,-1.0997303718907144e-6,0.0,0.0,
2022/04/09 13:30,4.31387786168699,0.48017964457361373,0.0024609993285923874,7.86549574137814,0.337289972310881,0.002208884571428817,-22.17650591044901,9.915214225288032e-7,-0.0,10.5,0.3041666666666667,0.002379908949125106,-0.26439497952651436,-8.465978158296051e-7,0.0,0.0,
2022/04/09 13:40,4.440037752705678,0.48093836609139856,0.002486885306179204,7.946928699838907,0.34406206478960033,0.002265977333889349,-21.501040445720037,7.809653291894036e-7,-0.0,10.5,0.31250000000000006,0.0024453682769761433,-0.1353661699240547,-5.965788735633136e-7,0.0,0.0,
2022/04/09 13:50,4.566158827965921,0.4817443956593997,0.00251325652580511,8.024299936597629,0.350969300891163,0.0023238923763938793,-20.84355316283393,5.70405094056358e-7,-0.0,10.5,0.32083333333333336,0.002510841331639383,-0.007874734539427664,-3.494196095766548e-7,0.0,0.0,
2022/04/09 14:00,4.692082121995611,0.4825925755033908,0.0025400658788814427,8.098207709567248,0.3579777727427978,0.002382471829440147,-20.20932381472676,3.5970419895051015e-7,-0.0,10.5,0.32916666666666666,0.0025763281174330443,0.1182329381422278,-1.0482582166020522e-7,0.0,0.0,
2022/04/09 14:10,4.814767317709197,0.48334930219357747,0.002566060822557717,8.132497482596648,0.3642255601956705,0.0024298977189976274,-19.533937215669543,3.417463880483198e-7,-0.0,10.394999999999982,0.3329230235520783,0.0025875730680036094,0.07014062249572817,-1.8688915351772157e-7,0.0,0.0,
2022/04/09 14:20,4.9312791992857115,0.48397970528145456,0.0025904943028755606,8.140565901625337,0.36914255912177646,0.002464187955538512,-18.730874979347618,4.013767716267682e-7,-0.0,10.278333333333308,0.33620222603193034,0.0025927903914879477,0.007486391180464125,-2.961004414651886e-7,0.0,0.0,
2022/04/09 14:30,5.0428564316450775,0.4845316368875784,0.0026138084139817413,8.138846091270807,0.3731389768515113,0.002490680159521015,-17.821669909841376,4.6995028610669764e-7,-0.0,10.16166666666669,0.3395148230279887,0.0025980078021360176,-0.051517855421252534,-3.983422750540316e-7,0.0,0.0,
2022/04/09 14:40,5.1503670698418205,0.4850242988764147,0.0026362375678403624,8.131267720307278,0.37646947113401896,0.002511700820002731,-16.84655422561036,5.433980391592075e-7,-0.0,10.045000000000016,0.3428611737599585,0.0026032252999500034,-0.10763641692619785,-4.950660076687263e-7,0.0,0.0,
2022/04/09 14:50,5.254377186139607,0.48547050801436814,0.0026579339848902973,8.119598528912832,0.3793103454654106,0.002528715665207506,-15.8375648027544,6.191715747880054e-7,-0.0,9.928333333333342,0.3462416415453054,0.0026084428849320893,-0.16136560768586605,-5.872153414381826e-7,0.0,0.0,
2022/04/09 15:00,5.355208388684389,0.4858786619420644,0.002678985445337855,8.104774821793228,0.3817886199611854,0.002542729439690853,-14.821436617486938,6.953009710464677e-7,-0.0,9.811666666666667,0.34965659384879083,0.002613660557084459,-0.2129916348376355,-6.753373523957737e-7,0.0,0.0,
2022/04/09 15:10,5.45319674415515,0.4862764971851963,0.0026995937563780562,8.090300870910937,0.3841376028943569,0.0025559099996416115,-13.787851213294857,7.38237620159603e-7,-0.0,9.694999999999993,0.3543664140023248,0.0026282629115517244,-0.23257404122887237,-7.020965302874232e-7,0.0,0.0,
2022/04/09 15:20,5.548625157174115,0.48667393955638155,0.002719856925674955,8.075112320152527,0.3865428246103203,0.0025693123435422457,-12.782451218531039,7.653803180057826e-7,-0.0,9.578333333333319,0.3592724019895552,0.002643908747746957,-0.2476288442637724,-7.201394454009692e-7,0.0,0.0,
2022/04/09 15:30,5.641314977403738,0.4870648837242212,0.0027396973392215173,8.058003946162728,0.3889998554613293,0.0025826911471593756,-11.822067916614856,7.878961926030759e-7,-0.0,9.461666666666645,0.36423632010242124,0.002659555367763022,-0.261302697585279,-7.354994751963125e-7,0.0,0.0,
2022/04/09 15:40,5.731072338284207,0.4874473211782308,0.0027590561279593104,8.038815811023369,0.3915087409742663,0.002596011802411089,-10.906189542448603,8.060527262954918e-7,-0.0,9.345000000000027,0.36925884784831725,0.0026752027716588195,-0.2734036585843569,-7.478219340839605e-7,0.0,0.0,
2022/04/09 15:50,5.817725241514552,0.4878199662065018,0.0027778817741737636,8.017542756654336,0.3940701780400392,0.0026092709081706185,-10.032248937320105,8.199925240747689e-7,-0.0,9.228333333333353,0.37434067295273904,0.00269085095949326,-0.2837637536890725,-7.567979085686282e-7,0.0,0.0,
2022/04/09 16:00,5.901134279844655,0.48818213884835787,0.002796131863067086,7.994225680035697,0.39668482551893597,0.0026224728994258322,-9.196559279187683,8.298627316939678e-7,-0.0,9.111666666666679,0.37948249146297214,0.002706499931325258,-0.29224468936422454,-7.62174492021703e-7,0.0,0.0,
2022/04/09 16:10,5.980269967151003,0.488568671264566,0.002813794947942528,7.959298905756782,0.3995560421121983,0.002635233841066793,-8.17565554668704,7.949065176168271e-7,-0.0,8.920000000000016,0.3885366451512925,0.002735568116057619,-0.25505838979324835,-6.75398013355397e-7,0.0,0.0,
2022/04/09 16:20,6.05463599538848,0.48899417066322465,0.0028308469999444607,7.9142602219585,0.4029188726266616,0.002649333193892104,-7.0870145985469435,7.357662365830399e-7,-0.0,8.720000000000027,0.398208316653596,0.0027661301169390772,-0.2110092352470474,-5.748657468784683e-7,0.0,0.0,
2022/04/09 16:30,6.124573932775434,0.4894492439043144,0.002847289273250581,7.862803882091669,0.40671565619642563,0.002665005067241873,-5.9981403642876785,6.69926756895136e-7,-0.0,8.519999999999982,0.40808019144777913,0.0027966951081468123,-0.16496214883568427,-4.7039966727244935e-7,0.0,0.0,
2022/04/09 16:40,6.190270364511605,0.48993082655325537,0.002863130009789016,7.805990566447008,0.4108894679979598,0.002682020008617844,-4.915881868603834,5.983620417637897e-7,-0.0,8.319999999999993,0.4181563621158989,0.002827263090119729,-0.11694400191436216,-3.6204659169436056e-7,0.0,0.0,
2022/04/09 16:50,6.251860050657626,0.4904366601808753,0.0028783725629405984,7.744468237648448,0.4153913848816806,0.002700130969443656,-3.845701250875777,5.214666180661385e-7,-0.0,8.120000000000005,0.4284410073152227,0.0028578340632968127,-0.0669657267421826,-2.498251742366328e-7,0.0,0.0,
2022/04/09 17:00,6.3094331791318155,0.49096488811178746,0.0028930143042539746,7.678715254653582,0.42018049151215386,0.002719116873684112,-2.7925484426469893,4.39422083707766e-7,-0.0,7.920000000000016,0.43893839366522047,0.00288840802811714,-0.015018751828847599,-1.3371866377545245e-7,0.0,0.0,
2022/04/09 17:10,6.363708803398993,0.4915314007847899,0.002907285213638213,7.617305762472711,0.42533067393958246,0.0027410260299112186,-1.805431087846614,3.220133357992052e-7,-0.0,7.75,0.450020336309174,0.0029273950559854144,0.06556809069866176,3.5782216143592e-8,0.0,0.0,
2022/04/09 17:20,6.41527975115099,0.49213893928172636,0.002921315464037978,7.558011931690601,0.430876238284856,0.002765650068802617,-0.8857724042610472,1.8784452949408153e-7,-0.0,7.583333333333314,0.46134787340607897,0.002967321531905503,0.15000266926699624,2.1265780032171742e-7,0.0,0.0,
2022/04/09 17:30,6.4638339640872005,0.4927786885511206,0.0029349844915560904,7.497595113593604,0.43673871341662096,0.0027918464109057675,-0.020394932619751675,4.713199863151483e-8,-0.0,7.416666666666686,0.47288291056266707,0.003007253109939363,0.23563164956726723,3.9199008632276916e-7,0.0,0.0,
2022/04/09 17:40,6.509148897416878,0.49344619644153775,0.0029482144113187705,7.4354494086590535,0.4428655611772444,0.0028191321074905813,0.7988091007024424,-9.929492317688921e-8,-0.0,7.25,0.4846290983643905,0.0030471897910650373,0.32270897822468214,5.742529833875667e-7,0.0,0.0,
2022/04/09 17:50,6.551068617544388,0.4941384791662611,0.0029609488356280244,7.371391526157879,0.44921768599986844,0.0028471926060504946,1.5789662747806688,-2.508353914647274e-7,-0.0,7.083333333333314,0.49659015276495455,0.0030871315762608206,0.4114185103765067,7.597887075272913e-7,0.0,0.0,
2022/04/09 18:00,6.589496145918645,0.4948536759451139,0.002973149720777057,7.305388130757876,0.4557650765890412,0.0028758026973690503,2.3266236580485615,-4.069882919156131e-7,-0.0,6.916666666666686,0.5087698562997247,0.0031270784665052556,0.5018842906245027,9.488274343519197e-7,0.0,0.0,
2022/04/09 18:10,6.622078999701557,0.495587294878859,0.0029842972809630665,7.211214513079881,0.4624433543569541,0.0028992919701789823,3.354614818740629,-5.422228621649641e-7,-0.0,6.615000000000009,0.5252331813122039,0.0031621759329817176,0.5799729002105778,1.1234841393417817e-6,0.0,0.0,
2022/04/09 18:20,6.647197427573701,0.49634463286234276,0.0029940764498380427,7.095768405635567,0.46931463559142855,0.0029192739200176224,4.547532445440084,-6.761494033046703e-7,-0.0,6.298333333333346,0.542660899597903,0.003196737892623001,0.6607771275464529,1.3045146864694317e-6,0.0,0.0,
2022/04/09 18:30,6.665920070287143,0.4971326147582348,0.0030027376463676887,6.969981634938961,0.4764270151580034,0.0029381383611797774,5.808634770161234,-8.134316671078089e-7,-0.0,5.981666666666683,0.5606332727637192,0.003231303673976932,0.7452389616046275,1.4927506391166556e-6,0.0,0.0,
2022/04/09 18:40,6.678951086787663,0.4979553409144679,0.0030104421499626177,6.836660130513394,0.4837878846722067,0.002956425341942267,7.111931088210782,-9.546703064235362e-7,-0.0,5.6650000000000205,0.5791676822618775,0.0032658732776774274,0.8328325533361749,1.687218788574344e-6,0.0,0.0,
2022/04/09 18:50,6.686790354783966,0.49881506430498146,0.0030172997560290885,6.697261059728248,0.4913932349016822,0.0029743431152059107,8.436233447089876,-1.1005351348719201e-6,-0.0,5.348333333333358,0.5982820883462304,0.003300446704358546,0.9231999171609004,1.8872584106242254e-6,0.0,0.0,
2022/04/09 19:00,6.689766431813837,0.49971253379106795,0.003023376859066332,6.552710668302154,0.49923451412216546,0.0029919718678381372,9.763135815082364,-1.2516753753617976e-6,-0.0,5.031666666666638,0.6179950503124727,0.003335023954654486,1.0161245760475595,2.0924720192892314e-6,0.0,0.0,
2022/04/09 19:10,6.689384066027003,0.5005978744338464,0.003028679396443081,6.416556980551434,0.50707822736991,0.003010690039147618,10.765076850514106,-1.3499156562054271e-6,-0.0,4.819999999999993,0.6300169713613549,0.003350130227957259,1.0480896325250342,2.1710891308143117e-6,0.0,0.0,
2022/04/09 19:20,6.6863335959741335,0.5014480299088829,0.003033208277231419,6.286946037464247,0.514642215154204,0.003028486808800555,11.60446778581843,-1.4245438156350514e-6,-0.0,4.6200000000000045,0.6413416489449835,0.0033630733346472572,1.075524195041453,2.23992386847552e-6,0.0,0.0,
2022/04/09 19:30,6.680095973490154,0.5022752983034976,0.0030369268047318646,6.159245505096408,0.5219666409515991,0.0030446991756964263,12.375486584725195,-1.5005617056178281e-6,-0.0,4.420000000000016,0.6528751215429088,0.003376016977125032,1.1056026593623756,2.31379853943302e-6,0.0,0.0,
2022/04/09 19:40,6.670371305398703,0.5030837093961716,0.003039794018876046,6.03243020113166,0.5290950796928583,0.0030594145837946093,13.088309346687199,-1.579380710775533e-6,-0.0,4.220000000000027,0.6646214385511828,0.0033889611554238537,1.138458575795994,2.392950945778021e-6,0.0,0.0,
2022/04/09 19:50,6.656944045620548,0.5038765320214985,0.0030417823855712805,5.906010729748743,0.5360656335248155,0.0030727881379063984,13.752270085732905,-1.6614832724318659e-6,-0.0,4.019999999999982,0.676584732440709,0.003401905869576995,1.174181719291937,2.4775402485721156e-6,0.0,0.0,
2022/04/09 20:00,6.639678064968223,0.504656854105919,0.0030428804486293697,5.779693549609306,0.5429105898927343,0.0030849731063868503,14.376580060889523,-1.7469926731703982e-6,-0.0,3.819999999999993,0.6887692205600205,0.0034148511196177293,1.2128094428308032,2.567629962972176e-6,0.0,0.0,
2022/04/09 20:10,6.618132363761276,0.5053604373617281,0.0030426057957729557,5.646546580462086,0.5493675402228895,0.003093014415174984,14.841297053167182,-1.7372466270257e-6,-0.0,3.634999999999991,0.6944428002310372,0.0033982980574941138,1.1597337301111565,2.476809686309341e-6,0.0,0.0,
2022/04/09 20:20,6.59162437814814,0.5059669203557076,0.0030406937167556532,5.509283091807276,0.5551952558551074,0.0030961979298003,15.268270029733344,-1.6876229330325807e-6,-0.0,3.451666666666654,0.6994032125035897,0.003378468567045009,1.1013140549314357,2.374813497550523e-6,0.0,0.0,
2022/04/09 20:30,6.560426475812108,0.506503063375107,0.0030373672726523152,5.370980065372748,0.5605052333958591,0.00309590957295267,15.702685087392753,-1.6346101305121986e-6,-0.0,3.2683333333333167,0.7043886475262413,0.003358640334022494,1.0475100134146942,2.281287761276539e-6,0.0,0.0,
2022/04/09 20:40,6.52482655916117,0.5069819378764902,0.0030327707579097286,5.232287545520535,0.5653802656134004,0.0030928331114451007,16.14063866268509,-1.5806213297865003e-6,-0.0,3.0849999999999795,0.7093988794162575,0.0033388133583069687,0.9978511334888935,2.1953444698298596e-6,0.0,0.0,
2022/04/09 20:50,6.485068532246601,0.5074133988434149,0.0030270203656674283,5.093432633150542,0.5698861273020633,0.0030874501365049604,16.57838101570576,-1.5270065097089915e-6,-0.0,2.9016666666666424,0.7144336690935467,0.003318987639778847,0.9519585673219808,2.116270315501111e-6,0.0,0.0,
2022/04/09 21:00,6.441355179380082,0.5078050700584182,0.003020210599062516,4.954484947637582,0.5740763581920422,0.003080127378114792,17.01234611185498,-1.4746834570417783e-6,-0.0,2.718333333333362,0.7194927638833712,0.003299163178318561,0.9095241872830684,2.0434863425135135e-6,0.0,0.0,
2022/04/09 21:10,6.394851971849903,0.5081599733354538,0.003012609671302267,4.826344489859764,0.5779922781895414,0.003073489657206561,17.29499880289154,-1.4290411739469457e-6,-0.0,2.5950000000000273,0.7215375344942738,0.003279557681635908,0.8703833203230715,1.972204573619513e-6,0.0,0.0,
2022/04/09 21:20,6.346369030289793,0.508478797395582,0.003004396280934952,4.706253411167211,0.5816253471660802,0.0030669321524382275,17.485421456555628,-1.3851678652170498e-6,-0.0,2.478333333333353,0.7232309332428146,0.0032599776025792025,0.8333222602680053,1.9042272810469363e-6,0.0,0.0,
2022/04/09 21:30,6.295579470350049,0.5087640692831737,0.0029955225337228424,4.589653281605649,0.5849885894768969,0.0030595767582784527,17.629784785056017,-1.3435407912518364e-6,-0.0,2.361666666666679,0.7249081564191304,0.003240398749749987,0.7984182901657277,1.8401934869494842e-6,0.0,0.0,
2022/04/09 21:40,6.2423149318049695,0.5090181621609053,0.0029859733026336537,4.475359511592671,0.5881039406135088,0.003051317093066528,17.739813687502988,-1.3041269625192612e-6,-0.0,2.2450000000000045,0.7265687680136144,0.0032208211230330738,0.765720731293186,1.7801908333663481e-6,0.0,0.0,
2022/04/09 21:50,6.1864919311416315,0.5092436582121885,0.002975752785290232,4.362752789538433,0.5909934695442262,0.003042164906206753,17.825242579925206,-1.2667479095628997e-6,-0.0,2.1283333333333303,0.7282123246237449,0.0032012447223132875,0.735215896933596,1.7241909056153032e-6,0.0,0.0,
2022/04/09 22:00,6.128098199410601,0.5094433272939276,0.0029648813042395163,4.25143859322003,0.5936778466846683,0.003032168995277161,17.894648088279723,-1.2311762247225895e-6,-0.0,2.011666666666656,0.7298383753394977,0.003181669547475473,0.7068375251003545,1.6720683638743728e-6,0.0,0.0,
2022/04/09 22:10,6.066656015579497,0.5095626541453435,0.0029529502858834412,4.133203700457102,0.595962040711952,0.0030186100746208344,17.876629143665358,-1.113304648869838e-6,-0.0,1.8949999999999818,0.725790360916699,0.0031375205281974515,0.601790813639127,1.4685667855553012e-6,0.0,0.0,
2022/04/09 22:20,6.001540233028095,0.5095854680743789,0.0029397508407158356,4.010597748184523,0.5976621322946593,0.0030011686576202025,17.860364096430317,-9.606357234417392e-7,-0.0,1.7783333333333076,0.7209953542757718,0.0030906476854041832,0.49199878486388116,1.2551451324055482e-6,0.0,0.0,
2022/04/09 22:30,5.933151898870506,0.50953491050986,0.0029255144855900132,3.8870725081432056,0.5988472606240695,0.002981008831786858,17.87375829447626,-8.039335910473579e-7,-0.0,1.6616666666666902,0.7160746396236138,0.0030437818711401446,0.38561051491797116,1.0479023426113316e-6,0.0,0.0,
2022/04/09 22:40,5.8618594515039035,0.5094220255038233,0.0029103937268447804,3.7634029407653884,0.5995678449943579,0.0029586139905303545,17.909965899244753,-6.452077881623034e-7,-0.0,1.545000000000016,0.7110262373142351,0.002996923083824575,0.282128752108747,8.459047551610322e-7,0.0,0.0,
2022/04/09 22:50,5.787963428832825,0.5092548993687462,0.0028945085665838936,3.639905832561567,0.59986441746819,0.0029343100836710318,17.962698605880405,-4.856064005310305e-7,-0.0,1.4283333333333417,0.705848139108999,0.002950071321877187,0.18116222472690424,6.48419007227743e-7,0.0,0.0,
2022/04/09 23:00,5.711702674470814,0.50903953068124,0.0028779531707322824,3.5167237919499144,0.599770515040489,0.0029083432061218586,18.026093996388116,-3.259284657665697e-7,-0.0,1.3116666666666674,0.7005383077662096,0.0029032265837181663,0.08240389985712682,4.548704434883612e-7,0.0,0.0,
2022/04/09 23:10,5.633705109168432,0.5088299325239797,0.0028611692185660635,3.4006270282127957,0.5994932937244735,0.0028831462872334385,18.162343447594935,-2.378126973298761e-7,-0.0,1.1949999999999932,0.70009938195495,0.0028770500929596503,0.051779551257823186,3.955255108791722e-7,0.0,0.0,
2022/04/09 23:20,5.5547212734881555,0.508645545027725,0.002844419330440349,3.289355645686726,0.5992312707400029,0.002859198647924932,18.296558281205648,-1.8123781918076263e-7,-0.0,1.078333333333319,0.7001697260376045,0.0028531713788242105,0.02853603187554654,3.5062046353923206e-7,0.0,0.0,
2022/04/09 23:30,5.474623914658309,0.5084713960108367,0.002827595079135878,3.17984215502554,0.5989671824894329,0.002835774598692651,18.40521282196278,-1.3014483133287005e-7,-0.0,0.9616666666666447,0.7001971019037844,0.0028292944895956084,0.005540923555372501,3.0605999806178965e-7,0.0,0.0,
2022/04/09 23:40,5.393304189130902,0.5083022430755196,0.0028106481033404714,3.0712856083034694,0.598692828726821,0.0028126663437903566,18.494531256044414,-8.292392273621264e-8,-0.0,0.8450000000000273,0.7001806920710932,0.0028054194250646505,-0.017048092446884766,2.621452765390644e-7,0.0,0.0,
2022/04/09 23:50,5.3107019489503955,0.508134692724939,0.002793550891609815,2.963286895246881,0.598403131711125,0.002789766592977064,18.570127633859105,-3.863883209595305e-8,-0.0,0.728333333333353,0.7001196663338516,0.002781546185022178,-0.039141315817460054,2.1904883945385949e-7,0.0,0.0,
2022/04/10 00:00,5.2268001469252,0.5079665676633558,0.0027762916860188864,2.8556089909366733,0.5980946861286607,0.002767010896296401,18.637151650021906,3.3953876322911056e-9,-0.0,0.6116666666666788,0.700013181572584,0.0027576747692590626,-0.06070041055272668,1.7684631907885002e-7,0.0,0.0,
2022/04/10 00:10,5.142048325785083,0.5078756221844929,0.002759385390074173,2.755710362424338,0.598041995515233,0.002747125955111647,18.8408206115156,-6.527588889100503e-8,-0.0,0.4800000000000182,0.708697918352257,0.0027654637255383847,0.0198183975851407,3.3761982284834084e-7,0.0,0.0,
2022/04/10 00:20,5.057261237839498,0.5078867239585357,0.0027431180817249832,2.660687733126224,0.5985234803475844,0.0027307661688764267,19.05780786758612,-1.8303753234784816e-7,-0.0,0.34666666666669244,0.7184849870117325,0.002776770778253577,0.1097245328999179,5.172822630862515e-7,0.0,0.0,
2022/04/10 00:30,4.972233302690086,0.5079721281159021,0.002727290648514425,2.5668798966416375,0.5994809746488763,0.0027168905360605913,19.244433040581725,-3.0866898871852953e-7,-0.0,0.21333333333330984,0.7284029446862846,0.002788078240247969,0.19819779087833922,6.942783054284875e-7,0.0,0.0,
2022/04/10 00:40,4.8867810276578325,0.5081205808931705,0.0027118010264747614,2.4733083493771915,0.6008691692715369,0.0027050579995323894,19.410495462350355,-4.394144531527449e-7,-0.0,0.07999999999998408,0.7384535907663445,0.0027993861115437843,0.2855709509051394,8.692427958508357e-7,0.0,0.0,
2022/04/10 00:50,4.800795150553995,0.5083242185815073,0.0026965814289138497,2.3795014496135423,0.6026488677395702,0.0026949620083368347,19.56384629547074,-5.73711315620491e-7,-0.0,-0.05333333333334167,0.748638750494731,0.0028106943921632484,0.37206503139213964,1.0425983490555152e-6,0.0,0.0,
2022/04/10 01:00,4.714225294179414,0.5085774021124999,0.0026815883584122347,2.2852021459277125,0.6047852835025795,0.0026863632120665295,19.71092414557745,-7.104703230758197e-7,-0.0,-0.18666666666666742,0.7589602753566191,0.002822003082128584,0.45782185564007705,1.21461744421102e-6,0.0,0.0,
2022/04/10 01:10,4.626576573552768,0.5088487377624876,0.002666560402232019,2.183940229638324,0.6071537096669243,0.0026774362749322662,19.85581475619256,-8.093541832663503e-7,-0.0,-0.33499999999997954,0.7672748176722296,0.002822277347471521,0.5077147106610482,1.3164985731990687e-6,0.0,0.0,
2022/04/10 01:20,4.5373722858157635,0.509127621235027,0.0026513541824139094,2.0774809713171862,0.6096461824090289,0.002668032984629113,20.02516179183829,-8.929679429978153e-7,-0.0,-0.48500000000001364,0.7754495009780544,0.002821325543372481,0.5541911974773939,1.4116583577401679e-6,0.0,0.0,
2022/04/10 01:30,4.446894897913296,0.5094218490886766,0.0026360659328548935,1.9685624418465295,0.6122649268302328,0.0026586819228146814,20.220877139902885,-9.752173646178859e-7,-0.0,-0.6349999999999909,0.7837217778678761,0.00282037374217324,0.6009351515133403,1.5073261030543476e-6,0.0,0.0,
2022/04/10 01:40,4.355371398194507,0.5097336712699176,0.002620750921037363,1.8578834210671857,0.6150057472300094,0.0026494897227101384,20.436450771115915,-1.0567424379252716e-6,-0.0,-0.785000000000025,0.7920929305513781,0.002819421943873786,0.6477663732807741,1.6031654523912773e-6,0.0,0.0,
2022/04/10 01:50,4.262972473538014,0.5100642862831969,0.0026054475231117005,1.7457964467647002,0.6178629423280328,0.002640489908585392,20.665989695271495,-1.1378958649564901e-6,-0.0,-0.9350000000000023,0.8005642595469046,0.002818470148474104,0.6945597374381123,1.698943489425814e-6,0.0,0.0,
2022/04/10 02:00,4.169818155191649,0.5104141681916591,0.0025901803598903433,1.6325191810595356,0.6208303708693753,0.0026316886500283277,20.904011323725626,-1.218938310144314e-6,-0.0,-1.0849999999999795,0.8091370839629284,0.002817518355974182,0.74123496788593,1.7945113560504125e-6,0.0,0.0,
2022/04/10 02:10,4.076891593139351,0.5107682267505074,0.0025750515563062104,1.5276343749656576,0.6238646167130135,0.002624705525596895,20.984462282976892,-1.2881410481888318e-6,-0.0,-1.1750000000000114,0.8129690040987296,0.002812217829380143,0.7732800404421596,1.856999619079725e-6,0.0,0.0,
2022/04/10 02:20,3.984776526996029,0.5111186716382032,0.0025601261023939963,1.4290887084372912,0.6268875195912904,0.002618811002303647,20.981594522283444,-1.3497882982776774e-6,-0.0,-1.2583333333333258,0.8162806709844991,0.002806434211652835,0.8030869744675329,1.9146964671196253e-6,0.0,0.0,
2022/04/10 02:30,3.8930952260238314,0.5114679334872805,0.0025453460347078993,1.333065244914394,0.6298857537356465,0.002613226591662437,20.94540424085494,-1.4103852008607271e-6,-0.0,-1.3416666666666401,0.8196058261444836,0.0028006507009974537,0.8324202261760547,1.9715325513631346e-6,0.0,0.0,
2022/04/10 02:40,3.801615315233164,0.5118161328013773,0.002530669015983095,1.238636500196833,0.6328553974721836,0.00260776260943858,20.884458968486115,-1.4702284052692222e-6,-0.0,-1.4250000000000114,0.8229445135555511,0.002794867297411028,0.861417836100145,2.0277630637188394e-6,0.0,0.0,
2022/04/10 02:50,3.7101716985907274,0.5121635451892228,0.0025160662891920357,1.145354594865637,0.6357952562818935,0.0026023321000111233,20.805919687650203,-1.5293528144073022e-6,-0.0,-1.5083333333333258,0.8262967771552705,0.002789084000890584,0.8901735664489934,2.0835610984365023e-6,0.0,0.0,
2022/04/10 03:00,3.6186577928526162,0.5125106931302981,0.0025015212359032844,1.0529569663541452,0.6387054007239772,0.0025968885777060227,20.71630901637093,-1.587716364024518e-6,-0.0,-1.5916666666666401,0.8296626608384884,0.0027833008114331475,0.9187416015658982,2.1390260994627478e-6,0.0,0.0,
2022/04/10 03:10,3.5273280542559746,0.5128651314741205,0.0024871154240043263,0.9649116234930375,0.6416082662803949,0.002592176224729583,20.59423437312319,-1.6562018904516172e-6,-0.0,-1.660000000000025,0.8329662621475341,0.0027803469998870563,0.9560808200867541,2.211059835868136e-6,0.0,0.0,
2022/04/10 03:20,3.43641696719601,0.5132288563379113,0.002472898172297198,0.8801588907721225,0.6445171969149927,0.002588048905716109,20.448915247336576,-1.7279029176802425e-6,-0.0,-1.7266666666666879,0.8362759828257635,0.0027777075783077514,0.9938303062740488,2.283898089573668e-6,0.0,0.0,
2022/04/10 03:30,3.3457814958362633,0.5135997922286982,0.002458832305504676,0.797051085503881,0.6474244116432403,0.0025841654800168616,20.29156480844279,-1.7991574327533022e-6,-0.0,-1.7933333333333508,0.8396003755669336,0.002775068179029139,1.0310862750368415,2.355835115171637e-6,0.0,0.0,
2022/04/10 03:40,3.25534068842029,0.51397754837539,0.002444900255692587,0.7151194368470328,0.6503262875184344,0.002580423889593724,20.127908633616016,-1.86973558597014e-6,-0.0,-1.8600000000000136,0.8429395110810023,0.0027724288020509343,1.0679060065799604,2.4269774590502776e-6,0.0,0.0,
2022/04/10 03:50,3.1650530790501534,0.5143621304874983,0.0024310935038051548,0.6341112601250529,0.6532206903318625,0.0025767690105818544,19.96218411720804,-1.93949515463979e-6,-0.0,-1.9266666666666765,0.8462934604407905,0.0027697894473728557,1.104317277262453,2.4973762882041887e-6,0.0,0.0,
2022/04/10 04:00,3.0749066236707563,0.5147537890468238,0.0024174098988586205,0.5538653348491493,0.6561063135178615,0.002573166400234541,19.79769369330825,-2.0083341525369423e-6,-0.0,-1.9933333333333394,0.8496622950838391,0.0027671501149946214,1.1403271003605369,2.5670438166236126e-6,0.0,0.0,
2022/04/10 04:10,2.9860524490705984,0.5151012554137455,0.0024038049582321415,0.48514393168488823,0.6588596865952491,0.002571143354161154,19.35876814417668,-2.0222850866071215e-6,-0.0,-1.9700000000000273,0.8424158545897684,0.0027481979551205373,1.122892505371965,2.5241011397153516e-6,0.0,0.0,
2022/04/10 04:20,2.8990140460643374,0.5153866271781146,0.002390284867995165,0.42562102619564257,0.6613106597223191,0.0025696081874982814,18.80028262226006,-2.0081082758626157e-6,-0.0,-1.9366666666666674,0.834024045162944,0.002727434568705674,1.0992757562923998,2.468339677568456e-6,0.0,0.0,
2022/04/10 04:30,2.8133436719803058,0.515625027893626,0.002376844319136931,0.3708110412529777,0.6634621618112693,0.0025677496181831577,18.21420041978286,-1.989221926509566e-6,-0.0,-1.9033333333333076,0.8256689577082215,0.0027066725623792654,1.0754041625209538,2.4122388081304817e-6,0.0,0.0,
2022/04/10 04:40,2.728820921344095,0.5158216322167045,0.002363470248804238,0.31953784641967786,0.6653248982175545,0.0025654029951247682,17.612155277470833,-1.9667637481359854e-6,-0.0,-1.8700000000000045,0.8173504480208125,0.0026859119360037216,1.0513203150092068,2.355868492510048e-6,0.0,0.0,
2022/04/10 04:50,2.645307993185611,0.5159806866644713,0.0023501592968144243,0.2711889793504838,0.6669107216148052,0.0025625115211544832,17.003118818057033,-1.9411867484540837e-6,-0.0,-1.8366666666666447,0.8090683724579977,0.002665152689441468,1.02703516917677,2.299241415442922e-6,0.0,0.0,
2022/04/10 05:00,2.5627339847284816,0.5161059480276114,0.0023369169801346363,0.22537767774542772,0.6682313507204514,0.0025590584002254686,16.39473478966977,-1.9127491701240045e-6,-0.0,-1.8033333333333417,0.8008225879368582,0.002644394822554948,1.0025307365169738,2.242317209596755e-6,0.0,0.0,
2022/04/10 05:10,2.483718927826999,0.5162102840727785,0.0023242366000992814,0.21097540414712057,0.6693420507996827,0.0025606427488113954,15.45062799064681,-1.912699559259078e-6,-0.0,-1.6200000000000045,0.7858108221054355,0.002630051542771729,0.9971088560459975,2.2143588490858235e-6,0.0,0.0,
2022/04/10 05:20,2.410164863899979,0.516291653429192,0.0023124162009352796,0.22072867176746058,0.6702152811384449,0.002565818731854376,14.306784830725405,-1.9171805466300083e-6,-0.0,-1.420000000000016,0.7703383444720563,0.002616421475706501,0.9912084383784077,2.1849606516811262e-6,0.0,0.0,
2022/04/10 05:30,2.3409089473069002,0.5163440027390038,0.002301226452616125,0.24211353080562503,0.6708121006568548,0.0025721145768573396,13.076096739789591,-1.9193116311999006e-6,-0.0,-1.2200000000000273,0.7551685266961787,0.0026027920034723214,0.9832537246527409,2.1519403420504185e-6,0.0,0.0,
2022/04/10 05:40,2.275227314658366,0.5163652847468678,0.002290532184997572,0.27181281625195197,0.6711198152316158,0.002578868519654846,11.791794406116198,-1.918681388310599e-6,-0.0,-1.0199999999999818,0.7402952384544202,0.0025891631260302533,0.9736854366601619,2.1161197654785757e-6,0.0,0.0,
2022/04/10 05:50,2.2126424734277066,0.516355353465353,0.0022802493012224565,0.30812336262528106,0.6711335277892443,0.002585745085422941,10.48018001597484,-1.9148484271509627e-6,-0.0,-0.8199999999999932,0.7257124794652936,0.0025755348433413616,0.962777771865376,2.078007996107253e-6,0.0,0.0,
2022/04/10 06:00,2.152878161521187,0.5163155079612415,0.0022703342423967634,0.34999669582077786,0.6708520408778265,0.0025925417452837022,9.163711750506423,-1.907405504125084e-6,-0.0,-0.6200000000000045,0.7114143765924104,0.002561907155366716,0.9506727538062023,2.0378657619724457e-6,0.0,0.0,
2022/04/10 06:10,2.0987463036447593,0.5163329553763698,0.002261622240512153,0.43131417621532364,0.6704988674013274,0.0026065382118457274,7.646971194099593,-2.0167870298944085e-6,-0.0,-0.285000000000025,0.6990188718365988,0.0025795884698621096,1.0367280958803349,2.184971842962545e-6,0.0,0.0,
2022/04/10 06:20,2.052741277991913,0.5164240283284537,0.0022545755851442295,0.5426403102974291,0.6702261543817173,0.00262663454165531,5.964647801786783,-2.1684443588184507e-6,-0.0,0.06499999999999773,0.6870210506361075,0.002600749888225491,1.1287004497605722,2.3431828176575607e-6,0.0,0.0,
2022/04/10 06:30,2.0135324740087412,0.5165565638733363,0.002248825000648736,0.6686172993213972,0.6699595532163356,0.0026497060288093485,4.189963124067617,-2.3202245155824583e-6,-0.0,0.41500000000002046,0.6752341738632801,0.0026219127405800176,1.2164516433265362,2.4931590152768927e-6,0.0,0.0,
2022/04/10 06:40,1.9802478321432773,0.5167192470974982,0.0022441718314672406,0.8050274099462627,0.6696586183515191,0.0026748396733545605,2.365596780522879,-2.469897266264138e-6,-0.0,0.7649999999999864,0.6636549535398809,0.0026430770270714546,1.3006293930043284,2.6361251905415303e-6,0.0,0.0,
2022/04/10 06:50,1.9523273435814872,0.5169052572543413,0.0022404902495221386,0.9496559079776148,0.669294651322741,0.0027015338659770786,0.5245893232256549,-2.6161096335241846e-6,-0.0,1.115000000000009,0.6522801213333735,0.0026642427478455895,1.3816439614026876,2.7728567525270366e-6,0.0,0.0,
2022/04/10 07:00,1.9294587868250233,0.5171108414259041,0.0022377095259019405,1.1011183446080395,0.6688455950070439,0.002729460824471417,-1.3057007864750858,-2.7578320701310307e-6,-0.0,1.464999999999975,0.6411064305955796,0.002685409903048223,1.4597259604345254,2.9037895110345426e-6,0.0,0.0,
2022/04/10 07:10,1.913798655999301,0.517266395008138,0.002235870796312117,1.281830050559961,0.6681506475665463,0.0027624486789367356,-3.5711021075627514,-2.8325155784208063e-6,-0.0,1.9800000000000182,0.6183357837731525,0.002687363286627743,1.4720901359430627,2.8949883855364454e-6,0.0,0.0,
2022/04/10 07:20,1.9065610702115805,0.5173476394348768,0.0022350618840328664,1.485917629510027,0.6669560703034322,0.002798389901933618,-6.01620134401344,-2.868267393132909e-6,-0.0,2.513333333333321,0.5952173094154066,0.0026871817191280963,1.4741355920291426,2.865263607729758e-6,0.0,0.0,
2022/04/10 07:30,1.9068418567408685,0.5173730802154463,0.0022352172366449916,1.7032417595666516,0.6652234208211911,0.0028351201088594293,-8.47948869537504,-2.8939248632557227e-6,-0.0,3.046666666666681,0.5730577737418062,0.0026870001517339953,1.4730370651900557,2.8298727224799066e-6,0.0,0.0,
2022/04/10 07:40,1.9141972551595359,0.5173484355253098,0.0022362906646848655,1.9310019477363767,0.66293506023161,0.0028719708096192876,-10.933082184823775,-2.9106093583518943e-6,-0.0,3.579999999999984,0.5518137489944441,0.0026868185844454414,1.4689451560595899,2.789088482985824e-6,0.0,0.0,
2022/04/10 07:50,1.9283733024515186,0.5172788928498021,0.002238264993723852,2.167722775811683,0.6600794044274626,0.002908537701445818,-13.356808559378807,-2.918625437238152e-6,-0.0,4.113333333333344,0.5314439304986969,0.0026866370172624323,1.4619158618179426,2.743008076047461e-6,0.0,0.0,
2022/04/10 08:00,1.9492593472677413,0.5171694284444225,0.0022411460065260972,2.4124902272608324,0.6566477228671411,0.002944521736869131,-15.734730788989282,-2.918106950538986e-6,-0.0,4.646666666666647,0.5119090255706865,0.0026864554501849704,1.4519303277761537,2.6915895538709763e-6,0.0,0.0,
2022/04/10 08:10,1.9754000167920367,0.516897782647161,0.002244169461977557,2.645262506016195,0.6523091762722617,0.002974059841642122,-18.140348330294955,-2.7510455223031228e-6,-0.0,5.149999999999977,0.48626621116860586,0.0026429485113825747,1.3002180936371133,2.3665348797512413e-6,0.0,0.0,
2022/04/10 08:20,2.005156058891032,0.5164415291354967,0.002246972148676716,2.8715889188991923,0.6467411140200829,0.0029965630354794716,-20.435560102533827,-2.509165963035914e-6,-0.0,5.649999999999977,0.4611047783980096,0.002594634743511093,1.133553021301168,2.0139435578038e-6,0.0,0.0,
2022/04/10 08:30,2.0393834602148786,0.5158516811812951,0.0022499120315852177,3.10001286219574,0.6399869457108465,0.0030137607398730824,-22.584522244186473,-2.2526219263058195e-6,-0.0,6.149999999999977,0.43715619270321815,0.0025463284488357546,0.9664649874043789,1.66196068205267e-6,0.0,0.0,
2022/04/10 08:40,2.0788004416112926,0.5151494430609953,0.0022531960909176843,3.3327669457981983,0.6320651119863901,0.003025941848435246,-24.609407442312094,-1.9844742909229016e-6,-0.0,6.649999999999977,0.414361210393346,0.0024980296256227573,0.7982791278218428,1.3092900650274618e-6,0.0,0.0,
2022/04/10 08:50,2.1239393015345627,0.5143504216716928,0.0022569777961876716,3.571028658584453,0.6229844518774507,0.0030331146731066164,-26.52991852759328,-1.7064457967414875e-6,-0.0,7.149999999999977,0.3926635879947938,0.0024497382721388353,0.6284950499375555,9.549702321141375e-7,0.0,0.0,
2022/04/10 09:00,2.175167650835988,0.5134662802852715,0.0022613677074405474,3.8155814488257533,0.6127488496096818,0.0030351606595415705,-28.364157015897717,-1.4198512530699023e-6,-0.0,7.649999999999977,0.3720099236283889,0.0024014543866512582,0.45675226735011165,5.983074571639374e-7,0.0,0.0,
2022/04/10 09:10,2.2314414040127986,0.5124360568851003,0.002265926211479685,4.050891627290355,0.6011493844479431,0.003027368981816368,-30.109627779190763,-1.0343602128900252e-6,-0.0,8.105000000000018,0.349713935405135,0.00232834675713278,0.20352203305060357,8.849012501603068e-8,0.0,0.0,
2022/04/10 09:20,2.2916161154875,0.5112528785051905,0.0022704326498895182,4.2823060177117895,0.5879898428217781,0.0030095194583519896,-31.731070993529897,-6.047340600650792e-7,-0.0,8.555000000000007,0.3281805761781506,0.0022524979896148827,-0.05847591498877591,-4.3614999923033763e-7,0.0,0.0,
2022/04/10 09:30,2.356376230993078,0.5099489642514504,0.0022751365821711863,4.517477783847312,0.5733007491013034,0.00298297217832058,-33.23944949050486,-1.6523937268335523e-7,-0.0,9.004999999999995,0.30766029458777383,0.0021766676493771837,-0.3210577092022504,-9.60095495060328e-7,0.0,0.0,
2022/04/10 09:40,2.426198185044086,0.5085391409309322,0.0022801781685247405,4.758787517151291,0.5570963050598922,0.002947833951402708,-34.65822456898196,2.8203208884907413e-7,-0.0,9.454999999999984,0.2881070422988501,0.002100855729705202,-0.5846803634649405,-1.484225573327588e-6,0.0,0.0,
2022/04/10 09:50,2.5013874397204745,0.5070344179717509,0.002285653832400241,5.0076885775317805,0.5393903047135955,0.002903965607335817,-36.005375852468546,7.358188463306538e-7,-0.0,9.904999999999973,0.26947690083619874,0.002025062223887718,-0.8496582880761707,-2.0091469789795385e-6,0.0,0.0,
2022/04/10 10:00,2.5821168442178077,0.5054431691494714,0.002291627486765967,5.265256863146533,0.5202022972295253,0.0028511281896793457,-37.29530673259774,1.195171427192874e-6,-0.0,10.355000000000018,0.2517279796653251,0.0019492871252167721,-1.1161998929801484,-2.535264160721897e-6,0.0,0.0,
2022/04/10 10:10,2.667748561776534,0.5039316565911962,0.002298753992856248,5.527994019580831,0.5001800700778428,0.0027916571481918393,-38.06981152330138,1.4725927902637336e-6,-0.0,10.685000000000002,0.243552943200534,0.0019279033996403064,-1.209157432054326,-2.723528751192955e-6,0.0,0.0,
2022/04/10 10:20,2.758693642609842,0.5025471577359348,0.002307330994720681,5.794769828045844,0.48016853314374175,0.002729754854347058,-38.65366285451273,1.6703973666579192e-6,-0.0,11.001666666666665,0.23658213795259725,0.0019125627520515044,-1.2871408683017762,-2.8823081343573484e-6,0.0,0.0,
2022/04/10 10:30,2.8551129022111468,0.5012392150963131,0.002317169834217853,6.066158958873643,0.46027930441638076,0.0026660337042615093,-39.2069971616462,1.8634803986980615e-6,-0.0,11.318333333333328,0.22980831507887056,0.001897222858811662,-1.3692360634447596,-3.048588763732314e-6,0.0,0.0,
2022/04/10 10:40,2.9569227595480925,0.4999910890837319,0.002328194910418966,6.341952440576051,0.440623922438628,0.002600996153541725,-39.73195341827477,2.055233168489501e-6,-0.0,11.634999999999991,0.22322570944121686,0.0018818837198651401,-1.455196521022799,-3.2218807988080928e-6,0.0,0.0,
2022/04/10 10:50,3.0640393753170088,0.4987904495697381,0.002340350580856001,6.621807240585781,0.42131297719295285,0.0025351661238361286,-40.22878901371428,2.2472247743593395e-6,-0.0,11.951666666666654,0.21682873285194174,0.0018665453351563045,-1.544840819090723,-3.40182196225556e-6,0.0,0.0,
2022/04/10 11:00,3.176384724588331,0.49762773543154887,0.0023535948561112623,6.905305066117762,0.40245346677596944,0.0024690895833053383,-40.69725897453566,2.440515407145416e-6,-0.0,12.268333333333317,0.2106119683623508,0.0018512077046295265,-1.638032051438131,-3.588136763038518e-6,0.0,0.0,
2022/04/10 11:10,3.2933058878180645,0.4966041867286261,0.0023683192633872263,7.1875473957956615,0.3847345009754862,0.002406287561375251,-40.797355462653975,2.5054113666379248e-6,-0.0,12.495000000000005,0.2100871670989049,0.001874388700398124,-1.6104593657996702,-3.541604753733157e-6,0.0,0.0,
2022/04/10 11:20,3.4149565424725097,0.4957438094199157,0.0023846945194609236,7.466049422099388,0.3689446968835916,0.0023517356889848104,-40.75675598234512,2.5141682689384296e-6,-0.0,12.711666666666645,0.21014636490521915,0.0019018517942244737,-1.5743074985268777,-3.47862627875617e-6,0.0,0.0,
2022/04/10 11:30,3.541443832524351,0.49500430925078925,0.002402567560457416,7.7404722878056305,0.3550831328617463,0.0023060298892932218,-40.687918158130294,2.519484321663667e-6,-0.0,12.928333333333342,0.2101671207879964,0.0019293173060206529,-1.543031271465452,-3.4250836208118556e-6,0.0,0.0,
2022/04/10 11:40,3.6727051826643446,0.49436708992630507,0.002421868353113898,8.010061720427984,0.34309142306781426,0.0022693311633557095,-40.592877453171354,2.5242043807211276e-6,-0.0,13.144999999999982,0.21015063907158676,0.00195678523610601,-1.5164023402962812,-3.380514672679349e-6,0.0,0.0,
2022/04/10 11:50,3.808669127887356,0.4938174324522747,0.0024425431198447094,8.27426639349602,0.33286232663610726,0.0022414851743370865,-40.473796801979915,2.5297395141422847e-6,-0.0,13.361666666666679,0.21009809278566688,0.0019842555847999475,-1.494245362294123,-3.344561551314306e-6,0.0,0.0,
2022/04/10 12:00,3.949250260775841,0.4933431174892363,0.0024645470819315072,8.53277918479472,0.3242501086691755,0.002222063009290792,-40.333670541393765,2.5370020421990303e-6,-0.0,13.578333333333319,0.21001062445067697,0.002011728352421925,-1.4764143355191663,-3.3169244838931255e-6,0.0,0.0,
2022/04/10 12:10,4.093346036983519,0.49298863069004906,0.0024879433108331,8.774773211818001,0.3174568169546614,0.002211418465729962,-39.90331387385198,2.4836762908454225e-6,-0.0,13.704999999999984,0.21314273189454072,0.0020587907713406324,-1.3992507821342315,-3.173506405527712e-6,0.0,0.0,
2022/04/10 12:20,4.240458615970795,0.49276290066200745,0.0025127244999348483,9.000992598787434,0.31270301510249554,0.0022118705042300014,-39.34487505904201,2.403040809592116e-6,-0.0,13.821666666666658,0.21657448072617197,0.002108037052953246,-1.3194824091647206,-3.024944730059499e-6,0.0,0.0,
2022/04/10 12:30,4.3908371274857245,0.4926405240707699,0.002538839750918489,9.21540151519389,0.30966599968390074,0.002222346093628916,-38.75171748330218,2.321719022489902e-6,-0.0,13.938333333333333,0.21994370847980077,0.00215729110751188,-1.2440383979558192,-2.884718870726921e-6,0.0,0.0,
2022/04/10 12:40,4.544504076456462,0.4926076012965446,0.002566255221354316,9.4195146363366,0.3080259205879552,0.002241249132108965,-38.13750045029053,2.2410598338283194e-6,-0.0,14.055000000000007,0.22325125446432295,0.0022065529368569814,-1.1728083993482414,-2.752593220542762e-6,0.0,0.0,
2022/04/10 12:50,4.7013912207817725,0.4926520866334565,0.002594928978695887,9.61459861410367,0.3074937388136458,0.0022670201706211186,-37.51409688392642,2.161568606312993e-6,-0.0,14.171666666666681,0.22649794728478576,0.0022558225428295784,-1.105655686376167,-2.6282860344165613e-6,0.0,0.0,
2022/04/10 13:00,4.861351142321837,0.49276313733841975,0.0026248091805218736,9.801821051092134,0.3078218984277809,0.0022982681764457755,-36.892452763904096,2.0834409629598416e-6,-0.0,14.288333333333355,0.22968460497985094,0.002305099927271281,-1.042411220950271,-2.5114576228922817e-6,0.0,0.0,
2022/04/10 13:10,5.022494674626728,0.49290704015051134,0.0026553940273437862,9.961839435726233,0.308609010667198,0.0023291193307049566,-36.11129136141983,2.051739372507924e-6,-0.0,14.314999999999998,0.23301709195361642,0.0023427275434377355,-1.0194482891092775,-2.4661165904139063e-6,0.0,0.0,
2022/04/10 13:20,5.18325955136612,0.49307232222167274,0.0026863428775625586,10.101646547912708,0.3096341341949952,0.0023589552430869722,-35.22526470159051,2.03711529239836e-6,-0.0,14.33166666666665,0.2363623234990391,0.002379064283148877,-1.0018810888893768,-2.4303598898648733e-6,0.0,0.0,
2022/04/10 13:30,5.344136678223265,0.49326307716622353,0.002717776250416637,10.230665274953822,0.310905598767566,0.002389294289432225,-34.29489359366812,2.0255203072734053e-6,-0.0,14.348333333333358,0.23970010212082513,0.002415405252701879,-0.9858798821212531,-2.3974534556577013e-6,0.0,0.0,
2022/04/10 13:40,5.505338698571563,0.4934777580057715,0.0027497346915178896,10.351667865687148,0.31239662312631594,0.002420369883831699,-33.34526812537491,2.0158752550336507e-6,-0.0,14.365000000000009,0.24303044148303096,0.002451750452835358,-0.9715768652636143,-2.367635814549237e-6,0.0,0.0,
2022/04/10 13:50,5.666908456633166,0.4937134342485253,0.0027822194645348323,10.466235122194405,0.3140748849270739,0.0024521865626479424,-32.39600032124429,2.0073120252048906e-6,-0.0,14.38166666666666,0.24635335522531857,0.0024880998842881016,-0.958976156095332,-2.340906227704455e-6,0.0,0.0,
2022/04/10 14:00,5.828756640699055,0.4939662960484895,0.0028152006793036853,10.575439654186141,0.3159093255110677,0.002484675914855594,-31.46304555812151,1.999066372793818e-6,-0.0,14.398333333333312,0.24966885696301955,0.0025244535477990707,-0.9479802954028855,-2.3170750186935633e-6,0.0,0.0,
2022/04/10 14:10,5.988988822613521,0.4942856307307629,0.0028485969049904143,10.661081555607211,0.3182701332554295,0.0025177110109203846,-30.181961769005174,1.9306458056764365e-6,-0.0,14.279999999999973,0.2572132626511097,0.002581123622482662,-0.8720959689335359,-2.163538341478156e-6,0.0,0.0,
2022/04/10 14:20,6.146507315483575,0.4946894572166647,0.0028823000720583037,10.726288521758647,0.32154990864138816,0.0025548836950082545,-28.761662084201024,1.8309351705448186e-6,-0.0,14.146666666666647,0.26534444887908126,0.0026400613826409384,-0.7898186412483028,-1.996809008075411e-6,0.0,0.0,
2022/04/10 14:30,6.301760036361031,0.49515882709058767,0.002916291115690842,10.778754163952044,0.32555835691928814,0.002595957914165502,-27.327166420681127,1.7258987846669731e-6,-0.0,14.013333333333321,0.27359986607982634,0.0026990102670143385,-0.7084436639077012,-1.8314080544906995e-6,0.0,0.0,
2022/04/10 14:40,6.4548697307772045,0.4956843540976735,0.0029505404790404447,10.821024220165441,0.33013314594075827,0.0026400413093051415,-25.89777872248533,1.6165924337447972e-6,-0.0,13.879999999999995,0.28198124656864676,0.0027579702787526206,-0.6278746566131304,-1.6671420741211846e-6,0.0,0.0,
2022/04/10 14:50,6.605835380436588,0.4962579425852432,0.0029849993590819824,10.85475485687067,0.33514913121420303,0.0026863763387441233,-24.4877990004062,1.5032626265824855e-6,-0.0,13.74666666666667,0.29049034686164027,0.0028169414210067354,-0.5479524869490433,-1.5037046209041644e-6,0.0,0.0,
2022/04/10 15:00,6.754561945323985,0.49687231548313915,0.0030196021371275265,10.881178605433945,0.3405121020977267,0.0027343760744376984,-23.108874315618667,1.3858865662028294e-6,-0.0,13.613333333333344,0.29912894802385825,0.00287592369692882,-0.46846319507176304,-1.3406902627640417e-6,0.0,0.0,
2022/04/10 15:10,6.900093125844478,0.4975410354954885,0.0030542274136550443,10.89251985047457,0.346293832790307,0.0027831205276466534,-21.606208481684348,1.2424709090321123e-6,-0.0,13.420000000000016,0.3099232628597481,0.002942717692871897,-0.36357716583916044,-1.1255373776989869e-6,0.0,0.0,
2022/04/10 15:20,7.041801833041063,0.49826765380240456,0.003088756452532651,10.890981444168517,0.35260018201055926,0.0028337434526561752,-20.07039167916901,1.0831123499041412e-6,-0.0,13.220000000000027,0.3211811667215051,0.0030103928985900736,-0.2555041717212134,-9.033877570411549e-7,0.0,0.0,
2022/04/10 15:30,7.17980104830076,0.49904193824891224,0.0031231382527690294,10.88058198473226,0.35933604994116775,0.002886122232472664,-18.556834852054752,9.176296564451215e-7,-0.0,13.019999999999982,0.33268823396234654,0.003078082763026097,-0.14690331166798387,-6.796690205299253e-7,0.0,0.0,
2022/04/10 15:40,7.31405635997703,0.49985759433930654,0.003157313118431761,10.862816015755072,0.3664227115176738,0.0029398167620091676,-17.07500734200096,7.464728276133613e-7,-0.0,12.819999999999993,0.3444496302873883,0.003145787290943189,-0.03757993171211638,-4.5401569676656523e-7,0.0,0.0,
2022/04/10 15:50,7.444480242756299,0.5007093009704043,0.003191214025431569,10.838693349759751,0.3738000835934249,0.002994456937817738,-15.631254238347767,5.697716343914836e-7,-0.0,12.620000000000005,0.35647062960248965,0.0032135064871066333,0.07268451556069522,-2.2602069237603957e-7,0.0,0.0,
2022/04/10 16:00,7.57095088615074,0.5015925076729041,0.0032247692811829595,10.808979959546036,0.38142287383247386,0.0030497546656338727,-14.230086768598085,3.8755372750657157e-7,-0.0,12.420000000000016,0.36875661635725854,0.00328124035628378,0.18412379918845545,4.74910019857412e-9,0.0,0.0,
2022/04/10 16:10,7.692317077441203,0.5025018420661419,0.003257669689189798,10.762562567704663,0.38923763550375723,0.003102899558523749,-12.739864221519499,2.1151943932786076e-7,-0.0,12.160000000000025,0.38256366916472034,0.0033467123988980166,0.2903235323967692,2.3041045756103955e-7,0.0,0.0,
2022/04/10 16:20,7.807728902388362,0.5034367519337639,0.0032896952036341708,10.70305157248589,0.3972632822259702,0.003154610191638481,-11.213487028414876,3.2580896998876916e-8,-0.0,11.893333333333317,0.39689669201341404,0.003411945156978016,0.3985956672527209,4.6108956201051227e-7,0.0,0.0,
2022/04/10 16:30,7.917508031775071,0.504397945241105,0.0033208941141798735,10.63565760415645,0.40551160813258297,0.003205941998502264,-9.694487483024545,-1.515204862244285e-7,-0.0,11.626666666666665,0.41163310235718553,0.0034771915259288497,0.5096073202641946,6.975809483067748e-7,0.0,0.0,
2022/04/10 16:40,8.021820815662352,0.5053853436746397,0.003351276994669754,10.561921686705716,0.41397524397879576,0.003257068852058473,-8.194142351580354,-3.411107204312909e-7,-0.0,11.360000000000014,0.42678389207576856,0.003542451510010839,0.6233240293336166,9.398160664827193e-7,0.0,0.0,
2022/04/10 16:50,8.120756373640972,0.5063985279550571,0.0033808359845635496,10.482746192111449,0.42264340298785397,0.003308017635151537,-6.7206982557360115,-5.365192052315774e-7,-0.0,11.093333333333362,0.44236035915961625,0.003607725113486088,0.7397714376290878,1.187837420305931e-6,0.0,0.0,
2022/04/10 17:00,8.214345946212802,0.5074368675017146,0.003409549352704533,10.398762733420256,0.43150516003726425,0.0033587666223543378,-5.28058093298455,-7.380506943033877e-7,-0.0,10.826666666666654,0.4583741165713817,0.0036730123406184772,0.8590204134359283,1.4417709255288643e-6,0.0,0.0,
2022/04/10 17:10,8.301354439652982,0.5084779308127462,0.003436950548151801,10.295705975654073,0.44040644270229795,0.0034047800353248837,-3.7714531070071193,-9.011460322816164e-7,-0.0,10.5,0.4751685856598208,0.0037259039828046975,0.9421319513021444,1.6320898288825566e-6,0.0,0.0,
2022/04/10 17:20,8.380770814817254,0.5095166201335578,0.0034627333599044742,10.178562983172526,0.4492878132179361,0.0034465687056361737,-2.215394085222897,-1.0539319664681148e-6,-0.0,10.166666666666686,0.4925491912854917,0.003777425564012005,1.0260531447620451,1.824911372858591e-6,0.0,0.0,
2022/04/10 17:30,8.453139042779014,0.5105634723336384,0.003487063329021371,10.053857411494505,0.4582317447509099,0.0034861794770687953,-0.6489332739494102,-1.2106488025735617e-6,-0.0,9.833333333333314,0.5105019018655503,0.0038289556303783816,1.11473899384373,2.027259459650697e-6,0.0,0.0,
2022/04/10 17:40,8.518813575032425,0.5116236939901638,0.003510030416533666,9.923317389231215,0.4672789280252719,0.003524264576230411,0.9122816743672503,-1.372644563974292e-6,-0.0,9.5,0.5290457134013262,0.003880494184000149,1.2078961876652556,2.238583070400377e-6,0.0,0.0,
2022/04/10 17:50,8.57803259489674,0.5127007313421401,0.003531688584129676,9.787857401288932,0.4764528353445121,0.003561162454327389,2.4564824979222526,-1.5408666522956864e-6,-0.0,9.166666666666686,0.5482002769716235,0.003932041226974318,1.3053487911133743,2.458550173834956e-6,0.0,0.0,
2022/04/10 18:00,8.63094459353988,0.5137968215632381,0.003552064688604172,9.648069735858371,0.48576727294935024,0.0035970664047651306,3.9743733391389924,-1.7160436867764565e-6,-0.0,8.833333333333314,0.567985922405663,0.003983596761398591,1.407009244515848,2.6869933857250694e-6,0.0,0.0,
2022/04/10 18:10,8.67873426098322,0.5148484988373663,0.0035709814724160477,9.514129902561592,0.4948847144711843,0.003631935521787953,5.124675834827031,-1.8109054313720654e-6,-0.0,8.605000000000018,0.5799841856277668,0.004005502454598314,1.416754576103358,2.729757542318853e-6,0.0,0.0,
2022/04/10 18:20,8.721780916214755,0.5158269122229039,0.003588308498106472,9.385513502299375,0.5034472766508166,0.0036631178684661484,6.103665923689619,-1.870895663987287e-6,-0.0,8.388333333333321,0.5912852932546111,0.004024114253285891,1.4209435752484296,2.7606877929738476e-6,0.0,0.0,
2022/04/10 18:30,8.75967298513251,0.5167524550199513,0.0036040678510380593,9.258971175351917,0.5115699498585797,0.0036907883370056556,7.015689020085461,-1.9311860145945957e-6,-0.0,8.171666666666681,0.60280924929473,0.004042727158702877,1.4302475759927802,2.801275625622944e-6,0.0,0.0,
2022/04/10 18:40,8.79222620098568,0.5176346256288128,0.0036182626698945965,9.133662944650325,0.5193483901860767,0.003715527680222104,7.871204306298979,-1.99414504078123e-6,-0.0,7.954999999999984,0.6145606553477798,0.004061341170947988,1.4446563449880614,2.8514780087001206e-6,0.0,0.0,
2022/04/10 18:50,8.819334287409333,0.5184810852092506,0.0036309041923694384,9.00909274739621,0.5268586080389647,0.0037378310582558945,8.67909575428314,-2.060814972848202e-6,-0.0,7.738333333333344,0.6265442133418452,0.004079956290119956,1.4641332420853814,2.91120832230457e-6,0.0,0.0,
2022/04/10 19:00,8.840959366713037,0.5192985135507016,0.003642015561170613,8.884904581016372,0.5341610727469526,0.0037580959518238337,9.447648618610174,-2.1316874242392533e-6,-0.0,7.521666666666647,0.6387647278454573,0.004098572516317522,1.4886028108642222,2.980311906531509e-6,0.0,0.0,
2022/04/10 19:10,8.85822552181105,0.5200520657583426,0.0036516171631881126,8.771310725335638,0.5411121080689534,0.0037779861236759684,9.917111516217576,-2.1557888977168372e-6,-0.0,7.394999999999982,0.6444019748332236,0.0040990912349915904,1.4589880924302179,2.936483548182781e-6,0.0,0.0,
2022/04/10 19:20,8.871690537719303,0.5207268153438334,0.0036597325581344924,8.666245708390193,0.5475172004233605,0.0037957242662867955,10.241941712341147,-2.1581275267233816e-6,-0.0,7.278333333333308,0.6493331091543396,0.004097599058597574,1.4276626300936641,2.8880884249751262e-6,0.0,0.0,
2022/04/10 19:30,8.88099598691548,0.5213390674256266,0.003666380157767047,8.565526127429223,0.5534498358747525,0.003810855023509548,10.51207194228084,-2.160160190722319e-6,-0.0,7.16166666666669,0.6543067908667479,0.004096106889316124,1.401122933898705,2.84855266302884e-6,0.0,0.0,
2022/04/10 19:40,8.886026060832137,0.5218984106329528,0.0036715926068028727,8.467948341507736,0.5589795704828344,0.0038236303062388526,10.742883033192358,-2.163255201565199e-6,-0.0,7.045000000000016,0.6593234256881779,0.004094614727147187,1.3792625658277302,2.817659699652951e-6,0.0,0.0,
2022/04/10 19:50,8.886767133963417,0.5224131514856674,0.0036754204432124685,8.372797253218778,0.5641660029715879,0.00383433913601653,10.946091367945883,-2.167969553617123e-6,-0.0,6.928333333333342,0.6643834235541324,0.004093122572090711,1.361916746952602,2.7950900029853734e-6,0.0,0.0,
2022/04/10 20:00,8.883283524392937,0.5228907498905316,0.0036779291261307342,8.279564574905066,0.5690596083564595,0.0038432463959821145,11.131261506146757,-2.1745477521342197e-6,-0.0,6.811666666666667,0.6694871986652446,0.004091630424146649,1.3488720479276708,2.7804377289817884e-6,0.0,0.0,
2022/04/10 20:10,8.875571631645414,0.5234488543338909,0.0036799476559442293,8.191370565311104,0.5742020349682718,0.0038548779966021455,11.638232402425503,-2.351514394556763e-6,-0.0,6.6200000000000045,0.6870283025273339,0.004144189866829059,1.513660567984516,3.1166704016083745e-6,0.0,0.0,
2022/04/10 20:20,8.864423380735332,0.524140095017127,0.0036820434032695058,8.104643663140678,0.580113919808029,0.0038717721513016976,12.225700218141357,-2.6074504665354698e-6,-0.0,6.420000000000016,0.7063394082717018,0.00420276545099921,1.697812934817648,3.4914156632071393e-6,0.0,0.0,
2022/04/10 20:30,8.849967465831412,0.5249321409939851,0.0036840165622869367,8.016883328980555,0.5866727017703818,0.003892361914119547,12.794673618132038,-2.8793195751408574e-6,-0.0,6.220000000000027,0.7260702400305523,0.004261351995648191,1.8824007371358675,3.867282923442309e-6,0.0,0.0,
2022/04/10 20:40,8.832240952755683,0.5258126160036501,0.0036857854702289227,7.927470154050013,0.5937817794177891,0.0039157617300400235,13.35089284811545,-3.1622175496858167e-6,-0.0,6.019999999999982,0.7462296590957723,0.004319949503852625,2.067690246219854,4.244787692077866e-6,0.0,0.0,
2022/04/10 20:50,8.811320696868563,0.5267734607105496,0.0036873089112869906,7.836196267955245,0.6013615941942302,0.003941319583455669,13.89934914331491,-3.453422396157109e-6,-0.0,5.819999999999993,0.7668267179459771,0.004378557978690289,2.2538158561458204,4.624195570554849e-6,0.0,0.0,
2022/04/10 21:00,8.78731361381216,0.5278092323722018,0.003688571694032649,7.743029418975652,0.609345669530409,0.003968527072751919,14.443859087788269,-3.7511534279367557e-6,-0.0,5.6200000000000045,0.787870664530788,0.004437177423240109,2.440827108566964,5.005611765189834e-6,0.0,0.0,
2022/04/10 21:10,8.761715817864626,0.528775170828614,0.00368892990524118,7.656679818690122,0.6171268080156075,0.003995763383972484,14.401279080557858,-3.85427671959757e-6,-0.0,5.5849999999999795,0.7885109688964295,0.004429958271221968,2.416121134709556,4.959054057464689e-6,0.0,0.0,
2022/04/10 21:20,8.734685320748156,0.5296051608526998,0.00368796231756019,7.577403117902804,0.6240745816699861,0.004019082468240857,14.149573204388163,-3.866936757250208e-6,-0.0,5.568333333333328,0.7868519622046227,0.00441542368985671,2.3718859857199277,4.872472881779104e-6,0.0,0.0,
2022/04/10 21:30,8.705861442657863,0.5303416056015609,0.0036858801850310407,7.502571945898353,0.6302969846502771,0.004038578615164175,13.873032820422965,-3.8662664154398434e-6,-0.0,5.5516666666666765,0.785188179999504,0.004400889782945637,2.3312870064764866,4.792723191281546e-6,0.0,0.0,
2022/04/10 21:40,8.67521262794736,0.5310027188156187,0.003682806996834119,7.431481745416022,0.6358867998645676,0.004054744354326186,13.581700242961006,-3.857644256798966e-6,-0.0,5.535000000000025,0.7835196124076687,0.004386356550441808,2.2939215606638754,4.71903077310556e-6,0.0,0.0,
2022/04/10 21:50,8.642763042859258,0.5316018927546667,0.003678846173156955,7.3636782561037535,0.6409214100289808,0.004068021768287456,13.281851456655433,-3.84379557785931e-6,-0.0,5.518333333333317,0.7818462495364776,0.00437182399229828,2.2594524468654527,4.650751679361212e-6,0.0,0.0,
2022/04/10 22:00,8.608573899925545,0.5321495559460805,0.0036740894700237445,7.298806125606006,0.6454656197042972,0.004078784318342402,12.978321732007887,-3.826370078248611e-6,-0.0,5.501666666666665,0.780168081473965,0.004357292108468119,2.2275804946409608,4.587318022004244e-6,0.0,0.0,
2022/04/10 22:10,8.574064057211615,0.5326337380691352,0.003668812651569984,7.250116557804404,0.6495087569335423,0.004090750351999977,12.436300411664549,-3.7897795395967776e-6,-0.0,5.574999999999989,0.7723290835361721,0.004335380686359629,2.1733434110117287,4.47146249232764e-6,0.0,0.0,
2022/04/10 22:20,8.540115642743729,0.5330484234534197,0.003663197869305729,7.21407171575197,0.652975953425233,0.004102523061329368,11.774382098600995,-3.7399316621700125e-6,-0.0,5.65833333333336,0.7638774336935199,0.0043126508417103224,2.1175397928925577,4.351691291472785e-6,0.0,0.0,
2022/04/10 22:30,8.506254131807623,0.5334027736982755,0.0036571927711404875,7.184956305247795,0.6558965723461417,0.004112727246826816,11.072195229795058,-3.6864399469115826e-6,-0.0,5.741666666666674,0.7555005120267543,0.004289922646742976,2.0630141775766333,4.234484040236106e-6,0.0,0.0,
2022/04/10 22:40,8.472254466863205,0.5337029242116543,0.0036507863287245476,7.1612241261730105,0.6583084806186239,0.004121198522122233,10.346863394164531,-3.630012505493521e-6,-0.0,5.824999999999989,0.7471976720025693,0.004267196101278001,2.009802522386053,4.119892371247018e-6,0.0,0.0,
2022/04/10 22:50,8.438010964754312,0.5339545610658765,0.0036439940537291034,7.142030072661612,0.6602478865349687,0.0041279499190114135,9.611544420691304,-3.570884068711709e-6,-0.0,5.90833333333336,0.7389682728125705,0.004244471205135835,1.957854250968694,4.0078112836633915e-6,0.0,0.0,
2022/04/10 23:00,8.403510678224393,0.5341630738745147,0.003636852271560301,7.126813632840424,0.6617478533939555,0.004133048026465783,8.87701565080022,-3.5091162465928602e-6,-0.0,5.991666666666674,0.7308116793205913,0.00422174795813694,1.9070509238440536,3.898012741488534e-6,0.0,0.0,
2022/04/10 23:10,8.368195060278083,0.5344244888432519,0.0036298810208118034,7.112487563157174,0.6631465948209555,0.004137749047145534,8.488705621675194,-3.5743848068289227e-6,-0.0,5.985000000000014,0.7344755691820353,0.004241087852660079,1.9928383472242786,4.061901225196938e-6,0.0,0.0,
2022/04/10 23:20,8.332329694858515,0.5347826758839332,0.003623443355824366,7.098052402019903,0.6648158503919317,0.004144102700763166,8.226383786079623,-3.6978937240708525e-6,-0.0,5.968333333333362,0.7394585108504854,0.004265103078461602,2.0921299215094677,4.252964463034768e-6,0.0,0.0,
2022/04/10 23:30,8.296239403502,0.535212221683294,0.0036174425336896643,7.083772211820303,0.6667274837216765,0.004152003224295248,7.987224799002207,-3.8296925717249435e-6,-0.0,5.951666666666654,0.7444520897319148,0.004289120146215685,2.1900031764469077,4.441307653274679e-6,0.0,0.0,
2022/04/10 23:40,8.260088515170764,0.5357035366710364,0.0036118507221872525,7.0695407163395885,0.6688557432084355,0.004161254742236702,7.769549039895765,-3.966169512007682e-6,-0.0,5.935000000000002,0.7494563258231884,0.004313139056134253,2.2865488596132764,4.627117752727455e-6,0.0,0.0,
2022/04/10 23:50,8.224024453851541,0.5362499580598608,0.003606656154125846,7.055268597688723,0.6711777382178203,0.004171684565872193,7.572114775128967,-4.1054608188306885e-6,-0.0,5.918333333333351,0.7544712391583702,0.00433715980842926,2.381805338596905,4.8104795283928134e-6,0.0,0.0,
2022/04/11 00:00,8.188177879006844,0.5368464840714704,0.003601854439074564,7.040896116996521,0.6736731300161604,0.004183144792226226,7.3934370672765235,-4.246421264232549e-6,-0.0,5.901666666666642,0.7594968498087643,0.004361182403312695,2.4757869290783674,4.9914300714505865e-6,0.0,0.0,
2022/04/11 00:10,8.150764065357464,0.5375040804167712,0.00359707769547532,7.006474634950507,0.6763622505392316,0.004189981070136598,7.531898822246036,-4.390539107583049e-6,-0.0,5.764999999999986,0.7715431789626173,0.00438880159909334,2.581413808436764,5.2068414725092095e-6,0.0,0.0,
2022/04/11 00:20,8.110676984802808,0.5382321124163303,0.0035921150636903324,6.9570654739546285,0.679343712340366,0.004194231399572733,7.851827409891143,-4.541738983812024e-6,-0.0,5.615000000000009,0.7845541120460889,0.004416822686040739,2.6889571409044493,5.427282430180145e-6,0.0,0.0,
2022/04/11 00:30,8.068850496768903,0.5390278988566625,0.003587176095537476,6.900870066428979,0.6826299510922937,0.004198316524620087,8.253449157105592,-4.694749389082604e-6,-0.0,5.464999999999975,0.7977628525302368,0.004444846280109716,2.7964314926218776,5.647666543637574e-6,0.0,0.0,
2022/04/11 00:40,8.025866518764133,0.5398894559412634,0.0035823877624633982,6.839924796244247,0.6862112868431642,0.004202739175660181,8.712229701168326,-4.849463362176849e-6,-0.0,5.314999999999998,0.8111724283691167,0.004472872381636761,2.9034228746029385,5.867243544203623e-6,0.0,0.0,
2022/04/11 00:50,7.982118700530805,0.5408139442223939,0.003577824662676787,6.775258694241586,0.6900721546380587,0.004207675076003568,9.208651187138345,-5.0060944965828355e-6,-0.0,5.1650000000000205,0.8247859155508438,0.004500900990958432,3.009688060671806,6.085576452472758e-6,0.0,0.0,
2022/04/11 01:00,7.937847876697504,0.5417977989846404,0.0035735189451227747,6.7075128540416245,0.6941948512329785,0.004213175730110071,9.726240504208478,-5.164928856086035e-6,-0.0,5.014999999999986,0.8386064388944302,0.0045289321084113375,3.115122230369252,6.302482379550365e-6,0.0,0.0,
2022/04/11 01:10,7.892265993836816,0.5427447935606554,0.003568638351293398,6.623390553901402,0.6982807578459226,0.00421351488971441,10.123946148373193,-5.181443026448e-6,-0.0,4.865000000000009,0.8444501151193727,0.00451289208815014,3.078736948386677,6.243125429261501e-6,0.0,0.0,
2022/04/11 01:20,7.844206547296494,0.5436169909251047,0.0035626512489540497,6.528026008982295,0.7020615955118872,0.004208567058997947,10.534545660315759,-5.137264716501973e-6,-0.0,4.714999999999975,0.8494154806974289,0.004491956450822137,3.029997287427477,6.159322659507416e-6,0.0,0.0,
2022/04/11 01:30,7.7941551361628285,0.5444443189577809,0.0035558799593926643,6.427876868508065,0.705602978106814,0.004200650118455904,10.990046075251032,-5.0850337228405165e-6,-0.0,4.564999999999998,0.8544026315318488,0.0044710222126234074,2.983819028803282,6.08018483309422e-6,0.0,0.0,
2022/04/11 01:40,7.742475841855139,0.5452382833225431,0.0035484937441495118,6.324670014750382,0.7089467860318253,0.004190552173682857,11.471391110246145,-5.028873327394939e-6,-0.0,4.4150000000000205,0.8594114557577435,0.004450089373413705,2.939650295227011,6.004679739550439e-6,0.0,0.0,
2022/04/11 01:50,7.689389311357843,0.5460059275143698,0.0035405965466493907,6.219276018125413,0.7121243904505918,0.004178742679910983,11.963639187323452,-4.971150021534007e-6,-0.0,4.264999999999986,0.8644418352169898,0.004429157933052793,2.8971521789646886,5.932173768202501e-6,0.0,0.0,
2022/04/11 02:00,7.635004639681199,0.5467514791150199,0.0035322460998127875,6.112212642472798,0.7151605022180932,0.004165543580563776,12.454841774976446,-4.913449232703773e-6,-0.0,4.115000000000009,0.8694936453010468,0.004408227891400462,2.8561364415165826,5.862314647117103e-6,0.0,0.0,
2022/04/11 02:10,7.581809230181875,0.5474924206737483,0.0035241611824057286,6.030856914856713,0.7181290335156028,0.004159330135496139,12.641521693794857,-4.9043115069543815e-6,-0.0,4.100000000000023,0.8685,0.004398484458936852,2.8507288573214282,5.848419100558066e-6,0.0,0.0,
2022/04/11 02:20,7.531552180091012,0.5482273796206975,0.003516754389327902,5.968195399477963,0.7210163225638756,0.004157979828282312,12.620372412699796,-4.911143023803508e-6,-0.0,4.100000000000023,0.8668333333333333,0.004389984116752063,2.8471633431922783,5.836905567670075e-6,0.0,0.0,
2022/04/11 02:30,7.48303413391028,0.5489452371829813,0.003509661639152279,5.91300257599579,0.7237835967215116,0.004158023797484647,12.48610938099546,-4.921760698817536e-6,-0.0,4.100000000000023,0.8651666666666666,0.004381484005266544,2.8425746451596297,5.823569119951397e-6,0.0,0.0,
2022/04/11 02:40,7.435453545406915,0.5496406901245512,0.00350265494297591,5.862569748982537,0.7264202916035049,0.004158627104263542,12.268724298741631,-4.934823916995658e-6,-0.0,4.100000000000023,0.8635,0.004372984124470904,2.837706120441453,5.809780222958223e-6,0.0,0.0,
2022/04/11 02:50,7.388248172655324,0.5503113117664756,0.0034955839382414078,5.815594438041103,0.7289242007972924,0.004159409751523141,11.993039944396742,-4.949160183301658e-6,-0.0,4.100000000000023,0.8618333333333335,0.004364484474355752,2.833048025749349,5.796440804480635e-6,0.0,0.0,
2022/04/11 03:00,7.341056975755009,0.5509568973093106,0.0034883617828239477,5.771314459133862,0.7312969249627184,0.004160169135824142,11.680712762520786,-4.963743052883929e-6,-0.0,4.100000000000023,0.8601666666666666,0.0043559850549116964,2.8288835095841023,5.784069496163724e-6,0.0,0.0,
2022/04/11 03:10,7.2930239213909545,0.5515369305746554,0.0034805277879156526,5.7204468774107795,0.7334307301170172,0.004157603761630435,11.32667489689311,-4.911138447639874e-6,-0.0,4.0849999999999795,0.8555291953076979,0.004327741742617472,2.7623389812704318,5.651211027917584e-6,0.0,0.0,
2022/04/11 03:20,7.243360453163291,0.5520397660661548,0.0034718250338354037,5.665363168449176,0.7352348807940979,0.004151901394320552,10.992526755767926,-4.829137432166708e-6,-0.0,4.068333333333328,0.8505495825840502,0.00429730746043156,2.6914833882110543,5.5098994388934625e-6,0.0,0.0,
2022/04/11 03:30,7.192407877418816,0.5524842417198533,0.0034624611738375984,5.609680542396234,0.7367455083333434,0.004144339063645314,10.692480462801086,-4.741313894471347e-6,-0.0,4.0516666666666765,0.8455572588742473,0.004266876135804332,2.6227929724548176,5.372666480648304e-6,0.0,0.0,
2022/04/11 03:40,7.140474561356541,0.5528803482002366,0.0034525783393034256,5.554174598104623,0.7379871871266314,0.004135299866041194,10.421786938949824,-4.649430632079619e-6,-0.0,4.035000000000025,0.8405521985592769,0.004236447768304698,2.555804313585213,5.238643429565582e-6,0.0,0.0,
2022/04/11 03:50,7.087815330761657,0.5532355272450775,0.0034422885542684076,5.499161188548214,0.7389795982644679,0.004125003038743489,10.175215512682598,-4.554619748103562e-6,-0.0,4.018333333333317,0.8355343759704624,0.0042060223575016405,2.4901521561075697,5.107146356205191e-6,0.0,0.0,
2022/04/11 04:00,7.034630302948358,0.5535553121959798,0.0034316777896296526,5.444788259087204,0.7397392630433105,0.004113599035229077,9.94723101586203,-4.457747389381931e-6,-0.0,4.001666666666665,0.830503765389336,0.004175599902964233,2.4255561907218635,4.977650656421028e-6,0.0,0.0,
2022/04/11 04:10,6.979039355195141,0.5538189084069982,0.0034201764784574603,5.368354907971877,0.7402091925077195,0.00409427366633107,9.944391863256214,-4.303496685737294e-6,-0.0,3.8799999999999955,0.8287171991666705,0.004130813981824723,2.317031803134796,4.772021844790331e-6,0.0,0.0,
2022/04/11 04:20,6.919610406903303,0.5540268961528425,0.003407460226971224,5.276002610999228,0.7403912531632598,0.0040688913206950415,10.102688373183357,-4.128905258065666e-6,-0.0,3.7466666666666697,0.8272043311164832,0.004084438466512727,2.2072858575795635,4.564505383287959e-6,0.0,0.0,
2022/04/11 04:30,6.857378817477581,0.5541953959198128,0.0033938840421612135,5.177400929626003,0.7403404401180345,0.004040597446202659,10.34918095037824,-3.951101364685376e-6,-0.0,3.613333333333344,0.8255975774766555,0.0040380698204653944,2.1003661196962184,4.362002069393671e-6,0.0,0.0,
2022/04/11 04:40,6.793031628395397,0.5543325516405088,0.003379668282084517,5.074950163882647,0.7400868927060158,0.004010290551964249,10.655976176896615,-3.7719719840762284e-6,-0.0,3.480000000000018,0.8238951035227561,0.003991708042156598,1.9955541076151349,4.163179506545076e-6,0.0,0.0,
2022/04/11 04:50,6.727040225044391,0.5544431865999361,0.0033649599799559504,4.969814874006545,0.7396516778079526,0.0039784547710356695,11.001064735748969,-3.5928950737209667e-6,-0.0,3.3466666666666924,0.8220950434673951,0.003945353130060662,1.8923704149335663,3.967149839059181e-6,0.0,0.0,
2022/04/11 05:00,6.6597023024212945,0.5545297167548796,0.0033498492821225864,4.862673337471847,0.7390506741962284,0.003945400156109884,11.366086827868003,-3.4149368023757315e-6,-0.0,3.21333333333331,0.8201954999461937,0.0038990050826523633,1.790521114737885,3.7733698742691718e-6,0.0,0.0,
2022/04/11 05:10,6.590278596299413,0.5544673023148363,0.003333416605619359,4.739247614587384,0.7379842632558742,0.0039056371107146527,11.532697133264378,-3.055385245733645e-6,-0.0,3.0950000000000273,0.805733230659989,0.003797686481083186,1.5137507682752585,3.2347416762313727e-6,0.0,0.0,
2022/04/11 05:20,6.517453814700389,0.5542114403339777,0.0033151114346037514,4.60472475859126,0.7361454467349461,0.0038591420583201446,11.688955579207914,-2.6174690869013987e-6,-0.0,2.978333333333353,0.7895837684222714,0.003690294647787491,1.223283928627552,2.668197321045329e-6,0.0,0.0,
2022/04/11 05:30,6.441762801702282,0.5538061409327321,0.003295348136539994,4.466020606666575,0.7335883190659959,0.003808265333945692,11.892617720086491,-2.16954467220222e-6,-0.0,2.861666666666679,0.7731167183573141,0.003582939666743864,0.9376914652511914,2.1103719627856306e-6,0.0,0.0,
2022/04/11 05:40,6.36364316063549,0.5532695541926987,0.0032743583640879002,4.325018805952425,0.7303439304612278,0.0037538133249583575,12.123574852652725,-1.7166240340824876e-6,-0.0,2.7450000000000045,0.7563274315488767,0.0034756215189864015,0.6562180133889797,1.5598446512616156e-6,0.0,0.0,
2022/04/11 05:50,6.283378274987342,0.5526138297208056,0.003252299751898409,4.182688454695153,0.7264319753031554,0.003696264876526904,12.366164834069766,-1.2615219375525723e-6,-0.0,2.6283333333333303,0.7392111944073549,0.0033683401855622115,0.3783495438601676,1.0156490130476734e-6,0.0,0.0,
2022/04/11 06:00,6.201131545875512,0.5518472370335743,0.0032292777076286983,4.039622977564761,0.7218642354360604,0.0036359438358984715,12.607881677473076,-8.061147198747491e-7,-0.0,2.511666666666656,0.721763227764069,0.0032610956475314016,0.1037423135080644,4.771388051573221e-7,0.0,0.0,
2022/04/11 06:10,6.122453889225824,0.5510422770807024,0.0032069717805276064,3.9579328071759505,0.7168484567265413,0.0035897355173658196,12.26158869788435,-4.958213064587367e-7,-0.0,2.680000000000007,0.6977280281023747,0.003190103770223258,-0.05499810542710293,1.4511866898858576e-7,0.0,0.0,
2022/04/11 06:20,6.051517199205591,0.5502097711793144,0.0031863566093536045,3.9219524089315314,0.7114377949966649,0.0035534287686286086,11.4926607094003,-2.3667184912782166e-7,-0.0,2.8799999999999955,0.6735237810087753,0.0031231513443470585,-0.2060806085405602,-1.7283484597829885e-7,0.0,0.0,
2022/04/11 06:30,5.985739432487662,0.549316866928308,0.003166644479910625,3.9057731001450975,0.7055243117367606,0.0035196935800825523,10.48929098556471,1.3996963612318368e-8,-0.0,3.079999999999984,0.6498784549937767,0.0030562132569810314,-0.36006072628379115,-4.953350427304617e-7,0.0,0.0,
2022/04/11 06:40,5.9234056600097915,0.548349676824916,0.0031473645603797154,3.903023056001132,0.6990565189668034,0.003486567871548283,9.320697038478444,2.598685127557021e-7,-0.0,3.2799999999999727,0.6267798878818458,0.002989289503519576,-0.5154033277053713,-8.195364701334127e-7,0.0,0.0,
2022/04/11 06:50,5.863340996455406,0.5473014417883317,0.0031282145744842343,3.9106427706715863,0.6919999791640008,0.0034530389837058558,8.043499987834934,5.037698592571373e-7,-0.0,3.480000000000018,0.6042161843931108,0.002922380079359059,-0.671122856769216,-1.1436166100341594e-6,0.0,0.0,
2022/04/11 07:00,5.804820468392506,0.546170685674072,0.003109026177293729,3.9268741727820498,0.6843286402365877,0.0034184723605719335,6.706781247003164,7.480419354044993e-7,-0.0,3.680000000000007,0.5821757101086049,0.0028554849798978236,-0.8266704402562937,-1.466565579568079e-6,0.0,0.0,
2022/04/11 07:10,5.749899089759992,0.5450885346274537,0.0030909886698515646,3.981908661702846,0.6764059253896915,0.0033918559419049144,5.345507203763873,7.981516146386741e-7,-0.0,3.954999999999984,0.5688613121419932,0.002844686270110447,-0.803068358599603,-1.4431226702388142e-6,0.0,0.0,
2022/04/11 07:20,5.7009045070391835,0.5440972663332048,0.0030748246848881487,4.065789526408025,0.6685787495974861,0.0033723282625621096,3.873798139587734,7.698621551814948e-7,-0.0,4.238333333333344,0.5567585885059336,0.0028401196807195514,-0.7652550793291084,-1.3917767420154682e-6,0.0,0.0,
2022/04/11 07:30,5.656680677737029,0.5431524882039535,0.0030600120132888856,4.164140962599561,0.660777569749856,0.003355997463003468,2.312936925707163,7.34056193453657e-7,-0.0,4.521666666666647,0.5449368545417468,0.0028355531580767208,-0.7318475362724257,-1.348527527019366e-6,0.0,0.0,
2022/04/11 07:40,5.6164894539972465,0.5422384055650612,0.003046288243748655,4.272943421944262,0.6529672533545339,0.0033416751312148837,0.7094480910768652,6.960711965939667e-7,-0.0,4.805000000000007,0.5333890531978963,0.002830986702180489,-0.7019901380290321,-1.311772370094519e-6,0.0,0.0,
2022/04/11 07:50,5.579924385952836,0.5413461070838923,0.003033504757200785,4.3900649417989825,0.6451249463200599,0.0033286980025903096,-0.9016650639165392,6.590684647859064e-7,-0.0,5.08833333333331,0.5221083176716838,0.0028264203130293933,-0.6751983125095649,-1.280604338402036e-6,0.0,0.0,
2022/04/11 08:00,5.546829155259275,0.5404710626770367,0.003021593006948979,4.514166711016685,0.6372349364105392,0.003316632745228024,-2.4929686727546145,6.252419396936821e-7,-0.0,5.37166666666667,0.5110879659394614,0.0028218539906219703,-0.6512485633868437,-1.2546053523491823e-6,0.0,0.0,
2022/04/11 08:10,5.515441169141866,0.5395237332418142,0.003009671908017137,4.621418599138167,0.6289894644017227,0.0032982864442215954,-4.021770550997986,7.297185079559301e-7,-0.0,5.595000000000027,0.49566651280868257,0.0027793103446912297,-0.7510933013202248,-1.4651160689415576e-6,0.0,0.0,
2022/04/11 08:20,5.4841499358086025,0.5384793178216601,0.0029972643608561834,4.718083265785083,0.6201113193436272,0.0032736576547554657,-5.406985378206742,8.9486383418403e-7,-0.0,5.811666666666667,0.48009626016785745,0.0027325536413765864,-0.8630886390865271,-1.698326433994625e-6,0.0,0.0,
2022/04/11 08:30,5.454052719254662,0.5373726539341821,0.002984796718028366,4.8138223455289335,0.6106510140237025,0.0032452059020546737,-6.650419522564449,1.0735772004681836e-6,-0.0,6.028333333333308,0.4648923735134679,0.002685803935815142,-0.9748652189241511,-1.930532519613824e-6,0.0,0.0,
2022/04/11 08:40,5.4260302705823165,0.5362192308377924,0.002972537255586689,4.910932654324654,0.6006352043469869,0.0032135318142338097,-7.775430836122155,1.2627740186942686e-6,-0.0,6.2450000000000045,0.4500465537656095,0.0026390612264360564,-1.0872977593555788,-2.1633777560671626e-6,0.0,0.0,
2022/04/11 08:50,5.400755882864985,0.5350295086540752,0.0029606797714453047,5.010489205520457,0.5900847114557346,0.003178912375094113,-8.803382763250625,1.4604646443670445e-6,-0.0,6.461666666666645,0.43555069297490673,0.0025923255116689593,-1.2010181431151068,-2.3980488862117017e-6,0.0,0.0,
2022/04/11 09:00,5.378714981000144,0.5338102755245433,0.0029493564705545565,5.113101307892691,0.5790186977095954,0.003141501368859974,-9.754257567654463,1.665092401472106e-6,-0.0,6.678333333333342,0.4213968697684603,0.0025455967899439495,-1.3164574292316047,-2.635355712307775e-6,0.0,0.0,
2022/04/11 09:10,5.358550854384134,0.5325743891194296,0.002938353454044904,5.200567777739252,0.567476949313928,0.003097477888240563,-10.391433070206519,1.8787494185820635e-6,-0.0,6.7900000000000205,0.41072005625451263,0.0025000449294008942,-1.429103848830664,-2.860744326037308e-6,0.0,0.0,
2022/04/11 09:20,5.339361934727094,0.5313320700917771,0.002927539056464612,5.277632123443539,0.5555816925692562,0.0030486225715518176,-10.83758977234993,2.0942039470416916e-6,-0.0,6.889999999999986,0.40052662897262625,0.002454629679949252,-1.5419198398551544,-3.0855134381103313e-6,0.0,0.0,
2022/04/11 09:30,5.322021154444315,0.5300851534325087,0.002917099360696218,5.352028758427082,0.5433964325935834,0.0029969831576654718,-11.184515954498693,2.313200491489281e-6,-0.0,6.990000000000009,0.3904557067671447,0.0024092210354447734,-1.6559360097862736,-3.3122769353005683e-6,0.0,0.0,
2022/04/11 09:40,5.3070518231540404,0.5288347161287726,0.0029071428038822842,5.425696983808962,0.5309631225793991,0.002943193584453557,-11.458467882226273,2.5351955051577366e-6,-0.0,7.089999999999975,0.3805059520958546,0.0023638189944466814,-1.7715059223548906,-3.5416899714635105e-6,0.0,0.0,
2022/04/11 09:50,5.2947854855563605,0.527580356543528,0.0028977295648252863,5.499576995833422,0.518317444726984,0.0028876268571565683,-11.679557777803213,2.759595239100929e-6,-0.0,7.189999999999998,0.3706760419885119,0.002318423555514618,-1.8888257950923162,-3.774114723250964e-6,0.0,0.0,
2022/04/11 10:00,5.285404013710149,0.5263205723227057,0.002888882931715232,5.574202863822848,0.5054921339522646,0.0028305480236136354,-11.86412532361146,2.9858743729869885e-6,-0.0,7.2900000000000205,0.3609646678839309,0.002273034717208645,-2.0079715637782556,-4.009689371266209e-6,0.0,0.0,
2022/04/11 10:10,5.27990500317668,0.5253583740252785,0.0028824688301668224,5.670452247163951,0.49392423111179473,0.002784100053678487,-11.381140776643974,2.7993838447201035e-6,-0.0,7.285000000000025,0.37342258083214014,0.002350972177881647,-1.732943506033962,-3.478237832208874e-6,0.0,0.0,
2022/04/11 10:20,5.2807387360721805,0.5247905027776238,0.0028795065077943803,5.777245021666033,0.4851777581823407,0.002754995751396436,-10.768277261214507,2.4309593885848065e-6,-0.0,7.268333333333317,0.38836852330103444,0.0024426377205939162,-1.4244095884953367,-2.8811443665593107e-6,0.0,0.0,
2022/04/11 10:30,5.287146289207783,0.5245074417429951,0.0028792355534235344,5.883188702910843,0.4790577966522727,0.002740218280984039,-10.239564554499909,2.0380614356908337e-6,-0.0,7.251666666666665,0.40334817383304106,0.0025343301834389927,-1.1245630965713644,-2.3005199575584663e-6,0.0,0.0,
2022/04/11 10:40,5.298276194781863,0.52446215724107,0.0028812264891657697,5.985089546131235,0.4753515656918498,0.0027382561796049937,-9.773054990531591,1.6304202305176028e-6,-0.0,7.235000000000014,0.41836159667556805,0.0026260495782773866,-0.8320036800093931,-1.733695098608919e-6,0.0,0.0,
2022/04/11 10:50,5.313476571829085,0.524620125229551,0.0028851619094103585,6.081489994450351,0.4738239182220276,0.0027477570568551456,-9.349147409251941,1.2133741835666864e-6,-0.0,7.218333333333362,0.4334088561958254,0.002717795916976575,-0.5456963999156415,-1.1786969750700123e-6,0.0,0.0,
2022/04/11 11:00,5.332267616795377,0.5249551793108762,0.002890806803777575,6.171756793068255,0.4742293549016856,0.0027674052866286,-8.950870663635442,7.905968476011025e-7,-0.0,7.201666666666654,0.4484900168810609,0.0028095692114110085,-0.2648749668171604,-6.340635016156016e-7,0.0,0.0,
2022/04/11 11:10,5.352429841066453,0.5253484036258743,0.0028970608087833163,6.231210667506332,0.4758340499680964,0.0027882889252113397,-8.55800820525019,5.128140059291091e-7,-0.0,7.125,0.4587706919709872,0.0028591377208032473,-0.12364813355111437,-3.551838010465525e-7,0.0,0.0,
2022/04/11 11:20,5.371832421899285,0.5257567594048822,0.00290325598583174,6.268273382631605,0.4780240079040246,0.0028083889600081743,-8.077572806470812,2.9474664324351463e-7,-0.0,7.041666666666686,0.46860964134752453,0.0029040212865616153,0.0024952611165645067,-1.0489843876127858e-7,0.0,0.0,
2022/04/11 11:30,5.391226281021659,0.5262057783922318,0.0029096862197914956,6.29417511118794,0.48078708240728146,0.0028297734317949195,-7.5090398400317335,8.450977063997416e-8,-0.0,6.958333333333314,0.47854813591657136,0.0029489113007467333,0.127893278392321,1.4411332531164966e-7,0.0,0.0,
2022/04/11 11:40,5.411144354565977,0.5267012897759159,0.002916493419091376,6.311989870048251,0.484078156590529,0.002852753688421048,-6.879239270132303,-1.2064092041666784e-7,-0.0,6.875,0.4885870896050212,0.0029938077647483708,0.25208323072865824,3.909875862533101e-7,0.0,0.0,
2022/04/11 11:50,5.431911091682764,0.5272453789268837,0.0029237572496803553,6.323375929708334,0.487846316023099,0.002877332986418056,-6.211753386872943,-3.223827844557523e-7,-0.0,6.791666666666686,0.498727424716832,0.003038710679956696,0.374805372032597,6.352417775367662e-7,0.0,0.0,
2022/04/11 12:00,5.453669748981156,0.527837620004356,0.00293150707870201,6.329421306059601,0.4920412426527906,0.0029034067369965353,-5.527744504057068,-5.220306726785417e-7,-0.0,6.708333333333314,0.508970072011907,0.003083620047762277,0.4959639553389934,8.767005181868402e-7,0.0,0.0,
2022/04/11 12:10,5.4757190594858685,0.5283688276153687,0.0029389915820561005,6.319521460874682,0.49612056440310237,0.002925582486846175,-5.020580039619063,-5.707562247342138e-7,-0.0,6.639999999999986,0.5114869140220825,0.003084335886267497,0.4738947405205636,8.399978601834799e-7,0.0,0.0,
2022/04/11 12:20,5.496830983558709,0.5288022087920586,0.0029457511903241197,6.299295777113855,0.4995967739240286,0.0029420497704994073,-4.5352814941577435,-5.539671041350827e-7,-0.0,6.5733333333333235,0.513144433015097,0.0030801409917321173,0.4381776115158118,7.767152636586627e-7,0.0,0.0,
2022/04/11 12:30,5.517250266266728,0.5291729556520373,0.002952029913714645,6.2747142080297635,0.5025985442311457,0.0029547694678046734,-4.023034632992903,-5.282438704834868e-7,-0.0,6.506666666666661,0.5148076463601987,0.00307594615349961,0.4040285900280196,7.164303179484069e-7,0.0,0.0,
2022/04/11 12:40,5.537145059277179,0.5294939480472535,0.002957932406756656,6.247468453611873,0.5052149634792762,0.002964616624664434,-3.501960830390658,-4.974188671148558e-7,-0.0,6.439999999999998,0.5164765729770182,0.0030717513715688436,0.37110645022289646,6.584901045417888e-7,0.0,0.0,
2022/04/11 12:50,5.556560482030875,0.5297735810105658,0.002963513425524823,6.218417313428631,0.5075140601084469,0.0029721755294442047,-2.985458268679509,-4.636702996223837e-7,-0.0,6.373333333333335,0.5181512318317912,0.003067556645938683,0.3392326600508113,6.025499423830739e-7,0.0,0.0,
2022/04/11 13:00,5.575453225173362,0.530017452607058,0.002968794052977584,6.188063314959834,0.5095495210833613,0.002977873412648105,-2.4834987966892186,-4.284998482704628e-7,-0.0,6.306666666666672,0.5198316419372818,0.003063361976607995,0.3083384785770704,5.484727050516177e-7,0.0,0.0,
2022/04/11 13:10,5.592295198543525,0.5301825099663224,0.002973213476696015,6.139048849372557,0.5111440013058829,0.002977089191624608,-1.9261560181615778,-3.1701018317312986e-7,-0.0,6.180000000000007,0.5200885672500635,0.003038064998420795,0.2114482244546707,3.704284612374044e-7,0.0,0.0,
2022/04/11 13:20,5.605692017949991,0.5302600605529294,0.002976429935320774,6.076961423709008,0.5121809148088577,0.002970321487307897,-1.3049257576130913,-1.7570851095406398e-7,-0.0,6.046666666666681,0.5201513516243064,0.0030104256382228207,0.11084290432222588,1.8527608481921026e-7,0.0,0.0,
2022/04/11 13:30,5.616197536862501,0.5302718042330401,0.0029786774492701605,6.009564944441308,0.5127771092146636,0.002959901202194327,-0.6461705375443217,-3.115357582939763e-8,-0.0,5.913333333333355,0.5201758746725436,0.002982788722357425,0.013404795623046084,5.926116823967069e-9,0.0,0.0,
2022/04/11 13:40,5.624165264984924,0.5302281519678587,0.0029800862320948193,5.938830906280998,0.5130093002345045,0.0029467208706224395,0.03105729803678514,1.1452093575670005e-7,-0.0,5.779999999999973,0.5201613341591196,0.0029551542505003685,-0.08129066365859217,-1.684238044127222e-7,0.0,0.0,
2022/04/11 13:50,5.629810603486703,0.5301363290049814,0.0029807406946932686,5.865713631303834,0.5129354791928856,0.002931347166806468,0.7123194690154833,2.5992444837944826e-7,-0.0,5.646666666666647,0.5201069140684043,0.002927522222327469,-0.173518696102974,-3.3829476255128044e-7,0.0,0.0,
2022/04/11 14:00,5.63324173083771,0.5300013425903338,0.002980691037961087,5.790757061761781,0.5126014277094222,0.0029141854668596145,1.385978224109863,4.04014399569335e-7,-0.0,5.513333333333321,0.5200117843767484,0.002899892637514604,-0.26344298265985344,-5.039980635795552e-7,0.0,0.0,
2022/04/11 14:10,5.635606748820749,0.5298670987331869,0.002980423831841278,5.728293045266071,0.5122338059618714,0.002899445682056307,1.993196927189729,4.814783702672828e-7,-0.0,5.425000000000011,0.521491429844489,0.0028903061822725335,-0.29382837112484594,-5.570977773031116e-7,0.0,0.0,
2022/04/11 14:20,5.637896423114626,0.529746459801056,0.0029802176988712953,5.674261618499031,0.5120040837826895,0.0028872499500587853,2.5125166588588854,5.304953853132886e-7,-0.0,5.34166666666664,0.5231521410230384,0.0028827245446800516,-0.3178761855074299,-5.982374817935991e-7,0.0,0.0,
2022/04/11 14:30,5.639514665537263,0.5296247642324936,0.002979865953823329,5.6227364717992145,0.5118691544202629,0.0028761379327051913,2.958278389654083,5.731519684642682e-7,-0.0,5.258333333333326,0.5248165927259285,0.002875143091057557,-0.34144863224082656,-6.38524500629333e-7,0.0,0.0,
2022/04/11 14:40,5.640015723171757,0.5294963276085574,0.002979243928080431,5.572306336538986,0.5118079296253749,0.0028656977867809793,3.3453721399808956,6.108577870857374e-7,-0.0,5.175000000000011,0.5264847699754492,0.002867561821398355,-0.3641392296317463,-6.771992066040767e-7,0.0,0.0,
2022/04/11 14:50,5.63907800277002,0.529357824690636,0.0029782661945390036,5.5223164146470936,0.5118069385654012,0.002855716902869662,3.686997143472013,6.445559873278041e-7,-0.0,5.09166666666664,0.528156657402695,0.0028599807356957502,-0.38566944284480087,-7.137421310717057e-7,0.0,0.0,
2022/04/11 15:00,5.636489647971871,0.5292076487834069,0.0029768800034928895,5.472403282309813,0.5118568217941107,0.002846066353335347,3.995198330358676,6.750089330127687e-7,-0.0,5.008333333333326,0.5298322392422886,0.0028523998339430464,-0.40586728161679275,-7.478333162855314e-7,0.0,0.0,
2022/04/11 15:10,5.6319616793691125,0.5290264768663282,0.002974916730378397,5.419789367773831,0.5118652384367175,0.0028356789504072194,4.254649385224525,7.298637368874404e-7,-0.0,4.925000000000011,0.5300361422722561,0.0028368865188784665,-0.4500471595201816,-8.288092707312245e-7,0.0,0.0,
2022/04/11 15:20,5.62521343670096,0.5288087599330779,0.002972287796615736,5.365316091995794,0.5117475005204585,0.002824258894337652,4.499937587252134,7.941631630502885e-7,-0.0,4.84166666666664,0.5300616064928256,0.0028204926305990447,-0.4949277593093484,-9.113680255767615e-7,0.0,0.0,
2022/04/11 15:30,5.616336532840933,0.5285623033481379,0.0029690576674479504,5.310080323558225,0.5115235989792997,0.0028121440127512943,4.744255526501888,8.581813395503606e-7,-0.0,4.758333333333326,0.530071406360193,0.002804099602552197,-0.5378453581975009,-9.903142863922118e-7,0.0,0.0,
2022/04/11 15:40,5.605438665468341,0.5282911849259817,0.002965273262955982,5.2543117702355175,0.5112079184474689,0.0027994668101808855,4.988069518502698,9.21466838178775e-7,-0.0,4.675000000000011,0.5300653357981672,0.0027877074346702156,-0.578952939211149,-1.06593733271357e-6,0.0,0.0,
2022/04/11 15:50,5.592622103232316,0.5279986878939538,0.0029609760154319037,5.1980981869525635,0.5108121862937429,0.0027863156894060485,5.23107605965322,9.837755416882641e-7,-0.0,4.59166666666664,0.5300431865070395,0.0027713161268854043,-0.6183855924562067,-1.1384919634624418e-6,0.0,0.0,
2022/04/11 16:00,5.577979028184245,0.5276874850844072,0.0029562019078728866,5.141476260887146,0.510346297531666,0.0027727578902241204,5.472462849959356,1.0449269075616966e-6,-0.0,4.508333333333326,0.5300047479404425,0.0027549256791300687,-0.6562606406257601,-1.2081990749152296e-6,0.0,0.0,
2022/04/11 16:10,5.561305754895102,0.5273849000145295,0.0029510646488641384,5.082133354360678,0.5099272565755918,0.002758988094492206,5.81452370667364,1.0735002749315434e-6,-0.0,4.394999999999982,0.5329484754429897,0.002748290997670151,-0.6611429827837583,-1.2118297963436498e-6,0.0,0.0,
2022/04/11 16:20,5.542627363451345,0.5271022393620355,0.0029456347208667074,5.020214078971662,0.5096876354058234,0.0027457551414651698,6.192639936347178,1.0858778008141871e-6,-0.0,4.278333333333308,0.5362456804321899,0.0027427403313899997,-0.6615366496528168,-1.2066537938504535e-6,0.0,0.0,
2022/04/11 16:30,5.522112222343651,0.5268331202687164,0.0029399125256350253,4.956498079428059,0.5096148139292169,0.0027331338744087464,6.572921597739878,1.0946165852044056e-6,-0.0,4.16166666666669,0.5395652715644557,0.0027371897637403614,-0.6609770583504542,-1.199766672392899e-6,0.0,0.0,
2022/04/11 16:40,5.499856786993234,0.5265756541941263,0.0029339089204774276,4.891180945094391,0.5096954718278875,0.002721082134548077,6.9527615633381865,1.1004232097897177e-6,-0.0,4.045000000000016,0.5429074085624505,0.002731639294718608,-0.6594996091125722,-1.1912297707117778e-6,0.0,0.0,
2022/04/11 16:50,5.475936898061491,0.5263285029110949,0.002927633606650894,4.824377451071825,0.5099171367574551,0.002709547234389646,7.330237000818443,1.1036390701720597e-6,-0.0,3.9283333333333417,0.5462722522796726,0.0027260889243221104,-0.6571359328711424,-1.1810984778964487e-6,0.0,0.0,
2022/04/11 17:00,5.4504117431326335,0.5260906217924447,0.0029210945161958646,4.756173768752376,0.5102683774686607,0.0026984771832530246,7.703733156500335,1.1044810393366227e-6,-0.0,3.8116666666666674,0.5496599647073721,0.0027205386525482405,-0.6539118920334204,-1.1694180747326245e-6,0.0,0.0,
2022/04/11 17:10,5.424079345062637,0.5259177201057663,0.0029147659610452474,4.697068089805271,0.5109947715204626,0.0026911458788232054,8.112135169191106,1.0207733355915517e-6,-0.0,3.7099999999999795,0.5572897305761266,0.002738697043383905,-0.5740722658626964,-1.0088296512057965e-6,0.0,0.0,
2022/04/11 17:20,5.397831081656307,0.5258261026814748,0.002908918592556759,4.643553438571189,0.5123138030350683,0.002688000963483474,8.487922956870761,9.000734803781068e-7,-0.0,3.6100000000000136,0.5654751984164121,0.002759491038971248,-0.48720816489662866,-8.344756094036393e-7,0.0,0.0,
2022/04/11 17:30,5.371300366947423,0.5257941674765652,0.0029033556042366853,4.590981911132246,0.5141381241142602,0.0026876682600738703,8.817702991602234,7.725228309586245e-7,-0.0,3.509999999999991,0.5737518868795753,0.0027802864188321975,-0.4012667713384417,-6.61827646455059e-7,0.0,0.0,
2022/04/11 17:40,5.344200748143237,0.5258125339971106,0.0028979654781465638,4.538237416929974,0.5164027405203506,0.002689567796247146,9.11276755002632,6.401818795707933e-7,-0.0,3.410000000000025,0.5821207781066209,0.002801083183104986,-0.31588448077741305,-4.901977022737961e-7,0.0,0.0,
2022/04/11 17:50,5.316335589343055,0.525874694975546,0.002892671466836465,4.484833027492698,0.5190538781574449,0.0026933017964125305,9.382506125223246,5.042953638491899e-7,-0.0,3.3100000000000023,0.5905828650133637,0.002821881331927867,-0.23081105789424328,-3.191119521040997e-7,0.0,0.0,
2022/04/11 18:00,5.2875833262323795,0.5259761285126562,0.0028874234111624566,4.430533975010405,0.5220458850441392,0.0026985658325664654,9.63502103568999,3.657769253884934e-7,-0.0,3.2099999999999795,0.5991391514129484,0.0028426808654391086,-0.14588295847465815,-1.482600263364944e-7,0.0,0.0,
2022/04/11 18:10,5.256291559784813,0.5260482797419558,0.0028815106024762246,4.355141321173221,0.5250491231659542,0.0026997920246120094,9.929970331845652,3.2620239454371214e-7,-0.0,3.0500000000000114,0.6044039459670475,0.0028353211148364993,-0.15060070897607147,-1.4934677492383432e-7,0.0,0.0,
2022/04/11 18:20,5.220954412985293,0.5260717459842035,0.00287452758004303,4.264685485688233,0.5278084710974096,0.0026968046163719167,10.308215259058215,3.2604539516121854e-7,-0.0,2.8833333333333258,0.6093365645830082,0.0028248328047750827,-0.1620296905239229,-1.6352424763591483e-7,0.0,0.0,
2022/04/11 18:30,5.182360385126344,0.5260709526452741,0.0028667734129056827,4.167912750046128,0.5304014540643645,0.002691686413763066,10.754712802914241,3.3015438987045263e-7,-0.0,2.71666666666664,0.6143109078704732,0.002814344846815404,-0.17094320866613089,-1.7307604226658266e-7,0.0,0.0,
2022/04/11 18:40,5.141092946415824,0.5260559039276024,0.0028584251793456637,4.067029174359504,0.532871931423181,0.0026850998340788045,11.248569784968367,3.3633955995003787e-7,-0.0,2.5500000000000114,0.6193272961929657,0.0028038572409397346,-0.17791862675312586,-1.7908452859906183e-7,0.0,0.0,
2022/04/11 18:50,5.09756712317909,0.5260330692659884,0.002849605677370091,3.9631116653222875,0.5352505585109438,0.0026774206569284784,11.772197753381306,3.432319892522751e-7,-0.0,2.3833333333333258,0.6243860510866525,0.0027933699871303445,-0.18335632743787755,-1.8229928421006108e-7,0.0,0.0,
2022/04/11 19:00,5.052054476134572,0.5260064168985685,0.0028403945063310335,3.8567896993474164,0.537560163761296,0.0026688961486881382,12.310108596333864,3.49792830567425e-7,-0.0,2.21666666666664,0.6294874952223898,0.0027828830853695048,-0.18751584426627232,-1.832055507659645e-7,0.0,0.0,
2022/04/11 19:10,5.005582079044075,0.5260200214762202,0.002831237223393159,3.75964761705535,0.5399936317891262,0.0026626741152230827,12.834993025548444,2.9265294155798845e-7,-0.0,2.079999999999984,0.6372584495112485,0.0027899203400898525,-0.13471359471827782,-7.404686228832451e-8,0.0,0.0,
2022/04/11 19:20,4.959070455487449,0.5260862957198735,0.0028223822295360824,3.6685809961232394,0.542706728691938,0.0026589168418516443,13.30769819726413,2.0820470269011036e-7,-0.0,1.9466666666666583,0.6454215725440988,0.0027989049472690207,-0.07654762013885374,4.5546909863622556e-8,0.0,0.0,
2022/04/11 19:30,4.912103341983311,0.5261894551291989,0.002813659839585989,3.5789012922980987,0.5456519340866718,0.0026564813395510115,13.727659724545449,1.184529600752587e-7,-0.0,1.8133333333333326,0.6536893744054767,0.0028078898128528922,-0.018813157738122754,1.6435293552285874e-7,0.0,0.0,
2022/04/11 19:40,4.864348326794072,0.526322709826397,0.0028049670254101655,3.48953080438946,0.5487992938483409,0.002654998483895401,14.104224861833359,2.4694851882339745e-8,-0.0,1.6800000000000068,0.662063252261026,0.0028168749368526155,0.038825715488428614,2.8300437478723884e-7,0.0,0.0,
2022/04/11 19:50,4.815555526650769,0.5264813983101906,0.0027962294821093697,3.399997642605797,0.5521258488432477,0.0026542510957646356,14.446146231494483,-7.224416131966836e-8,-0.0,1.546666666666681,0.6705446228869434,0.0028258603192793386,0.09661127051526819,4.01957829118715e-7,0.0,0.0,
2022/04/11 20:00,4.765551693256327,0.5266624288914414,0.002787397102075519,3.31006124368173,0.55561298479766,0.002654089285546562,14.76183679305848,-1.7170749912337345e-7,-0.0,1.4133333333333553,0.6791349229600577,0.00283484596014421,0.15470688311097547,5.215215140752385e-7,0.0,0.0,
2022/04/11 20:10,4.715127953180286,0.5268792409540555,0.002778696093738893,3.23010790632037,0.5593114144402035,0.002656701198038623,14.972928096403281,-3.00842930524891e-7,-0.0,1.3249999999999886,0.6873232948345845,0.0028509520318521376,0.23559030557817096,6.831265192920896e-7,0.0,0.0,
2022/04/11 20:20,4.664938863178065,0.5271329969319166,0.002770258565773895,3.157247945630786,0.5632380744331533,0.0026616136583765054,15.105855172389512,-4.4155933661542086e-7,-0.0,1.2416666666666742,0.6955325327546337,0.0028678501149686044,0.3181970021705638,8.479225560035017e-7,0.0,0.0,
2022/04/11 20:30,4.614543406460257,0.5274158306240868,0.0027619550693302026,3.086971674895665,0.5673486884060885,0.0026677557096201157,15.192157248447415,-5.847697962550508e-7,-0.0,1.1583333333333599,0.7038184836071171,0.0028847491120724293,0.4003696693760048,1.011946856520579e-6,0.0,0.0,
2022/04/11 20:40,4.563663311290156,0.5277242671035317,0.002753712168641437,3.018128131865126,0.5716153520425588,0.0026747694092823047,15.245931152818459,-7.2963978533685e-7,-0.0,1.0749999999999886,0.7121818435940617,0.0029016490232377672,0.4823477445690969,1.1756486394059619e-6,0.0,0.0,
2022/04/11 20:50,4.512124116859525,0.5280563331332024,0.002745485125540599,2.950153749244862,0.5760169538526387,0.002682441303881288,15.278143381333964,-8.755714761460691e-7,-0.0,0.9916666666666742,0.7206233153648998,0.002918549848538783,0.5642770966735497,1.33930162550621e-6,0.0,0.0,
2022/04/11 21:00,4.459833418793437,0.5284111220945893,0.0027372510399978458,2.8827224750608593,0.5805366577231638,0.0026906241738074567,15.297820538483508,-1.0220944513170114e-6,-0.0,0.9083333333333599,0.7291436080784333,0.0029354515880496484,0.6462323914215631,1.5030460656014192e-6,0.0,0.0,
2022/04/11 21:10,4.406724914047572,0.5287227475677542,0.002728655445073226,2.8130160249484106,0.5849364716884431,0.002697667642558136,15.15606275568871,-1.084262285178935e-6,-0.0,0.8550000000000182,0.7300192444656112,0.0029276572879309397,0.6488450111328348,1.5078522765988172e-6,0.0,0.0,
2022/04/11 21:20,4.352404208765222,0.5289704398004506,0.0027195193344612583,2.7422996751518554,0.5889766581506303,0.0027027160037168406,14.975861614411201,-1.1085800191154064e-6,-0.0,0.8050000000000068,0.7300327489984324,0.0029171192651790585,0.6442740801051059,1.4981062163355434e-6,0.0,0.0,
2022/04/11 21:30,4.296984067122992,0.5291768430484908,0.0027099864990904592,2.671882931908101,0.5927010494842125,0.002706247737457282,14.811165724271975,-1.1276258809938514e-6,-0.0,0.7549999999999955,0.7300378955643181,0.002906581597822076,0.6409978279266397,1.4908175475623608e-6,0.0,0.0,
2022/04/11 21:40,4.24063185497198,0.529351172550734,0.0027001403709878817,2.6020520025169844,0.596144268560087,0.002708499171738264,14.660143874635311,-1.143198884663472e-6,-0.0,0.7049999999999841,0.7300346163632128,0.0028960442858420154,0.6387442246223145,1.4854675547907385e-6,0.0,0.0,
2022/04/11 21:50,4.18348998259961,0.5295002145750981,0.002690046181242921,2.532906212476348,0.5993353636059453,0.0027096418519079435,14.520509972051629,-1.156241729036489e-6,-0.0,0.6549999999999727,0.7300228431442221,0.002885507329220898,0.6373005843295232,1.4816513784992126e-6,0.0,0.0,
2022/04/11 22:00,4.125675341436931,0.5296291198413657,0.002679755163684786,2.4644732888183967,0.6022991868078844,0.002709811479985139,14.389860669930387,-1.167403633787588e-6,-0.0,0.6050000000000182,0.730002507202645,0.0028749707279407495,0.6364998592173379,1.479051323232899e-6,0.0,0.0,
2022/04/11 22:10,4.067537342996786,0.5297729841625028,0.0026695132019113805,2.4005990327260065,0.605158240378364,0.0027103204900225043,14.306152102411717,-1.2186504193318882e-6,-0.0,0.5550000000000068,0.7329644720445767,0.002876225248193767,0.673984110123456,1.5522106051548143e-6,0.0,0.0,
2022/04/11 22:20,4.009507530212602,0.5299438827402239,0.0026594617686535997,2.3399869208149084,0.6080274183973189,0.0027114407484121984,14.22573351572055,-1.2867236646735513e-6,-0.0,0.5049999999999955,0.7362729377820871,0.002878789891346152,0.7151187957190359,1.6326483141600985e-6,0.0,0.0,
2022/04/11 22:30,3.9515047685924856,0.5301331966716559,0.002649540445573702,2.2808543377567503,0.6108980737773215,0.0027127889872921155,14.134146815432588,-1.3562330419921463e-6,-0.0,0.4549999999999841,0.7395968534212005,0.002881354555550455,0.7558293260437949,1.7122911091930155e-6,0.0,0.0,
2022/04/11 22:40,3.8934582454792803,0.5303385094177862,0.0026397226686699026,2.222719219317696,0.6137665357266056,0.002714256385438742,14.03515403062329,-1.4264312511074402e-6,-0.0,0.4049999999999727,0.742936295022727,0.002883919240806935,0.7962023129612135,1.7913035262058311e-6,0.0,0.0,
2022/04/11 22:50,3.8353261370053247,0.530558345938894,0.0026299923297381966,2.1653333480713854,0.6166308310029966,0.002715787058236692,13.932022213781467,-1.4969306513603138e-6,-0.0,0.3550000000000182,0.7462913390436704,0.0028864839471158515,0.8362902772310008,1.86978538099899e-6,0.0,0.0,
2022/04/11 23:00,3.7770915905061884,0.5307918249203806,0.0026203411187435918,2.108544213191408,0.6194898829503801,0.0027173476597997805,13.827677813097239,-1.5674579698855858e-6,-0.0,0.3050000000000068,0.7496620623394379,0.002889048674477463,0.876120313701449,1.9477883777069658e-6,0.0,0.0,
2022/04/11 23:10,3.718998133881712,0.5310682390793761,0.00261095791954589,2.055855001972361,0.622433459537099,0.0027200167169518278,13.762368129184779,-1.6769053568134554e-6,-0.0,0.25499999999999545,0.7559099646708464,0.002902652206797552,0.9510684943477372,2.0954346794122556e-6,0.0,0.0,
2022/04/11 23:20,3.66139964499024,0.5313957029116751,0.0026019448828422252,2.0060200937130617,0.6255474657977036,0.0027239260319695483,13.698016860191162,-1.8029377629843172e-6,-0.0,0.20499999999998408,0.7625135770641916,0.002917482940439367,1.0288110479505121,2.248735230560918e-6,0.0,0.0,
2022/04/11 23:30,3.604188240699159,0.531763537134196,0.002593225937979224,1.957345587803502,0.6288093535999096,0.002728640941520581,13.622826422766254,-1.9307032180365304e-6,-0.0,0.15499999999997272,0.7691563319452633,0.0029323143780496477,1.1055970111283386,2.400245389759464e-6,0.0,0.0,
2022/04/11 23:40,3.5472787308944476,0.5321675719798729,0.0025847620699831165,1.9093677457517515,0.6322024774635527,0.0027339931900222623,13.541532802873348,-2.059307075792829e-6,-0.0,0.10500000000001819,0.7758384487205036,0.0029471465196785167,1.1815535922710296,2.5502077902228885e-6,0.0,0.0,
2022/04/11 23:50,3.4906207090770636,0.5326048867840204,0.0025765272395269216,1.861851971195108,0.6357129931688712,0.0027398721596625622,13.457807712910041,-2.1882546538188907e-6,-0.0,0.05500000000000682,0.7825601480388747,0.0029619793653761052,1.2567656927010376,2.6987845628051853e-6,0.0,0.0,
2022/04/12 00:00,3.4341907949207098,0.5330733787466305,0.0025685046558694582,1.8146602776617442,0.6393290014096914,0.0027461951922163243,13.374612363096505,-2.3171996184066335e-6,-0.0,0.0049999999999954525,0.7893216517991078,0.002976812915192544,1.3312880587520795,2.8460805575477028e-6,0.0,0.0,
2022/04/12 00:10,3.377923317112675,0.533531326940518,0.0025604791707390163,1.7657627746289677,0.642929604408367,0.0027520369608597627,13.208169622452603,-2.3960989737780648e-6,-0.0,-0.029999999999972715,0.7914909808177472,0.0029774163613891505,1.359422667771696,2.9003728406976222e-6,0.0,0.0,
2022/04/12 00:20,3.321557349045179,0.5339657925812374,0.0025523417604189414,1.7159252740791544,0.6463917030638255,0.0027570205739957114,13.026795116622909,-2.452419003141873e-6,-0.0,-0.06333333333333258,0.7931513463150579,0.002976438644835841,1.3827668313995218,2.9450514117765115e-6,0.0,0.0,
2022/04/12 00:30,3.2651702597518124,0.534389494432845,0.0025441686871795557,1.6660789147885566,0.6497307304180312,0.00276140248523839,12.859854066927598,-2.5054423247626727e-6,-0.0,-0.09666666666669244,0.7948156376242215,0.002975460931341612,1.4062272838598346,2.989975512811827e-6,0.0,0.0,
2022/04/12 00:40,3.2088600572597556,0.5348067918524249,0.0025359989940120556,1.6164506649436703,0.6529584675572935,0.0027652840043988565,12.705021075039442,-2.5561458650877134e-6,-0.0,-0.12999999999999545,0.7964838649843562,0.002974483220906449,1.4296767255784744,3.034901523962238e-6,0.0,0.0,
2022/04/12 00:50,3.1527026377170273,0.535220713961312,0.002527860909310785,1.5671395387530538,0.6560848420093233,0.002768732616465041,12.560042213580688,-2.6050247740510527e-6,-0.0,-0.1633333333333553,0.7981560386636043,0.0029735055135303385,1.4530231179464863,3.079653395971235e-6,0.0,0.0,
2022/04/12 01:00,3.09675372191316,0.5356334221073126,0.0025197745641301057,1.5181936939539469,0.6591184571406724,0.0027717995033054287,12.4228029347006,-2.6524226824025284e-6,-0.0,-0.19666666666665833,0.7998321689592258,0.0029725278092132654,1.4762008237107693,3.124105478912391e-6,0.0,0.0,
2022/04/12 01:10,3.0406102438483344,0.5360226526116093,0.0025115629242923898,1.4640674711815223,0.662002837730399,0.0027731427383398313,12.297084682446666,-2.6662299841939654e-6,-0.0,-0.24500000000000455,0.8000214885780721,0.00296274484711002,1.4710775313922113,3.1134352582420756e-6,0.0,0.0,
2022/04/12 01:20,2.9838578577649173,0.5363840201758103,0.0025031332092958,1.4063182239574417,0.6646915960275946,0.0027728842552267726,12.198212814597015,-2.6656609308068617e-6,-0.0,-0.2950000000000159,0.8000365687165956,0.002951983874903604,1.463476473087212,3.0979092991566287e-6,0.0,0.0,
2022/04/12 01:30,2.92673155978315,0.5367273598777174,0.0024945755567813742,1.3473801884294971,0.667209522894898,0.0027716241101012756,12.124029054097605,-2.66265365342979e-6,-0.0,-0.3450000000000273,0.8000423165213665,0.0029412232732681713,1.4562937629857515,3.0831791910236297e-6,0.0,0.0,
2022/04/12 01:40,2.8694036724448893,0.5370568061031956,0.002485941279919698,1.2878770206987724,0.6695739308053191,0.002769568358401071,12.067545144429916,-2.6579601947713955e-6,-0.0,-0.3949999999999818,0.8000386556441834,0.002930463042184578,1.4493620945602288,3.0689272162207935e-6,0.0,0.0,
2022/04/12 01:50,2.8119927015604844,0.5373751908019294,0.0024772654801444457,1.2281118671252784,0.6717988375707719,0.0027668442096637647,12.023167752048494,-2.6520336690924624e-6,-0.0,-0.4449999999999932,0.8000255092249564,0.002919703181633685,1.4425670196112605,3.0549359356168515e-6,0.0,0.0,
2022/04/12 02:00,2.7545733164986927,0.5376844397853893,0.0024685708929742833,1.1682582206349252,0.6738960776895369,0.002763542914805808,11.986165407299723,-2.6452120473460204e-6,-0.0,-0.49500000000000455,0.800002799888489,0.0029089436915963533,1.4358344089753245,3.041064292131579e-6,0.0,0.0,
2022/04/12 02:10,2.697151393964077,0.5379478709918536,0.002459690643675552,1.1069145911562828,0.6757848473435116,0.0027590606015035954,11.87074070233905,-2.592297183472913e-6,-0.0,-0.5299999999999727,0.7955651198779116,0.002885321611913532,1.3877687078625058,2.944011492369618e-6,0.0,0.0,
2022/04/12 02:20,2.6395083567969664,0.5381557487619002,0.002450544534288174,1.0447892472705007,0.6773766280306344,0.0027531896126556715,11.736972859260392,-2.5186140490338944e-6,-0.0,-0.5633333333333326,0.7906106763032092,0.002860272240968937,1.335916163313641,2.8392707563552645e-6,0.0,0.0,
2022/04/12 02:30,2.5816894386932177,0.5383214967146112,0.0024412050184031125,0.9826905417706939,0.678694032416377,0.002746199833884986,11.61092916162147,-2.4421579879481173e-6,-0.0,-0.5966666666666924,0.7856279067739377,0.002835224878219481,1.2847007678815316,2.7357559320059326e-6,0.0,0.0,
2022/04/12 02:40,2.5237519872200664,0.5384501964019334,0.002431707710522596,0.9208538343189616,0.6797555267634745,0.0027382278082162667,11.489609576394741,-2.363930380006109e-6,-0.0,-0.6299999999999955,0.7806166903102094,0.00281017952342368,1.2340063997842208,2.633242962007775e-6,0.0,0.0,
2022/04/12 02:50,2.465731228446259,0.5385455421364531,0.0024220776056990325,0.8593972327088863,0.6805769746754307,0.0027293744294795467,11.370820050610178,-2.284445372823672e-6,-0.0,-0.6633333333333553,0.775576905441441,0.002785136176340089,1.183751561929057,2.531574363767417e-6,0.0,0.0,
2022/04/12 03:00,2.4076465275484225,0.5386103385166782,0.0024123325905918602,0.7983867904241038,0.681172220059391,0.0027197205922360095,11.252960289682507,-2.2040531430010403e-6,-0.0,-0.6966666666666583,0.7705084302043188,0.0027600948367273,1.1338779341188001,2.4306371669865973e-6,0.0,0.0,
2022/04/12 03:10,2.3483872758122857,0.5386340221810789,0.0024022362386517896,0.7252420188298174,0.681515580598707,0.00270670429076416,11.260489462092096,-2.0992676199626643e-6,-0.0,-0.7900000000000205,0.7671932176125035,0.002729400989595169,1.0667198525391086,2.2991226078301923e-6,0.0,0.0,
2022/04/12 03:20,2.287107850326265,0.5386183200811299,0.0023916559889453105,0.6431032980117379,0.6816123360309848,0.0026910058069998352,11.35201231072074,-1.9863282377196775e-6,-0.0,-0.8899999999999864,0.7639961175557932,0.0026980819468619337,0.9991010697219735,2.166865522265088e-6,0.0,0.0,
2022/04/12 03:30,2.2243237404638876,0.5385714091110788,0.00238072226704199,0.5573491165039286,0.6814946855728266,0.0026738407477003966,11.48717261186505,-1.8724371588367216e-6,-0.0,-0.9900000000000091,0.7607153088165133,0.002666766044154652,0.9326450201663192,2.0366966754603076e-6,0.0,0.0,
2022/04/12 03:40,2.160374796338999,0.5384974464424341,0.0023695159962491517,0.4693605855148917,0.6811817297166671,0.002655577905583833,11.652117224046494,-1.7581107276667905e-6,-0.0,-1.089999999999975,0.7573496114481942,0.002635453281001121,0.8670878520906626,1.9081181357978235e-6,0.0,0.0,
2022/04/12 03:50,2.095495628583592,0.5383991515238137,0.0023580927687504574,0.37982312942159524,0.680687675713326,0.0026364261113176455,11.835793459974866,-1.6437480150085633e-6,-0.0,-1.1899999999999977,0.7538978304723806,0.002604143656929235,0.8022483057795853,1.7807879885865093e-6,0.0,0.0,
2022/04/12 04:00,2.029834003432427,0.5382781559571951,0.002346487945201163,0.2891432709399169,0.6800238002646907,0.0026165253289013816,12.028685753905961,-1.5296802192628482e-6,-0.0,-1.2900000000000205,0.7503587556892566,0.002572837171466982,0.7380110863666687,1.6544888954312474e-6,0.0,0.0,
2022/04/12 04:10,1.9640930576619553,0.5381158411443354,0.002334741195848094,0.20386970207164268,0.67916004493625,0.002597015262396755,12.093889941556881,-1.3985221595050898e-6,-0.0,-1.3450000000000273,0.7426598473562614,0.0025360250582911266,0.656285530285686,1.490473822346858e-6,0.0,0.0,
2022/04/12 04:20,1.8986307778161517,0.5379054986859471,0.002322885672101634,0.12281619286090972,0.6780398997303995,0.002577450042460379,12.093005568117974,-1.258509283445845e-6,-0.0,-1.3949999999999818,0.7344385321764564,0.0024986052772959216,0.5729333334370494,1.322862881354729e-6,0.0,0.0,
2022/04/12 04:30,1.8331766903609719,0.5376523999177015,0.0023109013134484098,0.04352286765799818,0.6766638266215175,0.0025573728676187364,12.065289197209951,-1.1180425237404084e-6,-0.0,-1.4449999999999932,0.7261477467560871,0.0024611899801289085,0.49001582199048244,1.1560552059058364e-6,0.0,0.0,
2022/04/12 04:40,1.7675585232972253,0.5373579810674701,0.0022987681952322324,-0.03456945438404091,0.6750363023930539,0.0025367062060353035,12.015510709480283,-9.775452693259905e-7,-0.0,-1.4950000000000045,0.7177870455806699,0.002423779165984222,0.4075979576098234,9.901701218844555e-7,0.0,0.0,
2022/04/12 04:50,1.7016449033840217,0.5370234826293147,0.002286472691005152,-0.11171498243334099,0.673162265355182,0.0025154323889738906,11.948176360642721,-8.371456011729857e-7,-0.0,-1.545000000000016,0.7093559804139227,0.0023863728340561916,0.3257241666676691,8.252889708765275e-7,0.0,0.0,
2022/04/12 05:00,1.635344027286635,0.536650140454619,0.002274007942217981,-0.1880553222679282,0.6710464671719047,0.0024935541240990776,11.867835742990565,-6.968821989207763e-7,-0.0,-1.5950000000000273,0.7008541002810755,0.002348970983539338,0.24441680882091532,6.614519251237095e-7,0.0,0.0,
2022/04/12 05:10,1.5693097521153732,0.5362312981729894,0.0022614552579185224,-0.25610314892344377,0.6686809021972704,0.0024724050452700702,11.663111045422738,-5.530813884768332e-7,-0.0,-1.6000000000000227,0.6895,0.002309921936961906,0.1580254858540684,4.849368877926686e-7,0.0,0.0,
2022/04/12 05:20,1.5039668752642683,0.5357641154022176,0.002248873302387936,-0.31765725896451613,0.6660322449782019,0.0024515166338357048,11.389777991840901,-4.059084741648246e-7,-0.0,-1.6000000000000227,0.6778333333333333,0.002270694278480279,0.07114723799691092,3.0724054820734045e-7,0.0,0.0,
2022/04/12 05:30,1.438995156454098,0.535251048386008,0.0022362216854286093,-0.375933020113564,0.6630931077621947,0.0024302755081541004,11.08784385854051,-2.58263790107203e-7,-0.0,-1.6000000000000227,0.6661666666666667,0.0022314715493212626,-0.015487806902456214,1.3008066258313324e-7,0.0,0.0,
2022/04/12 05:40,1.3742111927375618,0.5346933521369623,0.002223477759418002,-0.4317727332366985,0.6598621004635838,0.0024085267886046744,10.767145266369766,-1.1023849592470291e-7,-0.0,-1.6000000000000227,0.6545,0.0021922537485557915,-0.1018058093561649,-4.640657886703227e-8,0.0,0.0,
2022/04/12 05:50,1.3095023635152643,0.5340924755010208,0.002210631448908194,-0.48560409523668113,0.6563392956665608,0.0023861975851927736,10.435430820059539,3.820669394960957e-8,-0.0,-1.6000000000000227,0.6428333333333334,0.0021530408752550344,-0.18777392141942073,-2.2216188814337895e-7,0.0,0.0,
2022/04/12 06:00,1.2448132358786097,0.5334500431095961,0.0021976827158908772,-0.5376869811924507,0.6525252800418303,0.0023632477697889823,10.099262679185019,1.8713615472909406e-7,-0.0,-1.6000000000000227,0.6311666666666668,0.0021138329284903935,-0.273392022194912,-3.9718745443108874e-7,0.0,0.0,
2022/04/12 06:10,1.1851943892702366,0.5328703295890711,0.0021858596027343516,-0.5295726998470514,0.6487076068576917,0.002350765728943213,9.285122737346683,1.859206878666741e-7,-0.0,-1.3450000000000273,0.6189000800704926,0.002111976869351065,-0.24089446748916998,-3.491011639390604e-7,0.0,0.0,
2022/04/12 06:20,1.1347339352032009,0.5323654417048235,0.0021758386487664323,-0.4758702121667966,0.6450478824729383,0.0023466632138016428,8.118245437811995,1.3079962083942204e-7,-0.0,-1.0616666666666674,0.6068234378309589,0.0021142707349400803,-0.2007420291110975,-2.865612964873558e-7,0.0,0.0,
2022/04/12 06:30,1.0911100750092828,0.5318921860732891,0.0021670579904583907,-0.40178895245350077,0.641441398476697,0.002346178955483899,6.750655339671425,7.200365337948524e-8,-0.0,-0.7783333333333076,0.5950106206649083,0.002116564617390938,-0.16463351665288428,-2.3164015248645144e-7,0.0,0.0,
2022/04/12 06:40,1.0527677496460797,0.5314341798253795,0.002159194915330889,-0.3139537888089876,0.6378368508198952,0.002347979647256589,5.248249165207994,1.206077339009236e-8,-0.0,-0.49500000000000455,0.5834552949073813,0.002118858516703823,-0.13151672688240978,-1.8234559457967964e-7,0.0,0.0,
2022/04/12 06:50,1.018649626857723,0.530981570649573,0.002152036007663835,-0.21572751826658987,0.6342000751363241,0.0023513598756581882,3.6642060652889086,-4.731596972510968e-8,-0.0,-0.2116666666666447,0.5721512918695191,0.002121152432878921,-0.1006958183770621,-1.3736139743645934e-7,0.0,0.0,
2022/04/12 07:00,0.9881117273063182,0.5305292846494097,0.002145454527994285,-0.10915327339637315,0.6305061615091004,0.0023558744484000393,2.0446721343444096,-1.0470519278348997e-7,-0.0,0.07166666666665833,0.5610926032198436,0.002123446365916419,-0.07175755743423906,-9.590711965683201e-8,0.0,0.0,
2022/04/12 07:10,0.9620582685123509,0.5301046995649851,0.002139696516200725,0.018700866782467074,0.6268193379705577,0.0023639923580532417,0.3200262213874794,-1.9977041366810987e-7,-0.0,0.41500000000002046,0.5505199575348299,0.0021359884351631036,-0.012090188952697645,3.6298723366746314e-9,0.0,0.0,
2022/04/12 07:20,0.941415731347945,0.5297113867751325,0.002134913640839391,0.16323477739115333,0.6231759812770773,0.002375082285411049,-1.4612650266377614,-3.0611108091975007e-7,-0.0,0.7649999999999864,0.5401911346553746,0.002149669754966983,0.04811227322238665,1.0401041274216206e-7,0.0,0.0,
2022/04/12 07:30,0.9256924033835503,0.5293384182569216,0.0021309801558155707,0.31757453710037,0.6195342221967183,0.0023878214173668386,-3.24987173726754,-4.092774732714463e-7,-0.0,1.115000000000009,0.5300732114976877,0.0021633516745844217,0.10554725601696191,1.9899170473353614e-7,0.0,0.0,
2022/04/12 07:40,0.9146627239545069,0.528982833412241,0.002127845175566335,0.4795620365067066,0.6158681187725503,0.0024017503704380177,-5.020711528714514,-5.082980216565813e-7,-0.0,1.464999999999975,0.5201617039126986,0.0021770341940548672,0.1603806718096621,2.888888543244546e-7,0.0,0.0,
2022/04/12 07:50,0.9082605527355554,0.528643407810829,0.0021254904072013836,0.6479597913345287,0.6121579111391092,0.0024165859522216966,-6.756744579053589,-6.025726717257204e-7,-0.0,1.8149999999999977,0.5104522210361442,0.0021907173134177696,0.21267216465093952,3.7381551823851716e-7,0.0,0.0,
2022/04/12 08:00,0.9065273347475795,0.528319938476309,0.002123919046660218,0.8219440948768124,0.6083876799624692,0.002432126105279992,-8.445957718285513,-6.916722076234958e-7,-0.0,2.1650000000000205,0.5009404636596184,0.002204401032712581,0.2624113143190243,4.537527481958551e-7,0.0,0.0,
2022/04/12 08:10,0.9082962895255946,0.5278667635266089,0.0021223626247222275,0.9830224422491369,0.6041467903711392,0.0024434330581058926,-10.216511672138042,-6.054577840214558e-7,-0.0,2.5,0.48197992349427043,0.0021721013029597797,0.1621728360466932,2.397217693736204e-7,0.0,0.0,
2022/04/12 08:20,0.9120534590240368,0.5272552292674503,0.0021204718206966093,1.1363379041479789,0.5990200021877378,0.0024496201333330985,-11.905382383567371,-4.4112851730304525e-7,-0.0,2.8333333333333144,0.46261701020525164,0.002134696523870145,0.04637960913532879,-4.099840299085579e-9,0.0,0.0,
2022/04/12 08:30,0.9186379466165135,0.526538667982644,0.002118589191475496,1.2897720753610429,0.5930552664124644,0.002452150812536074,-13.460535783286787,-2.644088360662902e-7,-0.0,3.1666666666666856,0.4439251112411498,0.002097296227626365,-0.06942565539793577,-2.4718684816067673e-7,0.0,0.0,
2022/04/12 08:40,0.9287744699382188,0.5257361940545145,0.00211690110933513,1.4453390514831312,0.5862794654971605,0.002451373372962677,-14.90454091316451,-7.825389622181281e-8,-0.0,3.5,0.4258811692743297,0.0020599004134226077,-0.18585062652118722,-4.907069619166781e-7,0.0,0.0,
2022/04/12 08:50,0.9429994071481929,0.524861476128522,0.0021155427266489,1.6040431788211436,0.5787122242568055,0.0024474256878465705,-16.25728810411033,1.1580059209746467e-7,-0.0,3.8333333333333144,0.40846294092652047,0.00202250908045323,-0.30333597083699715,-7.355070795153187e-7,0.0,0.0,
2022/04/12 09:00,0.9616842956517644,0.5239244362125162,0.002114608710589382,1.7664961197965,0.5703695106994666,0.0024403562292690845,-17.53682862381766,3.165876050481945e-7,-0.0,4.166666666666686,0.39164896690789247,0.0019851222279127843,-0.4221903530503823,-9.821811698362827e-7,0.0,0.0,
2022/04/12 09:10,0.9833373511492596,0.5229703765745477,0.0021140525364664433,1.9144306773873723,0.5613643377318909,0.0024273369921829517,-18.43728149249785,4.930490881598072e-7,-0.0,4.3799999999999955,0.3804937266563924,0.0019575748782769582,-0.5101950133325772,-1.162556470464194e-6,0.0,0.0,
2022/04/12 09:20,1.0070866218325705,0.522017806321304,0.002113815220979886,2.0522618394869596,0.5519004266361095,0.0024099737482075607,-19.128327586520868,6.570774449791306e-7,-0.0,4.579999999999984,0.37014683387207803,0.0019311226638452294,-0.5956686258059563,-1.3370445370326423e-6,0.0,0.0,
2022/04/12 09:30,1.0337366360082,0.5210607306734475,0.002113994996707337,2.187788589632646,0.5420292526886071,0.0023898049644142084,-19.723263743128996,8.237234275173982e-7,-0.0,4.779999999999973,0.36002233266080563,0.00190467269216209,-0.6824948506641704,-1.513806588734167e-6,0.0,0.0,
2022/04/12 09:40,1.0637338780719574,0.5200995386331062,0.0021146613632492617,2.323040767230168,0.5317838157854111,0.0023672722686800584,-20.246235602740516,9.932373169383091e-7,-0.0,4.980000000000018,0.3501155729184889,0.0018782249629423257,-0.7709002921099,-1.6932679516842043e-6,0.0,0.0,
2022/04/12 09:50,1.0973532667907762,0.5191339239932855,0.002115855053681325,2.4590438050432226,0.5211923664189236,0.0023426187947640786,-20.715905752028902,1.1654351180006567e-6,-0.0,5.180000000000007,0.3404220037653216,0.0018517794759007698,-0.8610177611647032,-1.8756768058363859e-6,0.0,0.0,
2022/04/12 10:00,1.134732930727182,0.5181628818368614,0.002117593381066191,2.5964121122695474,0.5102814724302861,0.002316007708494061,-21.147845642238963,1.3400784330768343e-6,-0.0,5.3799999999999955,0.3309371713514442,0.0018253362307523039,-0.9529037079557838,-2.0611369296998035e-6,0.0,0.0,
2022/04/12 10:10,1.1752284936262072,0.5172291338762048,0.002119954095666378,2.7287998865579084,0.4992275123664652,0.0022871537657280974,-21.364293707700313,1.4721659737157615e-6,-0.0,5.519999999999982,0.3253409509410393,0.0018119733521101116,-1.0041704444140578,-2.1648344630421884e-6,0.0,0.0,
2022/04/12 10:20,1.2185620732834082,0.5163427434888278,0.002122938556789489,2.8575133210794093,0.4882634930881647,0.0022573528446746013,-21.48308412070776,1.5847860572646304e-6,-0.0,5.653333333333308,0.3202312981039607,0.001800064142529578,-1.052731220508349,-2.262829649586727e-6,0.0,0.0,
2022/04/12 10:30,1.2649172802160251,0.5154879265930449,0.002126512754055776,2.9852028707829845,0.4774238736682658,0.002227212986674245,-21.572752984144476,1.6970998502434268e-6,-0.0,5.78666666666669,0.31519131697328984,0.0017881553876583842,-1.103213347245628,-2.3643843109022966e-6,0.0,0.0,
2022/04/12 10:40,1.314312028387235,0.5146584488852465,0.0021306566187825004,3.1125253056604265,0.4667340652788807,0.0021969698140372543,-21.642336984741632,1.8098464097911132e-6,-0.0,5.920000000000016,0.3102200621256764,0.0017762470874704884,-1.1555513908190278,-2.46936599227556e-6,0.0,0.0,
2022/04/12 10:50,1.3667109043768733,0.5138491027984037,0.0021353462270430807,3.2397869737988003,0.4562153893185404,0.002166783936155962,-21.698138635872514,1.9232721084089284e-6,-0.0,6.053333333333342,0.30531660135373195,0.0017643392419398512,-1.209667347411596,-2.5776199565525497e-6,0.0,0.0,
2022/04/12 11:00,1.4220408258873931,0.5130553459932818,0.0021405546548692745,3.367147601694512,0.4458860744975221,0.002136779880704224,-21.74499802028322,2.0375099325173343e-6,-0.0,6.186666666666667,0.3004800154736014,0.0017524318510404346,-1.2654734315769929,-2.688973965014017e-6,0.0,0.0,
2022/04/12 11:10,1.4813971858675359,0.5124368731757133,0.002147126086035842,3.5122691011429765,0.4364672706280867,0.0021131126367925947,-21.591294392126773,1.958429231059735e-6,-0.0,6.319999999999993,0.3047675597253539,0.0017939943978143103,-1.1513849866166765,-2.4708723522900376e-6,0.0,0.0,
2022/04/12 11:20,1.5463790733655856,0.5120246279569676,0.0021554535693026865,3.668251980026241,0.42869888784841353,0.002098417839225785,-21.439914703187814,1.7970722766235341e-6,-0.0,6.453333333333319,0.3099516030029057,0.0018415048952960594,-1.0236288667267672,-2.2264336386866877e-6,0.0,0.0,
2022/04/12 11:30,1.6161967362192513,0.5117562853358911,0.0021651705140073806,3.8264921691698532,0.4224509269019952,0.002090992911979149,-21.36260083220293,1.6287402739138791e-6,-0.0,6.586666666666645,0.315018317392133,0.0018890226304855288,-0.9003794838531576,-1.99089331610312e-6,0.0,0.0,
2022/04/12 11:40,1.6901394691386145,0.511607415291292,0.0021760796633230823,3.9846119789968384,0.41760038676332184,0.0020901070129057545,-21.338367039480204,1.4568878546958214e-6,-0.0,6.720000000000027,0.319969615179032,0.0019365476050367232,-0.7809936772123365,-1.7630098264272982e-6,0.0,0.0,
2022/04/12 11:50,1.7676704943948494,0.5115597261202891,0.0021880350045912597,4.1414396468316,0.4140200363152871,0.002095168021328995,-21.349727531629128,1.2832729590837253e-6,-0.0,6.853333333333353,0.3248073792302422,0.001984079820604152,-0.6649953675016604,-1.5418632162221327e-6,0.0,0.0,
2022/04/12 12:00,1.8483986949331666,0.5115991287604821,0.002200929619184533,4.29634180104955,0.41158021789542065,0.0021056242421768332,-21.3817154051452,1.1091789142246563e-6,-0.0,6.986666666666679,0.32953346344725315,0.0020316192788428287,-0.5520359414081213,-1.326778180974224e-6,0.0,0.0,
2022/04/12 12:10,1.930183064392054,0.5115644714098662,0.0022137381873483276,4.423856748733101,0.4094329983619855,0.002113474664464835,-21.50155522731211,1.1229080689887038e-6,-0.0,7.074999999999989,0.32693339321817777,0.0020278298304116493,-0.6061537330213014,-1.4327398965377496e-6,0.0,0.0,
2022/04/12 12:20,2.0107150883801523,0.511416390199121,0.002225917417823326,4.532785339435009,0.4068172454958077,0.0021160633231419273,-21.555095608837295,1.2160751904681993e-6,-0.0,7.15833333333336,0.3235539455841225,0.002018337001830406,-0.6768154273938762,-1.5703730303915258e-6,0.0,0.0,
2022/04/12 12:30,2.090825340213371,0.5112038329882905,0.0022378042905766677,4.634695802095791,0.4038532001921351,0.002115678862514662,-21.50640643621273,1.3183238671014635e-6,-0.0,7.241666666666674,0.32020361803008657,0.0020088444620581535,-0.7465229484846532,-1.70606913543383e-6,0.0,0.0,
2022/04/12 12:40,2.171174068941184,0.5109421738557528,0.002249567491067523,4.732603554200921,0.40061381683102715,0.002113116718996641,-21.382790325015435,1.426646070864273e-6,-0.0,7.324999999999989,0.31688216314191087,0.001999352211081711,-0.8158262948554693,-1.8408777858815002e-6,0.0,0.0,
2022/04/12 12:50,2.252207277575451,0.5106416104750189,0.0022613215039950243,4.8279930931377635,0.39715298386065123,0.002108855479286094,-21.207788756053674,1.5394289836767559e-6,-0.0,7.40833333333336,0.31358933566385533,0.0019898602488878994,-0.8850987436237574,-1.975510318873255e-6,0.0,0.0,
2022/04/12 13:00,2.3341861035995635,0.5103088152653514,0.0022731373076053667,4.92172755357808,0.39351300457549354,0.0021032270386742735,-21.00241332932228,1.6554179390799754e-6,-0.0,7.491666666666674,0.310324892479016,0.0019803685754635407,-0.9545717192265784,-2.110407618002008e-6,0.0,0.0,
2022/04/12 13:10,2.416477233358819,0.5098832877539602,0.0022846391188294708,5.004176079893966,0.3893925704684414,0.0020931760751339828,-20.828500917506858,1.8557078614000982e-6,-0.0,7.560000000000002,0.3038722802429291,0.0019481667462089023,-1.09706732974837,-2.385427113272469e-6,0.0,0.0,
2022/04/12 13:20,2.4982075528132555,0.5093533765813156,0.0022956244931094613,5.079537146823725,0.3845131259083612,0.002077783985332204,-20.629062158589022,2.09198821374337e-6,-0.0,7.626666666666665,0.29711710502180855,0.001913445220202982,-1.2460945638633802,-2.6728047199193805e-6,0.0,0.0,
2022/04/12 13:30,2.579700308917097,0.5087445423687359,0.0023062531795376225,5.152834471954463,0.37899665532600924,0.002058396924379103,-20.394894982850932,2.3327717680163685e-6,-0.0,7.693333333333328,0.2904177432371417,0.0018787275583554894,-1.393946219050349,-2.9577416749887727e-6,0.0,0.0,
2022/04/12 13:40,2.661162894431584,0.508066873504287,0.002316598955934427,5.225470157358643,0.37293489319665174,0.0020356712660907035,-20.142256871841937,2.576193056441087e-6,-0.0,7.759999999999991,0.28377378455540436,0.0018440137600213963,-1.5408628498114467,-3.2407015945218958e-6,0.0,0.0,
2022/04/12 13:50,2.742692569532153,0.5073275036815948,0.002326705280533082,5.298144671114812,0.36640372331870724,0.00201007968211331,-19.882855516893873,2.821174630911889e-6,-0.0,7.826666666666654,0.2771848216355349,0.00180930382455582,-1.6869861537102224,-3.5219591979183646e-6,0.0,0.0,
2022/04/12 14:00,2.824307632788816,0.5065316181183739,0.0023365943884580418,5.371253786035766,0.35946804808141414,0.0019819950054325757,-19.625373498612365,3.066925113677281e-6,-0.0,7.893333333333317,0.27065045010659405,0.0017745977513140198,-1.8323886304165171,-3.8016572458164815e-6,0.0,0.0,
2022/04/12 14:10,2.907139436959028,0.5058940829072375,0.0023474516565675798,5.463635251939422,0.3534197269574295,0.0019611338656137216,-19.044084528987927,3.0484905802509973e-6,-0.0,7.930000000000007,0.27607266006961334,0.0018147943267273594,-1.7367278923004505,-3.615504075954619e-6,0.0,0.0,
2022/04/12 14:20,2.9931167951640987,0.5054700581323246,0.002359874942826828,5.565702984926247,0.34950675423232247,0.001953193125846233,-18.44586303468361,2.9158713106218393e-6,-0.0,7.96333333333331,0.2827898243421531,0.0018633203537184422,-1.6190149964013472,-3.386749495478277e-6,0.0,0.0,
2022/04/12 14:30,3.0814485869948953,0.505186134833333,0.0023734103212520734,5.667703397343303,0.34739582062194896,0.0019551933878645747,-17.945136676523248,2.7704725948493393e-6,-0.0,7.99666666666667,0.2894752799173876,0.001911853930894314,-1.5049034568703519,-3.1649544371527725e-6,0.0,0.0,
2022/04/12 14:40,3.171387490714608,0.5050150288747255,0.002387820171875256,5.767249842482954,0.3467967729819412,0.001965373016042357,-17.517794071369508,2.617143113408621e-6,-0.0,8.029999999999973,0.29612914889973974,0.001960395060017217,-1.393618508649979,-2.9486325548601435e-6,0.0,0.0,
2022/04/12 14:50,3.262385256288667,0.504937079311716,0.0024029319922847215,5.863435154847139,0.3474507924986917,0.001982299406471366,-17.143408823838513,2.458389388085986e-6,-0.0,8.063333333333333,0.30275155293759204,0.0020089437428499417,-1.2845977023114301,-2.7367051720603783e-6,0.0,0.0,
2022/04/12 15:00,3.354060140142792,0.5049377366609967,0.002418622365492405,5.955978444454445,0.3491315567382332,0.0020047637371317286,-16.80465006404461,2.296000780540586e-6,-0.0,8.096666666666692,0.3093426132250661,0.002057499981155826,-1.1774386313231844,-2.5283998719411674e-6,0.0,0.0,
2022/04/12 15:10,3.444939917097429,0.5049165435915459,0.0024341607943743596,6.028454439983875,0.3510937380397728,0.0020262350217995226,-16.533409513285736,2.2516328600543435e-6,-0.0,8.100000000000023,0.3115,0.0020723684109664508,-1.1796231616208388,-2.529326653829622e-6,0.0,0.0,
2022/04/12 15:20,3.533507768179618,0.5048439899885943,0.0024491363600560156,6.087370058524073,0.3527347831734524,0.0020440746195773078,-16.228879117159067,2.255935173948191e-6,-0.0,8.100000000000023,0.3131666666666667,0.0020834936659567295,-1.1921770900037245,-2.550083133351173e-6,0.0,0.0,
2022/04/12 15:30,3.62029531246759,0.5047473469287871,0.0024637645790621778,6.1405442863346025,0.3541606672293042,0.0020599467680867344,-15.869657348270607,2.2648857362806187e-6,-0.0,8.100000000000023,0.31483333333333335,0.0020946193176109578,-1.2035972020983081,-2.568663629032066e-6,0.0,0.0,
2022/04/12 15:40,3.7057265945737186,0.5046350336293218,0.0024781545826694008,6.190021008105134,0.3554338241721959,0.002074479271478937,-15.472469201499736,2.2765351690895637e-6,-0.0,8.100000000000023,0.3165,0.002105745365950349,-1.2142393200892911,-2.585743899313956e-6,0.0,0.0,
2022/04/12 15:50,3.790091237046795,0.5045123886626838,0.002492379145371683,6.236802938811422,0.35659713354175143,0.0020880495285264178,-15.052150708764318,2.289790711383007e-6,-0.0,8.100000000000023,0.31816666666666665,0.0021168718109961207,-1.2243407249634402,-2.6017741207313057e-6,0.0,0.0,
2022/04/12 16:00,3.873560758353335,0.5043826470789712,0.0025064813281025157,6.281474244344565,0.35768140326275955,0.002100910825698804,-14.622062952647072,2.3038011089528723e-6,-0.0,8.100000000000023,0.31983333333333336,0.00212799865276949,-1.2340418167161715,-2.61702089655903e-6,0.0,0.0,
2022/04/12 16:10,3.955013153607581,0.5043128844588475,0.002520595332739811,6.3120875711629765,0.3590885653455831,0.0021136803384345653,-13.868602430380294,2.2442623210864717e-6,-0.0,7.9950000000000045,0.3272420987741896,0.002161907659014816,-1.1695002634612592,-2.484266141139243e-6,0.0,0.0,
2022/04/12 16:20,4.03400187900462,0.5043261332298293,0.0025347576614361375,6.330237886986822,0.36124909966887153,0.002129115229944678,-12.985290899463282,2.1488219317679655e-6,-0.0,7.87833333333333,0.3353937997464745,0.0021983520353012842,-1.0968497029984974,-2.33524226900963e-6,0.0,0.0,
2022/04/12 16:30,4.110971384636798,0.50440267586542,0.0025489489246887593,6.340617400212125,0.36405766671040823,0.0021472678357136333,-12.082440394549963,2.0481959106852813e-6,-0.0,7.761666666666656,0.3436572982209216,0.00223480066775944,-1.0242796063473634,-2.1862504618811602e-6,0.0,0.0,
2022/04/12 16:40,4.1861000989720765,0.504535161912561,0.0025631640060445665,6.344641093465782,0.36741388821770743,0.0021677360871837676,-11.17373805128409,1.943649812228429e-6,-0.0,7.644999999999982,0.3520340086646401,0.002271253557134914,-0.9517732888939463,-2.0372490171221193e-6,0.0,0.0,
2022/04/12 16:50,4.2594747601654035,0.5047175282946745,0.0025773874708187603,6.343202457411849,0.37123134596108087,0.0021901201905137864,-10.269355736320449,1.8356210698764584e-6,-0.0,7.528333333333308,0.3605253635095205,0.002307710704173513,-0.8792804234549294,-1.8881357925882601e-6,0.0,0.0,
2022/04/12 17:00,4.331110934230537,0.5049444515905067,0.002591594282422356,6.336972567221721,0.37543753812788455,0.002214068219397809,-9.377691882480123,1.7243077106467871e-6,-0.0,7.41166666666669,0.3691328133872426,0.0023441721096212156,-0.8067193758627127,-1.7387517634033383e-6,0.0,0.0,
2022/04/12 17:10,4.399735865558682,0.5052718066991068,0.0026058395223759055,6.313831640455305,0.38031012362948924,0.002239315583755227,-8.185118387455077,1.5411979538744517e-6,-0.0,7.189999999999998,0.38400842029281135,0.002402134045846168,-0.6641811969614082,-1.4484744011854735e-6,0.0,0.0,
2022/04/12 17:20,4.464772357403206,0.5057172697433089,0.0026201084699979506,6.275902596383446,0.38616728009377776,0.0022679628524521498,-6.877147332746746,1.321391118659869e-6,-0.0,6.956666666666649,0.3999698505358981,0.0024624957545859054,-0.5138958645693492,-1.1421459446945012e-6,0.0,0.0,
2022/04/12 17:30,4.526624321594852,0.5062590922741554,0.0026343612467041476,6.228352255699917,0.3928573565723578,0.0022998088785546908,-5.560485689853749,1.093949149642968e-6,-0.0,6.723333333333358,0.41635884401385914,0.002522869134932584,-0.3635197517007782,-8.351367638943867e-7,0.0,0.0,
2022/04/12 17:40,4.585440535009752,0.5068874663010173,0.0026485722376777703,6.1728877168747545,0.40024541689535464,0.0023342287499389888,-4.248396045979916,8.603307354107467e-7,-0.0,6.490000000000009,0.43318618815750826,0.002583254190271784,-0.21296933027178966,-5.272760505993548e-7,0.0,0.0,
2022/04/12 17:50,4.641281725069405,0.507594320552074,0.0026627078909835585,6.110635410853604,0.4082198204533895,0.0023706542602600356,-2.950909031233096,6.211312290977425e-7,-0.0,6.256666666666661,0.450462945578416,0.002643650923990395,-0.06213519323910077,-2.1834784386706962e-7,0.0,0.0,
2022/04/12 18:00,4.6941395783496205,0.5083726960536316,0.0026767268548712896,6.042458559027978,0.4166897676575187,0.002408608643516529,-1.6763733486482124,3.766653490095725e-7,-0.0,6.023333333333312,0.4682004613243572,0.0027040593394766156,0.08911749772460098,9.19090989190516e-8,0.0,0.0,
2022/04/12 18:10,4.743690532315384,0.5090688507708337,0.0026897485425934624,5.961666264057271,0.424804402187458,0.002441958181634937,-0.763721746005217,3.226749245950968e-7,-0.0,5.850000000000023,0.4743673132994145,0.0027070151311965555,0.05629766897391164,4.151990037557369e-8,0.0,0.0,
2022/04/12 18:20,4.788789799268841,0.5096319488355853,0.0027012725854057623,5.873846317221819,0.4318154823866628,0.0024673157674477576,0.04594241035476898,3.499156536669025e-7,-0.0,5.683333333333337,0.47927384091441777,0.002703586619774186,0.007544903272901138,-4.0413579110811274e-8,0.0,0.0,
2022/04/12 18:30,4.829584760302282,0.510108685593665,0.002711559765126676,5.783510463645825,0.4379742649401058,0.0024869718414557134,0.8584986087578274,3.8363640256608523e-7,-0.0,5.5166666666666515,0.48423787813414715,0.002700158145984261,-0.03717495070964105,-1.147456934316916e-7,0.0,0.0,
2022/04/12 18:40,4.866276813581692,0.5105158960726279,0.0027207261882234326,5.6918072163553575,0.4434600222305735,0.002502224490072556,1.6627053274424954,4.1974891676517983e-7,-0.0,5.350000000000023,0.48926017217877993,0.0026967297098261615,-0.07824045782308531,-1.8220784662589256e-7,0.0,0.0,
2022/04/12 18:50,4.898984810783759,0.5108654217917662,0.0027288480539513767,5.599211096601039,0.4484078233062719,0.002513987488833809,2.4501748924404865,4.561440061281605e-7,-0.0,5.183333333333337,0.49434148087360963,0.0026933013112992663,-0.11590006555047694,-2.432818963255074e-7,0.0,0.0,
2022/04/12 19:00,4.927768006166161,0.5111659970887837,0.0027359753580390115,5.50592597711784,0.45292207276249546,0.002522938859098535,3.214892499742064,4.914274871567271e-7,-0.0,5.0166666666666515,0.4994825728116631,0.0026898729504029576,-0.1503167848418343,-2.982861078831664e-7,0.0,0.0,
2022/04/12 19:10,4.95336511925791,0.5114196781271179,0.0027422541780215953,5.420045370508888,0.4570703122369717,0.0025309309461703064,3.842972626110282,5.248070515785557e-7,-0.0,4.894999999999982,0.5029443650004733,0.002685603739587605,-0.18470861288778906,-3.562097421113417e-7,0.0,0.0,
2022/04/12 19:20,4.976247658528109,0.5116281767863647,0.002747779334156176,5.339657654518533,0.46086898403249127,0.0025377692236757056,4.381605313345744,5.574871754685664e-7,-0.0,4.778333333333308,0.5062386612516774,0.0026812411565914135,-0.21694756160468387,-4.104276691045584e-7,0.0,0.0,
2022/04/12 19:30,4.99609410920317,0.5117958354004304,0.0027525082479271028,5.261457483676907,0.46436082186575484,0.0025431448831368685,4.866999310519305,5.875841074919482e-7,-0.0,4.66166666666669,0.5095571210402009,0.0026768786345282647,-0.2465901654127265,-4.5979157975250436e-7,0.0,0.0,
2022/04/12 19:40,5.012712175403976,0.5119261623511532,0.002756419102153734,5.184572973500565,0.46758924691485276,0.0025471721191061975,5.309027037232568,6.149018590652477e-7,-0.0,4.545000000000016,0.5128999373601412,0.0026725161733968834,-0.2735652894541545,-5.041770475218668e-7,0.0,0.0,
2022/04/12 19:50,5.0259856890157835,0.5120226478777309,0.002759505222103166,5.108533767703705,0.47059263187280903,0.002550001573769095,5.716451556302786,6.394459891698013e-7,-0.0,4.428333333333342,0.5162673048463066,0.0026681537731959915,-0.2978511707838152,-5.435507536762378e-7,0.0,0.0,
2022/04/12 20:00,5.035865648388722,0.5120888269694956,0.002761773798544739,5.033029506047171,0.47340417472033935,0.0025517787039743616,6.097296814467086,6.613090708177181e-7,-0.0,4.311666666666667,0.519659419788751,0.0026637914339243144,-0.3194712548890948,-5.77962860194819e-7,0.0,0.0,
2022/04/12 20:10,5.04265127181344,0.5121327068739805,0.0027633243202853618,4.96128609709956,0.4760765750299705,0.0025533818689283906,6.429340381928342,6.722469763670158e-7,-0.0,4.2099999999999795,0.5229459087092508,0.002661575399273848,-0.331752102585142,-5.952757047278368e-7,0.0,0.0,
2022/04/12 20:20,5.046620704741088,0.5121583507779024,0.0027642315675213695,4.892181344901303,0.4786444374520437,0.0025548100433520795,6.725480945686968,6.777616889203029e-7,-0.0,4.110000000000014,0.5262412909554708,0.0026595978510862615,-0.3411579708526915,-6.072700646857154e-7,0.0,0.0,
2022/04/12 20:30,5.047716985140369,0.5121668771326018,0.002764490007617343,4.824114126914026,0.48111622948215516,0.002555831765555747,6.998927837370844,6.805550414869767e-7,-0.0,4.009999999999991,0.5295601671416815,0.0026576203154196456,-0.34844836423644665,-6.153309617974881e-7,0.0,0.0,
2022/04/12 20:40,5.04594763949143,0.512160387033711,0.002764112323964781,4.756603711422088,0.4835034672739414,0.002556430399728858,7.2560973697585505,6.808883005507801e-7,-0.0,3.910000000000025,0.5329027227273571,0.00265564279227388,-0.35366463690411365,-6.195385476311309e-7,0.0,0.0,
2022/04/12 20:50,5.041359804543504,0.5121411299175752,0.00276312006253078,4.689376357160256,0.4858174800563698,0.0025566238449404766,7.501828395653548,6.789585451792812e-7,-0.0,3.8100000000000023,0.536269144769777,0.002653665281648846,-0.3568770394290368,-6.200265067745221e-7,0.0,0.0,
2022/04/12 21:00,5.034029324446237,0.5121113833779768,0.002761540824133278,4.6222486799312605,0.48806880614080345,0.002556440696245252,7.7399025460317725,6.74928197669398e-7,-0.0,3.7099999999999795,0.5396596219388466,0.0026516877835444266,-0.35817556420738583,-6.169649404559168e-7,0.0,0.0,
2022/04/12 21:10,5.025582490521401,0.5121328188183562,0.002760023672643386,4.574338639841471,0.49055226279835584,0.002560867808828255,7.912111481984425,5.774294689429397e-7,-0.0,3.670000000000016,0.5459345111440843,0.002675067671080005,-0.27699883070795295,-4.5624454088636086e-7,0.0,0.0,
2022/04/12 21:20,5.017535994118532,0.5122224687521713,0.002758953642433721,4.539703016116448,0.49349068947457825,0.0025700072598591503,7.992405803127554,4.4126169444882563e-7,-0.0,3.636666666666656,0.5525553801466921,0.002701267132754682,-0.1880867205920822,-2.8071589270456726e-7,0.0,0.0,
2022/04/12 21:30,5.009251277396174,0.5123584659527446,0.002758088422834897,4.509875494689766,0.49678278152627436,0.002581803569344992,8.001666778619096,2.9857685183822833e-7,-0.0,3.603333333333353,0.5592047408683366,0.002727468792181815,-0.09983522919515053,-1.0644758616547973e-7,0.0,0.0,
2022/04/12 21:40,5.000302255119266,0.5125323160951923,0.002757299409313421,4.482697327606218,0.5003637661951665,0.0025955266616897467,7.961724081396825,1.5154210746520668e-7,-0.0,3.569999999999993,0.565882701948929,0.002753672649637954,-0.011825040855001134,6.735011018282365e-8,0.0,0.0,
2022/04/12 21:50,4.990425729750825,0.5127387603988268,0.002756507075795514,4.457120280065794,0.5041848817547072,0.0026107302271198957,7.890126862810121,1.5402148594769869e-9,-0.0,3.53666666666669,0.5725893724386217,0.0027798787053996965,0.0762031398955969,2.41165641851045e-7,0.0,0.0,
2022/04/12 22:00,4.979491080315427,0.5129747732151836,0.002755669625004922,4.432544360080101,0.5082077191289431,0.0026271029178460805,7.801731128895427,-1.5037131910432755e-7,-0.0,3.5033333333333303,0.5793248617993968,0.002806086959743686,0.16438559387256646,4.152562837749013e-7,0.0,0.0,
2022/04/12 22:10,4.9682408681157995,0.5132691962240452,0.0027550856630257996,4.418270436642274,0.512538557934467,0.002646925976883725,7.678116447943922,-3.499384377993265e-7,-0.0,3.5,0.5874999999999999,0.002845193539950244,0.2937965074422664,6.681456929414701e-7,0.0,0.0,
2022/04/12 22:20,4.957429459885759,0.5136290599746508,0.002754937975640691,4.411130117929531,0.5172527866491456,0.0026700344104047145,7.512267206226397,-5.68810549022655e-7,-0.0,3.5,0.5958333333333333,0.0028857381310733103,0.4264735797873982,9.272571931796087e-7,0.0,0.0,
2022/04/12 22:30,4.946763634195634,0.5140421969927774,0.0027551036542929302,4.406742488476141,0.5222744320360558,0.0026952358279820334,7.318471977749824,-7.902816496473792e-7,-0.0,3.5,0.6041666666666666,0.0029262879842054616,0.5581460797188811,1.1844212151137163e-6,0.0,0.0,
2022/04/12 22:40,4.936077513323426,0.5145036096735972,0.0027555231532594817,4.403940402174101,0.5275494965781223,0.0027220404279080803,7.109823967699641,-1.0130491515514678e-6,-0.0,3.5,0.6125,0.002966843100371144,0.6890081592575825,1.4400053018977891e-6,0.0,0.0,
2022/04/12 22:50,4.9252947286303765,0.5150101020972769,0.0027561639593424608,4.402144788923749,0.5330351987657916,0.002750122997363929,6.8958905017569805,-1.2362958570810403e-6,-0.0,3.5,0.6208333333333333,0.0030074034805950708,0.8191658309449394,1.6942109794367386e-6,0.0,0.0,
2022/04/12 23:00,4.914404737797327,0.515559660351074,0.0027570126572820587,4.401022239069903,0.5386966390182724,0.002779243328169248,6.684024190748801,-1.459426497677092e-6,-0.0,3.5,0.6291666666666667,0.003047969125902223,0.9486628385445783,1.947122634103515e-6,0.0,0.0,
2022/04/12 23:10,4.903285861821587,0.51613280222144,0.0027579406083772955,4.398004031805044,0.5444321912701625,0.0028083710330412833,6.4552637154633885,-1.6567055504957432e-6,-0.0,3.5,0.636,0.0030812368845783175,1.0541067003127864,2.1529231814186184e-6,0.0,0.0,
2022/04/12 23:20,4.891784817252301,0.5167232846997919,0.002758884334768154,4.393826721427047,0.5501529329058947,0.002837180713438405,6.238297142211309,-1.8422856731191944e-6,-0.0,3.5,0.6426666666666667,0.003113696647484971,1.1568646585826627,2.3534403154267174e-6,0.0,0.0,
2022/04/12 23:30,4.880065366710312,0.517337114898439,0.0027599074017264896,4.389496344854535,0.5558626744860482,0.002865888048524893,6.042356208834577,-2.025430925238541e-6,-0.0,3.5,0.6493333333333333,0.003146159781764376,1.259374919482525,2.5534606159780996e-6,0.0,0.0,
2022/04/12 23:40,4.868279993590193,0.5179765158961657,0.0027610508757709507,4.385228318857401,0.5615621414140738,0.0028945398049852107,5.864959384704208,-2.2066140856135804e-6,-0.0,3.5,0.656,0.0031786262879418036,1.3615035874443038,2.752732728711202e-6,0.0,0.0,
2022/04/12 23:50,4.856554232873918,0.5186429071518202,0.0027623463198577143,4.381110172883837,0.5672512469302018,0.0029231539681521808,5.7033851314719195,-2.3861064164774516e-6,-0.0,3.5,0.6626666666666666,0.0032110961665426305,1.463147753241401,2.9510639501428727e-6,0.0,0.0,
2022/04/13 00:00,4.844986710246076,0.5193371244262518,0.002763816992503706,4.377183758797457,0.5729295821809827,0.0029517380692621925,5.554847234815838,-2.5641148066059283e-6,-0.0,3.5,0.6693333333333334,0.0032435694180923446,1.564231584250365,3.1483126236858677e-6,0.0,0.0,
2022/04/13 00:10,4.833976916958022,0.5200678613624191,0.002765586532765933,4.377367494292798,0.5786289684402995,0.0029812806734728866,5.392813084424689,-2.7544514772732707e-6,-0.0,3.5149999999999864,0.6760379810138184,0.0032797203594895096,1.6763320566976745,3.366041429482486e-6,0.0,0.0,
2022/04/13 00:20,4.823851802068418,0.5208368501157576,0.0027677274633439463,4.380569515783918,0.5843671248622314,0.0030116677475104043,5.217594521299702,-2.9488004954770988e-6,-0.0,3.5316666666666947,0.6827310838078025,0.0033162837888038904,1.7885665277710814,3.5839462159367457e-6,0.0,0.0,
2022/04/13 00:30,4.814492781578167,0.5216403208790785,0.002770196646033007,4.385123235829212,0.5901282177816045,0.003042479718919939,5.0353578778464225,-3.142645300036199e-6,-0.0,3.548333333333346,0.6894076239373325,0.0033528514944845093,1.899744676739374,3.7998120148673323e-6,0.0,0.0,
2022/04/13 00:40,4.805817369776321,0.522476382194441,0.002772968030197301,4.3906104382325,0.5959025669028678,0.0030735848454720984,4.849189365229449,-3.335731034033739e-6,-0.0,3.5649999999999977,0.6960676345172936,0.003389423477281638,2.009951444079661,4.013799067668523e-6,0.0,0.0,
2022/04/13 00:50,4.797767519727017,0.5233436186271383,0.0027760228882898934,4.396826752359971,0.6016829834499575,0.0031049074080783416,4.661672341392773,-3.527888381758721e-6,-0.0,3.5816666666666492,0.7027111485985477,0.003425999737945728,2.11924789336058,4.226022659567815e-6,0.0,0.0,
2022/04/13 01:00,4.79030634816462,0.5242409688060256,0.002779348530383269,4.403652457594035,0.6074638110615629,0.003136396507411988,4.475135200382283,-3.7189805138458156e-6,-0.0,3.5983333333333576,0.7093381991680916,0.0034625802772274006,2.2276754025060654,4.436561074735154e-6,0.0,0.0,
2022/04/13 01:10,4.783093365758077,0.5251598489510095,0.0027828329622166894,4.407202632241194,0.6132128026818321,0.003167022073545704,4.316135084118855,-3.895961606903964e-6,-0.0,3.6000000000000227,0.716,0.0034956953479368174,2.3242860264842875,4.625170389651865e-6,0.0,0.0,
2022/04/13 01:20,4.775854209219631,0.5260981680564772,0.002786411429810044,4.408493096036523,0.6189115713641309,0.0031968959870770568,4.18282830195551,-4.066791772889523e-6,-0.0,3.6000000000000227,0.7226666666666667,0.0035284283593827173,2.4193443438291524,4.810873994971312e-6,0.0,0.0,
2022/04/13 01:30,4.768742773895838,0.5270588657155482,0.0027901295305179552,4.409118818868194,0.624570308698526,0.003226419173472356,4.067943419544804,-4.235764735559987e-6,-0.0,3.6000000000000227,0.7293333333333334,0.003561164796930889,2.513958558551167,4.9957189991001145e-6,0.0,0.0,
2022/04/13 01:40,4.761868907690712,0.5280430106369481,0.0027940144218561182,4.409463368578599,0.6301940849029642,0.0032557016799598217,3.9675870492908416,-4.403156240525915e-6,-0.0,3.6000000000000227,0.736,0.0035939046611192667,2.608040125392108,5.179539792001081e-6,0.0,0.0,
2022/04/13 01:50,4.755310904899602,0.5290511460490963,0.0027980843986175415,4.409707054235298,0.6357861555301989,0.003284800327415993,3.878395392766834,-4.569159858874927e-6,-0.0,3.6000000000000227,0.7426666666666668,0.003626647952485897,2.7015293959784685,5.36222509997523e-6,0.0,0.0,
2022/04/13 02:00,4.749119471579945,0.5300834258031818,0.002802350367031107,4.409951519760284,0.6413487667597139,0.0033137498352980316,3.7973152204187954,-4.733936033330767e-6,-0.0,3.6000000000000227,0.7493333333333334,0.0036593946715689388,2.7943908123347683,5.5437088669900915e-6,0.0,0.0,
2022/04/13 02:10,4.740813364374901,0.5310842527346674,0.002806028547165776,4.380836719054855,0.6467032837953262,0.0033347163407041517,3.9287859436484496,-4.80333214300653e-6,-0.0,3.480000000000018,0.7572811053652171,0.003667065628924413,2.8074092524814205,5.578907545872227e-6,0.0,0.0,
2022/04/13 02:20,4.728346236366463,0.5320437913298972,0.0028086617658627383,4.33054728489293,0.6517654492038979,0.003349067875535508,4.23670149530551,-4.83639220178244e-6,-0.0,3.3466666666666924,0.765460301291868,0.003671950253492442,2.814749955695106,5.6038635962152306e-6,0.0,0.0,
2022/04/13 02:30,4.712911444407268,0.5329869126043826,0.0028106152844863826,4.2716954515178145,0.6566257385353311,0.0033602034361796948,4.652679199368208,-4.864401700263817e-6,-0.0,3.21333333333331,0.7737343927117433,0.0036768349543302476,2.8243070679768607,5.632989254814045e-6,0.0,0.0,
2022/04/13 02:40,4.695315930307515,0.5339243630794102,0.0028121041677993982,4.207468081771026,0.6613343555719645,0.0033691283203761517,5.142969743361618,-4.889590763537409e-6,-0.0,3.079999999999984,0.7821045619617957,0.0036817197314396154,2.8353793712099105,5.664969597554127e-6,0.0,0.0,
2022/04/13 02:50,4.676107855301666,0.534862717990051,0.0028132707393581893,4.139432496019424,0.6659261855363523,0.0033763933348398226,5.680405658067684,-4.913492667721735e-6,-0.0,2.9466666666666583,0.7905720071359225,0.0036866045848223325,2.847502819801548,5.698935451192763e-6,0.0,0.0,
2022/04/13 03:00,4.655622579347664,0.5358055596005855,0.0028141996548508084,4.068512461201806,0.6704271747011237,0.0033823531128344166,6.241790556272804,-4.93732008674669e-6,-0.0,2.8133333333333326,0.799137942308584,0.0036914895144801838,2.8604013940969253,5.734370497865714e-6,0.0,0.0,
2022/04/13 03:10,4.636357265234494,0.5367884241426062,0.0028155716546941745,4.021890239918434,0.674963857519508,0.003394165003282377,6.573307959859563,-5.026646693613953e-6,-0.0,2.8000000000000114,0.8045,0.0037128693534792777,2.9256369036449996,5.86239175450513e-6,0.0,0.0,
2022/04/13 03:20,4.620166648684744,0.5378146309323626,0.002817771092747825,3.9928889363682742,0.6795772175218531,0.003410492266236768,6.727087337332592,-5.139938738824962e-6,-0.0,2.8000000000000114,0.8095,0.0037360835917984413,2.994155607373159,5.995948187279736e-6,0.0,0.0,
2022/04/13 03:30,4.6059299432583884,0.5388661464473167,0.0028204818769657757,3.9704962364143057,0.6842160222128135,0.0034284680686253984,6.77182788294374,-5.2574482269440064e-6,-0.0,2.8000000000000114,0.8145,0.0037592995526995777,3.0610126846861476,6.126388390478631e-6,0.0,0.0,
2022/04/13 03:40,4.59284874323032,0.5399341570929493,0.0028235001196699303,3.952074687154152,0.68885827430316,0.003447364331577876,6.732952798888619,-5.377901383935594e-6,-0.0,2.8000000000000114,0.8195,0.0037825172363744296,3.126872911472219,6.2549572316508455e-6,0.0,0.0,
2022/04/13 03:50,4.580335412525812,0.5410130275388592,0.002826680057513521,3.9363776890076565,0.6934913363095707,0.00346682826275413,6.632623694654286,-5.500301432312006e-6,-0.0,2.8000000000000114,0.8244999999999999,0.0038057366430147635,3.192211549385547,6.382543653205144e-6,0.0,0.0,
2022/04/13 04:00,4.5679890790570425,0.5420996058192865,0.0028299256812801955,3.922692164140301,0.6981073411651334,0.003486656223416512,6.491227469906563,-5.623774475812338e-6,-0.0,2.8000000000000114,0.8295,0.003828957772812378,3.2573416368602466,6.5097322771301295e-6,0.0,0.0,
2022/04/13 04:10,4.556395494074309,0.5432304953169003,0.0028335455102993993,3.9208406980325776,0.7027989664664842,0.003509760717499528,6.304615707599624,-5.803837378882414e-6,-0.0,2.829999999999984,0.8360822539805032,0.0038678095678432133,3.372215373961126,6.731942624804069e-6,0.0,0.0,
2022/04/13 04:20,4.546222423278493,0.5444148775836825,0.002837720936927922,3.9275593958086006,0.7076352156445799,0.0035357304370101862,6.0609964078662415,-6.006665967764821e-6,-0.0,2.863333333333344,0.8428060740742214,0.003908402999974257,3.4909561898571155,6.9614990981760466e-6,0.0,0.0,
2022/04/13 04:30,4.537015064800812,0.5456382961822734,0.0028422861480366015,3.9381448961910337,0.7125779530230749,0.0035632360660266937,5.7756413616431255,-6.211851967036832e-6,-0.0,2.896666666666647,0.8494939951206176,0.003949001698180951,3.608443284456598,7.188608868235564e-6,0.0,0.0,
2022/04/13 04:40,4.528483482333058,0.5468954004404818,0.0028471556997205095,3.9512951042462987,0.7176027379132986,0.0035918475139833,5.46591909913559,-6.417896953234169e-6,-0.0,2.930000000000007,0.8561461644196163,0.003989605663488092,3.7249552507391854,7.413796599662273e-6,0.0,0.0,
2022/04/13 04:50,4.520461084731494,0.5481830885479543,0.002852280381039142,3.9663298266433458,0.7226909119768821,0.003621313278818387,5.144762263086592,-6.623888208889406e-6,-0.0,2.96333333333331,0.8627627286935003,0.004030214896920745,3.8406525441955637,7.637364508214755e-6,0.0,0.0,
2022/04/13 05:00,4.512873473968625,0.5494997112148823,0.0028576369373665787,3.9828301583352754,0.7278274795635732,0.003651462364908986,4.822190999223039,-6.829171704290238e-6,-0.0,2.9966666666666697,0.8693438340891917,0.004070829399504237,3.9556109898182967,7.859455710019627e-6,0.0,0.0,
2022/04/13 05:10,4.504737889906778,0.5507891704737233,0.002862734802830322,3.988154219829539,0.7328726328435385,0.0036783081600095194,4.504012610776726,-6.953493210454199e-6,-0.0,3.0,0.873,0.004089034862084374,3.998348277448031,7.942621432694653e-6,0.0,0.0,
2022/04/13 05:20,4.495096606562242,0.5520370707735317,0.0028673052858319676,3.985703675950731,0.7377161439067661,0.0037021208019112255,4.242911704405969,-7.043275957907645e-6,-0.0,3.0,0.8763333333333334,0.004104750858798825,4.034688197044943,8.013432963713499e-6,0.0,0.0,
2022/04/13 05:30,4.484502973821748,0.5532650054013892,0.0028715716758111343,3.980757595870898,0.7423934293996609,0.0037244303016385045,4.042116474743125,-7.127289152775874e-6,-0.0,3.0,0.8796666666666667,0.004120467644534452,4.072022183782337,8.086119380453063e-6,0.0,0.0,
2022/04/13 05:40,4.4733957807696925,0.5544820987094364,0.002875669621635558,3.974585902404442,0.7469258842607561,0.0037456698392708994,3.8882677828172523,-7.207254507791168e-6,-0.0,3.0,0.883,0.004136185219350674,4.1099079550610895,8.159846522357909e-6,0.0,0.0,
2022/04/13 05:50,4.462100948468731,0.5556945314108469,0.0028796970114555996,3.9677788308427466,0.7513295541157862,0.003766072806823336,3.7696806111989645,-7.284216320199664e-6,-0.0,3.0,0.8863333333333333,0.004151903583306917,4.148026347004361,8.234013081120381e-6,0.0,0.0,
2022/04/13 06:00,4.450845334206235,0.5569063878481987,0.0028837210281205915,3.960663892462776,0.7556172988212011,0.003785789779137133,3.6757464016341146,-7.358967484673164e-6,-0.0,3.0,0.8896666666666667,0.004167622736462616,4.1861583102950135,8.308206595885787e-6,0.0,0.0,
2022/04/13 06:10,4.442250565544441,0.5581417389128385,0.002888399771248284,3.980787575881436,0.7598543572152074,0.003812573091169275,3.310793058160471,-7.48249826367895e-6,-0.0,3.134999999999991,0.8870398049596222,0.004195436180738016,4.261588945550102,8.442651336259313e-6,0.0,0.0,
2022/04/13 06:20,4.4382285196021485,0.55939991951477,0.002894121770169434,4.021159454606959,0.7640326064876031,0.0038446315159870463,2.7641033212535153,-7.620345100748878e-6,-0.0,3.285000000000025,0.883733135829081,0.004224595966634573,4.3380077913896,8.577736419743287e-6,0.0,0.0,
2022/04/13 06:30,4.437661997178736,0.5606677020279863,0.002900595714210554,4.0701807984151515,0.7681117661256673,0.003878709236423526,2.124866294510639,-7.758603195967647e-6,-0.0,3.4350000000000023,0.8804088020196195,0.004253758468401165,4.411983777131809,8.70809665776201e-6,0.0,0.0,
2022/04/13 06:40,4.439805647067033,0.5619387624108846,0.002907640931052565,4.124942337171433,0.772076405743687,0.003913978190012715,1.4213831366680552,-7.896299247759036e-6,-0.0,3.5849999999999795,0.8770676364296807,0.004282923686417232,4.484105985659653,8.83483374320499e-6,0.0,0.0,
2022/04/13 06:50,4.44413567598167,0.5632094978152767,0.0029151352400502086,4.184010326319822,0.7759190513598142,0.0039500351304816985,0.6769910029493076,-8.032606420905228e-6,-0.0,3.7350000000000136,0.8737104531166002,0.00431209162106229,4.554772787899083,8.958691741060643e-6,0.0,0.0,
2022/04/13 07:00,4.450315947664421,0.5644783933488476,0.002923005034906734,4.24652958129343,0.7796362315808194,0.003986646016615788,-0.08776063695961511,-8.16679313312075e-6,-0.0,3.884999999999991,0.8703380476730884,0.00434126227271592,4.624224178234272,9.08011797887096e-6,0.0,0.0,
2022/04/13 07:10,4.456772473309627,0.565731466631772,0.002930855860835181,4.296585823074224,0.7831957033278176,0.0040191445621212,-0.7001823412974774,-8.26740019569847e-6,-0.0,3.9599999999999795,0.8700390258210422,0.004362881056534215,4.669114570513557,9.160903541841603e-6,0.0,0.0,
2022/04/13 07:20,4.46239513640819,0.5669703565355478,0.0029384670058111534,4.337797054908037,0.7866044787960746,0.004048510641740514,-1.1987622997082783,-8.355077261428982e-6,-0.0,4.026666666666642,0.8700660018246337,0.0043836618877342096,4.712054299523061,9.23858994833242e-6,0.0,0.0,
2022/04/13 07:30,4.46783404686721,0.5682050008292596,0.0029460236083388713,4.376442358778718,0.7898899144201157,0.0040766326927257086,-1.6270701084130226,-8.43854623080796e-6,-0.0,4.093333333333305,0.8700759029292208,0.004404444097870558,4.755176360067026,9.316561219568817e-6,0.0,0.0,
2022/04/13 07:40,4.473558062566212,0.5694409006689083,0.002953651478364643,4.413960408034711,0.7930661804784709,0.004103981336627898,-1.998363095297009,-8.518411426243526e-6,-0.0,4.160000000000025,0.8700689071591128,0.0044252276870805135,4.798070549577687,9.394048606074798e-6,0.0,0.0,
2022/04/13 07:50,4.4799218046094325,0.570681701895819,0.0029614439913895453,4.450996525055757,0.7961431027313288,0.004130785352617388,-2.3246814024531663,-8.595209687282811e-6,-0.0,4.226666666666688,0.870045191009713,0.004446012655501351,4.840432417914599,9.470482341066833e-6,0.0,0.0,
2022/04/13 08:00,4.487174867207671,0.5719295344994103,0.0029694654891349774,4.487898678017814,0.7991281932438317,0.004157179634095312,-2.617522532757448,-8.669438035825683e-6,-0.0,4.293333333333351,0.8700049294601959,0.004466799003270364,4.882052179504626,9.545470529678596e-6,0.0,0.0,
2022/04/13 08:10,4.495666095034835,0.5731471437778293,0.0029775961368656585,4.525661046694893,0.8019625879364602,0.0041831439950872846,-3.0048010714745033,-8.694787390424089e-6,-0.0,4.389999999999986,0.8654239710047257,0.004473545713925539,4.877539856129488,9.5273563210754e-6,0.0,0.0,
2022/04/13 08:20,4.505394855897407,0.5743217705774679,0.0029857709465517415,4.564461216063933,0.8045770411002784,0.00420836486822223,-3.4144085819076513,-8.696657992846134e-6,-0.0,4.490000000000009,0.8603712784494048,0.004478732462191546,4.8677972893397055,9.498759824022365e-6,0.0,0.0,
2022/04/13 08:30,4.516345040258329,0.5754657551128728,0.0029940526549265263,4.604163818028439,0.806984573952049,0.004232866583750533,-3.8127786388633926,-8.69397216932849e-6,-0.0,4.589999999999975,0.8553518088313853,0.00448391929634332,4.857706459672727,9.469554881654906e-6,0.0,0.0,
2022/04/13 08:40,4.528525450761947,0.5765834620186808,0.003002467666057498,4.644781264732785,0.8091969769240117,0.004256710748567277,-4.2029245654214265,-8.687952489012813e-6,-0.0,4.689999999999998,0.850365321911827,0.004489106216382993,4.847181276739775,9.439574921623921e-6,0.0,0.0,
2022/04/13 08:50,4.5419255506992045,0.5776778447305063,0.0030110309863869695,4.686327811783485,0.8112247831520537,0.004279953288602786,-4.586848182486848,-8.679233262267652e-6,-0.0,4.7900000000000205,0.8454115793309763,0.004494293222312699,4.836172812080804,9.408724586556586e-6,0.0,0.0,
2022/04/13 09:00,4.556523727516549,0.5787510114878702,0.0030197508724643806,4.728810758292639,0.8130774209852196,0.004302642542756619,-4.965710912971417,-8.66822976828081e-6,-0.0,4.889999999999986,0.8404903445924242,0.004499480314134573,4.824654145242448,9.37695071528291e-6,0.0,0.0,
2022/04/13 09:10,4.571892986930209,0.579726346795264,0.003028136032724974,4.765425621741542,0.8146341799043016,0.004322059648658129,-5.474026537653458,-8.551912227484492e-6,-0.0,5.0049999999999955,0.8291700203119755,0.004474459518457676,4.7157341094230105,9.15398954415396e-6,0.0,0.0,
2022/04/13 09:20,4.587281174100156,0.5805815370295909,0.00303590827031837,4.79839845664344,0.8157725438411021,0.0043381930718334885,-5.991892195443711,-8.3883635951337e-6,-0.0,5.12166666666667,0.8172755607188962,0.0044460847276283745,4.597876813617631,8.91361672028816e-6,0.0,0.0,
2022/04/13 09:30,4.602913785061901,0.5813458040501581,0.003043267514624782,4.83085528713201,0.8165228481074868,0.004352135018541576,-6.475204098261998,-8.217229221604503e-6,-0.0,5.238333333333344,0.805525562714646,0.0044177125070308755,4.4813744616278655,8.676069784356546e-6,0.0,0.0,
2022/04/13 09:40,4.619005051085935,0.5820315185996207,0.0030503236306008204,4.863605311786273,0.8169067464530191,0.00436423453484716,-6.932413988215558,-8.04102007711947e-6,-0.0,5.355000000000018,0.7939182913634056,0.004389342856315972,4.365868837896187,8.440664545336993e-6,0.0,0.0,
2022/04/13 09:50,4.6357014377171595,0.5826475810844406,0.003057154261319376,4.897044922316525,0.8169415081246597,0.0043746936487314945,-7.370532963675487,-7.86114167867805e-6,-0.0,5.471666666666692,0.7824520331374991,0.0043609757751345195,4.251106786240598,8.206917223352726e-6,0.0,0.0,
2022/04/13 10:00,4.653093450621384,0.5832005744617962,0.0030638131779834486,4.931405050181581,0.8166413014171469,0.00438364813109076,-7.795545965404926,-7.678588580171435e-6,-0.0,5.58833333333331,0.7711250956425594,0.004332611263137437,4.136912984649371,7.974492076425307e-6,0.0,0.0,
2022/04/13 10:10,4.674043627229878,0.5836988181468485,0.0030709617478115914,4.996955652119368,0.8160308912292452,0.004400567744573666,-8.588581890691671,-7.5262320342164965e-6,-0.0,5.8700000000000045,0.7523566472301157,0.004310369424471332,4.041085631230089,7.762004889557436e-6,0.0,0.0,
2022/04/13 10:20,4.700519407782849,0.5841365234219328,0.0030789986219288447,5.086092840001356,0.8150604206066706,0.0044228922462987135,-9.606341893521062,-7.378583646949478e-6,-0.0,6.170000000000016,0.7332444922896542,0.004288809136118843,3.9445841569902313,7.547136390701055e-6,0.0,0.0,
2022/04/13 10:30,4.731216102138376,0.5845078487833074,0.003087616686485361,5.1860609995188724,0.813694408903382,0.004446505738609545,-10.726978109423726,-7.229993847482431e-6,-0.0,6.470000000000027,0.7146358503460714,0.004267250332110394,3.8461925524757135,7.32924599925167e-6,0.0,0.0,
2022/04/13 10:40,4.765292105447941,0.5848106252262211,0.003096626155843658,5.293705761252795,0.8119183605975773,0.004470339828515905,-11.916679301647832,-7.079920909724537e-6,-0.0,6.769999999999982,0.6965167255520213,0.004245693012292706,3.746529612785025,7.109482615280936e-6,0.0,0.0,
2022/04/13 10:50,4.802166181504845,0.5850450367230133,0.0031059045325984628,5.407507739803464,0.8097233933481458,0.004493847634228213,-13.147995828838363,-6.92770830841346e-6,-0.0,7.069999999999993,0.6788735336860305,0.004224137176512516,3.6459947399002886,6.888585030975666e-6,0.0,0.0,
2022/04/13 11:00,4.841474056167442,0.5852131039337624,0.0031153851425079226,5.526591316543374,0.8071027894878311,0.0045166834919616984,-14.397165772385279,-6.772715243374685e-6,-0.0,7.3700000000000045,0.6616930893595091,0.004202582824616585,3.544805324521576,6.666952063737096e-6,0.0,0.0,
2022/04/13 11:10,4.882798834230755,0.5853803491563283,0.003125329647959089,5.650021725298245,0.8041586546449847,0.004539091369272864,-15.463202505765139,-6.692163879259926e-6,-0.0,7.625,0.6505823420038448,0.004204682344745362,3.519226769489478,6.595895441635039e-6,0.0,0.0,
2022/04/13 11:20,4.926279942623751,0.5855717204847994,0.003135906825972299,5.777067910978985,0.8010164767812817,0.004561525999373648,-16.45929896202233,-6.643733756972666e-6,-0.0,7.875,0.6402958730075263,0.004209410050017574,3.5001545782417907,6.5380008858705e-6,0.0,0.0,
2022/04/13 11:30,4.971982150907479,0.5857700345894228,0.0031470437889418337,5.907394852373329,0.7976698630780197,0.004583825119965806,-17.436729319931032,-6.5963284713001e-6,-0.0,8.125,0.6301927819904654,0.004214137826676559,3.4792574422990583,6.476720414480455e-6,0.0,0.0,
2022/04/13 11:40,5.0199360828650015,0.5859705230048303,0.003158726631891195,6.0407492785818135,0.7941133721142118,0.00460585372114186,-18.39031243612112,-6.548039821521142e-6,-0.0,8.375,0.620269458667865,0.004218865674723934,3.4565806988089207,6.412147833211339e-6,0.0,0.0,
2022/04/13 11:50,5.070200803540843,0.5861703053590606,0.0031709580316960817,6.176949078749203,0.7903423126582768,0.0046275001041699085,-19.317100905059306,-6.497933773750102e-6,-0.0,8.625,0.6105223701632999,0.004223593594161317,3.432115619828437,6.344273864125492e-6,0.0,0.0,
2022/04/13 12:00,5.1228476310028555,0.5863674937919969,0.0031837490248013242,6.315862899127637,0.786352604619891,0.0046486690056872695,-20.21581024866862,-6.445438526593698e-6,-0.0,8.875,0.6009480592195094,0.004228321584990324,3.4058262210644443,6.273037291222291e-6,0.0,0.0,
