  , room2 , room2 , room2 , wall1_IM , wall1_IM , wall1_IM , wall1_IM , wall1_IM , wall1_IM , room1 , room1 , room1 , opening1 , opening1 , Heat source , Moisture source , 
  , temp , rh , ah , temp , rh , ah , Hw , Jwv , Jwl , temp , rh , ah , Hv , Jv , Hin , Jin , 
2022/04/01 00:00,25.0,0.5,0.009881917493743442,20.0,0.5000000000000001,0.00726237937927264,-4650.0,-0.0011563706210939923,-0.0,19.899999999999977,0.83,0.012072661900957864,7.14291666286158,1.4222693541236167e-5,0.0,0.0,
2022/04/01 00:10,22.523038212765186,0.49519495104621886,0.008411958515088996,21.525955273795716,0.5767085978385998,0.009230650703966845,-79.33653647463586,-1.741254445841266e-5,-0.0,19.810000000000002,0.8315169563317767,0.012026536241764483,11.785321641380506,2.225757288711699e-5,0.0,0.0,
2022/04/01 00:20,22.019927794050375,0.49775025003470885,0.008197559995389382,21.510552525061485,0.6197177123394061,0.009920524592796931,-47.95333595016814,-1.6509156230211755e-5,-0.0,19.70999999999998,0.8331956746648114,0.01197529337941602,12.317290254285126,2.3170560137465406e-5,0.0,0.0,
2022/04/01 00:30,21.694399696312075,0.5009727219313613,0.00808682235860472,21.379251863042327,0.6490018209132487,0.010312472416720841,-34.127020710797076,-1.6047017932352093e-5,-0.0,19.610000000000014,0.8348670773184783,0.01192405879942984,12.511299822219144,2.3495337038320997e-5,0.0,0.0,
2022/04/01 00:40,21.462082931880843,0.5045501604615332,0.008028861825341243,21.225049961719378,0.6706136061697481,0.010559713133770722,-25.850471077898764,-1.567395427931123e-5,-0.0,19.50999999999999,0.8365309864849017,0.011872832499798097,12.533256774139772,2.3520042210788892e-5,0.0,0.0,
2022/04/01 00:50,21.28831864356863,0.5083106088598666,0.008002679881331092,21.070209981272285,0.6873690855659597,0.010723922693540285,-20.10982155765362,-1.5381525019226476e-5,-0.0,19.410000000000025,0.8381872219901558,0.01182161447851359,12.451626706777233,2.336397092574864e-5,0.0,0.0,
2022/04/01 01:00,21.15552553780276,0.5121282893020619,0.007997282056733042,20.92102675827448,0.7008046871727363,0.010835643930986646,-15.704775927683842,-1.516246806681031e-5,-0.0,19.310000000000002,0.839835601266045,0.011770404733569762,12.302257055019481,2.3089837796996534e-5,0.0,0.0,
2022/04/01 01:10,21.054186110888736,0.5159187331900326,0.008006602440592822,20.789564365694105,0.7118961112981664,0.010919904089380782,-12.233603823189016,-1.504189543985777e-5,-0.0,19.254999999999995,0.8400163295136385,0.01173196222099486,12.146526250601482,2.2798512685494672e-5,0.0,0.0,
2022/04/01 01:20,20.977730559405586,0.5196157470268925,0.008026425539843294,20.671790439517224,0.7212290901536722,0.010984214896753093,-9.45549709234797,-1.4980123793868093e-5,-0.0,19.204999999999984,0.8400277790069199,0.01169494189348756,11.961188399766343,2.2455442595197038e-5,0.0,0.0,
2022/04/01 01:30,20.92012122841561,0.5231657645835903,0.008053024567351885,20.563013297645227,0.7291709985646553,0.011031774790234062,-7.2165724732082035,-1.494815773582339e-5,-0.0,19.154999999999973,0.8400321335137421,0.011657925890914697,11.753771753223191,2.207465754126359e-5,0.0,0.0,
2022/04/01 01:40,20.87659693414247,0.526536700469969,0.008083634126234291,20.46171972131225,0.7359957145755112,0.011066255521256204,-5.419107387293707,-1.492917901958792e-5,-0.0,19.105000000000018,0.8400293428483463,0.011620914212518417,11.53329287812926,2.1671993353438984e-5,0.0,0.0,
2022/04/01 01:50,20.843352056460617,0.529712655046839,0.008116192703133959,20.366863364942787,0.7419074587132346,0.011090421275175327,-3.9840896209409498,-1.4910443689723963e-5,-0.0,19.055000000000007,0.8400193565319293,0.011583906857541048,11.30647333115894,2.1259221565937012e-5,0.0,0.0,
2022/04/01 02:00,20.817364941838377,0.5326898053618248,0.008149190830083907,20.27760788609322,0.7470614840178048,0.01110632492403443,-2.8441383595315983,-1.4883051068461493e-5,-0.0,19.004999999999995,0.8400021237910476,0.011546903825225087,11.078234726375285,2.0844925827015e-5,0.0,0.0,
2022/04/01 02:10,20.79684800759361,0.5354613842050087,0.008181673117717435,20.19807276412689,0.7515220324577702,0.01111803530425112,-2.0621584036729246,-1.4826985506457365e-5,-0.0,19.0,0.837,0.011501215739411536,10.823360419177334,2.037130916762422e-5,0.0,0.0,
2022/04/01 02:20,20.78026380058185,0.5380280160253134,0.008212907679190336,20.126519125082325,0.7553056229168161,0.011124772631822615,-1.52691604263282,-1.4744606208678661e-5,-0.0,19.0,0.8336666666666667,0.011454568910486743,10.569428340488685,1.989883190081119e-5,0.0,0.0,
2022/04/01 02:30,20.765954211786664,0.5404051278812245,0.008242313094409006,20.060697410517946,0.7584943376177146,0.011126341531545332,-1.1607870832716571,-1.4641509658648588e-5,-0.0,19.0,0.8303333333333334,0.011407928950582517,10.321482585014337,1.9437750096072634e-5,0.0,0.0,
2022/04/01 02:40,20.752728912852774,0.5426088713446968,0.008269544565674506,19.99976339689806,0.7611597086050176,0.011123332118631434,-0.9242396395751485,-1.451905573254667e-5,-0.0,19.0,0.8269999999999998,0.011361295858181712,10.080647359841805,1.8989940387558138e-5,0.0,0.0,
2022/04/01 02:50,20.739726714952553,0.5446555938061365,0.008294420210465963,19.943114901213107,0.7633617747846044,0.011116303743709739,-0.78644165123535,-1.4379095825025877e-5,-0.0,19.0,0.8236666666666665,0.011314669631767634,9.847515687530404,1.8556353410302328e-5,0.0,0.0,
2022/04/01 03:00,20.726340215092193,0.5465611053433164,0.008316874868709776,19.89026884627981,0.7651510333154313,0.011105735709518028,-0.7229554433183694,-1.4223825643751985e-5,-0.0,19.0,0.8203333333333332,0.01126805026982403,9.622300017394537,1.8137279691959716e-5,0.0,0.0,
2022/04/01 03:10,20.709488277198034,0.5483051449089994,0.008334996162697108,19.81076857825167,0.7664239945189828,0.011068856784323147,-0.48987639244387543,-1.3927565583402843e-5,-0.0,18.879999999999995,0.8201134313418972,0.011179353209086989,9.274019038861525,1.7517031823891275e-5,0.0,0.0,
2022/04/01 03:20,20.686874501253897,0.5498903666932023,0.008347622606923406,19.715586919596547,0.7672068333414904,0.011013952526769842,-0.11152556133254166,-1.3564581029105963e-5,-0.0,18.74666666666667,0.8201937229274517,0.011086006583514092,8.928494109713256,1.6903329040150613e-5,0.0,0.0,
2022/04/01 03:30,20.65963397880097,0.5513504067069973,0.008355857796345035,19.61646628605928,0.7676282110076736,0.010951288797582967,0.3390820607353362,-1.317881909917918e-5,-0.0,18.613333333333344,0.820224973073056,0.010992687477183722,8.597376582301195,1.6314899358511356e-5,0.0,0.0,
2022/04/01 03:40,20.628529076529617,0.5527064607497462,0.008360425736793376,19.515618479685656,0.767756839458634,0.010883519744913365,0.8361061028330141,-1.2781779347094879e-5,-0.0,18.480000000000018,0.8202062462889985,0.010899395877928372,8.278305797745588,1.5747524397569798e-5,0.0,0.0,
2022/04/01 03:50,20.594103887500694,0.5539727273514796,0.008361832381872105,19.41390105092688,0.7676395080493348,0.010812003116215881,1.3602853051008879,-1.2381701661998071e-5,-0.0,18.346666666666692,0.8201365923933067,0.010806131773587703,7.96963205594011,1.5198260021517263e-5,0.0,0.0,
2022/04/01 04:00,20.556734021092723,0.5551583852096073,0.008360420743400012,19.311704905306783,0.7673108739096794,0.010737575995407951,1.8962255620670023,-1.1984469952576118e-5,-0.0,18.21333333333331,0.8200150462887522,0.010712895152008557,7.670236928081977,1.4665113249525523e-5,0.0,0.0,
2022/04/01 04:10,20.51797133099859,0.5563003709741781,0.008357572226130934,19.225240171114763,0.7669316972930211,0.010673536851761038,2.3743984153060187,-1.1686889016170186e-5,-0.0,18.125,0.8200449973888063,0.010652984668825149,7.48418653087333,1.4332015148908933e-5,0.0,0.0,
2022/04/01 04:20,20.479078868233444,0.5574163864488575,0.00835422069164022,19.14818731745538,0.766591749869085,0.010616731962927943,2.767483422473447,-1.1441155218592571e-5,-0.0,18.041666666666686,0.8200766696693849,0.010596784897959035,7.311874988292402,1.4023119284454951e-5,0.0,0.0,
2022/04/01 04:30,20.439523728984284,0.5584933118468522,0.008349892018484883,19.07397432979701,0.7662473463343563,0.010562042062643532,3.0981892812337724,-1.1216826850643309e-5,-0.0,17.958333333333314,0.8200888298537563,0.01054059511087164,7.142781955968985,1.3719868111439635e-5,0.0,0.0,
2022/04/01 04:40,20.398949058004064,0.5595250527741551,0.008344312518528272,19.001240689403744,0.7658824150947625,0.010508308354409942,3.3814372174657596,-1.1007672772140887e-5,-0.0,17.875,0.8200812452347741,0.010484415304902803,6.97779978471749,1.3423849683257656e-5,0.0,0.0,
2022/04/01 04:50,20.3571227358928,0.5605089205649137,0.008337326440986803,18.92938907981437,0.7654894900408259,0.010455019818479213,3.629674890808019,-1.0809248090632879e-5,-0.0,17.791666666666686,0.8200536808176477,0.010428245477393303,6.817436290905562,1.3135964794589227e-5,0.0,0.0,
2022/04/01 05:00,20.313914575041338,0.5614445888884396,0.008328867824350421,18.85809376792298,0.7650651677529351,0.010401910403288696,3.853474653811304,-1.0618314944629438e-5,-0.0,17.708333333333314,0.8200058992982246,0.010372085625684875,6.66190653320632,1.2856592059180918e-5,0.0,0.0,
2022/04/01 05:10,20.270996952784913,0.5622963635405543,0.008319280581768536,18.801164628317622,0.7644408866262458,0.010355747175335826,3.6971242330457703,-1.038578600620208e-5,-0.0,17.75999999999999,0.8108345642865776,0.010288174124048546,6.4195724723701915,1.2386318316619001e-5,0.0,0.0,
2022/04/01 05:20,20.22922579060213,0.5630362093787268,0.008308600995931678,18.755295687424052,0.7633745607846802,0.010310951809208125,3.358941098731521,-1.0126537329028388e-5,-0.0,17.826666666666654,0.8007198520762192,0.010201201232539474,6.170818339959169,1.190123992076003e-5,0.0,0.0,
2022/04/01 05:30,20.187864241593218,0.5636739886109017,0.008296604484381851,18.715431784597854,0.7618678848633023,0.010264213317001456,2.958189617884841,-9.860013281296358e-6,-0.0,17.893333333333317,0.7906774150457242,0.010114252264436923,5.926436042749856,1.142457066244371e-5,0.0,0.0,
2022/04/01 05:40,20.146548977855332,0.5642170690120294,0.00828322317468236,18.680462876309093,0.7599370864420486,0.010215028720743318,2.51879325732034,-9.58784947542069e-6,-0.0,17.95999999999998,0.7807067730525434,0.010027327209871425,5.686646846473423,1.0956660268413479e-5,0.0,0.0,
2022/04/01 05:50,20.105080255103417,0.5646723981650968,0.008268467519423709,18.64983004467564,0.757600290222692,0.010163279991660548,2.056425961636137,-9.310711178675363e-6,-0.0,18.026666666666642,0.7708074491679983,0.009940426058978942,5.451416638323508,1.0497415034304895e-5,0.0,0.0,
2022/04/01 06:00,20.06336953349569,0.5650465952823664,0.008252400233773318,18.623176540843303,0.7548752501302446,0.0101089719476729,1.5826756950758636,-9.028971818096725e-6,-0.0,18.093333333333362,0.7609789696550429,0.009853548801900858,5.220540903508208,1.0046445476301685e-5,0.0,0.0,
2022/04/01 06:10,20.019200033075435,0.5654005478541578,0.00823478445233151,18.58277393184926,0.7520344757046383,0.010044457761378488,1.598040243280252,-8.818542525562827e-6,-0.0,17.980000000000018,0.7629806886156694,0.009808600220877449,5.131422378804928,9.895650527364655e-6,0.0,0.0,
2022/04/01 06:20,19.971578731798672,0.5657828363214495,0.008215832258484558,18.531893091442214,0.749454223649723,0.00997707839530099,1.842536312070138,-8.651753894311542e-6,-0.0,17.846666666666692,0.7663007001013014,0.009768313803209859,5.061862195372669,9.78453121092857e-6,0.0,0.0,
2022/04/01 06:30,19.921568096676367,0.5661862052441637,0.008195990804656382,18.47634198636507,0.7471475959881536,0.009910766804846087,2.1653857177960845,-8.49773308927165e-6,-0.0,17.71333333333331,0.7696291720527486,0.00972803252283216,4.995218192007542,9.678234946187103e-6,0.0,0.0,
2022/04/01 06:40,19.86979216354598,0.566607224050655,0.008175535106223012,18.417198412105165,0.7451064407483722,0.00984610342637581,2.542170385257237,-8.353630905047892e-6,-0.0,17.579999999999984,0.7729659949378394,0.009687756378761757,4.930593678559262,9.575213993275474e-6,0.0,0.0,
2022/04/01 06:50,19.816692003973458,0.5670426525750611,0.008154647241279511,18.35494125323595,0.743317492820097,0.009783208013096394,2.956882390309375,-8.218406295750375e-6,-0.0,17.44666666666666,0.7763110560583134,0.009647485370016312,4.867394986650652,9.47444830658589e-6,0.0,0.0,
2022/04/01 07:00,19.762577266868504,0.5674890932998984,0.008133438523526671,18.289858455479475,0.7417657741319452,0.009722051707873386,3.3971459247283065,-8.091639826822257e-6,-0.0,17.313333333333333,0.7796642394904298,0.009607219495613733,4.805259175037236,9.37532118226426e-6,0.0,0.0,
2022/04/01 07:10,19.70868799820215,0.5678627188951539,0.00811133042701676,18.225471700971866,0.7400568108524045,0.00965956493036812,3.4267989081178034,-7.821680674810099e-6,-0.0,17.314999999999998,0.7709532472994891,0.009499257922910408,4.52533413054266,8.842807490122478e-6,0.0,0.0,
2022/04/01 07:20,19.655225737758258,0.5681063860413781,0.008087611394466286,18.164008057234867,0.737755469240219,0.00959138406111571,3.3126817666857282,-7.477681648790995e-6,-0.0,17.33166666666665,0.7609206992181746,0.009383814403897923,4.226266671744725,8.271693467767818e-6,0.0,0.0,
2022/04/01 07:30,19.601860839300286,0.5682421665607427,0.008062448723576978,18.105448261938363,0.734911169681534,0.009518205164564733,3.176670024760711,-7.1159118523099185e-6,-0.0,17.348333333333358,0.7509085369310429,0.009268413085315706,3.932043786538088,7.709691982401538e-6,0.0,0.0,
2022/04/01 07:40,19.54849154318032,0.5682815096474878,0.008035970179818603,18.04989303658283,0.7315640298099398,0.009440657668716637,3.0264807465459858,-6.74422759467358e-6,-0.0,17.36500000000001,0.7409167247170074,0.009153053944028404,3.642248820496661,7.156019650108144e-6,0.0,0.0,
2022/04/01 07:50,19.49505524823138,0.5682323807931517,0.008008271832665765,17.99736751554036,0.7277471168844885,0.009359217368690527,2.86518247508468,-6.366895589118084e-6,-0.0,17.38166666666666,0.7309452269166854,0.009037736956917576,3.356568463960457,6.610090488026549e-6,0.0,0.0,
2022/04/01 08:00,19.44150841076123,0.5681007016550781,0.007979429050435027,17.94785403053322,0.7234883357650423,0.009274254759795278,2.6948047973985467,-5.986398964045681e-6,-0.0,17.398333333333312,0.7209940079322509,0.008922462100881672,3.074756903398793,6.0714463294604275e-6,0.0,0.0,
2022/04/01 08:10,19.391352240231242,0.5680470668911135,0.007953486046867396,17.9514806508638,0.719582900973343,0.009225586074403769,2.60558226871126,-5.997805176759077e-6,-0.0,17.475000000000023,0.720040366990457,0.008954385260377383,3.263429383400762,6.399523541904935e-6,0.0,0.0,
2022/04/01 08:20,19.348090576267225,0.5681560433149885,0.00793336521933375,17.986019954572726,0.7166391713103156,0.009207573596999792,2.357405182177104,-6.196358012228547e-6,-0.0,17.558333333333337,0.7200682386985692,0.009002668200318486,3.4864596962431733,6.791672677596503e-6,0.0,0.0,
2022/04/01 08:30,19.309924663525464,0.5683633022553077,0.007917218521016983,18.029440710038784,0.7144158111086374,0.00920406288280535,1.9559942143365563,-6.446308232921039e-6,-0.0,17.64166666666665,0.7200784393863512,0.009050958530399836,3.6965564662427823,7.1605731398628595e-6,0.0,0.0,
2022/04/01 08:40,19.275565688469783,0.5686362673610347,0.00790392106818217,18.076924915584755,0.7127733993035145,0.009210458284220395,1.4516562339258599,-6.723077013949742e-6,-0.0,17.725000000000023,0.720071177255811,0.009099256252318257,3.897387379537804,7.51279507122551e-6,0.0,0.0,
2022/04/01 08:50,19.244152342802522,0.5689562764263801,0.007892767460648533,18.12638334718241,0.7116104757914334,0.00922426636560494,0.885827187881887,-7.010862601115221e-6,-0.0,17.808333333333337,0.720046658478133,0.009147561367771083,4.0912523971881,7.852450440885538e-6,0.0,0.0,
2022/04/01 09:00,19.21516411867367,0.5693137960449859,0.007883355863965814,18.176752152359256,0.7108477218642095,0.009243876550657462,0.29208272200321517,-7.299150416874986e-6,-0.0,17.89166666666665,0.7200050872127831,0.009195873878456181,4.279461704950563,8.181876249642536e-6,0.0,0.0,
2022/04/01 09:10,19.184496031585184,0.5696746291189351,0.00787316070727894,18.18517578227238,0.7102735242363287,0.00924126057909932,0.0973730614015267,-7.447338115357522e-6,-0.0,17.779999999999973,0.7258490387720872,0.009205674520676195,4.344657957297613,8.319398358505958e-6,0.0,0.0,
2022/04/01 09:20,19.149281106981675,0.5700356794299191,0.007860718081092972,18.166032682579896,0.7098980047626756,0.009225035888957804,0.20075270058669048,-7.5323605881522345e-6,-0.0,17.646666666666647,0.7324095356637607,0.009211195706153783,4.403228920316678,8.44801343606934e-6,0.0,0.0,
2022/04/01 09:30,19.11134246296183,0.5704215428646433,0.00784728309840197,18.136080170775813,0.7098129723346142,0.00920631331468993,0.46757722577069677,-7.5943605843701185e-6,-0.0,17.51333333333332,0.739035519791917,0.00921671698822035,4.4650357741682,8.582255293516423e-6,0.0,0.0,
2022/04/01 09:40,19.071876932780413,0.5708446648802901,0.007833624313231539,18.098855836909365,0.710036222431228,0.00918741208081613,0.8519776749403719,-7.642997220704273e-6,-0.0,17.379999999999995,0.7457277048310842,0.00922223836687843,4.527572650380307,8.71767687560408e-6,0.0,0.0,
2022/04/01 09:50,19.031705437872517,0.5713106055108759,0.007820223899510054,18.055986886946414,0.7105640606415841,0.009169229625871238,1.3179428042059274,-7.685687871716867e-6,-0.0,17.24666666666667,0.7524868128670588,0.009227759842130558,4.589267422074045,8.851497960382842e-6,0.0,0.0,
2022/04/01 10:00,18.991350110828307,0.5718199338345401,0.007807344376412132,18.008427363021156,0.7113836642366266,0.009152139570779936,1.8355365056362416,-7.727997239545398e-6,-0.0,17.113333333333344,0.7593135745033458,0.009233281413979269,4.649264146145242,8.982215682744108e-6,0.0,0.0,
2022/04/01 10:10,18.951293844121096,0.5723328056600101,0.0077946701081011635,17.95566058275631,0.7122935671383172,0.009133197068891138,2.224376896173226,-7.6999298009873e-6,-0.0,17.024999999999977,0.7615025163034181,0.009207839421519448,4.607635013477193,8.914622208356001e-6,0.0,0.0,
2022/04/01 10:20,18.9115087951933,0.5728215205799999,0.007781805442101708,17.90002015808284,0.7130938247554364,0.009111172194177463,2.5780484245495927,-7.638778171397798e-6,-0.0,16.941666666666663,0.7631710233610196,0.009178959537908992,4.555417436494736,8.826263662202592e-6,0.0,0.0,
2022/04/01 10:30,18.87195450300686,0.5732936207119579,0.007768835976818714,17.842821402121217,0.7138163762843832,0.00908726676085215,2.9306637809850145,-7.572384462277822e-6,-0.0,16.85833333333335,0.7648384611410938,0.009150082296881426,4.503550173448502,8.73851985256522e-6,0.0,0.0,
2022/04/01 10:40,18.832590818901053,0.573751036132789,0.0077557696970778625,17.78451935507195,0.7144822230952205,0.009062031806580401,3.276367216378731,-7.504857155505087e-6,-0.0,16.774999999999977,0.7665047631610193,0.009121207698074061,4.452007188652942,8.651336069076975e-6,0.0,0.0,
2022/04/01 10:50,18.79333979691029,0.5741940685748242,0.007742573657783344,17.72536517356525,0.715106422977046,0.00903581828387717,3.610595337503924,-7.4382253404889026e-6,-0.0,16.691666666666663,0.7681698621016608,0.009092335741124278,4.400895898327462,8.564899169462182e-6,0.0,0.0,
2022/04/01 11:00,18.754100046272185,0.5746223395013366,0.007729194336356314,17.6655149476087,0.7157001269373394,0.009008868320556135,3.9304760842071573,-7.37346099337134e-6,-0.0,16.60833333333335,0.7698336897985001,0.009063466425669521,4.350390811525585,8.479516942100276e-6,0.0,0.0,
2022/04/01 11:10,18.71935123384975,0.5750144782731293,0.007717532358463105,17.650770718177455,0.7161660240754748,0.00900631608322412,3.5498629628375515,-7.351852277160717e-6,-0.0,16.810000000000002,0.7574082127935422,0.009031736006748756,4.284957709726314,8.312815846710282e-6,0.0,0.0,
2022/04/01 11:20,18.69185734588484,0.5753383554616336,0.007708496610018851,17.667600226210766,0.7161776778819011,0.009016169607482803,2.763185809884021,-7.3359135119189434e-6,-0.0,17.04333333333335,0.7436691003320074,0.008999690618289303,4.209934835980448,8.123822290868057e-6,0.0,0.0,
2022/04/01 11:30,18.669377677480668,0.5755857314346859,0.0077008766207474315,17.698421119532327,0.7156604576346406,0.009027347905680907,1.799941387780564,-7.3197433572833715e-6,-0.0,17.276666666666642,0.7301898567062461,0.008967648484356418,4.130306494367687,7.927474283838739e-6,0.0,0.0,
2022/04/01 11:40,18.650545462873367,0.5757542366012766,0.007693972310215659,17.73945147278988,0.7146086116024395,0.009037575420180336,0.7199447825416883,-7.298655781893035e-6,-0.0,17.50999999999999,0.7169652711742254,0.008935609604454331,4.048355293771692,7.72778625207533e-6,0.0,0.0,
2022/04/01 11:50,18.634452723089737,0.5758460868438698,0.00768737103131813,17.788921719801976,0.7130337546251234,0.009045938915995857,-0.4335136657493877,-7.268570887267534e-6,-0.0,17.74333333333334,0.7039902439736857,0.008903573978087376,3.965426667434258,7.52710809545818e-6,0.0,0.0,
2022/04/01 12:00,18.620534218882938,0.5758667679072709,0.007680871893448692,17.845794599366798,0.710953746376708,0.009052013410654152,-1.6263784439286155,-7.226387970222871e-6,-0.0,17.976666666666688,0.69125978381641,0.008871541604759987,3.8821756170564186,7.3265635842343455e-6,0.0,0.0,
2022/04/01 12:10,18.602917629589626,0.5757967184414119,0.007671355047056951,17.849380545405495,0.7082632515841547,0.009019327299775923,-2.186465787365251,-7.013794866457881e-6,-0.0,17.910000000000025,0.6886021427562425,0.008799423927696923,3.678065765154315,6.9560640516722565e-6,0.0,0.0,
2022/04/01 12:20,18.577597240423643,0.575651094407024,0.0076570899450346935,17.81909058297839,0.7051530177883456,0.008961785548115308,-2.312358155537027,-6.728261085124891e-6,-0.0,17.810000000000002,0.6870074114819026,0.008722869785527223,3.4749725054766714,6.592036843885175e-6,0.0,0.0,
2022/04/01 12:30,18.547203627445924,0.575466090297122,0.007639861172208005,17.77825986336495,0.7018150253611852,0.008895510735746435,-2.2174250480929913,-6.416144920755437e-6,-0.0,17.70999999999998,0.6853684015502417,0.008646334222402808,3.281602863977696,6.244970233782357e-6,0.0,0.0,
2022/04/01 12:40,18.51344731373183,0.5752617875203443,0.007620782911285068,17.731599775481243,0.698333619530927,0.008824394838280089,-1.966049118763067,-6.089936957770627e-6,-0.0,17.610000000000014,0.6836845535141475,0.008569817231561036,3.0943240286740092,5.908397905508644e-6,0.0,0.0,
2022/04/01 12:50,18.477518959865563,0.5750486927798475,0.007600582533263476,17.68111316484476,0.6947582557529545,0.008750283296003076,-1.6066583851676344,-5.7591880111960785e-6,-0.0,17.50999999999999,0.6819553016111087,0.00849331880624254,2.9107643862075747,5.578109725713514e-6,0.0,0.0,
2022/04/01 13:00,18.440206896958784,0.5748303662570817,0.00757969502981182,17.627845563470203,0.6911207817115421,0.008674224821747891,-1.1783813572765212,-5.430995164191772e-6,-0.0,17.410000000000025,0.6801800736926796,0.008416838939691232,2.729505625301954,5.251599698568786e-6,0.0,0.0,
2022/04/01 13:10,18.405150433386723,0.5746604599931523,0.00756058646056597,17.60986136642606,0.6877265929349528,0.00862110898597797,-0.940508912682958,-5.278150654177278e-6,-0.0,17.444999999999993,0.6769650229312721,0.008395316242522708,2.7216343672455423,5.224861200526761e-6,0.0,0.0,
2022/04/01 13:20,18.375112294518885,0.5745549241140787,0.007544780174281922,17.613668311822664,0.684696533396632,0.008584691531310317,-0.8958473737857277,-5.208015124463996e-6,-0.0,17.495000000000005,0.6736073962416043,0.008379899480035972,2.7229044086132035,5.213440722580866e-6,0.0,0.0,
2022/04/01 13:30,18.34868190016499,0.5744789910199782,0.007531121581395127,17.624136128960913,0.6818896177390393,0.008554741053441693,-0.9689850678989843,-5.1664142210818564e-6,-0.0,17.545000000000016,0.6702650380494303,0.008364483471586415,2.7171743595636144,5.189630145933325e-6,0.0,0.0,
2022/04/01 13:40,18.32488621706335,0.5744128861132825,0.007518873545621171,17.638161646070955,0.6792383587727886,0.008528670705875247,-1.1265981879915898,-5.142268077782808e-6,-0.0,17.595000000000027,0.6669378779265692,0.008349068217118718,2.706847650931195,5.157737858156944e-6,0.0,0.0,
2022/04/01 13:50,18.303036783710525,0.57434456695537,0.007507542274492123,17.65443210484665,0.6767001635607663,0.008505209850001137,-1.3417084406091817,-5.127473765487152e-6,-0.0,17.644999999999982,0.6636258457829687,0.00833365371657757,2.6935342916408445,5.1206449171771145e-6,0.0,0.0,
2022/04/01 14:00,18.28267654955596,0.5742676076521984,0.007496821507506046,17.672273627087463,0.674245520159216,0.008483609906492787,-1.591617779783974,-5.116012628403357e-6,-0.0,17.694999999999993,0.6603288718649195,0.00831823996990766,2.678232843114074,5.080133673225279e-6,0.0,0.0,
2022/04/01 14:10,18.262444363816996,0.5741254008251021,0.007485314552079063,17.67559898237323,0.6715584348110872,0.008451137099315807,-1.9029814968712346,-4.974728455099024e-6,-0.0,17.730000000000018,0.6539412689851738,0.008255147697806246,2.5100390470609,4.757542560326157e-6,0.0,0.0,
2022/04/01 14:20,18.241070174910703,0.5738902510267077,0.0074720564648327395,17.671424665887912,0.66840161041744,0.008408629207920484,-2.1759103515745437,-4.769250453449624e-6,-0.0,17.76333333333332,0.647233770710951,0.008186771862872973,2.3303277685217836,4.413697523626254e-6,0.0,0.0,
2022/04/01 14:30,18.219047213614488,0.5735862192526519,0.007457605312642811,17.666552448090044,0.6648692978086406,0.00836099011567341,-2.398623521195305,-4.543196522899444e-6,-0.0,17.79666666666668,0.6405518981179354,0.008118410862400508,2.154554842971038,4.0771818483605225e-6,0.0,0.0,
2022/04/01 14:40,18.19676976246609,0.5732268445784194,0.007442331005402117,17.662352597742654,0.6610162598657143,0.008309658149635548,-2.581762811241788,-4.303817738064711e-6,-0.0,17.829999999999984,0.6338955636444722,0.008050064691561764,1.981514164389182,3.7458161509234338e-6,0.0,0.0,
2022/04/01 14:50,18.174528166054415,0.572821006654737,0.007426490929532278,17.659357696217,0.6568822549852549,0.008255419152967668,-2.7353929966602664,-4.0560748941330255e-6,-0.0,17.863333333333344,0.6272646800268713,0.007981733345531747,1.8103665092603478,3.418086093682036e-6,0.0,0.0,
2022/04/01 15:00,18.152520794796317,0.5723742925035465,0.00741025425068696,17.657799294714607,0.6524985837347937,0.008198784137653157,-2.8684875549305393,-3.8035311336523673e-6,-0.0,17.896666666666647,0.6206591602983424,0.007913416819487562,1.6405602976678892,3.0929972357671595e-6,0.0,0.0,
2022/04/01 15:10,18.12856938303412,0.5718734137787399,0.007392424585490649,17.632086190246014,0.6477952037512371,0.008125547870502268,-2.738153586665817,-3.474290122366753e-6,-0.0,17.810000000000002,0.6171442390985933,0.007824664618781726,1.4093175479454203,2.672959060725609e-6,0.0,0.0,
2022/04/01 15:20,18.10109923901001,0.5713197898042307,0.007372291451033847,17.590826041691003,0.6428358660086344,0.00804129927453984,-2.4248620462759622,-3.1151352173874e-6,-0.0,17.70999999999998,0.6139124308724593,0.007733665869668122,1.1782603885208118,2.2545654486440936e-6,0.0,0.0,
2022/04/01 15:30,18.071247819990617,0.5707279539049306,0.007350592361313439,17.544197254324445,0.6377260519897018,0.007952817119283832,-2.0195238244377833,-2.7492594689400537e-6,-0.0,17.610000000000014,0.6106180771804951,0.007642693412240284,0.9523947462944307,1.8451177891053535e-6,0.0,0.0,
2022/04/01 15:40,18.039728997279497,0.5701048713512084,0.0073277627520173085,17.494332246978786,0.6325158335303881,0.007861909422930401,-1.5537038887765677,-2.382189712183237e-6,-0.0,17.50999999999999,0.6072604321950423,0.0075517472351054275,0.7303008471478734,1.4420894957414357e-6,0.0,0.0,
2022/04/01 15:50,18.007012477145565,0.5694534953694487,0.007304068452492202,17.44216262482729,0.6272358366259962,0.007769489289042624,-1.0504932815950951,-2.017756292346441e-6,-0.0,17.410000000000025,0.6038387418657065,0.007460827326877341,0.5111119180357946,1.0439436058637576e-6,0.0,0.0,
2022/04/01 16:00,17.973385886741937,0.5687740949737045,0.00727965349740392,17.388185678566117,0.6219062614808996,0.007676100254237854,-0.527797349727166,-1.6585739428254184e-6,-0.0,17.310000000000002,0.6003522438288827,0.0073699336761764035,0.2943582971872729,6.498530368492333e-7,0.0,0.0,
2022/04/01 16:10,17.939396979281582,0.5680913277549904,0.0072550956794465065,17.33891699487566,0.6167056679861638,0.007587164390745696,0.039254975997664594,-1.3653945344184173e-6,-0.0,17.20999999999998,0.5985958104107513,0.007301224495661856,0.15040288994782713,3.911849896519979e-7,0.0,0.0,
2022/04/01 16:20,17.905564451267992,0.5674168241190278,0.00723078550383995,17.291375631773747,0.6117773485285579,0.007502931201627195,0.5933849886264397,-1.1078584157669371e-6,-0.0,17.110000000000014,0.5969966162989365,0.0072349918993800735,0.013714942142541986,1.4586413087630372e-7,0.0,0.0,
2022/04/01 16:30,17.871687941529387,0.566737786659393,0.007206464823254474,17.242836826897644,0.6070714510335973,0.007421426248539085,1.1214369631795764,-8.652003542811046e-7,-0.0,17.00999999999999,0.5953558875849875,0.007168773243306863,-0.12289330219005024,-9.954886584147575e-8,0.0,0.0,
2022/04/01 16:40,17.837583337534852,0.5660466551799289,0.007181952762744684,17.192808965606275,0.602555614176417,0.00734200514455292,1.6259881291921376,-6.33655467600031e-7,-0.0,16.910000000000025,0.5936731019731968,0.007102568523041622,-0.2588321150913089,-3.4398381952291184e-7,0.0,0.0,
2022/04/01 16:50,17.803101230995367,0.5653383378799118,0.007157117830830026,17.14114838598863,0.5982043964252658,0.007264284604938738,2.1103023818278643,-4.1054031323969756e-7,-0.0,16.810000000000002,0.591947731266571,0.007036377734185596,-0.393672783259035,-5.866642835765888e-7,0.0,0.0,
2022/04/01 17:00,17.76812745158702,0.5646095609297279,0.007131869277166617,17.087834045860063,0.5939965531111431,0.0071879952536561325,2.5776853971899527,-1.9385108457695373e-7,-0.0,16.70999999999998,0.59017924130083,0.006970200872341885,-0.5271194297599777,-8.270552392683299e-7,0.0,0.0,
2022/04/01 17:10,17.734780581671146,0.5639026834056658,0.007107710954788548,17.05997086974628,0.5902159826493182,0.007128978322693439,2.8897608709263523,-1.0860306237935482e-7,-0.0,16.69999999999999,0.5885,0.006945682229566325,-0.5282942535152415,-8.33273121638631e-7,0.0,0.0,
2022/04/01 17:20,17.70478889650508,0.5632338935103129,0.007085620732288681,17.04727587973474,0.5869903190852014,0.007083806078778837,3.0462949847850496,-8.269738033649415e-8,-0.0,16.69999999999999,0.5868333333333334,0.006925792622031724,-0.5211191539224274,-8.24778590533772e-7,0.0,0.0,
2022/04/01 17:30,17.677032958501,0.5625798447564363,0.007064781346969119,17.038543650165764,0.5841511605573975,0.007045210202318815,3.104924427332208,-7.405382500410096e-8,-0.0,16.69999999999999,0.5851666666666667,0.006905904272424442,-0.5180183043601119,-8.235164405717669e-7,0.0,0.0,
2022/04/01 17:40,17.650763744868584,0.5619289194006837,0.007044699367213781,17.031460388071196,0.581604047071517,0.007010960091027454,3.095858253695951,-7.456263198580884e-8,-0.0,16.69999999999999,0.5835,0.006886017180625147,-0.5173828726665306,-8.266048084521762e-7,0.0,0.0,
2022/04/01 17:50,17.62547545891698,0.5612750406956218,0.007025065482806509,17.025082495939387,0.5792839129469393,0.00697982387229566,3.0423298147627524,-7.874998021053766e-8,-0.0,16.69999999999999,0.5818333333333333,0.0068661313465145195,-0.5182043540448831,-8.322420827774232e-7,0.0,0.0,
2022/04/01 18:00,17.600849973189042,0.5606158668984061,0.007005704503001037,17.0189621042843,0.5771429383029735,0.006951011174961699,2.9627842702950606,-8.28438254757311e-8,-0.0,16.69999999999999,0.5801666666666666,0.006846246769973255,-0.5199115398929735,-8.394124204886869e-7,0.0,0.0,
2022/04/01 18:10,17.5742089529723,0.5599040555187593,0.0069848228382924215,16.98233809748615,0.5748101903074224,0.00690636886003965,3.0413073042154797,5.212317395042634e-8,-0.0,16.595000000000027,0.5786196385902178,0.006781867053929842,-0.6617368275246918,-1.0937814801406475e-6,0.0,0.0,
2022/04/01 18:20,17.54345687972568,0.5591230934328604,0.006961292186519107,16.926653028932492,0.5721120742003367,0.006849091972702919,3.281138610586254,2.499242944747238e-7,-0.0,16.478333333333353,0.5770373795013274,0.0067125578752951056,-0.8109975999102517,-1.3613161765872948e-6,0.0,0.0,
2022/04/01 18:30,17.509779652068346,0.5582995714224139,0.006935994318492807,16.864518084527106,0.5692047847968436,0.006786800483820997,3.620769927414358,4.664187210873073e-7,-0.0,16.36166666666668,0.5754033058489469,0.006643263974558941,-0.9544465545704952,-1.6187410391799333e-6,0.0,0.0,
2022/04/01 18:40,17.473983793985155,0.5574477332893396,0.006909480328858433,16.798582864196476,0.5661624802189072,0.006721630762138334,4.029785831465915,6.932297518926542e-7,-0.0,16.245000000000005,0.5737166458852896,0.0065739853466703175,-1.0938805506871176,-1.8692810121251078e-6,0.0,0.0,
2022/04/01 18:50,17.436623368369737,0.5565757947438591,0.006882108911254016,16.729985933107343,0.5630294704315282,0.006654663398933966,4.483759021965739,9.243877442612217e-7,-0.0,16.12833333333333,0.571976617596069,0.00650472198658043,-1.2304691244307833,-2.115030832097403e-6,0.0,0.0,
2022/04/01 19:00,17.398049830980995,0.5556877102763191,0.00685409261456973,16.659325140083354,0.5598341254801962,0.00658653389452602,4.9624743290263496,1.155561280224396e-6,-0.0,16.011666666666656,0.5701824285655243,0.006435473889242703,-1.3649053073813775,-2.357227966772295e-6,0.0,0.0,
2022/04/01 19:10,17.359867826766674,0.5548278310233536,0.006826690615771981,16.60544043233915,0.5569122710418871,0.006529150627472663,5.411387212180331,1.2746870772965664e-6,-0.0,15.939999999999998,0.570020762821725,0.006403926514884992,-1.3784212940315683,-2.3791045392900582e-6,0.0,0.0,
2022/04/01 19:20,17.32342232212403,0.5540153040532242,0.00680072046379665,16.56081394441935,0.554474704522497,0.006481656267790461,5.779839036924842,1.3401275398067806e-6,-0.0,15.873333333333335,0.5700353510421226,0.006376569440267443,-1.3829433518396854,-2.384555186618327e-6,0.0,0.0,
2022/04/01 19:30,17.288034438867726,0.5532291179487832,0.006775615315098735,16.51767109977345,0.5523846742356608,0.006439085827741741,6.082682104243418,1.3879495744973059e-6,-0.0,15.806666666666672,0.5700409276295836,0.0063492147474839946,-1.3902779847064721,-2.395136273099643e-6,0.0,0.0,
2022/04/01 19:40,17.2532018455438,0.5524577026687422,0.006751008084391333,16.47449601842152,0.5505628252949262,0.006399835515553721,6.335258901347629,1.4242938081908273e-6,-0.0,15.740000000000009,0.5700374053741986,0.006321862436223605,-1.3992283129866792,-2.408689701427048e-6,0.0,0.0,
2022/04/01 19:50,17.218559831976336,0.5516938343988997,0.006726648885335698,16.430735190016264,0.548953564512696,0.006363000200894682,6.550828390372204,1.453474297049356e-6,-0.0,15.673333333333346,0.5700246963706037,0.006294512506175282,-1.408979583911787,-2.423748781948135e-6,0.0,0.0,
2022/04/01 20:00,17.183860024395585,0.550933401023531,0.006702378969078175,16.38617260446341,0.5475155132116314,0.006327990515615045,6.740825628514813,1.4786420436938124e-6,-0.0,15.606666666666683,0.5700027120126552,0.006267164957028082,-1.4190141982544446,-2.4393834884235606e-6,0.0,0.0,
2022/04/01 20:10,17.15187400732532,0.55019944762705,0.0066796657584854485,16.37443557773304,0.5464106240213424,0.006310322562973658,6.607087026204682,1.4051336971393992e-6,-0.0,15.689999999999998,0.5669480109494384,0.006266950899327596,-1.3456557664972024,-2.318053592411671e-6,0.0,0.0,
2022/04/01 20:20,17.124639358053628,0.5494945899262758,0.006659396639517926,16.384371672516124,0.5455988494649439,0.006304883063825223,6.244195823902033,1.2932755816664817e-6,-0.0,15.79000000000002,0.5635786535742093,0.0062697515522443905,-1.270436832942778,-2.194677050035515e-6,0.0,0.0,
2022/04/01 20:30,17.100711751553206,0.5488008876424889,0.00664071861330589,16.402398103534097,0.5449129950984334,0.006304185721894311,5.764171526291762,1.1729127760712761e-6,-0.0,15.889999999999986,0.5602320164356854,0.00627255223013048,-1.2004055719276039,-2.080502479987449e-6,0.0,0.0,
2022/04/01 20:40,17.07917959049911,0.548110023768655,0.006623131529299478,16.425565285676328,0.5442753229420918,0.006306126346899883,5.2075068166402625,1.0504776777081614e-6,-0.0,15.990000000000009,0.5569079295632304,0.006275352932986199,-1.1339312438324214,-1.972618765938275e-6,0.0,0.0,
2022/04/01 20:50,17.05944506888602,0.5474186274162132,0.006606333454946581,16.45254441864239,0.5436410520254301,0.006309643868651029,4.604421164252699,9.304989125701331e-7,-0.0,16.089999999999975,0.5536062243759736,0.006278153660811882,-1.0700293983263691,-1.8692751092102931e-6,0.0,0.0,
2022/04/01 21:00,17.04114810386926,0.5467266781430533,0.006590166603565305,16.48259740341615,0.5429830027443955,0.006314121107880644,3.9787014622993415,8.161588226940778e-7,-0.0,16.189999999999998,0.5503267336705693,0.006280954413607863,-1.0081855723258286,-1.7695636852850023e-6,0.0,0.0,
2022/04/01 21:10,17.020188995490628,0.5459781844793125,0.006572219077515861,16.468414452012496,0.5418432095652067,0.00629498854453039,3.6735431967298386,8.864720583101065e-7,-0.0,16.110000000000014,0.5485930028896779,0.006228761387876208,-1.119842938426018,-1.9713070366200923e-6,0.0,0.0,
2022/04/01 21:20,16.993470308923747,0.5451577531559189,0.006551015175042236,16.426499800700014,0.5400744079961368,0.006257339902422447,3.6470809362202776,1.0391615070417087e-6,-0.0,16.00999999999999,0.5469918331213324,0.006170468219706704,-1.2407723965038713,-2.188825949304407e-6,0.0,0.0,
2022/04/01 21:30,16.96288652529023,0.5443013139127747,0.006527809496411189,16.375891439096506,0.5379344857217335,0.006212038739975158,3.7860970753388306,1.2180517176902333e-6,-0.0,15.910000000000025,0.5453503463236767,0.006112185868546499,-1.3551397995938714,-2.394835453883027e-6,0.0,0.0,
2022/04/01 21:40,16.92971782456135,0.5434280715971493,0.006503386663978733,16.32053567549991,0.5355492029385439,0.006162226766251562,4.042986278547573,1.4122100723258228e-6,-0.0,15.810000000000002,0.5436680343547513,0.006053914331385027,-1.465503416741285,-2.593929281264888e-6,0.0,0.0,
2022/04/01 21:50,16.894852262244456,0.5425488249060583,0.006478258386649093,16.262096392000103,0.532995157033588,0.006109519115343859,4.379907089347626,1.6136925220312465e-6,-0.0,15.70999999999998,0.5419443833007658,0.005995653605212845,-1.5735316833608977,-2.789096654178364e-6,0.0,0.0,
2022/04/01 22:00,16.858864001302607,0.5416683649747843,0.0064527279344759264,16.201425824081582,0.5303224235549928,0.006054876908280403,4.765554615891574,1.8166435137906734e-6,-0.0,15.610000000000014,0.5401788734110884,0.00593740368702162,-1.680213420514292,-2.982102902207588e-6,0.0,0.0,
2022/04/01 22:10,16.82345853382168,0.5408291249202075,0.006428013069520964,16.1569764259699,0.5278876764885594,0.006009574336282841,5.1352517299784495,1.9136585458228555e-6,-0.0,15.555000000000007,0.5400111463377503,0.005914451894799489,-1.6744649262764142,-2.9698578954108707e-6,0.0,0.0,
2022/04/01 22:20,16.79002187971372,0.5400482034757536,0.006404881945464346,16.121564952208814,0.5259138671157295,0.005973240899016008,5.435363409046091,1.959880315294369e-6,-0.0,15.504999999999995,0.5400189628343187,0.005895422552000753,-1.6610910787399007,-2.943634474370939e-6,0.0,0.0,
2022/04/01 22:30,16.7579281807744,0.5393040459195624,0.006382807463883835,16.087667277564094,0.5242649284162966,0.005941337256261065,5.676687993202449,1.9890401889487756e-6,-0.0,15.454999999999984,0.5400219367540079,0.005876394362559494,-1.6511586508352138,-2.9236681401835932e-6,0.0,0.0,
2022/04/01 22:40,16.72669684961687,0.5385840657721719,0.006361434913397493,16.053839210916408,0.5228627005315964,0.005912385945440465,5.871600682995677,2.0066571977339086e-6,-0.0,15.404999999999973,0.5400200329107966,0.005857367326370856,-1.6435111073310509,-2.9078657572992838e-6,0.0,0.0,
2022/04/01 22:50,16.69596594954851,0.5378798621890082,0.006340511678997929,16.01956675768008,0.5216531179240644,0.005885556379936575,6.031557634748879,2.0167440101158833e-6,-0.0,15.355000000000018,0.540013215907922,0.005838341443330001,-1.637324797969768,-2.894738679097927e-6,0.0,0.0,
2022/04/01 23:00,16.665479301568325,0.5371861474538301,0.006319867797228221,15.98465733056588,0.5205964682712897,0.005860311460513586,6.166958041200133,2.0223423459701258e-6,-0.0,15.305000000000007,0.5400014501366753,0.005819316713332098,-1.6320455576656059,-2.883286624746838e-6,0.0,0.0,
2022/04/01 23:10,16.637198105124185,0.5365236106329013,0.0063005404569181165,15.974083320030957,0.5198541930968631,0.005847886638485663,6.080748668646834,1.946309773631434e-6,-0.0,15.360000000000014,0.5384869664471802,0.005823573206894635,-1.5551505262833416,-2.7499802060819144e-6,0.0,0.0,
2022/04/01 23:20,16.612608969641258,0.5358962607417967,0.006283167256988366,15.979357473262382,0.5194324867746135,0.005845086705230686,5.829333219809882,1.8375612520421615e-6,-0.0,15.426666666666677,0.5368112389652127,0.005830416574340827,-1.4761924688955332,-2.6136915060957354e-6,0.0,0.0,
2022/04/01 23:30,16.590627881213152,0.5352884966025164,0.006267113480576831,15.990286710854434,0.5191843265820443,0.005846388380326246,5.489674688240599,1.7212922128295083e-6,-0.0,15.49333333333334,0.5351411984787067,0.005837260090976029,-1.4015359021598215,-2.4850993625246176e-6,0.0,0.0,
2022/04/01 23:40,16.570559382151202,0.5346927391730022,0.006252001554613199,16.004672120121825,0.5190357797999745,0.005850125684138523,5.091974110016509,1.6026295605313575e-6,-0.0,15.560000000000002,0.533476825161685,0.0058441037568051175,-1.3299497500090638,-2.3619977421246444e-6,0.0,0.0,
2022/04/01 23:50,16.55194360723368,0.5341054023213101,0.006237598965761549,16.02154527881322,0.5189415047426753,0.005855421699145015,4.6589632172924675,1.4851310185120404e-6,-0.0,15.626666666666665,0.5318180992522401,0.005850947571832974,-1.2606759032760237,-2.2430323303873013e-6,0.0,0.0,
2022/04/02 00:00,16.534500172251228,0.5335256066777403,0.006223778974333893,16.040384794783847,0.5188720734064564,0.00586174798490832,4.208562848702968,1.3712894206886463e-6,-0.0,15.693333333333328,0.530165001052419,0.005857791536064477,-1.193301127508903,-2.1274691747413297e-6,0.0,0.0,
2022/04/02 00:10,16.514577826200252,0.5329056619875787,0.006208519705994635,16.019087832732737,0.5184220873099843,0.005848578816756023,4.059026583657328,1.4106990001615858e-6,-0.0,15.595000000000027,0.5300592589147514,0.0058194812465761575,-1.2684589243381197,-2.2591796536515404e-6,0.0,0.0,
2022/04/02 00:20,16.48942619015554,0.532232733322296,0.006190584371862332,15.972125422309205,0.5174703283218699,0.005820084208905393,4.160687930627205,1.5168059007362095e-6,-0.0,15.478333333333353,0.5301011389815703,0.005776159489184738,-1.351231293908313,-2.403812467769695e-6,0.0,0.0,
2022/04/02 00:30,16.46072476704154,0.5315364691373164,0.006171007028270376,15.91652872416654,0.5162462471279259,0.005785396945415161,4.407890957346581,1.6432338646435174e-6,-0.0,15.361666666666679,0.5301173773210807,0.00573284371008875,-1.428630403523357,-2.5390403097491746e-6,0.0,0.0,
2022/04/02 00:40,16.429597263020128,0.5308324663317024,0.006150428684137271,15.855896761046722,0.5148591656361488,0.005747171135666488,4.757498031955266,1.781232069375725e-6,-0.0,15.245000000000005,0.530107536293683,0.005689533908050794,-1.502746265192627,-2.6686204770999183e-6,0.0,0.0,
2022/04/02 00:50,16.396815680379973,0.530129322201006,0.00612926355928784,15.791783153950405,0.513373616847678,0.005706759402304519,5.175245256513109,1.9244070338228562e-6,-0.0,15.12833333333333,0.5300711721148503,0.0056462300818338135,-1.5749294456552434,-2.7949753313116326e-6,0.0,0.0,
2022/04/02 01:00,16.362870658973748,0.5294306240065844,0.006107752375162416,15.725009623649896,0.5118301656655243,0.005664954116056724,5.632799250175822,2.0680094052320655e-6,-0.0,15.011666666666656,0.5300078347717394,0.005602932230201088,-1.6459648205961912,-2.919507229159828e-6,0.0,0.0,
2022/04/02 01:10,16.329717767233603,0.5287827519679204,0.0060872043068658736,15.677690222569026,0.5106218755586268,0.0056342018004662976,6.040525880769679,2.093784377675407e-6,-0.0,14.954999999999984,0.5314865818067082,0.005598050962056565,-1.5948832578674228,-2.8215716498750725e-6,0.0,0.0,
2022/04/02 01:20,16.29894257498637,0.5282038383922916,0.006068442115981792,15.641444218694517,0.5099796068419593,0.005613880510238487,6.351713282410857,2.0645362545471455e-6,-0.0,14.904999999999973,0.5331438642281822,0.005597437839265987,-1.535708266721258,-2.7088339703749853e-6,0.0,0.0,
2022/04/02 01:30,16.269743287949154,0.5276700368295505,0.006050864307141997,15.607255351619642,0.5097317563823675,0.0055987358706920684,6.5877776732401125,2.01767909311993e-6,-0.0,14.855000000000018,0.5348069841919442,0.005596824717673368,-1.4803949463632762,-2.6030989436447087e-6,0.0,0.0,
2022/04/02 01:40,16.24152193701906,0.5271677551124074,0.006034073341474567,15.573377956210777,0.5097794337780847,0.005587008279379949,6.765849136669999,1.9592203817574727e-6,-0.0,14.805000000000007,0.5364759644489502,0.005596211597278709,-1.4276471222960936,-2.502020174675648e-6,0.0,0.0,
2022/04/02 01:50,16.21383652682789,0.5266881214390289,0.0060177904872002926,15.53918298210408,0.5100549067037906,0.005577700999030475,6.901037543161692,1.8934744871151838e-6,-0.0,14.754999999999995,0.5381508278468841,0.005595598478082003,-1.3765559902501536,-2.4039547849556917e-6,0.0,0.0,
2022/04/02 02:00,16.186379829335408,0.5262257307162318,0.006001831641744717,15.504427584080702,0.5105091746617202,0.005570170747181375,7.006668104913275,1.8236814595015055e-6,-0.0,14.704999999999984,0.5398315973306178,0.00559498536008325,-1.3265212842416076,-2.3078192252072333e-6,0.0,0.0,
2022/04/02 02:10,16.16212129062984,0.5258209738741185,0.005987804860379705,15.506805380109483,0.5114538490597142,0.005581429489134144,6.814104655546771,1.6212770029342594e-6,-0.0,14.805000000000007,0.5400621272977191,0.005633959246813359,-1.1537127384190171,-1.9981230248640287e-6,0.0,0.0,
2022/04/02 02:20,16.143371154904457,0.5254851806192574,0.005976718689982861,15.533188019429417,0.5129569967019699,0.005607547187757536,6.385767042592079,1.3652402577587601e-6,-0.0,14.921666666666681,0.5401048458563086,0.00567733738505258,-0.9761319962719881,-1.6808385469914511e-6,0.0,0.0,
2022/04/02 02:30,16.128536794971694,0.5251930157558546,0.005967655958235931,15.567992931648462,0.5147759380187723,0.005640299605886763,5.827233908953531,1.097278272896466e-6,-0.0,15.038333333333355,0.5401203152938486,0.005720721519758076,-0.8051291193210091,-1.3755743216825844e-6,0.0,0.0,
2022/04/02 02:40,16.116586799571508,0.5249320091404985,0.0059600696044448944,15.60784039243697,0.5167838782240045,0.005677115971754305,5.183020252516713,8.251160314830822e-7,-0.0,15.154999999999973,0.5401089922625824,0.005764111652173333,-0.6389204134868578,-1.0791235735216014e-6,0.0,0.0,
2022/04/02 02:50,16.10683857084831,0.5246958233325905,0.005953620257957383,15.651250450932707,0.5189011390925915,0.005716615139461678,4.48705037642128,5.540923438090213e-7,-0.0,15.271666666666647,0.5400713270791647,0.005807507783542183,-0.4763993575495533,-7.895020448277706e-7,0.0,0.0,
2022/04/02 03:00,16.098877719798452,0.5244822945416747,0.005948121123660973,15.697434978551371,0.5210748660870975,0.005757951686127883,3.7662518135857685,2.879789244596929e-7,-0.0,15.388333333333321,0.540007763809602,0.0058509099151088,-0.316956902456468,-5.056224740402856e-7,0.0,0.0,
2022/04/02 03:10,16.087402492488025,0.5241669232672499,0.005940114589168915,15.681776251825397,0.5223185243148724,0.005765981763568387,3.298409341900879,3.4639138119312177e-7,-0.0,15.310000000000002,0.5371415086984206,0.005790086799561589,-0.4891652329454246,-8.208669275272044e-7,0.0,0.0,
2022/04/02 03:20,16.068018819623774,0.5237008039915967,0.005927369990512664,15.629055931002938,0.522112373416255,0.005744068915639654,3.1540465414627765,5.505538183765831e-7,-0.0,15.20999999999998,0.5339077883212995,0.00571769859670613,-0.6836330553280732,-1.176561337637963e-6,0.0,0.0,
2022/04/02 03:30,16.04322835896562,0.5231458210448146,0.005911571623352231,15.566254641342425,0.5209350369609713,0.0057077609594191545,3.2331325032618,7.96486088761741e-7,-0.0,15.110000000000014,0.5306127095742144,0.005645327085569386,-0.8680896498294715,-1.5144669090215635e-6,0.0,0.0,
2022/04/02 03:40,16.014776114479957,0.5225344775283658,0.00589377322379746,15.498928521696826,0.5190460439977951,0.005662148884958826,3.471433327006821,1.0671753070731005e-6,-0.0,15.009999999999991,0.5272555332492277,0.005572972260378707,-1.0459707392246855,-1.8407931446816827e-6,0.0,0.0,
2022/04/02 03:50,15.983872181863319,0.5218861236094151,0.005874668559197372,15.429315578181104,0.5166149482594946,0.005610044792290911,3.8165819872665456,1.3508272978005997e-6,-0.0,14.910000000000025,0.523835511874955,0.005500634115364096,-1.219538369032307,-2.1596206941648592e-6,0.0,0.0,
2022/04/02 04:00,15.951292909136498,0.5212109088264836,0.0058546769172726325,15.35847389177269,0.5137601342667789,0.005553223160007656,4.225103261204595,1.6389286647287131e-6,-0.0,14.810000000000002,0.5203518896242195,0.005428312644758225,-1.3901596446221447,-2.47341003014329e-6,0.0,0.0,
2022/04/02 04:10,15.920733467148693,0.5206349246811629,0.005836624469596375,15.330814830121597,0.5115143689798712,0.005518832751085295,4.642894152215718,1.6427145140783178e-6,-0.0,14.800000000000011,0.523,0.005452631054038187,-1.2520095714432955,-2.216566749161782e-6,0.0,0.0,
2022/04/02 04:20,15.895479114015359,0.5202144578863585,0.005822368104852701,15.327642022429188,0.5105816819176485,0.0055075481251748775,4.901622929733663,1.5156785740319394e-6,-0.0,14.800000000000011,0.5263333333333334,0.0054876899305436105,-1.0912173506392264,-1.9175204011700957e-6,0.0,0.0,
2022/04/02 04:30,15.873963818702748,0.5198953510215631,0.005810686881435927,15.329819075265561,0.510577927907017,0.005508284357429875,5.015545100514488,1.3518572689782768e-6,-0.0,14.800000000000011,0.5296666666666667,0.005522752725093017,-0.9388085969205804,-1.6337130636954951e-6,0.0,0.0,
2022/04/02 04:40,15.855013855498669,0.5196483747224655,0.005800799095236136,15.33346253575337,0.5112705560073972,0.005517125445766448,5.022101646685543,1.1650832127802283e-6,-0.0,14.800000000000011,0.533,0.005557819438343241,-0.7922345638501156,-1.360517432642408e-6,0.0,0.0,
2022/04/02 04:50,15.837788349972584,0.5194547789657632,0.005792171600882662,15.337122453440656,0.512495622657861,0.005531774566198539,4.954251713457439,9.648031634749735e-7,-0.0,14.800000000000011,0.5363333333333333,0.005592890070951264,-0.6497569301377553,-1.094781654955768e-6,0.0,0.0,
2022/04/02 05:00,15.821730426539716,0.5193032280376252,0.00578446420937871,15.340214830345133,0.5141324370254501,0.005550711903985165,4.840473175407283,7.57869569151024e-7,-0.0,14.800000000000011,0.5396666666666667,0.0056279646235742175,-0.5102665082663407,-8.344968091742906e-7,0.0,0.0,
2022/04/02 05:10,15.808047339562506,0.519170266741018,0.005777860913099285,15.358368374438271,0.5159670055044048,0.005577252946284783,4.435300854891011,5.602286046579812e-7,-0.0,14.904999999999973,0.5385035250639234,0.005654220042579262,-0.40313074922823944,-6.474031566443964e-7,0.0,0.0,
2022/04/02 05:20,15.79746149466149,0.5190379532840668,0.005772426342062755,15.387940929936462,0.5177262160931211,0.005607173485582434,3.8809846501641236,3.736379595166015e-7,-0.0,15.021666666666647,0.5368391425734502,0.005679497252272018,-0.30299506494020534,-4.7458512138383573e-7,0.0,0.0,
2022/04/02 05:30,15.789188655696421,0.5189065625650384,0.005767868344062349,15.42295244404346,0.5193674498431591,0.005637881829916967,3.2726663544036687,1.925924533894424e-7,-0.0,15.138333333333321,0.535173172462226,0.005704776498000039,-0.20571080635590988,-3.069424833769191e-7,0.0,0.0,
2022/04/02 05:40,15.7827895490326,0.5187768266269699,0.005764029641322546,15.461993883315643,0.5208808202434821,0.005668774495138745,2.634245408462448,1.7820339075384522e-8,-0.0,15.254999999999995,0.5335057477867226,0.005730057780009329,-0.110765168881926,-1.4356832859456893e-7,0.0,0.0,
2022/04/02 05:50,15.777995660551994,0.5186504584718608,0.005760828176168602,15.504345743941712,0.5222662062435225,0.005699597129839892,1.9820163847543883,-1.5005306160965237e-7,-0.0,15.37166666666667,0.5318369992573165,0.005755341098545939,-0.017890602870920702,1.6005648432887713e-8,0.0,0.0,
2022/04/02 06:00,15.77465839219201,0.518529776558908,0.005758233678319452,15.549550922624803,0.5235276213664434,0.005730231859045397,1.3279941053434643,-3.1061099308061943e-7,-0.0,15.488333333333344,0.530167055273184,0.0057806264538559585,0.07301158865470825,1.7194601479108245e-7,0.0,0.0,
2022/04/02 06:10,15.767926676650916,0.5183119008282046,0.005753289056257892,15.537857729182292,0.5238831931957326,0.005729821758251715,0.9673579012394385,-1.9198877177387715e-7,-0.0,15.410000000000025,0.5271405366134344,0.005718237088783661,-0.11428685231976488,-1.7092331855170857e-7,0.0,0.0,
2022/04/02 06:20,15.753820755376864,0.5179587600756448,0.005744095367865855,15.49151516118468,0.5229544443613726,0.0057024382025044895,0.926258623799754,4.97914016614506e-8,-0.0,15.310000000000002,0.523906130013885,0.00564612170851709,-0.3194428713727575,-5.458649735143184e-7,0.0,0.0,
2022/04/02 06:30,15.734706753139449,0.5175241686321429,0.005732147062478697,15.435364408345038,0.5211646139181262,0.005662118116035746,1.0946454434900943,3.2593884833748807e-7,-0.0,15.20999999999998,0.5206107859246272,0.005574022896291269,-0.5155634485440714,-9.047637009969631e-7,0.0,0.0,
2022/04/02 06:40,15.712205621061742,0.5170361030558359,0.005718369729647258,15.374581274322168,0.5187432823631157,0.005613427252248348,1.4102207639842845,6.218404964541185e-7,-0.0,15.110000000000014,0.5172537717132754,0.005501940646397252,-0.7056664848637411,-1.2530761861550847e-6,0.0,0.0,
2022/04/02 06:50,15.68742898559293,0.51651093586994,0.0057033667151467965,15.311287071232414,0.5158409714317883,0.005558890737015391,1.8230892689126679,9.273845374014533e-7,-0.0,15.009999999999991,0.5138343465679313,0.005429874953128722,-0.8917192063302082,-1.5943525475289766e-6,0.0,0.0,
2022/04/02 07:00,15.661080738819237,0.5159569638808674,0.00568749730702121,15.246507696508672,0.5125631293782499,0.005500106250306323,2.2922877739426895,1.235284196102772e-6,-0.0,14.910000000000025,0.5103517614058516,0.005357825810781974,-1.0748930893093984,-1.9307015574009554e-6,0.0,0.0,
2022/04/02 07:10,15.637892198748943,0.5155054917946961,0.005673961325918845,15.23687593729187,0.5099753992915418,0.005468677377481992,2.638399257587594,1.23289666500578e-6,-0.0,14.95999999999998,0.5115522197298025,0.00538801810110748,-0.9323171696394184,-1.6713155797110768e-6,0.0,0.0,
2022/04/02 07:20,15.6218866103099,0.5152112625770322,0.005664826786808135,15.26005102502694,0.5087474358896695,0.005463597953412803,2.7376555887212817,1.090976626359026e-6,-0.0,15.026666666666642,0.5132550523286843,0.005429574768724694,-0.7670386168308596,-1.37030672486903e-6,0.0,0.0,
2022/04/02 07:30,15.610962108674812,0.5150145213816012,0.005658644370719815,15.291972589571287,0.5084481953856448,0.005471667563665027,2.648294783892311,9.106083403642917e-7,-0.0,15.093333333333362,0.5149350583310143,0.00547113694193325,-0.6113675027902445,-1.0868208122574531e-6,0.0,0.0,
2022/04/02 07:40,15.603603807151785,0.514883359508596,0.005654498337849388,15.327619639804652,0.5088255534613875,0.005488429987909868,2.4224505896552273,7.069386984574288e-7,-0.0,15.160000000000025,0.5165924222934906,0.005512704621827323,-0.4623180566049996,-8.154417671701048e-7,0.0,0.0,
2022/04/02 07:50,15.598743503319383,0.5147978345560984,0.0056517734918667736,15.36499592610744,0.5097052981877095,0.0055113346945210116,2.104317111878231,4.90430764699448e-7,-0.0,15.226666666666688,0.5182273273996909,0.005554277809501383,-0.31788442861306976,-5.525361605218749e-7,0.0,0.0,
2022/04/02 08:00,15.595685554171439,0.5147464820955091,0.005650086884440072,15.40319412401476,0.5109611990565935,0.005538723649605959,1.7314461267540084,2.6873438929907186e-7,-0.0,15.29333333333335,0.5198399554702359,0.005595856506050183,-0.17681801316416568,-2.9584555644527195e-7,0.0,0.0,
2022/04/02 08:10,15.595546457837315,0.5146871351410727,0.005649378718955488,15.45627103225155,0.5122313100538742,0.0055717329715923684,1.0020410466967178,9.594927580612853e-8,-0.0,15.480000000000018,0.5153717590212308,0.005614820393988533,-0.11267733215913722,-1.976429629565088e-7,0.0,0.0,
2022/04/02 08:20,15.598869248876099,0.514592600198803,0.005649545786345943,15.52186908437858,0.5131163894694292,0.005605198003018524,0.11284902762952244,-4.569551219578633e-8,-0.0,15.680000000000007,0.5102832233214495,0.005631272008038558,-0.05958160848672378,-1.2145468570295547e-7,0.0,0.0,
2022/04/02 08:30,15.604902327720879,0.5144712341411787,0.005650405779130894,15.594751554604443,0.5136311095522101,0.005637392498247228,-0.8201521705069582,-1.7508707086369742e-7,-0.0,15.879999999999995,0.5052508277473822,0.005647724484600721,-0.008742354112428075,-4.928152992803123e-8,0.0,0.0,
2022/04/02 08:40,15.613268481395437,0.5143284836387237,0.005651881174571618,15.673551235424497,0.5138071881756334,0.005668152073619711,-1.7722069044788216,-2.932363542173882e-7,-0.0,16.079999999999984,0.5002739040965871,0.005664177823742848,0.04009319388092081,1.9306103297570063e-8,0.0,0.0,
2022/04/02 08:50,15.623758879336833,0.5141695080158543,0.005653952984567971,15.757478292923565,0.5136768117537852,0.005697520465336188,-2.7271397127731234,-4.006353592637485e-7,-0.0,16.279999999999973,0.49535179246849337,0.00568063202553278,0.08698694636814253,8.44000508636123e-8,0.0,0.0,
2022/04/02 09:00,15.636277832353585,0.5139991686240994,0.0056566404965757875,15.845974988562546,0.5132698637397348,0.005725598043386334,-3.673405297828367,-4.976525781014313e-7,-0.0,16.480000000000018,0.49048384116142313,0.005697087090038361,0.13187601686809103,1.4587171547091109e-7,0.0,0.0,
2022/04/02 09:10,15.64665181630096,0.5137241930664812,0.005657380580058183,15.886640158538285,0.5118677942353603,0.005724822964465249,-4.374817888816551,-3.3804667350056247e-7,-0.0,16.514999999999986,0.48396857589270176,0.005633376408202652,-0.07826554232451599,-2.5008947742871407e-7,0.0,0.0,
2022/04/02 09:20,15.651420662722671,0.5133102531267898,0.005654523925273019,15.899322275369855,0.5091109411731553,0.005698369763037681,-4.792252682671006,-6.348613948420479e-8,-0.0,16.531666666666638,0.477280032738248,0.0055607743287972,-0.30567032493559054,-6.766938669809194e-7,0.0,0.0,
2022/04/02 09:30,15.652687762526398,0.5128077431411641,0.005649400916290207,15.905770914097388,0.5054076523340622,0.005658897067267881,-5.014906553365677,2.4481302940885683e-7,-0.0,16.548333333333346,0.4706051916435865,0.00548818904407625,-0.5256309063242952,-1.0897038894095844e-6,0.0,0.0,
2022/04/02 09:40,15.651914341816394,0.5122432994592461,0.005642844063909522,15.910415991082289,0.5009887227984875,0.005610654816699068,-5.09699002169782,5.736044117691972e-7,-0.0,16.564999999999998,0.4639440284426464,0.005415620548212924,-0.7408617048699853,-1.4940355098350114e-6,0.0,0.0,
2022/04/02 09:50,15.650114626538425,0.5116329295761737,0.005635403554437602,15.914995902378564,0.4960111658514097,0.0055560539685914016,-5.082161969393724,9.137274547650165e-7,-0.0,16.58166666666665,0.4572965190113445,0.005343068835383047,-0.9531566206403568,-1.8929316897294438e-6,0.0,0.0,
2022/04/02 10:00,15.647943399191092,0.5109852265487436,0.00562741480189055,15.92028733496204,0.4905892961407274,0.005496660404364909,-5.006338379947124,1.2585596529320876e-6,-0.0,16.598333333333358,0.450662639267486,0.00527053389976513,-1.1636092891774297,-2.288365230172971e-6,0.0,0.0,
2022/04/02 10:10,15.648783266326973,0.5104276015878088,0.005621523502447121,15.967591859608376,0.48581779206776815,0.005459360668711369,-4.87912795345153,1.323146431003633e-6,-0.0,16.689999999999998,0.45003683907333103,0.0052941789044684585,-1.0673062433479572,-2.118306091199705e-6,0.0,0.0,
2022/04/02 10:20,15.655742887959548,0.510017409902824,0.0056194931027981065,16.038167163005255,0.4824601749100391,0.005446018788771842,-4.882759932082763,1.2603539326593906e-6,-0.0,16.79000000000002,0.4500622238835737,0.005328513114372096,-0.9487395248131634,-1.9070310634376639e-6,0.0,0.0,
2022/04/02 10:30,15.667367598301325,0.5097009398454537,0.005620196775228289,16.113727672745938,0.4801053095734268,0.0054456483511767075,-5.013511982310774,1.1639657356421612e-6,-0.0,16.889999999999986,0.4500714669677777,0.005362851082966745,-0.8390749862546727,-1.71203553889576e-6,0.0,0.0,
2022/04/02 10:40,15.682562917547841,0.5094494035082185,0.00562291859028661,16.19057327189131,0.4784970127239367,0.005454164833156729,-5.23550025679242,1.047297512370469e-6,-0.0,16.99000000000001,0.4500647974532366,0.005397192810869655,-0.735978339474741,-1.529069609554447e-6,0.0,0.0,
2022/04/02 10:50,15.700550333950503,0.5092441825952064,0.005627171371361462,16.267364714329062,0.4774517473869752,0.005469103278385221,-5.517329930639221,9.193198706036467e-7,-0.0,17.089999999999975,0.45004244177416586,0.00543153829869821,-0.6378611443360569,-1.355244505003717e-6,0.0,0.0,
2022/04/02 11:00,15.720818730294695,0.50907377207988,0.005632644321773983,16.34360558329064,0.47683307946205733,0.005488799945423558,-5.83224994142995,7.86486015085941e-7,-0.0,17.189999999999998,0.4500046237022839,0.005465887547069932,-0.5437100470305722,-1.1887183539264018e-6,0.0,0.0,
2022/04/02 11:10,15.742998467913367,0.5088554024395825,0.005638280916291808,16.413863990907657,0.4759073040371994,0.005502843121384489,-6.412634708979681,8.015655619971189e-7,-0.0,17.350000000000023,0.44377150462925546,0.005444838619797666,-0.630718124113173,-1.3668276234495502e-6,0.0,0.0,
2022/04/02 11:20,15.766321776822963,0.5085446435334724,0.00564330315318933,16.484437745243667,0.4740718309421069,0.0055063396982374955,-7.047562331627547,8.894132013597666e-7,-0.0,17.51666666666665,0.43694750320319264,0.0054176363507469965,-0.7357860451961642,-1.5790255993858648e-6,0.0,0.0,
2022/04/02 11:30,15.790822774220999,0.5081672269529499,0.005648008273031144,16.558827874763153,0.47153506773953796,0.005502834660586462,-7.658233151855712,9.98337373569807e-7,-0.0,17.683333333333337,0.4302236514081412,0.005390436440250633,-0.8398123168512939,-1.7889143205928741e-6,0.0,0.0,
2022/04/02 11:40,15.816634815345992,0.5077367834294283,0.005652595353856319,16.637526078002793,0.46844046878465656,0.0054940755346723266,-8.244187116026753,1.122241602090154e-6,-0.0,17.850000000000023,0.42359844084382564,0.00536323888800184,-0.9434460335276071,-1.997695270666501e-6,0.0,0.0,
2022/04/02 11:50,15.843871205367293,0.5072628364979704,0.00565721084548799,16.720496453297642,0.46489557783748436,0.005481218443669978,-8.807985266708442,1.2573011183682682e-6,-0.0,18.01666666666665,0.4170703868667215,0.00533604369369394,-1.0471646955068081,-2.2062502399676623e-6,0.0,0.0,
2022/04/02 12:00,15.872614346989565,0.5067521221907466,0.005661959159458394,16.80753274494151,0.4609841616268545,0.005465093027965469,-9.352699978236958,1.4008743170164565e-6,-0.0,18.183333333333337,0.4106380281967579,0.00530885085702031,-1.1513087373291455,-2.4152074534373053e-6,0.0,0.0,
2022/04/02 12:10,15.90099339729528,0.5062684551987359,0.005666875691612667,16.880271273674396,0.4572861356271676,0.005446178146057256,-9.41647321615733,1.4627890871477775e-6,-0.0,18.185000000000002,0.4114929119890845,0.005320559392619321,-1.1291634270771738,-2.371052734763728e-6,0.0,0.0,
2022/04/02 12:20,15.928195848573637,0.5058537872065788,0.005672139196935588,16.939385844030312,0.4544218843712107,0.005432282351601197,-9.261277391820501,1.4824056738044493e-6,-0.0,18.16833333333335,0.41315463035627853,0.00533659093723445,-1.0940542618850486,-2.3009099885402788e-6,0.0,0.0,
2022/04/02 12:30,15.955084798647533,0.5054949146175336,0.0056779192903268615,16.990524427146397,0.4522634707509412,0.005423971225058579,-9.032052464369828,1.4942744351267669e-6,-0.0,18.151666666666642,0.4148194350900191,0.005352623301261559,-1.060626759107663,-2.233939141749499e-6,0.0,0.0,
2022/04/02 12:40,15.982127066461317,0.5051850311233615,0.005684312823033852,17.03519182512639,0.4506850536545902,0.0054203375243785015,-8.751336492442192,1.5012336246090871e-6,-0.0,18.13499999999999,0.41648733140398536,0.005368656484763473,-1.0291967017894876,-2.1706749875106425e-6,0.0,0.0,
2022/04/02 12:50,16.009626070967613,0.5049183327541047,0.005691368187449474,17.074378378233973,0.4495797236074194,0.005420490225867818,-8.435004686007233,1.5043805659307753e-6,-0.0,18.11833333333334,0.4181583245206649,0.0053846904878030255,-0.9999218730029042,-2.1113755342630836e-6,0.0,0.0,
2022/04/02 13:00,16.03776210441862,0.5046893969738544,0.0056990929674046046,17.108867831435816,0.44885944663371075,0.005423672222900076,-8.096077506485244,1.5040785108807767e-6,-0.0,18.101666666666688,0.419832419671386,0.005400725310443051,-0.9728269996037398,-2.0560640730394583e-6,0.0,0.0,
2022/04/02 13:10,16.066614033746987,0.5044927338582269,0.005707456653147848,17.13925413866241,0.44845017364025763,0.005429214470769661,-7.745618668728866,1.5010490857336379e-6,-0.0,18.08499999999998,0.42149292931760113,0.00541654456812323,-0.9485181259426554,-2.0058556199098893e-6,0.0,0.0,
2022/04/02 13:20,16.096185546193,0.504323247296446,0.005716405367845371,17.166130621698073,0.4482924779221882,0.005436614738185613,-7.391437032500221,1.495063020904153e-6,-0.0,18.068333333333328,0.42315465978607747,0.005432340579616663,-0.9261925318576232,-1.959253046242149e-6,0.0,0.0,
2022/04/02 13:30,16.12643336393603,0.5041764473593657,0.005725874552473161,17.19000002873446,0.44834125949636483,0.005445506969655935,-7.039708091919011,1.486066649745013e-6,-0.0,18.051666666666677,0.4248194690768526,0.00544813738649958,-0.9055613353141325,-1.915720154777308e-6,0.0,0.0,
2022/04/02 13:40,16.157277114238298,0.5040482393358513,0.005735790100933935,17.211270150265477,0.44856007027525896,0.00545559315393509,-6.695010074697053,1.4742492057897643e-6,-0.0,18.035000000000025,0.4264873623878836,0.0054639349888320615,-0.8863829133706531,-1.8748128979012303e-6,0.0,0.0,
2022/04/02 13:50,16.188613073809506,0.503935015758305,0.005746074407620984,17.23028410663312,0.4489195266742049,0.005466636123991448,-6.360496461869047,1.4598542714464427e-6,-0.0,18.018333333333317,0.4281583449259312,0.005479733386674188,-0.8684042329446129,-1.8360689125231766e-6,0.0,0.0,
2022/04/02 14:00,16.220324858279696,0.5038336855046294,0.005756650614686878,17.247331520513512,0.44939592774460607,0.005478447676436029,-6.038200872370112,1.4431502768789335e-6,-0.0,18.001666666666665,0.42983242190653903,0.005495532580086052,-0.8513746990208801,-1.7990321962380336e-6,0.0,0.0,
2022/04/02 14:10,16.253597502800062,0.5037273721097485,0.005767765164928721,17.276411447459793,0.4498438212190889,0.005494144953054147,-5.955676603396114,1.4343406409244632e-6,-0.0,18.07499999999999,0.42848331851008825,0.005503680380531875,-0.8610477793142763,-1.8218046544770568e-6,0.0,0.0,
2022/04/02 14:20,16.289077394186677,0.5036017035778245,0.005779494563805226,17.314897588549513,0.45005562290128076,0.005510271671604814,-6.0047366564896265,1.4323125276003317e-6,-0.0,18.15833333333336,0.42680506551518516,0.005510978138835556,-0.8754971323223799,-1.8543673664036747e-6,0.0,0.0,
2022/04/02 14:30,16.326057978774543,0.5034564335933938,0.005791575543455253,17.357837155784807,0.4500456112944274,0.00552526359915646,-6.112478568642814,1.4312988059000178e-6,-0.0,18.241666666666674,0.4251340944199805,0.00551827606688452,-0.8910922601100992,-1.8888944068522033e-6,0.0,0.0,
2022/04/02 14:40,16.364085567731593,0.5032913326268069,0.005803837525751487,17.404062763252114,0.44984480279346034,0.005539082380109556,-6.262407151773459,1.4315230196220304e-6,-0.0,18.32499999999999,0.42347037177521124,0.005525574164684693,-0.9072769930996856,-1.9243987731074074e-6,0.0,0.0,
2022/04/02 14:50,16.40283788147667,0.503107033071085,0.005816167848504031,17.4529465500446,0.4494826848801578,0.005551859784544026,-6.441968048638387,1.4335446632562375e-6,-0.0,18.40833333333336,0.4218138642854426,0.005532872432241997,-0.92368399648376,-1.960231568359616e-6,0.0,0.0,
2022/04/02 15:00,16.44209666457084,0.5029049308100338,0.005828500910496032,17.504065445083484,0.44898476765060114,0.005563751406241394,-6.640695340180969,1.437966343551546e-6,-0.0,18.491666666666674,0.42016453880842475,0.005540170869562355,-0.9400993776391715,-1.996018806944499e-6,0.0,0.0,
2022/04/02 15:10,16.479749848863833,0.5026896179056805,0.00584009738837624,17.53515812491156,0.4483924835152964,0.005567364221669177,-6.57373111151685,1.4678398458565159e-6,-0.0,18.454999999999984,0.42148445931744927,0.005544858093087168,-0.9626269841912745,-2.0295067478934815e-6,0.0,0.0,
2022/04/02 15:20,16.51442349546943,0.5024715063736879,0.005850559039066267,17.551903825724594,0.44788101425456556,0.005566891963731695,-6.3483444054617175,1.5058895255541985e-6,-0.0,18.404999999999973,0.4231402535762591,0.005549255229909839,-0.9824003164949318,-2.0566365830430625e-6,0.0,0.0,
2022/04/02 15:30,16.54700371849782,0.5022575678537725,0.005860296119595058,17.562575920076483,0.44750523976431145,0.005565961678294569,-6.051734712626171,1.5477331219602232e-6,-0.0,18.355000000000018,0.4248028075833698,0.005553652428353436,-0.999810988684203,-2.0795812796277826e-6,0.0,0.0,
2022/04/02 15:40,16.57805151360452,0.5020520207771644,0.005869566801168157,17.568994928673078,0.4472689313222134,0.00556527098100986,-5.705886949440924,1.5914450539124973e-6,-0.0,18.305000000000007,0.4264721505913321,0.0055580496884192546,-1.0157007673249154,-2.099848030010216e-6,0.0,0.0,
2022/04/02 15:50,16.607953477328294,0.5018569613811793,0.005878540025164193,17.57205279844237,0.44716331024978145,0.005565028667050246,-5.327729863743117,1.6351855539337058e-6,-0.0,18.254999999999995,0.4281483119872889,0.005562447010108591,-1.0306204853559393,-2.118420513632022e-6,0.0,0.0,
2022/04/02 16:00,16.63695745501923,0.5016727865457774,0.005887313174148478,17.572305694453007,0.44717591941555873,0.00556527662787465,-4.93139192870899,1.677350986775234e-6,-0.0,18.204999999999984,0.42983132129363233,0.0055668443934227384,-1.0448876583839137,-2.135862707531483e-6,0.0,0.0,
2022/04/02 16:10,16.665557794828146,0.5015400281270451,0.005896553761032154,17.57662802128516,0.4476798879539039,0.005573138802446942,-4.430600603239441,1.6290631901498269e-6,-0.0,18.139999999999986,0.43441985956734774,0.0056036708066383376,-0.9549441405938524,-1.95780820549049e-6,0.0,0.0,
2022/04/02 16:20,16.694360749548423,0.5014788829126773,0.005906734438081294,17.58047769361798,0.4489373455895485,0.005590303867444662,-3.9262811152116233,1.5361886789755408e-6,-0.0,18.073333333333323,0.43936368927824265,0.005644105390672095,-0.8563013525049428,-1.7632647085651497e-6,0.0,0.0,
2022/04/02 16:30,16.72316327350501,0.5014716338681942,0.005917572195454202,17.58091939222993,0.4507409736450357,0.005613123761747709,-3.448699193487528,1.429077196921771e-6,-0.0,18.00666666666666,0.4443423453081497,0.005684545185194585,-0.7597839843842848,-1.5725658827617762e-6,0.0,0.0,
2022/04/02 16:40,16.75175664529951,0.5015080341526706,0.005928868988266673,17.577820670450876,0.4529544131449872,0.005639824757052636,-2.9955717800902453,1.3119844421877154e-6,-0.0,17.939999999999998,0.44935605822754926,0.005724990191213026,-0.6647463080962552,-1.384529834281916e-6,0.0,0.0,
2022/04/02 16:50,16.77996669306475,0.5015808242452029,0.005940474190649456,17.571443299412522,0.4554816887834814,0.005669275909206557,-2.563811632523994,1.1876749339638514e-6,-0.0,17.873333333333335,0.4544050601514467,0.0057654404097348955,-0.5706972050872992,-1.1982598951231204e-6,0.0,0.0,
2022/04/02 17:00,16.807654167334647,0.5016848432556008,0.005952274499170626,17.56213165155856,0.45825362203839404,0.005700711389546504,-2.150455298378802,1.058086475923793e-6,-0.0,17.806666666666672,0.4594895847500627,0.005805895841767929,-0.477267246514657,-1.01308290099231e-6,0.0,0.0,
2022/04/02 17:10,16.836040624928273,0.5017867755656784,0.005964338083266207,17.563180838406197,0.46095393954806074,0.0057349965847726826,-2.0379297615266982,9.6504697243729e-7,-0.0,17.845000000000027,0.4600092084883672,0.005826708088468344,-0.4487422539632462,-9.61329589738822e-7,0.0,0.0,
2022/04/02 17:20,16.86570258430362,0.501862868309542,0.005976601514265081,17.573321665158858,0.46324637014453435,0.005767507273538712,-2.0726808397733976,8.92356969887039e-7,-0.0,17.894999999999982,0.4600155913502726,0.0058453384907235124,-0.4279827600992121,-9.253150703034336e-7,0.0,0.0,
2022/04/02 17:30,16.89597507948207,0.5019179949400908,0.0059888693096856,17.588208451752223,0.46519791769039326,0.005797526238404226,-2.1646148712466133,8.236805948277697e-7,-0.0,17.944999999999993,0.46001795052513433,0.005863969998704781,-0.4072338912048963,-8.892658889133082e-7,0.0,0.0,
2022/04/02 17:40,16.926465749416707,0.501954672818332,0.006001020881485964,17.606715358053975,0.46687301081680305,0.005825460855253457,-2.2972508103543987,7.579544626527286e-7,-0.0,17.995000000000005,0.4600163144766483,0.005882602612510589,-0.38610246994835506,-8.524967770502938e-7,0.0,0.0,
2022/04/02 17:50,16.956906597528473,0.5019754140040246,0.006012982590266891,17.628167849195563,0.4683236469164028,0.0058517214823757425,-2.4587532087889485,6.949593380335452e-7,-0.0,18.045000000000016,0.46001071150194156,0.0059012363322393895,-0.3643483949331312,-8.145932790291579e-7,0.0,0.0,
2022/04/02 18:00,16.987124479132547,0.5019829082535829,0.006024719038371282,17.65207801934207,0.4695909504435111,0.005876647344925202,-2.639427844049465,6.347843038992078e-7,-0.0,18.095000000000027,0.46000116973251276,0.0059198711579896484,-0.34185625186432844,-7.753621800725389e-7,0.0,0.0,
2022/04/02 18:10,17.013243541129725,0.5018791564829422,0.0060335419196109255,17.629723802187357,0.46979951830443506,0.005870918356258727,-2.678209784028241,8.3593511620274e-7,-0.0,18.00999999999999,0.45713128207700354,0.005850933177869989,-0.5953953459247714,-1.2334808448234851e-6,0.0,0.0,
2022/04/02 18:20,17.031946173450933,0.5016235251973586,0.006037662319415545,17.58161693455139,0.46851378566581886,0.005836786615361865,-2.496658543960848,1.1536852361225973e-6,-0.0,17.910000000000025,0.45389033521680233,0.005772283542187086,-0.8652668397064645,-1.721271362516563e-6,0.0,0.0,
2022/04/02 18:30,17.04510108428036,0.5012659468713959,0.006038398294818138,17.52794889240596,0.46625210583570176,0.005788518743247164,-2.1604647654481823,1.5026125651797687e-6,-0.0,17.810000000000002,0.4505924554511588,0.005693653608602513,-1.1240391875442128,-2.1893629816965957e-6,0.0,0.0,
2022/04/02 18:40,17.05401914452318,0.5008332467911942,0.006036579395713611,17.472413294958926,0.46330063574955466,0.005731213992051754,-1.7173533169454913,1.8684517864074408e-6,-0.0,17.70999999999998,0.4472369783345465,0.005615043369713999,-1.3744171589314647,-2.6426417219501075e-6,0.0,0.0,
2022/04/02 18:50,17.059613925039912,0.5003419228526242,0.0060327594108936155,17.41626122963345,0.45984457759975683,0.0056677415623805835,-1.2055800633163474,2.241509269291223e-6,-0.0,17.610000000000014,0.44382323217029823,0.005536452818122979,-1.6182064049621658,-3.0843635378267946e-6,0.0,0.0,
2022/04/02 19:00,17.06248187085413,0.4998013511909172,0.006027284419374352,17.35993772218484,0.4560110385588555,0.005599911516245867,-0.6562002494507624,2.614932195857591e-6,-0.0,17.50999999999999,0.4403505379312548,0.005457881946434591,-1.8565353395140392,-3.5165594097004183e-6,0.0,0.0,
2022/04/02 19:10,17.065731617558185,0.4993157378436956,0.006022623729056771,17.340615753556847,0.45283429808524506,0.005553701716478558,-0.11027164626796093,2.7432144262643876e-6,-0.0,17.485000000000014,0.4414929456144466,0.005463456678273381,-1.823162771161833,-3.4510520423476293e-6,0.0,0.0,
2022/04/02 19:20,17.072145576370417,0.4989338189716399,0.006020442715713066,17.340648362659635,0.4509620474800708,0.005530547187768232,0.2935918001588789,2.756521306998413e-6,-0.0,17.468333333333362,0.4431546874497604,0.005478380393642568,-1.7673928459551007,-3.3443647680125486e-6,0.0,0.0,
2022/04/02 19:30,17.080438484141723,0.4986126141422103,0.006019722403301494,17.34378840251435,0.4499554682222904,0.00551919859655349,0.571586264452435,2.7347309027144697e-6,-0.0,17.451666666666654,0.44481950100794476,0.005493304818925855,-1.716383217812563,-3.2463154269952286e-6,0.0,0.0,
2022/04/02 19:40,17.089672767671516,0.49832938380173963,0.006019825108450229,17.347047709467063,0.44955779097839776,0.0055154240654695826,0.7568539397067299,2.6903759732280044e-6,-0.0,17.435000000000002,0.44648739148295746,0.0055082299541738995,-1.6680547215298702,-3.1531411168710455e-6,0.0,0.0,
2022/04/02 19:50,17.099198066739177,0.4980700804708806,0.006020329673668656,17.34947383974452,0.4495979716202552,0.005516775151532504,0.8779803097496597,2.6320187285798446e-6,-0.0,17.41833333333335,0.44815836407754456,0.005523155799437361,-1.6210341739961223,-3.0623606030639214e-6,0.0,0.0,
2022/04/02 20:00,17.108603674823712,0.4978267099546788,0.006020980832807713,17.350785830349423,0.4499576595393971,0.005521689980553025,0.9590361142619486,2.5658065567912526e-6,-0.0,17.401666666666642,0.44983242400330403,0.00553808235476691,-1.5744892804057145,-2.972472166217452e-6,0.0,0.0,
2022/04/02 20:10,17.11937264214697,0.49764200648091794,0.006022872350639146,17.373025024907577,0.4510003376544302,0.0055424560261889706,0.9525094252580857,2.376494820597919e-6,-0.0,17.444999999999993,0.45305774551832584,0.005593580651519739,-1.3997045117494054,-2.6503214929782116e-6,0.0,0.0,
2022/04/02 20:20,17.13289333120963,0.497534969085397,0.006026773504242909,17.406627287773517,0.4528922846662229,0.0055778555746814375,0.8341885578988696,2.133240233530046e-6,-0.0,17.495000000000005,0.45643115389009775,0.005653597779161944,-1.2167385186871797,-2.313475956672718e-6,0.0,0.0,
2022/04/02 20:30,17.14828867348092,0.4974837195002719,0.006032082338755789,17.442315627101436,0.4553302742376222,0.005620929465971582,0.6414594081479663,1.8767958258811982e-6,-0.0,17.545000000000016,0.45977934491656375,0.005713626386845441,-1.0383248350642589,-1.985009817778652e-6,0.0,0.0,
2022/04/02 20:40,17.164984967725616,0.49747738443158307,0.006038447791180817,17.478455564502667,0.4581361402798458,0.00566892810930054,0.40086413779988567,1.6142473206038037e-6,-0.0,17.595000000000027,0.46310245960687596,0.005773666477864389,-0.8633188101146061,-1.6628578826483818e-6,0.0,0.0,
2022/04/02 20:50,17.182614163360654,0.49750981669751526,0.006045655376279624,17.514552133310133,0.46119293063273203,0.005720245283527634,0.1322110396483822,1.350116770904506e-6,-0.0,17.644999999999982,0.466400638217952,0.005833718055514204,-0.6910211045124015,-1.3457603276106198e-6,0.0,0.0,
2022/04/02 21:00,17.200961361481006,0.49757791268365337,0.00605358659801523,17.550473857200075,0.4644211889685851,0.00577385885333061,-0.14947230305836,1.0873941941425464e-6,-0.0,17.694999999999993,0.46967402025846927,0.005893781123091569,-0.5210453514750952,-1.0330222190746926e-6,0.0,0.0,
2022/04/02 21:10,17.216151563815515,0.49756449486750937,0.006059301932177033,17.536882379362964,0.4667020340608082,0.005797456328861929,-0.33807742247176975,1.118438703387563e-6,-0.0,17.625,0.4685657541547723,0.005853593982647546,-0.6707102551715707,-1.3013529289594404e-6,0.0,0.0,
2022/04/02 21:20,17.224758605797945,0.49741675870192464,0.006060818339867814,17.496098794692728,0.4674327768633086,0.005791544118070867,-0.31135399807681097,1.283030769016031e-6,-0.0,17.541666666666686,0.46694530292015385,0.00580227519894497,-0.8429792646211354,-1.6111054090381488e-6,0.0,0.0,
2022/04/02 21:30,17.22866138964139,0.4971873572082786,0.006059507119202231,17.44924556983983,0.4671751201033703,0.005771056750213964,-0.12004722953349756,1.4847073680458365e-6,-0.0,17.458333333333314,0.4652963177764966,0.005750964803829606,-1.0060014479163328,-1.9043775188360917e-6,0.0,0.0,
2022/04/02 21:40,17.229187159321214,0.49690376712557716,0.006056220679122208,17.400246765081874,0.46623629982125847,0.005741381871180275,0.18631025407159996,1.7076278355487228e-6,-0.0,17.375,0.46361851032937906,0.00569966279524482,-1.1625560889874578,-2.186186114989308e-6,0.0,0.0,
2022/04/02 21:50,17.227248384714926,0.4965824542940097,0.0060515166100828036,17.35045681246703,0.46481210586797833,0.005705529808102771,0.5671852047305492,1.9411018943275254e-6,-0.0,17.291666666666686,0.46191158951515693,0.005648369171134648,-1.3144612168221101,-2.459806623786846e-6,0.0,0.0,
2022/04/02 22:00,17.223423566623865,0.4962323582987215,0.0060457307848666205,17.300381643751564,0.4630346396729142,0.005665377922605369,0.9894670574203701,2.1776187392318194e-6,-0.0,17.208333333333314,0.4601752615763763,0.005597083929443804,-1.4628119504893675,-2.7272080223008716e-6,0.0,0.0,
2022/04/02 22:10,17.22042433476645,0.49594870413980396,0.0060410833354552764,17.282670947762824,0.461847223889899,0.005644332762714772,1.4322573662360583,2.192233658113667e-6,-0.0,17.185000000000002,0.4629849231701296,0.005623179435148899,-1.362574622189868,-2.5378306014364253e-6,0.0,0.0,
2022/04/02 22:20,17.220690075678476,0.4957763021461286,0.006039065503423472,17.281677452011422,0.4618395640326359,0.005643880338004947,1.7576900532526454,2.10282233253198e-6,-0.0,17.16833333333335,0.4663077306202706,0.005657875933520969,-1.2428676396930314,-2.3124712569780217e-6,0.0,0.0,
2022/04/02 22:30,17.22307300555599,0.4956754822937859,0.006038745055721388,17.283155190362606,0.46261552163149744,0.00565398242170353,1.9727522594445193,1.9822584017607803e-6,-0.0,17.151666666666642,0.46963710291969657,0.005692576268314618,-1.1286824659175636,-2.097121048142149e-6,0.0,0.0,
2022/04/02 22:40,17.22671347643319,0.495624843901328,0.0060395270832344075,17.28453278353004,0.4639433620622781,0.005670857637065316,2.1052888814494963,1.841912561361538e-6,-0.0,17.13499999999999,0.47297305147429636,0.0057272804401661765,-1.0180793991073642,-1.8882699269788192e-6,0.0,0.0,
2022/04/02 22:50,17.23100033162234,0.4956108631805192,0.006041009779420028,17.285020812642472,0.46566908892316994,0.005692321874387492,2.1798819677206893,1.6895513214819605e-6,-0.0,17.11833333333334,0.4763155877095753,0.005761988449712112,-0.9097483479590665,-1.6835509208669409e-6,0.0,0.0,
2022/04/02 23:00,17.23553326142593,0.4956255368322082,0.0060429405637188,17.284410459491255,0.46768630885037016,0.005716984167259893,2.217524636812982,1.53075182293313e-6,-0.0,17.101666666666688,0.47966472307073527,0.005796700297589039,-0.8028657721154104,-1.4814781436708308e-6,0.0,0.0,
2022/04/02 23:10,17.24182128640814,0.4956457424813919,0.006045618003787166,17.30080130364871,0.4697532952158425,0.005748496555886527,1.930593435994865,1.382577055147676e-6,-0.0,17.204999999999984,0.47849565672810407,0.005820759674065015,-0.7331500219133886,-1.3631659858509595e-6,0.0,0.0,
2022/04/02 23:20,17.250759934437156,0.49565290168294746,0.006049160184044027,17.33047062855337,0.4715632875533573,0.005781791410746912,1.4755370565256953,1.2455426483264195e-6,-0.0,17.32166666666666,0.4768258679732855,0.005843636791779673,-0.670108506669294,-1.258692363823392e-6,0.0,0.0,
2022/04/02 23:30,17.26149910882043,0.4956480503207699,0.006053252428933081,17.366762721413693,0.4731114847477905,0.005814402609432808,0.9560910586560568,1.1129993453668718e-6,-0.0,17.438333333333333,0.47515794382574256,0.0058665155767905425,-0.6088550395684251,-1.1574248297806233e-6,0.0,0.0,
2022/04/02 23:40,17.273556536738454,0.49563245233382913,0.006057724642936206,17.408054910680903,0.4744217876092414,0.00584603891820064,0.3973223495006551,9.855332438250445e-7,-0.0,17.555000000000007,0.47349195645801,0.005889396029279897,-0.5488350240045747,-1.0583892109961577e-6,0.0,0.0,
2022/04/02 23:50,17.286632257702422,0.4956082835173135,0.006062488226510412,17.453461434839085,0.47552091821300724,0.005876706858108406,-0.18325772549928843,8.638317069985666e-7,-0.0,17.67166666666668,0.4718279765807339,0.005912278149430041,-0.489759580795635,-9.610840535673288e-7,0.0,0.0,
2022/04/03 00:00,17.30055830462777,0.49557835297503977,0.006067513365790847,17.50238311770613,0.4764338152884462,0.00590649265975848,-0.7722102631652206,7.484621046414853e-7,-0.0,17.788333333333355,0.47016607346513123,0.005935161937423306,-0.4315315013138843,-8.653487767666155e-7,0.0,0.0,
2022/04/03 00:10,17.311475059561417,0.495479362548643,0.006070520750777766,17.508057925837704,0.47658254278446416,0.005910491982620141,-1.0853193719646015,8.302262162268675e-7,-0.0,17.74000000000001,0.46854847695955487,0.005896387284034096,-0.5677617329843088,-1.1116977200800252e-6,0.0,0.0,
2022/04/03 00:20,17.316349917428,0.4952896956385524,0.006070063848594545,17.487970572617087,0.47576717045720684,0.005892732299982706,-1.136604724418362,9.997001999541518e-7,-0.0,17.673333333333346,0.46691582363875334,0.005850767889100381,-0.7150139276907339,-1.3771519309865063e-6,0.0,0.0,
2022/04/03 00:30,17.31705629948891,0.49504688211437947,0.006067332706348335,17.460967663926397,0.47436633143915174,0.005865110404265302,-1.0256771317483526,1.1955310136573793e-6,-0.0,17.606666666666683,0.46526211516036836,0.0058051551225787555,-0.8548293564369942,-1.6293899041445824e-6,0.0,0.0,
2022/04/03 00:40,17.31487545901865,0.49477105980002345,0.00606307474392548,17.430690428617936,0.47257639935306006,0.00583150027685264,-0.7995702160297925,1.4064048748589408e-6,-0.0,17.54000000000002,0.46358718432129337,0.0057595489830246805,-0.9896449846023643,-1.8727933640380175e-6,0.0,0.0,
2022/04/03 00:50,17.310700174243948,0.49447397584569813,0.006057783169709394,17.398529951791943,0.47051944159100717,0.005793982590902556,-0.4957129810088646,1.6243120098759364e-6,-0.0,17.473333333333358,0.46189086269112767,0.005713949468994037,-1.121068921598635,-2.1102473274463567e-6,0.0,0.0,
2022/04/03 01:00,17.305112654604443,0.4941614671221459,0.006051757373471915,17.36511365943676,0.468276118812417,0.00575382213068015,-0.14484219694054445,1.8434336974230071e-6,-0.0,17.406666666666638,0.4601729806032422,0.005668356579043124,-1.2500773317331095,-2.3434977674569198e-6,0.0,0.0,
2022/04/03 01:10,17.30015684281807,0.49393127474862364,0.006046996588367345,17.35594574372874,0.4667858503026113,0.005731987866092257,0.3434061204751515,1.8395844216831404e-6,-0.0,17.355000000000018,0.46443717779620614,0.005702538318203669,-1.1231053287226587,-2.1012241659537292e-6,0.0,0.0,
2022/04/03 01:20,17.29787280937552,0.49383173503991784,0.006044884213199985,17.357205743523934,0.4666888890999125,0.005731247018817561,0.7808298719334061,1.7292656683972585e-6,-0.0,17.305000000000007,0.46939320060254963,0.005745589109557987,-0.9758509371868058,-1.820908471875614e-6,0.0,0.0,
2022/04/03 01:30,17.29744430539364,0.493822274903558,0.006044601851199989,17.35751315361898,0.46757092807991324,0.005742291677630116,1.1380927145501119,1.5869517194277551e-6,-0.0,17.254999999999995,0.47437654106572114,0.005788645806568711,-0.8345440436301033,-1.5513582564523286e-6,0.0,0.0,
2022/04/03 01:40,17.29820931283831,0.49388044674837084,0.006045616213748079,17.355082828411184,0.46917123934451105,0.005761233789553963,1.4334426973277916,1.4239614760975558e-6,-0.0,17.204999999999984,0.4793873376396364,0.005831708410451117,-0.6974458578804388,-1.289414338422168e-6,0.0,0.0,
2022/04/03 01:50,17.2996808872237,0.4939913583736859,0.0060475554743764206,17.349601823094986,0.4713085583689668,0.005785699313803371,1.6840202363920298,1.2478175680515931e-6,-0.0,17.154999999999973,0.4844257294830686,0.005874776922420821,-0.5633440367050753,-1.0328770576882143e-6,0.0,0.0,
2022/04/03 02:00,17.301525217928145,0.49414536919586927,0.006050171902369502,17.34121037698071,0.47385318058940884,0.005814114047953523,1.9046512710048091,1.0638222465915486e-6,-0.0,17.105000000000018,0.4894918564633237,0.005917851343693771,-0.43143085076053467,-7.802819944329885e-7,0.0,0.0,
2022/04/03 02:10,17.30528629095221,0.49431843119499974,0.006053765480565626,17.34843609194087,0.47655389444987634,0.005850260497687026,1.8040424410384048,8.869807233339627e-7,-0.0,17.17500000000001,0.4900276066050282,0.005950965433729234,-0.335179295710077,-6.088844695686891e-7,0.0,0.0,
2022/04/03 02:20,17.311864693634845,0.49449056589997953,0.006058438960266199,17.36762977456209,0.4790959032962586,0.005888971524024655,1.533422038774006,7.187502068160201e-7,-0.0,17.258333333333326,0.49004666740262465,0.005982975559109644,-0.24604823081199356,-4.521740700113704e-7,0.0,0.0,
2022/04/03 02:30,17.320371698107806,0.4946607253587323,0.006063837569048033,17.392229258235204,0.48145745500966586,0.005927573860342049,1.1937496245957393,5.531760633927882e-7,-0.0,17.341666666666697,0.49005364303640464,0.006014988948121826,-0.15927080640881286,-2.9971278679985096e-7,0.0,0.0,
2022/04/03 02:40,17.330274869287848,0.4948284346272065,0.0060697508770991586,17.42074428747543,0.48364934053435776,0.0059656627695716625,0.8086503123462309,3.9103900109862763e-7,-0.0,17.42500000000001,0.490048676201719,0.00604700560126493,-0.07416091499453614,-1.5028768793548265e-7,0.0,0.0,
2022/04/03 02:50,17.34121896560265,0.49499441133700545,0.006076051370908549,17.452407165924967,0.48568780838267406,0.00600316299156286,0.3948035924099713,2.33220275740289e-7,-0.0,17.508333333333326,0.49003190819917936,0.006079025519038202,0.009697202541246952,-3.167763898354124e-9,0.0,0.0,
2022/04/03 03:00,17.352979721270117,0.49516027644586075,0.006082673184259738,17.486720092252938,0.48758927844678,0.006040098245778521,-0.034753103111029304,8.047172217841468e-8,-0.0,17.591666666666697,0.490003478947833,0.006111048701940995,0.09251830446100939,1.420196240712411e-7,0.0,0.0,
2022/04/03 03:10,17.36192512182123,0.4952976106769535,0.006087852664934373,17.482620172825477,0.48909836169443266,0.006057390220843405,-0.10621851689620598,4.667311049651765e-8,-0.0,17.495000000000005,0.4929422260977619,0.006110285921662185,0.07314357747782196,1.193802104614255e-7,0.0,0.0,
2022/04/03 03:20,17.365429245609675,0.4954034389733631,0.006090528547230975,17.4535632028186,0.4902542273259698,0.006060601372870264,0.0832602958712414,6.31466095415695e-8,-0.0,17.37833333333333,0.49623500549144106,0.00610588011574676,0.05005375076711971,9.168429995527213e-8,0.0,0.0,
2022/04/03 03:30,17.365147182582405,0.4955011804635731,0.006091632261019761,17.415666063712933,0.49127885308620806,0.006058723704152212,0.411290754516358,9.557542238488059e-8,-0.0,17.261666666666656,0.4995528722419811,0.006101474371638922,0.032090177068766934,7.305515893482405e-8,0.0,0.0,
2022/04/03 03:40,17.362164735287934,0.49560340219389987,0.006091741240959076,17.37226537101617,0.49226705635701656,0.006054235925967295,0.8356513259064968,1.3663346162984841e-7,-0.0,17.144999999999982,0.5028960391902969,0.0060970686893373665,0.017370132118912807,6.012027623296618e-8,0.0,0.0,
2022/04/03 03:50,17.357227208640438,0.4957168407854746,0.006091228754517936,17.324820549671585,0.4932683847390217,0.0060483216084495335,1.3234206646069426,1.8077787648069277e-7,-0.0,17.028333333333308,0.5062647211567012,0.006092663068840794,0.004676578263797637,5.070537089832248e-8,0.0,0.0,
2022/04/03 04:00,17.350810117009132,0.49584400417861607,0.00609031078909685,17.274133253639036,0.49430970643718325,0.0060416233188622616,1.8475359839197836,2.2380589048936668e-7,-0.0,16.91166666666669,0.50965913496081,0.006088257510147903,-0.006694710880083221,4.355806504629514e-8,0.0,0.0,
2022/04/03 04:10,17.34552620338104,0.49607252933339663,0.006091089822299722,17.25248952634928,0.49615916388547326,0.006056068210737543,2.3855960716855407,4.895506754829815e-8,-0.0,16.855000000000018,0.51738976917274,0.006159114131592329,0.22179309038733663,4.769379184223511e-7,0.0,0.0,
2022/04/03 04:20,17.343728470649808,0.4964425079719437,0.006094977486801893,17.245353123038456,0.49927301064587154,0.006091669361187533,2.806895394206777,-2.2817323709861878e-7,-0.0,16.805000000000007,0.5256459308074621,0.006238352200338101,0.4674728950485587,9.422153170457606e-7,0.0,0.0,
2022/04/03 04:30,17.34426121591156,0.4969130824026992,0.00610101908056137,17.239216950395246,0.5032532079974313,0.006138303875239672,3.1195634767919955,-5.361993050443791e-7,-0.0,16.754999999999995,0.5339500230428317,0.006317610262310141,0.7061950066140525,1.394984223725124e-6,0.0,0.0,
2022/04/03 04:40,17.346250944148494,0.49746152013507844,0.0061085948925540924,17.23180928193534,0.507860614855214,0.006192128751739261,3.349984721662622,-8.636758209300119e-7,-0.0,16.704999999999984,0.5423022943887159,0.006396888325076397,0.9399800160053928,1.8389020104313454e-6,0.0,0.0,
2022/04/03 04:50,17.3490622306619,0.49807304350487225,0.006117275970765234,17.222539116419455,0.5129330464233338,0.006250891169823374,3.5211381886648496,-1.2028397673749485e-6,-0.0,16.654999999999973,0.5507029946377335,0.006476186396208629,1.1702265448825528,2.2764964416666143e-6,0.0,0.0,
2022/04/03 05:00,17.352260795655752,0.4987384646743679,0.006126780276858094,17.21134796178734,0.5183563022975303,0.006313134328932506,3.6525979925983165,-1.5481450350106782e-6,-0.0,16.605000000000018,0.5591523748720606,0.006555504483282426,1.3978542032364203,2.709427450809175e-6,0.0,0.0,
2022/04/03 05:10,17.357544643510607,0.4993976020931254,0.006137027537742352,17.21612651140134,0.5236165450592897,0.006379805678732559,3.2965471145178076,-1.8127817866423057e-6,-0.0,16.720000000000027,0.5585155871555602,0.0065965146411570245,1.4981565519656215,2.8818346079481568e-6,0.0,0.0,
2022/04/03 05:20,17.36564533366328,0.5000093990525198,0.006147799078618756,17.235173257679435,0.5281769505345052,0.006443788798846309,2.719759920773868,-2.0313569073506723e-6,-0.0,16.853333333333353,0.556859441746865,0.006633271222161021,1.5828807103393956,3.0227713432078517e-6,0.0,0.0,
2022/04/03 05:30,17.375597750342138,0.5005860479283952,0.006158871603613475,17.262487631873796,0.5321373038245432,0.00650395908529539,2.0719088678998787,-2.2357747182307816e-6,-0.0,16.98666666666668,0.5551964017498718,0.006670032102028347,1.6666375271804554,3.1619578796580715e-6,0.0,0.0,
2022/04/03 05:40,17.386880170886172,0.5011345749514694,0.006170129910379754,17.296440110409833,0.5355919071000087,0.006560852663494112,1.3799759767647402,-2.4287858667030853e-6,-0.0,17.120000000000005,0.5535267323409327,0.006706797281513206,1.7498026219120675,3.3000288587631903e-6,0.0,0.0,
2022/04/03 05:50,17.39916266388218,0.5016611443041845,0.006181522505152276,17.33602229025422,0.5386179576091564,0.006615029409569671,0.6621320445958646,-2.6116272771190978e-6,-0.0,17.25333333333333,0.5518506938334601,0.0067435667613699795,1.832543892287049,3.4372558993855926e-6,0.0,0.0,
2022/04/03 06:00,17.412252029715546,0.502171458058844,0.00619304547641833,17.380488217426546,0.5412778507059369,0.006666963424013672,-0.06765613119682712,-2.784941292051236e-6,-0.0,17.386666666666656,0.5501685417569108,0.006780340542353223,1.9148740942428049,3.5736387602214754e-6,0.0,0.0,
2022/04/03 06:10,17.421618998149995,0.5026464662950592,0.006202669207569813,17.379298078415673,0.5434368771041247,0.006693333499534356,-0.28727736100449874,-2.833561611173702e-6,-0.0,17.279999999999973,0.5543880921221717,0.006786476682593973,1.9035028127975693,3.5688098153694836e-6,0.0,0.0,
2022/04/03 06:20,17.424104882319057,0.5030928524332878,0.0062092176976628,17.34809214173623,0.5452749111380636,0.006702835985578847,-0.1594067968073887,-2.8307851996461064e-6,-0.0,17.146666666666647,0.5593093938840118,0.0067892084001996405,1.8910582356445502,3.5649042684435532e-6,0.0,0.0,
2022/04/03 06:30,17.42183820138945,0.5035368282558987,0.006213852993304423,17.306317760720106,0.5470173262587533,0.0067065531250288845,0.1461699401244232,-2.810530742589131e-6,-0.0,17.01333333333332,0.5642792432767455,0.006791940141540913,1.8848517016072037,3.572043689101713e-6,0.0,0.0,
2022/04/03 06:40,17.416207595558262,0.5039927135467093,0.0062173002054972375,17.257996517353263,0.5487565258680897,0.006707348890607572,0.5762087856948029,-2.781023466550291e-6,-0.0,16.879999999999995,0.5692981649871506,0.006794671906618099,1.8825189880753896,3.5859998827307983e-6,0.0,0.0,
2022/04/03 06:50,17.408173942519795,0.5044679787825436,0.006220031295713473,17.204898602794515,0.550539699781659,0.006706560438457937,1.0897723510095148,-2.7486357340676407e-6,-0.0,16.74666666666667,0.5743666898483761,0.006797403695431508,1.8825212658496184,3.6040285986648128e-6,0.0,0.0,
2022/04/03 07:00,17.39836167450511,0.5049650801086885,0.006222323062065871,17.148001130025477,0.5523917849219342,0.0067049062641044615,1.6533670509062404,-2.7182432479684906e-6,-0.0,16.613333333333344,0.5794853549173612,0.006800135507981448,1.8839560353765137,3.62452840722953e-6,0.0,0.0,
2022/04/03 07:10,17.390889491801317,0.5054951204967267,0.006225949070620357,17.129414838860384,0.5544154588643433,0.006721732422351334,1.7785773311345565,-2.773453173714414e-6,-0.0,16.689999999999998,0.5784981636953015,0.00682195692075606,1.943282105347862,3.7235253638335776e-6,0.0,0.0,
2022/04/03 07:20,17.388531869677195,0.5060488099809459,0.006231898840723922,17.136698540353223,0.5564505785110637,0.0067498207992707435,1.6153245644409255,-2.863295401713768e-6,-0.0,16.79000000000002,0.5768301317605569,0.006845901130961684,2.0019529323144525,3.818572826985352e-6,0.0,0.0,
2022/04/03 07:30,17.389591161984413,0.5066070406273306,0.006239264256057039,17.153776015776486,0.5583667865973101,0.0067807272813972,1.308811895546569,-2.9665212610310703e-6,-0.0,16.889999999999986,0.5751628745627397,0.006869847164726512,2.056013997259697,3.905380090255979e-6,0.0,0.0,
2022/04/03 07:40,17.392957954744816,0.5071587330950708,0.006247469783623169,17.17723161441546,0.560127452853677,0.00681256378636524,0.8998532603760623,-3.077617559543591e-6,-0.0,16.99000000000001,0.5734964573915944,0.0068937950222588765,2.1073418247590325,3.987302611128505e-6,0.0,0.0,
2022/04/03 07:50,17.39785612142282,0.5076978831269899,0.006256134222122872,17.205498297908775,0.5617232489454755,0.006844557896506857,0.4206117106201646,-3.1918829600654743e-6,-0.0,17.089999999999975,0.5718309444652934,0.006917744703767131,2.1571793213752244,4.066557556416107e-6,0.0,0.0,
2022/04/03 08:00,17.403778345721264,0.5082224158034598,0.006265031164541888,17.237669596130104,0.5631562590072526,0.006876353690777794,-0.10182302611951854,-3.3054642563459442e-6,-0.0,17.189999999999998,0.5701663989443437,0.0069416962094596725,2.2062646872916503,4.144455771540835e-6,0.0,0.0,
2022/04/03 08:10,17.41010588348405,0.5086272467678341,0.006272605261507374,17.26214746382135,0.5636770624488335,0.0068935709200906815,-0.9791439907104404,-3.195045143168921e-6,-0.0,17.36500000000001,0.5590189594731289,0.006881086332508581,1.983951010797,3.705314935438499e-6,0.0,0.0,
2022/04/03 08:20,17.415682664681754,0.5088557977642174,0.006277686790143247,17.287719032307166,0.5626558022326773,0.006892207912519468,-1.9229310040617522,-2.9733702699564936e-6,-0.0,17.548333333333346,0.5470216924254149,0.006811095438237691,1.7391775635901467,3.2235172267808544e-6,0.0,0.0,
2022/04/03 08:30,17.42073194963956,0.5089502681889957,0.006280888164266452,17.320128633388833,0.5603869266384773,0.006878350522793804,-2.831888933756659,-2.717999963308491e-6,-0.0,17.731666666666683,0.5352354479848471,0.006741120121411401,1.500585145691275,2.753743863869358e-6,0.0,0.0,
2022/04/03 08:40,17.42557930625628,0.5089348633563145,0.006282639812378197,17.360138063914917,0.557072433125002,0.006854731326601618,-3.706287207916148,-2.439985143935567e-6,-0.0,17.91500000000002,0.5236565692962375,0.006671160376829826,1.2667703290931058,2.2934193113305302e-6,0.0,0.0,
2022/04/03 08:50,17.43050901285318,0.5088267943223362,0.006283269078783478,17.40771521657149,0.5528656591440633,0.006823115243082648,-4.549791990768313,-2.146301919496207e-6,-0.0,18.098333333333358,0.5122814646429026,0.006601216199295392,1.0366657915612905,1.8405894742489162e-6,0.0,0.0,
2022/04/03 09:00,17.435753922452705,0.5086384840019745,0.006283023265129739,17.462579142589675,0.5478888417436741,0.006784762698709874,-5.3664678135271515,-1.8417122610389658e-6,-0.0,18.281666666666638,0.501106606238157,0.006531287583612841,0.8094651897536096,1.3937801702948208e-6,0.0,0.0,
2022/04/03 09:10,17.44033352895883,0.5084524056935364,0.006282537586734904,17.516730486576705,0.5428007267498798,0.006744350505443814,-5.739919237115601,-1.6616935329356107e-6,-0.0,18.329999999999984,0.4984883324588906,0.00651675014566657,0.7636494628654873,1.3026793491490606e-6,0.0,0.0,
2022/04/03 09:20,17.444186670685156,0.5083211629265881,0.006282444341009046,17.567408556530836,0.5382711710136158,0.00670912801915954,-5.935611468855768,-1.5439419072045293e-6,-0.0,18.363333333333344,0.4968135518752753,0.0065083665447199755,0.7366187803938828,1.2484416521171054e-6,0.0,0.0,
2022/04/03 09:30,17.447931054778167,0.5082268942837902,0.00628276871747745,17.61567542811065,0.5342139621431259,0.0066785475307378035,-6.079506882098258,-1.4402915064205088e-6,-0.0,18.396666666666647,0.49514386140934274,0.006499983167423198,0.7082271710123678,1.1916653370385924e-6,0.0,0.0,
2022/04/03 09:40,17.451901411489303,0.5081609356559856,0.006283537056277602,17.661679194237138,0.5305533487711074,0.006651779052593925,-6.183842802543041,-1.3453355416044246e-6,-0.0,18.430000000000007,0.4934792454230218,0.006491600013767285,0.6783887527376464,1.1322343931937737e-6,0.0,0.0,
2022/04/03 09:50,17.45634729085657,0.5081170366651903,0.0062847716490228465,17.70558205504807,0.5272254953111907,0.00662813431785214,-6.255642256351167,-1.2561714177431618e-6,-0.0,18.46333333333331,0.4918196883281952,0.006483217083743288,0.6470308437924359,1.0700462516721783e-6,0.0,0.0,
2022/04/03 10:00,17.46145984355809,0.5080902955660487,0.006286488247532706,17.747570993051227,0.5241768387713606,0.00660705363071444,-6.300388735460275,-1.1710913668386186e-6,-0.0,18.49666666666667,0.4901651745864927,0.006474834377342259,0.614102085378363,1.0050304649035098e-6,0.0,0.0,
2022/04/03 10:10,17.468097733416187,0.5081071603287154,0.0062893625189885515,17.797773425207538,0.5216075662653779,0.006595381015906898,-6.310691511182541,-1.1622079229823903e-6,-0.0,18.545000000000016,0.4900096982074806,0.006492596349835978,0.6626433973933672,1.0894881300092956e-6,0.0,0.0,
2022/04/03 10:20,17.47706839943504,0.5081789290020287,0.006293861509147059,17.851510011343407,0.5196408798318574,0.006592766814640042,-6.336585541463364,-1.1891353625251665e-6,-0.0,18.595000000000027,0.49001642071395246,0.006513264564300939,0.7153631128214784,1.1817154694553024e-6,0.0,0.0,
2022/04/03 10:30,17.488068352007076,0.5082892990970586,0.006299662164973265,17.90456489826886,0.5181269488636386,0.00659558750910832,-6.380330379824955,-1.226538834444396e-6,-0.0,18.644999999999982,0.49001890560764416,0.006533934138174553,0.7638431829429919,1.2662689193122651e-6,0.0,0.0,
2022/04/03 10:40,17.50086364481041,0.5084285305061473,0.0063065514209554715,17.95629140596475,0.516965491019237,0.006602335162222498,-6.4355070324188555,-1.2700711143945098e-6,-0.0,18.694999999999993,0.4900171827154746,0.0065546050715909465,0.8087783077623953,1.3444139975843554e-6,0.0,0.0,
2022/04/03 10:50,17.51527878268172,0.5085898001207083,0.006314376096237441,18.006591531014806,0.5160817770181917,0.006612044287097712,-6.496926614838117,-1.3168555466551316e-6,-0.0,18.745000000000005,0.49001128169066516,0.006575277364684257,0.8506679335177978,1.4170599564516248e-6,0.0,0.0,
2022/04/03 11:00,17.531185318199448,0.5087683186121713,0.006323027273431892,18.05554534543421,0.5154183409370616,0.006624034482839447,-6.560471866134776,-1.3648845925828705e-6,-0.0,18.795000000000016,0.4900012320136953,0.006595951017588645,0.8898671855135944,1.484853220847864e-6,0.0,0.0,
2022/04/03 11:10,17.54873056078128,0.5088933159836754,0.006331677908277042,18.1013782744447,0.5143791819069172,0.00662981771270947,-6.896419249378027,-1.2784622341663396e-6,-0.0,18.920000000000016,0.4838092751091946,0.0065633342521670066,0.7553149301124904,1.220288265293253e-6,0.0,0.0,
2022/04/03 11:20,17.567493146455377,0.5089231491131313,0.0063396338002692934,18.149356175097807,0.51245158401536,0.0066248676959007055,-7.304910243022392,-1.1249832352562161e-6,-0.0,19.05333333333334,0.4770109782715576,0.006524800734870975,0.6037363273517258,9.234047637410428e-7,0.0,0.0,
2022/04/03 11:30,17.5873713580948,0.508879678736916,0.006347126555099595,18.201609570258768,0.5098290003918367,0.0066125062745550755,-7.707303047345136,-9.524590597470762e-7,-0.0,19.186666666666667,0.47029618802620826,0.006486271941811478,0.45368318551049924,6.297462738816636e-7,0.0,0.0,
2022/04/03 11:40,17.608372819408544,0.5087743564746026,0.006354301617813408,18.258342856090678,0.5066481275013884,0.006594515363441882,-8.102407781851753,-7.673454832406836e-7,-0.0,19.319999999999993,0.4636638772421785,0.006447747872119779,0.30468127855010607,3.3842981027623305e-7,0.0,0.0,
2022/04/03 11:50,17.630500925469903,0.5086150529655463,0.006361257993544516,18.319399552914263,0.5030125144347429,0.006572100701961206,-8.491151226200486,-5.734658123294164e-7,-0.0,19.45333333333332,0.457113031864839,0.006409228524927352,0.15640779764726176,4.8854114397701303e-8,0.0,0.0,
2022/04/03 12:00,17.65374930552025,0.508407385753085,0.0063680625590843325,18.38451147025711,0.4990033721589342,0.006546137209523055,-8.874368946051732,-3.732571559630725e-7,-0.0,19.586666666666645,0.4506426507419012,0.006370713899365885,0.008644688359481734,-2.393880874940077e-7,0.0,0.0,
2022/04/03 12:10,17.677970598609647,0.508278622411149,0.006376266866890857,18.46007587456171,0.4957513226449594,0.006534240414183021,-8.793051704345203,-4.193406898316745e-7,-0.0,19.600000000000023,0.4545,0.006431189627310613,0.17907552304177443,7.712474465664074e-8,0.0,0.0,
2022/04/03 12:20,17.703998032139623,0.5083026996112076,0.006387154472314395,18.534842814153535,0.49420466124323703,0.0065445548492089325,-8.593578165159101,-5.84493524751774e-7,-0.0,19.600000000000023,0.45949999999999996,0.00650267944355995,0.37666887993395903,4.4579343725877264e-7,0.0,0.0,
2022/04/03 12:30,17.731762290507447,0.5084379465191381,0.006400180291725059,18.603575030513582,0.49394492805135226,0.006569597163180567,-8.404066398746297,-7.793462028219442e-7,-0.0,19.600000000000023,0.4645,0.006574185526905441,0.567343634292456,8.018200998466423e-7,0.0,0.0,
2022/04/03 12:40,17.76106674250076,0.5086624595257683,0.006414996454042787,18.665810356028032,0.49467009879195084,0.006605300547582673,-8.221715215574932,-9.915571590395809e-7,-0.0,19.600000000000023,0.4695,0.00664570788289994,0.7522340370103393,1.1472955163061358e-6,0.0,0.0,
2022/04/03 12:50,17.7917636503999,0.5089613692825404,0.006431363119430599,18.72195781460681,0.4961530092500526,0.006648879930495684,-8.041465717240612,-1.2138315051050392e-6,-0.0,19.600000000000023,0.4745,0.006717246517098836,0.9321221033885649,1.4836604981162556e-6,0.0,0.0,
2022/04/03 13:00,17.823752430540026,0.5093242334984065,0.006449115125160777,18.772676269894646,0.4982214318240984,0.006698339509930501,-7.8594747763219175,-1.4415823435381007e-6,-0.0,19.600000000000023,0.4795,0.006788801435060041,1.107546364210748,1.8119083881353287e-6,0.0,0.0,
2022/04/03 13:10,17.85654522327826,0.5097000318267206,0.006467406752472087,18.81120293039811,0.5003722886182319,0.006743971129316306,-7.774216176929941,-1.576024836890952e-6,-0.0,19.61500000000001,0.48150897499238,0.006823983004816901,1.16261597932953,1.9154513321245848e-6,0.0,0.0,
2022/04/03 13:20,17.889472269769044,0.510059519280793,0.00648558961933243,18.8434961650604,0.502245871261353,0.006783325922888661,-7.688520033447617,-1.665885728870462e-6,-0.0,19.63166666666666,0.4831818895165281,0.006855125026148175,1.2048692700841457,1.9950702217767682e-6,0.0,0.0,
2022/04/03 13:30,17.922703433693925,0.5104149394862644,0.00650389082742126,18.87371281450953,0.5039521096722108,0.006819629040195441,-7.579732371354453,-1.7438186547535763e-6,-0.0,19.648333333333312,0.48485089053800223,0.00688627013220125,1.2467467672872772,2.0740336904801753e-6,0.0,0.0,
2022/04/03 13:40,17.95636064557368,0.5107713828635401,0.006522427373379086,18.90278676309248,0.5055507255763784,0.006854076041143444,-7.4568355108078785,-1.814462285897948e-6,-0.0,19.66500000000002,0.4865159851540458,0.006917418323434478,1.287867005178441,2.1516490124416627e-6,0.0,0.0,
2022/04/03 13:50,17.990492469150468,0.5111313572263424,0.006541253458408328,18.93110973892425,0.5070787137892435,0.006887329857253529,-7.328087769917034,-1.8807427724626017e-6,-0.0,19.681666666666672,0.48817718044953295,0.006948569600306298,1.3280532623680301,2.2275949304304178e-6,0.0,0.0,
2022/04/03 14:00,18.025087181507615,0.5114957701316999,0.006560377931885678,18.95887867315929,0.5085600066040018,0.006919795995751858,-7.200165472426648,-1.944602412578814e-6,-0.0,19.698333333333323,0.4898344834969757,0.006979723963275246,1.367276686980631,2.3018172876925166e-6,0.0,0.0,
2022/04/03 14:10,18.06030389904936,0.5117967379966321,0.006578987520132691,18.98391139302595,0.5094363255366006,0.00694281678662826,-7.350540385020282,-1.8696033383672994e-6,-0.0,19.79000000000002,0.48539376095530573,0.0069556441465543845,1.228087988806692,2.035399295089333e-6,0.0,0.0,
2022/04/03 14:20,18.09569248895707,0.5119940050490187,0.0065963659277998,19.01183816645215,0.5092444001022634,0.0069524171377530215,-7.581790644544527,-1.7259751768355724e-6,-0.0,19.889999999999986,0.48032024926522365,0.006925429768182371,1.072911828907536,1.7384334033773984e-6,0.0,0.0,
2022/04/03 14:30,18.131142457060207,0.5121111084018033,0.006612765285357077,19.04476340010683,0.5082399851770587,0.006952983841764295,-7.817299625602914,-1.5635878393786788e-6,-0.0,19.99000000000001,0.47529319695383526,0.006895218292605863,0.920937324002125,1.447588591157538e-6,0.0,0.0,
2022/04/03 14:40,18.16664435506914,0.5121607336197472,0.006628340638525113,19.082681110109945,0.5065987290284509,0.006946879249090323,-8.056181583771718,-1.3895957781273924e-6,-0.0,20.089999999999975,0.47031217757747096,0.006865009719406553,0.7716589465417201,1.161921237319005e-6,0.0,0.0,
2022/04/03 14:50,18.202186506516398,0.5121517267734659,0.006643197200156936,19.125241289199153,0.5044495486676314,0.0069356724199257005,-8.298777346648762,-1.208152786079092e-6,-0.0,20.189999999999998,0.4653767687465858,0.006834804048166223,0.6247336489170721,8.807899544448124e-7,0.0,0.0,
2022/04/03 15:00,18.237754428197263,0.5120905648166088,0.006657408855740648,19.172016275419537,0.5018904046471189,0.006920474770378532,-8.544869140638411,-1.0218236466037923e-6,-0.0,20.29000000000002,0.4604865520854565,0.006804601278466728,0.4799205263177555,6.037431527803694e-7,0.0,0.0,
2022/04/03 15:10,18.272171356855324,0.5120852691065826,0.006671895430852348,19.21680500616992,0.49990337380287875,0.006912256230828843,-8.263646993175373,-1.0291700257770443e-6,-0.0,20.225000000000023,0.4658685209911108,0.006857095412955808,0.6038440786483079,8.458217534142195e-7,0.0,0.0,
2022/04/03 15:20,18.305447471974162,0.5122037187136325,0.006687559125142264,19.25299821432128,0.49936584996679534,0.006920504338252288,-7.802607581664348,-1.1345751534273587e-6,-0.0,20.14166666666665,0.4724429204507369,0.006918789412638996,0.753925774307163,1.1387759479936587e-6,0.0,0.0,
2022/04/03 15:30,18.33803268509149,0.5124152578093222,0.006704193306765844,19.280542141984483,0.4999475888649511,0.006940688016962623,-7.3157004687652725,-1.2661344027614613e-6,-0.0,20.058333333333337,0.47907442019456714,0.0069804955184845,0.9008826705533011,1.426064672238867e-6,0.0,0.0,
2022/04/03 15:40,18.37008754611503,0.5127038570962819,0.006721659813381924,19.30008665684403,0.501399426519631,0.006969643311461405,-6.81304063440848,-1.4143642405201376e-6,-0.0,19.975000000000023,0.48576348640474387,0.007042213734056045,1.0451652569731777,1.7085490299126904e-6,0.0,0.0,
2022/04/03 15:50,18.40171572341103,0.5130582425172311,0.006739858027964577,19.312508760968797,0.5035324351614769,0.007005104736873766,-6.299537208140578,-1.5739713438153347e-6,-0.0,19.89166666666665,0.49251058911640067,0.007103944062918754,1.1871016067530036,1.9868544851193914e-6,0.0,0.0,
2022/04/03 16:00,18.432985155534084,0.5134699827297874,0.006758708945426148,19.318695583658553,0.5062030453980024,0.007045423343050237,-5.7793672789023285,-1.741819582994965e-6,-0.0,19.808333333333337,0.499316202250616,0.007165686508639141,1.326949327411512,2.2614704068053164e-6,0.0,0.0,
2022/04/03 16:10,18.4649680563777,0.5139661501951093,0.006779037621533034,19.333167531621996,0.5095918413216621,0.0070995948331049295,-5.274400509261454,-2.003368383857822e-6,-0.0,19.754999999999995,0.5073917681142917,0.007258593759842875,1.5635915900686541,2.710941632913393e-6,0.0,0.0,
2022/04/03 16:20,18.49860992207107,0.5145570913543269,0.006801399358303333,19.35011660210307,0.5137612998962744,0.007165996884204767,-4.828393009904062,-2.310042027901661e-6,-0.0,19.704999999999984,0.5156493352801511,0.007354991076266295,1.8049844124395804,3.1691120444291238e-6,0.0,0.0,
2022/04/03 16:30,18.533354405591353,0.5152226158596456,0.006825298215508868,19.36437937126317,0.5184792900480283,0.0072390685182486736,-4.432954376310931,-2.6318064358183525e-6,-0.0,19.654999999999973,0.523953965777688,0.007451417931790021,2.0414617696353616,3.618540266731992e-6,0.0,0.0,
2022/04/03 16:40,18.56877318869209,0.5159505003320848,0.006850395897948684,19.375505576181467,0.5236020756408506,0.007316559224718538,-4.077817263048473,-2.9630499798308974e-6,-0.0,19.605000000000018,0.5323058989113884,0.007547874339993662,2.274126716591809,4.061218772465618e-6,0.0,0.0,
2022/04/03 16:50,18.604533789661957,0.5167323373442909,0.006876443507748013,19.38365573532434,0.5290308957914729,0.007397116669430497,-3.7547450064204213,-3.300001858982534e-6,-0.0,19.555000000000007,0.5407053751975717,0.007644360314465154,2.503790828509409,4.498610811806282e-6,0.0,0.0,
2022/04/03 17:00,18.640381808811355,0.5175624204444327,0.0069032597750633825,19.38913485285667,0.5346954307370354,0.0074798535017748455,-3.4569777683810803,-3.640011668151551e-6,-0.0,19.504999999999995,0.5491526363706409,0.007740875868800771,2.73104517959041,4.931780101332203e-6,0.0,0.0,
2022/04/03 17:10,18.676444480069392,0.5184250997713193,0.0069306941327014916,19.394887053103332,0.5404493646437132,0.007564064091686625,-3.265693658885312,-3.961622860763332e-6,-0.0,19.485000000000014,0.5559695418596123,0.007828312982304502,2.926684015083538,5.301835229845073e-6,0.0,0.0,
2022/04/03 17:20,18.71269358780728,0.5193096479579542,0.006958593184782151,19.40121745502438,0.5461594635759014,0.007648013665876332,-3.1275395288770373,-4.272697364577169e-6,-0.0,19.468333333333362,0.5626149443798691,0.007914762111167806,3.1175863940575255,5.662709646481729e-6,0.0,0.0,
2022/04/03 17:30,18.748869127603427,0.5202175643177676,0.006986865653769801,19.407532820551353,0.5518344698670361,0.007731545369980483,-3.014065252979208,-4.580267939819767e-6,-0.0,19.451666666666654,0.5692736092376015,0.008001234975000342,3.3073486359489834,6.021557564739586e-6,0.0,0.0,
2022/04/03 17:40,18.784799882236996,0.5211494634165799,0.00701544605877652,19.41375334885771,0.5574825573136459,0.007814734801634266,-2.920159893303662,-4.8849587892650715e-6,-0.0,19.435000000000002,0.5759455593260706,0.008087731583578252,3.496184272902383,6.378751057552453e-6,0.0,0.0,
2022/04/03 17:50,18.820355265140336,0.5221059002531068,0.007044285097279627,19.41984632080687,0.5631099196635154,0.007897651490240408,-2.8424189055158426,-5.187111048661756e-6,-0.0,19.41833333333335,0.582630817577568,0.008174251946683054,3.684254087562749,6.734569674527034e-6,0.0,0.0,
2022/04/03 18:00,18.85543469781419,0.5230874254462837,0.007073345961697408,19.425793174713306,0.5687211405217316,0.007980348749159935,-2.7781569484068314,-5.486951356890274e-6,-0.0,19.401666666666642,0.589329406963454,0.008260796074101632,3.8716781228688433,7.0892213339030074e-6,0.0,0.0,
2022/04/03 18:10,18.88546753348652,0.5238929179717816,0.007097821648321087,19.368277970306792,0.5728318307417648,0.008009683525388542,-2.8559117462737054,-5.283225249358599e-6,-0.0,19.310000000000002,0.5856866406920412,0.008161735329854527,3.468887898855428,6.362966450870319e-6,0.0,0.0,
2022/04/03 18:20,18.905879806538906,0.5244210429275542,0.007114228916134619,19.279395828574764,0.5745454333481227,0.00798904221507548,-2.746650908599691,-4.842650998734744e-6,-0.0,19.20999999999998,0.5808179606441699,0.008042093543580965,3.0253002981273767,5.560802888437112e-6,0.0,0.0,
2022/04/03 18:30,18.918951850362987,0.5247598822977325,0.007124760305417165,19.186443860805866,0.5745941299727947,0.00794299524763043,-2.4482733609727347,-4.336954528907607e-6,-0.0,19.110000000000014,0.5758683328312928,0.00792249717878912,2.601019081287177,4.792894120458903e-6,0.0,0.0,
2022/04/03 18:40,18.926350191561028,0.5249561364887634,0.0071307876939940736,19.09417978344908,0.5733879467600745,0.007880062014850489,-2.0216649150705734,-3.796023654081398e-6,-0.0,19.00999999999999,0.5708368309915163,0.0078029462096177934,2.1915711597946483,4.05118044137278e-6,0.0,0.0,
2022/04/03 18:50,18.929220358835266,0.5250384909335004,0.007133212517824768,19.00408525585459,0.5711972660690882,0.007805016555066505,-1.5166608120762248,-3.239236422010128e-6,-0.0,18.910000000000025,0.565722518890917,0.007683440610225429,1.794017319701652,3.3303754417078507e-6,0.0,0.0,
2022/04/03 19:00,18.928294036473346,0.5250236960795414,0.007132591787177204,18.916579268226826,0.5682128188668156,0.0077208945517806375,-0.9729734063171236,-2.6796183977113576e-6,-0.0,18.810000000000002,0.5605244502156418,0.00756398035479007,1.4065413462303695,2.627217165810949e-6,0.0,0.0,
2022/04/03 19:10,18.926618704009343,0.5250209606316926,0.007131799316126011,18.86754581157396,0.5653371870878097,0.007657552860280712,-0.4055849351925645,-2.380452582443867e-6,-0.0,18.769999999999982,0.5600048816550165,0.007537778342835773,1.3236936016392065,2.479497918577769e-6,0.0,0.0,
2022/04/03 19:20,18.926931331963317,0.5250848077730358,0.007132817429033603,18.839640135405716,0.5631706700850785,0.007614393199879578,0.02791238441488986,-2.209602331563168e-6,-0.0,18.73666666666668,0.5600082979992154,0.007521936345501505,1.2687212543464739,2.3827333401427127e-6,0.0,0.0,
2022/04/03 19:30,18.928031205265768,0.5251735974176267,0.007134533129079472,18.81708029809306,0.5614514786824769,0.00758003775966864,0.33572161935524036,-2.0821269297086575e-6,-0.0,18.70333333333332,0.5600095912986169,0.0075060951454587466,1.211477025499562,2.281850729110219e-6,0.0,0.0,
2022/04/03 19:40,18.929043718585888,0.525265765178793,0.007136256072164296,18.79667816573391,0.5600434851735361,0.007551042882809824,0.5498829801490501,-1.9831251109647535e-6,-0.0,18.670000000000016,0.560008751523594,0.007490254742647317,1.1542117801134282,2.1808955995076645e-6,0.0,0.0,
2022/04/03 19:50,18.929376571668058,0.5253487985514619,0.0071375471974438045,18.77716813065365,0.5588601648889597,0.007525597334614991,0.6988166736306313,-1.9022915553714734e-6,-0.0,18.636666666666656,0.5600057686054206,0.007474415137007034,1.0983570747762315,2.0824354749311377e-6,0.0,0.0,
2022/04/03 20:00,18.92867575962464,0.5254164560490444,0.00713816091410952,18.757957980310607,0.5578428161182516,0.007502604610839002,0.8068100029578319,-1.8322391723617083e-6,-0.0,18.603333333333353,0.5600006324360768,0.00745857632847772,1.0447136575091918,1.9879030973250647e-6,0.0,0.0,
2022/04/03 20:10,18.927831250878683,0.5255331462941015,0.007139383511088013,18.755327695943436,0.5574687951134092,0.007496265497765945,0.991626230578504,-1.926494802454529e-6,-0.0,18.569999999999993,0.5644572054888702,0.007502782225670385,1.1848606003989062,2.253193821582516e-6,0.0,0.0,
2022/04/03 20:20,18.928009721934473,0.5257347864862574,0.007142234783867246,18.759783582388366,0.5580737127097539,0.007506614861552917,1.136078525970561,-2.0993725806860567e-6,-0.0,18.53666666666669,0.5694272887158162,0.007553667522130716,1.3414754145260304,2.5492949463346885e-6,0.0,0.0,
2022/04/03 20:30,18.928677701668335,0.5259955666141076,0.007146119815695319,18.76371218017539,0.5593960560781247,0.007526488174370281,1.228442697930632,-2.2944736350490144e-6,-0.0,18.50333333333333,0.5744159934213667,0.007604561045791278,1.4947464846245566,2.8393386295310976e-6,0.0,0.0,
2022/04/03 20:40,18.929472024727716,0.5263028560219192,0.007150701447534129,18.76581318862094,0.5612665401238106,0.0075529648853437424,1.2878947598102286,-2.5018828151601e-6,-0.0,18.470000000000027,0.5794233826668865,0.007655462798647508,1.6457731234015682,3.125310170164219e-6,0.0,0.0,
2022/04/03 20:50,18.930180374129293,0.5266493984909841,0.0071557841976977316,18.765782002778963,0.5635633318246841,0.007584234714001834,1.329172443165021,-2.715564779584066e-6,-0.0,18.436666666666667,0.5844495197271649,0.00770637278269549,1.7951927049136884,3.408360341446181e-6,0.0,0.0,
2022/04/03 21:00,18.93070137172589,0.5270312487867108,0.007161267988603111,18.763645393860486,0.566195888052787,0.007619066129396236,1.3630905089951284,-2.931722228304726e-6,-0.0,18.403333333333308,0.5894944680911639,0.007757290999931954,1.9433315383796526,3.6890793434607073e-6,0.0,0.0,
2022/04/03 21:10,18.929099686028565,0.5274069822291544,0.007165707100466283,18.736012833029065,0.5687991139866033,0.007641147339015225,1.5089883543078033,-3.032954117903622e-6,-0.0,18.295000000000016,0.5943978107063879,0.007768974948933107,1.9669533117562423,3.7502745705354123e-6,0.0,0.0,
2022/04/03 21:20,18.923821199873828,0.5277593504343921,0.0071681588290752355,18.692669965231346,0.5712035461562539,0.007652809968045315,1.7794647399404087,-3.0821241557755986e-6,-0.0,18.17833333333334,0.5993260082002,0.007776299193413213,1.9828401375727935,3.7979250844257336e-6,0.0,0.0,
2022/04/03 21:30,18.915826087228652,0.5281079981766031,0.007169326246719624,18.643513052392507,0.5735419340421715,0.0076606298521280924,2.1294148570586913,-3.116724748059975e-6,-0.0,18.061666666666667,0.6042985569021113,0.0077836236082579596,2.002915011551977,3.852990204113288e-6,0.0,0.0,
2022/04/03 21:40,18.905768011965563,0.52846284069827,0.007169640801483544,18.590636671485186,0.5758722715880195,0.007666403241516006,2.5334316153140435,-3.144019783607368e-6,-0.0,17.944999999999993,0.6093158885698534,0.007790948193473285,2.0257711983135778,3.912958160176641e-6,0.0,0.0,
2022/04/03 21:50,18.894089908465162,0.5288290983015562,0.007169374262637984,18.534968995174324,0.5782257035830679,0.007670995384857057,2.9710286898301774,-3.1690816695644638e-6,-0.0,17.82833333333332,0.6143784394811557,0.007798272949065133,2.0505225948488714,3.976251573788518e-6,0.0,0.0,
2022/04/03 22:00,18.88106658327115,0.5292087658614597,0.007168678018370062,18.477024563848204,0.5806197369739957,0.007674884446058704,3.4254190039678183,-3.1954967188733997e-6,-0.0,17.711666666666645,0.6194866504843402,0.007805597875039452,2.0766756003706632,4.041996077594217e-6,0.0,0.0,
2022/04/03 22:10,18.867349989828426,0.5295527774922218,0.007167175270525945,18.41864913423757,0.5827081323514012,0.007674345574527379,3.6389858394733214,-3.130570503783481e-6,-0.0,17.670000000000016,0.6185215100548498,0.007772578093900335,1.9739143921055984,3.855299328730106e-6,0.0,0.0,
2022/04/03 22:20,18.852961158592166,0.5298288590390842,0.007164435469319951,18.36252859224419,0.5841625124732692,0.007666369783809638,3.766053333955597,-3.02125899843811e-6,-0.0,17.636666666666656,0.6168698863460506,0.007735079799810815,1.8605844129544948,3.6473806209628084e-6,0.0,0.0,
2022/04/03 22:30,18.837720788756542,0.5300514573189143,0.0071605776437850405,18.30900915325219,0.5851114487270161,0.007652915831032734,3.873389925130937,-2.9029715895024914e-6,-0.0,17.603333333333353,0.6152089045932311,0.007697585970946965,1.7509143081906586,3.4460761286129424e-6,0.0,0.0,
2022/04/03 22:40,18.821556286047212,0.5302278816478542,0.007155671338632289,18.258005069902538,0.5856495227959955,0.007635253746773273,3.9633166712667394,-2.7806986940975477e-6,-0.0,17.569999999999993,0.6135385286925493,0.007660096606511264,1.644677324856275,3.2509555967220026e-6,0.0,0.0,
2022/04/03 22:50,18.804408564912706,0.530363146444477,0.007149760869908202,18.20931216599263,0.58584885435121,0.007614279502271227,4.036979618982742,-2.657053985512731e-6,-0.0,17.53666666666669,0.6118587224094785,0.007622611705706385,1.5417289679930946,3.0617434478899305e-6,0.0,0.0,
2022/04/03 23:00,18.786230050599784,0.5304610046092433,0.007142878634477727,18.1626965081972,0.5857657483955634,0.007590652375452379,4.095877275937596,-2.533446854597188e-6,-0.0,17.50333333333333,0.6101694493782797,0.0075851312677351875,1.4419636051043199,2.8782380025323096e-6,0.0,0.0,
2022/04/03 23:10,18.76707061903744,0.5304972619325103,0.007134720952582408,18.116643434946127,0.5852489779687807,0.007561690691269411,4.032638399465327,-2.3547047216540104e-6,-0.0,17.5,0.6054999999999999,0.0075247786267717545,1.2717820715499784,2.5585317294754645e-6,0.0,0.0,
2022/04/03 23:20,18.746762724562757,0.5304580600255302,0.007125028432974352,18.072925499358405,0.5841570823340283,0.007526446648341749,3.929565098310946,-2.148862497493459e-6,-0.0,17.5,0.6004999999999999,0.007461896293821668,1.098356818123193,2.2320478093096813e-6,0.0,0.0,
2022/04/03 23:30,18.72529974937379,0.5303553363534458,0.0071139659345013095,18.032308683127383,0.5825868462251194,0.007486593177751166,3.8202394509164606,-1.9362750529501293e-6,-0.0,17.5,0.5954999999999999,0.007399026522070099,0.9294393331163064,1.9137678383753404e-6,0.0,0.0,
2022/04/03 23:40,18.70273269167552,0.5301965245380964,0.007101662819750105,17.99472649127779,0.5806106390233068,0.007443064742566064,3.707414424772537,-1.7200257092236294e-6,-0.0,17.5,0.5905,0.007336169307753643,0.7646078178693188,1.602918970549447e-6,0.0,0.0,
2022/04/03 23:50,18.679123131409426,0.529987273758908,0.007088228760912236,17.95998003839128,0.5782857121742732,0.0073965234726441256,3.5927125983863566,-1.5019265920738738e-6,-0.0,17.5,0.5854999999999999,0.007273324647110389,0.6035046742090344,1.2988489751954423e-6,0.0,0.0,
2022/04/04 00:00,18.65453800508311,0.5297320337241108,0.007073759337943065,17.927839867600824,0.5756585899144735,0.007347469548115487,3.477445190012532,-1.2831158506671631e-6,-0.0,17.5,0.5804999999999999,0.007210492536379937,0.4458182516702891,1.0009915805528937e-6,0.0,0.0,
2022/04/04 00:10,18.629525365912173,0.5295461948442894,0.007060060727888981,17.91200451398032,0.5735946834047956,0.007313436767717162,3.70190658963395,-1.3062794755992778e-6,-0.0,17.42500000000001,0.5858729305322636,0.0072432082257643015,0.5971519589534182,1.2904147910989592e-6,0.0,0.0,
2022/04/04 00:20,18.6053296748849,0.5294973593531312,0.0070485948807002445,17.90137415957804,0.5728275774270392,0.007298597521252526,3.983737965132264,-1.4490993095761365e-6,-0.0,17.34166666666664,0.5924504273725681,0.007286545240777261,0.7758365541551484,1.6324116240073748e-6,0.0,0.0,
2022/04/04 00:30,18.581696525715245,0.5295465567981853,0.007038714306991886,17.8883865119397,0.5730694887566097,0.007295677491092526,4.23333742515581,-1.6258242033985669e-6,-0.0,17.258333333333326,0.5990831103705008,0.007329888225584418,0.949371833636178,1.9650984943343577e-6,0.0,0.0,
2022/04/04 00:40,18.558355191748774,0.5296735559168175,0.007030019963793226,17.871725347705365,0.5741189707547393,0.0073014408607140245,4.460264696924128,-1.8231398096121607e-6,-0.0,17.17500000000001,0.605771427820595,0.007373237181419393,1.1190588800270689,2.2908495796936104e-6,0.0,0.0,
2022/04/04 00:50,18.53513140508312,0.5298653139469246,0.007022254415366438,17.85115658496744,0.5758222244279828,0.007313765188122031,4.67455269751099,-2.032908266860229e-6,-0.0,17.09166666666664,0.6125158317400133,0.0074165921095161414,1.2857370659310163,2.6111966486663238e-6,0.0,0.0,
2022/04/04 01:00,18.51193448962283,0.530113374751543,0.007015260181707077,17.826823992823165,0.5780590836359941,0.007331133934666821,4.884316576444121,-2.2498673199481543e-6,-0.0,17.008333333333326,0.619316777900631,0.007459953011108963,1.4499198585331214,2.9270789479555483e-6,0.0,0.0,
2022/04/04 01:10,18.48883541128265,0.5303695927558525,0.007008422048713726,17.796804767117806,0.5804286881934516,0.007347467485633307,4.927480031707888,-2.383700995923879e-6,-0.0,16.970000000000027,0.6214894692087811,0.007468045919101633,1.4986024803404234,3.0203974514392612e-6,0.0,0.0,
2022/04/04 01:20,18.465575639760118,0.53060452648306,0.007001231841550494,17.764526939121254,0.5825897484687941,0.007359984037786736,4.92891716921406,-2.475836975463106e-6,-0.0,16.936666666666667,0.6231487767747934,0.007472219848624276,1.5356552195937638,3.0911995753693208e-6,0.0,0.0,
2022/04/04 01:30,18.44215345077754,0.5308302203148668,0.006993850717390032,17.7318238426476,0.5846012672711213,0.007370308033964416,4.936021802064943,-2.556720383223286e-6,-0.0,16.903333333333308,0.6248126675375321,0.007476393833500968,1.5733306237223132,3.163148322926454e-6,0.0,0.0,
2022/04/04 01:40,18.4186216282298,0.5310524758760006,0.006986379986826021,17.699115706805173,0.586500342731918,0.007379120467114748,4.947996865463438,-2.630545350519392e-6,-0.0,16.870000000000005,0.6264811548859045,0.007480567873732814,1.61129836979012,3.2356379874996544e-6,0.0,0.0,
2022/04/04 01:50,18.39501443115853,0.5312748785642277,0.006978882778670362,17.66655498932664,0.5883130083232402,0.007386832924711476,4.962328874271975,-2.6998891857651785e-6,-0.0,16.836666666666645,0.6281542522503533,0.0074847419693209105,1.6493526264678167,3.3082912666545765e-6,0.0,0.0,
2022/04/04 02:00,18.371343438052122,0.5314995977135651,0.0069713930693551,17.63419538450279,0.5900583435589308,0.007393719839200758,4.9764997190942495,-2.766447046708128e-6,-0.0,16.80333333333334,0.6298319731029626,0.007488916120266365,1.687382613689124,3.380904056910129e-6,0.0,0.0,
2022/04/04 02:10,18.34856741242976,0.5316743826767326,0.006963642393028784,17.60818731323974,0.5913798301768464,0.007398180565137271,4.667683397846646,-2.7360308991111173e-6,-0.0,16.875,0.6238719049937419,0.0074514312270183335,1.590434273750816,3.1850114573295826e-6,0.0,0.0,
2022/04/04 02:20,18.32690370527746,0.5317648247943222,0.006955273356069812,17.58962352698927,0.5919046155796671,0.007396050836132709,4.233158805351422,-2.6539392924400763e-6,-0.0,16.958333333333314,0.6171165210316161,0.007409322900517956,1.4804274045491184,2.9631880760988083e-6,0.0,0.0,
2022/04/04 02:30,18.30593497583726,0.5317875966671219,0.006946325287916417,17.57695397072331,0.5917513481637864,0.007388132395785776,3.7697839869645122,-2.5565477150203055e-6,-0.0,17.041666666666686,0.610417129757556,0.0073672202074706586,1.372326832968838,2.745170149393925e-6,0.0,0.0,
2022/04/04 02:40,18.285469123168127,0.5317521422393234,0.006936840730851634,17.569623874266654,0.5910167130994659,0.0073753977805777774,3.2887842158402236,-2.4487571652973917e-6,-0.0,17.125,0.6037732802653576,0.007325123146746017,1.2659938463173148,2.5306723824081582e-6,0.0,0.0,
2022/04/04 02:50,18.265388671010044,0.5316656128713598,0.006926864444071035,17.567176983204433,0.5897788769146649,0.007358617718333086,2.7973099816125573,-2.3332346379719133e-6,-0.0,17.208333333333314,0.5971845253626409,0.0072830317172139,1.1612825036643244,2.319406818336379e-6,0.0,0.0,
2022/04/04 03:00,18.245628641704457,0.5315337758154745,0.006916445708179766,17.569208658430398,0.588101953609628,0.007338400242885701,2.301090518983529,-2.2115580394090763e-6,-0.0,17.291666666666686,0.590650421539063,0.007240945917744485,1.0580321220350015,2.111065633596445e-6,0.0,0.0,
2022/04/04 03:10,18.224712492020046,0.5314494945618131,0.006906158931889458,17.56655407003973,0.5866554581149219,0.007318897353348015,2.314494969970156,-2.2430995314708985e-6,-0.0,17.20999999999998,0.5958562881380312,0.007267419434435328,1.1778889653992337,2.3438349330041105e-6,0.0,0.0,
2022/04/04 03:20,18.202353415462596,0.5314740358261562,0.006896681850794487,17.55655132299796,0.5861278500131307,0.0073075677239632444,2.523397373881835,-2.3537556115365092e-6,-0.0,17.110000000000014,0.6024219967428739,0.007301513818362984,1.319953618177351,2.62077135408309e-6,0.0,0.0,
2022/04/04 03:30,18.179178884968508,0.5315839125282111,0.006887977447360866,17.540813040823366,0.5863780536793224,0.007303378209042749,2.77753924309252,-2.484464781748304e-6,-0.0,17.00999999999999,0.6090500843335203,0.007335611897031428,1.4595110040647796,2.8930906788492638e-6,0.0,0.0,
2022/04/04 03:40,18.155490759380143,0.5317670528298408,0.006880015939272546,17.519819201157873,0.5872838795966885,0.007304989205383693,3.0630170639295784,-2.6278122288563833e-6,-0.0,16.910000000000025,0.6157411426325676,0.007369713671041279,1.5966582301878134,3.16101616765236e-6,0.0,0.0,
2022/04/04 03:50,18.131499144951647,0.532014724791334,0.006872771341014999,17.494032592079407,0.5887430723578643,0.007311296681004089,3.371838403275547,-2.779834245095897e-6,-0.0,16.810000000000002,0.6224957691687142,0.007403819140993288,1.7314800242095316,3.4247347584979136e-6,0.0,0.0,
2022/04/04 04:00,18.107351734591646,0.5323200989887679,0.0068662155186495705,17.46391394517525,0.5906705654033367,0.007321408781712021,3.6976519984995098,-2.9382438187059647e-6,-0.0,16.70999999999998,0.6293145673363356,0.007437928307488335,1.8640681187266637,3.6844374058390004e-6,0.0,0.0,
2022/04/04 04:10,18.084378348689484,0.5326576737330115,0.0068605930025916724,17.44159082530234,0.5928609871649347,0.007338400439066303,3.7985464042230888,-3.080886968768703e-6,-0.0,16.69999999999999,0.6315,0.007459269377245779,1.9519828228692404,3.846860830788579e-6,0.0,0.0,
2022/04/04 04:20,18.0632995728011,0.5330062607688273,0.006855939500195164,17.425017331996344,0.5950627708846835,0.0073581753843119675,3.788732809829867,-3.2131873388195997e-6,-0.0,16.69999999999999,0.6331666666666667,0.0074791927417406975,2.0321156359264023,3.993479718704485e-6,0.0,0.0,
2022/04/04 04:30,18.043572432528492,0.533364784488329,0.0068520026186539495,17.410295288265786,0.5972481401239327,0.007378569442739873,3.73922940131763,-3.344282991062679e-6,-0.0,16.69999999999999,0.6348333333333332,0.007499117367486462,2.109916020782066,4.1359561363694605e-6,0.0,0.0,
2022/04/04 04:40,18.0248651093259,0.5337315885921946,0.006848615126040941,17.396707521526366,0.5994098596570737,0.00739916104042702,3.6616206792558614,-3.4742615995806856e-6,-0.0,16.69999999999999,0.6365,0.007519043254602837,2.1859292371059382,4.275256023703589e-6,0.0,0.0,
2022/04/04 04:50,18.006935538220205,0.5341056601977808,0.0068456576588763,17.383954389401822,0.6015460717140039,0.00741979021759829,3.5637479849202696,-3.6027370610443637e-6,-0.0,16.69999999999999,0.6381666666666667,0.007538970403209608,2.260544469616889,4.412068149924524e-6,0.0,0.0,
2022/04/04 05:00,17.989608726468077,0.5344866386791732,0.006843048764447309,17.371875033744516,0.6036570317520304,0.0074403877946218715,3.451892815608631,-3.7292250787821917e-6,-0.0,16.69999999999999,0.6398333333333334,0.007558898813426574,2.334027295072019,4.546861125669856e-6,0.0,0.0,
2022/04/04 05:10,17.974478873547866,0.5348360438506771,0.006840984165525881,17.375743554885332,0.6054911630558816,0.007465113048178881,2.963645771907295,-3.8020843767018024e-6,-0.0,16.83499999999998,0.6338203195013472,0.007552266723437577,2.3191350018646517,4.495391057286363e-6,0.0,0.0,
2022/04/04 05:20,17.962309782540444,0.5351253147068433,0.006839427825493553,17.392829329676374,0.6067227208245679,0.007488660583633818,2.298858381034279,-3.841247032610005e-6,-0.0,16.985000000000014,0.6270296654462186,0.007542683666823115,2.2929639125159156,4.420978360158826e-6,0.0,0.0,
2022/04/04 05:30,17.95228175805687,0.5353635871793232,0.006838142354240865,17.417665396279915,0.6074000914804878,0.0075090418541161694,1.5762697177063956,-3.868346521818995e-6,-0.0,17.13499999999999,0.6203176879633117,0.007533100901951151,2.265910607412934,4.345314618521502e-6,0.0,0.0,
2022/04/04 05:40,17.943941637393607,0.5355566978210934,0.006837006879037256,17.448884179907793,0.6075811864814544,0.007526319376289285,0.8188201300833954,-3.885408645254238e-6,-0.0,17.285000000000025,0.6136834038615574,0.007523518428808365,2.2383691917500528,4.269068247880596e-6,0.0,0.0,
2022/04/04 05:50,17.93700229337412,0.5357100134385864,0.006835966434215011,17.485695270934627,0.6073186968678407,0.00754075572577147,0.042389134467271106,-3.89327641723326e-6,-0.0,17.435000000000002,0.607125843130299,0.007513936247381436,2.210518880904374,4.192531561600397e-6,0.0,0.0,
2022/04/04 06:00,17.931297108631497,0.535828673806048,0.006835015327549026,17.527531685175575,0.6066588995297527,0.007552634117487561,-0.7406637230582191,-3.892358768920025e-6,-0.0,17.58499999999998,0.6006440487507388,0.007504354357657043,2.1823782343196854,4.115715121761941e-6,0.0,0.0,
2022/04/04 06:10,17.925557429503385,0.5360570424976885,0.006835463205678414,17.57172996231418,0.6065530267696049,0.007572657089427516,-0.8669451983325872,-4.149109007442713e-6,-0.0,17.54000000000002,0.6102980055677217,0.007604550281575319,2.5076064882443916,4.7280335509166085e-6,0.0,0.0,
2022/04/04 06:20,17.920030800841175,0.5364852175548974,0.0068385773607772225,17.61126367426482,0.6079225468545904,0.007609156743983246,-0.7719612761138706,-4.533799688295108e-6,-0.0,17.473333333333358,0.6218230682920494,0.007716981856749181,2.864035663105142,5.402245882042469e-6,0.0,0.0,
2022/04/04 06:30,17.915163938611045,0.5370707226980502,0.006844002681969259,17.64445313693642,0.6104991513478968,0.007658019797656854,-0.6434687077239687,-4.948948495992149e-6,-0.0,17.406666666666638,0.6334359026605711,0.007829453594011555,3.213060235086232,6.063089450165895e-6,0.0,0.0,
2022/04/04 06:40,17.91108647082524,0.5377914240589863,0.006851509573677569,17.671221012888452,0.6140667311780078,0.007716504819856877,-0.49009269625116764,-5.381591737155093e-6,-0.0,17.339999999999975,0.64513711020303,0.00794196551488596,3.555428870170317,6.711976078792537e-6,0.0,0.0,
2022/04/04 06:50,17.907886749722252,0.5386318088073702,0.006860936804658498,17.69194950664371,0.6184488054332969,0.007782553576218442,-0.31504559012432765,-5.824467095493575e-6,-0.0,17.273333333333312,0.6569272965634467,0.008054517640911285,3.8916673326500586,7.3498971871795504e-6,0.0,0.0,
2022/04/04 07:00,17.905631802557423,0.5395803376508637,0.006872165939721489,17.707188082371317,0.6235010743934211,0.007854572567468575,-0.12098373068681668,-6.273198207463735e-6,-0.0,17.20666666666665,0.6688070715290177,0.008167109993641822,4.222161850447037,7.97758175550722e-6,0.0,0.0,
2022/04/04 07:10,17.9055375844365,0.5405197955389841,0.006884222139502689,17.721814714126765,0.6284461654466298,0.00792505983944282,-0.4504571732155682,-6.523624593618389e-6,-0.0,17.305000000000007,0.6669592050682149,0.00819575265666898,4.276241972394473,8.061762008497015e-6,0.0,0.0,
2022/04/04 07:20,17.907584764568185,0.5413752885544999,0.006896137346103914,17.740276692470445,0.6325571500716853,0.00798697641266388,-0.9524919774224828,-6.67179006047786e-6,-0.0,17.42166666666668,0.6635975447490435,0.008215066241724205,4.300364366847816,8.087137668056614e-6,0.0,0.0,
2022/04/04 07:30,17.91131930020299,0.5421755712377697,0.006908086695542336,17.7628379555822,0.6359852299043792,0.008042396506427503,-1.471190049363145,-6.791563586127431e-6,-0.0,17.538333333333355,0.6602536949164789,0.00823438101062111,4.324379298578606,8.112479195243273e-6,0.0,0.0,
2022/04/04 07:40,17.91656873821887,0.5429344175407264,0.0069201749876299,17.789479378152294,0.638843019054536,0.00809275675697993,-1.9983856755766285,-6.892453206738912e-6,-0.0,17.654999999999973,0.6569275678704481,0.00825369696346855,4.347945068417175,8.13712710040734e-6,0.0,0.0,
2022/04/04 07:50,17.923203215099534,0.5436609314562738,0.006932465169674382,17.820018167457306,0.6412169913610883,0.008139072787107366,-2.531379430514562,-6.979823406543703e-6,-0.0,17.771666666666647,0.6536190761552084,0.008273014100375384,4.370856437178418,8.160681900578141e-6,0.0,0.0,
2022/04/04 08:00,17.93111282001405,0.5443614439936079,0.006944992957270469,17.854216091711805,0.6431751682785474,0.008182092286078038,-3.068504437540014,-7.05696611548058e-6,-0.0,17.88833333333332,0.6503281325625746,0.008292332421450487,4.392996954610453,8.18291217152226e-6,0.0,0.0,
2022/04/04 08:10,17.938391788325134,0.5448546354469184,0.006954576652288604,17.858578017215052,0.6436878666759335,0.00819097995521853,-4.02048973510091,-6.716284227920453e-6,-0.0,18.064999999999998,0.6326804069285391,0.008155718022041519,3.9163184332260244,7.266704172998579e-6,0.0,0.0,
2022/04/04 08:20,17.942374058403345,0.5450436821397087,0.006958780139643727,17.851943671685547,0.6419168315280955,0.00816469031784929,-4.975829912973496,-6.1719391849466e-6,-0.0,18.248333333333335,0.6137840843620879,0.008001849110649023,3.4009237722900707,6.27801082719136e-6,0.0,0.0,
2022/04/04 08:30,17.94405596501076,0.5450049476982844,0.006959024942011484,17.849903678692954,0.6382716787929413,0.008116665102541715,-5.829792569346638,-5.569196009648669e-6,-0.0,18.431666666666672,0.5952473837365654,0.00784805532310799,2.8986813349886233,5.314671122998121e-6,0.0,0.0,
2022/04/04 08:40,17.94429384695104,0.5447800448845224,0.006956226414138477,17.855503917240412,0.6330072511702147,0.008051729306953241,-6.6080727918847515,-4.93120289928195e-6,-0.0,18.61500000000001,0.5770638562142114,0.007694336604414958,2.4066064301209735,4.37125126928539e-6,0.0,0.0,
2022/04/04 08:50,17.94369987629085,0.5443965174663866,0.006951011706777095,17.869832866731485,0.6263069606966021,0.007972695071751345,-7.333975793990249,-4.2724760516018e-6,-0.0,18.798333333333346,0.5592271699428281,0.0075406928996201395,1.9226540550616846,3.444031376008958e-6,0.0,0.0,
2022/04/04 09:00,17.942682572856768,0.5438726428242783,0.006943798466586682,17.893300100830743,0.6183124944299769,0.007881425608521262,-8.026431252847601,-3.6026619672998616e-6,-0.0,18.981666666666683,0.5417311078620932,0.007387124153827371,1.4454622949340319,2.5305333349178463e-6,0.0,0.0,
2022/04/04 09:10,17.942782455472013,0.5434208356319267,0.006938009858286385,17.954708954399734,0.6104345094028062,0.007810261631985054,-8.163226717023237,-3.357670134736632e-6,-0.0,19.060000000000002,0.5400188630306053,0.007400018434699715,1.5063778083745092,2.6316370196154517e-6,0.0,0.0,
2022/04/04 09:20,17.946522759132108,0.5431606560723032,0.006936301922278725,18.03444416586609,0.6039558377245561,0.0077656815861545546,-8.22638251849753,-3.3201362100920353e-6,-0.0,19.126666666666665,0.5400319135865,0.007431407002858484,1.614288877467743,2.822022000741372e-6,0.0,0.0,
2022/04/04 09:30,17.95322511270996,0.54302161219491,0.006937464867129466,18.117254642918056,0.5985907489681357,0.007736517548251488,-8.359071449388011,-3.339158657678039e-6,-0.0,19.193333333333328,0.5400367145526205,0.007462798701908007,1.712849654960337,2.9953530052785127e-6,0.0,0.0,
2022/04/04 09:40,17.96224469607165,0.5429674190587434,0.006940747330804365,18.199697300426237,0.5941470112821972,0.007718749010867924,-8.53932778229364,-3.3921244545783868e-6,-0.0,19.25999999999999,0.5400333429378722,0.007494193532316743,1.8045099564158136,3.156096850593058e-6,0.0,0.0,
2022/04/04 09:50,17.973154099980945,0.5429749516525192,0.006945664455071184,18.28040565514408,0.5904728390479199,0.0077098838318966235,-8.744176626623243,-3.464817025424988e-6,-0.0,19.326666666666654,0.5400218751559659,0.007525591494553255,1.890850662413186,3.3071349647690367e-6,0.0,0.0,
2022/04/04 10:00,17.985720155832496,0.5430296945450716,0.006951928466151438,18.358825197789372,0.5874433760124202,0.0077081472613092375,-8.953880361381723,-3.547700912753396e-6,-0.0,19.393333333333317,0.5400023870298719,0.007556992589086193,1.9728100601685128,3.4501811021632773e-6,0.0,0.0,
2022/04/04 10:10,17.99910681983897,0.5430905636649275,0.0069586402024793105,18.424411361671503,0.5847328305880837,0.0077041589619457245,-9.168150418212235,-3.556640163297454e-6,-0.0,19.444999999999993,0.5384865716843257,0.007560082252131472,1.9610002992853879,3.4219977804597293e-6,0.0,0.0,
2022/04/04 10:20,18.012575680256532,0.5431361994683077,0.006965196663127541,18.482202822237014,0.5821058894091448,0.007697300824130974,-9.331447059116158,-3.52981442662265e-6,-0.0,19.495000000000005,0.5368105725817272,0.0075600260091383915,1.939439595595104,3.3760410930011836e-6,0.0,0.0,
2022/04/04 10:30,18.026548228600916,0.5431768815465158,0.006971917752997936,18.53690621959521,0.5795897690264838,0.007690260216361586,-9.442621301861893,-3.491958355701394e-6,-0.0,19.545000000000016,0.5351404335691164,0.007559969766155363,1.9173421187697386,3.3291652136998662e-6,0.0,0.0,
2022/04/04 10:40,18.041349169161947,0.5432171718677881,0.006979007266944648,18.58959481717619,0.5771853716949606,0.00768359255252231,-9.512071004520523,-3.446609307037577e-6,-0.0,19.595000000000027,0.5334761320576306,0.00755991352318238,1.8940433961972758,3.280181539468214e-6,0.0,0.0,
2022/04/04 10:50,18.057206052348818,0.5432592069498455,0.006986595081860473,18.6407837925957,0.5748863567523039,0.007677480603181887,-9.55001375503855,-3.3963172542196756e-6,-0.0,19.644999999999982,0.5318176455531628,0.007559857280219448,1.8691199645938923,3.2283361129103417e-6,0.0,0.0,
2022/04/04 11:00,18.074258383514803,0.5433033985052041,0.006994750049990052,18.690786485316153,0.5726838066338859,0.007671971276364941,-9.565797255776829,-3.3429972363780614e-6,-0.0,19.694999999999993,0.5301649516559102,0.0075598010372665645,1.8423473313876002,3.1732326146467405e-6,0.0,0.0,
2022/04/04 11:10,18.09330224062802,0.5433633513211116,0.007004005737278648,18.748722551092953,0.5706707430925423,0.007672772926667873,-9.613941003284483,-3.3294665552050425e-6,-0.0,19.774999999999977,0.5284886077525033,0.0075735772580792365,1.8570865196418254,3.1904892074521916e-6,0.0,0.0,
2022/04/04 11:20,18.11494224230512,0.5434431867832862,0.007014689454408148,18.811203179831693,0.5688778243916844,0.007678680896853802,-9.700705845768312,-3.333172654549301e-6,-0.0,19.85833333333335,0.5268140076776989,0.0075888911270222265,1.8721831180539539,3.2081822335932063e-6,0.0,0.0,
2022/04/04 11:30,18.138799443859284,0.5435336977237497,0.007026517472856817,18.874688358449134,0.567237124650679,0.007687078138508271,-9.81134530515533,-3.340955328105959e-6,-0.0,19.941666666666663,0.5251443743618275,0.007604205740978334,1.8835511539896288,3.2192294996124946e-6,0.0,0.0,
2022/04/04 11:40,18.1645909063227,0.543629327560965,0.007039295642897032,18.93854676535608,0.565709618576848,0.007697145077750344,-9.938823605189102,-3.3504310921033912e-6,-0.0,20.024999999999977,0.5234797009296632,0.007619521100001927,1.891823652327048,3.2247699040106837e-6,0.0,0.0,
2022/04/04 11:50,18.192098549704212,0.5437263668438695,0.0070528821956896475,19.002569647872065,0.5642681396990594,0.007708422957159439,-10.077363957490777,-3.3598759268288712e-6,-0.0,20.10833333333335,0.5218199804070192,0.007634837204147376,1.897462850188731,3.2256338630263137e-6,0.0,0.0,
2022/04/04 12:00,18.22115819926438,0.5438224693292081,0.0070671767347920255,19.066689530393944,0.5628925711746072,0.007720613608374096,-10.22207207873464,-3.36801343317394e-6,-0.0,20.191666666666663,0.5201652057224684,0.007650154053469065,1.9007960901030856,3.2224085586634942e-6,0.0,0.0,
2022/04/04 12:10,18.250967349610676,0.5439378332302274,0.007082088099431819,19.125086702049316,0.5617287527125162,0.007732919171949461,-10.201414514661451,-3.407035594821082e-6,-0.0,20.214999999999975,0.5215090136390926,0.007681374940355041,1.953973246612577,3.320716212264472e-6,0.0,0.0,
2022/04/04 12:20,18.281145938702878,0.5440868897173304,0.007097638853914373,19.17812148523194,0.5609484695645267,0.0077479405670338,-10.107673394304586,-3.4621459143250813e-6,-0.0,20.231666666666683,0.5231819550830249,0.007714366180861551,2.010837907692803,3.426904743565593e-6,0.0,0.0,
2022/04/04 12:30,18.311919391978222,0.5442635121438756,0.0071138534334801076,19.227658408874845,0.5604961375494661,0.007765853185425087,-9.991576500255519,-3.5199229392332545e-6,-0.0,20.248333333333335,0.5248509661775399,0.007747360878605394,2.0655494410623305,3.529175635756799e-6,0.0,0.0,
2022/04/04 12:40,18.343382873856513,0.5444641032601234,0.007130731144570285,19.274245007798584,0.5603194818488173,0.007786223716204291,-9.860467317521966,-3.578872476671093e-6,-0.0,20.264999999999986,0.5265160540379368,0.007780359034130044,2.1181101098397903,3.627549014919536e-6,0.0,0.0,
2022/04/04 12:50,18.375581825806535,0.5446857027300509,0.00714825731342733,19.318267763082872,0.5603739440968747,0.007808638360645256,-9.719460698176476,-3.63838030233875e-6,-0.0,20.281666666666638,0.5281772257671535,0.007813360647979077,2.1685677595476136,3.7221224930319828e-6,0.0,0.0,
2022/04/04 13:00,18.4085248659556,0.5449256725628093,0.007166404808873002,19.360045943347586,0.5606221712054761,0.007832744205008586,-9.572794765887807,-3.698226167993662e-6,-0.0,20.298333333333346,0.5298344884557558,0.00784636572069619,2.217010853096781,3.81306374241018e-6,0.0,0.0,
2022/04/04 13:10,18.440682915119964,0.5451337539053361,0.0071838108968440605,19.380109464986106,0.5606762526649504,0.007843422049626368,-9.392261967132072,-3.6337747773239627e-6,-0.0,20.269999999999982,0.5300045097517762,0.007835009061849708,2.123229989005722,3.648616474308135e-6,0.0,0.0,
2022/04/04 13:20,18.470654057051263,0.5452856528383263,0.0071995061461229,19.38778792900348,0.5603173231312184,0.007842131767976119,-9.128963282649922,-3.512532948362143e-6,-0.0,20.23666666666668,0.5300076656970245,0.007818723910396773,2.018957972370572,3.465346100032912e-6,0.0,0.0,
2022/04/04 13:30,18.499138097558728,0.5454016981185368,0.007214072403257316,19.391655245594734,0.5597101163043875,0.007835435787874193,-8.805637097895556,-3.376500595048225e-6,-0.0,20.20333333333332,0.5300088602989841,0.007802439601066925,1.9183697775406472,3.2886928155489894e-6,0.0,0.0,
2022/04/04 13:40,18.526594616686225,0.5454917738314802,0.007227846386725028,19.39344866437881,0.5589413843699839,0.007825423231477729,-8.444410282793342,-3.233116777761003e-6,-0.0,20.170000000000016,0.5300080843913917,0.007786156133794844,1.8203675345466763,3.1166833464585223e-6,0.0,0.0,
2022/04/04 13:50,18.553307776329348,0.5455612265210298,0.007241026051289892,19.393869298262928,0.5580659423881831,0.007813219808847824,-8.062646231139754,-3.087273168769037e-6,-0.0,20.136666666666656,0.5300053287726373,0.007769873508515216,1.7243058121641752,2.948159635677452e-6,0.0,0.0,
2022/04/04 14:00,18.579427044614135,0.5456124511155974,0.007253709237579443,19.393255497565633,0.5571205567464036,0.0077995162461486365,-7.673941791980497,-2.9422825250617074e-6,-0.0,20.103333333333353,0.5300005842055587,0.0077535917251627395,1.6298656010590094,2.7825502692222387e-6,0.0,0.0,
2022/04/04 14:10,18.606139332000282,0.5456858767032324,0.007266984481396044,19.406954147045383,0.5564342389969573,0.007796514557616248,-7.297422582049649,-2.9022953149754777e-6,-0.0,20.100000000000023,0.5315000000000001,0.007774177327711469,1.6537010074296177,2.830723017507286e-6,0.0,0.0,
2022/04/04 14:20,18.634488185513305,0.545800182176261,0.007281588045433567,19.42784948397309,0.5562002488389397,0.007803461333279695,-6.988750784720424,-2.9134271595770834e-6,-0.0,20.100000000000023,0.5331666666666667,0.007798861093081216,1.6865674786722593,2.8952687244777745e-6,0.0,0.0,
2022/04/04 14:30,18.66385940005904,0.545936534569948,0.007296988590638074,19.449517840825308,0.5562767571029611,0.007815208643687776,-6.739634817765819,-2.941389831696907e-6,-0.0,20.100000000000023,0.5348333333333334,0.007823546793468868,1.7168417039347332,2.9551732938759004e-6,0.0,0.0,
2022/04/04 14:40,18.693793656970342,0.5460847635809237,0.007312840103455558,19.470817416568252,0.556583386417929,0.007830068230563815,-6.535976875059078,-2.9800335990769397e-6,-0.0,20.100000000000023,0.5365000000000001,0.007848234429101968,1.7456518602843971,3.012463494290031e-6,0.0,0.0,
2022/04/04 14:50,18.72395834787494,0.5462387322846696,0.007328907492860127,19.491386322814606,0.5570659953747337,0.00784710152205737,-6.365684186114323,-3.025122370363492e-6,-0.0,20.100000000000023,0.5381666666666667,0.007872924000208097,1.773764462167037,3.0685127556171323e-6,0.0,0.0,
2022/04/04 15:00,18.754126251541038,0.5463951180457743,0.007345041094389567,19.511120450022133,0.5576859575772533,0.007865713138846424,-6.218582010357636,-3.0736424058178193e-6,-0.0,20.100000000000023,0.5398333333333334,0.007897615507014876,1.801667490928594,3.1241926791242283e-6,0.0,0.0,
2022/04/04 15:10,18.783030790981,0.5465298856372042,0.007360323762892743,19.51625471486159,0.5582428231472867,0.007876212496501956,-6.017988190808979,-3.0571435867019708e-6,-0.0,20.055000000000007,0.5414868425693796,0.00789979520721749,1.7589452955419347,3.0565608807660524e-6,0.0,0.0,
2022/04/04 15:20,18.809669971797177,0.5466337758064074,0.0073741567749553835,19.51249833044227,0.5586513006408105,0.007880184662319446,-5.755397258763537,-3.0114743127684917e-6,-0.0,20.004999999999995,0.5431443079413683,0.007899473477584865,1.712793795631569,2.9831174384153378e-6,0.0,0.0,
2022/04/04 15:30,18.834539676921963,0.5467189460162168,0.007386930530624743,19.50554540013229,0.5589966490965368,0.00788166637155281,-5.455671427075118,-2.957927088149793e-6,-0.0,19.954999999999984,0.5448074975937225,0.007899151748280894,1.6700959996142046,2.9158273726131857e-6,0.0,0.0,
2022/04/04 15:40,18.857974988934814,0.5467920299114288,0.007398887580692295,19.496548819364136,0.5593178584926938,0.00788178619658443,-5.131807962970356,-2.9005393345021997e-6,-0.0,19.904999999999973,0.5464764333865206,0.007898830019305577,1.6300610712423804,2.8532720288280535e-6,0.0,0.0,
2022/04/04 15:50,18.880203193458556,0.5468569756801627,0.0074101849017058135,19.48599666949218,0.5596369151698241,0.007881100248186116,-4.794242762767454,-2.8422025777153367e-6,-0.0,19.855000000000018,0.5481511372708847,0.007898508290658916,1.5921771888729381,2.794534715126927e-6,0.0,0.0,
2022/04/04 16:00,18.901365455310327,0.5469158402403516,0.007420914179024945,19.474146887514564,0.5599669453613988,0.007879923673274763,-4.4515379785792675,-2.7850208979846346e-6,-0.0,19.805000000000007,0.5498316312893918,0.007898186562340908,1.5561454126209355,2.7390809599416675e-6,0.0,0.0,
2022/04/04 16:10,18.921530151943273,0.5469689436896831,0.007431109659546658,19.461034537574733,0.5603121092783131,0.007878332880744493,-4.110753689686248,-2.729182026704903e-6,-0.0,19.754999999999995,0.5514870313855299,0.007897416631122462,1.5203927150553227,2.684010079055405e-6,0.0,0.0,
2022/04/04 16:20,18.940720422162997,0.5470161308415392,0.007440778063755385,19.446836795982165,0.5606745822967198,0.007876446399765088,-3.7751634122520277,-2.6760569342636516e-6,-0.0,19.704999999999984,0.553144629137193,0.007896596901588537,1.48619618120847,2.631685211216518e-6,0.0,0.0,
2022/04/04 16:30,18.958945480334137,0.5470573924441315,0.007449921710749827,19.431687687041006,0.5610589054933474,0.007874394826717545,-3.4471930589791104,-2.6263838839926274e-6,-0.0,19.654999999999973,0.5548078691278122,0.007895777174188148,1.453710623901543,2.5823928507499674e-6,0.0,0.0,
2022/04/04 16:40,18.97619879435655,0.5470925426602139,0.007458533181911935,19.415657831367525,0.5614676338794524,0.007872248800912038,-3.1283422958375695,-2.5802913328417652e-6,-0.0,19.605000000000018,0.5564767726444195,0.007894957448921292,1.4229602315235752,2.536175756650835e-6,0.0,0.0,
2022/04/04 16:50,18.992466251252836,0.5471214105882611,0.007466601767031585,19.39879950237838,0.561902148259409,0.007870052997710318,-2.8193124085231602,-2.537731991417334e-6,-0.0,19.555000000000007,0.5581513610618201,0.007894137725787956,1.3939799246854818,2.4930954634045337e-6,0.0,0.0,
2022/04/04 17:00,19.007731433361812,0.5471439173970892,0.00747411701081355,19.381154730755384,0.5623630788830493,0.007867836229287212,-2.5202954568158025,-2.4985729631151575e-6,-0.0,19.504999999999995,0.5598316558429256,0.007893318004788138,1.3668037928521244,2.453211648086818e-6,0.0,0.0,
2022/04/04 17:10,19.022715556290848,0.5471903403621234,0.007481837164782295,19.373006475852833,0.5630820155119647,0.00787397694541922,-2.2209757569919475,-2.5390365760488898e-6,-0.0,19.470000000000027,0.5629732520026891,0.007920698408228545,1.430905987102733,2.5798245740723966e-6,0.0,0.0,
2022/04/04 17:20,19.038122652473305,0.5472759771770705,0.007490307755910863,19.369278564219485,0.5641997709009607,0.007887951761853418,-1.9658265669676211,-2.618465013016732e-6,-0.0,19.436666666666667,0.5662878878784842,0.007951214967356698,1.5027868106506048,2.7206708032626015e-6,0.0,0.0,
2022/04/04 17:30,19.053566927447207,0.5473877145447418,0.007499166487198853,19.365569106020132,0.5656002834111089,0.007905931998258522,-1.7514354470603166,-2.7105365334264358e-6,-0.0,19.403333333333308,0.5696141632740065,0.007981734483382444,1.5734117451365819,2.8592428732606342e-6,0.0,0.0,
2022/04/04 17:40,19.068771978822895,0.5475188460636913,0.007508190378191941,19.361122522408266,0.5672147803701304,0.007926564681099176,-1.5672554703184005,-2.8104495624693048e-6,-0.0,19.370000000000005,0.5729521164297751,0.008012256956735563,1.643507819174829,2.9968460255385895e-6,0.0,0.0,
2022/04/04 17:50,19.08355058796053,0.5476655186054068,0.007517237465489677,19.355725638370245,0.5689960531854844,0.007949070143501217,-1.4046876451345727,-2.91505710824937e-6,-0.0,19.336666666666645,0.5763017857132559,0.008042782387845924,1.713537905480507,3.1343092306803153e-6,0.0,0.0,
2022/04/04 18:00,19.09778618431153,0.5478257705638884,0.0075262250393196475,19.34934260744626,0.5709100615838834,0.007972942861552883,-1.2568438625396539,-3.022229668383928e-6,-0.0,19.30333333333334,0.5796632096192965,0.008073310777143477,1.7837716804604042,3.2721140406984054e-6,0.0,0.0,
2022/04/04 18:10,19.111315675874494,0.5480567182140563,0.007535870071695662,19.345458251311072,0.5733656854788198,0.008005716748168966,-0.8972053689279847,-3.250864661301248e-6,-0.0,19.20999999999998,0.588762871784736,0.00815354201700231,2.0139178334923145,3.7162018392825885e-6,0.0,0.0,
2022/04/04 18:20,19.124482547575894,0.5483932935805682,0.007546824122787573,19.339348267100547,0.5767045348963563,0.008049837121815144,-0.4876199094962886,-3.5410536103010558e-6,-0.0,19.110000000000014,0.5985962389641506,0.008239317793110244,2.25787388085314,4.18729022660116e-6,0.0,0.0,
2022/04/04 18:30,19.137262514793974,0.5488150278802938,0.007558793345403224,19.328863471565683,0.5807269308012931,0.00810135540189937,-0.08880449134153423,-3.848973770564605e-6,-0.0,19.00999999999999,0.608532517403394,0.008325116923797353,2.4985961115448845,4.65269698981933e-6,0.0,0.0,
2022/04/04 18:40,19.149569304557303,0.5493108577432382,0.0075715843146112035,19.313997911521085,0.5852909222661938,0.008158206069164458,0.3001346506493974,-4.167807788504983e-6,-0.0,18.910000000000025,0.6185727216611481,0.008410939418603231,2.7367152181784604,5.113578526256282e-6,0.0,0.0,
2022/04/04 18:50,19.16133638409923,0.5498732764277092,0.007585061794505166,19.29508984062403,0.5902900827145909,0.008218997632282272,0.6810407546572605,-4.493559578001991e-6,-0.0,18.810000000000002,0.6287178764274345,0.00849678528707267,2.972672168207282,5.570742397539422e-6,0.0,0.0,
2022/04/04 19:00,19.17251571512253,0.550497000918652,0.00759912978731742,19.27255817799272,0.5956430544758544,0.008282736740219027,1.0552067385572172,-4.82375926608875e-6,-0.0,18.70999999999998,0.638969016628344,0.008582654538755653,3.2067799932519847,6.024761739267334e-6,0.0,0.0,
2022/04/04 19:10,19.1835860244459,0.5510820679386008,0.007612620908038344,19.244658159109406,0.6006168688099651,0.00833812850304305,1.0079890297606653,-4.9635079248714575e-6,-0.0,18.730000000000018,0.6384895805431675,0.008587011512643355,3.1769981303380064,5.967794821279125e-6,0.0,0.0,
2022/04/04 19:20,19.19412437408863,0.5515657928674383,0.007624453094865618,19.21809585873325,0.6045842379515574,0.008379880080453348,0.8311718581597917,-5.005815605093307e-6,-0.0,18.76333333333332,0.6368156667351873,0.008582310203989797,3.1230907096569354,5.8635872495760085e-6,0.0,0.0,
2022/04/04 19:30,19.203948968417023,0.5519789376510923,0.007634965416016241,19.195390226615245,0.6077744943481832,0.00841262294572833,0.6435234803490176,-5.0209470084073135e-6,-0.0,18.79666666666668,0.6351462981932733,0.008577608965436438,3.0734869362756854,5.767254293602235e-6,0.0,0.0,
2022/04/04 19:40,19.213058044519585,0.5523378773127161,0.007644383172717643,19.17673648358192,0.610344373450346,0.008438726045269905,0.4485616007264071,-5.019361415922503e-6,-0.0,18.829999999999984,0.633481461856366,0.008572907796981714,3.0274522161014374,5.677433315181012e-6,0.0,0.0,
2022/04/04 19:50,19.221454789303493,0.5526537603311024,0.007652861608136052,19.161923233916127,0.6124087036386854,0.008459733720507021,0.24615209485432388,-5.007240128143017e-6,-0.0,18.863333333333344,0.6318211447032739,0.008568206698624056,2.9844803791736467,5.593185958300847e-6,0.0,0.0,
2022/04/04 20:00,19.229136104798954,0.5529344629621677,0.00766050760759399,19.150628985818514,0.6140546412701293,0.008476727767423798,0.036018669167674496,-4.988472752301815e-6,-0.0,18.896666666666647,0.6301653337525456,0.008563505670361897,2.9442229261599095,5.5138651959217284e-6,0.0,0.0,
2022/04/04 20:10,19.234965099849376,0.5531470529535633,0.007666307555972938,19.127379732009956,0.6150910053195182,0.00847876039035697,-0.1691973894861576,-4.86353293791175e-6,-0.0,18.899999999999977,0.627,0.00852170055569349,2.789006737106547,5.226332568205641e-6,0.0,0.0,
2022/04/04 20:20,19.23790285759145,0.553277294592462,0.007669556013786875,19.09876589200752,0.6154194700936887,0.008468017519584507,-0.32021639634081117,-4.688260292185734e-6,-0.0,18.899999999999977,0.6236666666666666,0.008475779115900027,2.628688408882226,4.929452554899418e-6,0.0,0.0,
2022/04/04 20:30,19.23853794792973,0.5533465925632914,0.007670835764462422,19.07093202245096,0.6152066855811412,0.00845016436324324,-0.42726919825781806,-4.498222885829117e-6,-0.0,18.899999999999977,0.6203333333333334,0.008429864364615649,2.474810853228064,4.644140854004274e-6,0.0,0.0,
2022/04/04 20:40,19.237303828080826,0.5533672679789918,0.00767052876499435,19.044858566977098,0.614556753463734,0.008427208359282574,-0.5034061176837668,-4.300350920042326e-6,-0.0,18.899999999999977,0.617,0.008383956300379171,2.3261286955537344,4.368158568460055e-6,0.0,0.0,
2022/04/04 20:50,19.23451962092321,0.5533473680243698,0.007668902534805135,19.020777435599655,0.6135450734397403,0.008400342711711169,-0.5586950637353993,-4.09916754639213e-6,-0.0,18.899999999999977,0.6136666666666667,0.008338054921729846,2.181769684687197,4.09994035660224e-6,0.0,0.0,
2022/04/04 21:00,19.23041551807006,0.5532920386749397,0.007666141310065704,18.998677838972583,0.6122292850629661,0.008370374477350735,-0.6009999154650814,-3.897712622263107e-6,-0.0,18.899999999999977,0.6103333333333333,0.008292160227207346,2.041133114292734,3.838410081019556e-6,0.0,0.0,
2022/04/04 21:10,19.22615671972676,0.5533150226822081,0.007664404311345942,18.998046410966424,0.6114070704861878,0.008358648209714846,-0.3716314285537692,-3.948710523884432e-6,-0.0,18.855000000000018,0.6159169817090003,0.008345227583752484,2.2198225776235176,4.17694547427264e-6,0.0,0.0,
2022/04/04 21:20,19.223366857974952,0.553480918644698,0.007665381382598013,19.006263574001878,0.6117129998044882,0.008367235423501032,-0.1260897159755814,-4.125830538657165e-6,-0.0,18.805000000000007,0.6225255356992062,0.008409302688192158,2.4255535570864595,4.566883206135597e-6,0.0,0.0,
2022/04/04 21:30,19.221562870300204,0.5537478441769718,0.007668250974646427,19.013790565910313,0.6128769708887996,0.008387364117883624,0.068268794518076,-4.340736468424354e-6,-0.0,18.754999999999995,0.6291701901535918,0.008473390820528967,2.625156454650323,4.945758637372582e-6,0.0,0.0,
2022/04/04 21:40,19.220324322708848,0.5540935081533441,0.007672497221716545,19.018902288153186,0.614720781503016,0.008415659376371721,0.22589407394661976,-4.578642253899713e-6,-0.0,18.704999999999984,0.6358511262543016,0.008537491984736599,2.8203132623398233,5.316621631635586e-6,0.0,0.0,
2022/04/04 21:50,19.219369176919145,0.5545036844085265,0.007677784351943292,19.021142693820934,0.6171118566381941,0.00845003593874758,0.3606988693280755,-4.830176349769778e-6,-0.0,18.654999999999973,0.6425685260968922,0.008601606184790373,3.0121187764436854,5.681456074512583e-6,0.0,0.0,
2022/04/04 22:00,19.218533232908555,0.5549694340377019,0.007683907643961343,19.02049637148548,0.6199480521973688,0.008489054530115907,0.48416685818153843,-5.089102527568863e-6,-0.0,18.605000000000018,0.6493225726950846,0.008665733424667222,3.2012405034267886,6.0414728196437335e-6,0.0,0.0,
2022/04/04 22:10,19.21784553979961,0.5554277323287324,0.007689997879787885,19.013596658103438,0.6227712827282387,0.008524521253214928,0.3829860959996268,-5.232384297693565e-6,-0.0,18.61500000000001,0.6500014247257352,0.008680428884526907,3.2292978148736893,6.091734801205572e-6,0.0,0.0,
2022/04/04 22:20,19.21691267891464,0.5558400255828253,0.007695323856025284,19.00496173366048,0.6251906902344156,0.008553418887675154,0.2252471444103321,-5.316106577189778e-6,-0.0,18.63166666666666,0.6500024160996547,0.00868963138245594,3.241937204158603,6.112115375668639e-6,0.0,0.0,
2022/04/04 22:30,19.215736447714846,0.5562243631260523,0.00770013923345284,18.997045004628887,0.6272998298353684,0.008578373819073707,0.07506211670317953,-5.3823233765740175e-6,-0.0,18.648333333333312,0.6500027860951558,0.008698834148943183,3.256242275219165,6.135537270800991e-6,0.0,0.0,
2022/04/04 22:40,19.214399325172906,0.5565901757225954,0.00770461610850105,18.99029412181585,0.6291602077826997,0.008600490991904798,-0.06739919022379581,-5.437256553508722e-6,-0.0,18.66500000000002,0.6500025361742376,0.008708037184000395,3.271651908112517,6.160973902108551e-6,0.0,0.0,
2022/04/04 22:50,19.212966356823813,0.5569436333901379,0.007708872491747025,18.984805265318187,0.6308167628533956,0.008620454210728752,-0.2044331458097304,-5.484784941981417e-6,-0.0,18.681666666666672,0.650001667796068,0.00871724048763933,3.2877813296872773,6.187722677961859e-6,0.0,0.0,
2022/04/04 23:00,19.211477851149823,0.5572887680819043,0.007712984454182544,18.98055450439989,0.6323037541911399,0.008638732257913857,-0.33854712221966565,-5.527490416555006e-6,-0.0,18.698333333333323,0.6500001824169799,0.008726444059871746,3.304382510700634,6.215330447939134e-6,0.0,0.0,
2022/04/04 23:10,19.211147958175445,0.5576386356346522,0.007717726125177523,18.990909756024735,0.6337127646060607,0.008663927942634899,-0.5933374145439531,-5.6104505503301416e-6,-0.0,18.774999999999977,0.6484953475447597,0.008748398711493383,3.3605053910011975,6.3055956023569255e-6,0.0,0.0,
2022/04/04 23:20,19.21285314296142,0.5579964077123026,0.0077235701208279535,19.011025520257533,0.6350478693538321,0.008693497953880145,-0.9359607636929468,-5.708970544757505e-6,-0.0,18.85833333333335,0.6468254009866292,0.008771771778800796,3.4176588853167686,6.396831825688399e-6,0.0,0.0,
2022/04/04 23:30,19.216026714430086,0.5583555449748443,0.007730150659225511,19.03546598921315,0.6362720109206642,0.008723974424025234,-1.3229702990014403,-5.810203499049944e-6,-0.0,18.941666666666663,0.6451574707737474,0.008795146578401213,3.472416531982617,6.483791784663298e-6,0.0,0.0,
2022/04/04 23:40,19.22031033585432,0.558713166500546,0.007737254226356741,19.063021575774997,0.6373777372422552,0.008754600158129455,-1.7385295284242375,-5.91140331329906e-6,-0.0,19.024999999999977,0.6434915848130223,0.008818523110487225,3.525474493535512,6.567708840261939e-6,0.0,0.0,
2022/04/04 23:50,19.22547044718067,0.5590682953177787,0.007744754433101143,19.093105737982853,0.6383660667234898,0.008785071839179193,-2.1705538907320943,-6.0105612192678425e-6,-0.0,19.10833333333335,0.6418277705730134,0.008841901375251454,3.577244862013913,6.649309804034921e-6,0.0,0.0,
2022/04/05 00:00,19.231369530653126,0.5594212566901073,0.007752589755206279,19.125359238948533,0.6392414350476852,0.008815255553498385,-2.6093485121350573,-6.1062357010284695e-6,-0.0,19.191666666666663,0.6401660550888113,0.008865281372886545,3.6279282377174695,6.728944884392036e-6,0.0,0.0,
2022/04/05 00:10,19.23407147764931,0.559691569636528,0.007757704839913657,19.112125840378894,0.6395046417623453,0.008811557997809496,-2.8240832562715927,-5.955839467113281e-6,-0.0,19.125,0.6385738571077773,0.008805719121331983,3.4170479445285764,6.350754119915912e-6,0.0,0.0,
2022/04/05 00:20,19.230384178203167,0.559847385591217,0.0077580864985658995,19.072433708427866,0.638952312390881,0.008781760947033857,-2.787391016457832,-5.692096120883739e-6,-0.0,19.041666666666686,0.6369591056529289,0.008736955203626046,3.191598965676576,5.947367762783594e-6,0.0,0.0,
2022/04/05 00:30,19.222221036939857,0.5599326482235967,0.0077552874638855684,19.025645087884072,0.6378632170773277,0.008740663955648495,-2.5895869906253215,-5.395187720072055e-6,-0.0,18.958333333333314,0.6353123054658633,0.008668206276148772,2.9765695050866725,5.5623408515003976e-6,0.0,0.0,
2022/04/05 00:40,19.210882774298796,0.5599703190253792,0.00775026907248946,18.97557696209452,0.6363810028501862,0.008692476011407558,-2.2802198445344857,-5.081206389515965e-6,-0.0,18.875,0.6336331290612428,0.008599472333998983,2.7688251111433146,5.19007603502956e-6,0.0,0.0,
2022/04/05 00:50,19.19726130980439,0.5599731968777039,0.00774365044111752,18.923756911337875,0.6345983606964479,0.008639393299006266,-1.8979051344018671,-4.761129782793005e-6,-0.0,18.791666666666686,0.6319212459264406,0.008530753372277652,2.5663471392899737,4.826977851677856e-6,0.0,0.0,
2022/04/05 01:00,19.181929538479267,0.5599471733624204,0.007735797482058525,18.870911460048944,0.6325800165431061,0.008582759277772889,-1.473627772602413,-4.442551182468127e-6,-0.0,18.708333333333314,0.6301763224938347,0.008462049386087878,2.3679425174580047,4.47092911490989e-6,0.0,0.0,
2022/04/05 01:10,19.168257091962175,0.5599875358541515,0.0077296888430476215,18.85714947888772,0.6309723656823009,0.008553186479869712,-1.0992016864923926,-4.38165860738102e-6,-0.0,18.714999999999975,0.6315093740944473,0.00848377982217648,2.4587117522223707,4.635986892208659e-6,0.0,0.0,
2022/04/05 01:20,19.15913404627122,0.560137656555704,0.007727335653145947,18.86527566776016,0.630164870008473,0.008546488712209878,-0.8883900285786694,-4.445894539249729e-6,-0.0,18.731666666666683,0.6331825662867976,0.008515560655912626,2.5700056509583646,4.8381304669104246e-6,0.0,0.0,
2022/04/05 01:30,19.15311705931532,0.560351713321902,0.007727389781718952,18.87855552210158,0.6299050160087556,0.008550105626147832,-0.8070123603488355,-4.550770378371145e-6,-0.0,18.748333333333335,0.6348516708999801,0.00854734469376707,2.673460940845871,5.026222325897447e-6,0.0,0.0,
2022/04/05 01:40,19.14917076249975,0.5606047979806337,0.007728997584346701,18.893684380296122,0.6300543064960544,0.008560359033646691,-0.8193343457094215,-4.680246049735691e-6,-0.0,18.764999999999986,0.6365166954723096,0.00857913193622439,2.7718609289611322,5.2052544385239696e-6,0.0,0.0,
2022/04/05 01:50,19.14657107128636,0.5608819051422874,0.007731596545264993,18.909380429473913,0.6305189787950097,0.00857527972661591,-0.8955080866030585,-4.823270706042515e-6,-0.0,18.781666666666638,0.6381776475287987,0.008610922383769265,2.867039698128565,5.378510012216489e-6,0.0,0.0,
2022/04/05 02:00,19.1448483159611,0.5611749145132982,0.007734844555068114,18.925073034830405,0.631231114937551,0.00859363466046799,-1.01063549646085,-4.972011585987476e-6,-0.0,18.798333333333346,0.6398345345811839,0.008642716036886471,2.9601126967895652,5.547981277793667e-6,0.0,0.0,
2022/04/05 02:10,19.144571262218392,0.5614526956240735,0.007738585577840932,18.947175788801246,0.631962619318772,0.00861578107551763,-1.3573824416664593,-5.078896955610765e-6,-0.0,18.889999999999986,0.6369536128032931,0.008653382370407848,2.982692655172741,5.573428621162179e-6,0.0,0.0,
2022/04/05 02:20,19.145946254599266,0.5616943616350032,0.007742630025964515,18.975000443000567,0.6324666736859242,0.00863795148151829,-1.8037091678661454,-5.158883586578725e-6,-0.0,18.99000000000001,0.6335881159948321,0.008661701236544922,2.9966293844188385,5.581589855238505e-6,0.0,0.0,
2022/04/05 02:30,19.148544403600113,0.5619075789061762,0.007746876263352577,19.006377709453204,0.6327542479967573,0.008659114597395668,-2.2761612871539683,-5.2275618044757035e-6,-0.0,19.089999999999975,0.6302428850081537,0.008670020322151034,3.0099088958525044,5.588707030440272e-6,0.0,0.0,
2022/04/05 02:40,19.15216466848034,0.5620976493095411,0.007751300689629696,19.040755595878863,0.6328427428805551,0.008679204157854057,-2.7601996589896776,-5.2864692498155765e-6,-0.0,19.189999999999998,0.6269177843459344,0.008678339627234875,3.022608138464193,5.594890904551067e-6,0.0,0.0,
2022/04/05 02:50,19.156700967277914,0.5622691857339213,0.007755916382863975,19.077799544452716,0.6327493159586538,0.008698267269096543,-3.2470478614629887,-5.336644744823319e-6,-0.0,19.29000000000002,0.6236126794996377,0.008686659151805129,3.0346844712757957,5.600045775803972e-6,0.0,0.0,
2022/04/05 03:00,19.162106380682303,0.5624261905308962,0.007760756806992954,19.117261145213035,0.6324898503169821,0.008716379503310544,-3.7308074988266076,-5.378934101123453e-6,-0.0,19.389999999999986,0.620327436941668,0.00869497889587048,3.046028785230419,5.603962240458246e-6,0.0,0.0,
2022/04/05 03:10,19.165951445956978,0.5625969967709726,0.007765027605391114,19.135385970925824,0.6322420373760015,0.008722908875254716,-3.795416437370136,-5.422460642083036e-6,-0.0,19.32499999999999,0.6244156528910038,0.00871724625648729,3.1047065313525763,5.72491289143498e-6,0.0,0.0,
2022/04/05 03:20,19.166841125258088,0.5628093031652848,0.007768430738465473,19.137958583101067,0.632314733637261,0.008725345210633152,-3.632634298722906,-5.4726573908359435e-6,-0.0,19.241666666666674,0.6293564887784292,0.008741065047803928,3.171271734011725,5.863378905745133e-6,0.0,0.0,
2022/04/05 03:30,19.16591746529309,0.5630644214149199,0.007771542990823767,19.133476391000897,0.6327260739301587,0.008728626677388477,-3.3753203056954817,-5.522562463259628e-6,-0.0,19.158333333333303,0.6343339646583285,0.008764885638203275,3.2387912184242396,6.0034127814169745e-6,0.0,0.0,
2022/04/05 03:40,19.163863587342632,0.5633625902181865,0.007774701767988524,19.123766442744795,0.6334554444722844,0.008733465490137635,-3.053118493958209,-5.5735345059583545e-6,-0.0,19.07499999999999,0.6393483582612184,0.008788708027889173,3.306164875389868,6.1430853384722154e-6,0.0,0.0,
2022/04/05 03:50,19.16113687736953,0.5637022539433039,0.007778108991478343,19.10975167682699,0.6344749219034794,0.008739968418214,-2.6871560458681643,-5.627220305849275e-6,-0.0,18.991666666666674,0.6443999495174902,0.008812532217065489,3.3727343409684636,6.2812498842617774e-6,0.0,0.0,
2022/04/05 04:00,19.15802617095767,0.5640804420034498,0.007781864323769409,19.092037111268553,0.6357558646551602,0.008748054113303433,-2.294217658110256,-5.685057894186289e-6,-0.0,18.908333333333303,0.6494890205757129,0.008836358205936125,3.4381746665694664,6.417350575731764e-6,0.0,0.0,
2022/04/05 04:10,19.156284223171383,0.5644965035075828,0.007786819676664022,19.088106273467474,0.6372889692509309,0.008767266761617477,-2.0880379466819936,-5.783625705377466e-6,-0.0,18.91500000000002,0.6515094008449515,0.008867982352784524,3.5251282025842556,6.577153643056707e-6,0.0,0.0,
2022/04/05 04:20,19.157055813112436,0.5649415903995433,0.007793415867716313,19.09282333600794,0.6389669753451354,0.008793301242056814,-2.004118233650729,-5.89985387232712e-6,-0.0,18.931666666666672,0.6531826116612786,0.008900476031224916,3.6095668954696976,6.730853412733776e-6,0.0,0.0,
2022/04/05 04:30,19.159596119200387,0.5654050193072372,0.007801140056046378,19.09987457996249,0.6407205487318595,0.008821709936661027,-1.9802705667439116,-6.023778771666198e-6,-0.0,18.948333333333323,0.6548517232345735,0.008932973057096312,3.6903386703406795,6.878020936401549e-6,0.0,0.0,
2022/04/05 04:40,19.163407635453325,0.5658800458652036,0.007809655418723578,19.10808910054817,0.6425192751674488,0.008851426438773236,-2.0004705942113787,-6.152203082619619e-6,-0.0,18.964999999999975,0.656516743122863,0.008965473430916018,3.7685417392085583,7.020612101996568e-6,0.0,0.0,
2022/04/05 04:50,19.168126843437733,0.5663625574622261,0.007818727188756541,19.117005900209563,0.6443456000727393,0.008881953985350258,-2.0526430615450413,-6.282485068478806e-6,-0.0,18.981666666666683,0.658177678870873,0.00899797715320143,3.844941560947518,7.159987517546418e-6,0.0,0.0,
2022/04/05 05:00,19.17349593000887,0.5668504694599971,0.007828200444884876,19.126402439169453,0.64618841860172,0.008913016565886707,-2.1267983285667924,-6.412540399787204e-6,-0.0,18.998333333333335,0.6598345380100075,0.009030484224470055,3.920043257628322,7.297042180832139e-6,0.0,0.0,
2022/04/05 05:10,19.181730881184592,0.5673964958215847,0.007839910435126374,19.165619151698934,0.6483615737352172,0.008965634529685825,-2.343408933386968,-6.69653694420382e-6,-0.0,19.105000000000018,0.6616273655844972,0.009116738402603224,4.163094395888265,7.728976424470207e-6,0.0,0.0,
2022/04/05 05:20,19.194698540564673,0.568022915789201,0.00785510215852046,19.22247904918879,0.65099309113241,0.009034977634897239,-2.718580930024359,-7.048325294504722e-6,-0.0,19.221666666666692,0.6633817769335005,0.0092089898903838,4.414347565020762,8.174610016819739e-6,0.0,0.0,
2022/04/05 05:30,19.211147840976878,0.5687027255689857,0.007872791382812801,19.284738741702142,0.6538985029836419,0.009111679589011611,-3.193419445785253,-7.415729574652249e-6,-0.0,19.33833333333331,0.6650803755096549,0.009301268351244422,4.657545584378568,8.605465402267902e-6,0.0,0.0,
2022/04/05 05:40,19.230243341134724,0.5694224875330116,0.007892386996843982,19.349905941211148,0.6569794745094769,0.009193021568977803,-3.733386482771835,-7.788509627311674e-6,-0.0,19.454999999999984,0.6667239682716044,0.00939357379701666,4.894615808996377,9.024983761938794e-6,0.0,0.0,
2022/04/05 05:50,19.25142730543871,0.5701751089349224,0.007913522328184059,19.41695119847975,0.6601719358121338,0.009277564354063775,-4.312158993055846,-8.159927173903084e-6,-0.0,19.57166666666666,0.6683133517638117,0.009485906239539005,5.126753812013021,9.435294483069888e-6,0.0,0.0,
2022/04/05 06:00,19.274353336141473,0.5709576481862806,0.007935992475655908,19.485364714071352,0.6634313954491506,0.009364422004326698,-4.909187026572682,-8.525487433990694e-6,-0.0,19.688333333333333,0.6698493122492573,0.009578265690656881,5.354627711827561,9.837583382868435e-6,0.0,0.0,
2022/04/05 06:10,19.294866578160054,0.571682533711678,0.00795648621006122,19.506402265041345,0.6662305863456102,0.009417028215625444,-5.29330972882974,-8.626035444424143e-6,-0.0,19.654999999999973,0.6714893481795947,0.009581916661552883,5.299711923512177,9.745771710770925e-6,0.0,0.0,
2022/04/05 06:20,19.309604233047367,0.5723150483828616,0.007972810244894426,19.499839122512412,0.6683530075907799,0.009443570470725922,-5.421766219712368,-8.600945876825633e-6,-0.0,19.605000000000018,0.6731485703310408,0.009575709599519762,5.226249338507614,9.622030818649272e-6,0.0,0.0,
2022/04/05 06:30,19.32048970771973,0.572902040322532,0.007986573936966317,19.485523412802706,0.670060603108606,0.009459511981210977,-5.3814738600914325,-8.535491438425955e-6,-0.0,19.555000000000007,0.6748124280921424,0.009569502659488993,5.1611351424633085,9.513117563307012e-6,0.0,0.0,
2022/04/05 06:40,19.328834558575352,0.5734680603315355,0.007998774656658195,19.467391654323535,0.6714831979870178,0.009469054168054242,-5.222481465992247,-8.44699200357927e-6,-0.0,19.504999999999995,0.67648093565141,0.009563295841456983,5.1011174117336395,9.413220633319414e-6,0.0,0.0,
2022/04/05 06:50,19.335534797784476,0.5740267531704504,0.008010051680378908,19.44704845241199,0.6727019262212108,0.009474322646466554,-4.984347096160492,-8.347462126649854e-6,-0.0,19.454999999999984,0.678154107243782,0.009557089145420136,5.044111787173051,9.318625100332798e-6,0.0,0.0,
2022/04/05 07:00,19.34115917665406,0.5745842819662585,0.008020776267173018,19.425283144215143,0.6737717302860544,0.009476582534281205,-4.699120480669876,-8.245362796128381e-6,-0.0,19.404999999999973,0.6798319571507662,0.00955088257137485,4.988907779584224,9.227181740965693e-6,0.0,0.0,
2022/04/05 07:10,19.34888167602213,0.5751755330124996,0.00803304738990328,19.434977600396223,0.6749148318977461,0.009498720610990476,-4.650237133584483,-8.26983412651169e-6,-0.0,19.49000000000001,0.6785049485408003,0.009583269058938507,5.0544938763348455,9.333084114493555e-6,0.0,0.0,
2022/04/05 07:20,19.36099133975847,0.575807308659098,0.00804812842092447,19.46436854477531,0.6761566110306351,0.009534147153608745,-4.79769786220686,-8.352422901455765e-6,-0.0,19.589999999999975,0.6768415967297028,0.009619947703709589,5.124912841972673,9.445572151583525e-6,0.0,0.0,
2022/04/05 07:30,19.37616376240959,0.5764550021096606,0.008065010557906272,19.500608703748185,0.677384380832125,0.009573609517312315,-5.0557221223238,-8.454850281772158e-6,-0.0,19.689999999999998,0.6751760481853917,0.009656630608888387,5.189473197177222,9.547590414285328e-6,0.0,0.0,
2022/04/05 07:40,19.393506190415224,0.5771049286130586,0.008083054741681894,19.541096859531194,0.67855613106485,0.009614971636044954,-5.392501805530401,-8.568562687159508e-6,-0.0,19.79000000000002,0.6735084066640098,0.00969331777521724,5.250258595184505,9.642853175971603e-6,0.0,0.0,
2022/04/05 07:50,19.412392476350078,0.5777493876672798,0.008101838992722116,19.584701887290066,0.6796521102759648,0.009657284498513444,-5.7828624905641846,-8.687086346707155e-6,-0.0,19.889999999999986,0.6718387744388209,0.009730009203438665,5.308644901615935,9.733806972694725e-6,0.0,0.0,
2022/04/05 08:00,19.43240980931779,0.5783850379941764,0.008121109446083274,19.630807031362394,0.6806630490542707,0.009700051106626204,-6.2058727007985235,-8.805552970612616e-6,-0.0,19.99000000000001,0.6701672523184108,0.009766704894295356,5.365459844906582,9.821917830504903e-6,0.0,0.0,
2022/04/05 08:10,19.454123035809516,0.5790140952558285,0.008141190926297072,19.687693835415644,0.6815978463016551,0.00974849943295194,-6.744142487390264,-8.941731181639166e-6,-0.0,20.13499999999999,0.666972075782816,0.009808444049270438,5.43607463932176,9.926609425136304e-6,0.0,0.0,
2022/04/05 08:20,19.477956908918316,0.5796359176473085,0.008162298480495126,19.752172513009043,0.6824196676771058,0.009800201460260229,-7.3514911132468805,-9.08047296918328e-6,-0.0,20.285000000000025,0.6636191779029283,0.009850748709948115,5.505187752005895,1.0027656185654442e-5,0.0,0.0,
2022/04/05 08:30,19.503472679148445,0.580248724304825,0.008184188000039479,19.82066952039247,0.6831046255151036,0.009852637166959107,-7.986095549721882,-9.214931079999013e-6,-0.0,20.435000000000002,0.6602784200506099,0.009893059036280231,5.571769741485696,1.0124092234452315e-5,0.0,0.0,
2022/04/05 08:40,19.530427062731235,0.580852981742275,0.008206746384854576,19.892321983627937,0.6836475613509894,0.009905203384579217,-8.632598783476626,-9.343289569018163e-6,-0.0,20.58499999999998,0.6569498760236239,0.009935375029405018,5.636189373985189,1.0216562597725708e-5,0.0,0.0,
2022/04/05 08:50,19.558686260826278,0.581450181108443,0.00822993087839134,19.966680453543972,0.6840492260651673,0.00995763031406295,-9.280451478159648,-9.464527105660177e-6,-0.0,20.735000000000014,0.6536336164561478,0.009977696690461018,5.698586060838807,1.0305305862094404e-5,0.0,0.0,
2022/04/05 09:00,19.588191585857942,0.5820422894716364,0.008253744147726024,20.043454467344418,0.6843130352346399,0.010009781319706186,-9.922089665339513,-9.578149475113953e-6,-0.0,20.88499999999999,0.6503297088873842,0.010020024020587076,5.758951109763757,1.0390299086466368e-5,0.0,0.0,
2022/04/05 09:10,19.6160193853122,0.5824987884714428,0.008274788841234606,20.081219911188157,0.6837154436578408,0.010024688543838034,-10.638194291437914,-9.34860919043465e-6,-0.0,20.99000000000001,0.6407635641156305,0.0099352564844539,5.413950599547661,9.737572839741887e-6,0.0,0.0,
2022/04/05 09:20,19.63927245275363,0.5827540321679573,0.008290589772290776,20.09985781858137,0.6817704111966862,0.010007436424168223,-11.213444671570869,-8.950730770048182e-6,-0.0,21.089999999999975,0.6306000218643435,0.009836396343608195,5.040098461264279,9.032509847572009e-6,0.0,0.0,
2022/04/05 09:30,19.659498081119807,0.5828686011498291,0.00830280433069592,20.11713544869906,0.6787800670011221,0.009973669694307762,-11.646029691655144,-8.501468102131268e-6,-0.0,21.189999999999998,0.620539892914177,0.009737567129344427,4.678040518086391,8.349179193672552e-6,0.0,0.0,
2022/04/05 09:40,19.67783870325087,0.5828748842899313,0.008312483942449985,20.13650572942862,0.6749176566223934,0.009928095840134571,-11.975574037898582,-8.02284719311079e-6,-0.0,21.29000000000002,0.6105821831889479,0.009638768827152647,4.324348550860577,7.681427318336392e-6,0.0,0.0,
2022/04/05 09:50,19.69509091232237,0.5827924958044439,0.008320320839848908,20.1592775939813,0.6703049694655884,0.00987328907151891,-12.234651011251572,-7.529269919528397e-6,-0.0,21.389999999999986,0.6007259082965584,0.009540001422531977,3.976765490636808,7.025211043777866e-6,0.0,0.0,
2022/04/05 10:00,19.71177565067387,0.5826325567707323,0.008326743366251823,20.1860052499286,0.6650348697596032,0.009810903875108062,-12.449436081008686,-7.030433061029649e-6,-0.0,21.49000000000001,0.5909700934313673,0.009441264900990613,3.633894677712078,6.378033229189378e-6,0.0,0.0,
2022/04/05 10:10,19.729969709738384,0.5826032194263255,0.008335854058622189,20.25204795071909,0.6603980525284046,0.00978192085775696,-12.148528379206597,-6.993956692760611e-6,-0.0,21.5,0.596,0.009528774755643675,3.889514950337116,6.848857953532233e-6,0.0,0.0,
2022/04/05 10:20,19.752547671006596,0.5828226389542802,0.008350886894010184,20.334872822611942,0.6574839214766397,0.009788843162885611,-11.806531013828021,-7.192119182053449e-6,-0.0,21.5,0.6026666666666667,0.009637012000273441,4.193407693658628,7.4108998871862166e-6,0.0,0.0,
2022/04/05 10:30,19.778586642513687,0.5832113959672288,0.00837022797718135,20.417299069328692,0.6559296998106304,0.009815969032236437,-11.552678549130064,-7.461450413404865e-6,-0.0,21.5,0.6093333333333333,0.009745286352663972,4.4833743956153285,7.947796516664905e-6,0.0,0.0,
2022/04/05 10:40,19.8072520333356,0.5837261558325785,0.008392829540395023,20.495991461517747,0.6554893752965588,0.009857795989515066,-11.363236222828734,-7.773613171059146e-6,-0.0,21.5,0.616,0.00985359783190143,4.762831362535735,8.465731554049591e-6,0.0,0.0,
2022/04/05 10:50,19.837952747432382,0.5843389189267948,0.008417990668823727,20.569899241784526,0.6559698081932614,0.009910935508377015,-11.214177298178358,-8.110393489372068e-6,-0.0,21.5,0.6226666666666667,0.00996194645708506,5.0340639877369995,8.968837285480138e-6,0.0,0.0,
2022/04/05 11:00,19.87031091717114,0.5850318864206799,0.008445268038874736,20.63881298627922,0.6572140671505365,0.009972994779185963,-11.085167469227033,-8.459529265310765e-6,-0.0,21.5,0.6293333333333333,0.010070332247327212,5.298517788998652,9.459728196282467e-6,0.0,0.0,
2022/04/05 11:10,19.903191675077778,0.5856753694520735,0.008472171270619803,20.68359357812659,0.6583769207002168,0.010018979699267521,-11.265228908081895,-8.544055017262046e-6,-0.0,21.560000000000002,0.6269581373763465,0.010069225022449241,5.207189765205385,9.284366771423855e-6,0.0,0.0,
2022/04/05 11:20,19.9349742898782,0.5861940032911024,0.00849672580310749,20.71748622858445,0.6587931520653142,0.01004671065607511,-11.468752252368972,-8.49339134110007e-6,-0.0,21.626666666666665,0.6235957544245502,0.010055950164730315,5.083847133010067,9.048739775679217e-6,0.0,0.0,
2022/04/05 11:30,19.966134682822428,0.5866298260295877,0.008519789339964676,20.750079458021958,0.6586628436500273,0.010065203581778388,-11.615559780840954,-8.401489400232528e-6,-0.0,21.693333333333328,0.6202516535865328,0.010042675864602675,4.9653677063661235,8.822064546649199e-6,0.0,0.0,
2022/04/05 11:40,19.9971107012405,0.5870047630574333,0.008541910455403751,20.78326238534123,0.6581023555074647,0.010077403527509772,-11.719585259446037,-8.28406121315026e-6,-0.0,21.75999999999999,0.6169257305080721,0.010029402122031197,4.849962860309688,8.60110899639578e-6,0.0,0.0,
2022/04/05 11:50,20.02819805759009,0.5873323794002795,0.00856344267692274,20.81771398599716,0.657192287896289,0.010084954941460677,-11.795610992077172,-8.151276777017806e-6,-0.0,21.826666666666654,0.6136178814650946,0.010016128936980742,4.736479919203475,8.383793264441741e-6,0.0,0.0,
2022/04/05 12:00,20.059564880484288,0.5876207129272393,0.008584591978597754,20.85368822503341,0.6559922962017513,0.010088916438340213,-11.856474205184215,-8.01002533486851e-6,-0.0,21.893333333333317,0.6103280033596612,0.010002856309416195,4.624247304972641,8.168905212956181e-6,0.0,0.0,
2022/04/05 12:10,20.090549189859075,0.587907398358891,0.00860555697843966,20.886344101251723,0.6547563005348898,0.01009018139098571,-11.695049298951972,-7.920690082535403e-6,-0.0,21.88499999999999,0.6114934993392069,0.010017086206979251,4.602287520830487,8.134972332115845e-6,0.0,0.0,
2022/04/05 12:20,20.120929913864018,0.5882183212428526,0.008626601475910932,20.915293977141346,0.6537513938000195,0.01009269287456751,-11.445629478010916,-7.861650284308077e-6,-0.0,21.86833333333334,0.6131556280568988,0.010034372804900259,4.5900348987411235,8.120480749204785e-6,0.0,0.0,
2022/04/05 12:30,20.150999169331214,0.5885451541511478,0.008647759881984482,20.9417613464596,0.6529556107102469,0.010096896869411457,-11.177518748357897,-7.81239322107068e-6,-0.0,21.851666666666688,0.6148205874839403,0.01005166034847494,4.577413961241064,8.105290793404518e-6,0.0,0.0,
2022/04/05 12:40,20.180869009111632,0.5888829753841897,0.008669019979108473,20.966040066481355,0.6523457973120442,0.010102629550122267,-10.900536442021576,-7.770523998171288e-6,-0.0,21.83499999999998,0.616488382164434,0.010068948837780905,4.564464543879467,8.089495805981073e-6,0.0,0.0,
2022/04/05 12:50,20.210592077364765,0.5892279356251838,0.008690353188197919,20.988334597019275,0.6519010239689298,0.01010970180732583,-10.61999316448862,-7.734614124152606e-6,-0.0,21.818333333333328,0.618159016649921,0.010086238272895752,4.551279828944416,8.073277187241268e-6,0.0,0.0,
2022/04/05 13:00,20.240186914349692,0.5895769367446165,0.008711723373965948,21.008817420684807,0.6516027701303034,0.010117939209569446,-10.339339215905738,-7.703694563796203e-6,-0.0,21.801666666666677,0.619832495499309,0.010103528653897104,4.537977635701964,8.056855743695162e-6,0.0,0.0,
2022/04/05 13:10,20.270027831243794,0.5899193176415434,0.008733175361314034,21.030901068463663,0.6513821450059734,0.010128418395176402,-10.140397512677737,-7.667210523563168e-6,-0.0,21.814999999999998,0.6200012906439766,0.010114693619845223,4.504436828145344,7.997179558391096e-6,0.0,0.0,
2022/04/05 13:20,20.30028347180405,0.590246376279533,0.008754671227038402,21.054161247166917,0.6511550840847848,0.01013954810929296,-9.983163230887728,-7.6278492732741096e-6,-0.0,21.83166666666665,0.6200021887580652,0.010125178256721466,4.468534744013368,7.932574407525753e-6,0.0,0.0,
2022/04/05 13:30,20.33075594506579,0.5905581442686688,0.008776102921659569,21.077626520279978,0.6509180558848329,0.010150658363609347,-9.843613098310017,-7.58948144711704e-6,-0.0,21.848333333333358,0.6200025239839216,0.010135663241412544,4.4328430236537315,7.868415414180926e-6,0.0,0.0,
2022/04/05 13:40,20.361319014961282,0.5908544613595063,0.008797398000246252,21.10114653224059,0.6506719982737447,0.01016166833318336,-9.717921582268902,-7.552120949238323e-6,-0.0,21.86500000000001,0.6200022976159913,0.010146148573935762,4.397597873638006,7.805115892234513e-6,0.0,0.0,
2022/04/05 13:50,20.39187715171181,0.5911354214865591,0.00881850417495576,21.12466477617005,0.6504185248436825,0.01017256725052692,-9.60353422535377,-7.515587471055446e-6,-0.0,21.88166666666666,0.6200015109462791,0.010156634254308435,4.3629697784044765,7.742973035452188e-6,0.0,0.0,
2022/04/05 14:00,20.42235781261354,0.5914013681069613,0.008839385206881843,21.148152895306623,0.6501592754473239,0.010183362674123099,-9.498385260055784,-7.47966724737095e-6,-0.0,21.898333333333312,0.6200001652642944,0.010167120282547867,4.329076894871378,7.682191362540877e-6,0.0,0.0,
2022/04/05 14:10,20.451880923023054,0.5916187246560791,0.008859041460017685,21.160076307072245,0.6496806066513805,0.010183316489244306,-9.414277324458455,-7.3542491943437135e-6,-0.0,21.899999999999977,0.6185,0.010143167328564278,4.18688918408202,7.425558192979514e-6,0.0,0.0,
2022/04/05 14:20,20.479604743959158,0.5917706945260135,0.008876742327878715,21.166207727045673,0.6488501284992811,0.01017397796795906,-9.298332449862414,-7.185667631066611e-6,-0.0,21.899999999999977,0.6168333333333333,0.01011539011901286,4.0386080263733675,7.157833319399812e-6,0.0,0.0,
2022/04/05 14:30,20.505923519626492,0.5918734912920368,0.008892943675963563,21.171462862840315,0.6477673118099849,0.01016005280480064,-9.152741375486926,-7.005151830303252e-6,-0.0,21.899999999999977,0.6151666666666666,0.010087615350489073,3.8952240081111995,6.898905396985934e-6,0.0,0.0,
2022/04/05 14:40,20.531120475470914,0.5919360437717328,0.008907932082976716,21.17673361669472,0.6464896548388688,0.010143021156627165,-8.987938340774804,-6.818811785390288e-6,-0.0,21.899999999999977,0.6134999999999999,0.010059843022671155,3.7558027390964526,6.647098862834104e-6,0.0,0.0,
2022/04/05 14:50,20.55538938601711,0.5919639250323093,0.008921895154853102,21.182320988029232,0.6450572014614652,0.010123709218977381,-8.812253657137603,-6.630640960169153e-6,-0.0,21.899999999999977,0.6118333333333332,0.010032073135237404,3.6197325295981955,6.401318101261737e-6,0.0,0.0,
2022/04/05 15:00,20.57885431853765,0.5919604828126207,0.008934948890013951,21.1883248779385,0.6434997316947122,0.010102651788603088,-8.632229780961893,-6.443303627752683e-6,-0.0,21.899999999999977,0.6101666666666666,0.010004305687866179,3.486635166005044,6.1608860383995735e-6,0.0,0.0,
2022/04/05 15:10,20.602034699522733,0.5919694996001652,0.008948051407936334,21.203013648929357,0.642114380304777,0.010089789460379634,-8.360264754859942,-6.357631077090195e-6,-0.0,21.88499999999999,0.6114934993392069,0.010017086206979251,3.4855852896923807,6.165900321842658e-6,0.0,0.0,
2022/04/05 15:20,20.625583829217533,0.5920161593836236,0.008961955780152407,21.221083962351713,0.6411290508508523,0.010085414782681233,-8.091546067026911,-6.325214217941214e-6,-0.0,21.86833333333334,0.6131556280568988,0.010034372804900259,3.496613028147749,6.19349788941525e-6,0.0,0.0,
2022/04/05 15:30,20.64927556337784,0.5920842694696536,0.008976289530206192,21.238648767280893,0.640448350758563,0.010085573476217845,-7.84929205296237,-6.310966919443363e-6,-0.0,21.851666666666688,0.6148205874839403,0.01005166034847494,3.506243864537737,6.218570781591297e-6,0.0,0.0,
2022/04/05 15:40,20.672916791849843,0.5921652355816686,0.008990813606334074,21.25502943903848,0.640012913075505,0.01008890348999803,-7.627551132181338,-6.30839658025334e-6,-0.0,21.83499999999998,0.616488382164434,0.010068948837780905,3.5152572267941196,6.242521219688055e-6,0.0,0.0,
2022/04/05 15:50,20.696373152447222,0.5922538096990002,0.00900537222194101,21.27004121633928,0.6397795277436311,0.010094607191069192,-7.420545986762478,-6.313269270821094e-6,-0.0,21.818333333333328,0.618159016649921,0.010086238272895752,3.524161056973071,6.266261089447111e-6,0.0,0.0,
2022/04/05 16:00,20.719560704123467,0.5923469674835082,0.009019871436665997,21.28366726200352,0.63971506231611,0.010102150195876566,-7.223426709537649,-6.322728131485356e-6,-0.0,21.801666666666677,0.619832495499309,0.010103528653897104,3.53326164763871,6.290339418215541e-6,0.0,0.0,
2022/04/05 16:10,20.74203794651089,0.5924501676695783,0.009034146151856482,21.292444173604395,0.639841695278715,0.01010971146168324,-6.9549766877855745,-6.342161216293555e-6,-0.0,21.754999999999995,0.6229651445807479,0.01012603923950346,3.5601146825401884,6.353091508901143e-6,0.0,0.0,
2022/04/05 16:20,20.76357566480641,0.5925687790473496,0.009048148937441224,21.297127975881097,0.640205331292703,0.010118503881926859,-6.652952655224453,-6.368708965948195e-6,-0.0,21.704999999999984,0.6262740877713495,0.010149131392722935,3.58975054298935,6.421533087707737e-6,0.0,0.0,
2022/04/05 16:30,20.784341872778725,0.5927012939403411,0.009061950283956708,21.299010361870103,0.6407809486650065,0.01012893797386976,-6.341416384678951,-6.398469819578659e-6,-0.0,21.654999999999973,0.6295981905135116,0.01017222523315979,3.620048696189315,6.491114450239558e-6,0.0,0.0,
2022/04/05 16:40,20.804429886819662,0.592846737744201,0.009075587014758864,21.2984686299543,0.6415428947392815,0.010140836155297763,-6.025046814468738,-6.4310014168231085e-6,-0.0,21.605000000000018,0.6329375222445025,0.010195320760998952,3.6508890802808764,6.561630831727384e-6,0.0,0.0,
2022/04/05 16:50,20.8238980155416,0.5930041788178215,0.009089076952806755,21.295759516131852,0.6424684811802762,0.010153991023971172,-5.707275539208468,-6.466221898268058e-6,-0.0,21.555000000000007,0.6362921527309389,0.010218417976425363,3.682213584156443,6.632985291284996e-6,0.0,0.0,
2022/04/05 17:00,20.84277772629497,0.5931726610688094,0.00910242238238053,21.291090970592222,0.6435381217223511,0.010168213370420334,-5.390956661814812,-6.5041768001949404e-6,-0.0,21.504999999999995,0.6396621520704531,0.010241516879624001,3.7140147605257425,6.705169346300049e-6,0.0,0.0,
2022/04/05 17:10,20.861865053688348,0.5933976287898994,0.009116784090522296,21.29690297556266,0.645039014512562,0.010196010024802547,-5.014129278454789,-6.661772037992179e-6,-0.0,21.454999999999984,0.6459189291742798,0.010311210885754225,3.8944255797866845,7.0506995971971785e-6,0.0,0.0,
2022/04/05 17:20,20.88202535035407,0.5937037408338386,0.009133044089499474,21.30648413389423,0.647160607954075,0.010236208838337028,-4.666613181796038,-6.880223827210825e-6,-0.0,21.404999999999973,0.6525288509950619,0.010386098870430231,4.085581980587676,7.416327936311344e-6,0.0,0.0,
2022/04/05 17:30,20.902828086628006,0.5940703307644656,0.009150641415649394,21.314599071182442,0.649750465849881,0.010283050093851368,-4.360868107974625,-7.118259198023556e-6,-0.0,21.355000000000018,0.6591740278707696,0.010461004595973208,4.272435873537688,7.774318904723623e-6,0.0,0.0,
2022/04/05 17:40,20.923935020307113,0.594486021835946,0.009169210240604075,21.320490951800878,0.6527117906235627,0.01033448983127244,-4.086986235964218,-7.367854624822306e-6,-0.0,21.305000000000007,0.6658546331775476,0.010535928068688085,4.456180061673422,8.126808889612562e-6,0.0,0.0,
2022/04/05 17:50,20.945100454481633,0.5949436903067379,0.009188502197861518,21.324052692762507,0.6559740943179616,0.010389311546111538,-3.8365618403554436,-7.6238313134440055e-6,-0.0,21.254999999999995,0.6725708411494437,0.010610869294882775,4.6376243639201675,8.475245151338021e-6,0.0,0.0,
2022/04/05 18:00,20.96615350025104,0.5954390400025557,0.009208354615779728,21.32538089508489,0.659483729504113,0.010446695630984182,-3.6028412668605374,-7.882760747039982e-6,-0.0,21.204999999999984,0.6793228268827473,0.010685828280868191,4.817299191336815,8.82057361865331e-6,0.0,0.0,
2022/04/05 18:10,20.985701993850284,0.5959248513500344,0.009227226065367671,21.307441653035198,0.6629217950485442,0.010490335824716328,-3.3746876101577077,-8.018698457881411e-6,-0.0,21.125,0.6844194438046521,0.01071372654565224,4.846731099716408,8.895805603395552e-6,0.0,0.0,
2022/04/05 18:20,21.002485567605277,0.5963773122413056,0.009244009601821842,21.278694775579766,0.6661054273700333,0.010522685744785227,-3.0907931569430507,-8.094543459447153e-6,-0.0,21.041666666666686,0.6893629493921613,0.010736396298981214,4.865923095121843,8.952507890755153e-6,0.0,0.0,
2022/04/05 18:30,21.017088785587134,0.5968165764490577,0.009259350286596307,21.24649669908672,0.6691493756112677,0.010550375449795668,-2.7624672859599286,-8.152698945309054e-6,-0.0,20.958333333333314,0.6943414515725241,0.010759067676855725,4.889824801647592,9.017569619517582e-6,0.0,0.0,
2022/04/05 18:40,21.02991578324503,0.5972531085296752,0.009273640278331805,21.21229697831518,0.6721107944866525,0.010575269362337837,-2.4061758759040686,-8.201795588836805e-6,-0.0,20.875,0.6993552073949739,0.010781740679450404,4.917157587596421,9.088709630624125e-6,0.0,0.0,
2022/04/05 18:50,21.041232391621747,0.5976928206577886,0.009287122175150934,21.17668478354608,0.6750248218888227,0.010598316303098779,-2.035166136471389,-8.247608319168127e-6,-0.0,20.791666666666686,0.7044044758955956,0.010804415306939909,4.947130462965561,9.164519598654639e-6,0.0,0.0,
2022/04/05 19:00,21.05119611423902,0.5981386039224648,0.00929992943273425,21.139952671830486,0.6779146353947909,0.010620077903398991,-1.6600255329757376,-8.294048488252187e-6,-0.0,20.708333333333314,0.7094895181135797,0.01082709155949892,4.9793082964108635,9.244226549151294e-6,0.0,0.0,
2022/04/05 19:10,21.061146880639228,0.5985896069855922,0.009312823819385592,21.11508064850227,0.6807810572926963,0.010649196234476912,-1.4618310080686572,-8.365909330064598e-6,-0.0,20.69999999999999,0.7115,0.010852637393036421,5.020558307354577,9.324099869632828e-6,0.0,0.0,
2022/04/05 19:20,21.07192647267425,0.5990390352587509,0.009326187630117305,21.098058234014786,0.6835466349550747,0.01068183525566148,-1.3757580543199313,-8.448526792928486e-6,-0.0,20.69999999999999,0.7131666666666666,0.010878503978196927,5.061323572123001,9.401400421784679e-6,0.0,0.0,
2022/04/05 19:30,21.082940666186573,0.5994826419352366,0.009339609603045742,21.08410410308585,0.6861940753202437,0.010714574123696325,-1.3453833561123931,-8.536533932180874e-6,-0.0,20.69999999999999,0.7148333333333333,0.01090437267793368,5.101906093764455,9.478414972539898e-6,0.0,0.0,
2022/04/05 19:40,21.09381673607743,0.5999185164211964,0.009352842531579772,21.072230696375414,0.6887285578396781,0.010746855878888429,-1.3557526293561752,-8.62772189444841e-6,-0.0,20.69999999999999,0.7164999999999999,0.01093024349250598,5.143111889597321,9.55655652734175e-6,0.0,0.0,
2022/04/05 19:50,21.104300970260056,0.6003463986556508,0.009365733579627,21.061965141673795,0.6911597091048896,0.010778531278854604,-1.395767192477706,-8.72017619437404e-6,-0.0,20.69999999999999,0.7181666666666666,0.010956116422173185,5.185439282164907,9.636693775365987e-6,0.0,0.0,
2022/04/05 20:00,21.114231150612625,0.6007672562725647,0.009378202088037043,21.053015032076758,0.6934979473959757,0.01080958055717006,-1.4563644022825883,-8.812395375709282e-6,-0.0,20.69999999999999,0.7198333333333333,0.010981991467194686,5.22915126127009,9.719279310902396e-6,0.0,0.0,
2022/04/05 20:10,21.124354000205756,0.6012016574549426,0.009391009855970689,21.055501265525493,0.6958584211848711,0.010848701010383374,-1.5729337255731934,-8.962154621428876e-6,-0.0,20.730000000000018,0.7215218863773394,0.011028932619006518,5.3404430740715725,9.91972564884813e-6,0.0,0.0,
2022/04/05 20:20,21.135323699272362,0.6016598211036774,0.009404703391369423,21.06483721376759,0.698292110942883,0.010893663440059197,-1.7493464164755324,-9.13772614446932e-6,-0.0,20.76333333333332,0.723203764536625,0.011078221610708046,5.456501970357749,1.012832140653391e-5,0.0,0.0,
2022/04/05 20:30,21.1467233049583,0.6021340012052143,0.009418917810336226,21.076679636669155,0.7007490727090445,0.010940763593869758,-1.9627264870973704,-9.319075335804664e-6,-0.0,20.79666666666668,0.7248760917690824,0.011127518278500668,5.570887554949195,1.0333860225093663e-5,0.0,0.0,
2022/04/05 20:40,21.158296357681593,0.6026211716498171,0.009433455915456834,21.090103261139802,0.7032070274771084,0.010989034640992022,-2.199346728745013,-9.501987835107893e-6,-0.0,20.829999999999984,0.7265389042367109,0.011176822624177695,5.6842427953674814,1.05374769578436e-5,0.0,0.0,
2022/04/05 20:50,21.16989164195121,0.603120439726006,0.009448215405117338,21.10468887733134,0.7056536188572836,0.011038004999173859,-2.449004588630146,-9.683817367688746e-6,-0.0,20.863333333333344,0.7281922379734532,0.011226134649532999,5.796901251619602,1.073975678998154e-5,0.0,0.0,
2022/04/05 21:00,21.181435156844316,0.603632191132073,0.009463159290287463,21.120200378342872,0.7080816449630821,0.01108740639896419,-2.70393017263757,-9.862923081267985e-6,-0.0,20.896666666666647,0.7298361288855538,0.011275454356360999,5.908983532194952,1.0940907603618353e-5,0.0,0.0,
2022/04/05 21:10,21.190841265722497,0.6040971707898021,0.009476112501998986,21.10981501592829,0.7101634239053448,0.011113369277978596,-2.9045694194462612,-9.862925600873331e-6,-0.0,20.870000000000005,0.7300061519262867,0.011259306021136915,5.81409801116547,1.077412977948117e-5,0.0,0.0,
2022/04/05 21:20,21.19630816853976,0.6044879039172834,0.009485565909321637,21.085413593560872,0.71173115563898,0.011121362340891285,-2.9862792292334466,-9.775054335731442e-6,-0.0,20.836666666666645,0.7300104570034406,0.011235884635510004,5.706909830939821,1.0585414976883458e-5,0.0,0.0,
2022/04/05 21:30,21.19890017971096,0.60483518211183,0.009492631566907064,21.05795062108217,0.7129440134816039,0.011121537533594182,-2.9799539940626123,-9.65988603014512e-6,-0.0,20.80333333333334,0.7300120865148693,0.011212464982320374,5.607512551371201,1.0410453778430193e-5,0.0,0.0,
2022/04/05 21:40,21.199367362081034,0.6051553229420469,0.009498009253296061,21.02948233639728,0.7138868315735496,0.011116696298405372,-2.9119816176273616,-9.530470649137434e-6,-0.0,20.769999999999982,0.7300110280101295,0.011189047061375823,5.5136245456494635,1.0245190767526444e-5,0.0,0.0,
2022/04/05 21:50,21.19823367091891,0.6054575602984242,0.009502154111001632,21.00078592653523,0.7146160562636618,0.011108295045626607,-2.803150392166458,-9.395520460000187e-6,-0.0,20.73666666666668,0.7300072689909016,0.011165630872484166,5.423761822122515,1.0086995580281604e-5,0.0,0.0,
2022/04/05 22:00,21.195846282208038,0.6057463891218582,0.009505342149709245,20.97219986781056,0.7151723186904283,0.01109722901006499,-2.670116468123638,-9.26088994259358e-6,-0.0,20.70333333333332,0.7300007969108322,0.011142216415453241,5.3370244512723275,9.934278932313224e-6,0.0,0.0,
2022/04/05 22:10,21.193648537250567,0.6060648983816954,0.009509114225304049,20.96027684003917,0.715806332599515,0.011098957858823044,-2.536501519984995,-9.246862484998298e-6,-0.0,20.69999999999999,0.7314999999999999,0.011163176034063417,5.393064392305405,1.0037960291395805e-5,0.0,0.0,
2022/04/05 22:20,21.192890297912868,0.6064337616004705,0.00951454062029785,20.957540395341084,0.7166706017999014,0.011110695212871101,-2.4622461246565313,-9.294966506587685e-6,-0.0,20.69999999999999,0.7331666666666666,0.01118906801126253,5.459792371922276,1.016088079764423e-5,0.0,0.0,
2022/04/05 22:30,21.193025766375342,0.60683253562019,0.0095209732608277,20.957134809381955,0.7176833024497847,0.011126393729704838,-2.438435621831445,-9.365241345818133e-6,-0.0,20.69999999999999,0.7348333333333333,0.011214962106152391,5.523246395209071,1.027794918622783e-5,0.0,0.0,
2022/04/05 22:40,21.193663189176675,0.6072499935171142,0.009528001811184456,20.95772444080444,0.7188036635469716,0.011144485397137738,-2.4514095967481353,-9.449180101802316e-6,-0.0,20.69999999999999,0.7365,0.011240858318992816,5.58476436156775,1.0391551996124424e-5,0.0,0.0,
2022/04/05 22:50,21.194532151834267,0.6076794644308002,0.009535360023554578,20.9587758868646,0.7200056865916612,0.011164191009823339,-2.4896420312728655,-9.540875223423033e-6,-0.0,20.69999999999999,0.7381666666666666,0.01126675665004366,5.645214372176042,1.0503234551166627e-5,0.0,0.0,
2022/04/05 23:00,21.195461582728058,0.608117432972167,0.009542890515522325,20.960034643897245,0.7212713213177371,0.011185049658837298,-2.5434464383380377,-9.636164489946097e-6,-0.0,20.69999999999999,0.7398333333333333,0.011292657099564831,5.705109572853871,1.0613908081637624e-5,0.0,0.0,
2022/04/05 23:10,21.19723201262309,0.608568204399894,0.009551126571448394,20.97081799543696,0.7226149666879903,0.011213827842614276,-2.700261377877951,-9.763760821021868e-6,-0.0,20.745000000000005,0.7400141345070125,0.011327392307720537,5.791509992451438,1.0763190094049007e-5,0.0,0.0,
2022/04/05 23:20,21.200418776281367,0.609031169560247,0.009560402623154574,20.98761335742239,0.724002981473167,0.011247574035398151,-2.9263967518136274,-9.903603611166236e-6,-0.0,20.795000000000016,0.7400239330068128,0.011363112853749297,5.877732200077844,1.0911206815134928e-5,0.0,0.0,
2022/04/05 23:30,21.204592853336976,0.6095013434456557,0.009570385888315698,21.006687670871656,0.7253976343765072,0.011283094007805493,-3.1847758887658983,-1.0045103439768135e-5,-0.0,20.845000000000027,0.740027555727882,0.011398837429382315,5.961661678519249,1.1055128897303443e-5,0.0,0.0,
2022/04/05 23:40,21.20950094274923,0.6099768004374593,0.009580896340859119,21.02726459377152,0.7267822856657362,0.011319589245722284,-3.462240844085614,-1.0185410197066797e-5,-0.0,20.894999999999982,0.7400250454620482,0.011434566035301495,6.04388540455534,1.1195987877133602e-5,0.0,0.0,
2022/04/05 23:50,21.21498773453527,0.6104571694632966,0.009591836733445385,21.048993750559816,0.728147644922676,0.011356672688210966,-3.749681517854811,-1.0322720988324458e-5,-0.0,20.944999999999993,0.7400164447556148,0.011470298672188893,6.1247204551184495,1.1334337535224316e-5,0.0,0.0,
2022/04/06 00:00,21.22096688804129,0.6109430065337982,0.009603165523960028,21.07167784632395,0.7294882342050836,0.01139412313641566,-4.04038418758205,-1.0455948927543538e-5,-0.0,20.995000000000005,0.7400017959107204,0.011506035340726717,6.204302280392767,1.14704107729891e-5,0.0,0.0,
2022/04/06 00:10,21.226501355056314,0.6114434020671822,0.009614467621562199,21.0868297794961,0.7308452345404711,0.011426533503904211,-4.1819907543566615,-1.0582691068093992e-5,-0.0,20.985000000000014,0.7429859173869486,0.011546064494926367,6.297966776611702,1.1646401646454773e-5,0.0,0.0,
2022/04/06 00:20,21.231055809497093,0.6119687330426608,0.009625587051400306,21.0967813820086,0.732305291393707,0.011456911303396248,-4.239325825522542,-1.070770123707947e-5,-0.0,20.968333333333362,0.7463094195223302,0.011586575266686355,6.393797173469466,1.1827784524953797e-5,0.0,0.0,
2022/04/06 00:30,21.23505754604321,0.6125203841152987,0.009636800872205854,21.104545168196296,0.7338744317894094,0.011487491339469996,-4.2595258017644255,-1.083017030005595e-5,-0.0,20.951666666666654,0.7496390537763784,0.01162709121952998,6.489336701724824,1.200855369170062e-5,0.0,0.0,
2022/04/06 00:40,21.238767751289515,0.6130988481266293,0.009648273183565478,21.11073039307587,0.7355465163781953,0.011518605183866732,-4.253112157738315,-1.0951117611516525e-5,-0.0,20.935000000000002,0.7529748303611041,0.011667612354451245,6.584050318325126,1.218777562156363e-5,0.0,0.0,
2022/04/06 00:50,21.242365736534794,0.6137037001744046,0.00966010483957355,21.11563001185209,0.737313141755266,0.011550323565494647,-4.2275355010332305,-1.107156304814567e-5,-0.0,20.91833333333335,0.7563167595055245,0.011708138672444414,6.677609191991451,1.2364880400897e-5,0.0,0.0,
2022/04/06 01:00,21.245969620950632,0.6143338095975429,0.009672349027844711,21.11942902937409,0.7391656319309747,0.01158263618900753,-4.188754091601369,-1.1192339898262435e-5,-0.0,20.901666666666642,0.7596648514556884,0.011748670174504008,6.769839907879714,1.2539572225186136e-5,0.0,0.0,
2022/04/06 01:10,21.249285103775208,0.6149509931873102,0.009684217820384344,21.1151288266409,0.7409158766096565,0.01160745124895464,-4.2253099943917505,-1.1226461244897942e-5,-0.0,20.899999999999977,0.76,0.011752723609871915,6.744357955359646,1.2493766348146627e-5,0.0,0.0,
2022/04/06 01:20,21.251830426365018,0.6155319545170876,0.009695046755444631,21.10694382650695,0.7424149599390024,0.011625420859239607,-4.258856103857056,-1.1216765690007364e-5,-0.0,20.899999999999977,0.76,0.011752723609871915,6.709050239667931,1.2429300981295794e-5,0.0,0.0,
2022/04/06 01:30,21.253824038174912,0.6160896546158783,0.009705173396032406,21.0981936629409,0.743722298967616,0.011639901186166072,-4.271739017183904,-1.1194773064452109e-5,-0.0,20.899999999999977,0.76,0.011752723609871915,6.676032353347864,1.23689409618333e-5,0.0,0.0,
2022/04/06 01:40,21.25543652945663,0.6166304319187895,0.009714801199465682,21.089541532840656,0.7448738899436744,0.011651952266423406,-4.270998323154913,-1.1166384707280834e-5,-0.0,20.899999999999977,0.76,0.011752723609871915,6.644640924323312,1.2311499019994263e-5,0.0,0.0,
2022/04/06 01:50,21.256776623529845,0.6171578310369724,0.009724051967062063,21.081237315389274,0.7458956059348203,0.011662172501943012,-4.262691338732338,-1.1135211930706343e-5,-0.0,20.899999999999977,0.76,0.011752723609871915,6.614478819702299,1.2256265699470705e-5,0.0,0.0,
2022/04/06 02:00,21.257904103616283,0.617673667047895,0.009732990456924552,21.073382073914672,0.7468071978170691,0.011670953869114103,-4.251575842426973,-1.1103518234566204e-5,-0.0,20.899999999999977,0.76,0.011752723609871915,6.585334895851929,1.2202864168632313e-5,0.0,0.0,
2022/04/06 02:10,21.25969989798682,0.6181984557041582,0.009742479347262654,21.07650345565247,0.7477167146349102,0.01168771771442465,-4.282536898904824,-1.1134160123143611e-5,-0.0,20.930000000000007,0.760006425761534,0.011774942769025482,6.626841905499077,1.227254085233615e-5,0.0,0.0,
2022/04/06 02:20,21.262879689604404,0.6187410091614587,0.0097530958555918,21.08616561611933,0.748676270982631,0.011710078071670932,-4.368019676359154,-1.1195165325027804e-5,-0.0,20.96333333333331,0.7600108887538568,0.011799632550987042,6.672727778994613,1.2349736639667247e-5,0.0,0.0,
2022/04/06 02:30,21.267016284057547,0.6192910031518573,0.009764417665724744,21.09806639217561,0.7496480910586538,0.011734301195101639,-4.489792037965685,-1.1265717750291157e-5,-0.0,20.99666666666667,0.7600125466986747,0.011824324256688525,6.71632029007128,1.2422872700944425e-5,0.0,0.0,
2022/04/06 02:40,21.271818837422188,0.6198431794498196,0.009776185493265307,21.11133165026422,0.7506163811682932,0.011759502119648619,-4.636717934646981,-1.1341181957578225e-5,-0.0,21.029999999999973,0.7600114125575653,0.011849017886354786,6.758464835587347,1.2493447391257217e-5,0.0,0.0,
2022/04/06 02:50,21.277089826064753,0.620394826066315,0.009788236899482508,21.12558173660932,0.7515726131146758,0.011785270763111337,-4.800032574180477,-1.1418377841171845e-5,-0.0,21.063333333333333,0.7600074992424839,0.011873713440210699,6.7996910473527805,1.256239638195921e-5,0.0,0.0,
2022/04/06 03:00,21.282704721562084,0.6209449476098798,0.00980048092244076,21.14061142656476,0.7525118754510632,0.011811381012495816,-4.972636855602559,-1.1495123106763315e-5,-0.0,21.096666666666692,0.7600008196160328,0.011898410918481183,6.840295507264727,1.263024090654831e-5,0.0,0.0,
2022/04/06 03:10,21.28806399461672,0.6215233814951264,0.009813030325577761,21.153773171190778,0.7535742419778722,0.011838117475225052,-4.972424794214589,-1.1622946416274234e-5,-0.0,21.069999999999993,0.7644596004538537,0.011949592273886795,6.966254891056906,1.2869753935138788e-5,0.0,0.0,
2022/04/06 03:20,21.293014763247925,0.6221521439630289,0.009826144653380917,21.164504512179064,0.7549150041365803,0.011867546629413852,-4.903869401965153,-1.1778887327580124e-5,-0.0,21.03666666666669,0.7694313605069381,0.01200372494576281,7.0999950993605125,1.3125207967134054e-5,0.0,0.0,
2022/04/06 03:30,21.297772457514156,0.6228231497153115,0.009839826057874129,21.17330076337248,0.7565011742238753,0.011899505266674437,-4.818568950478267,-1.1942218598108727e-5,-0.0,21.00333333333333,0.7744207006963351,0.012057866863157537,7.231916500524903,1.337735530669096e-5,0.0,0.0,
2022/04/06 03:40,21.30243811069562,0.6235319245954506,0.009854064929811808,21.180289345454014,0.7583033245279253,0.011933612581146898,-4.721529671385839,-1.2109804358368034e-5,-0.0,20.970000000000027,0.7794276785841802,0.012112018028439784,7.362050433194099,1.362627394156764e-5,0.0,0.0,
2022/04/06 03:50,21.307080250140018,0.6242751652310251,0.009868850712716346,21.185588629954566,0.7602959627978874,0.011969542188974993,-4.615572299396717,-1.2279994339034618e-5,-0.0,20.936666666666667,0.7844523519224866,0.01216617844397918,7.490431324462634,1.3872041108777276e-5,0.0,0.0,
2022/04/06 04:00,21.31174569081611,0.6250502242472249,0.009884170192831688,21.18931880238233,0.7624569903025686,0.012007022238519734,-4.502919246471607,-1.2451869319397107e-5,-0.0,20.903333333333308,0.7894947786537734,0.012220348112146158,7.617102265480298,1.4114745686398074e-5,0.0,0.0,
2022/04/06 04:10,21.31617781810229,0.6257924355746981,0.00989882652272025,21.182815050368276,0.7644841818321509,0.012034665743382583,-4.572068944992226,-1.2483288079231836e-5,-0.0,20.91500000000002,0.7884938081939394,0.012213483940092982,7.546934722700371,1.398358670162163e-5,0.0,0.0,
2022/04/06 04:20,21.31972950415826,0.6264615015941694,0.009911771224274418,21.17185596713506,0.7661203648391148,0.012052654296017222,-4.669046849174379,-1.24412236475673e-5,-0.0,20.931666666666672,0.7868228303092442,0.012199838222562175,7.460236727749816,1.382054617004053e-5,0.0,0.0,
2022/04/06 04:30,21.32259305032551,0.6270796151767916,0.009923476941967433,21.160719635220687,0.7674456186881731,0.012065496353916964,-4.74585859239653,-1.2377175184293323e-5,-0.0,20.948333333333323,0.7851545520715424,0.012186193092220394,7.377580351109373,1.3664813110863386e-5,0.0,0.0,
2022/04/06 04:40,21.324959348020286,0.6276584113213449,0.00993424687654612,21.15025183123231,0.7685101524142797,0.01207464439968608,-4.808407523534015,-1.230061938588015e-5,-0.0,20.964999999999975,0.7834889692386829,0.012172548549029747,7.297977007378904,1.351460685828033e-5,0.0,0.0,
2022/04/06 04:50,21.32695714624367,0.6282050708871261,0.009944274931942733,21.14075706670434,0.7693508837196252,0.012080928658406596,-4.862911151465141,-1.2217435785016791e-5,-0.0,20.981666666666683,0.7818260775753573,0.012158904592952338,7.220794473147407,1.3368790008337365e-5,0.0,0.0,
2022/04/06 05:00,21.328661067790108,0.6287239357380888,0.009953676286983302,21.13234544746132,0.7699965595162046,0.012084899758273869,-4.914568753628147,-1.2131408592642504e-5,-0.0,20.998333333333335,0.7801658728530622,0.012145261223950266,7.145657208018065,1.322668654397133e-5,0.0,0.0,
2022/04/06 05:10,21.331771188580035,0.6292846533149177,0.009964625890737069,21.148104375886874,0.7707635390152869,0.012109110647762156,-4.945382822654666,-1.2227328157581143e-5,-0.0,21.045000000000016,0.7815384918474332,0.012202678753256407,7.297165763112162,1.3494791065869213e-5,0.0,0.0,
2022/04/06 05:20,21.337898994672003,0.6299235431102126,0.009978713220014052,21.17732551363366,0.7718593849596586,0.012148861741607826,-5.055810078659988,-1.2413941022828404e-5,-0.0,21.095000000000027,0.783231866063193,0.012268004684435967,7.464229096518693,1.3791222926864249e-5,0.0,0.0,
2022/04/06 05:30,21.346199171797593,0.6306107352072161,0.009994940321269245,21.210224597495596,0.7731770813794282,0.01219508894875507,-5.238058769641044,-1.2627662291796613e-5,-0.0,21.144999999999982,0.7849084292781376,0.012333344074773125,7.624359592290375,1.4075218764328128e-5,0.0,0.0,
2022/04/06 05:40,21.356067404497594,0.6313307555006505,0.010012688678478113,21.244832052641016,0.7746599767558422,0.012245423983899969,-5.469637877218929,-1.2855420009869838e-5,-0.0,21.194999999999993,0.7865682797619391,0.012398696928427806,7.779573933940128,1.4350368009584317e-5,0.0,0.0,
2022/04/06 05:50,21.36709342821996,0.6320748936662238,0.010031567607152217,21.280335584539273,0.7762700140382582,0.012298661116327414,-5.732269680407854,-1.3088624466504906e-5,-0.0,21.245000000000005,0.7882115152563627,0.012464063249561667,7.931145960837284,1.4618932433623898e-5,0.0,0.0,
2022/04/06 06:00,21.379020270129104,0.6328388982891331,0.010051352468755175,21.31633565806493,0.7779794908809446,0.012354066509698974,-6.011196686735616,-1.3321544262324211e-5,-0.0,21.295000000000016,0.7898382329780855,0.012529443042338054,8.079808119940708,1.4882208663449974e-5,0.0,0.0,
2022/04/06 06:10,21.390321102794474,0.6336164171302895,0.010070987029396562,21.338358875176027,0.7797513558215853,0.012399828869974443,-6.131377620487797,-1.3508848981834407e-5,-0.0,21.269999999999982,0.794459902814498,0.01258454078829699,8.195435747010379,1.5103697980505202e-5,0.0,0.0,
2022/04/06 06:20,21.39998550723095,0.6344110243162948,0.010089892448766976,21.35140469086656,0.7816211575724773,0.012440301449216982,-6.1420710686797975,-1.3674613097713609e-5,-0.0,21.23666666666668,0.7994318745146678,0.012638503978608702,8.309741521519982,1.5324629029938947e-5,0.0,0.0,
2022/04/06 06:30,21.40865015830525,0.635230444845935,0.010108589325675965,21.360950582644307,0.7836108439722816,0.012480051485450273,-6.097111970780703,-1.3830984052516949e-5,-0.0,21.20333333333332,0.8044212948677756,0.012692476347440758,8.424757174745764,1.5546742471556963e-5,0.0,0.0,
2022/04/06 06:40,21.416722799682475,0.6360785269396003,0.010127394357530612,21.368100474284518,0.785720360761221,0.012519920462841361,-6.012230950250342,-1.3981703195817775e-5,-0.0,21.170000000000016,0.8094282207799772,0.012746457897135103,8.53945012322174,1.5768222253476022e-5,0.0,0.0,
2022/04/06 06:50,21.42448364629786,0.6369566934429777,0.010146506355732656,21.37336075944893,0.787944110647149,0.01256020042970233,-5.8992028913729655,-1.4129754123826012e-5,-0.0,21.136666666666656,0.8144527093446278,0.012800448630034473,8.65317215050527,1.598793363754925e-5,0.0,0.0,
2022/04/06 07:00,21.432114531674813,0.6378646004806348,0.01016603454816496,21.37703253778892,0.7902745792312347,0.012600994541161597,-5.76763765503813,-1.4277387488223053e-5,-0.0,21.103333333333353,0.8194948178428838,0.012854448548482405,8.765567127000168,1.6205259190561576e-5,0.0,0.0,
2022/04/06 07:10,21.439447911471063,0.638739055178417,0.010184848858777124,21.370693103674967,0.7924515144122102,0.01263140247900253,-5.809475057826603,-1.4286325033886716e-5,-0.0,21.11500000000001,0.8184938781202229,0.01284781637378395,8.682598925261118,1.6051105833396692e-5,0.0,0.0,
2022/04/06 07:20,21.445889783854795,0.6395399597559762,0.010201919972080083,21.3598800548765,0.7942503746716972,0.012652100077185875,-5.876692310054636,-1.422327305205158e-5,-0.0,21.13166666666666,0.8168229488904039,0.012834447273348445,8.583348684467637,1.586548374383657e-5,0.0,0.0,
2022/04/06 07:30,21.451639744149986,0.6402887838582233,0.010217718697974125,21.34877343566916,0.7957448553599221,0.012667588321968582,-5.923949676598568,-1.4139705766879978e-5,-0.0,21.148333333333312,0.8151546888093151,0.01282107873597413,8.488248895498828,1.5687363592385828e-5,0.0,0.0,
2022/04/06 07:40,21.45688345014753,0.6409964433555755,0.010232537404797761,21.338222908302782,0.796981722337914,0.012679308744792986,-5.958269285929419,-1.4045199691318948e-5,-0.0,21.16500000000002,0.8134890937083059,0.012807710761625435,8.396346292003045,1.5515030108883434e-5,0.0,0.0,
2022/04/06 07:50,21.461739005065567,0.6416694716263657,0.010246555364287797,21.328549460875593,0.7979956488331581,0.012688087710735037,-5.986372326997866,-1.3945551709055814e-5,-0.0,21.181666666666672,0.8118261594254135,0.012794343350266784,8.307056358814407,1.5347432389619268e-5,0.0,0.0,
2022/04/06 08:00,21.466268893387337,0.6423116920144945,0.010259872990395828,21.319880788026353,0.7988138125299662,0.012694475132240922,-6.013615625357716,-1.3844384163919956e-5,-0.0,21.198333333333323,0.8101658818053356,0.012780976501862619,8.220051696378505,1.5183980925321852e-5,0.0,0.0,
2022/04/06 08:10,21.472779469435977,0.6429369400827774,0.01027418885155216,21.335994920708174,0.79949667607644,0.01271836485808698,-6.301396821802996,-1.3821675389833965e-5,-0.0,21.33499999999998,0.8038515557930813,0.012788270428593365,8.19715669673883,1.510767229622908e-5,0.0,0.0,
2022/04/06 08:20,21.482852960804735,0.6435428371459403,0.01029048267556972,21.36823810490165,0.7999951418659114,0.01275215247899959,-6.768453876986769,-1.3831770946668118e-5,-0.0,21.485000000000014,0.7970823009567048,0.01279786023785759,8.17529827339581,1.5030540061394961e-5,0.0,0.0,
2022/04/06 08:30,21.495390541552126,0.6441172167965377,0.010307861305766754,21.40731535347436,0.8002652641365701,0.012787762086113735,-7.323024309739595,-1.3850813851335809e-5,-0.0,21.63499999999999,0.790377999577794,0.012807450336874587,8.14990378695461,1.4947411164945777e-5,0.0,0.0,
2022/04/06 08:40,21.50970878888927,0.6446550159284354,0.010325809462394881,21.451311241443364,0.8002988944953,0.012823538617194019,-7.935176465584277,-1.387213630988856e-5,-0.0,21.785000000000025,0.783737958328831,0.012817040725657492,8.122653305789981,1.486123407132369e-5,0.0,0.0,
2022/04/06 08:50,21.525358226661353,0.6451551788596129,0.010344024609888825,21.49934973788305,0.8000976719515881,0.012858802257015732,-8.58319510361639,-1.389093472149108e-5,-0.0,21.935000000000002,0.7771614919866262,0.012826631404219435,8.094533246398214,1.4773729933252583e-5,0.0,0.0,
2022/04/06 09:00,21.54206309845597,0.6456193247962296,0.01036235779537683,21.550923669138058,0.7996671713002901,0.012893224812795576,-9.250088617819758,-1.3903897361044064e-5,-0.0,22.08499999999998,0.7706479233297476,0.012836222372573551,8.06602926928872,1.468573505879771e-5,0.0,0.0,
2022/04/06 09:10,21.558250029597104,0.6460583695788691,0.010379972586038991,21.592309967823553,0.7990513030012832,0.012916439162450269,-9.708642085266208,-1.3892677152811248e-5,-0.0,22.144999999999982,0.7684909156692098,0.012847412211630181,8.045080730641075,1.4634903634599123e-5,0.0,0.0,
2022/04/06 09:20,21.572987232950823,0.6464880392638714,0.010396520490308654,21.627601951167378,0.7983585763079113,0.012933483442549267,-10.04235846233371,-1.3870909048829817e-5,-0.0,22.194999999999993,0.7668179280446725,0.012858780072023986,8.028191210534033,1.4593818037366227e-5,0.0,0.0,
2022/04/06 09:30,21.586943139674815,0.6469147828111431,0.010412535409911609,21.661626707667097,0.7976201516573631,0.012948751160154452,-10.317922599960525,-1.384190876485959e-5,-0.0,22.245000000000005,0.7651489025224144,0.012870148339541016,8.013040813024645,1.4555754435563282e-5,0.0,0.0,
2022/04/06 09:40,21.600546261874626,0.6473425627503555,0.010428357923272296,21.695237168303265,0.7968478709486372,0.012963121254291894,-10.5498379178556,-1.3808231796359409e-5,-0.0,22.295000000000016,0.763483829598385,0.012881517014203153,7.9985190830823285,1.4518761645874813e-5,0.0,0.0,
2022/04/06 09:50,21.61410716407886,0.6477733019313352,0.01044422039917496,21.728762618248766,0.7960480637397589,0.012976961212305205,-10.748281850191574,-1.37721681973251e-5,-0.0,22.345000000000027,0.7618226997885668,0.012892886096032258,7.983868382939136,1.4481512759656389e-5,0.0,0.0,
2022/04/06 10:00,21.627847544186693,0.64820734169822,0.010460272711401956,21.76235981252023,0.7952245606113133,0.012990458831802111,-10.921413458187319,-1.3735530509889834e-5,-0.0,22.394999999999982,0.7601655036289692,0.012904255585050208,7.968600049572615,1.4443156901889793e-5,0.0,0.0,
2022/04/06 10:10,21.64104233129791,0.6486080559100877,0.010475441593064886,21.783941498870206,0.7942356844448359,0.012991445938038882,-11.088451143334057,-1.3601176475820167e-5,-0.0,22.430000000000007,0.7569751262381733,0.01287691877720644,7.830010355200329,1.4182593480302399e-5,0.0,0.0,
2022/04/06 10:20,21.65294833188841,0.648955439500702,0.010488910579984996,21.799229388675542,0.792986933679466,0.012982967342266933,-11.201101306639318,-1.3419097565671415e-5,-0.0,22.46333333333331,0.7536244958148768,0.012845284240042687,7.682950427684091,1.3906743075674125e-5,0.0,0.0,
2022/04/06 10:30,21.66407859722534,0.6492645307169348,0.0105012569666098,21.813390539679574,0.7915347468068611,0.01297014546656848,-11.266969946835276,-1.3224240772251206e-5,-0.0,22.49666666666667,0.7502847171356564,0.012813652855282335,7.539561014026958,1.3637522404866346e-5,0.0,0.0,
2022/04/06 10:40,21.67479190884592,0.6495424490189979,0.010512829431794544,21.827470194656144,0.7899103530923156,0.012954341922397956,-11.30033724512714,-1.3023845685729885e-5,-0.0,22.529999999999973,0.7469557562598049,0.012782024622454199,7.3987052461577605,1.3372917894180172e-5,0.0,0.0,
2022/04/06 10:50,21.685328111349747,0.6497927086731213,0.010523840895117334,21.841901230082158,0.7881356803078482,0.0129362664196242,-11.312267761246062,-1.2822412947079845e-5,-0.0,22.563333333333333,0.7436375793550879,0.01275039954108719,7.259688898788681,1.3111704500591941e-5,0.0,0.0,
2022/04/06 11:00,21.695836784388177,0.6500165817560035,0.010534409030832855,21.856894892870116,0.7862274908088676,0.012916362546103366,-11.311338431410151,-1.2622741388206874e-5,-0.0,22.596666666666692,0.7403301526973539,0.012718777610710304,7.12212829376881,1.2853208824270125e-5,0.0,0.0,
2022/04/06 11:10,21.707259811960967,0.650263691438584,0.010545968832085492,21.885889219614285,0.7844088674520439,0.01290917298980584,-11.238980351932355,-1.2554082690807727e-5,-0.0,22.629999999999995,0.7400060881638145,0.01273937744712812,7.151603305824892,1.2900859851956877e-5,0.0,0.0,
2022/04/06 11:20,21.720575056167092,0.6505610615368704,0.010559610956872724,21.92222091736437,0.7828500767023368,0.012912185323026685,-11.19024593189238,-1.2554276950814836e-5,-0.0,22.663333333333355,0.7400103168705607,0.012765781596277588,7.193213854352734,1.2971079673196909e-5,0.0,0.0,
2022/04/06 11:30,21.735350448533666,0.6508863022842929,0.010574688099136005,21.960119677791624,0.7814892332948856,0.012919739013881668,-11.177921277144948,-1.2577546424369055e-5,-0.0,22.69666666666666,0.7400118879601354,0.01279218794225971,7.230152694754679,1.3033004517431766e-5,0.0,0.0,
2022/04/06 11:40,21.75125135016623,0.6512271638245365,0.010590782541716547,21.998435171855192,0.7802921696859095,0.012930354193892272,-11.19145430217941,-1.2614211311841683e-5,-0.0,22.730000000000018,0.7400108135655824,0.01281859648534866,7.263781793677708,1.3089066780367256e-5,0.0,0.0,
2022/04/06 11:50,21.76804207679629,0.6515762293276421,0.01060762008218758,22.036703692933543,0.779234644178081,0.012943266241075049,-11.22162911900489,-1.2657844734346904e-5,-0.0,22.76333333333332,0.7400071057740564,0.012845007225818666,7.294995188341318,1.314085989500256e-5,0.0,0.0,
2022/04/06 12:00,21.78556836035756,0.6519293288167105,0.0106250328206222,22.074707732790444,0.7782979078269048,0.012957997695414182,-11.26077750857178,-1.2704091405785604e-5,-0.0,22.79666666666668,0.7400007766270239,0.012871420163943988,7.324340316932421,1.3189357678279043e-5,0.0,0.0,
2022/04/06 12:10,21.80330054205706,0.6522891481487186,0.010642717558547253,22.108454849182806,0.7774896398144456,0.012971470769818744,-11.22912615653263,-1.2750240663733433e-5,-0.0,22.80000000000001,0.7415,0.012900698899488321,7.362142517184793,1.3261154874881604e-5,0.0,0.0,
2022/04/06 12:20,21.82093708111762,0.6526600304884509,0.010660547783007396,22.13903251964956,0.7768402541303129,0.01298508820776985,-11.157767574891865,-1.2796905435107523e-5,-0.0,22.80000000000001,0.7431666666666668,0.01293029854435119,7.400516682984744,1.3334852917823897e-5,0.0,0.0,
2022/04/06 12:30,21.838652598305373,0.653041647251727,0.010678634225814592,22.167829154228286,0.7763429131016777,0.012999864623328283,-11.069288655228322,-1.284251269538512e-5,-0.0,22.80000000000001,0.7448333333333333,0.01295990094926717,7.438064448650039,1.3407062749646112e-5,0.0,0.0,
2022/04/06 12:40,21.85654795532332,0.6534336450996535,0.010697038911840085,22.195133094501216,0.7759865672281061,0.013015854118764046,-10.968283329199267,-1.2887149066272718e-5,-0.0,22.80000000000001,0.7465,0.012989506114622322,7.474583583503772,1.3477435271674288e-5,0.0,0.0,
2022/04/06 12:50,21.874688487708738,0.653835418166435,0.010715796432251784,22.22109741279405,0.7757599430412122,0.013032995969726532,-10.858176667584871,-1.2931159985612329e-5,-0.0,22.80000000000001,0.7481666666666666,0.013019114040802787,7.509961304386252,1.3545778135194727e-5,0.0,0.0,
2022/04/06 13:00,21.89311176783707,0.6542461104019596,0.010734918955492232,22.245832120705074,0.775652278235375,0.013051201732044687,-10.741885753914744,-1.2974933844692335e-5,-0.0,22.80000000000001,0.7498333333333334,0.01304872472819477,7.5441579373823515,1.3612027328407811e-5,0.0,0.0,
2022/04/06 13:10,21.911397486873852,0.6546396426318382,0.010753691513921105,22.262661849006804,0.7755434891187869,0.013062990538290655,-10.654207685988128,-1.295386989238234e-5,-0.0,22.80000000000001,0.75,0.013051685948815473,7.4926051099869255,1.3521309354306435e-5,0.0,0.0,
2022/04/06 13:20,21.929069888929803,0.6550009417294276,0.010771542323998478,22.275138514596392,0.7753447270252379,0.013069703031369883,-10.551153803136232,-1.2899912943997218e-5,-0.0,22.80000000000001,0.75,0.013051685948815473,7.434402588356988,1.3418315317739773e-5,0.0,0.0,
2022/04/06 13:30,21.946342806231655,0.6553398696559798,0.01078877606411996,22.286252845990987,0.7750888238431788,0.013074326079427708,-10.429074095533792,-1.2836436436814669e-5,-0.0,22.80000000000001,0.75,0.013051685948815473,7.378212021775198,1.3318939564480224e-5,0.0,0.0,
2022/04/06 13:40,21.96336475657978,0.6556612685185023,0.010805571123199461,22.296628847434135,0.774792593253187,0.013077653547722041,-10.295058392366627,-1.2768280194123351e-5,-0.0,22.80000000000001,0.75,0.013051685948815473,7.323451773633678,1.3222145945795938e-5,0.0,0.0,
2022/04/06 13:50,21.980225402272197,0.6559677309472115,0.01082202957633563,22.306535470746894,0.7744669406169508,0.01308009040253153,-10.154848917431993,-1.2698505821491703e-5,-0.0,22.80000000000001,0.75,0.013051685948815473,7.269789028329569,1.3127342560736665e-5,0.0,0.0,
2022/04/06 14:00,21.99696912612643,0.6562604419192144,0.010838199940124594,22.316112749881086,0.7741195346176665,0.013081881713258291,-10.01295054742343,-1.2629073805202644e-5,-0.0,22.80000000000001,0.75,0.013051685948815473,7.217065597621968,1.3034248327755099e-5,0.0,0.0,
2022/04/06 14:10,22.01273132045685,0.6565193120314682,0.010853160922333816,22.314710104011624,0.7736671636110909,0.013072937101341647,-9.830844980194799,-1.2495397215140726e-5,-0.0,22.769999999999982,0.7500061310154368,0.01302757929439256,7.089685666051537,1.2812197560550478e-5,0.0,0.0,
2022/04/06 14:20,22.0267765326289,0.6567354607645367,0.010866262878235436,22.30702425439017,0.7730760036608576,0.013056502055462306,-9.59897108497728,-1.2332254266825842e-5,-0.0,22.73666666666668,0.7500104212429489,0.013000796269233377,6.959640785015154,1.2585772261595711e-5,0.0,0.0,
2022/04/06 14:30,22.03951893463187,0.6569197189132726,0.010877962011026063,22.297432882117107,0.7723942488035714,0.013036974954737044,-9.337931758260538,-1.2162529499564103e-5,-0.0,22.70333333333332,0.750012044931597,0.012974015503189253,6.834177171064084,1.2367439979038702e-5,0.0,0.0,
2022/04/06 14:40,22.051224105498534,0.6570775349363602,0.01088852566284399,22.28680188811262,0.7716468077908386,0.013015494723405126,-9.059769118948111,-1.199138579947888e-5,-0.0,22.670000000000016,0.7500109898401359,0.012947236995974368,6.7124231548932585,1.2155657810135635e-5,0.0,0.0,
2022/04/06 14:50,22.062062518356754,0.6572117825539644,0.010898114696814674,22.275491659993122,0.7708501594481332,0.01299264231378575,-8.773201795495995,-1.1822105075173514e-5,-0.0,22.636666666666656,0.7500072436808871,0.012920460747302954,6.593854241751387,1.1949499535353949e-5,0.0,0.0,
2022/04/06 15:00,22.072135460336256,0.6573237178581853,0.010906816602639065,22.263683063774977,0.7700161659089747,0.012968772153361084,-8.484787426411913,-1.1656747890009161e-5,-0.0,22.603333333333353,0.7500007941195257,0.012893686756889292,6.47818517075757,1.1748462995583072e-5,0.0,0.0,
2022/04/06 15:10,22.082787743348717,0.6574727020404437,0.010916542938487626,22.27017666620003,0.7694208327753274,0.012963766602184922,-8.157201135816763,-1.1656404553227823e-5,-0.0,22.58499999999998,0.7529860890980402,0.01293137385369182,6.56935116194586,1.1922485156688666e-5,0.0,0.0,
2022/04/06 15:20,22.09533236420532,0.6576904756146533,0.010928722574295072,22.285838228164607,0.7692521153502083,0.012973483710089074,-7.888224100130969,-1.1742339620380554e-5,-0.0,22.568333333333328,0.7563097112557083,0.012976229175525756,6.675890154546096,1.2124659790159026e-5,0.0,0.0,
2022/04/06 15:30,22.109112095104877,0.6579500810206613,0.010942460047429438,22.30277168076259,0.7694093569315642,0.012989850048039686,-7.679561863800473,-1.1857448989803234e-5,-0.0,22.551666666666677,0.7596393908086018,0.013021090835499939,6.777370487926646,1.2317863675746085e-5,0.0,0.0,
2022/04/06 15:40,22.12364386894035,0.6582372523760335,0.010957190286023375,22.319481827921948,0.7698351281754906,0.01301068791791187,-7.514607485612146,-1.1989289612172795e-5,-0.0,22.535000000000025,0.7629751377291961,0.01306595883495785,6.875634581878785,1.250537197054256e-5,0.0,0.0,
2022/04/06 15:50,22.13859246858857,0.6585438279734336,0.010972550070656641,22.335409201442474,0.770488237159863,0.013034847086520881,-7.37974454586265,-1.2129663439859346e-5,-0.0,22.518333333333317,0.7663169620063788,0.013110833175243348,6.971866716797649,1.2689284259098939e-5,0.0,0.0,
2022/04/06 16:00,22.153739959518987,0.6588656878689455,0.010988323077045486,22.350323682030478,0.771336813049897,0.01306159881469969,-7.263959409447694,-1.2273108689583566e-5,-0.0,22.501666666666665,0.7696648736454891,0.013155713857700672,7.066772221849078,1.287084685190478e-5,0.0,0.0,
2022/04/06 16:10,22.16763893016042,0.6591558710040097,0.0110027254447373,22.3465553558284,0.7721530095016815,0.013072650427044502,-7.1493586226444,-1.2285185934884289e-5,-0.0,22.454999999999984,0.7714911259731475,0.013149453323647343,6.999400882366217,1.2762802183197863e-5,0.0,0.0,
2022/04/06 16:20,22.17901277070729,0.6593913225836812,0.011014488943928442,22.33227904374968,0.7727992631469089,0.013072223964480689,-6.973782930080007,-1.2230250405601893e-5,-0.0,22.404999999999973,0.7731515943432815,0.013137510471256168,6.922106382298352,1.2636904177176225e-5,0.0,0.0,
2022/04/06 16:30,22.188484577162228,0.6595943601516296,0.011024411797325152,22.31479854430819,0.7733488468905472,0.013067517188654553,-6.748816102002593,-1.215392208405139e-5,-0.0,22.355000000000018,0.7748159258017709,0.013125568067984613,6.850814767594329,1.2521577597234552e-5,0.0,0.0,
2022/04/06 16:40,22.196495395196848,0.6597769954549316,0.011032995760419327,22.295543508240428,0.7738364921147238,0.013060295918715966,-6.490342404895842,-1.2066350415205083e-5,-0.0,22.305000000000007,0.7764841292951611,0.013113626113807349,6.783890065645664,1.2413918204917039e-5,0.0,0.0,
2022/04/06 16:50,22.203347805806345,0.6599461404979737,0.01104056285962663,22.27510478869442,0.7742836258058182,0.01305141376575577,-6.211167411446468,-1.197440762062773e-5,-0.0,22.254999999999995,0.7781562137869782,0.01310168460869904,6.720282310046741,1.2312066510393316e-5,0.0,0.0,
2022/04/06 17:00,22.20923487444776,0.6601052738863353,0.011047302705608764,22.25378093454583,0.7747047295098163,0.01304136584144191,-5.92172565312012,-1.1882764107290332e-5,-0.0,22.204999999999984,0.7798321882578129,0.013089743552634358,6.659373275624603,1.2214930894351026e-5,0.0,0.0,
2022/04/06 17:10,22.215559532705413,0.6602996097096366,0.011054945550797545,22.24896635621775,0.7753042151695263,0.013047764073792713,-5.6416384482196245,-1.1921769779853025e-5,-0.0,22.185000000000002,0.7829861135758936,0.013127463222833572,6.757438688379125,1.2401525535903768e-5,0.0,0.0,
2022/04/06 17:20,22.223553857692423,0.660551380733508,0.011064716596886804,22.252805393892686,0.7762020274791264,0.01306630851951529,-5.430227850683309,-1.2028660064890365e-5,-0.0,22.16833333333335,0.7863097528091478,0.013170706317391166,6.86657421873042,1.260794717715627e-5,0.0,0.0,
2022/04/06 17:30,22.23259116593664,0.6608389860393952,0.011075821583631297,22.25823114716377,0.7773168847716255,0.013089884374209364,-5.275727844332324,-1.2158989746269344e-5,-0.0,22.151666666666642,0.7896394387750846,0.013213955300821976,6.9713796395660665,1.2806694279911257e-5,0.0,0.0,
2022/04/06 17:40,22.242223239196676,0.6611508795976235,0.011087758568648798,22.26392081272155,0.7786052831138773,0.013116676209182401,-5.16281461196229,-1.230282267612709e-5,-0.0,22.13499999999999,0.7929751814381655,0.01325721017432901,7.073491536691563,1.30006689359468e-5,0.0,0.0,
2022/04/06 17:50,22.252136732356917,0.6614805144238188,0.01110020222993685,22.269371492699975,0.7800374172320277,0.013145765347418115,-5.0791685565724265,-1.245344325705394e-5,-0.0,22.11833333333334,0.7963169907792863,0.013300470939115603,7.173970625605307,1.3191746796745784e-5,0.0,0.0,
2022/04/06 18:00,22.262125111692228,0.6618247180879541,0.011112957339409639,22.274363953423347,0.7815910675906476,0.013176591549491905,-5.014737067045872,-1.2606288579947469e-5,-0.0,22.101666666666688,0.7996648767958044,0.01334373759638542,7.273453450919305,1.3381049187021778e-5,0.0,0.0,
2022/04/06 18:10,22.271116024578077,0.6621731940572697,0.011125109262948326,22.26850231775785,0.7832116668892393,0.013199682225668884,-4.871583823964444,-1.2715096806111222e-5,-0.0,22.04000000000002,0.8044339545861295,0.013373575975261814,7.331120094331709,1.3505629756073461e-5,0.0,0.0,
2022/04/06 18:20,22.278350065116285,0.6625248158411454,0.011136112740700308,22.25575923686904,0.7848978192762838,0.01321822785384588,-4.6667050081748584,-1.2802874311021745e-5,-0.0,21.973333333333358,0.8093876888818481,0.01340192436600637,7.387673139781782,1.362920808871965e-5,0.0,0.0,
2022/04/06 18:30,22.284246021425474,0.6628874114945558,0.01114638758407626,22.240168844818527,0.7866701499080807,0.013235874188069407,-4.430775138530407,-1.2883414592384903e-5,-0.0,21.906666666666638,0.8143701322673418,0.013430275286497671,7.446610144025954,1.375694383561113e-5,0.0,0.0,
2022/04/06 18:40,22.289074718860718,0.6632651549339966,0.011156190189736338,22.222547863686316,0.7885318335693436,0.013253334557313498,-4.174249928724976,-1.2960443768347467e-5,-0.0,21.839999999999975,0.8193814551467808,0.013458628737074343,7.507095127499042,1.3887364305928873e-5,0.0,0.0,
2022/04/06 18:50,22.293021311988866,0.6636601314182914,0.01116568270756771,22.203272452682086,0.7904812765419843,0.013270880101159522,-3.9049354951765736,-1.3036738501326359e-5,-0.0,21.773333333333312,0.8244218289825526,0.013486984718075086,7.568599402003656,1.4019541270149079e-5,0.0,0.0,
2022/04/06 19:00,22.296205269456152,0.6640729494239042,0.011174956982712904,22.182566809383502,0.7925149922425286,0.013288625368847388,-3.629152286715112,-1.3114301942021692e-5,-0.0,21.70666666666665,0.829491426302173,0.013515343229838663,7.630823507787909,1.4152952172861413e-5,0.0,0.0,
2022/04/06 19:10,22.299296819157803,0.6644630061697098,0.011183780625752872,22.16243549891044,0.7944567392424222,0.013305204982428261,-3.573937713180158,-1.3121106335943953e-5,-0.0,21.714999999999975,0.8284939186382302,0.013505765514579068,7.57082592505526,1.4041243039918631e-5,0.0,0.0,
2022/04/06 19:20,22.30241766890913,0.6648001868298548,0.011191721526521512,22.14400782919705,0.7961188186282024,0.013318355582171546,-3.6044056890523284,-1.3087784998231181e-5,-0.0,21.731666666666683,0.8268230175920759,0.013491973077077916,7.4999644299603005,1.390729272004864e-5,0.0,0.0,
2022/04/06 19:30,22.305328347889485,0.6650958908140757,0.01119880840612148,22.127172138572178,0.797536112636539,0.013328600442764717,-3.655298323977832,-1.3043127039611868e-5,-0.0,21.748333333333335,0.8251547680200537,0.013478181238240735,7.431889420693096,1.3778414593099126e-5,0.0,0.0,
2022/04/06 19:40,22.307929158922548,0.6653565486106908,0.011205081608281398,22.1118996760797,0.7987371151156952,0.013336417792034799,-3.7207640857945994,-1.2991922548624443e-5,-0.0,21.764999999999986,0.8234891658029388,0.013464389998028556,7.366469356499465,1.3654344640367028e-5,0.0,0.0,
2022/04/06 19:50,22.3101551774688,0.6655868005247212,0.011210574934798384,22.098128894292472,0.7997453749597238,0.013342170656209362,-3.797898363530408,-1.2936855555265657e-5,-0.0,21.781666666666638,0.8218262068280439,0.0134505993564024,7.303594026578594,1.3534865824514213e-5,0.0,0.0,
2022/04/06 20:00,22.311962220566215,0.6657902168255627,0.011215318299878959,22.085782659909228,0.8005806741086741,0.013346141955133485,-3.884587534461162,-1.2879520734518165e-5,-0.0,21.798333333333346,0.8201658869892754,0.013436809313323294,7.243165895607262,1.3419789065888978e-5,0.0,0.0,
2022/04/06 20:10,22.31450050985393,0.6660515919583985,0.011221564996289493,22.09471261073338,0.8015922933033442,0.013370800969930888,-3.840400947599392,-1.3029144464291184e-5,-0.0,21.80000000000001,0.8245,0.013510762909261585,7.4639240722508475,1.3825424931218126e-5,0.0,0.0,
2022/04/06 20:20,22.319146651592803,0.6664208544039982,0.011231130650055756,22.114531386185263,0.8030465747451719,0.013412120958867632,-3.825556200882829,-1.3286423575077156e-5,-0.0,21.80000000000001,0.8295,0.013594486713578545,7.705716536726186,1.4270661885657377e-5,0.0,0.0,
2022/04/06 20:30,22.32527573253475,0.6668653484624637,0.011243024895969128,22.13649844751427,0.8048354395969425,0.013461040102198332,-3.86658875316698,-1.3576240059271617e-5,-0.0,21.80000000000001,0.8345,0.013678232580775985,7.9399885682937565,1.470245042997367e-5,0.0,0.0,
2022/04/06 20:40,22.33241136469252,0.6673681694842946,0.011256630040307344,22.158883948638106,0.8068954707189839,0.013515062594051032,-3.9460561481166683,-1.3883086626129995e-5,-0.0,21.80000000000001,0.8395,0.013762000519576063,8.168754184229329,1.5124376295466913e-5,0.0,0.0,
2022/04/06 20:50,22.34023427391577,0.6679195847782823,0.011271559863271812,22.18101101777569,0.8091807540059567,0.013572855345119724,-4.049106677939562,-1.4197108101787326e-5,-0.0,21.80000000000001,0.8444999999999999,0.01384579053870554,8.393272681674944,1.553867684631451e-5,0.0,0.0,
2022/04/06 21:00,22.348550766312712,0.6685144640203288,0.011287593921801386,22.20258119113049,0.8116556785564358,0.013633569061370652,-4.163748640860946,-1.4511942722818804e-5,-0.0,21.80000000000001,0.8494999999999999,0.013929602646895769,8.614262843148254,1.5946626765574038e-5,0.0,0.0,
2022/04/06 21:10,22.35558467655602,0.6690702101521132,0.011302070747958944,22.198910255845135,0.8139847236808717,0.013670426720584267,-4.349297697612542,-1.4606619508321253e-5,-0.0,21.785000000000025,0.8500017665647731,0.013924961644303655,8.551929210304479,1.5838153288534013e-5,0.0,0.0,
2022/04/06 21:20,22.359593141573782,0.6695421413284923,0.011312995993583286,22.181727492214748,0.8159406352459694,0.013689348685556307,-4.467446254266747,-1.4585716510801407e-5,-0.0,21.768333333333317,0.8500030004600554,0.013910491793627492,8.469128562305286,1.5691823336621235e-5,0.0,0.0,
2022/04/06 21:30,22.361425720635168,0.6699662581507555,0.01132157750967994,22.161372441362005,0.8176295960820247,0.013700935781301438,-4.511435647794429,-1.4526509317563431e-5,-0.0,21.751666666666665,0.8500034653224862,0.013896022601430956,8.393971785541453,1.5558999762383722e-5,0.0,0.0,
2022/04/06 21:40,22.36171475401636,0.6703616629881305,0.011328583841903748,22.1398517538928,0.8191072816104927,0.013707861369037249,-4.502362818532788,-1.4445845835792067e-5,-0.0,21.735000000000014,0.850003159377359,0.01388155406766909,8.323953038682248,1.5435232530758446e-5,0.0,0.0,
2022/04/06 21:50,22.360901169422334,0.6707393059755916,0.011334510840485238,22.11796836228916,0.820410945281643,0.013711459507601291,-4.457899308544029,-1.4354884692846215e-5,-0.0,21.718333333333362,0.8500020808465771,0.013867086192296964,8.257455603143853,1.5317658371378034e-5,0.0,0.0,
2022/04/06 22:00,22.359271696140468,0.6711047156263168,0.011339653785249452,22.096104148450877,0.8215677807187857,0.013712531760396418,-4.392611260541912,-1.4261093669681032e-5,-0.0,21.701666666666654,0.8500002279486728,0.013852618975269628,8.193516719647732,1.5204577818412975e-5,0.0,0.0,
2022/04/06 22:10,22.35790444199489,0.6714818198831727,0.011345181120085222,22.08555166060171,0.8226775247997452,0.013722438681070516,-4.357917319068179,-1.4239306985396397e-5,-0.0,21.714999999999975,0.850001772273434,0.01386419269622535,8.21323094647596,1.5236802004469998e-5,0.0,0.0,
2022/04/06 22:20,22.357648454235175,0.6718804829892455,0.011351859764106392,22.081688833220255,0.8237915120492978,0.013738123952214187,-4.374579981557645,-1.4255545884846767e-5,-0.0,21.731666666666683,0.8500030055350049,0.013878660439924926,8.238627286504652,1.527878850169834e-5,0.0,0.0,
2022/04/06 22:30,22.35809958450284,0.6722884586743225,0.01135919606964797,22.08005341027132,0.824883803339492,0.013755340912661925,-4.4274005260075455,-1.4286243777306735e-5,-0.0,21.748333333333335,0.8500034658549046,0.013893128842005246,8.261881469439004,1.53170012230756e-5,0.0,0.0,
2022/04/06 22:40,22.35897465406606,0.6726990027455494,0.011366875611708502,22.079771383310913,0.8259459056756404,0.013773202139943458,-4.5068918185114635,-1.4325806822845051e-5,-0.0,21.764999999999986,0.8500031550119128,0.013907597902511257,8.284018677356698,1.5353254705228128e-5,0.0,0.0,
2022/04/06 22:50,22.36007465268449,0.6731083074417509,0.011374693270176178,22.08046911347583,0.8269744763233604,0.013791334122153357,-4.605299797465818,-1.437018283532445e-5,-0.0,21.781666666666638,0.8500020747813859,0.013922067621487896,8.305707704016186,1.5388729371012394e-5,0.0,0.0,
2022/04/06 23:00,22.361268927964602,0.6735146467588046,0.011382527547030442,22.08194521975463,0.8279684832740413,0.013809549182744265,-4.716031903951149,-1.4416452618051289e-5,-0.0,21.798333333333346,0.8500002269353337,0.01393653799898012,8.327344693555688,1.5424121442366532e-5,0.0,0.0,
2022/04/06 23:10,22.3611695971598,0.6738729150613466,0.01138862314089732,22.06670400753734,0.828768546507698,0.013810067071444703,-4.822271521981634,-1.4332126721508867e-5,-0.0,21.785000000000025,0.8485095389195213,0.013899969260586646,8.188237744881917,1.517244268586794e-5,0.0,0.0,
2022/04/06 23:20,22.35854447049263,0.6741610158223461,0.011391728757324474,22.042412374477635,0.8292803436134845,0.01379787919572051,-4.865188318129868,-1.4181646575586348e-5,-0.0,21.768333333333317,0.8468495323414509,0.013857734799395366,8.04040653515699,1.4905040077245092e-5,0.0,0.0,
2022/04/06 23:30,22.35403752426504,0.6744014528384996,0.011392684918888762,22.016195308715623,0.8295720127400646,0.01378030075207173,-4.857376823184154,-1.4010803437527659e-5,-0.0,21.751666666666665,0.8451853724195256,0.0138155059479897,7.899601908331533,1.4650056403397988e-5,0.0,0.0,
2022/04/06 23:40,22.348107570816524,0.6746063902984261,0.011392024776887912,21.989426273268123,0.829680180600532,0.013759154806883445,-4.814510039699372,-1.3829802852296206e-5,-0.0,21.735000000000014,0.8435170515556213,0.01377328270525204,7.764085522286223,1.4404411068404013e-5,0.0,0.0,
2022/04/06 23:50,22.341076343049508,0.6747829037866918,0.011390097680542758,21.962654043581836,0.8296301094613115,0.013735356654509572,-4.748871579840284,-1.3645393365684515e-5,-0.0,21.718333333333362,0.8418445621383858,0.01373106507006508,7.632718321119,1.4166090613825565e-5,0.0,0.0,
2022/04/07 00:00,22.33315882050198,0.6749346800279248,0.011387119546525456,21.936138432263363,0.8294408225807756,0.013709463501650332,-4.670307953635984,-1.3462050588068845e-5,-0.0,21.701666666666654,0.8401678965432438,0.013688853041311809,7.504796305417358,1.3933854546655934e-5,0.0,0.0,
2022/04/07 00:10,22.323695002976933,0.6750179242231954,0.011381873942494592,21.897569327619294,0.8289637484757859,0.013668479731861914,-4.643377531520514,-1.3163543714010287e-5,-0.0,21.685000000000002,0.8355250835283714,0.013597385867521338,7.223671092770246,1.3419719593466575e-5,0.0,0.0,
2022/04/07 00:20,22.31190510861137,0.6750074416181822,0.011373382402694069,21.853001203898145,0.8280865682660604,0.013615783378951748,-4.5908520364946535,-1.2808684611277963e-5,-0.0,21.66833333333335,0.8305425959452379,0.013500473640979947,6.93537566470286,1.2891772456076502e-5,0.0,0.0,
2022/04/07 00:30,22.298251086908067,0.6749229413444462,0.01136231492406301,21.80778541886582,0.8268721550912931,0.013557068050371272,-4.506703287376013,-1.244078214025136e-5,-0.0,21.651666666666642,0.8255491864437768,0.013403590963168763,6.655575422314314,1.2378911875486357e-5,0.0,0.0,
2022/04/07 00:40,22.28307181677917,0.6747747626655107,0.011349093706758072,21.7630005689482,0.8253579420820568,0.01349392364789752,-4.4031779701902005,-1.2068818875911883e-5,-0.0,21.63499999999999,0.8205448357699036,0.01330673782057564,6.382893738991925,1.1878694756342026e-5,0.0,0.0,
2022/04/07 00:50,22.266599929788356,0.6745690142229989,0.01133399326718135,21.719086418881204,0.8235712193537147,0.013427211944739819,-4.28974962883899,-1.1698214702566053e-5,-0.0,21.61833333333334,0.8155295246366215,0.013209914199696676,6.11643551066436,1.1389536208694724e-5,0.0,0.0,
2022/04/07 01:00,22.248987928163842,0.6743091775794576,0.01131718652088723,21.676251429636636,0.8215333400575199,0.013357489702834565,-4.17360004465138,-1.1332229532492308e-5,-0.0,21.601666666666688,0.8105032337239428,0.013113120087036207,5.855636902594597,1.0910440174019239e-5,0.0,0.0,
2022/04/07 01:10,22.23238503029836,0.6740997258987254,0.011301968839174238,21.665324563848515,0.8196461341266313,0.013317055695405615,-3.963661585122509,-1.1246651940874567e-5,-0.0,21.600000000000023,0.8115000000000001,0.01312822009379638,5.954487650067222,1.1088560486026609e-5,0.0,0.0,
2022/04/07 01:20,22.218966983880932,0.673998529284117,0.01129084474365381,21.671861704242588,0.8182135282620439,0.013298711125005039,-3.834691787035354,-1.1308154118887526e-5,-0.0,21.600000000000023,0.8131666666666667,0.013155753245398735,6.080529507668416,1.131699913045453e-5,0.0,0.0,
2022/04/07 01:30,22.20772240708294,0.6739609017920724,0.011282334266919929,21.68274234268017,0.8171224830176937,0.01328962723154163,-3.7964225999780865,-1.1418166349719013e-5,-0.0,21.600000000000023,0.8148333333333333,0.013183288784258586,6.19805745139638,1.1530324685024289e-5,0.0,0.0,
2022/04/07 01:40,22.197912960453777,0.673963586722556,0.011275519578333981,21.69528759096937,0.8163128435056877,0.013286583357910497,-3.8216598693225023,-1.155519964752766e-5,-0.0,21.600000000000023,0.8165000000000001,0.013210826710686428,6.3100640667673815,1.1733854618094613e-5,0.0,0.0,
2022/04/07 01:50,22.189040615226588,0.6739935079035074,0.011269827098412377,21.708370670667193,0.8157427670885536,0.0132879576230726,-3.8878915511514838,-1.1705214438748273e-5,-0.0,21.600000000000023,0.8181666666666667,0.0132383670249928,6.418419509265732,1.1930903976990406e-5,0.0,0.0,
2022/04/07 02:00,22.180798454460273,0.6740442691649122,0.011264931923672455,21.721426859810492,0.8153803316203591,0.013292759397179693,-3.976773188539369,-1.1858919677806269e-5,-0.0,21.600000000000023,0.8198333333333333,0.013265909727488309,6.524183126897469,1.212334496946626e-5,0.0,0.0,
2022/04/07 02:10,22.172574502855014,0.6741029913159315,0.011260186585789004,21.72868066867062,0.8151604323656072,0.013295117542163651,-4.05426278262496,-1.1976631775283058e-5,-0.0,21.58499999999998,0.8214939254070284,0.013280898587840215,6.588526430908132,1.2243718567837839e-5,0.0,0.0,
2022/04/07 02:20,22.163925926402726,0.6741649709227971,0.0112552017757527,21.732275897116892,0.8150438941264991,0.013296160204275374,-4.105402590507765,-1.2073185882419316e-5,-0.0,21.568333333333328,0.823156351715002,0.013294492983585286,6.649103884910119,1.2357532237379173e-5,0.0,0.0,
2022/04/07 02:30,22.155057502409306,0.6742367653390365,0.01125023203348076,21.734356977445316,0.8150323447547356,0.01329769529052659,-4.134808964632839,-1.2159359999335087e-5,-0.0,21.551666666666677,0.8248214232517586,0.013308087961156605,6.70963410754689,1.247122053234729e-5,0.0,0.0,
2022/04/07 02:40,22.146130357272455,0.6743223288727184,0.011245456787439765,21.735329877060167,0.8151204511685188,0.013299971303133032,-4.145662139692945,-1.2237836363590173e-5,-0.0,21.535000000000025,0.8264891441379949,0.013321683520591522,6.769532072874426,1.2583746992642775e-5,0.0,0.0,
2022/04/07 02:50,22.13726975394394,0.6744240331536387,0.011241003282443304,21.735372137173442,0.8153016015515485,0.013303025368945896,-4.141293379208264,-1.2310863414833806e-5,-0.0,21.518333333333317,0.8281595185010046,0.013335279661927395,6.828382899617054,1.2694378942165133e-5,0.0,0.0,
2022/04/07 03:00,22.128566554698637,0.6745429911808009,0.011236953234160333,21.73458845357868,0.8155690508118064,0.013306831569883359,-4.125078796045615,-1.2380258535706419e-5,-0.0,21.501666666666665,0.8298325504746913,0.013348876385201587,6.88592015416225,1.2802648084494792e-5,0.0,0.0,
2022/04/07 03:10,22.12007743608217,0.6746791766507619,0.011233345121307726,21.732994186948474,0.8159154687908468,0.01331127975541501,-4.100302792624575,-1.2446776670901452e-5,-0.0,21.485000000000014,0.8314939430617384,0.013362238931635238,6.941252946338409,1.2906929592120146e-5,0.0,0.0,
2022/04/07 03:20,22.11183420760011,0.6748320531180159,0.011230191439870297,21.730678936652623,0.8163341156916047,0.01331633107690283,-4.069042597345743,-1.2511572865715196e-5,-0.0,21.468333333333362,0.8331563816992202,0.013375575954758748,6.995020847332626,1.3008406335851828e-5,0.0,0.0,
2022/04/07 03:30,22.103856077280966,0.6750009484414585,0.011227493641135667,21.72772070365545,0.8168195787727721,0.013321959059887185,-4.033205885627922,-1.2575389857270723e-5,-0.0,21.451666666666654,0.8348214578793596,0.013388913537814559,7.047304169571817,1.3107230092679253e-5,0.0,0.0,
2022/04/07 03:40,22.096148006935266,0.6751849724135425,0.01122523961074714,21.724171494973803,0.8173667449726458,0.013328120549242877,-3.9943534300647343,-1.2638570955554782e-5,-0.0,21.435000000000002,0.8364891757064971,0.013402251680837932,7.0981424120011525,1.320347421053159e-5,0.0,0.0,
2022/04/07 03:50,22.088704677438614,0.6753831604212289,0.011223408877689186,21.720076075620625,0.8179708606626723,0.01333477231593492,-3.953681878689963,-1.2701290861606258e-5,-0.0,21.41833333333335,0.8381595392915767,0.01341559038386413,7.147602320429087,1.3297259713653e-5,0.0,0.0,
2022/04/07 04:00,22.08151360275764,0.6755945548122193,0.011221976162803656,21.71547460840486,0.8186275297388063,0.013341873246409303,-3.9121009197907597,-1.2763622963201337e-5,-0.0,21.401666666666642,0.8398325527520806,0.013428929646928425,7.195766317604921,1.3388734788152186e-5,0.0,0.0,
2022/04/07 04:10,22.074208792085926,0.6757830835022571,0.011220076547472918,21.703415776480767,0.8192009327760832,0.013341369000707813,-3.949149772928991,-1.274080002169456e-5,-0.0,21.399999999999977,0.8385000000000001,0.01340576410097388,7.126428803971294,1.3259983462079423e-5,0.0,0.0,
2022/04/07 04:20,22.066277600886167,0.6759268077343773,0.011216983029545737,21.687661646738206,0.8195783786354782,0.013334522038376513,-3.988872052649413,-1.2672826690628372e-5,-0.0,21.399999999999977,0.8368333333333333,0.013378544646529211,7.047766248270591,1.3113468571572881e-5,0.0,0.0,
2022/04/07 04:30,22.057891957909533,0.676039282486331,0.01121304555569122,21.671350674160237,0.8197977038789259,0.013324585561920605,-4.012623614123072,-1.25907229798817e-5,-0.0,21.399999999999977,0.8351666666666666,0.013351327524033688,6.971863012075573,1.2971914725343913e-5,0.0,0.0,
2022/04/07 04:40,22.04919309643259,0.676127646071833,0.011208483961830565,21.655121252100912,0.819881388318569,0.013312472245551658,-4.025547422540968,-1.2500754937639411e-5,-0.0,21.399999999999977,0.8335,0.013324112733187643,6.898002319937632,1.2834039194993394e-5,0.0,0.0,
2022/04/07 04:50,22.040273890888386,0.6761961817236539,0.011203435975572554,21.63923051513717,0.8198458035888654,0.013298673748191183,-4.0322924251501036,-1.2406879150399996e-5,-0.0,21.399999999999977,0.8318333333333332,0.013296900273691466,6.8257351103557085,1.2699039390579674e-5,0.0,0.0,
2022/04/07 05:00,22.0311876631705,0.6762473403350981,0.011197980720650029,21.623796966181146,0.8197037480953687,0.013283505471042336,-4.036650469126357,-1.231165649798749e-5,-0.0,21.399999999999977,0.8301666666666665,0.013269690145245597,6.754803399620187,1.2566454290692888e-5,0.0,0.0,
2022/04/07 05:10,22.023548521176224,0.6763741970449,0.01119480869897809,21.63377631665236,0.8198061542060654,0.013293486273578419,-3.9245784452663206,-1.2454314593788653e-5,-0.0,21.399999999999977,0.8345,0.01334044132791411,6.995829822564247,1.3007955732224338e-5,0.0,0.0,
2022/04/07 05:20,22.01909175212137,0.6766290321950806,0.011196004109300238,21.657147789563226,0.820416592156981,0.01332303502760013,-3.863178701315633,-1.2720257700571142e-5,-0.0,21.399999999999977,0.8394999999999999,0.013422096893100944,7.25816995635023,1.348943343370961e-5,0.0,0.0,
2022/04/07 05:30,22.016988237679982,0.6769722340512404,0.011200322381048802,21.68321007843474,0.8214218053057405,0.013361443495276973,-3.8717767809066577,-1.3024068395894054e-5,-0.0,21.399999999999977,0.8444999999999999,0.013503773450146453,7.510396452164741,1.3952884064987345e-5,0.0,0.0,
2022/04/07 05:40,22.016611797199573,0.6773827201887475,0.011206974191687712,21.709828138432727,0.8227552790011592,0.01340586911871154,-3.9290245814402174,-1.3347822138444721e-5,-0.0,21.399999999999977,0.8495,0.013585471007146497,7.755082920561108,1.4402888872572716e-5,0.0,0.0,
2022/04/07 05:50,22.0175296482912,0.677848058880185,0.011215450943301612,21.73615038239535,0.8243680065496943,0.013454812825523826,-4.017038543396438,-1.3679950357183148e-5,-0.0,21.399999999999977,0.8544999999999999,0.0136671895722011,7.993887670179674,1.4842393541505757e-5,0.0,0.0,
2022/04/07 06:00,22.019463664478224,0.6783614826361309,0.011225447066590451,21.761789013125394,0.8262211326901701,0.013507320799418748,-4.121294336296728,-1.4012865628621348e-5,-0.0,21.399999999999977,0.8595,0.013748929153414456,8.227807035384558,1.5273164070486717e-5,0.0,0.0,
2022/04/07 06:10,22.01981381341932,0.6787941678441114,0.011232980603494988,21.750099701661156,0.8278357308143774,0.013524416128327698,-4.356587414524142,-1.4010219867664827e-5,-0.0,21.38499999999999,0.8570173913208851,0.013695468217383249,8.028934708863744,1.4911771594653805e-5,0.0,0.0,
2022/04/07 06:20,22.01595926821659,0.6790758003500434,0.011235036163206645,21.718250623651727,0.8288718154703865,0.013514803270985396,-4.502551620598183,-1.3832035139758574e-5,-0.0,21.36833333333334,0.8536962002141235,0.013626997732219063,7.798984715861025,1.4492618135844942e-5,0.0,0.0,
2022/04/07 06:30,22.009114854050836,0.6792619144935316,0.01123339586574803,21.681683891985244,0.8294761958603052,0.0134940140604924,-4.542117688297368,-1.3596795260040051e-5,-0.0,21.351666666666688,0.8503674366167384,0.013558541995319298,7.581133142601857,1.4094941918773871e-5,0.0,0.0,
2022/04/07 06:40,22.000185799929966,0.6793819976547332,0.01122918971971818,21.643461397002056,0.8297259907659398,0.013465968226813686,-4.506418543175528,-1.3329817272839357e-5,-0.0,21.33499999999998,0.8470310870002778,0.013490101001919389,7.371695583338806,1.3712188497296758e-5,0.0,0.0,
2022/04/07 06:50,21.98979646532098,0.6794531661447896,0.011223143928429912,21.604837480051913,0.8296728855273496,0.013432624097842362,-4.421524910367225,-1.3047749437066866e-5,-0.0,21.318333333333328,0.8436871378129662,0.013421674747256834,7.168304238457949,1.3340155837209921e-5,0.0,0.0,
2022/04/07 07:00,21.97834553841045,0.6794843433618718,0.011215689190784493,21.56642775461131,0.8293546862620024,0.013395160196719347,-4.308847258589026,-1.2761695069588654e-5,-0.0,21.301666666666677,0.8403355754796981,0.013353263226571172,6.969554799747584,1.297635862192734e-5,0.0,0.0,
2022/04/07 07:10,21.96780097080267,0.6795344695549852,0.011209187966502105,21.551159391211684,0.8289940622441115,0.013376435043746209,-4.21646971373832,-1.2640447266971395e-5,-0.0,21.329999999999984,0.8384913505255206,0.01334699486249751,6.97031403987603,1.2967566047604744e-5,0.0,0.0,
2022/04/07 07:20,21.959827802885286,0.6796314410163817,0.01120526567252186,21.549414040908005,0.8287294375731228,0.013370614158887607,-4.215155386212359,-1.2605324310064154e-5,-0.0,21.363333333333344,0.8368186659606066,0.013347630394604692,6.985174820438942,1.2983979582109351e-5,0.0,0.0,
2022/04/07 07:30,21.953605745501818,0.6797477278867597,0.011202886779488865,21.551930882737167,0.8285002542519974,0.013368940686850041,-4.286415766188726,-1.2600576049746459e-5,-0.0,21.396666666666647,0.8351497539805274,0.013348265927983312,6.995003350218667,1.299155576353144e-5,0.0,0.0,
2022/04/07 07:40,21.94854896706795,0.6798685987142287,0.011201395554227401,21.556867048771437,0.8282811816459592,0.013369455130466867,-4.410391231675703,-1.2613678789212206e-5,-0.0,21.430000000000007,0.8334846051657026,0.013348901462633374,7.001937645592989,1.2994085453546289e-5,0.0,0.0,
2022/04/07 07:50,21.944248002777556,0.6799858074396495,0.011200368509562903,21.563440345952074,0.8280580826523075,0.01337127056296635,-4.570754709397421,-1.2635928222410366e-5,-0.0,21.46333333333331,0.8318232101222379,0.013349536998554876,7.0073584854367255,1.2994010005977158e-5,0.0,0.0,
2022/04/07 08:00,21.940435885044735,0.6800955814696452,0.011199556606972094,21.571239895180554,0.8278223158468669,0.01337390112687055,-4.7538070357950355,-1.266123981003376e-5,-0.0,21.49666666666667,0.8301655594817958,0.013350172535747828,7.012077859233386,1.299275922799185e-5,0.0,0.0,
2022/04/07 08:10,21.937880023179105,0.6802051501709845,0.01119961499458335,21.589905411986308,0.8275948432353916,0.013385756439867525,-5.041120109383996,-1.2726313413752331e-5,-0.0,21.57499999999999,0.8269646261747569,0.013362887702848955,7.053345257118053,1.3046759559436882e-5,0.0,0.0,
2022/04/07 08:20,21.937164237132777,0.6803157494103592,0.011200970708426235,21.615532020710987,0.8273590795256421,0.01340331190907582,-5.401134511184296,-1.2805951264753975e-5,-0.0,21.65833333333336,0.8236067327280606,0.013376945641931561,7.094760830756513,1.3100069182063324e-5,0.0,0.0,
2022/04/07 08:30,21.937813278670376,0.6804221333498156,0.011203205528952468,21.644104794881116,0.8270874978801592,0.01342276259944614,-5.7947768979022385,-1.288601418474123e-5,-0.0,21.741666666666674,0.8202642836282878,0.01339100420311542,7.133312107611118,1.3148395909899987e-5,0.0,0.0,
2022/04/07 08:40,21.939549298254974,0.6805228578987321,0.011206102367159947,21.67475704035695,0.8267683422017474,0.013443191470852095,-6.206891657749339,-1.2962837740835204e-5,-0.0,21.82499999999999,0.8169372008787973,0.013405063386441827,7.169706905965995,1.319297620942473e-5,0.0,0.0,
2022/04/07 08:50,21.94220641247057,0.6806182891572858,0.011209552376472524,21.707085339878518,0.8263952275793602,0.013464155304362287,-6.627083472576488,-1.3034273542212579e-5,-0.0,21.90833333333336,0.813625406905379,0.01341912319195208,7.204300119944037,1.3234424135650445e-5,0.0,0.0,
2022/04/07 09:00,21.945696225954748,0.6807097810061443,0.011213517201711052,21.740857233144936,0.8259645499696987,0.01348539841354167,-7.047807046179742,-1.3099164505522585e-5,-0.0,21.991666666666674,0.8103288245539042,0.013433183619687483,7.237216806646529,1.3272949450860046e-5,0.0,0.0,
2022/04/07 09:10,21.94822873839297,0.6807277792288171,0.011215583398851817,21.75156809720852,0.8252192140844133,0.013481979481212422,-7.486009492327526,-1.2959848301252198e-5,-0.0,22.045000000000016,0.8039212212499781,0.013369031709306178,7.021312832615195,1.2862792260205221e-5,0.0,0.0,
2022/04/07 09:20,21.94812261024174,0.6806368616720028,0.01121398451376276,21.75020571471572,0.8239857080122746,0.01346024598105327,-7.835767435690287,-1.2714617306448577e-5,-0.0,22.095000000000027,0.7971998474009733,0.013296205364613334,6.789075878645917,1.2423120830783678e-5,0.0,0.0,
2022/04/07 09:30,21.9462857934368,0.680471874362307,0.011209938032279829,21.74694175483603,0.8223571802463954,0.013430331396402038,-8.104615905310766,-1.2434217073180174e-5,-0.0,22.144999999999982,0.7905128653846812,0.013223395712797785,6.564873733684863,1.1997957476085383e-5,0.0,0.0,
2022/04/07 09:40,21.943376223302664,0.6802514375441884,0.011204215837950287,21.7437977183842,0.8203830949647593,0.013394767649245302,-8.315076635041125,-1.2134425140991706e-5,-0.0,22.194999999999993,0.7838601099041241,0.0131506027481208,6.346189654643467,1.1582832201551294e-5,0.0,0.0,
2022/04/07 09:50,21.939853167142132,0.6799862663974087,0.011197318681020361,21.741608588036797,0.8180973248826621,0.013354820122002236,-8.485183766418913,-1.1825626450778815e-5,-0.0,22.245000000000005,0.7772414164662853,0.013077826464846292,6.131390927894472,1.1174852582549155e-5,0.0,0.0,
2022/04/07 10:00,21.93601988508493,0.6796818408185644,0.011189550507989152,21.74078859071784,0.8155253174055994,0.013311254048897192,-8.629462383081545,-1.1514709173579961e-5,-0.0,22.295000000000016,0.7706566213780184,0.01300506685724079,5.919486517943824,1.0772268500683206e-5,0.0,0.0,
2022/04/07 10:10,21.93243946129803,0.6793621147874728,0.011181704755540835,21.74744246620037,0.8127700321137717,0.013270833103720276,-8.730960686472145,-1.1261885562477257e-5,-0.0,22.345000000000027,0.7654440495773395,0.012955449386575684,5.783289935127868,1.0508685533347579e-5,0.0,0.0,
2022/04/07 10:20,21.92962944898568,0.6790396961819355,0.011174351738831459,21.75882422710356,0.8099137260993042,0.013232600805124268,-8.835744695230687,-1.1041923671914416e-5,-0.0,22.394999999999982,0.7604051914847487,0.012908408868040207,5.653888934642282,1.0257834257352958e-5,0.0,0.0,
2022/04/07 10:30,21.927455035683067,0.6787047213630302,0.011167231703221973,21.772450044116283,0.8069463534933122,0.013194305706673841,-8.952376946428444,-1.0835282097809593e-5,-0.0,22.444999999999993,0.7553907580737917,0.012861375318958932,5.523751023751174,1.0005874409414352e-5,0.0,0.0,
2022/04/07 10:40,21.92580297072584,0.6783515484800706,0.011160170902155044,21.78782333932412,0.8038671253838828,0.013155506021951494,-9.077973728761322,-1.063765900774111e-5,-0.0,22.495000000000005,0.7504006348947969,0.012814348737783088,5.393442697620685,9.753819973141266e-6,0.0,0.0,
2022/04/07 10:50,21.92459227929112,0.6779766984285439,0.011153054394559509,21.804727940653834,0.8006778861005852,0.013116037614275313,-9.209277988403528,-1.0445888989636463e-5,-0.0,22.545000000000016,0.7454347080462203,0.012767329122964376,5.263338716276849,9.502340332155095e-6,0.0,0.0,
2022/04/07 11:00,21.923773104686575,0.677578271111431,0.011145815358730432,21.823042962842067,0.7973816319896108,0.013075834922636908,-9.343081770061874,-1.0257605395801288e-5,-0.0,22.595000000000027,0.7404928641718604,0.012720316472954954,5.133656946676638,9.251823929155354e-6,0.0,0.0,
2022/04/07 11:10,21.925451079322727,0.6772936875274234,0.011142211723048074,21.87758012371262,0.7945504556995904,0.0130728118682086,-9.267591984122987,-1.0421537706548648e-5,-0.0,22.629999999999995,0.744552736046055,0.012819262209031328,5.468018916922119,9.855638754698677e-6,0.0,0.0,
2022/04/07 11:20,21.93205109659698,0.6772016169558394,0.01114523876797159,21.950438133987916,0.7926417119858034,0.013100095249321524,-9.242665258487932,-1.0767465913878911e-5,-0.0,22.663333333333355,0.7495893958798311,0.012934464826042994,5.8337670892765345,1.0518240587213478e-5,0.0,0.0,
2022/04/07 11:30,21.94246061949201,0.677242933675951,0.011153140743165065,22.026207160500235,0.7914776128941319,0.013142331262339766,-9.306787157238434,-1.1167942371957655e-5,-0.0,22.69666666666666,0.7546030445847901,0.013049709262995035,6.183756917484288,1.1152622734350364e-5,0.0,0.0,
2022/04/07 11:40,21.955836233968682,0.677386115626061,0.011164813341656254,22.101735000892177,0.7909476335633566,0.013195246183891474,-9.429925782716282,-1.1596331578700261e-5,-0.0,22.730000000000018,0.7595937637764141,0.01316499554266331,6.521589065928083,1.176520847040307e-5,0.0,0.0,
2022/04/07 11:50,21.971603847084054,0.677612331230642,0.011179551973433493,22.175761081224834,0.7909658771717917,0.013256482537697024,-9.587149584777423,-1.2035674179800293e-5,-0.0,22.76333333333332,0.7645616347915043,0.013280323687840205,6.84956092289417,1.2360089574104275e-5,0.0,0.0,
2022/04/07 12:00,21.989401597382994,0.6779109478151583,0.011196936556175676,22.24773026970638,0.791461074790411,0.013324472390791943,-9.758670585087543,-1.2474996978247847e-5,-0.0,22.79666666666668,0.7695067386891811,0.013395693721334673,7.169042240107956,1.2939702866766165e-5,0.0,0.0,
2022/04/07 12:10,22.007741065370794,0.6782026232129021,0.01121460512001584,22.29749980844042,0.7920679556123308,0.01337623740062317,-10.02397601680059,-1.2716929472594633e-5,-0.0,22.829999999999984,0.7700063147215538,0.01343227604107456,7.230710493934566,1.3047436093678962e-5,0.0,0.0,
2022/04/07 12:20,22.02512153699314,0.6784433197928679,0.011230770254008692,22.335126576506013,0.7925164525730121,0.013415314780699227,-10.241713641134426,-1.285105848075856e-5,-0.0,22.863333333333344,0.7700107008135728,0.013460103924886236,7.268736860562058,1.3111676671186725e-5,0.0,0.0,
2022/04/07 12:30,22.04215184673751,0.6786638014802671,0.011246370512321987,22.369226578624364,0.7928788143836444,0.01345005424758071,-10.393089208237711,-1.294514296739659e-5,-0.0,22.896666666666647,0.7700123303980345,0.013487934246172565,7.308612950310135,1.3179207403209262e-5,0.0,0.0,
2022/04/07 12:40,22.059297639109218,0.6788801202698828,0.01126200048058277,22.401538873970424,0.793186613113146,0.01348243004846679,-10.494187395835866,-1.3013727659388327e-5,-0.0,22.930000000000007,0.7700112160416619,0.013515767005253804,7.348400119273265,1.3246576252926224e-5,0.0,0.0,
2022/04/07 12:50,22.076874602403223,0.6791012362081227,0.011278032733882138,22.432800598938456,0.793457931372693,0.013513359927816207,-10.559608375020844,-1.3066748313406967e-5,-0.0,22.96333333333331,0.770007370263735,0.013543602202450284,7.386883588342471,1.331162650584561e-5,0.0,0.0,
2022/04/07 13:00,22.09507197233802,0.6793313003704902,0.011294671668252581,22.463395592794654,0.7937040910261325,0.013543354893734252,-10.601934385559844,-1.311110540674341e-5,-0.0,22.99666666666667,0.7700008055362191,0.013571439838082377,7.423396925809584,1.3373179528599014e-5,0.0,0.0,
2022/04/07 13:10,22.113081812580674,0.6795646156136314,0.011311255955591931,22.483987633459606,0.7939076514173736,0.013564238548351192,-10.537361801215752,-1.3113988247608561e-5,-0.0,22.985000000000014,0.7714938685415751,0.01358852056700084,7.425015572337543,1.338315857780741e-5,0.0,0.0,
2022/04/07 13:20,22.130290957961734,0.6798007681174795,0.011327347304918866,22.498368842785908,0.7940935088718659,0.013579604258313609,-10.398931368655441,-1.3099370090496094e-5,-0.0,22.968333333333362,0.7731562551573787,0.013604406689417495,7.424346430509331,1.3390167143888159e-5,0.0,0.0,
2022/04/07 13:30,22.147114328737302,0.6800444173408196,0.011343314806617462,22.51035210389108,0.794291909033974,0.013593181122093687,-10.225300523362648,-1.3080583461864803e-5,-0.0,22.951666666666654,0.774821311765317,0.013620293605980629,7.424083682876471,1.3397854515659438e-5,0.0,0.0,
2022/04/07 13:40,22.163779725384245,0.6802966251933558,0.011359336406781965,22.5207401277533,0.7945152534178878,0.013605859057152558,-10.030825585839693,-1.306138650073995e-5,-0.0,22.935000000000002,0.7764890425225981,0.01363618131674979,7.423647136837872,1.3405208347800395e-5,0.0,0.0,
2022/04/07 13:50,22.18041167045118,0.6805567110379687,0.011375488432390281,22.529903471588057,0.7947699020210209,0.013618060051900856,-9.825260127523167,-1.3044065377537659e-5,-0.0,22.91833333333335,0.778159451593068,0.013652069821784544,7.422787928666139,1.3411800759310908e-5,0.0,0.0,
2022/04/07 14:00,22.197064243320426,0.6808230393781706,0.011391781582220442,22.53805571358339,0.7950591266278754,0.013630020494555781,-9.615647037783221,-1.3029931865304727e-5,-0.0,22.901666666666642,0.7798325431472122,0.013667959121144446,7.421471175217448,1.3417580345763386e-5,0.0,0.0,
2022/04/07 14:10,22.21417166415165,0.6811180382815585,0.011408906046366966,22.551988402295933,0.7954848433499977,0.013649278550354485,-9.376122301517855,-1.3083325414501176e-5,-0.0,22.88499999999999,0.7829861783808554,0.013710296186714982,7.50367679912938,1.3576312321044224e-5,0.0,0.0,
2022/04/07 14:20,22.232173888169484,0.6814533704304009,0.011427375707670537,22.56842684979142,0.7961195473419435,0.013674353625862666,-9.153896727664803,-1.3173370761051634e-5,-0.0,22.86833333333334,0.7863098629152135,0.013755577971921689,7.5910976620853035,1.3744818202493546e-5,0.0,0.0,
2022/04/07 14:30,22.250809025382182,0.6818164545185665,0.011446794869727314,22.58459858488243,0.7969248173100947,0.013702235621814569,-8.955577475915106,-1.327674887058564e-5,-0.0,22.851666666666688,0.789639565982294,0.013800866208451106,7.675443714730591,1.3907875886181971e-5,0.0,0.0,
2022/04/07 14:40,22.269863891894943,0.6822000520279085,0.01146689194405194,22.600021369354693,0.797877088582257,0.01373210738299874,-8.776338268156678,-1.3388164357011238e-5,-0.0,22.83499999999998,0.7929752974531968,0.013846160897682015,7.757600475138133,1.4067061447587483e-5,0.0,0.0,
2022/04/07 14:50,22.289175641798977,0.6825996240655992,0.011487475971870663,22.61454234932421,0.7989585154226926,0.013763528146662296,-8.611846223963655,-1.3504052849830108e-5,-0.0,22.818333333333328,0.7963170672152113,0.013891462040993596,7.8381905684100275,1.422347993315366e-5,0.0,0.0,
2022/04/07 15:00,22.308623976662147,0.6830124888956302,0.011508417105421437,22.62812151728764,0.8001546291489287,0.01379621027348242,-8.45839159512309,-1.3621986235103096e-5,-0.0,22.801666666666677,0.7996648851718672,0.013936769639765414,7.9176373673474245,1.4377880445866172e-5,0.0,0.0,
2022/04/07 15:10,22.32768402224599,0.6834122343846123,0.011528887895449794,22.633959478406553,0.8013528680428931,0.01382233546466747,-8.34440011929928,-1.3675117371092536e-5,-0.0,22.785000000000025,0.8014939231501073,0.013954937692100993,7.910129296857349,1.437306989606419e-5,0.0,0.0,
2022/04/07 15:20,22.345819406360988,0.683784161031277,0.011548249471531956,22.635526310860655,0.8024717839488213,0.013843410728725304,-8.223004259336903,-1.3694193575986569e-5,-0.0,22.768333333333317,0.8031563479040725,0.013970090530672554,7.89640671872553,1.4356704394907538e-5,0.0,0.0,
2022/04/07 15:30,22.36321093821323,0.6841389850579053,0.01156681121202034,22.63576279241795,0.8035411735358472,0.013862473295160174,-8.088204811610353,-1.3702444929354087e-5,-0.0,22.751666666666665,0.8048214188762529,0.013985244091351845,7.885294356978193,1.4344974104134537e-5,0.0,0.0,
2022/04/07 15:40,22.379992311541343,0.684482508589923,0.011584765742637889,22.63526037334219,0.8045761063273932,0.013880293353674168,-7.945204556880299,-1.370479584603233e-5,-0.0,22.735000000000014,0.806489140172381,0.01400039837419048,7.876164156095456,1.4336757487800166e-5,0.0,0.0,
2022/04/07 15:50,22.39625075528238,0.684818222254852,0.011602233491899651,22.634266955278463,0.8055863442756056,0.013897254306054653,-7.798429980150559,-1.3704513187538823e-5,-0.0,22.718333333333362,0.8081595159046923,0.014015553379240092,7.868623459373566,1.4331354069357406e-5,0.0,0.0,
2022/04/07 16:00,22.412036167915232,0.6851480829875551,0.01161928219488455,22.63290851462466,0.8065787795110086,0.013913584892911692,-7.651502374258144,-1.3703800083576544e-5,-0.0,22.701666666666654,0.8098325501919719,0.014030709106552302,7.8624514169255235,1.4328369800232458e-5,0.0,0.0,
2022/04/07 16:10,22.426347615414272,0.6854892442322883,0.01163548545122773,22.622852752285212,0.8076271862070992,0.013923382885231036,-7.316627491863984,-1.3712942322436522e-5,-0.0,22.610000000000014,0.8158762113579662,0.014057590196406395,7.897266466393148,1.4421400153876007e-5,0.0,0.0,
2022/04/07 16:20,22.438643830293188,0.685858088598146,0.011650732612485962,22.606472166307526,0.8088449407520363,0.013930676177294455,-6.888778064114831,-1.3734143320758027e-5,-0.0,22.50999999999999,0.8224559788137219,0.014085776433164103,7.939454289711193,1.4529961844020334e-5,0.0,0.0,
2022/04/07 16:30,22.449391631057438,0.6862530734596913,0.011665329947469513,22.586787252389456,0.8102365450450617,0.013938137976163122,-6.431537586302626,-1.3762230865792957e-5,-0.0,22.410000000000025,0.8290894973902722,0.014113965168120596,7.98376901534516,1.4642196632284578e-5,0.0,0.0,
2022/04/07 16:40,22.458843686388946,0.6866725846221958,0.01167942918574699,22.564440477156154,0.8117955595401514,0.01394619487612758,-5.958346955068806,-1.3797330840715418e-5,-0.0,22.310000000000002,0.8357772283114031,0.014142156401608017,8.029715930496877,1.4757256024627762e-5,0.0,0.0,
2022/04/07 16:50,22.46715739835639,0.6871146196219724,0.0116931071228731,22.53976389609045,0.8135130628958057,0.013954961291162856,-5.477722910226817,-1.3839637066088785e-5,-0.0,22.20999999999998,0.8425196369914696,0.014170350133958579,8.077044644536727,1.4874717200183459e-5,0.0,0.0,
2022/04/07 17:00,22.474426251227897,0.6875769737218422,0.011706391139667626,22.51298198233934,0.8153794750637517,0.013964447028692161,-4.995820703543927,-1.3889213838524157e-5,-0.0,22.110000000000014,0.849317193075757,0.014198546365504532,8.125665883453394,1.4994437726933448e-5,0.0,0.0,
2022/04/07 17:10,22.481749085820297,0.6880277073459584,0.011719522338797077,22.491484524098382,0.8172667451645105,0.013978813522532822,-4.758840875426245,-1.3908241187036786e-5,-0.0,22.100000000000023,0.85,0.01420136612612767,8.092045463982004,1.4937463090940103e-5,0.0,0.0,
2022/04/07 17:20,22.489605415166977,0.6884397715563219,0.011732379228586087,22.473984639122136,0.8190121370498435,0.013994113668894737,-4.63922095623218,-1.3907462362655443e-5,-0.0,22.100000000000023,0.85,0.01420136612612767,8.050125606966958,1.4862512390647484e-5,0.0,0.0,
2022/04/07 17:30,22.497520172761313,0.6888180474208658,0.011744701353307288,22.458196123099185,0.8206210877512865,0.014008472438174595,-4.561673085776192,-1.3902744582453863e-5,-0.0,22.100000000000023,0.85,0.01420136612612767,8.009949350118859,1.4790774320973618e-5,0.0,0.0,
2022/04/07 17:40,22.505235120648877,0.6891656657889947,0.011756354395536852,22.44369843430684,0.8221047901638259,0.014021730311545563,-4.514271177974365,-1.3895597481541102e-5,-0.0,22.100000000000023,0.85,0.01420136612612767,7.971954635062275,1.4722989736402534e-5,0.0,0.0,
2022/04/07 17:50,22.51257696014852,0.6894856072356764,0.011767262724100806,22.43029069293118,0.8234744599501265,0.014033916667427452,-4.489660394030466,-1.3886559670020642e-5,-0.0,22.100000000000023,0.85,0.01420136612612767,7.936388057050181,1.4659568797509577e-5,0.0,0.0,
2022/04/07 18:00,22.51943026557609,0.6897808435196753,0.011777392472015709,22.417842565783303,0.8247404801438262,0.014045105996750249,-4.482320472874904,-1.3875837238091427e-5,-0.0,22.100000000000023,0.85,0.01420136612612767,7.903360039297695,1.4600685785641385e-5,0.0,0.0,
2022/04/07 18:10,22.524710182118326,0.6900563898818801,0.011786037943413753,22.396598738912644,0.8259236086080164,0.01404714191627718,-4.348886446942971,-1.3841911086111682e-5,-0.0,22.04000000000002,0.8529664239938245,0.014198838325245345,7.866929612961712,1.4552440386345736e-5,0.0,0.0,
2022/04/07 18:20,22.52773246983452,0.6903217456829595,0.011792862200236526,22.369833781989314,0.8270857288151032,0.014043957259345019,-4.141246443674618,-1.3800163563620229e-5,-0.0,21.973333333333358,0.8562762563821715,0.014196029681157364,7.835521563624297,1.4514777250365445e-5,0.0,0.0,
2022/04/07 18:30,22.528959731451494,0.6905829190304904,0.011798304779825184,22.341142272003196,0.8282513566855398,0.014039118282858523,-3.9050303349836217,-1.3756931490575478e-5,-0.0,21.906666666666638,0.8596006899501235,0.014193221061868065,7.80861855031003,1.4484941754300051e-5,0.0,0.0,
2022/04/07 18:40,22.528678314406648,0.6908434176649269,0.011802634124588499,22.311199950905575,0.8294305096035981,0.014033388813061513,-3.6512798280170955,-1.3714817488430718e-5,-0.0,21.839999999999975,0.862939796277394,0.014190412467377126,7.785345317216525,1.4461397938902949e-5,0.0,0.0,
2022/04/07 18:50,22.527088116659286,0.6911051016246622,0.011806027462730621,22.2802900671594,0.8306286881108654,0.014027110560909122,-3.387328228693605,-1.3675756002604244e-5,-0.0,21.773333333333312,0.8662936473278099,0.01418760389768421,7.76512401222476,1.4443134418172147e-5,0.0,0.0,
2022/04/07 19:00,22.52432739000301,0.6913686763684366,0.011808597256421343,22.24856245806916,0.8318491841073831,0.01402046985635378,-3.118704409848761,-1.364107844014073e-5,-0.0,21.70666666666665,0.8696623154515385,0.014184795352788993,7.747587952711683,1.4429512179138179e-5,0.0,0.0,
2022/04/07 19:10,22.5214458784709,0.6916437045332947,0.011811276815920398,22.22640724564178,0.8331254336779769,0.014023109578732398,-2.940024197546336,-1.3657141090898213e-5,-0.0,21.685000000000002,0.8714940327167578,0.014196106607119044,7.7757315721289615,1.4486823704150145e-5,0.0,0.0,
2022/04/07 19:20,22.519200722028074,0.6919310822229578,0.01181463534923524,22.209886803870518,0.8344486073151355,0.014031442181621787,-2.8325292758626124,-1.3698654044701556e-5,-0.0,21.66833333333335,0.8731565339794791,0.014208987221986234,7.806778295224831,1.4548200103695871e-5,0.0,0.0,
2022/04/07 19:30,22.51717147196149,0.6922228882313652,0.01181822776025532,22.194986748315102,0.8357924909596546,0.014041514662727662,-2.76391727590692,-1.3750339995193763e-5,-0.0,21.651666666666642,0.8748216337568083,0.014221868358433476,7.837064161257786,1.4608243004050658e-5,0.0,0.0,
2022/04/07 19:40,22.51509535742008,0.6925152251834141,0.011821794055697936,22.180930089972776,0.8371465790513323,0.01405246926573472,-2.7228908542520003,-1.380791366115599e-5,-0.0,21.63499999999999,0.8764893360601181,0.014234750016492449,7.867436877780392,1.4668442815271351e-5,0.0,0.0,
2022/04/07 19:50,22.512799199485926,0.6928064269313204,0.011825178429308691,22.16738880620079,0.8385052794396035,0.014063924286019306,-2.701293519205024,-1.3868337269972147e-5,-0.0,21.61833333333334,0.8781596449071795,0.014247632196194834,7.898404450797443,1.4729688920281784e-5,0.0,0.0,
2022/04/07 20:00,22.510176296001475,0.6930963371574866,0.011828299878265232,22.154190464339592,0.8398653715668108,0.014075674422137118,-2.692710321676941,-1.3929510269347445e-5,-0.0,21.601666666666688,0.8798325643221501,0.014260514897572326,7.930230989912843,1.4792439701963672e-5,0.0,0.0,
2022/04/07 20:10,22.50657036312589,0.6933965219255044,0.011830878556394746,22.13654868423845,0.8412646579333574,0.01408416668551265,-2.576439062507348,-1.3998092842878773e-5,-0.0,21.54000000000002,0.8844364766335583,0.014281611814310877,7.9906096606025585,1.4920501087760274e-5,0.0,0.0,
2022/04/07 20:20,22.501648670872044,0.6937184697519836,0.011832869718882996,22.115697346625836,0.8427627612685883,0.014091493264239486,-2.4070855007539653,-1.4073276906556825e-5,-0.0,21.473333333333358,0.8893919820874793,0.014303622836389066,8.0558843627457,1.5058752881071577e-5,0.0,0.0,
2022/04/07 20:30,22.49568479813462,0.6940620381111587,0.0118344704340748,22.09327575239564,0.8443595027030028,0.014099079685169873,-2.2203962242531365,-1.4150668647617713e-5,-0.0,21.406666666666638,0.8943751017198096,0.014325635381383657,8.122437082788338,1.5199165246152348e-5,0.0,0.0,
2022/04/07 20:40,22.48884137510396,0.694427213624755,0.011835798845010074,22.069602543131452,0.8460499943374562,0.014107113184873388,-2.022549407190013,-1.4230183608060221e-5,-0.0,21.339999999999975,0.899385996008913,0.014347649449452717,8.189882616158684,1.5341071316300902e-5,0.0,0.0,
2022/04/07 20:50,22.481233869873904,0.6948136704219777,0.011836933154295673,22.044830774942454,0.8478285781781474,0.014115622952078273,-1.817529535491076,-1.4312036664525458e-5,-0.0,21.273333333333312,0.9044248264169997,0.014369665040754322,8.257965983968461,1.5484031558014424e-5,0.0,0.0,
2022/04/07 21:00,22.472944105352042,0.6952207938859736,0.01183792191883647,22.01905974886705,0.8496895871315752,0.014124591251258084,-1.608414349808527,-1.439647249902243e-5,-0.0,21.20666666666665,0.9094917553964985,0.014391682155446582,8.326528867066372,1.5627775498255515e-5,0.0,0.0,
2022/04/07 21:10,22.463765513265116,0.6956027446030519,0.011837817966375367,21.98512873006979,0.8514787272007052,0.014125078890130744,-1.5219403086200602,-1.4379139622546932e-5,-0.0,21.170000000000016,0.910007631994545,0.014366914744348022,8.246113721838128,1.548832656645614e-5,0.0,0.0,
2022/04/07 21:20,22.453226114520135,0.6959303821832079,0.011835770843557506,21.94711883094783,0.8530623107650885,0.01411842053159013,-1.4537596425117272,-1.4307869657510864e-5,-0.0,21.136666666666656,0.9100129727707597,0.014336951640266474,8.155093734717184,1.5327969625299103e-5,0.0,0.0,
2022/04/07 21:30,22.4415093599398,0.6962203976917126,0.011832206187661214,21.908341444329096,0.8544802926752042,0.01410823353438705,-1.3726513655564079,-1.4221388535347096e-5,-0.0,21.103333333333353,0.9100149942637884,0.014306991357655738,8.069030859804343,1.5176377866732795e-5,0.0,0.0,
2022/04/07 21:40,22.42878515500314,0.6964816727599303,0.011827404166573761,21.86947105399537,0.8557572181162525,0.014095546247397468,-1.2834007248608261,-1.4127400012419327e-5,-0.0,21.069999999999993,0.9100136810608624,0.014277033896117298,7.987011609102183,1.503191901070178e-5,0.0,0.0,
2022/04/07 21:50,22.41517298476117,0.696719656078941,0.011821548384025512,21.830777332843184,0.8569112523091577,0.01408091865840943,-1.1907438250688076,-1.403066117213216e-5,-0.0,21.03666666666669,0.9100090176900772,0.014247079255252728,7.908437341809076,1.4893525605332567e-5,0.0,0.0,
2022/04/07 22:00,22.400749484269625,0.6969376130998073,0.011814753159323173,21.792382636067657,0.8579567328960277,0.014064713385701916,-1.0986228953879618,-1.393417747700276e-5,-0.0,21.00333333333333,0.9100009886201683,0.014217127434663673,7.8329353188123605,1.4760533888650914e-5,0.0,0.0,
2022/04/07 22:10,22.386480285199866,0.6971600265269999,0.011808149393797256,21.765585126724204,0.8589748722194844,0.01405822318414519,-1.0501674971908415,-1.3912386997561884e-5,-0.0,21.0,0.91,0.014214132407704584,7.844701601886982,1.477957519229542e-5,0.0,0.0,
2022/04/07 22:20,22.373159785565576,0.6973980481065807,0.01180251010550235,21.745725511118792,0.8600078518384314,0.014058053409304236,-1.061316253173459,-1.3928767349495858e-5,-0.0,21.0,0.91,0.014214132407704584,7.863088487274581,1.4810098550390683e-5,0.0,0.0,
2022/04/07 22:30,22.36034897324896,0.6976404628800152,0.01179731955492019,21.728216772133692,0.8610305880882932,0.01405975509025808,-1.113057814438321,-1.3958182528526518e-5,-0.0,21.0,0.91,0.014214132407704584,7.880012264471134,1.483806419074832e-5,0.0,0.0,
2022/04/07 22:40,22.3477558624557,0.6978818938456023,0.011792271154732817,21.712125228805462,0.8620337005526285,0.014062353101134658,-1.1933969772627508,-1.3994691891325027e-5,-0.0,21.0,0.91,0.014214132407704584,7.896472560661323,1.486523452173134e-5,0.0,0.0,
2022/04/07 22:50,22.335187585851486,0.6981199033135091,0.011787181912037358,21.69704054138981,0.8630127273621199,0.014065414379198535,-1.293082906600489,-1.4034274438339067e-5,-0.0,21.0,0.91,0.014214132407704584,7.913066023746296,1.4892657224606435e-5,0.0,0.0,
2022/04/07 23:00,22.322527469112572,0.6983539948676625,0.011781958187658122,21.68273763639735,0.863965556315507,0.014068707778473476,-1.4046642335097206,-1.407422363461658e-5,-0.0,21.0,0.91,0.014214132407704584,7.930097964025663,1.4920864261957803e-5,0.0,0.0,
2022/04/07 23:10,22.310246411780838,0.6985850924333321,0.011776959942587763,21.674222181467087,0.8648905093682038,0.014076612966767762,-1.5906425832264406,-1.4127287515217526e-5,-0.0,21.029999999999973,0.9084919390639328,0.01421682600928903,7.955177210813872,1.49552845950631e-5,0.0,0.0,
2022/04/07 23:20,22.29867127579547,0.6988117836799811,0.011772401381449998,21.669563985684647,0.8657677237002945,0.01408710933015951,-1.8217527251840695,-1.4183381767619362e-5,-0.0,21.063333333333333,0.9068196632701601,0.01421981892668904,7.97979878770775,1.498807500485e-5,0.0,0.0,
2022/04/07 23:30,22.287554130713318,0.6990331903881527,0.011768086194186289,21.666692074231094,0.8665884189338463,0.014098233410951443,-2.0714162301919714,-1.4238015465539014e-5,-0.0,21.096666666666692,0.9051509031467591,0.014222811872247993,8.003626936505498,1.5019519694237744e-5,0.0,0.0,
2022/04/07 23:40,22.276762229672045,0.6992497749419133,0.011763925357057248,21.66514785414836,0.8673504866553667,0.01410954976036953,-2.331129507393826,-1.4289881144444144e-5,-0.0,21.129999999999995,0.9034856504585004,0.01422580484596629,8.026951918889381,1.5050119041951088e-5,0.0,0.0,
2022/04/07 23:50,22.266223090820915,0.6994626318559335,0.01175988472279798,21.664708260181726,0.8680538856427423,0.014120863784261788,-2.5952172043707833,-1.4338251002065853e-5,-0.0,21.163333333333355,0.901823896991302,0.014228797847844322,8.049885071931158,1.508005979279162e-5,0.0,0.0,
2022/04/08 00:00,22.255904878918898,0.6996731482400045,0.011755964802404595,21.66523751801094,0.8686995286303786,0.014132073042058456,-2.8596026371280914,-1.4382793134158887e-5,-0.0,21.19666666666666,0.9001656345521732,0.014231790877882487,8.072424729530667,1.5109331191229342e-5,0.0,0.0,
2022/04/08 00:10,22.24474212940754,0.6998822487387024,0.011751404647118721,21.65636714693693,0.8692906012644259,0.014134063364659536,-2.9853759492192466,-1.4394831404987185e-5,-0.0,21.170000000000016,0.9014919654830346,0.014229396451599131,8.079486083528082,1.5127309749588791e-5,0.0,0.0,
2022/04/08 00:20,22.23205246836102,0.7000965647809159,0.011745820993707905,21.64169054281558,0.8698677745378753,0.014130682516266299,-3.0213022912766974,-1.4393202836556107e-5,-0.0,21.136666666666656,0.9031530200898558,0.014226403444089103,8.08793287801177,1.5149387658464425e-5,0.0,0.0,
2022/04/08 00:30,22.218362297187582,0.7003217824474326,0.011739695453807507,21.625152507897155,0.8704510617921122,0.01412575104171704,-3.0141944394080156,-1.4386759938874394e-5,-0.0,21.103333333333353,0.9048175722774502,0.014223410464738894,8.098146583854259,1.517446904658601e-5,0.0,0.0,
2022/04/08 00:40,22.204002094783505,0.7005605111420302,0.01173331361891744,21.60751946440041,0.8710479581878738,0.014120071149215317,-2.977180524338223,-1.437865253826786e-5,-0.0,21.069999999999993,0.9064856302556761,0.014220417513548102,8.109196030683734,1.5200925310521215e-5,0.0,0.0,
2022/04/08 00:50,22.189198783425866,0.7008134610659207,0.011726852768428919,21.589117546590387,0.8716621568139796,0.014113992119840234,-2.9194091403462608,-1.4371153284786294e-5,-0.0,21.03666666666669,0.9081572022555341,0.014217424590516333,8.12050319948662,1.5227750567572336e-5,0.0,0.0,
2022/04/08 01:00,22.17410374712142,0.701080057478599,0.011720412996709615,21.57012061998313,0.8722955507179897,0.01410769842471887,-2.8479435949816434,-1.4365796888555901e-5,-0.0,21.00333333333333,0.9098322965292223,0.014214431695643192,8.131741732826185,1.5254382326240274e-5,0.0,0.0,
2022/04/08 01:10,22.158884468007727,0.7013479106423354,0.011713904879814198,21.550185687289797,0.8729159004275441,0.014100354119708284,-2.816013588401347,-1.4341549260101769e-5,-0.0,20.985000000000014,0.9100019156994466,0.01420076340752497,8.108396012454705,1.5212938235932552e-5,0.0,0.0,
2022/04/08 01:20,22.143561363615788,0.7016077226916266,0.011707185254810343,21.529854901977558,0.8734890352766823,0.014091875525791006,-2.7948664357847974,-1.4308001741922444e-5,-0.0,20.968333333333362,0.910003253775344,0.014185909621831753,8.08187460186241,1.5165126720046072e-5,0.0,0.0,
2022/04/08 01:30,22.128138472227022,0.7018615322520437,0.011700292180231704,21.509462518773375,0.8740212702608222,0.014082664902015546,-2.772913007545981,-1.4273458443926232e-5,-0.0,20.951666666666654,0.9100037579005177,0.01417105652972399,8.055920984608974,1.5118327463860701e-5,0.0,0.0,
2022/04/08 01:40,22.112627422412515,0.7021099267503083,0.011693244468497047,21.489103608006815,0.8745171714178694,0.014072883857191399,-2.751053730344211,-1.4239166582737696e-5,-0.0,20.935000000000002,0.91000342613942,0.014156204131153106,8.03047382269051,1.5072430883384644e-5,0.0,0.0,
2022/04/08 01:50,22.097031824839746,0.7023530550138831,0.011686047627641059,21.46882428018523,0.874980385604645,0.014062635199945989,-2.7301923688014544,-1.4205695925167398e-5,-0.0,20.91833333333335,0.9100022565527999,0.014141352426070524,8.005515157017271,1.5027405059342029e-5,0.0,0.0,
2022/04/08 02:00,22.081349128298882,0.7025908809035153,0.011678699552521155,21.448649030850277,0.875413939047783,0.014051992109544404,-2.710970371527992,-1.4173276564593593e-5,-0.0,20.901666666666642,0.9100002471976951,0.014126501414427676,7.981051851241773,1.4983262153639605e-5,0.0,0.0,
2022/04/08 02:10,22.06780354918908,0.7028916967135547,0.011673968572307179,21.45708401810657,0.8760136116280592,0.014069267292065327,-2.745408690572049,-1.4345997994742967e-5,-0.0,20.944999999999993,0.9115410092155287,0.014189590736080128,8.202179775926197,1.5374754979305627e-5,0.0,0.0,
2022/04/08 02:20,22.05835077051165,0.7032882127339604,0.011673821655211577,21.482143692818852,0.8768927178199414,0.014105829009463845,-2.903573325070852,-1.4620537423610338e-5,-0.0,20.995000000000005,0.9132361284934883,0.014261355430241556,8.436647404650785,1.5789836582963786e-5,0.0,0.0,
2022/04/08 02:30,22.05187066741462,0.7037460183982186,0.011676862323836527,21.51202415895716,0.8779699415973115,0.014150004609642481,-3.150834771211635,-1.4924664591559714e-5,-0.0,21.045000000000016,0.9149133368411637,0.01433313631691046,8.660774713732962,1.6186505172193272e-5,0.0,0.0,
2022/04/08 02:40,22.04759769998367,0.7042474795909609,0.01168223782460189,21.544309091584353,0.8792027389152142,0.01419900050199417,-3.4574015124366047,-1.524200965647492e-5,-0.0,21.095000000000027,0.9165727401949814,0.01440493340156782,8.877342121958236,1.6569681172078863e-5,0.0,0.0,
2022/04/08 02:50,22.045015366472683,0.7047831467217496,0.011689415274286831,21.577962031952723,0.8805620954782615,0.014251449442017394,-3.800582777921022,-1.556191831192778e-5,-0.0,21.144999999999982,0.9182144439192496,0.014476746689697076,9.088087111616233,1.6942430833790344e-5,0.0,0.0,
2022/04/08 03:00,22.043796237371055,0.7053488898519784,0.011698089077436368,21.61244383615542,0.8820263339882216,0.014306536175173466,-4.1625402494281625,-1.5877456146963985e-5,-0.0,21.194999999999993,0.9198385528091821,0.014548576186784155,9.294006093810367,1.7306505536282066e-5,0.0,0.0,
2022/04/08 03:10,22.041359307265793,0.7058965567074401,0.01170557070564986,21.619707461191695,0.8834532174818566,0.014336729705954674,-4.383912006088053,-1.6021588777932375e-5,-0.0,21.154999999999973,0.9229706997340086,0.014562636760197397,9.315456728186973,1.735741087800022e-5,0.0,0.0,
2022/04/08 03:20,22.03569845758068,0.7064089740098363,0.011710108817335203,21.610741967844262,0.8847885869221671,0.01435084520187085,-4.449308204566478,-1.6078475003743886e-5,-0.0,21.105000000000018,0.9262835374651036,0.014570277747792904,9.325573647335204,1.7389628938989016e-5,0.0,0.0,
2022/04/08 03:30,22.02794812062473,0.7069148570555495,0.011713011205991426,21.596718853718357,0.8860913521338744,0.014359853100753571,-4.4163729501434545,-1.610410494104896e-5,-0.0,21.055000000000007,0.929609120948271,0.014577918918827992,9.34102443543452,1.7431159093769466e-5,0.0,0.0,
2022/04/08 03:40,22.018868636117418,0.7074290292169755,0.011715080165715723,21.579862460014397,0.8873859013417722,0.014366148980797154,-4.31381634865943,-1.611234675142134e-5,-0.0,21.004999999999995,0.932947502913857,0.01458556027330927,9.35919321460824,1.7477381425384586e-5,0.0,0.0,
2022/04/08 03:50,22.008980520132297,0.7079589996748115,0.011716820349200147,21.561123803454166,0.8886856995492484,0.014370807406815494,-4.163449623383713,-1.611282589136354e-5,-0.0,20.954999999999984,0.9362987363259347,0.014593201811243343,9.378434566037868,1.7525399948017066e-5,0.0,0.0,
2022/04/08 04:00,21.99862010287069,0.7085073090792939,0.011718518634621889,21.541007570037266,0.8899988751751633,0.014374414367077148,-3.982826943446867,-1.611216387666829e-5,-0.0,20.904999999999973,0.9396628743835365,0.014600843532636817,9.397813124165623,1.757357789847414e-5,0.0,0.0,
2022/04/08 04:10,21.988685957273674,0.7090527818978541,0.011720472163365398,21.52441479286341,0.8912725225410203,0.014380508444893093,-3.947531437792691,-1.6088749097106572e-5,-0.0,20.91500000000002,0.9384941249948457,0.014591440214833225,9.360784154391013,1.7500064907973248e-5,0.0,0.0,
2022/04/08 04:20,21.979583232745824,0.7095759413375445,0.011722648637652473,21.510432824981194,0.8924316471843534,0.014387037393724822,-3.9789899233414876,-1.6052076377738957e-5,-0.0,20.931666666666672,0.9368233675581888,0.014580143373483062,9.31685444243908,1.7412060502040053e-5,0.0,0.0,
2022/04/08 04:30,21.9710346760819,0.7100785381420529,0.011724876533869394,21.497581149131065,0.8934804493166292,0.014392744196173363,-4.0311431800768105,-1.6014048139245946e-5,-0.0,20.948333333333323,0.9351551716014126,0.01456884693306936,9.272758376665479,1.7323889833441126e-5,0.0,0.0,
2022/04/08 04:40,21.962878037793587,0.7105608333097695,0.01172704281123856,21.485627462578805,0.8944257082661244,0.014397536705888125,-4.099000515216744,-1.5975947735617316e-5,-0.0,20.964999999999975,0.9334895332021438,0.014557550893570777,9.228864526173766,1.7236190932312315e-5,0.0,0.0,
2022/04/08 04:50,21.954990103752493,0.7110230548612767,0.011729062177926974,21.474481905265463,0.8952740730436516,0.014401448001418038,-4.179465827887157,-1.5938005884308363e-5,-0.0,20.981666666666683,0.9318264484442427,0.014546255254965968,9.185450984702584,1.714944506875352e-5,0.0,0.0,
2022/04/08 05:00,21.94727670118084,0.7114656473740567,0.011730874041402474,21.46409446803807,0.8960316798331075,0.014404537885866242,-4.269940609212881,-1.5900057240007717e-5,-0.0,20.998333333333335,0.9301659134177622,0.014534960017233598,9.14271531398208,1.7063992613105164e-5,0.0,0.0,
2022/04/08 05:10,21.94059320693492,0.7119126084481175,0.011733505929999997,21.4656338959162,0.8967626536254019,0.014417952211977737,-4.407665442661255,-1.593556655869325e-5,-0.0,21.045000000000016,0.9284940128553067,0.014550869886604322,9.186008137098497,1.7128322643057212e-5,0.0,0.0,
2022/04/08 05:20,21.93566493511753,0.7123749688504677,0.011737672913628712,21.474503255605043,0.8975004645679304,0.014438112550574108,-4.606261064735122,-1.6006352705886953e-5,-0.0,21.095000000000027,0.9268231722297243,0.014569803591115319,9.234154993618404,1.720101590385313e-5,0.0,0.0,
2022/04/08 05:30,21.93199933241226,0.7128412213715529,0.011742823499561557,21.486066663502697,0.8982221357856961,0.014460466311920927,-4.844640513989021,-1.6086515740276032e-5,-0.0,21.144999999999982,0.925154940433951,0.014588738421996084,9.279098489810622,1.7268094746224563e-5,0.0,0.0,
2022/04/08 05:40,21.929268974636102,0.713306074717752,0.011748630954418467,21.49935191138377,0.8989181159477732,0.014483983992213982,-5.109179687939331,-1.6170091568318902e-5,-0.0,21.194999999999993,0.9234893173952412,0.014607674379347142,9.321903939371168,1.7331437070451853e-5,0.0,0.0,
2022/04/08 05:50,21.9272572681038,0.7137672661461895,0.01175490006871877,21.51392333996114,0.8995832397003554,0.014508190536011293,-5.3896473717355775,-1.6253233059459127e-5,-0.0,21.245000000000005,0.9218263030064816,0.014626611463269015,9.36320782265284,1.7392159946067416e-5,0.0,0.0,
2022/04/08 06:00,21.925830744836844,0.7142244529494367,0.011761528372313925,21.529538916709896,0.9002145322038182,0.014532820583841375,-5.678056316511402,-1.633348454354403e-5,-0.0,21.295000000000016,0.9201658971264697,0.014645549673862241,9.403344243644824,1.7450845128483543e-5,0.0,0.0,
2022/04/08 06:10,21.92298345278948,0.7146422951276661,0.011766455777576085,21.52396070774597,0.9007231228227864,0.014536142135590424,-5.842409521557102,-1.628222208772499e-5,-0.0,21.269999999999982,0.9200077034927365,0.014620009350355822,9.30400429016413,1.727491256090939e-5,0.0,0.0,
2022/04/08 06:20,21.9171574240072,0.715009106123853,0.011768344889187623,21.50583854187579,0.901081820494789,0.014525563711101742,-5.879033770536353,-1.6166432433346703e-5,-0.0,21.23666666666668,0.9200130942881065,0.014589529671544659,9.198465929913027,1.7089274000259044e-5,0.0,0.0,
2022/04/08 06:30,21.90929440855581,0.7153477247377006,0.011768267325591893,21.484084175961016,0.9013393676428013,0.014510018619140554,-5.838480508867292,-1.6029961683048643e-5,-0.0,21.20333333333332,0.9200151347000268,0.014559052911166251,9.099349424801403,1.691489955502965e-5,0.0,0.0,
2022/04/08 06:40,21.900019891271313,0.7156699251355915,0.011766878549768312,21.46047898808348,0.9015187703793502,0.014491519283620892,-5.744818835690353,-1.5883600630129146e-5,-0.0,21.170000000000016,0.9200138091824392,0.014528579068801459,9.004517638055631,1.6748015627169463e-5,0.0,0.0,
2022/04/08 06:50,21.88976119067746,0.7159817269529559,0.011764592675232138,21.435780766629478,0.9016345785237905,0.014471003517338597,-5.615864344219972,-1.573465712251832e-5,-0.0,21.136666666666656,0.9200091021296942,0.01449810814403122,8.912620352230078,1.6586245921117732e-5,0.0,0.0,
2022/04/08 07:00,21.878796484211136,0.7162853124590324,0.01176165033863227,21.410385449112482,0.9016970288720747,0.014449006514196939,-5.465624869585213,-1.5588021701858752e-5,-0.0,21.103333333333353,0.9200009978762914,0.014467640136436559,8.822872970766412,1.642821684522255e-5,0.0,0.0,
2022/04/08 07:10,21.87002061067409,0.7165552142475322,0.011759744013219857,21.407978384622766,0.9016398981632886,0.01444588945619372,-5.745402445065793,-1.5464528595914425e-5,-0.0,21.25,0.909134916346163,0.014425095505454186,8.69037187705112,1.613902556666165e-5,0.0,0.0,
2022/04/08 07:20,21.865113206309104,0.7167586976092306,0.011759555786399216,21.421012422963884,0.9013125619436096,0.01445232845915896,-6.263891604749575,-1.5342069971781414e-5,-0.0,21.416666666666686,0.8972166703105006,0.014381214598467166,8.547912002600697,1.5826900810766943e-5,0.0,0.0,
2022/04/08 07:30,21.862840658998152,0.7168917762602582,0.011760117580327073,21.440614499837295,0.9006897370524011,0.01445986735631953,-6.876150329896974,-1.5220284425081166e-5,-0.0,21.583333333333314,0.8854583838913075,0.014337339742156835,8.403026415590375,1.5511303674792812e-5,0.0,0.0,
2022/04/08 07:40,21.86248400225452,0.7169536581601623,0.011760890929652993,21.465052011843966,0.8997678070780953,0.014466864621850662,-7.549687163079853,-1.5095804316282402e-5,-0.0,21.75,0.873857795712826,0.014293470935271793,8.257470776870377,1.5195285708914839e-5,0.0,0.0,
2022/04/08 07:50,21.863567902053205,0.7169463244278094,0.011761561479285648,21.49357897648946,0.8985484801300792,0.014472653460697774,-8.262739496433937,-1.496563679911447e-5,-0.0,21.916666666666686,0.8624126782663595,0.014249608176560999,8.112270036349855,1.4880614924064854e-5,0.0,0.0,
2022/04/08 08:00,21.865789710984473,0.716873707050228,0.011761973413851524,21.525793258860745,0.8970352369860864,0.014476902714365551,-8.99878034797041,-1.482758389386598e-5,-0.0,22.083333333333314,0.8511208373732256,0.014205751464773743,7.967932225587219,1.4568151320849365e-5,0.0,0.0,
2022/04/08 08:10,21.86913810742351,0.7167811912956862,0.011762876934742471,21.567101779698305,0.8953385152750236,0.014486316174028853,-9.627786812314982,-1.4770253786660326e-5,-0.0,22.220000000000027,0.8438603490467518,0.014202257522738829,7.953594308710763,1.4503325180827367e-5,0.0,0.0,
2022/04/08 08:20,21.873932137374595,0.7166994375914515,0.011765018295108435,21.614296191579456,0.893565566096151,0.014499747452753628,-10.237508107139776,-1.4752573140160245e-5,-0.0,22.353333333333353,0.8370971153704748,0.014203247966347553,7.949841747501068,1.4459250127302447e-5,0.0,0.0,
2022/04/08 08:30,21.88003429110148,0.7166179445923881,0.011768121744918517,21.664637485511264,0.8917004928716138,0.014514441412403501,-10.853599015566147,-1.4741367604578042e-5,-0.0,22.48666666666668,0.830394971139428,0.014204238413040134,7.942952306119196,1.4409757326388427e-5,0.0,0.0,
2022/04/08 08:40,21.88733705606228,0.7165326347467539,0.011772040936773913,21.717462509322957,0.8897356138921214,0.014529657587364667,-11.46915804616583,-1.4730798374249635e-5,-0.0,22.620000000000005,0.8237533068350477,0.014205228862816593,7.933403149892001,1.4355697736278091e-5,0.0,0.0,
2022/04/08 08:50,21.895789681664212,0.7164418291739479,0.011776711233040195,21.772448133069588,0.8876662624739803,0.01454501136415275,-12.07823623983984,-1.4717595625608736e-5,-0.0,22.75333333333333,0.8171715195650431,0.014206219315676945,7.921405029667085,1.4297446741330346e-5,0.0,0.0,
2022/04/08 09:00,21.90538513189017,0.7163451569817983,0.011782121971993818,21.829405501695703,0.8854894104235522,0.014560265216756862,-12.676227972070253,-1.4699912868973543e-5,-0.0,22.886666666666656,0.8106490129856699,0.014207209771621201,7.906992707965401,1.4235067109073698e-5,0.0,0.0,
2022/04/08 09:10,21.917414477647753,0.7163168920469611,0.011790466261313635,21.907831762505225,0.8834061567618219,0.014596568707149546,-13.169291375997433,-1.4867050674062608e-5,-0.0,23.019999999999982,0.8085437723214159,0.014286975550656188,8.13986229662828,1.4625527855993307e-5,0.0,0.0,
2022/04/08 09:20,21.93329097624712,0.716398601438478,0.011803485203237655,21.99856927353278,0.8815785698085723,0.014648438701175236,-13.6860521464223,-1.5127028922831789e-5,-0.0,23.153333333333308,0.8069070093360883,0.014375517546871587,8.386105026337418,1.5040853448553844e-5,0.0,0.0,
2022/04/08 09:30,21.952398388953043,0.7165577782245226,0.011820193524728665,22.0930971000804,0.8799480647912835,0.014707223444315212,-14.240036324096083,-1.5410773874882314e-5,-0.0,23.28666666666669,0.8052509903954881,0.014464084188495338,8.620398899484826,1.543458617702375e-5,0.0,0.0,
2022/04/08 09:40,21.974287918605796,0.7167769841836792,0.011839981317878097,22.189579737247243,0.8784819536466524,0.014770764188734227,-14.813656451452745,-1.5703879270396925e-5,-0.0,23.420000000000016,0.8035761860236931,0.014552675485818838,8.844732552835012,1.581027616428339e-5,0.0,0.0,
2022/04/08 09:50,21.99866270372536,0.7170456549530123,0.011862465276725222,22.28719716294529,0.8771565048128934,0.014837962696337822,-15.392912567935468,-1.5997241574677034e-5,-0.0,23.55333333333334,0.8018830590690574,0.014641291449139221,9.060355788090192,1.6170153421194968e-5,0.0,0.0,
2022/04/08 10:00,22.025342523682582,0.7173576225718427,0.011887421629634687,22.38550783190317,0.8759528414910681,0.0149081371945463,-15.966887273813768,-1.628501420255971e-5,-0.0,23.686666666666667,0.8001720648202177,0.014729932088759352,9.267998245700028,1.6515521058037294e-5,0.0,0.0,
2022/04/08 10:10,22.051013769663598,0.717598673258557,0.011910478958757227,22.442312628433285,0.8745437367248373,0.01493631398575902,-16.493514369475974,-1.624329615408582e-5,-0.0,23.745000000000005,0.7954450325758101,0.014693588268645516,9.074320947117712,1.6150317214019903e-5,0.0,0.0,
2022/04/08 10:20,22.072719354062542,0.7177125031694752,0.011928481746330074,22.475877775887227,0.8727204367906584,0.014935597437943543,-16.83661473321706,-1.6030907600113907e-5,-0.0,23.795000000000016,0.7904068552598477,0.014643363306731353,8.85186454048494,1.573438969231761e-5,0.0,0.0,
2022/04/08 10:30,22.09206305447816,0.7177525234360853,0.011943504689751748,22.50353765975666,0.8705901541163521,0.014923931070211536,-17.032880194253153,-1.5761582974408033e-5,-0.0,23.845000000000027,0.7853926729226949,0.014593146268087892,8.639149742060908,1.533588472905658e-5,0.0,0.0,
2022/04/08 10:40,22.110159073782995,0.7177457979742337,0.011956824256852468,22.528788477396915,0.8682031134343298,0.014905428883560971,-17.124889838599984,-1.5461116350417687e-5,-0.0,23.894999999999982,0.7804023746054449,0.014542937150840363,8.432014625565671,1.4947430834925317e-5,0.0,0.0,
2022/04/08 10:50,22.12776047330226,0.7177065031968817,0.01196923574697121,22.55313157926861,0.8655908962804097,0.014882025941856608,-17.145882738507794,-1.514663198674587e-5,-0.0,23.944999999999993,0.7754358498745805,0.014492735953114603,8.227866113379378,1.45644505229892e-5,0.0,0.0,
2022/04/08 11:00,22.145341697054846,0.7176403493736442,0.011981186488510634,22.577358612346814,0.862775660429321,0.014854831642612722,-17.122420249505694,-1.4829543208380864e-5,-0.0,23.995000000000005,0.7704929888193877,0.014442542673037028,8.025245686258131,1.4184381931892822e-5,0.0,0.0,
2022/04/08 11:10,22.16226601474682,0.7175859956275412,0.011992859327125235,22.59700305364089,0.8598976449035273,0.014822191077534526,-16.824656564375573,-1.4573794912829702e-5,-0.0,23.954999999999984,0.7714910514975655,0.014426167019610903,7.933793648080609,1.4032880950920221e-5,0.0,0.0,
2022/04/08 11:20,22.178355249664094,0.7175710957396096,0.012004592409461324,22.61287650254866,0.8571299083035282,0.014787933460196202,-16.408984979326537,-1.4362451353693045e-5,-0.0,23.904999999999973,0.7731514675268921,0.014413548871830635,7.854396523163814,1.3906026901397842e-5,0.0,0.0,
2022/04/08 11:30,22.19405073457733,0.7175821850907219,0.012016485580488678,22.626568268372182,0.8544815095834728,0.014753706847022619,-15.962430319684701,-1.417285957137782e-5,-0.0,23.855000000000018,0.774815778964998,0.01440093122438962,7.77447906082466,1.3778109461001748e-5,0.0,0.0,
2022/04/08 11:40,22.20953349318205,0.7176095244165956,0.012028508152423883,22.638415708319314,0.8519557283528197,0.014719897192136846,-15.501188943142097,-1.4001180432847093e-5,-0.0,23.805000000000007,0.7764839950814916,0.014388314077258102,7.694141318407446,1.3649356117053412e-5,0.0,0.0,
2022/04/08 11:50,22.224885001582322,0.7176451227294715,0.012040584747931701,22.6485869605454,0.8495535971149099,0.014686692483522733,-15.034355545782319,-1.384445366288329e-5,-0.0,23.754999999999995,0.7781561251653226,0.014375697430406321,7.6136290634267425,1.3520237435409312e-5,0.0,0.0,
2022/04/08 12:00,22.240130184857776,0.717682516623783,0.01205262351873255,22.657187198055453,0.8472747760277688,0.014654196758631631,-14.567582961543055,-1.3700206151229917e-5,-0.0,23.704999999999984,0.7798321785249243,0.014363081283804523,7.533241766872834,1.3391308646952391e-5,0.0,0.0,
2022/04/08 12:10,22.257995439033323,0.7177837565824666,0.012067729259283285,22.69759709134911,0.8453345132072505,0.014656589238175446,-14.226389440395337,-1.3782717852362703e-5,-0.0,23.745000000000005,0.7815373748360048,0.014430723465773551,7.704536702776068,1.3696244149506804e-5,0.0,0.0,
2022/04/08 12:20,22.280730935107783,0.7179738562339448,0.012088029309889758,22.755622822733585,0.8438333632096248,0.014682751897007287,-14.055115673202181,-1.397902020123323e-5,-0.0,23.795000000000016,0.7832299765715078,0.014507300711840872,7.888028357882831,1.4021463272622867e-5,0.0,0.0,
2022/04/08 12:30,22.30694415027034,0.7182133306187208,0.012111821903659357,22.817751024004338,0.8426664714516583,0.014718612405571338,-13.995938181244583,-1.4211800286063675e-5,-0.0,23.845000000000027,0.7849062559247849,0.014583896388131833,8.060192676436372,1.4326634820957762e-5,0.0,0.0,
2022/04/08 12:40,22.335689912972498,0.7184815649710705,0.012138058763409506,22.88131520540901,0.8417786168785694,0.014760829742076776,-14.013431260985387,-1.446209649839113e-5,-0.0,23.894999999999982,0.7865663063479594,0.014660510501300775,8.22444758526467,1.4617802895427944e-5,0.0,0.0,
2022/04/08 12:50,22.366318356381782,0.7187675761039057,0.012166074168808423,22.94520841136847,0.8411310295941734,0.014807758156948897,-14.081271663717418,-1.4717329938415444e-5,-0.0,23.944999999999993,0.7882102208005195,0.014737143058005244,8.382963685553477,1.4898794462608092e-5,0.0,0.0,
2022/04/08 13:00,22.398401111546036,0.7190667133015598,0.01219547468277622,23.00888098823509,0.8406936457024446,0.014858402190868817,-14.178999566799463,-1.4969218063813912e-5,-0.0,23.995000000000005,0.7898380917519133,0.01481379406490599,8.537023799635108,1.5171861400686777e-5,0.0,0.0,
2022/04/08 13:10,22.428922014278896,0.7193107322845701,0.012222800899855524,23.03858802757054,0.8402188142481002,0.014877171069158052,-14.169846723387424,-1.49943480200358e-5,-0.0,23.954999999999984,0.7914914121003607,0.014809059411838061,8.432489412673476,1.4999805672269198e-5,0.0,0.0,
2022/04/08 13:20,22.45543399344689,0.7194718021402212,0.012245699548472076,23.0486816689359,0.8395872227316491,0.014875020286163282,-14.001352990035798,-1.4902632081121548e-5,-0.0,23.904999999999973,0.7931520809201864,0.014795281346285646,8.31290507781705,1.4802432118952706e-5,0.0,0.0,
2022/04/08 13:30,22.479208981853958,0.7195886546055897,0.012265787854626767,23.052631996825994,0.8388909862716132,0.014866028119875713,-13.727049691015624,-1.4770401719303963e-5,-0.0,23.855000000000018,0.7948164884561139,0.014781503876927586,8.202485801421972,1.4621174787452017e-5,0.0,0.0,
2022/04/08 13:40,22.501103910386178,0.7196817978146675,0.012284062290602075,23.053064961182088,0.8381696558498902,0.014853338550239313,-13.379920478036524,-1.4616335366470836e-5,-0.0,23.805000000000007,0.796484642906064,0.014767727003725181,8.097982587976503,1.4450286267923427e-5,0.0,0.0,
2022/04/08 13:50,22.521699014353942,0.7197623088023836,0.01230115063131242,23.051087341915263,0.8374460057088284,0.01483839062565903,-12.985118009417535,-1.4453292283288283e-5,-0.0,23.754999999999995,0.7981565524812371,0.014753950726639743,7.997348578814581,1.4286156331954955e-5,0.0,0.0,
2022/04/08 14:00,22.541362599950844,0.7198349075798706,0.012317411690908083,23.047277001938255,0.8367344807332597,0.014821983694120501,-12.562767802292003,-1.4290071131924853e-5,-0.0,23.704999999999984,0.799832225406224,0.01474017504563258,7.899413861170842,1.4126730615329948e-5,0.0,0.0,
2022/04/08 14:10,22.560299679297714,0.7199000151712334,0.012333006391432168,23.041881843624594,0.8360434912850081,0.01480450297687111,-12.128221665976186,-1.4131100579967705e-5,-0.0,23.654999999999973,0.8014916094632843,0.014726022658107936,7.802423554955567,1.3968851910397829e-5,0.0,0.0,
2022/04/08 14:20,22.578606696803945,0.7199560948397513,0.012347979251809789,23.03516672412843,0.8353786763144634,0.014786297936706346,-11.691167631706207,-1.397950035748446e-5,-0.0,23.605000000000018,0.8031524166685658,0.014711828979064909,7.70732612609072,1.3814272198597118e-5,0.0,0.0,
2022/04/08 14:30,22.596320559805292,0.7200011127388192,0.01236232079505728,23.027320135478647,0.8347449005918511,0.014767632852690143,-11.258209830361352,-1.3836533823878388e-5,-0.0,23.555000000000007,0.8048168768392382,0.014697635932809068,7.614289168351888,1.3663305521084798e-5,0.0,0.0,
2022/04/08 14:40,22.61343633040866,0.7200328912644508,0.012375987000831212,23.018455677456757,0.834145414874886,0.014748673290807927,-10.833497022817369,-1.370217618584814e-5,-0.0,23.504999999999995,0.8064849975636853,0.014683443519298097,7.523456209820097,1.3516212374417393e-5,0.0,0.0,
2022/04/08 14:50,22.62992624549497,0.7200495527871024,0.012388921516287767,23.008654300686146,0.8335823794735502,0.014729534565515066,-10.419391223596792,-1.3575853716550894e-5,-0.0,23.454999999999984,0.8081567864400976,0.014669251738489684,7.435010988663635,1.3373321170226084e-5,0.0,0.0,
2022/04/08 15:00,22.645752085162258,0.7200497014731437,0.012401068311473949,22.997976364066687,0.8330571762859085,0.014710298583562776,-10.017074475415484,-1.3456775597000366e-5,-0.0,23.404999999999973,0.8098322510763868,0.01465506059034152,7.349136190267018,1.32349557251494e-5,0.0,0.0,
2022/04/08 15:10,22.6622443118373,0.7200656518554783,0.012414015678886529,23.003209539409113,0.8326859688251974,0.014708357327223538,-9.688970563618113,-1.3452948726956858e-5,-0.0,23.399999999999977,0.8115000000000001,0.014681418398678831,7.392860899375819,1.33202359704111e-5,0.0,0.0,
2022/04/08 15:20,22.680503019257344,0.7201113876273431,0.012428858317108151,23.017138977122784,0.8325203804906782,0.014718060131347275,-9.455171254973607,-1.3507954030486499e-5,-0.0,23.399999999999977,0.8131666666666666,0.014712284450812583,7.445105200377839,1.342003115460379e-5,0.0,0.0,
2022/04/08 15:30,22.69981580581532,0.7201688145658973,0.012444734849187943,23.03302470018707,0.8325037703887754,0.014732251313187754,-9.285285055626675,-1.3582891013206565e-5,-0.0,23.399999999999977,0.8148333333333333,0.014743153495838341,7.4939882513569955,1.3513946786573083e-5,0.0,0.0,
2022/04/08 15:40,22.719702597587172,0.7202291408676272,0.012461123524674584,23.049566074414372,0.8326076106944252,0.01474923794523101,-9.160780551183052,-1.3668121437136761e-5,-0.0,23.399999999999977,0.8165,0.014774025534191432,7.54121121977505,1.3604978965345096e-5,0.0,0.0,
2022/04/08 15:50,22.739836889849187,0.7202882974465681,0.012477702173266065,23.066232436107896,0.8328129125158467,0.014768198699485063,-9.067822594406039,-1.3757283957711042e-5,-0.0,23.399999999999977,0.8181666666666667,0.014804900566307259,7.587824542515136,1.36949697528362e-5,0.0,0.0,
2022/04/08 16:00,22.760007553476157,0.7203452775019142,0.012494290427959447,23.082763696355926,0.8331057312955611,0.01478864826966309,-8.995585960214498,-1.3846231745799125e-5,-0.0,23.399999999999977,0.8198333333333333,0.014835778592621323,7.634416307159654,1.3784942981008642e-5,0.0,0.0,
2022/04/08 16:10,22.77910529684266,0.7204046614221875,0.012510111021163442,23.089884756270237,0.8334926613187823,0.014802206651332474,-8.79577001056532,-1.39139767925271e-5,-0.0,23.339999999999975,0.8244349665235343,0.014865817936309794,7.680776507567316,1.389216266213312e-5,0.0,0.0,
2022/04/08 16:20,22.796449851198645,0.720476029028003,0.012524804217387586,23.090675687506575,0.8340227340376682,0.01481257005594008,-8.520508579820785,-1.3973382676228513e-5,-0.0,23.273333333333312,0.8293894123777098,0.014895766585643398,7.730516874292334,1.4007214935941674e-5,0.0,0.0,
2022/04/08 16:30,22.812472648224343,0.7205641228193933,0.012538785115761678,23.08852407899252,0.8347038001235677,0.014822979024679927,-8.214925527763057,-1.4029212493934596e-5,-0.0,23.20666666666665,0.8343721282898995,0.014925718051783157,7.782588870565178,1.4126299671538337e-5,0.0,0.0,
2022/04/08 16:40,22.827436520257606,0.7206715654912761,0.012552302116916802,23.08409475433365,0.8355319411480193,0.014833966367340759,-7.889586081564631,-1.4083869941224327e-5,-0.0,23.139999999999986,0.839383279982456,0.014955672335126484,7.836182588046995,1.4247999423370168e-5,0.0,0.0,
2022/04/08 16:50,22.841521226654834,0.7207994367801728,0.012565512646605721,23.077698607437014,0.8365004315561443,0.01484568891020109,-7.551801267292718,-1.413936895800107e-5,-0.0,23.073333333333323,0.844423034195746,0.014985629436070872,7.890784741758807,1.4371419200416528e-5,0.0,0.0,
2022/04/08 17:00,22.854845391096944,0.720947677831655,0.012578506915740788,23.069529077322386,0.8376016599977375,0.014858179126036182,-7.207358468722306,-1.4197236850979532e-5,-0.0,23.00666666666666,0.8494915586947096,0.015015589355013894,7.946101200543808,1.449604996876783e-5,0.0,0.0,
2022/04/08 17:10,22.86613664046297,0.7210545460045571,0.012589193993384628,23.040340680093607,0.8386155864537546,0.014849718631072383,-6.899611668940225,-1.408941900377139e-5,-0.0,22.92500000000001,0.8515050063250761,0.014976008606752052,7.782203079847932,1.4223726109006027e-5,0.0,0.0,
2022/04/08 17:20,22.874104566642757,0.7210858535017755,0.012595954460799025,22.99945761334277,0.8393932351162995,0.01482620967617738,-6.537615174745498,-1.3898045253783422e-5,-0.0,22.84166666666664,0.8531752590014734,0.014928707620168593,7.6059358442419125,1.392830810070503e-5,0.0,0.0,
2022/04/08 17:30,22.879450313182815,0.7210685244537104,0.012599808561217285,22.955048043298348,0.8400101545838955,0.014796579727173235,-6.12519622480022,-1.3684457106020105e-5,-0.0,22.758333333333326,0.8548433604161576,0.014881413658079524,7.4391677143062225,1.3649463969496928e-5,0.0,0.0,
2022/04/08 17:40,22.88266616373369,0.7210161850993957,0.012601380177636467,22.90874703422412,0.8405055408485486,0.0147630711159645,-5.681874014474602,-1.3462310628687051e-5,-0.0,22.67500000000001,0.8565092366445031,0.014834126718920189,7.27986451598872,1.3383594825432674e-5,0.0,0.0,
2022/04/08 17:50,22.884078843330315,0.7209362105142033,0.012601054426371907,22.861242443393678,0.8409054606701187,0.014726808761740498,-5.2227847309109166,-1.3240217648583647e-5,-0.0,22.59166666666664,0.8581728129018302,0.014786846801126392,7.126770573405793,1.312848518783846e-5,0.0,0.0,
2022/04/08 18:00,22.883889513831264,0.7208320343505087,0.0125990492286548,22.812884268398477,0.8412288315342022,0.014688472152401072,-4.759716809066958,-1.302358328368639e-5,-0.0,22.508333333333326,0.859834013534822,0.01473957390313441,6.97917534982912,1.2882885725768625e-5,0.0,0.0,
2022/04/08 18:10,22.88307783213969,0.7207389212152535,0.01259675676987807,22.775884192409478,0.8416075255981477,0.014661537107788662,-4.294197574824921,-1.2913133084497993e-5,-0.0,22.439999999999998,0.862966760278142,0.01473178708405092,6.961261001784351,1.2870184337258854e-5,0.0,0.0,
2022/04/08 18:20,22.882516146614705,0.720674849206894,0.01259517696797097,22.744837786400353,0.842128505018282,0.014642582153229269,-3.87859212834826,-1.2862291430971007e-5,-0.0,22.373333333333335,0.8662768288778959,0.014728387212640009,6.955326669717579,1.2879005481625743e-5,0.0,0.0,
2022/04/08 18:30,22.88178460445056,0.7206233108553342,0.012593688515325495,22.714839549032888,0.8427546156605566,0.014626459098859637,-3.509867700553855,-1.2835931202651083e-5,-0.0,22.306666666666672,0.8696013526796765,0.014724987377536575,6.94909461199245,1.2887238528773597e-5,0.0,0.0,
2022/04/08 18:40,22.880575696252833,0.7205756427831366,0.012591897615030665,22.68496094521555,0.8434682124363377,0.014611999430803841,-3.178020453107138,-1.2825555293530196e-5,-0.0,22.24000000000001,0.8729404019018399,0.014721587578740043,6.943848802449338,1.2897155012326795e-5,0.0,0.0,
2022/04/08 18:50,22.878673474007712,0.7205272172339771,0.012589553850777344,22.654833602669612,0.8442580137847241,0.014598660581858611,-2.8746324154110425,-1.282527998499074e-5,-0.0,22.173333333333346,0.8762940471363869,0.014718187816249834,6.9404057228380225,1.2910194311271944e-5,0.0,0.0,
2022/04/08 19:00,22.87593670923536,0.7204761685139207,0.012586514376968484,22.624282670143543,0.8451159627311136,0.014586134742659062,-2.5925448457019233,-1.2831018135756341e-5,-0.0,22.106666666666683,0.8796623593510876,0.014714788090065357,6.939231120868044,1.292717304614548e-5,0.0,0.0,
2022/04/08 19:10,22.87371091544452,0.7204435624378126,0.012584201672813131,22.609274712596914,0.8461044488956933,0.01458998431299907,-2.437235911046969,-1.2925190097030245e-5,-0.0,22.100000000000023,0.8815000000000001,0.014740123943908426,7.02937917510053,1.3093959523739155e-5,0.0,0.0,
2022/04/08 19:20,22.87304138284901,0.7204365507946637,0.012583555903764728,22.603265882061578,0.8472261567520146,0.014604326926721251,-2.390682856843114,-1.3060848750018635e-5,-0.0,22.100000000000023,0.8831666666666665,0.014768655066560235,7.124510357546569,1.3268322152162865e-5,0.0,0.0,
2022/04/08 19:30,22.873218771784764,0.7204426627238911,0.012583802804788402,22.599843638660047,0.84843211340547,0.014622493664916506,-2.405749529388004,-1.3208164841794855e-5,-0.0,22.100000000000023,0.8848333333333332,0.01479718874617808,7.216739328436006,1.3437588690741852e-5,0.0,0.0,
2022/04/08 19:40,22.873800703688687,0.7204567433792834,0.012584506414486107,22.597731927743553,0.8496988145566994,0.014642917101775533,-2.462048444864422,-1.3359493069452952e-5,-0.0,22.100000000000023,0.8865,0.01482572498310572,7.307487539937711,1.3604248148893361e-5,0.0,0.0,
2022/04/08 19:50,22.874503440968454,0.7204772955138686,0.012585419372004037,22.596385588743544,0.8510114746821924,0.014664844508574096,-2.54513251690355,-1.3509977749166327e-5,-0.0,22.100000000000023,0.8881666666666667,0.014854263777686954,7.397561512617813,1.3769704479521034e-5,0.0,0.0,
2022/04/08 20:00,22.875157400185913,0.7205050608826162,0.012586422989958063,22.595519278023232,0.8523598968094073,0.01468783871919025,-2.644072140499816,-1.365664133556065e-5,-0.0,22.100000000000023,0.8898333333333333,0.014882805130265664,7.487348227517259,1.3934622833061688e-5,0.0,0.0,
2022/04/08 20:10,22.874611133607516,0.7205414779537134,0.012586646999144229,22.584675472187485,0.8537385491881432,0.014702244515296404,-2.6151540540314504,-1.3767840466444678e-5,-0.0,22.04000000000002,0.894436925799634,0.014905717083349996,7.561322211877496,1.4088336442214235e-5,0.0,0.0,
2022/04/08 20:20,22.872135109392502,0.720594405646636,0.012585663776243587,22.567478561272708,0.8551843360203066,0.01471199562631305,-2.503387004565525,-1.386263915122252e-5,-0.0,21.973333333333358,0.899392747012852,0.014928004873044342,7.637197290265931,1.4247109371225388e-5,0.0,0.0,
2022/04/08 20:30,22.86823356527219,0.7206708330127721,0.01258399021639513,22.54782315633122,0.8567118286263572,0.014720895114481767,-2.353472315251111,-1.3950469831716227e-5,-0.0,21.906666666666638,0.9043759875077753,0.01495029422266487,7.715328296682628,1.440971853526421e-5,0.0,0.0,
2022/04/08 20:40,22.86322814141215,0.7207744994270551,0.012581943139072137,22.52646241996365,0.8583226201069117,0.014729650736148929,-2.17714438048688,-1.4034966735167629e-5,-0.0,21.839999999999975,0.9093868057451764,0.01497258513237536,7.794682242560157,1.4574355441956737e-5,0.0,0.0,
2022/04/08 20:50,22.857345154183292,0.7209070172388238,0.012579727135572514,22.50372923006563,0.8600148575697903,0.014738526056915896,-1.98267550508092,-1.4118919346689498e-5,-0.0,21.773333333333312,0.9144253611527098,0.014994877602339614,7.874592059017914,1.4739856977466511e-5,0.0,0.0,
2022/04/08 21:00,22.850739880515277,0.7210684788365569,0.012577464311026621,22.479814682262372,0.861785339516844,0.0147476316537146,-1.7766442871572963,-1.4204335161804892e-5,-0.0,21.70666666666665,0.919491814131146,0.015017171632721442,7.9546596231173226,1.4905534110261072e-5,0.0,0.0,
2022/04/08 21:10,22.843631172988296,0.7212348016156896,0.012574896047375113,22.453500773238375,0.8635559695049937,0.014754474730929742,-1.6603377230404706,-1.4245373545123905e-5,-0.0,21.670000000000016,0.9214921311240462,0.015016113012567358,7.9595818119669275,1.4923902630414225e-5,0.0,0.0,
2022/04/08 21:20,22.835984383167045,0.7213885179553038,0.012571684915724912,22.426095561068962,0.8652493769950852,0.014758901573315636,-1.5711656065656145,-1.4262416176188252e-5,-0.0,21.636666666666656,0.923153301641713,0.015012459597910229,7.958139749328893,1.4929408511743495e-5,0.0,0.0,
2022/04/08 21:30,22.82779604962161,0.7215360724265055,0.012567943320320933,22.398428001893137,0.8668795786263259,0.014761923609027047,-1.4835630221006113,-1.4273704909004557e-5,-0.0,21.603333333333353,0.9248178976992214,0.015008806225158983,7.9584273990672045,1.4937941200801849e-5,0.0,0.0,
2022/04/08 21:40,22.819090648695976,0.7216805622644346,0.012563745758345138,22.37069646102674,0.8684561182140335,0.014763894685012593,-1.3980133568270503,-1.428258994298446e-5,-0.0,21.569999999999993,0.9264859271740403,0.015005152894312906,7.960201863304974,1.494906268416318e-5,0.0,0.0,
2022/04/08 21:50,22.80988341368061,0.721823787853271,0.012559136438425997,22.342986725943376,0.869986375135826,0.014765026708900347,-1.3155741626047757,-1.4290958791106309e-5,-0.0,21.53666666666669,0.9281573979634571,0.015001499605371268,7.963318999917419,1.4962513335849682e-5,0.0,0.0,
2022/04/08 22:00,22.80018034490689,0.7219668031854005,0.012554139111394547,22.315339707069256,0.871476324697515,0.014765465182930627,-1.2371345160579494,-1.4299893878847323e-5,-0.0,21.50333333333333,0.9298323179847053,0.014997846358333355,7.967701369375391,1.4978153273274597e-5,0.0,0.0,
2022/04/08 22:10,22.7904447318395,0.7221215433122066,0.01254932535877472,22.293413911235803,0.8729638796589824,0.014771077127057431,-1.1837834507042546,-1.4347061426267313e-5,-0.0,21.485000000000014,0.9314941518951209,0.015008033310517395,8.016611129886996,1.5071080053260196e-5,0.0,0.0,
2022/04/08 22:20,22.781059549915824,0.7222934069789626,0.012545087665447645,22.274849493226156,0.8744680538194376,0.014780027041807508,-1.1626551131018914,-1.4413773236275048e-5,-0.0,21.468333333333362,0.9331567363973668,0.01501975847009877,8.068657971888342,1.5169379624393366e-5,0.0,0.0,
2022/04/08 22:30,22.77179357977826,0.7224766436158897,0.0125411440642971,22.257352151499845,0.8759762102596375,0.014789987680968356,-1.163581787348562,-1.4487012995793806e-5,-0.0,21.451666666666654,0.9348218675317,0.015031484061329013,8.119747334472777,1.5265966590669996e-5,0.0,0.0,
2022/04/08 22:40,22.762493646045527,0.7226685263490353,0.012537327073877223,22.240459274166938,0.8774834001376202,0.014800449066468097,-1.1802178744915184,-1.4563620145777623e-5,-0.0,21.435000000000002,0.936489549192214,0.015043210084231953,8.170425290554249,1.53618016971647e-5,0.0,0.0,
2022/04/08 22:50,22.753058843255758,0.7228678534004498,0.012533536947845219,22.223969448273635,0.8789871111190839,0.014811183411283865,-1.2077219971359912,-1.4641489406022758e-5,-0.0,21.41833333333335,0.9381597852792093,0.01505493653883144,8.221017062911642,1.5457454756465935e-5,0.0,0.0,
2022/04/08 23:00,22.74342807600624,0.7230744137366328,0.012529722436576445,22.207773544700444,0.8804860098337218,0.014822068078384725,-1.2422234067508955,-1.4719235200486092e-5,-0.0,21.401666666666642,0.9398325796991157,0.015066663425151302,8.271689750895803,1.5553216256514776e-5,0.0,0.0,
2022/04/08 23:10,22.73403696703042,0.7233001117878555,0.012526431376158501,22.19749166348049,0.8820115640302332,0.014838845484669082,-1.3011130041610386,-1.4833750870368898e-5,-0.0,21.399999999999977,0.9414999999999999,0.015092463980584128,8.366542891647896,1.572571062626305e-5,0.0,0.0,
2022/04/08 23:20,22.725264169997047,0.7235506669010607,0.012524057509673921,22.190701947526748,0.8835781782172355,0.014859538764386816,-1.3897681460179003,-1.4965469838073757e-5,-0.0,21.399999999999977,0.9431666666666666,0.015119830483982832,8.463511293301963,1.590176595808756e-5,0.0,0.0,
2022/04/08 23:30,22.716880962222717,0.7238205530536691,0.01252232517320449,22.18505275993624,0.8851700132989443,0.014881706023428845,-1.4968263533705795,-1.5101040393259834e-5,-0.0,21.399999999999977,0.9448333333333332,0.015147199338555729,8.558395653941943,1.6074104757018648e-5,0.0,0.0,
2022/04/08 23:40,22.708743520185692,0.7241072813672126,0.012521078419596364,22.18005469251699,0.8867792593559836,0.014904762485474246,-1.6152880631199198,-1.5237387724881447e-5,-0.0,21.399999999999977,0.9465,0.015174570544605834,8.651704439863124,1.6243621327767245e-5,0.0,0.0,
2022/04/08 23:50,22.700762745639963,0.7244097887825708,0.012520228999848748,22.175491182648727,0.8884009350414042,0.014928423511261439,-1.740091460122244,-1.5372617458745034e-5,-0.0,21.399999999999977,0.9481666666666665,0.015201944102436207,8.743725387698532,1.641081976665598e-5,0.0,0.0,
2022/04/09 00:00,22.692889093990573,0.724727870906695,0.012519734512201494,22.171244751044014,0.8900315768345386,0.014952521817091514,-1.8674144836757025,-1.550559097699912e-5,-0.0,21.399999999999977,0.9498333333333333,0.015229320012349966,8.834596749270986,1.6575940512503933e-5,0.0,0.0,
2022/04/09 00:10,22.684155289214402,0.7250380349665948,0.012518431211639296,22.155734225830372,0.8916056733388245,0.014965115346579272,-1.9547698631475898,-1.5558707035612633e-5,-0.0,21.370000000000005,0.9514923831476586,0.015227862219451084,8.834093027393237,1.6582074685940034e-5,0.0,0.0,
2022/04/09 00:20,22.673765879371672,0.7253301907904383,0.012515525487356344,22.133707557688183,0.8930919377287216,0.01497007370073724,-1.9843931693731067,-1.557107969396721e-5,-0.0,21.336666666666645,0.9531537300290068,0.015223200602838325,8.828367944841375,1.6579176541008732e-5,0.0,0.0,
2022/04/09 00:30,22.662194935592254,0.7256175082395759,0.012511617402896516,22.109834181141878,0.8945194690205694,0.014972255170037559,-1.9751105246666611,-1.557000656969745e-5,-0.0,21.30333333333334,0.9548183928410839,0.01521853905442883,8.825911277517207,1.6581962381505687e-5,0.0,0.0,
2022/04/09 00:40,22.649766322632047,0.7259067063401402,0.012507076655585236,22.08503835880896,0.8959024059458042,0.014972768343334738,-1.9387870189223124,-1.5562177834577093e-5,-0.0,21.269999999999982,0.9564863789518812,0.015213877574221105,8.825517628209582,1.6588307382820895e-5,0.0,0.0,
2022/04/09 00:50,22.63670359920883,0.7262012032933481,0.01250213681366041,22.059709005993113,0.8972498517224184,0.014972135319481286,-1.8843917857009274,-1.5552055494990713e-5,-0.0,21.23666666666668,0.9581576957472904,0.015209216162213648,8.826425448259215,1.6596873904357003e-5,0.0,0.0,
2022/04/09 01:00,22.623153893969402,0.7265022352703572,0.01249693365316987,22.034046390754042,0.89856829394786,0.014970656713079424,-1.8190572556358122,-1.5542588467343063e-5,-0.0,21.20333333333332,0.9598323506311622,0.015204554818404969,8.8281920401962,1.6606888724854054e-5,0.0,0.0,
2022/04/09 01:10,22.60929118928732,0.726799372632764,0.012491418997590386,22.007864117079293,0.8998347204384164,0.014967768610568475,-1.7947210760286227,-1.551555424328583e-5,-0.0,21.185000000000002,0.9600020144764868,0.015189788334729726,8.798026477819803,1.6553395678807064e-5,0.0,0.0,
2022/04/09 01:20,22.59514427700657,0.7270845224123589,0.012485473781548153,21.981606466233075,0.9010234860502128,0.014963454574835423,-1.7841343571069503,-1.547993513974653e-5,-0.0,21.16833333333335,0.9600034215423074,0.015173899806356387,8.765606332822927,1.6495145530521713e-5,0.0,0.0,
2022/04/09 01:30,22.580707299808125,0.7273600923875633,0.012479136421948247,21.955527803462417,0.9021427707544151,0.014958097760739864,-1.7756839388823664,-1.5443669109428313e-5,-0.0,21.151666666666642,0.9600039516561771,0.015158012070334223,8.734467354373692,1.643916194757827e-5,0.0,0.0,
2022/04/09 01:40,22.56598566023405,0.7276270792806786,0.01247242925007141,21.929699034906946,0.9031990398054099,0.01495187972688717,-1.7697905254442505,-1.5408043230942957e-5,-0.0,21.13499999999999,0.9600036027856647,0.01514212512660397,8.704536731194366,1.6385313343013184e-5,0.0,0.0,
2022/04/09 01:50,22.55098051539983,0.7278860327938694,0.012465363465565047,21.904150321356497,0.9041977148723416,0.014944925451868046,-1.7668961739678937,-1.5373628338045775e-5,-0.0,21.11833333333334,0.9600023728944223,0.015126238975106355,8.67577794667136,1.633353353501381e-5,0.0,0.0,
2022/04/09 02:00,22.535690199972407,0.7281373096620064,0.012457944709508678,21.878893221706733,0.9051434557255637,0.014937328955903807,-1.7672193293736884,-1.5340636991125895e-5,-0.0,21.101666666666688,0.960000259942244,0.015110353615782128,8.648172607882316,1.628378883304201e-5,0.0,0.0,
2022/04/09 02:10,22.521688271437824,0.7283957875774086,0.012451647232227749,21.870404104699674,0.9060731700263654,0.014945106104636402,-1.9241329687719146,-1.5383419819331898e-5,-0.0,21.160000000000025,0.9569692206959601,0.015116851088401941,8.689890510046098,1.6338900248806415e-5,0.0,0.0,
2022/04/09 02:20,22.510105888517444,0.7286626444737845,0.012447362591353638,21.872404605345878,0.9069748223162795,0.014962207410179588,-2.1989534721058135,-1.5460006750450823e-5,-0.0,21.226666666666688,0.9536145068499521,0.015125835734667836,8.733154987593252,1.639494466261539e-5,0.0,0.0,
2022/04/09 02:30,22.500182463179783,0.7289260686102182,0.012444296666014992,21.87830250226301,0.907819831258096,0.014982006959872422,-2.5336162294632913,-1.5545554499665203e-5,-0.0,21.29333333333335,0.9502732282230709,0.015134820634340946,8.772446672416663,1.6444113632407758e-5,0.0,0.0,
2022/04/09 02:40,22.49144501738425,0.7291808696445206,0.012441993796044448,21.886749265531705,0.9085978383738627,0.01500307766593368,-2.90721489832265,-1.5633314802856523e-5,-0.0,21.360000000000014,0.9469453249317824,0.015143805787432012,8.809251243388871,1.64890095361589e-5,0.0,0.0,
2022/04/09 02:50,22.483584030813404,0.7294253873528332,0.01244018632840215,21.897145405722085,0.9093041455683384,0.015024784763865371,-3.3049567516798106,-1.5718776704717958e-5,-0.0,21.426666666666677,0.9436307373845866,0.015152791193951739,8.844441382612558,1.6531153131684953e-5,0.0,0.0,
2022/04/09 03:00,22.476408610147075,0.7296602208600624,0.012438737569315928,21.909157814645596,0.9099367434529496,0.015046786020748187,-3.715505759161602,-1.579904007316328e-5,-0.0,21.49333333333334,0.9403294062804951,0.015161776853910864,8.878462779823622,1.6571312833632806e-5,0.0,0.0,
2022/04/09 03:10,22.468160998711994,0.7298832986946018,0.01243625639112679,21.906518396338356,0.9104905694677092,0.015053681584293961,-3.930401607600516,-1.5818977041357582e-5,-0.0,21.470000000000027,0.9414922988613521,0.015158779143396047,8.876778627467047,1.6573290734625128e-5,0.0,0.0,
2022/04/09 03:20,22.457691059917124,0.730103613246347,0.012432013133799512,21.894947851504185,0.9110108044029074,0.015051598831131763,-4.01363844675359,-1.5811410456982938e-5,-0.0,21.436666666666667,0.9431535867596318,0.015154449987672515,8.876498555961234,1.6580339124092178e-5,0.0,0.0,
2022/04/09 03:30,22.445779185637946,0.7303321081320592,0.012426800471171142,21.880668698230977,0.9115251269257684,0.015046861722561734,-4.033161260426255,-1.579321734232986e-5,-0.0,21.403333333333308,0.9448182272460185,0.015150120890777215,8.879379419824318,1.659281610225448e-5,0.0,0.0,
2022/04/09 03:40,22.432917307971024,0.7305743318789619,0.012421094318106288,21.86488142074694,0.9120444387680393,0.015040785425076485,-4.008102120463378,-1.5770067727949252e-5,-0.0,21.370000000000005,0.9464862278591182,0.015145791852708944,8.883869499828052,1.6608002438195344e-5,0.0,0.0,
2022/04/09 03:50,22.419444822116077,0.7308325326923979,0.012415195178121194,21.848089366199986,0.9125745277985146,0.015033941884952967,-3.9518177345502186,-1.5746108081317027e-5,-0.0,21.336666666666645,0.9481575961561277,0.015141462873466505,8.888989005004305,1.6624188236537423e-5,0.0,0.0,
2022/04/09 04:00,22.405589300982342,0.7311066791932128,0.012409277499864974,21.83055565939418,0.9131187507399757,0.015026635395584393,-3.874698046960248,-1.5724209341851e-5,-0.0,21.30333333333334,0.9498323397128249,0.015137133953048705,8.894169145964497,1.6640388419779376e-5,0.0,0.0,
2022/04/09 04:10,22.391105618214965,0.7313728626884007,0.01240273879231186,21.806403958871158,0.9136239928355472,0.015012451704537452,-3.8116421080434297,-1.5647434070947017e-5,-0.0,21.269999999999982,0.9500079546935865,0.015108328747294605,8.821569284246152,1.651330669578625e-5,0.0,0.0,
2022/04/09 04:20,22.375659722549813,0.7316162965799864,0.012395067678457087,21.778433454586434,0.9140485559013009,0.014993334018137114,-3.7290191612555645,-1.5544411986464494e-5,-0.0,21.23666666666668,0.9500135212757621,0.015076806914180304,8.74380407372746,1.6376419281592756e-5,0.0,0.0,
2022/04/09 04:30,22.359500031418406,0.7318446063680616,0.012386588966824487,21.749274564064308,0.9144103889936359,0.014972066790945258,-3.6265079980802284,-1.5436564027016904e-5,-0.0,21.20333333333332,0.9500156282228538,0.015045288200085981,8.66868220330116,1.6244162606245948e-5,0.0,0.0,
2022/04/09 04:40,22.342797790370923,0.7320608868968076,0.012377489277469525,21.719502476135006,0.9147194942435183,0.01494936560168902,-3.511913778988856,-1.5328184165956397e-5,-0.0,21.170000000000016,0.9500142594818665,0.015013772604548734,8.595595197233251,1.6115465151111046e-5,0.0,0.0,
2022/04/09 04:50,22.325660964429176,0.7322663227911016,0.012367873306160253,21.689377240771762,0.914982900677363,0.014925598145819922,-3.391173064586042,-1.5221722825603609e-5,-0.0,21.136666666666656,0.9500093989382711,0.014982260127105742,8.524201693725217,1.598972896886613e-5,0.0,0.0,
2022/04/09 05:00,22.308150905777723,0.7324610142477177,0.012357791094663636,21.659040639544912,0.9152059682246936,0.014900991829775577,-3.2687644230782102,-1.5118542890551273e-5,-0.0,21.103333333333353,0.9500010304157355,0.01495075076729429,8.454338530212908,1.586667099335677e-5,0.0,0.0,
2022/04/09 05:10,22.29178605894697,0.7326696115234346,0.012348831338571585,21.64528576632017,0.9154504827848121,0.014892234517628777,-3.2541778276117843,-1.5113147255132808e-5,-0.0,21.129999999999995,0.948492276002092,0.01495148962223487,8.485960827237932,1.591244588241589e-5,0.0,0.0,
2022/04/09 05:20,22.277728933229184,0.7328997295820238,0.012342013065764075,21.64161767877772,0.915733731989167,0.014893530790061288,-3.3419983143443237,-1.5155581883070952e-5,-0.0,21.163333333333355,0.9468202342291728,0.014955811477362033,8.522283186518962,1.5965469989198154e-5,0.0,0.0,
2022/04/09 05:30,22.265248901287862,0.733135181579335,0.012336495531033224,21.641286024858175,0.9160242651926385,0.014898059753414258,-3.4896373631886495,-1.5213309452893618e-5,-0.0,21.19666666666666,0.9451515610429614,0.014960133391139056,8.554364683780932,1.6011111198270935e-5,0.0,0.0,
2022/04/09 05:40,22.253868464764366,0.7333679930753838,0.012331774873637572,21.64292435152595,0.9163086917255862,0.014904325702208213,-3.6779790358741598,-1.5278016179978173e-5,-0.0,21.230000000000018,0.9434862488866907,0.014964455363567136,8.583848155714122,1.6052261543503124e-5,0.0,0.0,
2022/04/09 05:50,22.243265699916435,0.7335944954319467,0.01232754114605652,21.645939642642645,0.9165794128956329,0.014911650478857487,-3.8929936581507723,-1.5344097209552146e-5,-0.0,21.26333333333332,0.9418242902221808,0.014968777394647467,8.611744185440102,1.6090693165920675e-5,0.0,0.0,
2022/04/09 06:00,22.23323486041562,0.7338138583793397,0.01232362242003947,21.650012900479737,0.9168316998654215,0.014919658918355625,-4.123680487479079,-1.5407839192567833e-5,-0.0,21.29666666666668,0.9401656775297454,0.01497309948438124,8.638613344593978,1.6127382315320044e-5,0.0,0.0,
2022/04/09 06:10,22.222171301647336,0.734002050905325,0.012318379722587357,21.63832841030893,0.9170060269981285,0.014911647272253503,-4.2553693268126835,-1.5373904191093512e-5,-0.0,21.269999999999982,0.9400078709599697,0.014945472399501197,8.565629105345579,1.5998370018760252e-5,0.0,0.0,
2022/04/09 06:20,22.208864682249214,0.7341526979062085,0.012310780549996809,21.617272526552767,0.9170872649616238,0.01489334429583134,-4.290040241038469,-1.5291110145477994e-5,-0.0,21.23666666666668,0.9400133789465436,0.014914298301955235,8.488763121466263,1.5863609490616147e-5,0.0,0.0,
2022/04/09 06:30,22.194017173583518,0.7342832882052174,0.012301664496033902,21.59350626037127,0.9171081165695217,0.014871532714955444,-4.267639552976448,-1.5191413134056415e-5,-0.0,21.20333333333332,0.9400154637152448,0.01488312725577501,8.416852874478764,1.573751856462447e-5,0.0,0.0,
2022/04/09 06:40,22.1780962579777,0.7344031673221294,0.012291551213241448,21.568345268155667,0.917083465133828,0.014847697758031343,-4.205404896716232,-1.508304257385445e-5,-0.0,21.170000000000016,0.9400141093820574,0.01485195926051254,8.348204037106598,1.5617107842162524e-5,0.0,0.0,
2022/04/09 06:50,22.161425763188618,0.7345172977342268,0.012280774674960629,21.54234420098004,0.9170224800458402,0.01482251564422901,-4.116078327546688,-1.4971704275096703e-5,-0.0,21.136666666666656,0.9400093000020788,0.014820794315719922,8.281727688646697,1.5500461907334956e-5,0.0,0.0,
2022/04/09 07:00,22.144220746238148,0.7346276554073065,0.012269534096411596,21.515791235082418,0.9169314798633874,0.014796364588201638,-4.0097907473563055,-1.4861293960909e-5,-0.0,21.103333333333353,0.9400010195692541,0.014789632420949349,8.216774286909413,1.5386443726335546e-5,0.0,0.0,
2022/04/09 07:10,22.130635422061346,0.734784122714053,0.012261844082282848,21.53207192528481,0.9169244138896683,0.014811354253837615,-4.243696004622848,-1.4968564981367866e-5,-0.0,21.25,0.9338792420765218,0.014827068719151178,8.363908515447292,1.56094381434475e-5,0.0,0.0,
2022/04/09 07:20,22.123726881689606,0.7349959551588073,0.012260184462277614,21.57474745618373,0.9169976180873071,0.014852231604841216,-4.756677270964361,-1.5176511849101628e-5,-0.0,21.416666666666686,0.9271289241754607,0.014872132910529242,8.516251385653504,1.5837527788763043e-5,0.0,0.0,
2022/04/09 07:30,22.12158163965381,0.7352261023614355,0.012262464355017906,21.62641579720008,0.9170700389318633,0.014901590061734948,-5.4166675071877535,-1.5413141815291098e-5,-0.0,21.583333333333314,0.9204313875876705,0.014917203480169665,8.655770280709476,1.604302500090053e-5,0.0,0.0,
2022/04/09 07:40,22.12297953003832,0.7354563701217685,0.012267446210801837,21.683534478697425,0.9171064432431375,0.014955599082099449,-6.172992048407195,-1.5659823234322976e-5,-0.0,21.75,0.9137862190268136,0.014962280429426685,8.786500232740309,1.623302979598117e-5,0.0,0.0,
2022/04/09 07:50,22.127104379054458,0.7356785802504069,0.012274371612036815,21.74455857515369,0.917086367985724,0.015012507618194627,-6.989380555853586,-1.590393117213141e-5,-0.0,21.916666666666686,0.9071930079448474,0.015007363759654918,8.910914064828603,1.6411877463465646e-5,0.0,0.0,
2022/04/09 08:00,22.13343669105143,0.7358911454596474,0.012282820319597694,21.808654184714726,0.9169967183827363,0.015071335949608187,-7.837833857871601,-1.6137119371173738e-5,-0.0,22.083333333333314,0.9006513465291672,0.015052453472209374,9.030381970007738,1.6581954361117134e-5,0.0,0.0,
2022/04/09 08:10,22.139297271526857,0.7360193653405607,0.012289477241732148,21.844964707411634,0.9166479044550114,0.015099725333964894,-8.654366924602641,-1.612724015126369e-5,-0.0,22.189999999999998,0.8923312331424282,0.015009638043199342,8.869077492782026,1.6255017712976728e-5,0.0,0.0,
2022/04/09 08:20,22.14241950352806,0.736030331200302,0.012292048400484324,21.865896113894223,0.9159231077670141,0.015107261854282543,-9.341706389305388,-1.598656643818526e-5,-0.0,22.29000000000002,0.883881093787642,0.01495706323191743,8.689274195350436,1.589572116918067e-5,0.0,0.0,
2022/04/09 08:30,22.14393400762185,0.7359673622770461,0.012292132679774205,21.883844976974274,0.9148896759158992,0.015106750492413666,-9.924673570588425,-1.5796274169765252e-5,-0.0,22.389999999999986,0.8755047493494811,0.014904497098314793,8.517607655740903,1.5551184525828984e-5,0.0,0.0,
2022/04/09 08:40,22.14465145278649,0.7358544566887314,0.0122907575487838,21.90125491897504,0.913580573858198,0.015101040692236471,-10.429558625167488,-1.5575887910924977e-5,-0.0,22.49000000000001,0.8672015442391479,0.01485193964024319,8.350727806248187,1.5215463443504976e-5,0.0,0.0,
2022/04/09 08:50,22.1451471870933,0.735705612061189,0.012288600828549483,21.91914546315769,0.9120171826106112,0.015091442783471888,-10.877334385156132,-1.5338871760792627e-5,-0.0,22.589999999999975,0.8589708289401121,0.014799390855555065,8.186424606077026,1.4884646574907684e-5,0.0,0.0,
2022/04/09 09:00,22.14580976863391,0.7355279529694077,0.01228608053267374,21.938039740603642,0.9102147554338055,0.01507869375496786,-11.285333496471708,-1.509454835358961e-5,-0.0,22.689999999999998,0.8508119599490551,0.014746850742103596,8.023335115920418,1.4556330056490806e-5,0.0,0.0,
2022/04/09 09:10,22.14809581610473,0.7353945077711039,0.012285552348925035,21.976924864939576,0.908358769045487,0.015083814688615558,-11.582158924029502,-1.5030480883942889e-5,-0.0,22.79000000000002,0.8469690152971053,0.01477009061240709,8.100830796737455,1.4669009714012816e-5,0.0,0.0,
2022/04/09 09:20,22.15345715778318,0.7353446955861656,0.012288796486305844,22.027543339659985,0.9065985984955018,0.015101560149866043,-11.899337004545032,-1.5062832128450404e-5,-0.0,22.889999999999986,0.8436141379147809,0.014801752942083229,8.193488241671048,1.4810068693501898e-5,0.0,0.0,
2022/04/09 09:30,22.161343989048703,0.7353461134374447,0.012294843527209168,22.0820173688341,0.9048931724581661,0.0151238276024281,-12.255930235740493,-1.5126593938279474e-5,-0.0,22.99000000000001,0.8402727792303869,0.014833418420628906,8.27701709355756,1.4934904274633448e-5,0.0,0.0,
2022/04/09 09:40,22.171326080626386,0.7353805172857204,0.012303057236221764,22.138741970930084,0.9032229833851361,0.01514878516906108,-12.639091414547465,-1.5207780322808985e-5,-0.0,23.089999999999975,0.8369448949579072,0.014865087048513888,8.353491797904326,1.5047216699547568e-5,0.0,0.0,
2022/04/09 09:50,22.183097645478426,0.7354365330236621,0.012313013499908005,22.197027483506872,0.9015755487647088,0.015175578513963147,-13.037451363886705,-1.5296949581296397e-5,-0.0,23.189999999999998,0.8336304407770688,0.01489675882620803,8.424295177037948,1.5149468492025461e-5,0.0,0.0,
2022/04/09 10:00,22.196456831057617,0.7355074861614799,0.012324447588941736,22.256510042402795,0.8999419505899225,0.015203718082779791,-13.44126843006734,-1.538759358674243e-5,-0.0,23.29000000000002,0.830329372336675,0.01492843375418128,8.490290381798104,1.5243194744074317e-5,0.0,0.0,
2022/04/09 10:10,22.20942925136484,0.7355128484002741,0.012334473253912554,22.291507960422507,0.8981186393357778,0.015205310091698124,-13.867446270963343,-1.526208940601173e-5,-0.0,23.360000000000014,0.8239027995930006,0.014874369999594116,8.281326989553008,1.484343302596973e-5,0.0,0.0,
2022/04/09 10:20,22.220177479638835,0.735410877438898,0.012340964340799598,22.313100792560476,0.8959600652629386,0.01518830537639727,-14.202436621004042,-1.502284299452023e-5,-0.0,23.426666666666677,0.8171687073820307,0.014810791593689738,8.05286558348098,1.4408746268297878e-5,0.0,0.0,
2022/04/09 10:30,22.229611945862416,0.7352372741550188,0.012345224055434282,22.331889799879775,0.8935260213418236,0.015163786678379004,-14.453132637812589,-1.4745761495649903e-5,-0.0,23.49333333333334,0.8104770716299785,0.014747225880430563,7.831720945395546,1.3987331167685424e-5,0.0,0.0,
2022/04/09 10:40,22.2383865390089,0.7350106959944925,0.012348070400317879,22.35003153779286,0.8908448741281398,0.01513428012421487,-14.642825354185904,-1.4447620114520291e-5,-0.0,23.560000000000002,0.8038276312249324,0.014683672856016078,7.615225967797642,1.3574458230368108e-5,0.0,0.0,
2022/04/09 10:50,22.246951163231813,0.7347415438943091,0.012350024924231371,22.368460204491953,0.8879345198462226,0.01510096709266791,-14.790130443202543,-1.4139534765610693e-5,-0.0,23.626666666666665,0.7972201267018955,0.014620132516647273,7.401680129803026,1.3167120420851924e-5,0.0,0.0,
2022/04/09 11:00,22.25559575527501,0.7344347504941084,0.012351393362815372,22.387675672770968,0.8848074758738309,0.015064520672140787,-14.91013224526455,-1.3828934843499795e-5,-0.0,23.693333333333328,0.7906543002319422,0.014556604858526676,7.19008656873757,1.2763561532390139e-5,0.0,0.0,
2022/04/09 11:10,22.263985272740854,0.7341230898387797,0.012352480180798044,22.406314036543733,0.8815643435851477,0.01502540288883966,-14.841190595884088,-1.3572745042984568e-5,-0.0,23.69999999999999,0.7885000000000001,0.01452198071223853,7.073651059010217,1.255120287209252e-5,0.0,0.0,
2022/04/09 11:20,22.27211107767664,0.7338295737336692,0.012353673694351336,22.424249066297534,0.8783243573837476,0.014985577581659141,-14.695734937898807,-1.3353103954588995e-5,-0.0,23.69999999999999,0.7868333333333333,0.01449057023776485,6.967345837559151,1.2359207058534416e-5,0.0,0.0,
2022/04/09 11:30,22.280228958672353,0.7335437553693441,0.012354991071405912,22.441879946187044,0.8750910382094921,0.014945483377811736,-14.531995798772074,-1.3149623693473494e-5,-0.0,23.69999999999999,0.7851666666666667,0.01445916286316597,6.860646866604384,1.2166487462284938e-5,0.0,0.0,
2022/04/09 11:40,22.288438026114818,0.7332587127883513,0.012356389561285675,22.45928875313757,0.8718667376945363,0.014905240243110919,-14.35884822346054,-1.2958639447771542e-5,-0.0,23.69999999999999,0.7835,0.014427758587983024,6.753693533124306,1.1973324503761836e-5,0.0,0.0,
2022/04/09 11:50,22.29678533366547,0.732969120303008,0.012357813709564016,22.476516866843042,0.8686533687286261,0.014864922086928505,-14.180837378768842,-1.2777484913954671e-5,-0.0,23.69999999999999,0.7818333333333334,0.014396357411757234,6.6466666446413,1.1780061510156627e-5,0.0,0.0,
2022/04/09 12:00,22.305290908484153,0.7326709188366397,0.012359208940842638,22.493588160277966,0.8654525674804752,0.014824581496615294,-14.000534431163489,-1.2604066607274199e-5,-0.0,23.69999999999999,0.7801666666666667,0.01436495933402992,6.539744142610971,1.1587029761096605e-5,0.0,0.0,
2022/04/09 12:10,22.31486421534038,0.7323981127399467,0.012361858054328802,22.52303204606443,0.8623787447771945,0.014797756517906444,-13.809069381381391,-1.2540114841248724e-5,-0.0,23.714999999999975,0.7800015750814279,0.014375124898559334,6.564251512446845,1.1629750725033374e-5,0.0,0.0,
2022/04/09 12:20,22.326363654968418,0.7321677921278017,0.012366715292779877,22.559193159236486,0.8595139962096591,0.014780634492555634,-13.659205266784513,-1.2533637783097285e-5,-0.0,23.731666666666683,0.7800026711530714,0.014389909108784212,6.59661837909789,1.1686746761071907e-5,0.0,0.0,
2022/04/09 12:30,22.339322498051047,0.7319608038141165,0.012373095061209803,22.596817638384778,0.8568225793387482,0.014767756993770463,-13.546255883055666,-1.2546363576457311e-5,-0.0,23.748333333333335,0.7800030802932626,0.01440469400595596,6.624023280347501,1.1735004087572791e-5,0.0,0.0,
2022/04/09 12:40,22.353406671816856,0.7317668816204064,0.012380566001883553,22.634823528819766,0.8542859426436564,0.014757818956476921,-13.458426847835769,-1.2569195705261797e-5,-0.0,23.764999999999986,0.7800028040605722,0.014419479590122457,6.647872657169273,1.177701897391614e-5,0.0,0.0,
2022/04/09 12:50,22.368385029905255,0.7315801670847174,0.012388851185759787,22.672742292560088,0.8518910139028804,0.01475017647901573,-13.386514836353742,-1.2596173532043105e-5,-0.0,23.781666666666638,0.7800018440106807,0.01443426586133159,6.669069436165273,1.1814390010780703e-5,0.0,0.0,
2022/04/09 13:00,22.384105595756864,0.7313976985616253,0.012397784051904063,22.71032890985515,0.8496274643009905,0.014744438576778846,-13.323245019047365,-1.2623377584056468e-5,-0.0,23.798333333333346,0.7800002016962956,0.014449052819631237,6.688156689002199,1.1848075662721733e-5,0.0,0.0,
2022/04/09 13:10,22.39956409316028,0.7311660486495032,0.012405668473297509,22.733288895291082,0.8473140234456206,0.014724319766056917,-13.32577578549774,-1.2512261314632969e-5,-0.0,23.814999999999998,0.7769861986565946,0.014406700050585605,6.524358455169022,1.1548108890396515e-5,0.0,0.0,
2022/04/09 13:20,22.413726962043484,0.7308557325499625,0.012411195374509274,22.7484215960161,0.8448083955110137,0.014693548279196557,-13.299640903147747,-1.2326791909238265e-5,-0.0,23.83166666666665,0.7736432561974005,0.01435800546112075,6.347569420371201,1.1224221564414222e-5,0.0,0.0,
2022/04/09 13:30,22.427035717785657,0.730490228064077,0.012415107007208772,22.761744969479366,0.8421556061763346,0.014658440483215962,-13.233518587411483,-1.2116327500486192e-5,-0.0,23.848333333333358,0.7703063313041186,0.014309318322808209,6.176071258983029,1.0909852212450633e-5,0.0,0.0,
2022/04/09 13:40,22.43982391616214,0.730082261312374,0.012417878177161936,22.774472539893054,0.8393781771328329,0.01462050600018224,-13.13877604241668,-1.1891734427846775e-5,-0.0,23.86500000000001,0.7669754141783837,0.014260638633937874,6.008315862417248,1.0602245964527233e-5,0.0,0.0,
2022/04/09 13:50,22.452320705936074,0.7296393852308571,0.012419814563882551,22.78711721034108,0.8364911819118797,0.014580477822495852,-13.025068019792343,-1.1660219054393924e-5,-0.0,23.88166666666666,0.7636504950377506,0.014211966392800153,5.843306557806272,1.0299632922391733e-5,0.0,0.0,
2022/04/09 14:00,22.464670840665235,0.7291657087665697,0.0124210975812137,22.799941168224166,0.8335058875649455,0.014538790411504583,-12.900390347870713,-1.1426622269235748e-5,-0.0,23.898333333333312,0.7603315641157204,0.014163301597685982,5.680451840197975,1.000096483588538e-5,0.0,0.0,
2022/04/09 14:10,22.476514379974674,0.7286977344233616,0.012422083537232152,22.812331180732485,0.8305588102534043,0.01449732586107603,-12.594005626369837,-1.1255773486159764e-5,-0.0,23.855000000000018,0.7614908757098342,0.014147637914799498,5.626165734172218,9.917184523091963e-6,0.0,0.0,
2022/04/09 14:20,22.487859002085145,0.728261371685547,0.012423229373507224,22.82333013817572,0.827802821692413,0.01445796284456548,-12.220768021011281,-1.1124693277619095e-5,-0.0,23.805000000000007,0.7631511685159712,0.014135640997082184,5.58331381763719,9.855996857032325e-6,0.0,0.0,
2022/04/09 14:30,22.498900560151014,0.7278458768073062,0.01242449997403469,22.832786903695705,0.8252294683625099,0.014420431321670556,-11.837030183173171,-1.1009501260663854e-5,-0.0,23.754999999999995,0.7648154331183669,0.01412364453184889,5.540056582891566,9.793971480911333e-6,0.0,0.0,
2022/04/09 14:40,22.509701668904995,0.72744469249585,0.012425830026421919,22.84065074926093,0.8228310251854634,0.014384563623891811,-11.449464900449016,-1.0905961790047098e-5,-0.0,23.704999999999984,0.7664836793029863,0.014111648519074016,5.4966069807462645,9.73151435567702e-6,0.0,0.0,
2022/04/09 14:50,22.5202882795831,0.7270530305383784,0.012427156511414761,22.846914087675998,0.8206000452243404,0.014350234295850068,-11.06125505328805,-1.0811271359714865e-5,-0.0,23.654999999999973,0.7681559168780463,0.01409965295873197,5.453170485236569,9.669008480401513e-6,0.0,0.0,
2022/04/09 15:00,22.53066829080791,0.7266673680114525,0.012428424357501498,22.851590527768508,0.8185292217119192,0.014317337759768387,-10.674230148189851,-1.0723434899559067e-5,-0.0,23.605000000000018,0.7698321556740925,0.014087657850797155,5.4099266568064195,9.606784791743706e-6,0.0,0.0,
2022/04/09 15:10,22.540353076088024,0.7263021816090014,0.01242951014597782,22.851707814416045,0.8166792064761337,0.014284338861408407,-10.167582531865378,-1.06644124167169e-5,-0.0,23.50999999999999,0.774419219988988,0.014090753123874339,5.416478576323698,9.64801008578583e-6,0.0,0.0,
2022/04/09 15:20,22.549142804628843,0.725969491008981,0.01243047051068565,22.847679000493315,0.8151298399879916,0.01425305803505095,-9.610152480485114,-1.0625788620313386e-5,-0.0,23.410000000000025,0.7793625488276664,0.01409552514632632,5.428906476870225,9.701190657755907e-6,0.0,0.0,
2022/04/09 15:30,22.5572391146074,0.725663660131265,0.012431363146432332,22.840440406082735,0.8138687243541206,0.014224118043680312,-9.04169538886265,-1.059686237882719e-5,-0.0,23.310000000000002,0.7843409651649703,0.01410029724037931,5.441555440978846,9.754640549124283e-6,0.0,0.0,
2022/04/09 15:40,22.56472970872443,0.7253808695352629,0.012432189503764084,22.830212952761087,0.8128806328299065,0.01419745030172324,-8.469056388495346,-1.0575692646917759e-5,-0.0,23.20999999999998,0.7893547420638746,0.014105069406034917,5.454420739154102,9.80837311557927e-6,0.0,0.0,
2022/04/09 15:50,22.571657779818338,0.7251180262935119,0.012432929292431451,22.81714539291454,0.8121499910526347,0.014172911744048416,-7.896501474950242,-1.0561117913705493e-5,-0.0,23.110000000000014,0.7944041548923771,0.01410984164329475,5.4675685277084085,9.862520392201371e-6,0.0,0.0,
2022/04/09 16:00,22.578037352363367,0.7248725535170322,0.012433548660487539,22.80136803253714,0.8116614419681407,0.014150343356259776,-7.327178846154539,-1.0552365626725143e-5,-0.0,23.00999999999999,0.7994894813443771,0.014114613952160428,5.481109180836484,9.917288080627556e-6,0.0,0.0,
2022/04/09 16:10,22.584745722779076,0.7246478523048151,0.01243478315257817,22.792235510567593,0.8114191777948707,0.014138015738192287,-6.858747458250606,-1.0584837521038069e-5,-0.0,22.954999999999984,0.8029686445008873,0.014129238668844683,5.5247679746482845,1.0014470805142596e-5,0.0,0.0,
2022/04/09 16:20,22.592377781444668,0.7244409533776415,0.012437039489185673,22.786368909238377,0.8113867769589244,0.014132296514968326,-6.464704873218921,-1.0637137685786825e-5,-0.0,22.904999999999973,0.8062800416598097,0.014144958831210194,5.568666744872189,1.011093151354979e-5,0.0,0.0,
2022/04/09 16:30,22.600477310076485,0.7242445815844168,0.012439839433841835,22.780317785104046,0.8115267872519492,0.014129487787524236,-6.111552326879633,-1.0697203819639817e-5,-0.0,22.855000000000018,0.8096050776911915,0.014160679770554964,5.6107956157520675,1.0204304890756697e-5,0.0,0.0,
2022/04/09 16:40,22.6087435518715,0.7240550095481868,0.012442886352642008,22.773490349200756,0.8118177461325847,0.014128685623724492,-5.788896950713252,-1.0761415966303627e-5,-0.0,22.805000000000007,0.812943811285538,0.014176401486936597,5.652121761579792,1.0296287195530552e-5,0.0,0.0,
2022/04/09 16:50,22.616960793748945,0.723870553758407,0.012445984721324129,22.765685104173315,0.8122437690497322,0.0141294275100989,-5.489548134880807,-1.0827278437562564e-5,-0.0,22.754999999999995,0.816296301400024,0.014192123980412707,5.693282688910585,1.0387992012629154e-5,0.0,0.0,
2022/04/09 17:00,22.6249755145804,0.7236909115027155,0.012449011000195555,22.756833088679684,0.8127920726152587,0.014131422014777649,-5.20799426634369,-1.0893138847441354e-5,-0.0,22.704999999999984,0.819662607259827,0.014207847251040906,5.73468119879044,1.0480118524762644e-5,0.0,0.0,
2022/04/09 17:10,22.632697286710197,0.7235026500392561,0.012451659699042467,22.74563818999053,0.8133968373442034,0.014132359229928752,-4.990936746534659,-1.0928496936584189e-5,-0.0,22.670000000000016,0.8214913089400763,0.014209371473855129,5.73101484749759,1.0485378951826982e-5,0.0,0.0,
2022/04/09 17:20,22.639958465841232,0.7232974031933956,0.012453654296315052,22.73312771340585,0.8139972636329591,0.014132057281157942,-4.798325389564298,-1.0945886725452992e-5,-0.0,22.636666666666656,0.823151904121819,0.014209317977203472,5.7243370423773285,1.0484535372254995e-5,0.0,0.0,
2022/04/09 17:30,22.64670904440021,0.7230813510483982,0.0124550642988697,22.719993130894977,0.8146002338956825,0.014131244398965282,-4.613755522428279,-1.0956627486670061e-5,-0.0,22.603333333333353,0.824816282430831,0.01420926448056081,5.71956530690386,1.0487056696202756e-5,0.0,0.0,
2022/04/09 17:40,22.65293129403119,0.7228584533513647,0.012455945322662667,22.706388075815198,0.8152092247000174,0.014130116739973256,-4.435866949293086,-1.0963181364024396e-5,-0.0,22.569999999999993,0.8264844533907904,0.01420921098392715,5.716518305388718,1.0492606116956708e-5,0.0,0.0,
2022/04/09 17:50,22.65861353257219,0.7226315992920234,0.01245633899092209,22.69238113158275,0.815826441901979,0.01412877322287304,-4.264201298560125,-1.096725980136754e-5,-0.0,22.53666666666669,0.8281564265515282,0.01420915748730248,5.715060325401964,1.0500931958174191e-5,0.0,0.0,
2022/04/09 18:00,22.66374579273196,0.7224029097186553,0.01245627486089235,22.67800991584062,0.8164533975381442,0.014127273216237612,-4.09860794486292,-1.0970097174579408e-5,-0.0,22.50333333333333,0.8298322114890517,0.014209103990686813,5.7150949956214845,1.0511855068720915e-5,0.0,0.0,
2022/04/09 18:10,22.66731200833874,0.7221764561052004,0.012455041198450733,22.65372557817699,0.8171041086319712,0.014117494512696858,-3.799854309889952,-1.0950566277841901e-5,-0.0,22.410000000000025,0.8344234889478543,0.014206842108971742,5.711742489251719,1.0533406393623766e-5,0.0,0.0,
2022/04/09 18:20,22.668667450841895,0.7219605913257083,0.012452288487683545,22.622849364961326,0.8178356153902854,0.014103362330433156,-3.423118593522645,-1.0924771589259986e-5,-0.0,22.310000000000002,0.8393698267636865,0.014204334869907673,5.712542849125839,1.0563929223015428e-5,0.0,0.0,
2022/04/09 18:30,22.668281773651927,0.7217596068639642,0.01244845536194105,22.589000583882523,0.8186655047132966,0.014088357638228364,-3.016606530295576,-1.0899213744283581e-5,-0.0,22.20999999999998,0.844349402282673,0.014201827650605174,5.716865963758892,1.0600474683867937e-5,0.0,0.0,
2022/04/09 18:40,22.66643278972407,0.7215753431831385,0.012443789409728736,22.55291433941295,0.8195970269992401,0.014073175693816916,-2.593040091791181,-1.0876482065746947e-5,-0.0,22.110000000000014,0.8493624632515968,0.014199320451064014,5.723904571446383,1.064163469498565e-5,0.0,0.0,
2022/04/09 18:50,22.663302255561973,0.7214081290485455,0.012438437489409093,22.51493446917209,0.8206292964211537,0.014058094249288599,-2.1609189512452076,-1.0858385308124669e-5,-0.0,22.00999999999999,0.8544092594360423,0.014196813271283953,5.733179840863613,1.0686578524814208e-5,0.0,0.0,
2022/04/09 19:00,22.659004517801577,0.7212573193174314,0.012432477300938632,22.47526906131975,0.8217596324845566,0.014043239727109184,-1.7265903778604752,-1.0846078930109401e-5,-0.0,21.910000000000025,0.8594900426382094,0.014194306111264763,5.744438431496519,1.0734871463281782e-5,0.0,0.0,
2022/04/09 19:10,22.655102018516914,0.7211170434999135,0.012427008561475132,22.44815581526052,0.8229621457828489,0.014040573029204678,-1.5048982606288066,-1.0870542935018095e-5,-0.0,21.899999999999977,0.86,0.014194055396349681,5.761451787491524,1.0767924858999837e-5,0.0,0.0,
2022/04/09 19:20,22.652566331812295,0.72097468484346,0.012422556166800358,22.428877560310468,0.8241484192175281,0.014044427956611729,-1.4141154926437594,-1.0909713214201194e-5,-0.0,21.899999999999977,0.86,0.014194055396349681,5.775968809197366,1.0793874228700651e-5,0.0,0.0,
2022/04/09 19:30,22.650702183722444,0.7208243736134103,0.01241848137894333,22.412202169944067,0.8252910787679524,0.014049766250997183,-1.3833587876541744,-1.095509523023198e-5,-0.0,21.899999999999977,0.86,0.014194055396349681,5.789254644818584,1.08177376599003e-5,0.0,0.0,
2022/04/09 19:40,22.649090548407685,0.7206636672295531,0.012414418801625082,22.397128871001314,0.8263828503754183,0.01405559246350615,-1.3946238880390638,-1.1002985355672843e-5,-0.0,21.899999999999977,0.86,0.014194055396349681,5.802500668008179,1.0841591761614686e-5,0.0,0.0,
2022/04/09 19:50,22.647450808449378,0.7204923789492399,0.012410149437477848,22.38322506376602,0.8274220812830555,0.014061504230406252,-1.4356359945486474,-1.10505892011839e-5,-0.0,21.899999999999977,0.86,0.014194055396349681,5.81642091913659,1.0866673836916956e-5,0.0,0.0,
2022/04/09 20:00,22.64560186568241,0.7203118587629109,0.012405558004029007,22.370252165611817,0.8284095045372766,0.01406730946271419,-1.496946333256233,-1.109596784741812e-5,-0.0,21.899999999999977,0.86,0.014194055396349681,5.8313912764178895,1.0893626933576402e-5,0.0,0.0,
2022/04/09 20:10,22.643782154738005,0.7201590467386212,0.012401476590036388,22.365078850230304,0.8294739542355575,0.01408126233548274,-1.4954767930044002,-1.122222436410359e-5,-0.0,21.88499999999999,0.8629862516844303,0.0142311351398532,5.965597127531964,1.1143842988315422e-5,0.0,0.0,
2022/04/09 20:20,22.64241985318148,0.720057629061141,0.01239864961528915,22.363834409407218,0.8307210971578037,0.014101822349000379,-1.4997529863217098,-1.1390148837881262e-5,-0.0,21.86833333333334,0.8663099873664409,0.01427233992453707,6.109162569076489,1.141188511325293e-5,0.0,0.0,
2022/04/09 20:30,22.641303940875446,0.7199959782652556,0.012396710457388119,22.363342975703745,0.8321119544083715,0.014125537065321464,-1.5244542382941972,-1.156872894345619e-5,-0.0,21.851666666666688,0.869639709653804,0.014313550046728499,6.249850688945344,1.167474802738386e-5,0.0,0.0,
2022/04/09 20:40,22.64027656857695,0.7199686851787328,0.012395442760735367,22.36294609335181,0.8336229440761269,0.014151421081930382,-1.5623490906710913,-1.1751807395098299e-5,-0.0,21.83499999999998,0.8729754283846395,0.014354765507464647,6.388366917404028,1.1933684082055361e-5,0.0,0.0,
2022/04/09 20:50,22.63924160880083,0.719972967232012,0.012394723764681235,22.362374541430484,0.835236727621494,0.014178936680146905,-1.6074567188155697,-1.1935730679789194e-5,-0.0,21.818333333333328,0.8763171534133479,0.01439598630778296,6.525111518626545,1.2189402234431392e-5,0.0,0.0,
2022/04/09 21:00,22.638150324241224,0.720007598216487,0.012394494435034938,22.361503225315744,0.8369396923356417,0.014207736269751558,-1.6551427954948394,-1.2118328207050708e-5,-0.0,21.801666666666677,0.8796648946105169,0.014437212448721138,6.660276976828527,1.2442242784734673e-5,0.0,0.0,
2022/04/09 21:10,22.636640276522826,0.7200374440140183,0.01239385974294411,22.3532601752205,0.8385988458449442,0.014229246354319613,-1.7783183560987939,-1.2214215644679107e-5,-0.0,21.80000000000001,0.88,0.01444133535658901,6.67578911960004,1.247083266403525e-5,0.0,0.0,
2022/04/09 21:20,22.634231211822453,0.7200413696186272,0.012392080298167405,22.341338949541807,0.8401065818450126,0.014244844417774793,-1.9012764712363153,-1.226193557682649e-5,-0.0,21.80000000000001,0.88,0.01444133535658901,6.681590994846147,1.2480855692093357e-5,0.0,0.0,
2022/04/09 21:30,22.63112859875963,0.7200336394537683,0.012389564511283204,22.328813965361576,0.8414956018487271,0.01425781858769968,-2.004754467771477,-1.2292699144320066e-5,-0.0,21.80000000000001,0.88,0.01444133535658901,6.689793711692346,1.2495102445108015e-5,0.0,0.0,
2022/04/09 21:40,22.627511251093154,0.7200219573290274,0.012386585092463015,22.316284431254473,0.842784542582334,0.014269026654643214,-2.0932083086790954,-1.2313293906796923e-5,-0.0,21.80000000000001,0.88,0.01444133535658901,6.6995080993074225,1.2511989370193359e-5,0.0,0.0,
2022/04/09 21:50,22.62351006674868,0.7200109025752788,0.012383323033737374,22.30398327568912,0.8439866948184185,0.014278909481684959,-2.1710506092000514,-1.2328181554852715e-5,-0.0,21.80000000000001,0.88,0.01444133535658901,6.710144033626875,1.2530468561262954e-5,0.0,0.0,
2022/04/09 22:00,22.619214206089964,0.7200029677487075,0.01237989059000192,22.292014098023287,0.8451123124380028,0.014287740307416849,-2.242145545607173,-1.2340349013095409e-5,-0.0,21.80000000000001,0.88,0.01444133535658901,6.721335507845424,1.2549892086376332e-5,0.0,0.0,
2022/04/09 22:10,22.614680596859955,0.7199993137415567,0.012376351862729732,22.28042304844206,0.8461696584165245,0.014295706465052856,-2.3093886081812802,-1.2351642468011892e-5,-0.0,21.80000000000001,0.88,0.01444133535658901,6.732873519269333,1.256989146873498e-5,0.0,0.0,
2022/04/09 22:20,22.60994402776595,0.7200003263464813,0.012372740341432502,22.26922746069704,0.8471655811280845,0.01430294476840195,-2.374705249257545,-1.2363082485876902e-5,-0.0,21.80000000000001,0.88,0.01444133535658901,6.74464887543013,1.2590275478036229e-5,0.0,0.0,
2022/04/09 22:30,22.6050254742201,0.7200059923114415,0.012369071907715683,22.25842911158537,0.848105870803208,0.014309559494737847,-2.4392504959507737,-1.237514706152431e-5,-0.0,21.80000000000001,0.88,0.01444133535658901,6.7566097943929435,1.2610954568562422e-5,0.0,0.0,
2022/04/09 22:40,22.59993806540058,0.7200161308667812,0.012365353483155742,22.2480210218485,0.8489954976533687,0.014315632596089495,-2.5036358083889354,-1.238798895210602e-5,-0.0,21.80000000000001,0.88,0.01444133535658901,6.768733708374384,1.2631890735105515e-5,0.0,0.0,
2022/04/09 22:50,22.5946909997877,0.7200305229276297,0.01236158830143951,22.23799122904296,0.8498387796859529,0.014321230003513638,-2.5681167859528387,-1.2401584723566578e-5,-0.0,21.80000000000001,0.88,0.01444133535658901,6.781010073947527,1.2653067010723023e-5,0.0,0.0,
2022/04/09 23:00,22.589291939235295,0.7200489742506614,0.012357778851295402,22.2283250130198,0.8506395055483872,0.014326405773881164,-2.6327303710638716,-1.2415828650768966e-5,-0.0,21.80000000000001,0.88,0.01444133535658901,6.793430776618607,1.2674470491096421e-5,0.0,0.0,
2022/04/09 23:10,22.58501450752169,0.7201285806360098,0.012355898729043824,22.237256367270447,0.8515881501406342,0.014350733138040549,-2.662304937705926,-1.258802729248346e-5,-0.0,21.814999999999998,0.8830174437203924,0.014505602309830596,7.009103150895953,1.3065064517698283e-5,0.0,0.0,
2022/04/09 23:20,22.583116600786752,0.720300175038553,0.012357448855801877,22.25636530584353,0.8528152138830275,0.01438900591068481,-2.7444664307961375,-1.284163117017511e-5,-0.0,21.83166666666665,0.8863629206777772,0.014577025259850235,7.2369233164583875,1.3478081619833446e-5,0.0,0.0,
2022/04/09 23:30,22.582961136626466,0.720537276259302,0.012361478379399876,22.2779723074417,0.8542511392344073,0.014433205495145578,-2.8774907400242,-1.311961532462888e-5,-0.0,21.848333333333358,0.8897007914882052,0.014648464240554444,7.456711682829564,1.3876773646141915e-5,0.0,0.0,
2022/04/09 23:40,22.584093597177116,0.7208259225300891,0.012367396193259179,22.300538138936474,0.855856966418447,0.014481305020884943,-3.0443574007091456,-1.3409238511342319e-5,-0.0,21.86500000000001,0.8930310696838555,0.01471991925734089,7.6703955691305055,1.426455783761212e-5,0.0,0.0,
2022/04/09 23:50,22.58620699027847,0.7211581393601226,0.01237482910816567,22.32342871078339,0.85760497471915,0.0145322719869458,-3.231615257665226,-1.3702295994583622e-5,-0.0,21.88166666666666,0.8963537687737266,0.014791390315609672,7.879191775468826,1.4643586908954625e-5,0.0,0.0,
2022/04/10 00:00,22.589108236641152,0.721529827554327,0.012383558981659477,22.34633534863906,0.8594737863217313,0.014585469497856034,-3.428588839549889,-1.3993481601902751e-5,-0.0,21.898333333333312,0.8996689022435929,0.014862877420763308,8.083811572401828,1.5015116040938663e-5,0.0,0.0,
2022/04/10 00:10,22.59175800596978,0.7219162782635568,0.012392357193260423,22.35776292121011,0.8613761100791683,0.014628916088403995,-3.587083757105916,-1.4205153671790718e-5,-0.0,21.88499999999999,0.9029863346837619,0.014906567557242444,8.197576606237817,1.5228808724238873e-5,0.0,0.0,
2022/04/10 00:20,22.593325979257884,0.7223069206539119,0.012400400704409857,22.362436274579522,0.8632670907478213,0.014666054858344312,-3.687356519171772,-1.43740325738337e-5,-0.0,21.86833333333334,0.9063101283383694,0.014947173078850991,8.303744959934647,1.5429306644143716e-5,0.0,0.0,
2022/04/10 00:30,22.594249356575574,0.7227141365898563,0.01240824070745573,22.36493276163003,0.8651705080077127,0.014701441298757676,-3.746433706995731,-1.4525989913813392e-5,-0.0,21.851666666666688,0.909639872466479,0.01498778377834149,8.410593733764927,1.5630917985579016e-5,0.0,0.0,
2022/04/10 00:40,22.594829421718828,0.7231442017708591,0.012416217899698372,22.366159656674085,0.8670943745297283,0.014736032840718831,-3.775112415993931,-1.4667459914190963e-5,-0.0,21.83499999999998,0.912975576822887,0.015028399656704404,8.517012088263527,1.583168327344297e-5,0.0,0.0,
2022/04/10 00:50,22.595274245404653,0.723600162840798,0.012424545300391089,22.366508090851312,0.8690419592294598,0.01477023793732739,-3.781950721748331,-1.4802984538847362e-5,-0.0,21.818333333333328,0.9163172511785139,0.015069020714930445,8.622305477917052,1.6030382373611568e-5,0.0,0.0,
2022/04/10 01:00,22.595718208124822,0.7240828451489337,0.012433340702234792,22.366189911411084,0.8710143648395781,0.014804265505767236,-3.774055379614652,-1.493574827718254e-5,-0.0,21.801666666666677,0.9196649053203059,0.015109646954010585,8.726089843150021,1.6226345502254075e-5,0.0,0.0,
2022/04/10 01:10,22.596435764697617,0.7245577008514427,0.012442210552950698,22.363662583686278,0.8729085405945056,0.014834892850328121,-3.900218424775517,-1.500009520598809e-5,-0.0,21.829999999999984,0.9184920212985238,0.015116683596533387,8.720112672418736,1.6206995788723913e-5,0.0,0.0,
2022/04/10 01:20,22.59734022555432,0.7249998341155446,0.012450652326594354,22.36062252584742,0.8746206404109762,0.014861870770890252,-4.066459740186019,-1.5025573375026262e-5,-0.0,21.863333333333344,0.9168198026236404,0.015119987777568797,8.703361564563465,1.6166362498510166e-5,0.0,0.0,
2022/04/10 01:30,22.598375759777753,0.7254192305492114,0.012458798033144139,22.358111203687372,0.8761733892264437,0.014886558503803582,-4.233163910253097,-1.5038762384071317e-5,-0.0,21.896666666666647,0.9151510637220791,0.01512329199287633,8.687575894471365,1.6127528691669006e-5,0.0,0.0,
2022/04/10 01:40,22.599541950810078,0.7258209392306489,0.012466735906576062,22.35635855188127,0.8775832383231901,0.014909458926324722,-4.399849637735542,-1.5044689667619587e-5,-0.0,21.930000000000007,0.913485796522103,0.015126596242456512,8.672467975487507,1.6089967366042957e-5,0.0,0.0,
2022/04/10 01:50,22.60083479306593,0.726208055666454,0.012474517196864472,22.355448778493724,0.8788633682924081,0.014930883263868457,-4.5671836552190825,-1.5046294127081092e-5,-0.0,21.96333333333331,0.9118239929724876,0.015129900526309878,8.657870707198526,1.6053371491313436e-5,0.0,0.0,
2022/04/10 02:00,22.602244072781787,0.7265825077434186,0.012482167897327357,22.355408783942607,0.8800247429708739,0.014951050704703955,-4.7358202905041935,-1.504536255452476e-5,-0.0,21.99666666666667,0.9101656450424974,0.015133204844436959,8.643699338458646,1.6017583306729408e-5,0.0,0.0,
2022/04/10 02:10,22.603691331830305,0.7269568987699261,0.012489848295832745,22.35681093176936,0.8811099103451124,0.014971238341892143,-4.8582885428908185,-1.5065566827456576e-5,-0.0,22.014999999999986,0.9100018882638803,0.015147756941134927,8.666104493235935,1.6053534414094253e-5,0.0,0.0,
2022/04/10 02:20,22.60520494259191,0.727339961515141,0.01249773347605623,22.3591085133682,0.882160833718409,0.014991670871353516,-4.967156718174124,-1.5097952252814244e-5,-0.0,22.031666666666638,0.9100032022442953,0.015163559533558552,8.691919195921173,1.609626436069203e-5,0.0,0.0,
2022/04/10 02:30,22.606795329694478,0.7277284546079201,0.01250577484134973,22.36194536706023,0.8831777321104632,0.015012022115916923,-5.0761660832722555,-1.5134054433028305e-5,-0.0,22.048333333333346,0.9100036926977249,0.01517936290987608,8.717227213459637,1.6138076031401485e-5,0.0,0.0,
2022/04/10 02:40,22.608452805776665,0.7281206811214647,0.012513935282230847,22.365228320433857,0.8841617949868741,0.015032227184298932,-5.185557603912798,-1.5172335498836398e-5,-0.0,22.064999999999998,0.9100033615153208,0.015195167070145845,8.742149541417575,1.617918864687046e-5,0.0,0.0,
2022/04/10 02:50,22.610170046289397,0.7285155898477206,0.012522190812343957,22.36890787309676,0.8851144346959975,0.015052265504053305,-5.2949200327037715,-1.5211809404298342e-5,-0.0,22.08166666666665,0.9100022105846346,0.015210972014426177,8.766764387436297,1.621974364503485e-5,0.0,0.0,
2022/04/10 03:00,22.611944402292238,0.7289125541310308,0.012530528496600859,22.372951103526646,0.8860371045086665,0.015072132505963452,-5.403703403530927,-1.5251811442104732e-5,-0.0,22.098333333333358,0.91000024178961,0.015226777742775416,8.791113926528851,1.6259817642776437e-5,0.0,0.0,
2022/04/10 03:10,22.614533318757367,0.7293694130037944,0.012540551194044486,22.390625334156255,0.887093257475774,0.015107158448712668,-5.40761170406256,-1.5437582428324297e-5,-0.0,22.100000000000023,0.9145000000000001,0.015305516454825883,9.01516232036488,1.667113697652885e-5,0.0,0.0,
2022/04/10 03:20,22.618864753829655,0.7299202460168985,0.012553580382105455,22.415473078932507,0.8884138804427834,0.015153631545623845,-5.420844031536945,-1.5700738527233236e-5,-0.0,22.100000000000023,0.9195,0.015391269590400448,9.252278569422742,1.710742098917005e-5,0.0,0.0,
2022/04/10 03:30,22.624540902637705,0.7305402214664206,0.012568876199511468,22.44175293684907,0.8899481364147509,0.015205307111605153,-5.4656814860669565,-1.598742586242185e-5,-0.0,22.100000000000023,0.9244999999999999,0.015477045806239265,9.482079732311831,1.7530651072481237e-5,0.0,0.0,
2022/04/10 03:40,22.631249352613622,0.7312158920988961,0.012585964179145108,22.46830249086588,0.8916652806787988,0.015260574708951135,-5.531685386544609,-1.6286057694700234e-5,-0.0,22.100000000000023,0.9295,0.01556284511166159,9.7061128382677,1.7943583150234035e-5,0.0,0.0,
2022/04/10 03:50,22.63877524194703,0.7319391023748649,0.012604537887469042,22.494646230430646,0.8935421899297494,0.01531859479953912,-5.60992792005834,-1.6589257878955098e-5,-0.0,22.100000000000023,0.9344999999999999,0.01564866751599169,9.925377043473873,1.834799417756931e-5,0.0,0.0,
2022/04/10 04:00,22.64698193658353,0.7327051230297879,0.012624411433010314,22.520558614874687,0.8955602053796946,0.015378836276561707,-5.693163600318486,-1.6892253742578876e-5,-0.0,22.100000000000023,0.9394999999999998,0.015734513028558866,10.140478477032048,1.874496094094015e-5,0.0,0.0,
2022/04/10 04:10,22.65552208828086,0.7334659221670231,0.012644471686634918,22.538653187347563,0.8975824215859566,0.015431797143946895,-5.89866811044601,-1.708740150171171e-5,-0.0,22.129999999999995,0.9400077958545474,0.015772773051816957,10.199818780422675,1.88466512141569e-5,0.0,0.0,
2022/04/10 04:20,22.663843038058985,0.7341915043700914,0.012663758397192566,22.552744067668925,0.8994896914885295,0.015478975730760772,-6.118434877846539,-1.722061748960702e-5,-0.0,22.163333333333355,0.9400132106144924,0.015805747624859017,10.24444802183325,1.8920187028594897e-5,0.0,0.0,
2022/04/10 04:30,22.672086827181943,0.7348988711432238,0.012682680692494388,22.566054895419995,0.9013057702849758,0.01552386529454082,-6.318536219126258,-1.7330697897245225e-5,-0.0,22.19666666666666,0.9400152222909499,0.01583872560782616,10.29027655632649,1.899586352484549e-5,0.0,0.0,
2022/04/10 04:40,22.680401186020504,0.7355971892561279,0.012701515477686597,22.57923056306612,0.9030435070322429,0.015567306806917511,-6.502140154504446,-1.742577093300742e-5,-0.0,22.230000000000018,0.940013846475433,0.01587170700124734,10.336401537090978,1.9072065057678845e-5,0.0,0.0,
2022/04/10 04:50,22.688893240958635,0.7362919774145126,0.012720444402198895,22.592533734621554,0.9047118303248752,0.015609708501921614,-6.673259492844751,-1.751123713727249e-5,-0.0,22.26333333333332,0.9400090987002814,0.01590469180565164,10.382230698339072,1.9147734667097026e-5,0.0,0.0,
2022/04/10 05:00,22.69763101370461,0.736986292665209,0.012739575560610129,22.606091297477064,0.9063175329585295,0.015651311858043068,-6.8357174629403525,-1.7590799888891833e-5,-0.0,22.29666666666668,0.9400009944389127,0.01593768002156824,10.427411599693187,1.9222244755121254e-5,0.0,0.0,
2022/04/10 05:10,22.705877421698233,0.7376224819644276,0.012757309998775503,22.606495155930077,0.9077160120219728,0.015676465096599045,-7.096733040017399,-1.751846920181084e-5,-0.0,22.345000000000027,0.9354472142191488,0.015906404573916243,10.267614989509639,1.891596467021989e-5,0.0,0.0,
2022/04/10 05:20,22.712707609456118,0.7381663149926364,0.01277230862308756,22.60021307733672,0.9087910120153432,0.015689362653688525,-7.342602186157024,-1.736494995456975e-5,-0.0,22.394999999999982,0.9304105501001916,0.015867992905836622,10.09347086469279,1.8582541053612807e-5,0.0,0.0,
2022/04/10 05:30,22.718537541694843,0.7386430240367446,0.012785340294181402,22.593035954792697,0.9095922276279002,0.015696529498306515,-7.552175879458218,-1.7185852724080084e-5,-0.0,22.444999999999993,0.9253969279810234,0.01582958586341178,9.925755067862156,1.8260716301460615e-5,0.0,0.0,
2022/04/10 05:40,22.72368816437529,0.7390659871085066,0.012796891908711264,22.58613556931448,0.9101492002986797,0.015699637933411198,-7.736734971247756,-1.6993382251811006e-5,-0.0,22.495000000000005,0.9204062428844523,0.01579118344580621,9.762880070969686,1.7947665180305988e-5,0.0,0.0,
2022/04/10 05:50,22.728377469021837,0.7394430823311449,0.012807273144957679,22.57999728510822,0.9104835951449896,0.015699550874476786,-7.905663453591388,-1.679522272018739e-5,-0.0,22.545000000000016,0.91543839032765,0.015752785652184624,9.603836166031897,1.764159440845349e-5,0.0,0.0,
2022/04/10 06:00,22.732742505927604,0.739778676895527,0.0128166683237733,22.57485851666604,0.9106125051975241,0.01569680691932717,-8.06643887984535,-1.6596276584441678e-5,-0.0,22.595000000000027,0.9104932663196489,0.015714392481711907,9.448022372648893,1.7341438461791704e-5,0.0,0.0,
2022/04/10 06:10,22.736678979726378,0.7401096364119358,0.012825645475802788,22.5727532772504,0.9106394768931171,0.01569522617449049,-8.081240732457218,-1.6468468983369086e-5,-0.0,22.600000000000023,0.9099999999999999,0.01571055341890568,9.406235136216765,1.7264354675249988e-5,0.0,0.0,
2022/04/10 06:20,22.740365383132826,0.7404610587859078,0.012834789659842331,22.572163670772397,0.9106701105702167,0.01569519129431885,-8.051537887226345,-1.638426338539524e-5,-0.0,22.600000000000023,0.9099999999999999,0.01571055341890568,9.37642054701655,1.721072440124295e-5,0.0,0.0,
2022/04/10 06:30,22.743882393061938,0.7408215616643598,0.012843963463799927,22.57205130201322,0.9106996518559138,0.015695603466545117,-8.021239910828513,-1.631732245473062e-5,-0.0,22.600000000000023,0.9099999999999999,0.01571055341890568,9.346509382147815,1.7156874765384217e-5,0.0,0.0,
2022/04/10 06:40,22.747230348173844,0.7411846673703439,0.012853052339356236,22.572192971807397,0.9107263522663953,0.015696213703276143,-7.993088588087859,-1.6262423061679924e-5,-0.0,22.600000000000023,0.9099999999999999,0.01571055341890568,9.316875126117793,1.710348952500647e-5,0.0,0.0,
2022/04/10 06:50,22.7504019598515,0.7415461046953292,0.012861974620532615,22.57249275569177,0.9107494192864132,0.015696914277668325,-7.9673863219164796,-1.621604118380304e-5,-0.0,22.600000000000023,0.9099999999999999,0.01571055341890568,9.287784050648497,1.7051054151621253e-5,0.0,0.0,
2022/04/10 07:00,22.753393421825535,0.7419031426026913,0.012870678609444101,22.572900099726212,0.9107685072678768,0.01569764968788282,-7.943622182843911,-1.617566890982087e-5,-0.0,22.600000000000023,0.9099999999999999,0.01571055341890568,9.259404716562585,1.699987611785325e-5,0.0,0.0,
2022/04/10 07:10,22.756734192431054,0.7422541012920095,0.012879556322633037,22.57835766834603,0.9107815785808137,0.015703215653508667,-7.989291194381281,-1.61543671426354e-5,-0.0,22.629999999999995,0.9084919375019619,0.015713174649780188,9.239005471617475,1.6953889225926615e-5,0.0,0.0,
2022/04/10 07:20,22.760773381030106,0.7425950147387002,0.012888816510585202,22.58703976863535,0.9107707442295124,0.015711514493908684,-8.078498230474906,-1.6141301954933425e-5,-0.0,22.663333333333355,0.9068196606260229,0.015716087153802683,9.218308864033816,1.6906482646922107e-5,0.0,0.0,
2022/04/10 07:30,22.765269345280956,0.7429230747400971,0.012898217514070423,22.5969981152615,0.9107280835365569,0.015720503007943674,-8.186765455491809,-1.6131235663922284e-5,-0.0,22.69666666666666,0.9051509001031194,0.015718999684428733,9.197153214497803,1.685835451091438e-5,0.0,0.0,
2022/04/10 07:40,22.770082732266758,0.7432372177601628,0.012907629715914507,22.60783676558748,0.9106510312301094,0.01572974891028412,-8.30704143305468,-1.612215810343844e-5,-0.0,22.730000000000018,0.9034856476928038,0.0157219122416587,9.175961139482752,1.6810242467833785e-5,0.0,0.0,
2022/04/10 07:50,22.775126707517188,0.743537401408598,0.012916983242274357,22.619378428944287,0.9105386730736119,0.01573906240054089,-8.43458388216277,-1.611270765484762e-5,-0.0,22.76333333333332,0.9018238951757938,0.015724824825492954,9.15496046248063,1.6762541118331322e-5,0.0,0.0,
2022/04/10 08:00,22.780350950039235,0.7438242210269616,0.012926248534972679,22.631523379004534,0.9103908761905416,0.015748343074866708,-8.56587534661628,-1.610201436440525e-5,-0.0,22.79666666666668,0.9001656343539546,0.01572773743593185,9.13424755785536,1.6715413867337284e-5,0.0,0.0,
2022/04/10 08:10,22.785725457174976,0.7440983031076885,0.012935412746589138,22.64412471167418,0.910207164280127,0.015757437878304265,-8.69873906448504,-1.6088825487244033e-5,-0.0,22.829999999999984,0.8984918554750763,0.015730308990334813,9.112752215492037,1.6666894235967887e-5,0.0,0.0,
2022/04/10 08:20,22.79123704054524,0.7443605185927771,0.012944480779982883,22.65717584014851,0.9099874820392916,0.01576633851348915,-8.830904650018285,-1.6073392256583968e-5,-0.0,22.863333333333344,0.8968195216248628,0.01573284266712244,9.091446962114105,1.6618759256639977e-5,0.0,0.0,
2022/04/10 08:30,22.796891841534375,0.7446120116750642,0.012953477872186129,22.670678741687766,0.9097327526188315,0.01577506239604871,-8.961178984302478,-1.6056074542648533e-5,-0.0,22.896666666666647,0.8951507399341686,0.015735376364042545,9.070373077951217,1.6571086133940327e-5,0.0,0.0,
2022/04/10 08:40,22.80270153217299,0.7448537466348691,0.012962430536526088,22.68461482977375,0.9094438754969656,0.015783606312294234,-9.088921797444414,-1.603710175763905e-5,-0.0,22.930000000000007,0.8934855019992067,0.015737910081095353,9.049444116369159,1.652371973652135e-5,0.0,0.0,
2022/04/10 08:50,22.808680327174784,0.745086508302424,0.012971364182178539,22.698966474211943,0.9091217563787894,0.015791968052253576,-9.213773723682834,-1.6016715114992803e-5,-0.0,22.96333333333331,0.8918237994379986,0.015740443818281116,9.028577230813426,1.6476512206843342e-5,0.0,0.0,
2022/04/10 09:00,22.81484314571395,0.7453109090582649,0.012980301763688253,22.713718175323038,0.9087672986676469,0.015800147420740283,-9.335561195937887,-1.5995137803857638e-5,-0.0,22.99666666666667,0.8901656238902617,0.015742977575600073,9.007697578049147,1.642933054162123e-5,0.0,0.0,
2022/04/10 09:10,22.822067417981884,0.7455763711095926,0.012990827780547809,22.742158075265934,0.9085053395394489,0.015823443329758827,-9.396857577233392,-1.610196983198574e-5,-0.0,23.029999999999973,0.891522776998835,0.015800240142073436,9.16008198122313,1.6699320481008658e-5,0.0,0.0,
2022/04/10 09:20,22.83128895970259,0.7459108301837772,0.01300419542017932,22.77813712728397,0.9084321385886659,0.015857576546484068,-9.482429098015928,-1.6276089698896122e-5,-0.0,23.063333333333333,0.8932052743560777,0.015863595641277015,9.323067272388244,1.6989135968264137e-5,0.0,0.0,
2022/04/10 09:30,22.842071916996474,0.7462926000042398,0.013019674242024205,22.81600244087997,0.9085090815597296,0.01589633314591162,-9.600718761170697,-1.647014002900672e-5,-0.0,23.096666666666692,0.8948778321903361,0.015926963728491023,9.479210102401566,1.7266760581272734e-5,0.0,0.0,
2022/04/10 09:40,22.854093509456277,0.746710128696131,0.013036804034796826,22.85459430313682,0.9087145848555084,0.015938208051704896,-9.740253899084337,-1.667366901683995e-5,-0.0,23.129999999999995,0.8965404879836448,0.015990344407467483,9.630011001241655,1.7534858334017982e-5,0.0,0.0,
2022/04/10 09:50,22.86713335988469,0.7471566531675212,0.013055291406761618,22.893417295957022,0.9090330511158703,0.015982450488785292,-9.89176269848599,-1.687998543497511e-5,-0.0,23.163333333333355,0.8981932790865491,0.016053737681959893,9.776426584167893,1.7795124245919368e-5,0.0,0.0,
2022/04/10 10:00,22.881050994407417,0.7476285060858151,0.013074961910676352,22.932217360485083,0.9094521528036553,0.016028601826614274,-10.047841610335697,-1.7084766176080338e-5,-0.0,23.19666666666666,0.8998362427186287,0.016117143555723253,9.919025648220895,1.804856428836438e-5,0.0,0.0,
2022/04/10 10:10,22.89394622964943,0.7480508928763874,0.013092944020738444,22.946059304852156,0.909779860004497,0.016048320117572786,-10.220375830648438,-1.707699657886601e-5,-0.0,23.19999999999999,0.8985,0.01609591696417512,9.7911857746426,1.781708666644928e-5,0.0,0.0,
2022/04/10 10:20,22.90405581189367,0.7483849517317206,0.013107107706785415,22.94587669007143,0.9098863272608906,0.016050064568041575,-10.305025641308136,-1.69567650554704e-5,-0.0,23.19999999999999,0.8968333333333333,0.016065288788759305,9.64514202232317,1.7552709628255162e-5,0.0,0.0,
2022/04/10 10:30,22.912280119962986,0.7486654121051743,0.01311879482218765,22.941926482147323,0.9098318941206329,0.01604514187398443,-10.311763938810827,-1.67992961834873e-5,-0.0,23.19999999999999,0.8951666666666667,0.01603466355346606,9.507182708661503,1.730263197692292e-5,0.0,0.0,
2022/04/10 10:40,22.919258376262803,0.7489103130509908,0.013128841876156818,22.936255274080622,0.9096459997799181,0.016036128457535593,-10.263851233488026,-1.6622069634940637e-5,-0.0,23.19999999999999,0.8935000000000001,0.016004041257872057,9.374580396084184,1.7062029985351706e-5,0.0,0.0,
2022/04/10 10:50,22.92542708427345,0.7491294795175405,0.013137776393449202,22.92973057995067,0.9093477269792549,0.016024238206688565,-10.179676081149298,-1.6436616944800914e-5,-0.0,23.19999999999999,0.8918333333333334,0.015973421901554045,9.245615090062302,1.682787082050115e-5,0.0,0.0,
2022/04/10 11:00,22.931065113942623,0.7493273414588099,0.013145902619053068,22.922802238729105,0.9089508044681142,0.01601017102625557,-10.074075415896006,-1.6250561679560395e-5,-0.0,23.19999999999999,0.8901666666666668,0.015942805484088853,9.11929479919172,1.6598412563841792e-5,0.0,0.0,
2022/04/10 11:10,22.937283212970613,0.7495288387560919,0.01315456986614839,22.927190326998698,0.9085242269509892,0.01600682702535246,-9.998284052152258,-1.614663517663519e-5,-0.0,23.230000000000018,0.8884917745928923,0.015941654990896958,9.087284081529788,1.6531882477551803e-5,0.0,0.0,
2022/04/10 11:20,22.944955314276854,0.7497437844512561,0.013164666482558814,22.938238595829716,0.9081047175478002,0.016010230308454238,-9.97552362605802,-1.608738248482374e-5,-0.0,23.26333333333332,0.8868193845623192,0.015943778323140353,9.061287208436624,1.6475656714731742e-5,0.0,0.0,
2022/04/10 11:30,22.95364347158835,0.7499578910916339,0.013175582262167713,22.951380750174224,0.9076721204334295,0.01601547587292659,-9.990339853340515,-1.6045737220585197e-5,-0.0,23.29666666666668,0.8851505819976979,0.015945901669518443,9.032619501868794,1.6414816989615387e-5,0.0,0.0,
2022/04/10 11:40,22.96303764235023,0.750163258173431,0.0131869244875752,22.96574479704799,0.9072190255487378,0.016021562665048755,-10.032994286956411,-1.6014837225166005e-5,-0.0,23.329999999999984,0.8834853583351003,0.015948025030031364,9.002561415927175,1.6351624469382e-5,0.0,0.0,
2022/04/10 11:50,22.972915543633235,0.7503554624718564,0.013198433423997643,22.98096960562134,0.9067418197992955,0.016028065736310555,-10.0957225070556,-1.5989751160038832e-5,-0.0,23.363333333333344,0.8818237050329835,0.015950148404679263,8.971959815225091,1.6287569959834823e-5,0.0,0.0,
2022/04/10 12:00,22.983125217952022,0.750532534785564,0.013209950091370899,22.99686842838304,0.9062386462306473,0.01603476496923794,-10.171968795164616,-1.5966961763995365e-5,-0.0,23.396666666666647,0.8801656135721359,0.015952271793462282,8.941333053864355,1.622356165785557e-5,0.0,0.0,
2022/04/10 12:10,22.994039426660038,0.7507057497369979,0.013221982105917018,23.018997640895464,0.9057375711871732,0.01604770450302347,-10.277087981058914,-1.5982711645490926e-5,-0.0,23.444999999999993,0.8784928653912032,0.015968870795837167,8.95622370626279,1.6238069761278083e-5,0.0,0.0,
2022/04/10 12:20,23.005991569276944,0.7508807310419316,0.013234904783728225,23.044895687182645,0.90525202224567,0.016064686388632794,-10.414766927750065,-1.6016248294634792e-5,-0.0,23.495000000000005,0.8768212296326896,0.015987079186214226,8.9734577588697,1.6256568225754103e-5,0.0,0.0,
2022/04/10 12:30,23.01871855931489,0.7510521096410667,0.013248408339422674,23.072205187124723,0.9047684380241354,0.016083121445850654,-10.572267500424461,-1.60533566715767e-5,-0.0,23.545000000000016,0.8751527041630274,0.01600528861599918,8.988801249576454,1.6271790241882775e-5,0.0,0.0,
2022/04/10 12:40,23.032052998020674,0.7512178298940214,0.013262320137193586,23.100426928725483,0.9042804011113257,0.016102397890264724,-10.741662959841848,-1.609058761649977e-5,-0.0,23.595000000000027,0.8734872851846754,0.01602349908528105,9.002817057291622,1.6284721642099276e-5,0.0,0.0,
2022/04/10 12:50,23.045889374988064,0.7513773852354115,0.013276545660434763,23.129334816740993,0.9037839530233471,0.016122219455546188,-10.917272564112752,-1.6125884521578417e-5,-0.0,23.644999999999982,0.8718249688884255,0.01604171059414883,9.015813353462363,1.6295898645571997e-5,0.0,0.0,
2022/04/10 13:00,23.060166431676123,0.7515311611266917,0.013291042496416067,23.158802972262208,0.9032764312562469,0.016142412577781692,-11.094861319351141,-1.615807272092622e-5,-0.0,23.694999999999993,0.8701657514535515,0.01605992314269156,9.027928424979564,1.6305558430000213e-5,0.0,0.0,
2022/04/10 13:10,23.07482346232922,0.751693088484578,0.013306013424865273,23.189860917634974,0.9027912185768896,0.016164623119498393,-11.222366826619352,-1.6213988311814276e-5,-0.0,23.730000000000018,0.8700070328660874,0.016091663425276535,9.082604862215703,1.6397784371272414e-5,0.0,0.0,
2022/04/10 13:20,23.089927372004922,0.7518730276700477,0.01332169335968047,23.2216848066779,0.902362555504214,0.01618866243852026,-11.333076724673106,-1.6282009524341867e-5,-0.0,23.76333333333332,0.8700119178838953,0.016124910016836132,9.139880902614323,1.649536842347468e-5,0.0,0.0,
2022/04/10 13:30,23.105484267546046,0.752067118916561,0.013338019567735193,23.253677448210055,0.9019827914467226,0.016213798378687944,-11.440022027297232,-1.635178534506588e-5,-0.0,23.79666666666668,0.8700137329441892,0.016158160073081164,9.195061067329334,1.6589208772544093e-5,0.0,0.0,
2022/04/10 13:40,23.121487117106824,0.7522733405010849,0.013354951633309327,23.28569404264931,0.9016465638058138,0.016239792229271837,-11.542878565147136,-1.6421515903270673e-5,-0.0,23.829999999999984,0.8700124919540092,0.01619141359455324,9.24827713348077,1.667954549500349e-5,0.0,0.0,
2022/04/10 13:50,23.13793338447624,0.752490351248658,0.013372465102564596,23.317667983890715,0.901349535244285,0.01626650151856112,-11.641165647706089,-1.6490223419901784e-5,-0.0,23.863333333333344,0.8700082087682053,0.016224670581794103,9.299608834513947,1.6766524695275653e-5,0.0,0.0,
2022/04/10 14:00,23.154824325552852,0.7527171912774873,0.013390545540384605,23.349564527408972,0.9010880217571294,0.016293827043195076,-11.734555367800683,-1.6557372900615596e-5,-0.0,23.896666666666647,0.8700008971896122,0.016257931035345594,9.349103237856298,1.6850233773087086e-5,0.0,0.0,
2022/04/10 14:10,23.170284317251628,0.7528922145204558,0.013406520458685794,23.357166969464004,0.9007009124139497,0.01629431612819761,-11.791196200938431,-1.6436899023845464e-5,-0.0,23.88499999999999,0.8685093970918805,0.016217655672791223,9.165699337752812,1.6523486751203286e-5,0.0,0.0,
2022/04/10 14:20,23.182647115598286,0.7529849073009337,0.013418446917099886,23.351099088014678,0.9000916144021999,0.01627688545154073,-11.744232364760594,-1.6220226774325698e-5,-0.0,23.86833333333334,0.8668492913478981,0.016169216438364803,8.968877147160356,1.6173096948981933e-5,0.0,0.0,
2022/04/10 14:30,23.192854784098643,0.7530255362317825,0.01342764751681887,23.341282098891327,0.8993212561035252,0.016252703201029103,-11.620319814070399,-1.5974286058124525e-5,-0.0,23.851666666666688,0.8651850939693775,0.016120784556230634,8.780966584159387,1.5838389216202392e-5,0.0,0.0,
2022/04/10 14:40,23.20155076116339,0.7530293554667687,0.013434928847069722,23.32969254626437,0.8984196659396536,0.016224331050755738,-11.444487418951327,-1.5715017940072423e-5,-0.0,23.83499999999998,0.8635167975803056,0.016072360024714905,8.599337761133711,1.551472737401592e-5,0.0,0.0,
2022/04/10 14:50,23.20916819654599,0.7530042234619859,0.01344079071278969,23.317172528865058,0.8974061821817588,0.016192986669389203,-11.235645019229425,-1.545275224119036e-5,-0.0,23.818333333333328,0.8618443947920389,0.016023942842144305,8.422361059880814,1.5199248137666584e-5,0.0,0.0,
2022/04/10 15:00,23.215981694257948,0.7529532488397052,0.013445515973159416,23.304161424089614,0.8962947067431531,0.0161593776688458,-11.008627562944186,-1.5194122488645658e-5,-0.0,23.801666666666677,0.8601678782032391,0.015975533006846055,8.249114213292387,1.4890339002290176e-5,0.0,0.0,
2022/04/10 15:10,23.223968233905396,0.7529636129134007,0.013452336207680158,23.317430749731386,0.8953313408394713,0.016154833867854868,-10.708360392555392,-1.5183175553572008e-5,-0.0,23.80000000000001,0.8630000000000001,0.016027839737539528,8.39742282034831,1.516350517262368e-5,0.0,0.0,
2022/04/10 15:20,23.235032066102008,0.7530820387580737,0.01346369032330798,23.34488739319812,0.894696628752421,0.016170564538110853,-10.478803061551503,-1.5307103405039398e-5,-0.0,23.80000000000001,0.8663333333333333,0.016091348757743727,8.56747375633222,1.547658497381445e-5,0.0,0.0,
2022/04/10 15:30,23.248276460515285,0.7532669077061037,0.013478081550242191,23.375523683674658,0.8943192102199274,0.016194264710022537,-10.326364789950162,-1.5478154308620616e-5,-0.0,23.80000000000001,0.8696666666666667,0.01615487042252836,8.72766342611726,1.577223728509645e-5,0.0,0.0,
2022/04/10 15:40,23.263034138639853,0.7534956417454209,0.01349454943959072,23.407172338524504,0.8941618924765796,0.016223104440604465,-10.229638997209918,-1.567566918316982e-5,-0.0,23.80000000000001,0.8730000000000001,0.016218404735670097,8.881123383228442,1.6056008328630872e-5,0.0,0.0,
2022/04/10 15:50,23.27883517391774,0.7537551669306056,0.013512469207196688,23.438936083234523,0.8941987077096584,0.01625572577997713,-10.170999248434782,-1.588588011033274e-5,-0.0,23.80000000000001,0.8763333333333333,0.016281951700947084,9.029890747166974,1.633149644340924e-5,0.0,0.0,
2022/04/10 16:00,23.295367353288384,0.7540387639858943,0.01353146189728828,23.470368538835714,0.8944095099798952,0.01629132469243329,-10.135883892057224,-1.609956065411054e-5,-0.0,23.80000000000001,0.8796666666666667,0.016345511322139003,9.175201114602487,1.6600877013233856e-5,0.0,0.0,
2022/04/10 16:10,23.310989390695283,0.7543071627115424,0.013549438242625144,23.483639848755217,0.8946809235610781,0.016309789024429682,-10.053410486863186,-1.6189803643313257e-5,-0.0,23.754999999999995,0.8829701844102684,0.016362977288272566,9.173537024485768,1.6616664454206735e-5,0.0,0.0,
2022/04/10 16:20,23.324379621324113,0.7545437359202952,0.01356498295627456,23.48618893909986,0.8949540019646657,0.016317471808919768,-9.89121344186458,-1.6214751508797725e-5,-0.0,23.704999999999984,0.8862826612469197,0.01637532141711282,9.163101525716684,1.6617543976887807e-5,0.0,0.0,
2022/04/10 16:30,23.336194963556636,0.7547689888472392,0.013579015830988717,23.485074139052642,0.8952631688366597,0.01632213052638627,-9.675095944505188,-1.621650283780004e-5,-0.0,23.654999999999973,0.8896081078720495,0.01638766602336316,9.157596930611817,1.6627041345421676e-5,0.0,0.0,
2022/04/10 16:40,23.346884020381708,0.7549938108685512,0.01359210905245728,23.481669966465972,0.8956210199676913,0.016325386095652327,-9.421303128695515,-1.6205569581470352e-5,-0.0,23.605000000000018,0.8929465782704791,0.01640001110705129,9.155157629248606,1.6641868226622208e-5,0.0,0.0,
2022/04/10 16:50,23.356755662993237,0.7552240275854427,0.013604626502857193,23.476562806782056,0.8960334671486883,0.016327939531792374,-9.142369315867429,-1.61892802745796e-5,-0.0,23.555000000000007,0.8962981266664501,0.016412356668204908,9.154597184790418,1.665994003103888e-5,0.0,0.0,
2022/04/10 17:00,23.366010207341446,0.7554620092783669,0.01361677850820169,23.47006713448235,0.8965032524052959,0.016330158012789073,-8.848551464502636,-1.6172693391698473e-5,-0.0,23.504999999999995,0.8996628075246637,0.01642470270685171,9.155229829888185,1.6680057811191133e-5,0.0,0.0,
2022/04/10 17:10,23.374362351455716,0.7556708019956639,0.013627643171694691,23.454554712799734,0.89692964027154,0.01632244785185329,-8.624121364611598,-1.6066605143311998e-5,-0.0,23.470000000000027,0.9000072754843494,0.0163955994854493,9.024914641106307,1.645586820622602e-5,0.0,0.0,
2022/04/10 17:20,23.38133568601819,0.7558267931133742,0.01363638185892757,23.434111516618486,0.8972279842924817,0.016307367837213656,-8.398205393393141,-1.5914521644794503e-5,-0.0,23.436666666666667,0.9000123664699015,0.016361894142990798,8.886525988407584,1.6215974776794106e-5,0.0,0.0,
2022/04/10 17:30,23.387171847261982,0.7559440443082406,0.01364345385244898,23.412202704358947,0.897427108456195,0.016288970459022313,-8.156636714255114,-1.5751496858217288e-5,-0.0,23.403333333333308,0.9000142931279786,0.016328192359423163,8.753583190142763,1.5985677821188002e-5,0.0,0.0,
2022/04/10 17:40,23.392050228599544,0.7560295149937051,0.013649136371269372,23.38956621055138,0.8975434232962886,0.016268316413838347,-7.907221541203172,-1.5585091864072007e-5,-0.0,23.370000000000005,0.9000130410042911,0.01629449413418275,8.625182372584959,1.5763374315081092e-5,0.0,0.0,
2022/04/10 17:50,23.39608307380223,0.7560870368160447,0.01365359315504647,23.3665270244648,0.8975886100367959,0.01624595873875137,-7.656235759399693,-1.5419795667449837e-5,-0.0,23.336666666666645,0.9000085955899335,0.016260799466706055,8.500789661150748,1.5548119072277612e-5,0.0,0.0,
2022/04/10 18:00,23.39933194038332,0.7561185782826458,0.013656911341507066,23.343256607169337,0.8975716613362,0.016222243767382665,-7.408472248563386,-1.5258255847043084e-5,-0.0,23.30333333333334,0.9000009423212041,0.01622710835642967,8.380120941662653,1.5339409467738955e-5,0.0,0.0,
2022/04/10 18:10,23.402682814577588,0.7561728754919376,0.013660736319601408,23.33316255609509,0.8976295007397973,0.0162131748168337,-7.11257004574577,-1.5230557066817335e-5,-0.0,23.269999999999982,0.9029766292060284,0.01624856146425968,8.43759741459553,1.5456249817065223e-5,0.0,0.0,
2022/04/10 18:20,23.40705288821465,0.7562776506439561,0.01366635334066294,23.330039447245724,0.897865790010951,0.016214416478852297,-6.852349098479636,-1.527682401011231e-5,-0.0,23.23666666666668,0.9062936290151825,0.016276143754660126,8.509215120361887,1.5599253907172588e-5,0.0,0.0,
2022/04/10 18:30,23.411993395402533,0.7564118815846391,0.013672997430152382,23.328324707281922,0.8982430235704861,0.01621968336095781,-6.6361934312408275,-1.534956314875808e-5,-0.0,23.20333333333332,0.909620799731243,0.016303728429133708,8.577491845351005,1.5736352240613562e-5,0.0,0.0,
2022/04/10 18:40,23.41716623870093,0.7565646386709154,0.013680182570239355,23.32692565130037,0.8987415740521184,0.016227513990335844,-6.453006382615173,-1.5437658122374385e-5,-0.0,23.170000000000016,0.9129581723056212,0.01633131548798953,8.644012250492324,1.5870347020406573e-5,0.0,0.0,
2022/04/10 18:50,23.422335937880405,0.756729947187896,0.013687600194707102,23.3253932445719,0.8993478596344171,0.016237205084165256,-6.293455986011623,-1.55337925504096e-5,-0.0,23.136666666666656,0.916305777786975,0.01635890493153676,8.709782416171493,1.600301148254498e-5,0.0,0.0,
2022/04/10 19:00,23.427349599749505,0.7569050950686956,0.013695071268151792,23.323506663264823,0.9000514846151684,0.016248341131734005,-6.149782264989768,-1.563312435077445e-5,-0.0,23.103333333333353,0.9196636473215694,0.01638649676008463,8.775386087882907,1.6135369906535694e-5,0.0,0.0,
2022/04/10 19:10,23.432643601590314,0.7570892389208339,0.013702948868191659,23.32609148144394,0.9008417533660441,0.01626558543015706,-6.084400743090441,-1.5747960172164396e-5,-0.0,23.100000000000023,0.9215000000000001,0.016416682961006977,8.848123225288873,1.6270982124879326e-5,0.0,0.0,
2022/04/10 19:20,23.43851109612808,0.757279608979413,0.01371143013973585,23.331264500488317,0.9016925001590114,0.016286567940995263,-6.067776400773823,-1.5866954806593392e-5,-0.0,23.100000000000023,0.9231666666666667,0.016447160043882466,8.919840513145118,1.6403793850483585e-5,0.0,0.0,
2022/04/10 19:30,23.444680961082156,0.757474751354992,0.013720259798241343,23.33708822100806,0.9025896807134021,0.01630908160447948,-6.073133518403324,-1.5984921297812513e-5,-0.0,23.100000000000023,0.9248333333333334,0.016477640036759993,8.990431374239279,1.65346334765978e-5,0.0,0.0,
2022/04/10 19:40,23.450999089076106,0.7576747772223874,0.013729310030852752,23.34317152498221,0.9035256686860019,0.016332592953200505,-6.092153582522428,-1.6100265438175456e-5,-0.0,23.100000000000023,0.9265,0.016508122940056363,9.06031254342588,1.6664219927331055e-5,0.0,0.0,
2022/04/10 19:50,23.45737157491334,0.7578805473201143,0.013738517595149486,23.34934492603344,0.9044951555146246,0.016356833787964334,-6.119453062343042,-1.621217066026863e-5,-0.0,23.100000000000023,0.9281666666666666,0.01653860875418844,9.12969022381867,1.6792904061997734e-5,0.0,0.0,
2022/04/10 20:00,23.463744532537703,0.7580932706883236,0.01374785945203693,23.355519615630215,0.9054941216010421,0.01638164058693307,-6.151250852572616,-1.6320328680901363e-5,-0.0,23.100000000000023,0.9298333333333333,0.01656909747957319,9.198639535686425,1.692080829033124e-5,0.0,0.0,
2022/04/10 20:10,23.470148056686753,0.7583026964268983,0.013757171202787303,23.3609213821166,0.9064882710930071,0.016405590065418675,-6.232144390400549,-1.640149458170088e-5,-0.0,23.11500000000001,0.9300018960690785,0.016587623850299313,9.228683781080917,1.6972575552948535e-5,0.0,0.0,
2022/04/10 20:20,23.476523722448178,0.758501887972669,0.013766274561526013,23.3661058405375,0.9074434135862687,0.01642860890153214,-6.328052187644176,-1.6465519524956745e-5,-0.0,23.13166666666666,0.9300032155000472,0.0166048217725399,9.255076085142264,1.7017091340402408e-5,0.0,0.0,
2022/04/10 20:30,23.482852612928752,0.7586957998922667,0.013775245137241572,23.371443663325522,0.9083636629794816,0.016451149616789187,-6.424074212071673,-1.6521923826346747e-5,-0.0,23.148333333333312,0.9300037080058362,0.01662202062112633,9.281904348267517,1.7062381696266045e-5,0.0,0.0,
2022/04/10 20:40,23.48914413085555,0.7588874727309036,0.013784147178701578,23.37700191444941,0.9092517530414583,0.016473331381620104,-6.518977856346737,-1.6572989067809567e-5,-0.0,23.16500000000002,0.9300033754706339,0.016639220396133456,9.308959087753465,1.7108066598777667e-5,0.0,0.0,
2022/04/10 20:50,23.49541128508855,0.7590789784150839,0.013793030122436201,23.382801449961903,0.9101098732493995,0.016495216430612466,-6.612423989818127,-1.6620283345673076e-5,-0.0,23.181666666666672,0.9300022197750952,0.016656421097636116,9.336079116161955,1.7153855256923757e-5,0.0,0.0,
2022/04/10 21:00,23.50166649658877,0.7592716986485721,0.013801930169401016,23.388847222227582,0.9109398889174367,0.016516844833156765,-6.704403466525265,-1.6664921771629245e-5,-0.0,23.198333333333323,0.9300002427962959,0.016673622725709186,9.363146400611186,1.7199535554504413e-5,0.0,0.0,
2022/04/10 21:10,23.50689398280491,0.759453686623624,0.013809760619275229,23.384121983758746,0.9117134845771759,0.016526405224422905,-6.70747379892191,-1.664940752592674e-5,-0.0,23.170000000000016,0.931492207621304,0.01667174530633113,9.331493917183934,1.7152673749528554e-5,0.0,0.0,
2022/04/10 21:20,23.510342039846762,0.7596228170736253,0.013815840222761298,23.373043722924876,0.9124348988341735,0.016528480518527358,-6.637634033372707,-1.660567037870005e-5,-0.0,23.136666666666656,0.933153431661603,0.01666774798370054,9.298638124773106,1.710478352245306e-5,0.0,0.0,
2022/04/10 21:30,23.512516932327856,0.759788758510877,0.013820777916499292,23.35998133815508,0.9131283497844056,0.016527992549328862,-6.529242230643605,-1.655410342493627e-5,-0.0,23.103333333333353,0.9348180479689389,0.01666375071110657,9.26950568938446,1.706333702921524e-5,0.0,0.0,
2022/04/10 21:40,23.5137411916524,0.7599560692659127,0.013824932129225323,23.3457932798608,0.9138049369997975,0.016526027408037994,-6.395589244522171,-1.650029272710811e-5,-0.0,23.069999999999993,0.9364860642733583,0.016659753488548288,9.24292795501924,1.7026289259981252e-5,0.0,0.0,
2022/04/10 21:50,23.51423132074649,0.7601266115770997,0.013828521302347184,23.330846017580484,0.9144714679144199,0.01652308754570082,-6.245995773398364,-1.6447885527125914e-5,-0.0,23.03666666666669,0.9381574883242491,0.016655756316024745,9.218192694008394,1.6992399473602e-5,0.0,0.0,
2022/04/10 22:00,23.514127159438317,0.7603005331407477,0.013831666913522273,23.31533312546918,0.9151325703113592,0.01651945763085382,-6.087562414509193,-1.6399173212696333e-5,-0.0,23.00333333333333,0.939832327890376,0.016651759193535006,9.194903828750967,1.6960983071238198e-5,0.0,0.0,
2022/04/10 22:10,23.513993391365375,0.760488941071247,0.013835056672134832,23.305167141991433,0.9158207373691643,0.016521794655220513,-5.945964000849244,-1.639543053097753e-5,-0.0,22.985000000000014,0.9414942151347641,0.016662994905659038,9.220485540560276,1.701392612030434e-5,0.0,0.0,
2022/04/10 22:20,23.514276518254235,0.7606958680279435,0.013839146408884988,23.297964764842106,0.9165521580537436,0.01652795876316119,-5.832489381227219,-1.6416861023382997e-5,-0.0,22.968333333333362,0.94315684383222,0.01667592364915822,9.249305099967614,1.707236513407372e-5,0.0,0.0,
2022/04/10 22:30,23.514761748940202,0.7609135042907831,0.013843607951489896,23.291422148718937,0.9173148591654786,0.016535369229227152,-5.739163406428816,-1.6448986182270448e-5,-0.0,22.951666666666654,0.9448219916393452,0.01668885291611279,9.276914094040194,1.7128659158537366e-5,0.0,0.0,
2022/04/10 22:40,23.515299005111842,0.7611374577711141,0.013848231704972208,23.28510623985369,0.9181035160336044,0.01654348371557907,-5.661148893266272,-1.6487846639172272e-5,-0.0,22.935000000000002,0.9464896623681129,0.016701782706554535,9.30399590678212,1.718401441210461e-5,0.0,0.0,
2022/04/10 22:50,23.515781595771386,0.7613652232480282,0.013852880036567395,23.27884238194025,0.9189148830145213,0.01655206281292936,-5.5946619420888055,-1.6530636207193684e-5,-0.0,22.91833333333335,0.9481598598364829,0.016714713020515252,9.33099928957904,1.7239220675384584e-5,0.0,0.0,
2022/04/10 23:00,23.51613714756644,0.761595612516152,0.013857468990800566,23.272544204088717,0.9197467327803666,0.016560976298539785,-5.536533852471166,-1.6575384665192893e-5,-0.0,22.901666666666642,0.9498325878684009,0.016727643858026733,9.358197979154284,1.7294757651671044e-5,0.0,0.0,
2022/04/10 23:10,23.51596116197146,0.7617936903705703,0.013861003042172549,23.25902133654455,0.9205102335204506,0.016561195294166223,-5.557647148148704,-1.6535162485239426e-5,-0.0,22.899999999999977,0.9484999999999999,0.01670181359339739,9.262455700242072,1.7120125248269017e-5,0.0,0.0,
2022/04/10 23:20,23.5147380014933,0.7619383402668253,0.013862648468281995,23.241786538585245,0.9211300684098831,0.016554937732072363,-5.584405461025313,-1.6447935372399917e-5,-0.0,22.899999999999977,0.9468333333333333,0.016671679209232588,9.158837708292822,1.6930205307832044e-5,0.0,0.0,
2022/04/10 23:30,23.512649275246588,0.7620443167123059,0.0138628346915175,23.223907444988527,0.9216293981956353,0.01654579019273994,-5.598104367874726,-1.6345510565705484e-5,-0.0,22.899999999999977,0.9451666666666666,0.016641547668454937,9.059986714521756,1.67487491140213e-5,0.0,0.0,
2022/04/10 23:40,23.509852673524904,0.7621199412555208,0.01386185138103138,23.205991960057816,0.9220216265632278,0.016534631295594963,-5.602668428144284,-1.623491195429136e-5,-0.0,22.899999999999977,0.9435,0.016611418970662026,8.96495825207171,1.6574076067630826e-5,0.0,0.0,
2022/04/10 23:50,23.506463199573943,0.7621704657049212,0.013859894801917419,23.18828816197521,0.922316587691269,0.016521902889735096,-5.601856417635532,-1.612069515385235e-5,-0.0,22.899999999999977,0.9418333333333333,0.016581293115451506,8.873112397782279,1.640504984934319e-5,0.0,0.0,
2022/04/11 00:00,23.502559421348337,0.7621991032263031,0.013857092258072445,23.170915769899466,0.922522125361778,0.016507877235929305,-5.5989075923236,-1.6005860440927255e-5,-0.0,22.899999999999977,0.9401666666666667,0.016551170102421114,8.784034076304124,1.6240934605738904e-5,0.0,0.0,
2022/04/11 00:10,23.49854932332022,0.762242316622588,0.013854470204337386,23.16106521353896,0.9227314300516565,0.0165016312368547,-5.522919358299987,-1.5977662506365465e-5,-0.0,22.88499999999999,0.9414942123143564,0.016559707519874074,8.82041950421467,1.6311371713000807e-5,0.0,0.0,
2022/04/11 00:20,23.494952747836862,0.7623225414479482,0.013852889169952993,23.155249236774864,0.9230244282036992,0.016501052926105847,-5.447020056647603,-1.5998513748431568e-5,-0.0,22.86833333333334,0.9431568390402751,0.01657254085706352,8.867417526695363,1.6401920551261027e-5,0.0,0.0,
2022/04/11 00:30,23.491596520813005,0.7624262598390888,0.013851949654780508,23.15039590925977,0.9233826321232685,0.016502654832239002,-5.389489169634771,-1.6036766325074585e-5,-0.0,22.851666666666688,0.9448219861031536,0.01658537471009464,8.912325559289457,1.648872903844392e-5,0.0,0.0,
2022/04/11 00:40,23.488333646993397,0.7625462791050425,0.01385139227692554,23.145884806953234,0.9237965914511269,0.01650562736504266,-5.345917813981487,-1.608539753760555e-5,-0.0,22.83499999999998,0.9464896573190408,0.01659820907899853,8.955989316116984,1.6573300585285075e-5,0.0,0.0,
2022/04/11 00:50,23.48506240620503,0.7626784077369996,0.013851052173311345,23.141453905575986,0.924259942033459,0.01650958473381589,-5.3120286934608885,-1.613979784364007e-5,-0.0,22.818333333333328,0.9481598565099483,0.0166110439638063,8.998946332929563,1.665658847798635e-5,0.0,0.0,
2022/04/11 01:00,23.481720045934082,0.7628204396536649,0.013850834675229745,23.136969142984583,0.9247679407470212,0.01651430193556362,-5.284069706452215,-1.619688776988616e-5,-0.0,22.801666666666677,0.9498325875038915,0.016623879364549055,9.041505276913995,1.6739138919702e-5,0.0,0.0,
2022/04/11 01:10,23.47826993963855,0.7629712028977041,0.01385068664357417,23.132296497715345,0.9253163261298016,0.016519562751414422,-5.259436682358114,-1.6254205067556747e-5,-0.0,22.785000000000025,0.9514942299465606,0.016636470696620012,9.08304194049606,1.6819798344864097e-5,0.0,0.0,
2022/04/11 01:20,23.474695621479725,0.763130316263324,0.013850586838936113,23.1274184858558,0.9259016409029799,0.016525285102129146,-5.235841034063355,-1.6310982685013513e-5,-0.0,22.768333333333317,0.9531568689862944,0.01664903534808001,9.124334367942538,1.6899985910890446e-5,0.0,0.0,
2022/04/11 01:30,23.470999101694417,0.7632979475461008,0.013850539984144256,23.122333238864314,0.9265214852912117,0.016531422305434907,-5.2120597756544385,-1.6366958857709136e-5,-0.0,22.751666666666665,0.9548220206866679,0.016661600493948266,9.16545576456474,1.6979836225686313e-5,0.0,0.0,
2022/04/11 01:40,23.467188656725853,0.7634743313668552,0.013850557385253969,23.1170302343358,0.9271737593534776,0.016537924292175515,-5.187484175915529,-1.6422042424668067e-5,-0.0,22.735000000000014,0.956489688847392,0.016674166134253963,9.206369267092441,1.7059284255214812e-5,0.0,0.0,
2022/04/11 01:50,23.46327507993942,0.7636596712491924,0.013850651913308774,23.1115032122691,0.9278566306265397,0.016544750257378654,-5.16185439029755,-1.6476301612171974e-5,-0.0,22.718333333333362,0.9581598772740936,0.016686732269026283,9.24703290961611,1.7138256342091255e-5,0.0,0.0,
2022/04/11 02:00,23.45926941010788,0.7638540915753907,0.013850835175046178,23.105749590191635,0.9285684900479373,0.01655186725754385,-5.135132190981722,-1.652987261449919e-5,-0.0,22.701666666666654,0.959832589778371,0.016699298898294416,9.287408848491395,1.7216686421222575e-5,0.0,0.0,
2022/04/11 02:10,23.455381564606967,0.7640244449516773,0.01385067203753989,23.0980011736072,0.9292237358793121,0.01655589061322929,-5.247321768781036,-1.6517089898522083e-5,-0.0,22.730000000000018,0.9569768108676129,0.016677691306553118,9.217489259070135,1.7078043847678948e-5,0.0,0.0,
2022/04/11 02:20,23.451503869605688,0.7641471030259457,0.013849633075724581,23.08975752971145,0.9297326498468356,0.016556721514878806,-5.403989199151056,-1.6464653103706374e-5,-0.0,22.76333333333332,0.9536273505067888,0.016652288468781837,9.138050902424766,1.6920313164032528e-5,0.0,0.0,
2022/04/11 02:30,23.447570777039857,0.76423325846927,0.0138478702683323,23.082013838324144,0.9301081466177293,0.016555622933968794,-5.563762339500614,-1.6398449533286515e-5,-0.0,22.79666666666668,0.9502880064987422,0.01662688765168079,9.06097923086486,1.676692648085133e-5,0.0,0.0,
2022/04/11 02:40,23.443587971861064,0.7642893668552867,0.013845508525558386,23.074984127518917,0.930359417467876,0.01655298622356103,-5.7243882342578445,-1.632369735559597e-5,-0.0,22.829999999999984,0.9469587482943825,0.01660148885500889,8.985866974222517,1.6617141681720142e-5,0.0,0.0,
2022/04/11 02:50,23.439566889256014,0.7643198160530207,0.013842639278799593,23.068751627826373,0.9304940182940364,0.016549037601563656,-5.885476253826028,-1.6243662517058284e-5,-0.0,22.863333333333344,0.943639545440143,0.016576092078525086,8.912416019873035,1.6470417584538464e-5,0.0,0.0,
2022/04/11 03:00,23.435517101441576,0.7643276349513524,0.013839327137193118,23.06334952949163,0.9305184850983643,0.016543932474054297,-6.047115759729422,-1.61604834077254e-5,-0.0,22.896666666666647,0.9403303675776613,0.016550697321988356,8.840415709099489,1.632637219453827e-5,0.0,0.0,
2022/04/11 03:10,23.431250064825406,0.7643483567584247,0.013836069075753354,23.060614765698517,0.9305232986104982,0.01654121038108903,-6.069309909409527,-1.614187494489193e-5,-0.0,22.88499999999999,0.9414942123143564,0.016559707519874074,8.880416337960014,1.6402238872880728e-5,0.0,0.0,
2022/04/11 03:20,23.426892203718978,0.7644072397791061,0.013833440142107047,23.05902125763197,0.9306026810321717,0.016541021766145365,-6.046821321629068,-1.6161844709086407e-5,-0.0,22.86833333333334,0.9431568390402751,0.01657254085706352,8.930831033364257,1.6498819949283685e-5,0.0,0.0,
2022/04/11 03:30,23.422519940351265,0.7644940863182482,0.013831316394068092,23.05753880687513,0.9307472917759039,0.016542137242206684,-6.020954542354389,-1.6194895254725575e-5,-0.0,22.851666666666688,0.9448219861031536,0.01658537471009464,8.97960025425914,1.6592401123670324e-5,0.0,0.0,
2022/04/11 03:40,23.41813864353179,0.7646032084640911,0.013829596829938492,23.05593500988556,0.9309512008054008,0.01654420951081373,-5.993748392587009,-1.6236113301725087e-5,-0.0,22.83499999999998,0.9464896573190408,0.01659820907899853,9.027053316529646,1.668358528651091e-5,0.0,0.0,
2022/04/11 03:50,23.41374862489124,0.7647308286301492,0.013828211557865153,23.054109686580773,0.9312098514965368,0.01654705213328371,-5.965345706435414,-1.6282400715936935e-5,-0.0,22.818333333333328,0.9481598565099483,0.0166110439638063,9.073418102489768,1.6772788676811055e-5,0.0,0.0,
2022/04/11 04:00,23.40935292216784,0.7648744222639275,0.013827116241879536,23.052013042020292,0.9315194952569615,0.01655054510790275,-5.935401664723941,-1.6331702932070244e-5,-0.0,22.801666666666677,0.9498325875038915,0.016623879364549055,9.118839169556395,1.6860276108931587e-5,0.0,0.0,
2022/04/11 04:10,23.40502181318925,0.7650210545143599,0.013826131617562127,23.04899099461079,0.9318485377950556,0.01655343911750825,-5.950437572578835,-1.6360361000856896e-5,-0.0,22.80000000000001,0.95,0.016625162933000957,9.126234606410435,1.6873156846976473e-5,0.0,0.0,
2022/04/11 04:20,23.400721772802,0.7651615733687965,0.01382506000693635,23.045547399647944,0.9321643821118842,0.016555657256036114,-5.978578411255739,-1.6376599325434154e-5,-0.0,22.80000000000001,0.95,0.016625162933000957,9.129728590176455,1.687834529163202e-5,0.0,0.0,
2022/04/11 04:30,23.396438215491628,0.7652989277257706,0.013823943508495083,23.042025541867474,0.932469289777431,0.016557593783303733,-6.006020300948194,-1.6388673147039482e-5,-0.0,22.80000000000001,0.95,0.016625162933000957,9.13336893055316,1.68838058180765e-5,0.0,0.0,
2022/04/11 04:40,23.392179298662256,0.7654346527033842,0.013822817460996001,23.03849963035674,0.9327644779359925,0.01655934731327207,-6.032179878417311,-1.6398048410211245e-5,-0.0,22.80000000000001,0.95,0.016625162933000957,9.137040405608786,1.688933021899628e-5,0.0,0.0,
2022/04/11 04:50,23.387953417160873,0.7655696979283892,0.013821706569037844,23.035001085348938,0.9330507896761288,0.0165609656452821,-6.057154370614057,-1.640566213301542e-5,-0.0,22.80000000000001,0.95,0.016625162933000957,9.14066246606103,1.6894773679935646e-5,0.0,0.0,
2022/04/11 05:00,23.383766425454155,0.7657046229543271,0.013820626154412602,23.03154570187428,0.9333288694762165,0.016562476885052548,-6.081226057518734,-1.641214716115467e-5,-0.0,22.80000000000001,0.95,0.016625162933000957,9.14418515524585,1.690004655936261e-5,0.0,0.0,
2022/04/11 05:10,23.379202266395794,0.7658163331475956,0.013818795487300476,23.021697785954643,0.9335422933865356,0.016556231962898144,-6.131230733373059,-1.635499154407102e-5,-0.0,22.80000000000001,0.9484999999999999,0.01659821218162278,9.062281183296136,1.6748839758921522e-5,0.0,0.0,
2022/04/11 05:20,23.373817371858877,0.7658916466239157,0.013815593848088312,23.008416690065985,0.9336475761479359,0.016544490342046525,-6.167471451067287,-1.6263884008078737e-5,-0.0,22.80000000000001,0.9468333333333332,0.01656826957005644,8.97509230978767,1.6587716053003142e-5,0.0,0.0,
2022/04/11 05:30,23.367827861531737,0.7659411113175882,0.013811400915520763,22.99442455048853,0.933663094731046,0.016530393651433845,-6.186398936018804,-1.6162208471696153e-5,-0.0,22.80000000000001,0.9451666666666666,0.016538329766258537,8.891144700508903,1.643234675649237e-5,0.0,0.0,
2022/04/11 05:40,23.36139333741255,0.7659703125707493,0.01380645650897914,22.980270431956683,0.9335991624481732,0.01651469872832529,-6.193588123277323,-1.6055350181310115e-5,-0.0,22.80000000000001,0.9434999999999999,0.016508392769834148,8.809656423677097,1.6281348075852757e-5,0.0,0.0,
2022/04/11 05:50,23.354623307773352,0.7659824563031788,0.013800913742093291,22.9661850825712,0.9334632260472173,0.016497781622415848,-6.193512913494601,-1.5946736916102913e-5,-0.0,22.80000000000001,0.9418333333333332,0.016478458580388444,8.73012825139972,1.6133838695970396e-5,0.0,0.0,
2022/04/11 06:00,23.34758832452428,0.7659792190943949,0.013794864246031992,22.952284669379708,0.9332611672733953,0.016479871280376316,-6.189749410560239,-1.5838554943098815e-5,-0.0,22.80000000000001,0.9401666666666666,0.01644852719752665,8.652261419191063,1.5989292660806165e-5,0.0,0.0,
2022/04/11 06:10,23.34116883542623,0.7660082302469376,0.013789934310492656,22.95153798499433,0.9331118735211611,0.016476400434264793,-6.1316027090862235,-1.58578970469636e-5,-0.0,22.80000000000001,0.9415,0.016472472079302,8.746407688858653,1.6159786607506906e-5,0.0,0.0,
2022/04/11 06:20,23.336277926386742,0.7660964744651698,0.013787396004002727,22.958077992960966,0.9331074945536013,0.016483020140504675,-6.100600809747334,-1.5946449983775352e-5,-0.0,22.80000000000001,0.9431666666666667,0.01650240570739935,8.852282350400856,1.63521987999211e-5,0.0,0.0,
2022/04/11 06:30,23.3324948585161,0.766223027096273,0.013786504910000509,22.9664701911733,0.9332155839169719,0.016493581072020314,-6.105113889512382,-1.6057894772106386e-5,-0.0,22.80000000000001,0.9448333333333333,0.016532342142396413,8.952795431634058,1.653512203353321e-5,0.0,0.0,
2022/04/11 06:40,23.329504278415186,0.7663767605180306,0.013786787481160703,22.975619418296276,0.9334193381485425,0.016506661320938996,-6.134590587059847,-1.618155308668584e-5,-0.0,22.80000000000001,0.9465,0.016562281384688023,9.049490933716243,1.6711289649612194e-5,0.0,0.0,
2022/04/11 06:50,23.327087837647696,0.7665513108205695,0.01378794072068378,22.985061242289817,0.933707320857136,0.016521581113947973,-6.180273820225466,-1.6310461192460555e-5,-0.0,22.80000000000001,0.9481666666666667,0.016592223434669078,9.143356778242378,1.6882446060357723e-5,0.0,0.0,
2022/04/11 07:00,23.32510456399882,0.7667434401862087,0.013789785112242398,22.99455623871455,0.9340709317617751,0.01653794168114588,-6.234952685063604,-1.6440048647061695e-5,-0.0,22.80000000000001,0.9498333333333333,0.016622168292734555,9.234978279036795,1.704962159365241e-5,0.0,0.0,
2022/04/11 07:10,23.324572717226204,0.7669541020498006,0.013793205080655194,23.014458565247935,0.9345045487356574,0.01656629874539759,-6.426933177083925,-1.6605213066140666e-5,-0.0,22.860000000000014,0.9485000299171928,0.016660303704549736,9.348167895461984,1.723654047623093e-5,0.0,0.0,
2022/04/11 07:20,23.32617894481365,0.7671780551368438,0.013798689976408493,23.040776210317404,0.9349716331110657,0.016601924604476848,-6.706020832868945,-1.6781414736719862e-5,-0.0,22.926666666666677,0.9468333434063078,0.016699353542256493,9.457606304788214,1.7414878176037687e-5,0.0,0.0,
2022/04/11 07:30,23.32937661836172,0.7674096327686611,0.013805672049523439,23.06935020463459,0.9354497768150374,0.016640153420101913,-7.021879449396806,-1.695629848144424e-5,-0.0,22.99333333333334,0.9451666315569868,0.01673840815553191,9.562178741800153,1.7584672035282363e-5,0.0,0.0,
2022/04/11 07:40,23.333841510909735,0.7676467834521191,0.01381383923049125,23.09933403432359,0.9359282731862868,0.016679928525779344,-7.359063285489925,-1.7126170542700918e-5,-0.0,23.060000000000002,0.9434999256539444,0.016777467545252087,9.662902711206243,1.774769213670509e-5,0.0,0.0,
2022/04/11 07:50,23.339365205319837,0.7678893472979376,0.013823012713976093,23.130353839184238,0.9364003638804298,0.01672074773772379,-7.707399433963929,-1.7288828954779942e-5,-0.0,23.126666666666665,0.9418332566670043,0.016816531712293324,9.760361210215933,1.7904946736317228e-5,0.0,0.0,
2022/04/11 08:00,23.345818518945975,0.7681382431538994,0.013833100965273152,23.162205562797453,0.9368613456624568,0.01676231907453673,-8.059549283219667,-1.744311330914939e-5,-0.0,23.193333333333328,0.9401666552537149,0.016855600657532145,9.854852690361213,1.8056946147486575e-5,0.0,0.0,
2022/04/11 08:10,23.350693317164712,0.7683329449958556,0.01384084854354751,23.165500894839965,0.9371626445697168,0.016771286166187234,-8.31040556272967,-1.738284403539885e-5,-0.0,23.185000000000002,0.9385095999155448,0.016816387133032018,9.701736132167753,1.778124892792776e-5,0.0,0.0,
2022/04/11 08:20,23.351917312809064,0.768447572870373,0.013844005100816483,23.15251274496194,0.9372299972072352,0.016759004067697255,-8.414101250867818,-1.7211613952248837e-5,-0.0,23.16833333333335,0.9368496358698454,0.016768482090859866,9.53524991484369,1.7482878168136265e-5,0.0,0.0,
2022/04/11 08:30,23.35067990053733,0.7685172293826217,0.013844230692602074,23.135125800162655,0.9371292621229327,0.01673907287809619,-8.419482243108407,-1.7003616579752214e-5,-0.0,23.151666666666642,0.9351854919048704,0.016720584232977377,9.37834352750997,1.7201293848621095e-5,0.0,0.0,
2022/04/11 08:40,23.347781182320205,0.7685598122997317,0.013842538348263019,23.115678258944513,0.9368924750626824,0.016714531558499085,-8.357102812616974,-1.6777691943359725e-5,-0.0,23.13499999999999,0.9335171604164371,0.016672693557768542,9.2277139852049,1.6930683975294007e-5,0.0,0.0,
2022/04/11 08:50,23.343765332343764,0.7685844030811115,0.013839560715799826,23.095153134460418,0.9365404402173099,0.016686797536800066,-8.249648436062103,-1.654627712796478e-5,-0.0,23.11833333333334,0.9318446337871851,0.016624810063617823,9.081298535437554,1.666743156369245e-5,0.0,0.0,
2022/04/11 09:00,23.33898441465783,0.7685943356175409,0.013835660560440754,23.074056875129486,0.9360881736233017,0.016656682687839673,-8.114967609606651,-1.6317467236098597e-5,-0.0,23.101666666666688,0.9301679043866449,0.01657693374891018,8.937914377821699,1.640947388947768e-5,0.0,0.0,
2022/04/11 09:10,23.329516328892623,0.7684620780649093,0.013825145546724583,23.000433398208656,0.9352448842725933,0.016565329233694866,-7.8724596213180575,-1.5698627019272252e-5,-0.0,22.980000000000018,0.92580243719418,0.016372874658454353,8.306864399472715,1.529299101064833e-5,0.0,0.0,
2022/04/11 09:20,23.31185652139652,0.7681240199077018,0.01380387366331228,22.89664155239842,0.9338419002074393,0.016433451252003236,-7.40291160714321,-1.4887490949647152e-5,-0.0,22.846666666666692,0.9210159356942408,0.01615160730182632,7.6547796590407415,1.4138476313696783e-5,0.0,0.0,
2022/04/11 09:30,23.288117069809232,0.7676429280234945,0.013774834961878148,22.78410641350547,0.9320098823424608,0.016285969216549245,-6.777083859596473,-1.4027699838585173e-5,-0.0,22.71333333333331,0.916098491203238,0.01593049327965561,7.028518555967366,1.3028333537799794e-5,0.0,0.0,
2022/04/11 09:40,23.259713297587894,0.7670495097489216,0.013739834768849631,22.667110569376575,0.929813809683835,0.016128722358153588,-6.052427704323691,-1.3153108640585829e-5,-0.0,22.579999999999984,0.9110480577356993,0.01570953243261024,6.42219430844716,1.1952215655627941e-5,0.0,0.0,
2022/04/11 09:50,23.227586763929537,0.7663590089489679,0.01369998760871699,22.54748700941161,0.9272941728254087,0.015964507829052198,-5.2711331215596156,-1.2284791104194826e-5,-0.0,22.44666666666666,0.9058625599953404,0.015488724601578893,5.832172493383723,1.090375811535157e-5,0.0,0.0,
2022/04/11 10:00,23.192329562292116,0.7655770381447344,0.013655931745969263,22.426207188043065,0.9244775229352771,0.01579494407054882,-4.465583426502917,-1.1435576749644803e-5,-0.0,22.313333333333333,0.9005398929562638,0.015268069627670551,5.256371532942467,9.879335784024316e-6,0.0,0.0,
2022/04/11 10:10,23.15588916175318,0.7647346536848512,0.01360990437118397,22.32235294151178,0.9214541553032556,0.015640365809172833,-3.75973048212245,-1.0725176302851966e-5,-0.0,22.24000000000001,0.8941527050023179,0.015087997238977633,4.819318100209102,9.089627721812119e-6,0.0,0.0,
2022/04/11 10:20,23.119710492623085,0.7638413187150805,0.01356330504917652,22.22897999196732,0.9182637450816962,0.015494331354788315,-3.1704544818029494,-1.0096812328454822e-5,-0.0,22.173333333333346,0.8875931301842686,0.014912516575974885,4.3991008100974796,8.328391494117376e-6,0.0,0.0,
2022/04/11 10:30,23.08308179905498,0.7628761402746486,0.013515165010617638,22.138914405785385,0.9148780322835411,0.015349251785736543,-2.6635028202815647,-9.509957295961394e-6,-0.0,22.106666666666683,0.8809672141243499,0.01473713255577109,3.9842221260539645,7.576397970874825e-6,0.0,0.0,
2022/04/11 10:40,23.045509827609294,0.7618282129318195,0.013464889382826997,22.050858205166435,0.9112860071972352,0.015203673025442425,-2.2229347138721782,-8.952502692474085e-6,-0.0,22.04000000000002,0.8742744702686225,0.01456184509855182,3.576621368731594,6.837064982403494e-6,0.0,0.0,
2022/04/11 10:50,23.00664381109732,0.7606924517125864,0.013412114455393712,21.964316099686812,0.9074809414322861,0.015057016552682519,-1.8357726284051523,-8.41534210125189e-6,-0.0,21.973333333333358,0.8675144086724673,0.014386654124590502,3.177484155067077,6.112474064137011e-6,0.0,0.0,
2022/04/11 11:00,22.96624944492686,0.7594679659121045,0.013356654118938693,21.879062934941544,0.9034576481245408,0.01490899989657536,-1.490606572381239,-7.891733619296636e-6,-0.0,21.906666666666638,0.8606865359768227,0.014211559554248325,2.7874170345633047,5.40368161497528e-6,0.0,0.0,
2022/04/11 11:10,22.927512966751635,0.7583158558209553,0.013304043489004262,21.844256799446214,0.8996375968960468,0.014812189825626838,-1.061747398929356,-7.812854948337536e-6,-0.0,21.870000000000005,0.8629761333652114,0.014217639637142426,2.97877795701379,5.754081015257328e-6,0.0,0.0,
2022/04/11 11:20,22.893701379679158,0.7573280949138558,0.013258580939120834,21.83824065216868,0.8963601478445928,0.014751398112631093,-0.7872598211315563,-7.96819775187673e-6,-0.0,21.836666666666645,0.866292786011977,0.014243846400016323,3.2124555720863555,6.182787318309698e-6,0.0,0.0,
2022/04/11 11:30,22.863106241997343,0.7564368164550794,0.013217598845659937,21.840123523060925,0.8935131305081645,0.014705168037293508,-0.6643950663385568,-8.196981498338061e-6,-0.0,21.80333333333334,0.8696198251592555,0.014270055321971226,3.431531709871706,6.585726788916924e-6,0.0,0.0,
2022/04/11 11:40,22.83452386193153,0.7556087283868284,0.013179488653828994,21.845471799541713,0.8910406733269101,0.014668421024622994,-0.645210957177369,-8.462399421341768e-6,-0.0,21.769999999999982,0.872957282897918,0.01429626640327397,3.6412510601210215,6.972162706353653e-6,0.0,0.0,
2022/04/11 11:50,22.80716067393331,0.7548269256567762,0.013143284205975573,21.852313543278626,0.8889048759856841,0.014638692949484248,-0.6918042330329399,-8.741104736770887e-6,-0.0,21.73666666666668,0.8763051914209569,0.014322479644191425,3.844763778314018,7.347641429454455e-6,0.0,0.0,
2022/04/11 12:00,22.78053880606268,0.7540848942331816,0.013108469760176197,21.859583502533383,0.88707674370739,0.014614518643295342,-0.773923463853521,-9.018281342285092e-6,-0.0,21.70333333333332,0.8796635830238733,0.01434869504499051,4.043751440573942,7.715109185258413e-6,0.0,0.0,
2022/04/11 12:10,22.75328855606574,0.7533028957570418,0.013072515275902318,21.847295993829164,0.8853069063623717,0.014573481202971786,-0.9963272465961382,-9.08481203563129e-6,-0.0,21.685000000000002,0.8770173884789625,0.014288145481557676,3.9635592464635465,7.565130985577649e-6,0.0,0.0,
2022/04/11 12:20,22.724000832084585,0.7524366755325228,0.013033508179020737,21.824152873185767,0.8833853589135328,0.014520092073411048,-1.1960941766392352,-9.03052133814948e-6,-0.0,21.66833333333335,0.8736961953613981,0.01421796994283309,3.861934619755857,7.374682648580541e-6,0.0,0.0,
2022/04/11 12:30,22.693261880332898,0.7515233930358404,0.012992598322607771,21.798267630631187,0.8813540369817773,0.014462506359543173,-1.3385844823744721,-8.928909011557519e-6,-0.0,21.651666666666642,0.8703674309823859,0.014147809881571664,3.7665643999728218,7.195303965217364e-6,0.0,0.0,
2022/04/11 12:40,22.661574398175503,0.7505842831124128,0.012950578186273501,21.771234813348315,0.8792309055112959,0.014402499062266944,-1.4340891378685683,-8.797058374770755e-6,-0.0,21.63499999999999,0.8670310818361915,0.014077665292653547,3.6748646926346282,7.022401437658317e-6,0.0,0.0,
2022/04/11 12:50,22.629321029494008,0.7496324267188952,0.01290799327082018,21.743712735795498,0.877026542193978,0.014340858092645181,-1.493350044160593,-8.646872425638957e-6,-0.0,21.61833333333334,0.8636871343938668,0.014007536170961149,3.5850568770520113,6.852821691660034e-6,0.0,0.0,
2022/04/11 13:00,22.596774516526352,0.7486751604533239,0.01286519507755126,21.716035063912727,0.8747479920203506,0.014278011735940616,-1.5265392097933272,-8.48674414360907e-6,-0.0,21.601666666666688,0.8603355751031867,0.013937422511379142,3.4959948674274983,6.684538817123141e-6,0.0,0.0,
2022/04/11 13:10,22.562232524648266,0.7476985375748798,0.012820589113755694,21.668379983368027,0.8723522672912664,0.014195642009827685,-1.358179160730515,-8.232396430703353e-6,-0.0,21.495000000000005,0.8600874346153012,0.013840620592163707,3.3258100852708594,6.391945072441407e-6,0.0,0.0,
2022/04/11 13:20,22.52445655823874,0.74670254095294,0.01277321180545969,21.608398041265957,0.8698598277382403,0.014101149550025777,-1.0407512479150682,-7.937658881384154e-6,-0.0,21.37833333333333,0.8601491924769993,0.013740882100560835,3.155086578001601,6.099921349217999e-6,0.0,0.0,
2022/04/11 13:30,22.484422725440993,0.7457013281471717,0.01272410877054346,21.544080740900256,0.8673163247426745,0.014002514886829402,-0.6477744070832615,-7.634136883430208e-6,-0.0,21.261666666666656,0.8601731055317628,0.013641174894176976,2.9900918034418282,5.817436739822681e-6,0.0,0.0,
2022/04/11 13:40,22.442734922154386,0.7447005191853096,0.012673871979861194,21.477072110500558,0.864742348979363,0.013901591666816912,-0.2066071199897124,-7.3306053894332325e-6,-0.0,21.144999999999982,0.8601585550167783,0.013541498958294481,2.8288955941143286,5.541118830174711e-6,0.0,0.0,
2022/04/11 13:50,22.399785193910247,0.7437013182111204,0.012622843280134948,21.408096830639636,0.8621502804293028,0.013799260858733049,0.2636920364886919,-7.03254003082594e-6,-0.0,21.028333333333308,0.8601049138273741,0.013441854278204903,2.670383311679643,5.269031936738308e-6,0.0,0.0,
2022/04/11 14:00,22.355814500171846,0.7427022545952849,0.012571195737640335,21.33754827510529,0.8595482920700921,0.013696029841193872,0.7488118469541405,-6.7431640999898e-6,-0.0,20.91166666666669,0.8600115464082609,0.013342240839209048,2.513990626052191,5.000208229184058e-6,0.0,0.0,
2022/04/11 14:10,22.314374783274218,0.7417153754717944,0.012521906057607543,21.300401271582984,0.8569822931224113,0.013622499610628284,0.8470254234964614,-6.589194660983917e-6,-0.0,20.975000000000023,0.8523473355786105,0.013273503066498408,2.4505801684963444,4.854284230688578e-6,0.0,0.0,
2022/04/11 14:20,22.277858506400833,0.7407284636706029,0.01247659357369347,21.28430562566632,0.8543719708357989,0.01356640909786476,0.6787724137535635,-6.495186112064387e-6,-0.0,21.058333333333337,0.8439082428746871,0.013208206769071659,2.385422994497503,4.701360957194684e-6,0.0,0.0,
2022/04/11 14:30,22.244645517276865,0.7397185800721634,0.012433574423732944,21.27579041981471,0.8516469918988844,0.013514984959951975,0.3816306160388195,-6.420758893845666e-6,-0.0,21.14166666666665,0.8355358749566685,0.013142923893165716,2.312832171711989,4.535936424396246e-6,0.0,0.0,
2022/04/11 14:40,22.213725932238162,0.7386748470254223,0.01239186239440735,21.272196320644753,0.8487797463314941,0.013465465536887244,-0.0025700046131760246,-6.3534132176588155e-6,-0.0,21.225000000000023,0.8272297140482864,0.013077654434642852,2.2360232327075664,4.363641755372231e-6,0.0,0.0,
2022/04/11 14:50,22.184419969811756,0.7375934071165239,0.012350856367092588,21.272390698548918,0.8457556798091802,0.013416618831988096,-0.44440502982581626,-6.2843162597054505e-6,-0.0,21.308333333333337,0.8189892465012945,0.013012398389367054,2.1569561097708174,4.18789374240828e-6,0.0,0.0,
2022/04/11 15:00,22.1562894403844,0.736475123328678,0.012310227632147048,21.275776266468654,0.8425665179620495,0.01336777599848834,-0.9209907576308752,-6.207513407259323e-6,-0.0,21.39166666666665,0.8108139627611763,0.01294715575320399,2.0767025463862865,4.010543854086031e-6,0.0,0.0,
2022/04/11 15:10,22.12699986504623,0.7353558436563413,0.012268801046718554,21.265107471432486,0.8393243981797132,0.01330633949668089,-1.03612917787018,-6.1316815703099225e-6,-0.0,21.32499999999999,0.8115035734984404,0.012904452854266961,2.0725411293822162,4.012487038329183e-6,0.0,0.0,
2022/04/11 15:20,22.09530549311353,0.7342730576287149,0.012226274895316488,21.244909983215564,0.836227649155648,0.013239433886327001,-0.9607258508310679,-6.0628307349596524e-6,-0.0,21.241666666666674,0.8131728197446907,0.012864258386681851,2.0801435786379443,4.039770224338959e-6,0.0,0.0,
2022/04/11 15:30,22.062117747671437,0.7332288344483276,0.012183388449800983,21.2210872595453,0.8332999330755313,0.013172421121630624,-0.8127921505786163,-5.991748165230729e-6,-0.0,21.158333333333303,0.8148405367091602,0.012824069008029237,2.088937358402063,4.068799613554625e-6,0.0,0.0,
2022/04/11 15:40,22.02797288109383,0.7322244302185518,0.012140574485458877,21.194682769577298,0.830545563096962,0.013106258597359836,-0.6135498364881188,-5.9197521107268125e-6,-0.0,21.07499999999999,0.8165066562596438,0.012783884717342731,2.09751140278172,4.09712189365218e-6,0.0,0.0,
2022/04/11 15:50,21.993245396851876,0.7312593658354548,0.012098109098906393,21.166112787336715,0.8279633327559253,0.01304128285243516,-0.3768407168138311,-5.8486737786532724e-6,-0.0,20.991666666666674,0.8181711094464503,0.012743705513656195,2.1049654963007924,4.123178774007304e-6,0.0,0.0,
2022/04/11 16:00,21.958193984359355,0.7303317184303515,0.012056153468672363,21.13559308169073,0.8255494866219122,0.012977618201619504,-0.11344242584925723,-5.780131062143251e-6,-0.0,20.908333333333303,0.8198338264940951,0.012703531396003725,2.1107741136190725,4.146069440079755e-6,0.0,0.0,
2022/04/11 16:10,21.923543201394182,0.7294248318592277,0.012014967310892542,21.10727366474572,0.8232468822888511,0.012917715467305205,0.049204180370452384,-5.700866971391944e-6,-0.0,20.870000000000005,0.8185225288917494,0.012652315967232888,2.0780737006261916,4.086412445475357e-6,0.0,0.0,
2022/04/11 16:20,21.88965709093776,0.7285232750550454,0.011974557814401517,21.080355330502016,0.8209751124935835,0.012859609765090532,0.16681571485946733,-5.6142953827891604e-6,-0.0,20.836666666666645,0.8168716173512987,0.0125998816475678,2.0388667947293015,4.013659427120199e-6,0.0,0.0,
2022/04/11 16:30,21.856340444021214,0.7276262797766101,0.01193476083695284,21.053554844456414,0.8187265508969811,0.012802131150962813,0.2733102227779227,-5.527061513351936e-6,-0.0,20.80333333333334,0.8152109044071371,0.01254745599132576,1.9976910190953276,3.937413327853104e-6,0.0,0.0,
2022/04/11 16:40,21.823483588363047,0.7267325081395761,0.011895468101283177,21.026675981965695,0.8164978843403813,0.012745066352761979,0.3721832592475494,-5.439538827681467e-6,-0.0,20.769999999999982,0.8135403525159252,0.012495038996359826,1.9548994044700976,3.8582934804167834e-6,0.0,0.0,
2022/04/11 16:50,21.791002968861562,0.7258408421494341,0.011856595534207766,20.999655110386243,0.8142868980210516,0.012688328214758031,0.46523568953432465,-5.351608620922413e-6,-0.0,20.73666666666668,0.8118599240003971,0.01244263066052377,1.9107660642659994,3.7767812044430524e-6,0.0,0.0,
2022/04/11 17:00,21.758832422766034,0.7249504694277417,0.011818077901017627,20.972469276355355,0.8120918432272956,0.012631870343253995,0.553787492630704,-5.263009094898243e-6,-0.0,20.70333333333332,0.8101695810489047,0.012390230981672077,1.8655036890913834,3.6932496555933244e-6,0.0,0.0,
2022/04/11 17:10,21.727930413385707,0.7240430735470037,0.01178031229467007,20.9532827164129,0.809840350138337,0.012580988446452597,0.4466213631229721,-5.162623977421036e-6,-0.0,20.745000000000005,0.8039205903099318,0.012324991519234671,1.7759252499945433,3.5094048886936545e-6,0.0,0.0,
2022/04/11 17:20,21.698781455750748,0.7231012717833614,0.011743358546472323,20.939955712036806,0.8074174643085159,0.01253210778917246,0.2394693207037335,-5.0493037179314964e-6,-0.0,20.795000000000016,0.7971987801489542,0.012258338195048563,1.679089856733981,3.3106909675580256e-6,0.0,0.0,
2022/04/11 17:30,21.670884203544745,0.7221271896065241,0.011706877664243423,20.929599137021853,0.8048141496138447,0.01248277693849695,-0.003463676420665252,-4.929477963505106e-6,-0.0,20.845000000000027,0.7905116378214252,0.012191698876928463,1.58075835190607,3.1097089522746533e-6,0.0,0.0,
2022/04/11 17:40,21.643953604064336,0.7211228334400515,0.011670690050730901,20.921650562538332,0.8020312431193994,0.012432549604052793,-0.26874356110511144,-4.803321400381761e-6,-0.0,20.894999999999982,0.7838589952932364,0.012125073560460118,1.4815162975132807,2.9074637319510778e-6,0.0,0.0,
2022/04/11 17:50,21.617802814295942,0.720090594292875,0.01163469581935163,20.915858465254757,0.7990721253789219,0.012381266446097619,-0.5476202298120825,-4.670786828907076e-6,-0.0,20.944999999999993,0.7772406853543609,0.01205846224123115,1.3816893591222197,2.704507018281031e-6,0.0,0.0,
2022/04/11 18:00,21.59231302721213,0.719033098542498,0.011598849419491308,20.91207745972588,0.7959411880498704,0.012328867697251583,-0.8335721489248727,-4.5318755770496094e-6,-0.0,20.995000000000005,0.7706565416146681,0.011991864914831027,1.2814260400161857,2.5010817044411544e-6,0.0,0.0,
2022/04/11 18:10,21.566231913707952,0.7180226822098407,0.011563432452933784,20.9054737344739,0.7929329108049327,0.012276264239495805,-0.7292476339699762,-4.502272602893521e-6,-0.0,20.910000000000025,0.774418871792218,0.011987506844440443,1.3826934933213124,2.7018242488819027e-6,0.0,0.0,
2022/04/11 18:20,21.539268603995424,0.717113548378244,0.011529123033867748,20.89485529628456,0.7903923766990202,0.012228010565378547,-0.46780282847521454,-4.537587612675769e-6,-0.0,20.810000000000002,0.779361953985204,0.011990063411598828,1.5028949492411812,2.940975330782225e-6,0.0,0.0,
2022/04/11 18:30,21.51192114628367,0.7162874281311984,0.011495976022596192,20.880959302070266,0.7882908630278785,0.012184235948221966,-0.16859513352244448,-4.5919080878481555e-6,-0.0,20.70999999999998,0.784340274163852,0.011992619999376111,1.6193064446806602,3.173132653259774e-6,0.0,0.0,
2022/04/11 18:40,21.484409642115054,0.7155338284436498,0.011463972421936773,20.86384861145467,0.7865984034922966,0.012144522587454062,0.15554343147414332,-4.658245586660315e-6,-0.0,20.610000000000014,0.7893541083990085,0.01199517660777254,1.731989919907619,3.3984602625770173e-6,0.0,0.0,
2022/04/11 18:50,21.456874347960536,0.7148448593683787,0.01143307818198765,20.843589080261722,0.785285925836532,0.01210846415434101,0.4978122360404314,-4.732685414002792e-6,-0.0,20.50999999999999,0.7944037351109016,0.011997733236788367,1.8410563945396916,3.617193346734825e-6,0.0,0.0,
2022/04/11 19:00,21.42940696302088,0.7142142166950428,0.011403250392122255,20.820273719325996,0.7843256071179685,0.012075690582903366,0.8534000264381802,-4.812853711734043e-6,-0.0,20.410000000000025,0.7994894350905707,0.012000289886423841,1.9466457785720195,3.829608688687758e-6,0.0,0.0,
2022/04/11 19:10,21.402148375369848,0.7136103939131019,0.011374072145477022,20.79225206436263,0.7835797588120791,0.012042789387814334,1.1173769584252113,-4.8445952636751475e-6,-0.0,20.339999999999975,0.8014959196000819,0.011978085688263933,1.9693846462225792,3.881839379138406e-6,0.0,0.0,
2022/04/11 19:20,21.37498710755648,0.7130113590797656,0.01134510405792201,20.761280519189654,0.7829142100940022,0.01200899575942203,1.3578608300451833,-4.850031676013348e-6,-0.0,20.273333333333312,0.8031597621254087,0.011953132149810359,1.9824740735316482,3.915440792035311e-6,0.0,0.0,
2022/04/11 19:30,21.34790513571255,0.712422338277892,0.011316416896783553,20.728522154353016,0.7823329568976799,0.011975256212415707,1.6012487964695767,-4.8485567922898195e-6,-0.0,20.20666666666665,0.8048253890985616,0.011928180575634688,1.9946539454849699,3.947357508035499e-6,0.0,0.0,
2022/04/11 19:40,21.320906985579484,0.7118450450455505,0.01128804014743994,20.694311675488052,0.7818349308671748,0.011941807081587376,1.8457435610952189,-4.843346500317952e-6,-0.0,20.139999999999986,0.806492784626426,0.011903230965505001,2.0058281243241254,3.977413093021981e-6,0.0,0.0,
2022/04/11 19:50,21.293979824066298,0.7112799520329981,0.011259970879786715,20.658835508928235,0.7814173492043838,0.01190874424805589,2.088933227205416,-4.836290676109196e-6,-0.0,20.073333333333323,0.8081619326082535,0.011878283319189404,2.016006162891472,4.005621506301664e-6,0.0,0.0,
2022/04/11 20:00,21.26709405439118,0.7107268290628219,0.011232183139620433,20.622220237971817,0.7810766658852775,0.011876105682504362,2.3286595109266273,-4.82856301202375e-6,-0.0,20.00666666666666,0.8098328167337825,0.01185333763645605,2.025272684046513,4.032131031429418e-6,0.0,0.0,
2022/04/11 20:10,21.241896844666314,0.7101133117465636,0.01120466603446548,20.594331114843555,0.7805010825272154,0.011846410945992392,2.0977482110373558,-4.713757025800417e-6,-0.0,20.105000000000018,0.7991925020915697,0.011767441649810565,1.8349284868936593,3.6501656937891816e-6,0.0,0.0,
2022/04/11 20:20,21.218911483629256,0.709383437674462,0.011176883848481929,20.574747892533196,0.7793152904137424,0.01181352463379711,1.6627090365130925,-4.531201976410366e-6,-0.0,20.221666666666692,0.7873133855157664,0.01167479902466786,1.6234511871666655,3.2256714182501777e-6,0.0,0.0,
2022/04/11 20:30,21.197341828856338,0.7085558471137998,0.011148578012494836,20.560756212324918,0.7775531907121503,0.01177594841882802,1.1701111703212066,-4.325369693225552e-6,-0.0,20.33833333333331,0.7755688362777884,0.01158218348012608,1.4137695431982138,2.8052951421726893e-6,0.0,0.0,
2022/04/11 20:40,21.176783611680264,0.7076420412138068,0.011119651003556146,20.551846177653317,0.7752497597334809,0.011733832800058085,0.6408909174564316,-4.1027581348369286e-6,-0.0,20.454999999999984,0.7639573730547022,0.011489595004312968,1.2062014896077926,2.3895280099786424e-6,0.0,0.0,
2022/04/11 20:50,21.1569747579652,0.7066513296764373,0.011090070179706927,20.547752167639885,0.7724358390131468,0.011687434841660764,0.087629614286584,-3.866982288014162e-6,-0.0,20.57166666666666,0.7524775312102748,0.011397033585363196,1.0008534167341168,1.9785049250995075e-6,0.0,0.0,
2022/04/11 21:00,21.13774735474442,0.7055916526247938,0.01105984690313979,20.54828892349252,0.7691383337475357,0.01163700059879773,-0.4804042717569246,-3.6202995635744244e-6,-0.0,20.688333333333333,0.7411278625994823,0.011304499211418371,0.7976882395114444,1.572118511404457e-6,0.0,0.0,
2022/04/11 21:10,21.11680790354569,0.7045735332875951,0.01102916203809638,20.54135685252544,0.7658495251637811,0.01158126882548274,-0.41476558410522557,-3.5254589726338943e-6,-0.0,20.579999999999984,0.7458525740446198,0.011300781361221124,0.8856141240000852,1.7542775279764678e-6,0.0,0.0,
2022/04/11 21:20,21.093442809762223,0.7036811209198824,0.010998870156476857,20.526468834847208,0.7631580171121931,0.0115290223491778,-0.08435093739649348,-3.522724524524021e-6,-0.0,20.44666666666666,0.7524155769037582,0.011306930474857767,1.0044298979307769,1.998706145227961e-6,0.0,0.0,
2022/04/11 21:30,21.068605944815943,0.7028907635684029,0.010969253609796545,20.506471670601627,0.7610331379085287,0.011481891641058067,0.31430505722596536,-3.5473887998147303e-6,-0.0,20.313333333333333,0.7590425396985455,0.011313079707906758,1.121044133323494,2.2388416373742698e-6,0.0,0.0,
2022/04/11 21:40,21.04276360328936,0.7021892672273624,0.01094042194148443,20.4818050261631,0.7594352159968767,0.011439592433009694,0.7576127841389281,-3.590497208724428e-6,-0.0,20.180000000000007,0.7657341441977885,0.011319229060371569,1.2350996641137044,2.4741320101587624e-6,0.0,0.0,
2022/04/11 21:50,21.016226536313695,0.7015665028573645,0.010912424809869412,20.452719805277468,0.7583240978107705,0.011401685363476619,1.2324789436883068,-3.6471954795257493e-6,-0.0,20.04666666666668,0.7724910800399646,0.011325378532255686,1.3464345794561723,2.7043488244608187e-6,0.0,0.0,
2022/04/11 22:00,20.98920680505961,0.7010141291807231,0.010885271684177357,20.419438262909352,0.7576608674687756,0.011367721679576523,1.7295405159006807,-3.714577830599481e-6,-0.0,19.913333333333355,0.7793140448307817,0.011331528123562579,1.455018004974363,2.9294821882665814e-6,0.0,0.0,
2022/04/11 22:10,20.96096738718518,0.7004082666361501,0.0108565045574979,20.362034557168897,0.7568739401922145,0.011314782267443074,1.9564437947474291,-3.527020336611076e-6,-0.0,19.839999999999975,0.7756206959043057,0.011224770146022708,1.200729030720595,2.4694814574277514e-6,0.0,0.0,
2022/04/11 22:20,20.930160638444193,0.6996721705153031,0.01082401330614912,20.292281024485533,0.7554694911648567,0.011243958438879997,2.1643989326793194,-3.20758708236902e-6,-0.0,19.773333333333312,0.770705352871426,0.011105509567606319,0.9178178567406121,1.9540853000162386e-6,0.0,0.0,
2022/04/11 22:30,20.897335174260206,0.6988462329855352,0.010788829517012448,20.21972542486651,0.7535771871678415,0.011164191986395983,2.42160972502802,-2.8523034612904632e-6,-0.0,19.70666666666665,0.7657375787653731,0.01098629390343834,0.6438321382806862,1.4544073110076927e-6,0.0,0.0,
2022/04/11 22:40,20.862953199664673,0.697950565136236,0.01075160072780791,20.146422558953418,0.751271207263216,0.011078171439921423,2.7108761529302683,-2.478860908188403e-6,-0.0,19.639999999999986,0.760716978934288,0.010867123128151093,0.3766604975126029,9.666683095829439e-7,0.0,0.0,
2022/04/11 22:50,20.82731643860427,0.696996743152755,0.010712727586296931,20.073236338639674,0.7486033500241274,0.01098736666202412,3.01639303591287,-2.0981849467552234e-6,-0.0,19.573333333333323,0.7556431559194315,0.010747997216395992,0.114996540763741,4.885346657690419e-7,0.0,0.0,
2022/04/11 23:00,20.790594544120268,0.6959909658212596,0.010672434803299515,20.000590201552313,0.7456125376547941,0.01089271998921916,3.325267611539289,-1.717188488655341e-6,-0.0,19.50666666666666,0.7505157094351059,0.010628916142843529,-0.1418924836204951,1.8699350204834484e-8,0.0,0.0,
2022/04/11 23:10,20.755787902748978,0.6949875759813453,0.010633579356814696,19.963360453482267,0.7425737532006181,0.010822126154291142,3.421225793505869,-1.5163783876837126e-6,-0.0,19.560000000000002,0.743898011457702,0.010569186125133228,-0.20995397091428458,-1.2749722417250095e-7,0.0,0.0,
2022/04/11 23:20,20.72519959770841,0.6940058985356036,0.010597976611364244,19.948118975802572,0.7396001133465507,0.010767687367204607,3.311510603670627,-1.4016364389518218e-6,-0.0,19.626666666666665,0.7371606109187565,0.010516056410036558,-0.26710061162862075,-2.5520953343634084e-7,0.0,0.0,
2022/04/11 23:30,20.697385273604482,0.6930163956076899,0.01056418354519582,19.940867995563337,0.736584257045888,0.01071812287960529,3.0777047475083923,-1.3140881459009658e-6,-0.0,19.693333333333328,0.7304677622037073,0.010462935618958393,-0.3301186103769851,-3.929505338402968e-7,0.0,0.0,
2022/04/11 23:40,20.67139233677102,0.6920048270331447,0.010531334809257675,19.93871371228107,0.7334836004954379,0.010670781565539345,2.7581730609199444,-1.2400138768182723e-6,-0.0,19.75999999999999,0.7238191812849011,0.01040982374965051,-0.39618650607144446,-5.357322547631802e-7,0.0,0.0,
2022/04/11 23:50,20.646581626377497,0.6909648461287654,0.010498902620536921,19.94038603679894,0.7302765130267698,0.010624447574289408,2.3822214179813272,-1.1698856693633454e-6,-0.0,19.826666666666654,0.7172145859824778,0.010356720799865457,-0.46358347084446905,-6.805241985606846e-7,0.0,0.0,
2022/04/12 00:00,20.62255485784499,0.6898954375252287,0.010466605122353494,19.945193254906826,0.7269517432740847,0.01057845921886171,1.9734111177223215,-1.0971462817488848e-6,-0.0,19.893333333333317,0.710653695951912,0.010303626767356518,-0.5313905190218975,-8.257200800862902e-7,0.0,0.0,
2022/04/12 00:10,20.596900873844277,0.6888079413873187,0.010433037240450308,19.931149275128746,0.7235518956495345,0.010518833715454135,1.8679032034987133,-9.847810202804997e-7,-0.0,19.82499999999999,0.7100379082222968,0.010250302956907608,-0.5958046746554828,-9.363648309546237e-7,0.0,0.0,
2022/04/12 00:20,20.568161318405487,0.6877230225102757,0.010397576868977139,19.904544273676777,0.7202388561371462,0.010452317543278525,1.9458538499884528,-8.574623967235564e-7,-0.0,19.741666666666674,0.710064587567304,0.010196961622614383,-0.6541055092282022,-1.0333517728208758e-6,0.0,0.0,
2022/04/12 00:30,20.537356287547368,0.6866502864928243,0.010361053339223807,19.87324273895871,0.7170575275323388,0.010384866767740997,2.106237895178538,-7.221210544527675e-7,-0.0,19.658333333333303,0.7100748278867015,0.010143629288104633,-0.7089105751133502,-1.124461371099865e-6,0.0,0.0,
2022/04/12 00:40,20.50513224898657,0.6855952984991339,0.010323982581496903,19.838749510863693,0.7140173779267642,0.010317644810785625,2.3256613764704075,-5.826160805764209e-7,-0.0,19.57499999999999,0.7100684355233813,0.010090305951100872,-0.7619020692147842,-1.212653833495803e-6,0.0,0.0,
2022/04/12 00:50,20.47194716490924,0.6845604685303945,0.01028670436423152,19.801709067331274,0.7111178968782474,0.010251084980209709,2.587343264909805,-4.4237827631623574e-7,-0.0,19.491666666666674,0.7100452149385864,0.010036991609326395,-0.8141878130863915,-1.2998724723318643e-6,0.0,0.0,
2022/04/12 01:00,20.438115685385583,0.6835457724412141,0.010249424795481753,19.762478100576743,0.7083542882709594,0.010185361149907772,2.8776712599858456,-3.0412911981323553e-7,-0.0,19.408333333333303,0.7100049686941914,0.00998368626050525,-0.8664398289440669,-1.3872887783904136e-6,0.0,0.0,
2022/04/12 01:10,20.404704743635932,0.6825546666420089,0.010212882306892226,19.730642006203936,0.7057469490552741,0.01012690225740257,3.0902469114238333,-2.0022866722729856e-7,-0.0,19.370000000000005,0.7085219291523586,0.009938379367462046,-0.8950161477544043,-1.4401057613263525e-6,0.0,0.0,
2022/04/12 01:20,20.37243839806348,0.681583542380661,0.01017747939087993,19.703120239485543,0.703266218832276,0.010073223534570798,3.2467857253487864,-1.1304500434167977e-7,-0.0,19.336666666666645,0.7068705983065385,0.009893966573598657,-0.9243928319633596,-1.4951844908392707e-6,0.0,0.0,
2022/04/12 01:30,20.34096791913663,0.6806242849130979,0.010142861687702865,19.67639478399741,0.700874647435914,0.01002150232098093,3.37606076225768,-3.3334280326615814e-8,-0.0,19.30333333333334,0.7052097270140357,0.009849560021981996,-0.956309347828892,-1.5547996976946398e-6,0.0,0.0,
2022/04/12 01:40,20.31006263395244,0.6796716960510321,0.010108797951084037,19.649821250944058,0.6985533196067014,0.009971043742427904,3.485393697059749,4.159106848415579e-8,-0.0,19.269999999999982,0.7035392786457771,0.009805159711296134,-0.9900117217330262,-1.61761051337041e-6,0.0,0.0,
2022/04/12 01:50,20.279553997894425,0.6787224136033263,0.010075126549107553,19.623157812512716,0.6962895149772061,0.009921504926809594,3.5801437637042,1.1387481061920944e-7,-0.0,19.23666666666668,0.7018592164412014,0.009760765640225497,-1.0249729575082256,-1.6826810225127107e-6,0.0,0.0,
2022/04/12 02:00,20.249321857813015,0.6777744821208477,0.0100417393592372,19.596299580631296,0.6940737680997546,0.009872679688020945,3.664729386381396,1.8517027117636358e-7,-0.0,19.20333333333332,0.7001695035077456,0.009716377807454895,-1.060840526182119,-1.7493865985735273e-6,0.0,0.0,
2022/04/12 02:10,20.222031753864655,0.6769009646456581,0.010011408860908105,19.60440820299982,0.692309627750831,0.009852230071610343,3.6346183693552803,4.1776084053772236e-8,-0.0,19.25999999999999,0.7000243729838376,0.009749233807850845,-0.8548211050554073,-1.3853198101801908e-6,0.0,0.0,
2022/04/12 02:20,20.199969676653552,0.6761346434902086,0.009986039326886187,19.632541949848473,0.6912156377990052,0.009853895763224263,3.4378735449627134,-2.023487312551514e-7,-0.0,19.326666666666654,0.7000412358354973,0.00979067724015392,-0.6369775953853605,-1.000252172155706e-6,0.0,0.0,
2022/04/12 02:30,20.181733072893792,0.6754379688283645,0.009964158748974324,19.66599858796178,0.6905923100551689,0.009865673465921376,3.129855807464424,-4.730300357543637e-7,-0.0,19.393333333333317,0.7000474394206291,0.009832126110281595,-0.4304920883755585,-6.354633555185352e-7,0.0,0.0,
2022/04/12 02:40,20.166376533432413,0.6747919502441663,0.00994487297188056,19.701780974903727,0.6903278390812065,0.0098841206837888,2.7487233196279703,-7.546821177364994e-7,-0.0,19.45999999999998,0.7000430831002648,0.009873580419304192,-0.23244918944419624,-2.857708199987738e-7,0.0,0.0,
2022/04/12 02:50,20.153266514787163,0.6741864535568433,0.009927622684670798,19.738670036255144,0.6903445045081011,0.009907385277926577,2.323390344188283,-1.0371245223360821e-6,-0.0,19.526666666666642,0.7000282654685213,0.009915040168292312,-0.0410252631959338,5.205879138443862e-8,0.0,0.0,
2022/04/12 03:00,20.142005444194012,0.6736171322506157,0.009912086584734464,19.776088431407516,0.6905844230255588,0.009934293143224247,1.8763814847932283,-1.313687213571123e-6,-0.0,19.593333333333362,0.7000030843583325,0.00995650535831684,0.14482730021859425,3.7987564592603234e-7,0.0,0.0,
2022/04/12 03:10,20.12952811990891,0.6730355911300869,0.009895628182345594,19.78012913378899,0.690740351631432,0.009939103565170736,1.6341721684074175,-1.4187006625719619e-6,-0.0,19.54000000000002,0.7014926429408254,0.009944483874470595,0.15929386203447393,4.1485741138074536e-7,0.0,0.0,
2022/04/12 03:20,20.113514405991623,0.672426923227205,0.009876588239075989,19.76385377361845,0.6907028056392323,0.009928362243652919,1.5887527850077279,-1.439802846979176e-6,-0.0,19.473333333333358,0.7031541840783396,0.009926520064582752,0.16280259223526627,4.3151958268928164e-7,0.0,0.0,
2022/04/12 03:30,20.095304649173045,0.6718209477691,0.009856255106419657,19.740827289974504,0.6906003269738461,0.00991246350249522,1.6625473871260967,-1.4306433680556148e-6,-0.0,19.406666666666638,0.7048189320878564,0.009908557275953267,0.17053109300832148,4.555013028218735e-7,0.0,0.0,
2022/04/12 03:40,20.075787477875622,0.6712330058801304,0.009835414525042432,19.713824026787734,0.6904860426266085,0.009893934156368541,1.8206533481372844,-1.4038426142446775e-6,-0.0,19.339999999999975,0.706486884194676,0.009890595508495052,0.179917458594673,4.822531902391126e-7,0.0,0.0,
2022/04/12 03:50,20.055564135684506,0.670670799592652,0.00981455588688049,19.68404457221493,0.6903881173275149,0.009873944605488962,2.0360380693358593,-1.3684543468178875e-6,-0.0,19.273333333333312,0.708158037516368,0.009872634762121035,0.18936602752432918,5.089505724166678e-7,0.0,0.0,
2022/04/12 04:00,20.0350119927146,0.6701367181573796,0.009793948191337042,19.652134331524167,0.6903223554363906,0.009853133266619653,2.28671985452479,-1.330931691305028e-6,-0.0,19.20666666666665,0.7098323890616206,0.009854675036744141,0.19799972763280493,5.340496930117484e-7,0.0,0.0,
2022/04/12 04:10,20.01443539227921,0.6696032454800169,0.009773370111498862,19.61708854005343,0.6901511348620583,0.009828890404376069,2.452812389482802,-1.2431559392952951e-6,-0.0,19.170000000000016,0.7085219733228262,0.009813384559147653,0.13046700652284926,4.1187010876857124e-7,0.0,0.0,
2022/04/12 04:20,19.99379340151279,0.6690504793394323,0.00975250187259212,19.580902584284843,0.689740680290011,0.00980054312126658,2.5961774532078157,-1.1311653068112083e-6,-0.0,19.136666666666656,0.7068706734406643,0.009769507503604755,0.05544681740275337,2.7507798336188084e-7,0.0,0.0,
2022/04/12 04:30,19.97307942824068,0.6684841404561584,0.009731425359580987,19.544703506682197,0.6891362077155412,0.009769467310679649,2.7393513416268434,-1.0154257429229983e-6,-0.0,19.103333333333353,0.7052098139181091,0.009725636541830562,-0.01887442580300558,1.395214525642675e-7,0.0,0.0,
2022/04/12 04:40,19.952284795856315,0.667905847831435,0.009710160200837327,19.508780372428532,0.6883696580998753,0.009736319109680248,2.8784037801244726,-8.992395643163058e-7,-0.0,19.069999999999993,0.7035393579954762,0.00968177167255568,-0.09256072549123928,5.080844517099778e-9,0.0,0.0,
2022/04/12 04:50,19.931375026503133,0.667315966833465,0.009688691723071834,19.473247842360934,0.6874654865166963,0.009701533763808539,3.0104417712925624,-7.841932005108211e-7,-0.0,19.03666666666669,0.7018592687809189,0.009637912894511071,-0.16556424357531796,-1.2816195189951218e-7,0.0,0.0,
2022/04/12 05:00,19.910300637786747,0.6667143472223854,0.009666988681278176,19.438147460883215,0.6864430509634295,0.00966542450468574,3.1338172323626172,-6.709807642053564e-7,-0.0,19.00333333333333,0.7001695092499223,0.00959406020642805,-0.23778310992815932,-2.600280696107439e-7,0.0,0.0,
2022/04/12 05:10,19.891788335895228,0.6661614059015348,0.009647596805254208,19.437722294078924,0.6856566610627632,0.009653920596189747,3.089381718239111,-7.45546028354284e-7,-0.0,19.07499999999999,0.6984980005112672,0.009614367981700364,-0.10834249612526037,-3.830965138002608e-8,0.0,0.0,
2022/04/12 05:20,19.878052278107987,0.6656812991956793,0.009632202227973974,19.458065018298726,0.6852705206332846,0.009660807065327452,2.85934134451793,-9.073814843201888e-7,-0.0,19.15833333333336,0.6968298861503767,0.009641806589827122,0.03131499781125058,2.009856205646544e-7,0.0,0.0,
2022/04/12 05:30,19.867676047559428,0.6652412722104792,0.009619449887169828,19.485047893225783,0.6851193722440617,0.009675118949944916,2.5126449195795435,-1.0934990230651054e-6,-0.0,19.241666666666674,0.695162626903712,0.009669247582034933,0.16236525961335246,4.2495650791410784e-7,0.0,0.0,
2022/04/12 05:40,19.859716391889833,0.664825023386823,0.009608520858997239,19.51574225271486,0.6851207491143543,0.009693911316192749,2.0877910867346827,-1.2903485609548087e-6,-0.0,19.32499999999999,0.6934962640273553,0.009696690958634534,0.2874783894419579,6.383488470393592e-7,0.0,0.0,
2022/04/12 05:50,19.853542968455088,0.6644243311265228,0.009598908152908116,19.548898910029834,0.685222535033335,0.00971569215643448,1.6141357274364054,-1.4888128594505421e-6,-0.0,19.40833333333336,0.6918308382118531,0.00972413671993671,0.40830742972502776,8.440919465238478e-7,0.0,0.0,
2022/04/12 06:00,19.848764138761226,0.6640363397977498,0.00959032993977376,19.58387184833788,0.6853891704287023,0.009739569558899042,1.1148490397260957,-1.6827466289634296e-6,-0.0,19.491666666666674,0.6901663895883033,0.009751584866252308,0.5257712846457707,1.043805992133986e-6,0.0,0.0,
2022/04/12 06:10,19.842254372441175,0.663641422878787,0.009580610155683034,19.588387982160327,0.6854847337151326,0.009743725767572316,0.9212998705129394,-1.7633467480118276e-6,-0.0,19.42500000000001,0.6929586598717559,0.009750502219234566,0.5539326484797584,1.107990642461151e-6,0.0,0.0,
2022/04/12 06:20,19.831863234083585,0.6632433482939388,0.009568511239795288,19.573452829696464,0.6855580307291221,0.009735602050179261,0.9512399729823074,-1.7921803279130116e-6,-0.0,19.34166666666664,0.6962630311178035,0.0097462493927008,0.5795148032027555,1.1699702217365037e-6,0.0,0.0,
2022/04/12 06:30,19.81896167398321,0.6628632036650668,0.009555175376209693,19.551478524097092,0.6857051809120794,0.009724226022250558,1.0981409888847793,-1.801430389720864e-6,-0.0,19.258333333333326,0.6995853714869067,0.009741996623425115,0.6091302094930597,1.238913720091665e-6,0.0,0.0,
2022/04/12 06:40,19.80443545184221,0.6625119715341165,0.00954130077042929,19.525000552588097,0.685957281153862,0.009711608152922012,1.3274580863856045,-1.7997842466690948e-6,-0.0,19.17500000000001,0.7029257897853887,0.00973774391140636,0.6405023700476704,1.310788426956669e-6,0.0,0.0,
2022/04/12 06:50,19.788890857390413,0.6621947340453359,0.009527328313982682,19.49514480740197,0.6863256095470136,0.009698601493724219,1.6131909378884757,-1.7938557146988695e-6,-0.0,19.09166666666664,0.7062843955417832,0.009733491256643377,0.6721937591380538,1.383056687414457e-6,0.0,0.0,
2022/04/12 07:00,19.77271875028663,0.6619123421441615,0.00951350567829669,19.46254401947789,0.6868124497111135,0.009685623396022,1.93427885575602,-1.7885320709531774e-6,-0.0,19.008333333333326,0.709661299012028,0.009729238659135008,0.7033968446905874,1.4543025529614677e-6,0.0,0.0,
2022/04/12 07:10,19.756283181920537,0.6616224238848527,0.009499433023718465,19.42544455612756,0.6871925088821914,0.009668378162375757,2.118178197498537,-1.7072855453218826e-6,-0.0,18.970000000000027,0.7085220176207397,0.009689795856996744,0.6206775419957467,1.3051777986255897e-6,0.0,0.0,
2022/04/12 07:20,19.73948822478127,0.6612958055362471,0.009484629190176896,19.386758620517867,0.6872520869195113,0.009645619170126716,2.265241190970073,-1.588543385078356e-6,-0.0,18.936666666666667,0.7068707487918137,0.00964644868095918,0.5276120451469524,1.1357320338569344e-6,0.0,0.0,
2022/04/12 07:30,19.72234029988516,0.6609427930986259,0.009469250571130735,19.34813377745553,0.6870531425478766,0.009619269107661131,2.4132765558738356,-1.4627412232982423e-6,-0.0,18.903333333333308,0.7052099010734956,0.009603107453565247,0.4364400305353229,9.696713775877986e-7,0.0,0.0,
2022/04/12 07:40,19.7048614109205,0.6605674793887695,0.009453371954201605,19.309962641953177,0.6866388284144366,0.009590205097681704,2.558286070690201,-1.334687788122332e-6,-0.0,18.870000000000005,0.7035394375749038,0.009559772173590516,0.34691764931676516,8.065499653784464e-7,0.0,0.0,
2022/04/12 07:50,19.687042300482062,0.6601718879129134,0.009437019201446666,19.27238921484502,0.6860419904220845,0.00955899905599667,2.6968081892744067,-1.2069022931999563e-6,-0.0,18.836666666666645,0.701859321272329,0.00951644283981088,0.2589605743271477,6.46210838957201e-7,0.0,0.0,
2022/04/12 08:00,19.668852085650144,0.6597569917541662,0.009420190052988478,19.235457793611204,0.6852885544516238,0.009526059001783632,2.8266106106434563,-1.0806898880222476e-6,-0.0,18.80333333333334,0.7001695150087478,0.009473119451002578,0.17257616990127644,4.88662465474295e-7,0.0,0.0,
2022/04/12 08:10,19.651790794185615,0.6593716799483126,0.00940448375529543,19.219409043513963,0.6846674167282464,0.009507633812346393,2.9089389798747334,-1.0886600370842612e-6,-0.0,18.814999999999998,0.7000015293602391,0.009477827618029995,0.23913748108634536,6.062877654642427e-7,0.0,0.0,
2022/04/12 08:20,19.637181275776697,0.6590389045384925,0.009391010991892434,19.215467631705565,0.684353957669776,0.009500844820339001,2.895731277368441,-1.1614223281450308e-6,-0.0,18.83166666666665,0.700002593545433,0.009487872564926397,0.3158169167234064,7.422228841398289e-7,0.0,0.0,
2022/04/12 08:30,19.62421351332563,0.658735644053414,0.009378951900168141,19.21506808723086,0.6842408559940097,0.009499010514573804,2.811127094377639,-1.2533458857172447e-6,-0.0,18.848333333333358,0.7000029907179127,0.009497917831398748,0.387888121362721,8.699500338295879e-7,0.0,0.0,
2022/04/12 08:40,19.61232891583262,0.6584503714711744,0.009367805393021195,19.21643022312719,0.6842721576852717,0.009500270456844005,2.677256549184222,-1.3551750988873609e-6,-0.0,18.86500000000001,0.7000027224448011,0.009507963417462302,0.45698488829566486,9.923821885415295e-7,0.0,0.0,
2022/04/12 08:50,19.601152943783006,0.6581769957084028,0.009357259772379908,19.218806589686608,0.6844112720838651,0.009503660240377992,2.5116112810275126,-1.4607415228075853e-6,-0.0,18.88166666666666,0.7000017902901935,0.009518009323132307,0.5241235083542506,1.1113263164043414e-6,0.0,0.0,
2022/04/12 09:00,19.59045434380289,0.6579130339158552,0.009347141183736331,19.221821988993042,0.6846323914691987,0.00950859156893819,2.328187412298917,-1.5658810550607425e-6,-0.0,18.898333333333312,0.7000001958151273,0.009528055548424017,0.58987083377815,1.2277859730294515e-6,0.0,0.0,
2022/04/12 09:10,19.577690043573227,0.6577021888408061,0.009336580441724201,19.20405406035036,0.6851586513634864,0.009505319826161665,2.606188218837815,-1.7052196348159041e-6,-0.0,18.735000000000014,0.7100842946818251,0.009567729409445062,0.7536606313815355,1.561366907535537e-6,0.0,0.0,
2022/04/12 09:20,19.56154169565042,0.6575842585175308,0.009325376744622233,19.170094193734144,0.6863303730200478,0.009501381283390646,3.117517636511025,-1.8713149369464365e-6,-0.0,18.551666666666677,0.7214573141101802,0.009610700764839098,0.9302982546068961,1.92244172059253e-6,0.0,0.0,
2022/04/12 09:30,19.543101266174915,0.657553941658989,0.009314097925304929,19.127438390235227,0.6881152460135493,0.009500778312725248,3.713310088911612,-2.0445768798193303e-6,-0.0,18.36833333333334,0.7330102504402809,0.009653677968103258,1.1071998805941803,2.2839452885279262e-6,0.0,0.0,
2022/04/12 09:40,19.52299178514386,0.6576076210142077,0.009303057699313328,19.077814979756226,0.6904562236467964,0.009503681635967712,4.365089303676087,-2.2241515945607995e-6,-0.0,18.185000000000002,0.7447460640793122,0.009696661020431365,1.28334264449677,2.644106180799542e-6,0.0,0.0,
2022/04/12 09:50,19.501624367372017,0.6577409435523652,0.009292433172836522,19.022197693753412,0.6932955687142734,0.009509793870622106,5.053129308105326,-2.4104529217387112e-6,-0.0,18.001666666666665,0.756667766757111,0.009739649923017558,1.4581490959233179,3.001935779124349e-6,0.0,0.0,
2022/04/12 10:00,19.479254420357165,0.6579487958007546,0.009282298302244335,18.961295726330377,0.6965794308949325,0.009518713193660256,5.761781674391387,-2.604182598704718e-6,-0.0,17.818333333333328,0.768778422465957,0.009782644677056302,1.6313781042081246,3.357037553239776e-6,0.0,0.0,
2022/04/12 10:10,19.45832166445922,0.6581233813597577,0.009272537074371092,18.910460881635004,0.6997263899615161,0.00953160077370431,5.826739804417684,-2.6482405415958617e-6,-0.0,17.860000000000014,0.7638977345844948,0.0097455115110348,1.542131968305739,3.1780728136307173e-6,0.0,0.0,
2022/04/12 10:20,19.439638842124054,0.6581847334725729,0.009262482353397265,18.869844329081445,0.7020985228642821,0.009539798344283573,5.618323881311086,-2.6064910455708324e-6,-0.0,17.926666666666677,0.7571601447852039,0.009699481258355269,1.4248338371185127,2.942337028486113e-6,0.0,0.0,
2022/04/12 10:30,19.422199593859943,0.6581556749157914,0.009251873810489655,18.83541748603932,0.7037857203075935,0.009542206926494823,5.334032694514121,-2.5423444287098416e-6,-0.0,17.99333333333334,0.7504672285855892,0.009653457712901211,1.309363309853552,2.710364173561342e-6,0.0,0.0,
2022/04/12 10:40,19.405483470979732,0.6580481436723924,0.009240579931102912,18.806313300275406,0.7048700951713621,0.009539496693413517,4.997266724221845,-2.463770490511739e-6,-0.0,18.060000000000002,0.7438186990640505,0.009607440873206736,1.1961491845772798,2.4828487350977676e-6,0.0,0.0,
2022/04/12 10:50,19.389132118276166,0.6578713073081005,0.00922852453988983,18.782008177411058,0.7054200897434169,0.00953233479086574,4.622144663013046,-2.3747376247287368e-6,-0.0,18.126666666666665,0.7372142711821159,0.009561430737806378,1.0854398260414655,2.260182502024732e-6,0.0,0.0,
2022/04/12 11:00,19.372898567261984,0.6576329016613726,0.009215676228226947,18.762098149814392,0.7054926481571004,0.00952128626320161,4.2195486520330405,-2.277376800949202e-6,-0.0,18.193333333333328,0.7306536617716043,0.0095154273052351,0.9773376372072562,2.0425085349952876e-6,0.0,0.0,
2022/04/12 11:10,19.35814645804311,0.6573709541287505,0.00920337050276534,18.76469627910592,0.7052950105330268,0.009520148583250981,3.7035271984143496,-2.2686261558417927e-6,-0.0,18.319999999999993,0.7238428024949398,0.009501792261440134,0.9730033981047654,2.0063127666802247e-6,0.0,0.0,
2022/04/12 11:20,19.346010847480443,0.6571035031403244,0.009192520342820936,18.782271347860274,0.7049344499650103,0.009525831003209351,3.0775712464475196,-2.296942568381685e-6,-0.0,18.45333333333332,0.7170675250745339,0.009491753598942528,0.9756492835015251,1.9823942297375616e-6,0.0,0.0,
2022/04/12 11:30,19.335703823763765,0.6568190281604995,0.009182500312177709,18.806960356102763,0.7043625219481474,0.009532913615290257,2.38721317571617,-2.3310325820457826e-6,-0.0,18.586666666666645,0.710361039215956,0.009481715255598863,0.9755895749872252,1.9538962096067976e-6,0.0,0.0,
2022/04/12 11:40,19.326734610779113,0.6565139525137336,0.009172972451056558,18.83693068919729,0.703567779855665,0.00954012280667569,1.6578951709044534,-2.364863970363474e-6,-0.0,18.720000000000027,0.7037225901884756,0.009471677231393917,0.9739261895276741,1.9227649666779938e-6,0.0,0.0,
2022/04/12 11:50,19.318808531434968,0.6561882502623201,0.009163763979427572,18.871281513880263,0.7025501996700835,0.00954690021032232,0.9089643383907742,-2.394524623267872e-6,-0.0,18.853333333333353,0.6971514321550097,0.009461639526312477,0.9712224759293804,1.8899870503218496e-6,0.0,0.0,
2022/04/12 12:00,19.31177810875397,0.6558440675026629,0.009154818697031782,18.90946266819458,0.7013148721776891,0.009552966398722235,0.1555347592841372,-2.41749357954776e-6,-0.0,18.98666666666668,0.6906468280601722,0.00945160214033932,0.9676616749452478,1.855873157184368e-6,0.0,0.0,
2022/04/12 12:10,19.304246570713474,0.6554972630345176,0.00914555275753357,18.938154259083888,0.699935217958254,0.00955124935555566,-0.36969213410372964,-2.428956234450125e-6,-0.0,19.029999999999973,0.688490026700453,0.00944754583325733,0.9846476684142544,1.877414351075453e-6,0.0,0.0,
2022/04/12 12:20,19.2954468092708,0.6551656430439914,0.009135776101993476,18.96064000692786,0.6985563568293631,0.009545745499656264,-0.7600696720373891,-2.4363574630179546e-6,-0.0,19.063333333333333,0.6868164227416486,0.009444154105611037,1.0054657098503412,1.9077836412741253e-6,0.0,0.0,
2022/04/12 12:30,19.28608070894404,0.6548531512246621,0.009125951167000521,18.98149804564622,0.6972038789834141,0.009539586947026047,-1.0851266896537481,-2.438061263684044e-6,-0.0,19.096666666666692,0.6851471692786849,0.009440762414400882,1.0264412851201996,1.938347620662711e-6,0.0,0.0,
2022/04/12 12:40,19.276606510805777,0.6545622461956604,0.009116377224370574,19.001574012566437,0.6958830363920975,0.009533361454707973,-1.3597464801546266,-2.435476086966129e-6,-0.0,19.129999999999995,0.6834822541719804,0.009437370759626276,1.0465986192175478,1.9673853269288355e-6,0.0,0.0,
2022/04/12 12:50,19.26735999605586,0.6542937111759594,0.009107258239091596,19.021212336485462,0.6945938307329171,0.00952727972076453,-1.594842632488849,-2.4301304047143067e-6,-0.0,19.163333333333355,0.6818216653181804,0.009433979141286634,1.0652726848047678,1.9937278538630836e-6,0.0,0.0,
2022/04/12 13:00,19.258581770556646,0.6540469543068618,0.009098723290129609,19.040591252027298,0.6933342536176925,0.009521423439263044,-1.7994237593359232,-2.4233514741916746e-6,-0.0,19.19666666666666,0.6801653906501075,0.009430587559381367,1.0820426202349154,2.016640358659608e-6,0.0,0.0,
2022/04/12 13:10,19.250037561352087,0.6538113452758099,0.009090486538036362,19.0549000586617,0.6920534744056249,0.009512185381221904,-1.9588027619556672,-2.38925638780798e-6,-0.0,19.214999999999975,0.6784935116409281,0.009417974021354612,1.067772120640484,1.985014369477839e-6,0.0,0.0,
2022/04/12 13:20,19.241507261507934,0.6535811189043192,0.009082339705882769,19.066193074550597,0.690726090945081,0.009500456378814148,-2.075133660709412,-2.342907509628495e-6,-0.0,19.231666666666683,0.6768223274356825,0.009404336378981413,1.0498693476465633,1.9469979834238986e-6,0.0,0.0,
2022/04/12 13:30,19.233255078831178,0.6533587326833978,0.009074468848001477,19.07655848012689,0.6893733467240126,0.009487794033735583,-2.162002391849001,-2.293492849680548e-6,-0.0,19.248333333333335,0.6751539722253889,0.009390699325699059,1.0310686819564125,1.90738271140868e-6,0.0,0.0,
2022/04/12 13:40,19.225449193922373,0.6531442524341414,0.009066970729084915,19.086461251274898,0.6880049887201027,0.009474615363527953,-2.2278604585346784,-2.24280227281901e-6,-0.0,19.264999999999986,0.6734884414393979,0.009377062861469372,1.0110546224086647,1.8656152311450784e-6,0.0,0.0,
2022/04/12 13:50,19.218193002394912,0.6529367308571047,0.00905989047111289,19.096114502191085,0.6866266299278839,0.009461127420206493,-2.279045919038367,-2.19189760657296e-6,-0.0,19.281666666666638,0.6718257305145767,0.00936342698625419,0.9896800487770179,1.8214419317399635e-6,0.0,0.0,
2022/04/12 14:00,19.211542060147735,0.6527346634216806,0.009053237867641756,19.105637249838935,0.685241697711407,0.009447449806749157,-2.3204136156823556,-2.141389259976607e-6,-0.0,19.298333333333346,0.6701658348952954,0.009349791700015356,0.9669130290697012,1.7748136240539406e-6,0.0,0.0,
2022/04/12 14:10,19.20554014378081,0.6525211532938432,0.009046799466875782,19.114051492719057,0.6837698922004293,0.009431874131710555,-2.410015425570009,-2.061425924522931e-6,-0.0,19.329999999999984,0.6669739097354513,0.009323235571500702,0.901319228039938,1.6461051140395132e-6,0.0,0.0,
2022/04/12 14:20,19.200089851146913,0.6522850894126658,0.009040362790776076,19.122453198680375,0.6821347417155308,0.009413984016470214,-2.509892014838897,-1.9662744367073984e-6,-0.0,19.363333333333344,0.6636224349209034,0.009295246115763437,0.8310464439130101,1.5085522959289272e-6,0.0,0.0,
2022/04/12 14:30,19.195179525097558,0.6520303114828373,0.009033974850230584,19.131519076430664,0.6803607142624228,0.009394521667959014,-2.6058852124788245,-1.8670169826135787e-6,-0.0,19.396666666666647,0.6602823430522711,0.009267259141718144,0.7606228491843012,1.3708622153308728e-6,0.0,0.0,
2022/04/12 14:40,19.190807987994845,0.6517584343193876,0.009027657292545021,19.141392809258434,0.6784655536816857,0.00937381565122929,-2.6989679525576094,-1.7652672260249e-6,-0.0,19.430000000000007,0.65695359732983,0.009239274649034774,0.6899778617914762,1.2329036256944777e-6,0.0,0.0,
